monitoring_round,global_round,client_id,actual_malicious,source_id,source_name,target_id,target_name,local_probability,round_consensus_probability,frozen_profile_probability
1,5,0,False,0,Benign,0,Benign,0.2975935648050732,0.573497415852359,0.26278178160925625
1,5,0,False,0,Benign,1,BruteForce,0.08062141837964887,0.015239907405422122,0.05988172549568824
1,5,0,False,0,Benign,2,DDoS,0.010686906990807892,0.043119496134618615,0.017071578120114936
1,5,0,False,0,Benign,3,DoS,0.14465084042701198,0.02734166259457328,0.1844970353632558
1,5,0,False,0,Benign,4,Mirai,0.3073654124465107,0.07679030057577585,0.2918442271356306
1,5,0,False,0,Benign,5,Recon,0.11829569811879079,0.0971200713383905,0.14228985307871034
1,5,0,False,0,Benign,6,Spoofing,0.0214177069945849,0.13366819244813227,0.020855983251581833
1,5,0,False,0,Benign,7,Web-Based,0.01936845183757168,0.03322295365072845,0.020777815945762
1,5,0,False,1,BruteForce,0,Benign,0.2667013460798181,0.5530101911387516,0.2656430290659468
1,5,0,False,1,BruteForce,1,BruteForce,0.15123467050097084,0.018209091437895016,0.08753372719811156
1,5,0,False,1,BruteForce,2,DDoS,0.012676779661397884,0.02876273874439528,0.012764178493417473
1,5,0,False,1,BruteForce,3,DoS,0.06246094757607568,0.01987207581756507,0.07678476689708104
1,5,0,False,1,BruteForce,4,Mirai,0.3613546766280145,0.08645599751831622,0.3325634123379524
1,5,0,False,1,BruteForce,5,Recon,0.0969808647946292,0.10308083852710465,0.17508103946245743
1,5,0,False,1,BruteForce,6,Spoofing,0.02150451485559178,0.14832315408622096,0.022715882767572422
1,5,0,False,1,BruteForce,7,Web-Based,0.02708619990350207,0.04228591272975109,0.026913963777460977
1,5,0,False,2,DDoS,0,Benign,0.07317859487430367,0.20816436059593008,0.10478185413533818
1,5,0,False,2,DDoS,1,BruteForce,0.03128867959908676,0.01414739561722428,0.03363773507810239
1,5,0,False,2,DDoS,2,DDoS,0.5038021403725307,0.569442247724438,0.4555644832146435
1,5,0,False,2,DDoS,3,DoS,0.17191981865614306,0.02281374783567741,0.16267828503382503
1,5,0,False,2,DDoS,4,Mirai,0.13923142581122266,0.06229834599640794,0.13805545173557351
1,5,0,False,2,DDoS,5,Recon,0.057846164753231816,0.053781648011064914,0.07114814746332884
1,5,0,False,2,DDoS,6,Spoofing,0.010853901568623215,0.04853663698315473,0.014144695575032938
1,5,0,False,2,DDoS,7,Web-Based,0.011879274364858127,0.02081561723610283,0.019989347764155587
1,5,0,False,3,DoS,0,Benign,0.02242749485416545,0.1462564901031221,0.031183219318431078
1,5,0,False,3,DoS,1,BruteForce,0.016992259712495083,0.021825651853915037,0.016828722475000998
1,5,0,False,3,DoS,2,DDoS,0.01556672979136483,0.1478768272685706,0.02177625241987036
1,5,0,False,3,DoS,3,DoS,0.890166537797726,0.47967165587532473,0.8446218761534362
1,5,0,False,3,DoS,4,Mirai,0.029001454214028843,0.067570959226634,0.0431461770917808
1,5,0,False,3,DoS,5,Recon,0.015075129968997805,0.040706704980607515,0.026358258254224377
1,5,0,False,3,DoS,6,Spoofing,0.006214542013289015,0.07081659006585032,0.00856158772017071
1,5,0,False,3,DoS,7,Web-Based,0.004555851647933012,0.025275120625975558,0.007523906567085566
1,5,0,False,4,Mirai,0,Benign,0.23349580140546525,0.5649976856675359,0.25716740971373475
1,5,0,False,4,Mirai,1,BruteForce,0.07373916104467487,0.01673264548524561,0.06214343396007815
1,5,0,False,4,Mirai,2,DDoS,0.013185380428115193,0.040723773285228554,0.01386823720359379
1,5,0,False,4,Mirai,3,DoS,0.09653405202428504,0.02355483245223879,0.149772069756984
1,5,0,False,4,Mirai,4,Mirai,0.48118618690643267,0.11150974176294375,0.3716587945662579
1,5,0,False,4,Mirai,5,Recon,0.06500896914655215,0.07204609277172416,0.10328053476161966
1,5,0,False,4,Mirai,6,Spoofing,0.020154647071316076,0.13683180389689895,0.02136984537726492
1,5,0,False,4,Mirai,7,Web-Based,0.01669580197315881,0.03360342467818418,0.020739674660466896
1,5,0,False,5,Recon,0,Benign,0.25237842092436086,0.5548561369848063,0.24724985801781527
1,5,0,False,5,Recon,1,BruteForce,0.1398351883139675,0.01859618771492529,0.0851020256366411
1,5,0,False,5,Recon,2,DDoS,0.012023799992794619,0.02791302619571976,0.012058303129683059
1,5,0,False,5,Recon,3,DoS,0.0944496304785754,0.021427074737402286,0.0998195894281689
1,5,0,False,5,Recon,4,Mirai,0.3102745033617927,0.07589497872106667,0.3057203541264973
1,5,0,False,5,Recon,5,Recon,0.14317765214723152,0.11665067689550969,0.20288978965026663
1,5,0,False,5,Recon,6,Spoofing,0.020678489230793375,0.1427924263164684,0.021513182207612613
1,5,0,False,5,Recon,7,Web-Based,0.027182315550483987,0.04186949243410168,0.025646897803315197
1,5,0,False,6,Spoofing,0,Benign,0.2962819316889081,0.5523319563847114,0.27290338038420653
1,5,0,False,6,Spoofing,1,BruteForce,0.09826680257170146,0.01613844425448664,0.06470870055203756
1,5,0,False,6,Spoofing,2,DDoS,0.010986746163201002,0.027484732055808304,0.012183481902706246
1,5,0,False,6,Spoofing,3,DoS,0.09245930131933765,0.022533686410621017,0.14846015901941642
1,5,0,False,6,Spoofing,4,Mirai,0.3093027825898929,0.07754925539233999,0.2955883962719409
1,5,0,False,6,Spoofing,5,Recon,0.1440619644621172,0.1070229650672682,0.16073231861293877
1,5,0,False,6,Spoofing,6,Spoofing,0.024908604767185937,0.16003214656559583,0.022702443629196753
1,5,0,False,6,Spoofing,7,Web-Based,0.023731866437655767,0.036906813869168484,0.02272111962755682
1,5,0,False,7,Web-Based,0,Benign,0.27845188607725585,0.5663043329388232,0.2828623583119801
1,5,0,False,7,Web-Based,1,BruteForce,0.08608327884364833,0.016433906760677235,0.06785994904824477
1,5,0,False,7,Web-Based,2,DDoS,0.011787640232950225,0.029383814996871288,0.014249287961015595
1,5,0,False,7,Web-Based,3,DoS,0.07528884933707175,0.020159373483540972,0.10621673236144319
1,5,0,False,7,Web-Based,4,Mirai,0.4048162654794107,0.08681881107320681,0.34482029681020887
1,5,0,False,7,Web-Based,5,Recon,0.10076805296705947,0.10073196175588994,0.13843233178161277
1,5,0,False,7,Web-Based,6,Spoofing,0.021716287184626475,0.143281551626037,0.022295377231029485
1,5,0,False,7,Web-Based,7,Web-Based,0.021087739877977248,0.03688624736495348,0.023263666494465214
1,5,1,True,0,Benign,0,Benign,0.5010287746132206,0.573497415852359,0.013568399554844724
1,5,1,True,0,Benign,1,BruteForce,0.0061385555288584965,0.015239907405422122,0.008605934639372665
1,5,1,True,0,Benign,2,DDoS,0.03488908533979917,0.043119496134618615,0.07444771125811747
1,5,1,True,0,Benign,3,DoS,0.014412245663707945,0.02734166259457328,0.018250106949369942
1,5,1,True,0,Benign,4,Mirai,0.05434966024752097,0.07679030057577585,0.10807574100270502
1,5,1,True,0,Benign,5,Recon,0.164048877049581,0.0971200713383905,0.2907260211972004
1,5,1,True,0,Benign,6,Spoofing,0.2197099560787317,0.13366819244813227,0.47608512375763967
1,5,1,True,0,Benign,7,Web-Based,0.005422845478580174,0.03322295365072845,0.010240961640750088
1,5,1,True,1,BruteForce,0,Benign,0.48508432789287687,0.5530101911387516,0.012838263384921755
1,5,1,True,1,BruteForce,1,BruteForce,0.006012100836063542,0.018209091437895016,0.008322975190072216
1,5,1,True,1,BruteForce,2,DDoS,0.02386124637328295,0.02876273874439528,0.0486947483017159
1,5,1,True,1,BruteForce,3,DoS,0.008265663548034192,0.01987207581756507,0.011921294151150431
1,5,1,True,1,BruteForce,4,Mirai,0.058878231028091865,0.08645599751831622,0.1105990736221884
1,5,1,True,1,BruteForce,5,Recon,0.16928278182563114,0.10308083852710465,0.29782863486713473
1,5,1,True,1,BruteForce,6,Spoofing,0.24328842933509262,0.14832315408622096,0.5004098369481974
1,5,1,True,1,BruteForce,7,Web-Based,0.005327219160926995,0.04228591272975109,0.00938517353461923
1,5,1,True,2,DDoS,0,Benign,0.4401123851209989,0.20816436059593008,0.010789170177697706
1,5,1,True,2,DDoS,1,BruteForce,0.00654691131813533,0.01414739561722428,0.008010163860307824
1,5,1,True,2,DDoS,2,DDoS,0.35617720275785647,0.569442247724438,0.6681850151860528
1,5,1,True,2,DDoS,3,DoS,0.014425335077221395,0.02281374783567741,0.02380207038049753
1,5,1,True,2,DDoS,4,Mirai,0.03164812539760672,0.06229834599640794,0.04539266732934675
1,5,1,True,2,DDoS,5,Recon,0.06685577871905914,0.053781648011064914,0.10933311795857123
1,5,1,True,2,DDoS,6,Spoofing,0.07867551826700081,0.04853663698315473,0.12801525908105618
1,5,1,True,2,DDoS,7,Web-Based,0.005558743342121216,0.02081561723610283,0.006472536026470069
1,5,1,True,3,DoS,0,Benign,0.46552445041126234,0.1462564901031221,0.010252218338446022
1,5,1,True,3,DoS,1,BruteForce,0.009925067369024427,0.021825651853915037,0.015216404503898918
1,5,1,True,3,DoS,2,DDoS,0.08932167811494977,0.1478768272685706,0.17155529533872457
1,5,1,True,3,DoS,3,DoS,0.260611774471929,0.47967165587532473,0.5166624340617575
1,5,1,True,3,DoS,4,Mirai,0.034443490292421816,0.067570959226634,0.050020635236841596
1,5,1,True,3,DoS,5,Recon,0.039222082172104634,0.040706704980607515,0.05898538021733843
1,5,1,True,3,DoS,6,Spoofing,0.09391592679034115,0.07081659006585032,0.16568625965394038
1,5,1,True,3,DoS,7,Web-Based,0.007035530377966948,0.025275120625975558,0.011621372649052655
1,5,1,True,4,Mirai,0,Benign,0.5041027596153944,0.5649976856675359,0.014618137705013036
1,5,1,True,4,Mirai,1,BruteForce,0.006049147796575297,0.01673264548524561,0.009102412497405885
1,5,1,True,4,Mirai,2,DDoS,0.033706694203412185,0.040723773285228554,0.08760477884375821
1,5,1,True,4,Mirai,3,DoS,0.013052501294609484,0.02355483245223879,0.02267124101393727
1,5,1,True,4,Mirai,4,Mirai,0.06823244722675946,0.11150974176294375,0.15230992245626365
1,5,1,True,4,Mirai,5,Recon,0.12375708138613013,0.07204609277172416,0.21313913990613298
1,5,1,True,4,Mirai,6,Spoofing,0.24558641444061247,0.13683180389689895,0.4892664164272418
1,5,1,True,4,Mirai,7,Web-Based,0.005512954036506649,0.03360342467818418,0.011287951150247227
1,5,1,True,5,Recon,0,Benign,0.48047591889816116,0.5548561369848063,0.011824808752694154
1,5,1,True,5,Recon,1,BruteForce,0.005951952998434824,0.01859618771492529,0.007794146199475564
1,5,1,True,5,Recon,2,DDoS,0.022463987687194847,0.02791302619571976,0.043844228754022566
1,5,1,True,5,Recon,3,DoS,0.008311329512217495,0.021427074737402286,0.011222183207049409
1,5,1,True,5,Recon,4,Mirai,0.053668449120325055,0.07589497872106667,0.10642451725044536
1,5,1,True,5,Recon,5,Recon,0.22234196459783181,0.11665067689550969,0.38581164237960236
1,5,1,True,5,Recon,6,Spoofing,0.2016808191636296,0.1427924263164684,0.42455073847402264
1,5,1,True,5,Recon,7,Web-Based,0.005105578022205242,0.04186949243410168,0.00852773498268801
1,5,1,True,6,Spoofing,0,Benign,0.4738509847053121,0.5523319563847114,0.012756547625364765
1,5,1,True,6,Spoofing,1,BruteForce,0.006018971015266114,0.01613844425448664,0.00793767673279992
1,5,1,True,6,Spoofing,2,DDoS,0.021440381809770342,0.027484732055808304,0.04094354636442861
1,5,1,True,6,Spoofing,3,DoS,0.009806547221576449,0.022533686410621017,0.013276564153364187
1,5,1,True,6,Spoofing,4,Mirai,0.053771400866002704,0.07754925539233999,0.10214290260601923
1,5,1,True,6,Spoofing,5,Recon,0.18385689494995655,0.1070229650672682,0.30987281749361173
1,5,1,True,6,Spoofing,6,Spoofing,0.24591848876417072,0.16003214656559583,0.5035233321847596
1,5,1,True,6,Spoofing,7,Web-Based,0.005336330667945062,0.036906813869168484,0.009546612839651922
1,5,1,True,7,Web-Based,0,Benign,0.49228366708982424,0.5663043329388232,0.013734158361343934
1,5,1,True,7,Web-Based,1,BruteForce,0.005892709698653564,0.016433906760677235,0.008298821415736183
1,5,1,True,7,Web-Based,2,DDoS,0.024849221440026867,0.029383814996871288,0.05452670758696665
1,5,1,True,7,Web-Based,3,DoS,0.008565821809418046,0.020159373483540972,0.012572142659275492
1,5,1,True,7,Web-Based,4,Mirai,0.06038028378950407,0.08681881107320681,0.12680239855305564
1,5,1,True,7,Web-Based,5,Recon,0.17218606128650585,0.10073196175588994,0.29510931665947837
1,5,1,True,7,Web-Based,6,Spoofing,0.23058776979150852,0.143281551626037,0.47882548768979566
1,5,1,True,7,Web-Based,7,Web-Based,0.005254465094558823,0.03688624736495348,0.010130967074348123
1,5,2,False,0,Benign,0,Benign,0.17754109849380192,0.573497415852359,0.15516749217397513
1,5,2,False,0,Benign,1,BruteForce,0.01962901532486193,0.015239907405422122,0.02020697169099876
1,5,2,False,0,Benign,2,DDoS,0.02091029734660536,0.043119496134618615,0.02483690992421998
1,5,2,False,0,Benign,3,DoS,0.010695526948761441,0.02734166259457328,0.021903132373728325
1,5,2,False,0,Benign,4,Mirai,0.3357035731244751,0.07679030057577585,0.3359140225651714
1,5,2,False,0,Benign,5,Recon,0.371165427821605,0.0971200713383905,0.38273503638041545
1,5,2,False,0,Benign,6,Spoofing,0.03828698278353157,0.13366819244813227,0.03607525256740638
1,5,2,False,0,Benign,7,Web-Based,0.02606807815635768,0.03322295365072845,0.02316118232408474
1,5,2,False,1,BruteForce,0,Benign,0.1664117653319619,0.5530101911387516,0.1467095370191094
1,5,2,False,1,BruteForce,1,BruteForce,0.026084663304170048,0.018209091437895016,0.022985457984859892
1,5,2,False,1,BruteForce,2,DDoS,0.016774674365884305,0.02876273874439528,0.017791320728001596
1,5,2,False,1,BruteForce,3,DoS,0.008499678779666254,0.01987207581756507,0.01686477535592938
1,5,2,False,1,BruteForce,4,Mirai,0.3479889732251588,0.08645599751831622,0.34946964266103686
1,5,2,False,1,BruteForce,5,Recon,0.3623148359092567,0.10308083852710465,0.38500319043422254
1,5,2,False,1,BruteForce,6,Spoofing,0.03709558898673354,0.14832315408622096,0.03336265034182514
1,5,2,False,1,BruteForce,7,Web-Based,0.034829820097168444,0.04228591272975109,0.027813425475015124
1,5,2,False,2,DDoS,0,Benign,0.05712775443313953,0.20816436059593008,0.09243642996206623
1,5,2,False,2,DDoS,1,BruteForce,0.013717673627276052,0.01414739561722428,0.024709175856203476
1,5,2,False,2,DDoS,2,DDoS,0.6022629574491695,0.569442247724438,0.45204813066914906
1,5,2,False,2,DDoS,3,DoS,0.01160532347335824,0.02281374783567741,0.02210006079565015
1,5,2,False,2,DDoS,4,Mirai,0.1569738725119968,0.06229834599640794,0.18417335762347684
1,5,2,False,2,DDoS,5,Recon,0.12882671579184005,0.053781648011064914,0.17897191068459242
1,5,2,False,2,DDoS,6,Spoofing,0.014672961331878821,0.04853663698315473,0.02380177489314433
1,5,2,False,2,DDoS,7,Web-Based,0.014812741381341137,0.02081561723610283,0.021759159515717497
1,5,2,False,3,DoS,0,Benign,0.03745364313270821,0.1462564901031221,0.07423245721019542
1,5,2,False,3,DoS,1,BruteForce,0.0193729082405269,0.021825651853915037,0.030443967390512406
1,5,2,False,3,DoS,2,DDoS,0.1923149888068293,0.1478768272685706,0.12209621095118063
1,5,2,False,3,DoS,3,DoS,0.3959042538140565,0.47967165587532473,0.2235281468682234
1,5,2,False,3,DoS,4,Mirai,0.20693109785848998,0.067570959226634,0.24700607328376994
1,5,2,False,3,DoS,5,Recon,0.10900160185791012,0.040706704980607515,0.24790555799165553
1,5,2,False,3,DoS,6,Spoofing,0.02071495574956698,0.07081659006585032,0.029631423152986853
1,5,2,False,3,DoS,7,Web-Based,0.018306550539912005,0.025275120625975558,0.025156163151475817
1,5,2,False,4,Mirai,0,Benign,0.146049816636657,0.5649976856675359,0.1493377915779523
1,5,2,False,4,Mirai,1,BruteForce,0.018459567554939323,0.01673264548524561,0.01927501948970061
1,5,2,False,4,Mirai,2,DDoS,0.021939454355496872,0.040723773285228554,0.02255940543558527
1,5,2,False,4,Mirai,3,DoS,0.009259750617200361,0.02355483245223879,0.020264412532864148
1,5,2,False,4,Mirai,4,Mirai,0.49883065678945365,0.11150974176294375,0.41690692612713565
1,5,2,False,4,Mirai,5,Recon,0.2480759832656258,0.07204609277172416,0.3150578115032778
1,5,2,False,4,Mirai,6,Spoofing,0.033123905397956586,0.13683180389689895,0.03463700112605171
1,5,2,False,4,Mirai,7,Web-Based,0.024260865382670287,0.03360342467818418,0.021961632207432438
1,5,2,False,5,Recon,0,Benign,0.15310027532105616,0.5548561369848063,0.13991036853333705
1,5,2,False,5,Recon,1,BruteForce,0.02566089592269145,0.01859618771492529,0.022959709159566802
1,5,2,False,5,Recon,2,DDoS,0.016002519085836626,0.02791302619571976,0.01759819314837628
1,5,2,False,5,Recon,3,DoS,0.008894169570729488,0.021427074737402286,0.016998861128553096
1,5,2,False,5,Recon,4,Mirai,0.3045861129991593,0.07589497872106667,0.3418745355520832
1,5,2,False,5,Recon,5,Recon,0.4202738588887208,0.11665067689550969,0.40087168660804506
1,5,2,False,5,Recon,6,Spoofing,0.03808661226121682,0.1427924263164684,0.032696458412240906
1,5,2,False,5,Recon,7,Web-Based,0.033395555950589406,0.04186949243410168,0.027090187457797683
1,5,2,False,6,Spoofing,0,Benign,0.16693908038814534,0.5523319563847114,0.14999845851380175
1,5,2,False,6,Spoofing,1,BruteForce,0.021300185201275943,0.01613844425448664,0.020894841280412003
1,5,2,False,6,Spoofing,2,DDoS,0.01503575668223251,0.027484732055808304,0.01908801949955038
1,5,2,False,6,Spoofing,3,DoS,0.009389606752928544,0.022533686410621017,0.01990548896326303
1,5,2,False,6,Spoofing,4,Mirai,0.2985043125282221,0.07754925539233999,0.31733955553989673
1,5,2,False,6,Spoofing,5,Recon,0.42122911718796074,0.1070229650672682,0.4104761713150622
1,5,2,False,6,Spoofing,6,Spoofing,0.03929940629749646,0.16003214656559583,0.03817166657681523
1,5,2,False,6,Spoofing,7,Web-Based,0.02830253496173828,0.036906813869168484,0.024125798311198696
1,5,2,False,7,Web-Based,0,Benign,0.16657681186220505,0.5663043329388232,0.15534963756362322
1,5,2,False,7,Web-Based,1,BruteForce,0.02107010538783159,0.016433906760677235,0.01998890373401627
1,5,2,False,7,Web-Based,2,DDoS,0.016641905276433805,0.029383814996871288,0.019995455457424424
1,5,2,False,7,Web-Based,3,DoS,0.008648307170565141,0.020159373483540972,0.017779293256949942
1,5,2,False,7,Web-Based,4,Mirai,0.37387046263896906,0.08681881107320681,0.3703569074777412
1,5,2,False,7,Web-Based,5,Recon,0.3491560155333859,0.10073196175588994,0.3576040454011711
1,5,2,False,7,Web-Based,6,Spoofing,0.03539420599341787,0.143281551626037,0.03456511848490651
1,5,2,False,7,Web-Based,7,Web-Based,0.028642186137191526,0.03688624736495348,0.024360638624167468
1,5,3,False,0,Benign,0,Benign,0.14869131955902334,0.573497415852359,0.11885254276976849
1,5,3,False,0,Benign,1,BruteForce,0.3535897596857199,0.015239907405422122,0.34183347738017056
1,5,3,False,0,Benign,2,DDoS,0.09170467969959235,0.043119496134618615,0.12378352278465309
1,5,3,False,0,Benign,3,DoS,0.030096191367810735,0.02734166259457328,0.044653900704609784
1,5,3,False,0,Benign,4,Mirai,0.2181597371447507,0.07679030057577585,0.22325900240316113
1,5,3,False,0,Benign,5,Recon,0.09223013322461314,0.0971200713383905,0.09131375981835803
1,5,3,False,0,Benign,6,Spoofing,0.027147228157065505,0.13366819244813227,0.02743729080595953
1,5,3,False,0,Benign,7,Web-Based,0.03838095116142441,0.03322295365072845,0.02886650333331943
1,5,3,False,1,BruteForce,0,Benign,0.11140788695901706,0.5530101911387516,0.10422845740096678
1,5,3,False,1,BruteForce,1,BruteForce,0.4815459306675301,0.018209091437895016,0.4420364598311267
1,5,3,False,1,BruteForce,2,DDoS,0.05983768109694582,0.02876273874439528,0.06434640405943129
1,5,3,False,1,BruteForce,3,DoS,0.030760674973764893,0.01987207581756507,0.04339879802482092
1,5,3,False,1,BruteForce,4,Mirai,0.17855393648510196,0.08645599751831622,0.20464662397004163
1,5,3,False,1,BruteForce,5,Recon,0.06513192524178917,0.10308083852710465,0.08160172798012294
1,5,3,False,1,BruteForce,6,Spoofing,0.02789262105094266,0.14832315408622096,0.028321106426362385
1,5,3,False,1,BruteForce,7,Web-Based,0.04486934352490821,0.04228591272975109,0.03142042230712738
1,5,3,False,2,DDoS,0,Benign,0.04542456273873141,0.20816436059593008,0.05418656669811476
1,5,3,False,2,DDoS,1,BruteForce,0.12050808167887873,0.01414739561722428,0.13362710600047714
1,5,3,False,2,DDoS,2,DDoS,0.6445061468272508,0.569442247724438,0.6084341304810735
1,5,3,False,2,DDoS,3,DoS,0.025198578432699938,0.02281374783567741,0.029694312183729966
1,5,3,False,2,DDoS,4,Mirai,0.08366828224663304,0.06229834599640794,0.0876212099996208
1,5,3,False,2,DDoS,5,Recon,0.05263683336373299,0.053781648011064914,0.05046877631761053
1,5,3,False,2,DDoS,6,Spoofing,0.0115173782118889,0.04853663698315473,0.016799953749613523
1,5,3,False,2,DDoS,7,Web-Based,0.01654013650018405,0.02081561723610283,0.01916794456975978
1,5,3,False,3,DoS,0,Benign,0.029779664297992618,0.1462564901031221,0.049824806740559134
1,5,3,False,3,DoS,1,BruteForce,0.11305246982234399,0.021825651853915037,0.15871638978004346
1,5,3,False,3,DoS,2,DDoS,0.25064399037156193,0.1478768272685706,0.2739374321325671
1,5,3,False,3,DoS,3,DoS,0.42579901166424844,0.47967165587532473,0.2839548812108047
1,5,3,False,3,DoS,4,Mirai,0.12111648821115185,0.067570959226634,0.14274198998363813
1,5,3,False,3,DoS,5,Recon,0.027666820756832734,0.040706704980607515,0.046865274202214556
1,5,3,False,3,DoS,6,Spoofing,0.015354881149490896,0.07081659006585032,0.018854402550887935
1,5,3,False,3,DoS,7,Web-Based,0.016586673726377614,0.025275120625975558,0.02510482339928486
1,5,3,False,4,Mirai,0,Benign,0.1067337102748769,0.5649976856675359,0.10394801873029945
1,5,3,False,4,Mirai,1,BruteForce,0.364705204015696,0.01673264548524561,0.3662581022185664
1,5,3,False,4,Mirai,2,DDoS,0.0953556569842432,0.040723773285228554,0.10740728079125414
1,5,3,False,4,Mirai,3,DoS,0.028148105740053175,0.02355483245223879,0.04208730839404158
1,5,3,False,4,Mirai,4,Mirai,0.28671469928961013,0.11150974176294375,0.25034116343665686
1,5,3,False,4,Mirai,5,Recon,0.05574688147012382,0.07204609277172416,0.07377720890383144
1,5,3,False,4,Mirai,6,Spoofing,0.026273705492293367,0.13683180389689895,0.027117561978776256
1,5,3,False,4,Mirai,7,Web-Based,0.03632203673310346,0.03360342467818418,0.029063355546573952
1,5,3,False,5,Recon,0,Benign,0.1048576402911111,0.5548561369848063,0.09756590563366478
1,5,3,False,5,Recon,1,BruteForce,0.47855179229157563,0.01859618771492529,0.4393565922828682
1,5,3,False,5,Recon,2,DDoS,0.05850838673061442,0.02791302619571976,0.06267543526401637
1,5,3,False,5,Recon,3,DoS,0.03151476550271875,0.021427074737402286,0.04463156907363983
1,5,3,False,5,Recon,4,Mirai,0.16868160707568872,0.07589497872106667,0.20565759171174258
1,5,3,False,5,Recon,5,Recon,0.0873031949969819,0.11665067689550969,0.0917340051966015
1,5,3,False,5,Recon,6,Spoofing,0.02619228000711427,0.1427924263164684,0.02682067240807345
1,5,3,False,5,Recon,7,Web-Based,0.044390333104195295,0.04186949243410168,0.03155822842939329
1,5,3,False,6,Spoofing,0,Benign,0.14173027376766395,0.5523319563847114,0.12262083379026725
1,5,3,False,6,Spoofing,1,BruteForce,0.3897305421452865,0.01613844425448664,0.3671513011785513
1,5,3,False,6,Spoofing,2,DDoS,0.05190885785773798,0.027484732055808304,0.07061394487219584
1,5,3,False,6,Spoofing,3,DoS,0.028354293341470754,0.022533686410621017,0.04085530223639366
1,5,3,False,6,Spoofing,4,Mirai,0.21640386443768497,0.07754925539233999,0.2393203767527391
1,5,3,False,6,Spoofing,5,Recon,0.09948443090657118,0.1070229650672682,0.09944266369448852
1,5,3,False,6,Spoofing,6,Spoofing,0.029461868864237444,0.16003214656559583,0.030191004562158057
1,5,3,False,6,Spoofing,7,Web-Based,0.04292586867934729,0.036906813869168484,0.029804572913206245
1,5,3,False,7,Web-Based,0,Benign,0.1375510184302929,0.5663043329388232,0.12166781308232819
1,5,3,False,7,Web-Based,1,BruteForce,0.396409542128435,0.016433906760677235,0.381819740473302
1,5,3,False,7,Web-Based,2,DDoS,0.06215107405854208,0.029383814996871288,0.08681887661962281
1,5,3,False,7,Web-Based,3,DoS,0.027295070359164644,0.020159373483540972,0.03828257697757771
1,5,3,False,7,Web-Based,4,Mirai,0.21927003776114648,0.08681881107320681,0.22489869579251326
1,5,3,False,7,Web-Based,5,Recon,0.08793850989828926,0.10073196175588994,0.08862106663524917
1,5,3,False,7,Web-Based,6,Spoofing,0.027467128221733198,0.143281551626037,0.027871303862086062
1,5,3,False,7,Web-Based,7,Web-Based,0.041917619142396605,0.03688624736495348,0.030019926557320668
1,5,4,False,0,Benign,0,Benign,0.5192865674536868,0.573497415852359,0.5079957351917117
1,5,4,False,0,Benign,1,BruteForce,0.01653710049640663,0.015239907405422122,0.01748946183137613
1,5,4,False,0,Benign,2,DDoS,0.015794801851013396,0.043119496134618615,0.021068978105766273
1,5,4,False,0,Benign,3,DoS,0.048323840762524356,0.02734166259457328,0.11805400248392045
1,5,4,False,0,Benign,4,Mirai,0.05841381936389936,0.07679030057577585,0.051857750097300044
1,5,4,False,0,Benign,5,Recon,0.05448173187132087,0.0971200713383905,0.044870356461185056
1,5,4,False,0,Benign,6,Spoofing,0.14907494414150424,0.13366819244813227,0.12974401873056032
1,5,4,False,0,Benign,7,Web-Based,0.13808719405964437,0.03322295365072845,0.10891969709817997
1,5,4,False,1,BruteForce,0,Benign,0.4866684617816397,0.5530101911387516,0.5389955761261209
1,5,4,False,1,BruteForce,1,BruteForce,0.0196741106396605,0.018209091437895016,0.017308943523206857
1,5,4,False,1,BruteForce,2,DDoS,0.015629728471716633,0.02876273874439528,0.019094587480338956
1,5,4,False,1,BruteForce,3,DoS,0.030364507013589892,0.01987207581756507,0.046011712086405
1,5,4,False,1,BruteForce,4,Mirai,0.06333233165871505,0.08645599751831622,0.05660047445349295
1,5,4,False,1,BruteForce,5,Recon,0.05663569520789241,0.10308083852710465,0.04878325819914148
1,5,4,False,1,BruteForce,6,Spoofing,0.14596975430691553,0.14832315408622096,0.13701215473952064
1,5,4,False,1,BruteForce,7,Web-Based,0.18172541091987035,0.04228591272975109,0.13619329339177316
1,5,4,False,2,DDoS,0,Benign,0.16169786302369152,0.20816436059593008,0.24393959575792235
1,5,4,False,2,DDoS,1,BruteForce,0.01778219047634298,0.01414739561722428,0.022141041236417712
1,5,4,False,2,DDoS,2,DDoS,0.5664021135921583,0.569442247724438,0.4235565978710404
1,5,4,False,2,DDoS,3,DoS,0.07471770143784377,0.02281374783567741,0.10550288890410102
1,5,4,False,2,DDoS,4,Mirai,0.03223675152258298,0.06229834599640794,0.038561222616288644
1,5,4,False,2,DDoS,5,Recon,0.026050939022374108,0.053781648011064914,0.031050563041224537
1,5,4,False,2,DDoS,6,Spoofing,0.05690328168297893,0.04853663698315473,0.06882433656623298
1,5,4,False,2,DDoS,7,Web-Based,0.06420915924202754,0.02081561723610283,0.06642375400677236
1,5,4,False,3,DoS,0,Benign,0.061029159311606754,0.1462564901031221,0.07787514820812906
1,5,4,False,3,DoS,1,BruteForce,0.01177124418336943,0.021825651853915037,0.018979474854902208
1,5,4,False,3,DoS,2,DDoS,0.027999071130547875,0.1478768272685706,0.028906935572254794
1,5,4,False,3,DoS,3,DoS,0.7945207096573779,0.47967165587532473,0.7484607123074821
1,5,4,False,3,DoS,4,Mirai,0.019059946838564136,0.067570959226634,0.023447361734180414
1,5,4,False,3,DoS,5,Recon,0.011776982428789317,0.040706704980607515,0.01725485135104091
1,5,4,False,3,DoS,6,Spoofing,0.045705547433883456,0.07081659006585032,0.04805986709779222
1,5,4,False,3,DoS,7,Web-Based,0.02813733901586122,0.025275120625975558,0.03701564887421835
1,5,4,False,4,Mirai,0,Benign,0.4837823842511088,0.5649976856675359,0.4965879247066158
1,5,4,False,4,Mirai,1,BruteForce,0.01787998976234919,0.01673264548524561,0.01775053418160157
1,5,4,False,4,Mirai,2,DDoS,0.01663908822162137,0.040723773285228554,0.01977268644247351
1,5,4,False,4,Mirai,3,DoS,0.06693086192207931,0.02355483245223879,0.12263830614322681
1,5,4,False,4,Mirai,4,Mirai,0.07847645838621703,0.11150974176294375,0.05638430205370269
1,5,4,False,4,Mirai,5,Recon,0.04499932996927299,0.07204609277172416,0.04138758345937428
1,5,4,False,4,Mirai,6,Spoofing,0.1485265047403413,0.13683180389689895,0.1311358886537027
1,5,4,False,4,Mirai,7,Web-Based,0.1427653827470099,0.03360342467818418,0.11434277435930258
1,5,4,False,5,Recon,0,Benign,0.47661098011837455,0.5548561369848063,0.5312455447983859
1,5,4,False,5,Recon,1,BruteForce,0.019914305642671895,0.01859618771492529,0.0175746854967464
1,5,4,False,5,Recon,2,DDoS,0.015654966452491086,0.02791302619571976,0.019201740904951983
1,5,4,False,5,Recon,3,DoS,0.031581666742172804,0.021427074737402286,0.051801502990743445
1,5,4,False,5,Recon,4,Mirai,0.05933152274281787,0.07589497872106667,0.05578130400813185
1,5,4,False,5,Recon,5,Recon,0.07332494833275369,0.11665067689550969,0.0544097450669764
1,5,4,False,5,Recon,6,Spoofing,0.13505657919072953,0.1427924263164684,0.13279172107750647
1,5,4,False,5,Recon,7,Web-Based,0.1885250307779886,0.04186949243410168,0.13719375565655736
1,5,4,False,6,Spoofing,0,Benign,0.5129373098042047,0.5523319563847114,0.5367291950120796
1,5,4,False,6,Spoofing,1,BruteForce,0.016806260780945347,0.01613844425448664,0.017387891299526708
1,5,4,False,6,Spoofing,2,DDoS,0.015204583175179991,0.027484732055808304,0.019919672538647067
1,5,4,False,6,Spoofing,3,DoS,0.03200792147685581,0.022533686410621017,0.07140899313666473
1,5,4,False,6,Spoofing,4,Mirai,0.058194657802241964,0.07754925539233999,0.05230154226277583
1,5,4,False,6,Spoofing,5,Recon,0.0551936740515744,0.1070229650672682,0.04718666696582754
1,5,4,False,6,Spoofing,6,Spoofing,0.16176743877989735,0.16003214656559583,0.1407045503825967
1,5,4,False,6,Spoofing,7,Web-Based,0.1478881541291004,0.036906813869168484,0.11436148840188197
1,5,4,False,7,Web-Based,0,Benign,0.5126345839876542,0.5663043329388232,0.5452923947553538
1,5,4,False,7,Web-Based,1,BruteForce,0.01789638873883006,0.016433906760677235,0.017324480126832013
1,5,4,False,7,Web-Based,2,DDoS,0.015523536644122544,0.029383814996871288,0.020624852395507213
1,5,4,False,7,Web-Based,3,DoS,0.02831301498934696,0.020159373483540972,0.051402003499636945
1,5,4,False,7,Web-Based,4,Mirai,0.06479504381374239,0.08681881107320681,0.05589367899116845
1,5,4,False,7,Web-Based,5,Recon,0.054348984273133144,0.10073196175588994,0.04665063687173556
1,5,4,False,7,Web-Based,6,Spoofing,0.14106544062274842,0.143281551626037,0.134926452910806
1,5,4,False,7,Web-Based,7,Web-Based,0.1654230069304223,0.03688624736495348,0.12788550044896002
1,5,5,False,0,Benign,0,Benign,0.4334180728760686,0.573497415852359,0.3783280723088211
1,5,5,False,0,Benign,1,BruteForce,0.012607479724028516,0.015239907405422122,0.017547510079094965
1,5,5,False,0,Benign,2,DDoS,0.040693434848790434,0.043119496134618615,0.051107934128251306
1,5,5,False,0,Benign,3,DoS,0.011794475009035887,0.02734166259457328,0.01959878619832978
1,5,5,False,0,Benign,4,Mirai,0.019638790708675528,0.07679030057577585,0.02363074014508072
1,5,5,False,0,Benign,5,Recon,0.08418826710469351,0.0971200713383905,0.0744806952042887
1,5,5,False,0,Benign,6,Spoofing,0.3804700124485296,0.13366819244813227,0.41640980896830043
1,5,5,False,0,Benign,7,Web-Based,0.017189467280177905,0.03322295365072845,0.018896452967833058
1,5,5,False,1,BruteForce,0,Benign,0.44833992287524105,0.5530101911387516,0.4220793397155259
1,5,5,False,1,BruteForce,1,BruteForce,0.013662549870156731,0.018209091437895016,0.017452424571843622
1,5,5,False,1,BruteForce,2,DDoS,0.023899295190232088,0.02876273874439528,0.030756218001764053
1,5,5,False,1,BruteForce,3,DoS,0.011055609018693418,0.01987207581756507,0.019057952971509008
1,5,5,False,1,BruteForce,4,Mirai,0.019383351006942825,0.08645599751831622,0.02385929989556012
1,5,5,False,1,BruteForce,5,Recon,0.08903375364330796,0.10308083852710465,0.0768380145216068
1,5,5,False,1,BruteForce,6,Spoofing,0.37612621091607756,0.14832315408622096,0.3907260856561628
1,5,5,False,1,BruteForce,7,Web-Based,0.018499307479348408,0.04228591272975109,0.019230664666027766
1,5,5,False,2,DDoS,0,Benign,0.1392401389578293,0.20816436059593008,0.15728459891530153
1,5,5,False,2,DDoS,1,BruteForce,0.011849684843951058,0.01414739561722428,0.020081329595853403
1,5,5,False,2,DDoS,2,DDoS,0.6366387084445,0.569442247724438,0.5617724981376889
1,5,5,False,2,DDoS,3,DoS,0.008023866598386636,0.02281374783567741,0.012859254036653837
1,5,5,False,2,DDoS,4,Mirai,0.012608678919798822,0.06229834599640794,0.019400251437496654
1,5,5,False,2,DDoS,5,Recon,0.046754644322036354,0.053781648011064914,0.04233680995181692
1,5,5,False,2,DDoS,6,Spoofing,0.1349843447411154,0.04853663698315473,0.17072499753583964
1,5,5,False,2,DDoS,7,Web-Based,0.009899933172382538,0.02081561723610283,0.01554026038934899
1,5,5,False,3,DoS,0,Benign,0.10148329963705165,0.1462564901031221,0.1521870865087781
1,5,5,False,3,DoS,1,BruteForce,0.02013518691720377,0.021825651853915037,0.02707200618051485
1,5,5,False,3,DoS,2,DDoS,0.17171311561698696,0.1478768272685706,0.14666000047508393
1,5,5,False,3,DoS,3,DoS,0.3466921099442142,0.47967165587532473,0.18098746353411105
1,5,5,False,3,DoS,4,Mirai,0.015695520605249005,0.067570959226634,0.0225941413864522
1,5,5,False,3,DoS,5,Recon,0.03212372517317878,0.040706704980607515,0.047561405360367064
1,5,5,False,3,DoS,6,Spoofing,0.2987558950151334,0.07081659006585032,0.40015524914078443
1,5,5,False,3,DoS,7,Web-Based,0.013401147090982226,0.025275120625975558,0.02278264741390845
1,5,5,False,4,Mirai,0,Benign,0.4151815433035801,0.5649976856675359,0.3881948853418603
1,5,5,False,4,Mirai,1,BruteForce,0.013126447247112897,0.01673264548524561,0.017591480932306197
1,5,5,False,4,Mirai,2,DDoS,0.033566821994270975,0.040723773285228554,0.04069487135055433
1,5,5,False,4,Mirai,3,DoS,0.01158835462983327,0.02355483245223879,0.019884109120460344
1,5,5,False,4,Mirai,4,Mirai,0.021562478102791077,0.11150974176294375,0.024656434139932532
1,5,5,False,4,Mirai,5,Recon,0.07058926227886854,0.07204609277172416,0.0680386101742592
1,5,5,False,4,Mirai,6,Spoofing,0.41728025502390415,0.13683180389689895,0.422302547286838
1,5,5,False,4,Mirai,7,Web-Based,0.01710483741963917,0.03360342467818418,0.01863706165378906
1,5,5,False,5,Recon,0,Benign,0.44769079061604744,0.5548561369848063,0.4165851513257524
1,5,5,False,5,Recon,1,BruteForce,0.013916590652720407,0.01859618771492529,0.017232907660537707
1,5,5,False,5,Recon,2,DDoS,0.02409499748427527,0.02791302619571976,0.030855083847475456
1,5,5,False,5,Recon,3,DoS,0.011447114843871835,0.021427074737402286,0.01930504435685354
1,5,5,False,5,Recon,4,Mirai,0.01832776802030587,0.07589497872106667,0.023053352050397432
1,5,5,False,5,Recon,5,Recon,0.124248064382557,0.11665067689550969,0.09082699923357593
1,5,5,False,5,Recon,6,Spoofing,0.34138041101254013,0.1427924263164684,0.3830407149459981
1,5,5,False,5,Recon,7,Web-Based,0.018894262987682122,0.04186949243410168,0.019100746579409494
1,5,5,False,6,Spoofing,0,Benign,0.41894205747800184,0.5523319563847114,0.384339731543249
1,5,5,False,6,Spoofing,1,BruteForce,0.012403884263512162,0.01613844425448664,0.017071650158905514
1,5,5,False,6,Spoofing,2,DDoS,0.02318915352523118,0.027484732055808304,0.03154310353527155
1,5,5,False,6,Spoofing,3,DoS,0.011465403567643515,0.022533686410621017,0.01963870014916002
1,5,5,False,6,Spoofing,4,Mirai,0.019240793945151508,0.07754925539233999,0.02363134532308709
1,5,5,False,6,Spoofing,5,Recon,0.08573591595145941,0.1070229650672682,0.07216007608053722
1,5,5,False,6,Spoofing,6,Spoofing,0.4117905076989898,0.16003214656559583,0.4330544183475924
1,5,5,False,6,Spoofing,7,Web-Based,0.017232283570010533,0.036906813869168484,0.018560974862197207
1,5,5,False,7,Web-Based,0,Benign,0.45842224773182205,0.5663043329388232,0.4216269510220606
1,5,5,False,7,Web-Based,1,BruteForce,0.01290281034490137,0.016433906760677235,0.01734601397073613
1,5,5,False,7,Web-Based,2,DDoS,0.024764745027464397,0.029383814996871288,0.033328462487528146
1,5,5,False,7,Web-Based,3,DoS,0.011132897777731077,0.020159373483540972,0.019046315251843134
1,5,5,False,7,Web-Based,4,Mirai,0.019987713758065427,0.08681881107320681,0.02389689832549251
1,5,5,False,7,Web-Based,5,Recon,0.0828772673386354,0.10073196175588994,0.07154520334700588
1,5,5,False,7,Web-Based,6,Spoofing,0.37203849917327597,0.143281551626037,0.3943679879536759
1,5,5,False,7,Web-Based,7,Web-Based,0.017873818848104354,0.03688624736495348,0.018842167641657553
1,5,6,False,0,Benign,0,Benign,0.5907848435405947,0.573497415852359,0.5635906685768259
1,5,6,False,0,Benign,1,BruteForce,0.08926282506802655,0.015239907405422122,0.07299659075803594
1,5,6,False,0,Benign,2,DDoS,0.017801005043221844,0.043119496134618615,0.022728536544494627
1,5,6,False,0,Benign,3,DoS,0.024748197505074346,0.02734166259457328,0.031804090117990215
1,5,6,False,0,Benign,4,Mirai,0.22934857395773758,0.07679030057577585,0.2587297366439052
1,5,6,False,0,Benign,5,Recon,0.018405451088688525,0.0971200713383905,0.018895481360983485
1,5,6,False,0,Benign,6,Spoofing,0.015514386742268639,0.13366819244813227,0.0177701765605472
1,5,6,False,0,Benign,7,Web-Based,0.014134717054387845,0.03322295365072845,0.01348471943721746
1,5,6,False,1,BruteForce,0,Benign,0.5661359518241476,0.5530101911387516,0.5549714020686299
1,5,6,False,1,BruteForce,1,BruteForce,0.1129045615419723,0.018209091437895016,0.08560280046420034
1,5,6,False,1,BruteForce,2,DDoS,0.018126457364395093,0.02876273874439528,0.021062767913920828
1,5,6,False,1,BruteForce,3,DoS,0.015396593928644254,0.01987207581756507,0.02567387307698594
1,5,6,False,1,BruteForce,4,Mirai,0.23777889933040966,0.08645599751831622,0.26100076552171436
1,5,6,False,1,BruteForce,5,Recon,0.01779526517089713,0.10308083852710465,0.019051100528756047
1,5,6,False,1,BruteForce,6,Spoofing,0.01600864348510618,0.14832315408622096,0.018381569423341976
1,5,6,False,1,BruteForce,7,Web-Based,0.015853627354427833,0.04228591272975109,0.014255721002450587
1,5,6,False,2,DDoS,0,Benign,0.3153589807327374,0.20816436059593008,0.4202436186435445
1,5,6,False,2,DDoS,1,BruteForce,0.05554453634875416,0.01414739561722428,0.05236872798432571
1,5,6,False,2,DDoS,2,DDoS,0.31832765916348654,0.569442247724438,0.18140853702907217
1,5,6,False,2,DDoS,3,DoS,0.036822986599162943,0.02281374783567741,0.03450566219496077
1,5,6,False,2,DDoS,4,Mirai,0.23129465916571668,0.06229834599640794,0.2590831465024586
1,5,6,False,2,DDoS,5,Recon,0.015559604980290888,0.053781648011064914,0.018087462278336484
1,5,6,False,2,DDoS,6,Spoofing,0.01354564806577468,0.04853663698315473,0.017904361348387392
1,5,6,False,2,DDoS,7,Web-Based,0.013545924944076798,0.02081561723610283,0.016398484018914375
1,5,6,False,3,DoS,0,Benign,0.16027307880899233,0.1462564901031221,0.25688272991575484
1,5,6,False,3,DoS,1,BruteForce,0.05951626029226148,0.021825651853915037,0.06691429012445817
1,5,6,False,3,DoS,2,DDoS,0.035525800933859736,0.1478768272685706,0.040240292913036796
1,5,6,False,3,DoS,3,DoS,0.5379249736319811,0.47967165587532473,0.3115024818327052
1,5,6,False,3,DoS,4,Mirai,0.16107613045618832,0.067570959226634,0.26550556668029934
1,5,6,False,3,DoS,5,Recon,0.015121769408404248,0.040706704980607515,0.02110137052285292
1,5,6,False,3,DoS,6,Spoofing,0.015623646501654891,0.07081659006585032,0.018396588269915543
1,5,6,False,3,DoS,7,Web-Based,0.014938339966657992,0.025275120625975558,0.019456679740977197
1,5,6,False,4,Mirai,0,Benign,0.499808254715342,0.5649976856675359,0.5069725828697176
1,5,6,False,4,Mirai,1,BruteForce,0.09548545640776947,0.01673264548524561,0.07708283150685984
1,5,6,False,4,Mirai,2,DDoS,0.019572658121126983,0.040723773285228554,0.023175436673754362
1,5,6,False,4,Mirai,3,DoS,0.020649814103673142,0.02355483245223879,0.029480894384506
1,5,6,False,4,Mirai,4,Mirai,0.31818182405382717,0.11150974176294375,0.31307240406737114
1,5,6,False,4,Mirai,5,Recon,0.01635486882478969,0.07204609277172416,0.018484869990236578
1,5,6,False,4,Mirai,6,Spoofing,0.015479081541674973,0.13683180389689895,0.017907721722121184
1,5,6,False,4,Mirai,7,Web-Based,0.014468042231796525,0.03360342467818418,0.013823258785433315
1,5,6,False,5,Recon,0,Benign,0.569218060678424,0.5548561369848063,0.5511247022879678
1,5,6,False,5,Recon,1,BruteForce,0.11852299146383871,0.01859618771492529,0.08735828671699891
1,5,6,False,5,Recon,2,DDoS,0.018519792632595403,0.02791302619571976,0.021377815255414247
1,5,6,False,5,Recon,3,DoS,0.016265421711857162,0.021427074737402286,0.026286416125428317
1,5,6,False,5,Recon,4,Mirai,0.2263098991282851,0.07589497872106667,0.2618948779018005
1,5,6,False,5,Recon,5,Recon,0.019280755603651726,0.11665067689550969,0.019279064524510857
1,5,6,False,5,Recon,6,Spoofing,0.015549623399531682,0.1427924263164684,0.018291903731509438
1,5,6,False,5,Recon,7,Web-Based,0.01633345538181624,0.04186949243410168,0.014386933456370042
1,5,6,False,6,Spoofing,0,Benign,0.5983628124810291,0.5523319563847114,0.574631586254015
1,5,6,False,6,Spoofing,1,BruteForce,0.0927333943193585,0.01613844425448664,0.07334502540275967
1,5,6,False,6,Spoofing,2,DDoS,0.0171170013473379,0.027484732055808304,0.02158222435786873
1,5,6,False,6,Spoofing,3,DoS,0.017801430996309067,0.022533686410621017,0.026679753006541466
1,5,6,False,6,Spoofing,4,Mirai,0.22584416807508742,0.07754925539233999,0.2542762647531606
1,5,6,False,6,Spoofing,5,Recon,0.018557213717466717,0.1070229650672682,0.01860513125670131
1,5,6,False,6,Spoofing,6,Spoofing,0.015271221062155305,0.16003214656559583,0.017691682519896265
1,5,6,False,6,Spoofing,7,Web-Based,0.014312758001256068,0.036906813869168484,0.013188332449056994
1,5,6,False,7,Web-Based,0,Benign,0.5710117272334458,0.5663043329388232,0.5607980975870772
1,5,6,False,7,Web-Based,1,BruteForce,0.09865887451369214,0.016433906760677235,0.07829739978430017
1,5,6,False,7,Web-Based,2,DDoS,0.01717979542471538,0.029383814996871288,0.021601190255963076
1,5,6,False,7,Web-Based,3,DoS,0.015119158675051833,0.020159373483540972,0.024415889745459884
1,5,6,False,7,Web-Based,4,Mirai,0.2503361116449907,0.08681881107320681,0.26472536396730617
1,5,6,False,7,Web-Based,5,Recon,0.01781886062503152,0.10073196175588994,0.01866916262239674
1,5,6,False,7,Web-Based,6,Spoofing,0.015243999228197417,0.143281551626037,0.01774326431444597
1,5,6,False,7,Web-Based,7,Web-Based,0.014631472654875145,0.03688624736495348,0.013749631723050777
1,5,7,True,0,Benign,0,Benign,0.5387041295947048,0.573497415852359,0.1612130099482367
1,5,7,True,0,Benign,1,BruteForce,0.012536295108014333,0.015239907405422122,0.021549698594711935
1,5,7,True,0,Benign,2,DDoS,0.22105718622130724,0.043119496134618615,0.21755281072488927
1,5,7,True,0,Benign,3,DoS,0.015801737052431077,0.02734166259457328,0.0507713524334422
1,5,7,True,0,Benign,4,Mirai,0.03442950752675197,0.07679030057577585,0.10149800229687622
1,5,7,True,0,Benign,5,Recon,0.034930897602561885,0.0971200713383905,0.08915834590119735
1,5,7,True,0,Benign,6,Spoofing,0.11216956214298551,0.13366819244813227,0.2752811876886586
1,5,7,True,0,Benign,7,Web-Based,0.030370684751243215,0.03322295365072845,0.0829755924119876
1,5,7,True,1,BruteForce,0,Benign,0.522052576942206,0.5530101911387516,0.17216505788819655
1,5,7,True,1,BruteForce,1,BruteForce,0.014432064003462615,0.018209091437895016,0.023489184260006412
1,5,7,True,1,BruteForce,2,DDoS,0.2181450671244427,0.02876273874439528,0.1782194383822207
1,5,7,True,1,BruteForce,3,DoS,0.01426206990957399,0.01987207581756507,0.02107490955539629
1,5,7,True,1,BruteForce,4,Mirai,0.03532624224777496,0.08645599751831622,0.11609453677926099
1,5,7,True,1,BruteForce,5,Recon,0.035355010364884,0.10308083852710465,0.10624656030471129
1,5,7,True,1,BruteForce,6,Spoofing,0.12515556541475523,0.14832315408622096,0.27772178577655626
1,5,7,True,1,BruteForce,7,Web-Based,0.03527140399290061,0.04228591272975109,0.10498852705365155
1,5,7,True,2,DDoS,0,Benign,0.4225103735635468,0.20816436059593008,0.05957168728630258
1,5,7,True,2,DDoS,1,BruteForce,0.009629486048882592,0.01414739561722428,0.018248559763005344
1,5,7,True,2,DDoS,2,DDoS,0.42514898551388464,0.569442247724438,0.6887717265507326
1,5,7,True,2,DDoS,3,DoS,0.014138805237772245,0.02281374783567741,0.027932282682672043
1,5,7,True,2,DDoS,4,Mirai,0.032253094471616894,0.06229834599640794,0.04457647051358587
1,5,7,True,2,DDoS,5,Recon,0.024519520693806824,0.053781648011064914,0.04837520167158278
1,5,7,True,2,DDoS,6,Spoofing,0.05290975399031184,0.04853663698315473,0.07689998253077296
1,5,7,True,2,DDoS,7,Web-Based,0.018889980480178144,0.02081561723610283,0.03562408900134586
1,5,7,True,3,DoS,0,Benign,0.49873547172988647,0.1462564901031221,0.042044694103497406
1,5,7,True,3,DoS,1,BruteForce,0.012315031606941182,0.021825651853915037,0.022903262186133883
1,5,7,True,3,DoS,2,DDoS,0.25585001717336336,0.1478768272685706,0.29928914497879966
1,5,7,True,3,DoS,3,DoS,0.10824964929373677,0.47967165587532473,0.39409129704328877
1,5,7,True,3,DoS,4,Mirai,0.030918386027774417,0.067570959226634,0.046517135311820994
1,5,7,True,3,DoS,5,Recon,0.024468680592502717,0.040706704980607515,0.03586961341078116
1,5,7,True,3,DoS,6,Spoofing,0.05043316581681781,0.07081659006585032,0.11958088099153534
1,5,7,True,3,DoS,7,Web-Based,0.019029597758977362,0.025275120625975558,0.03970397197414285
1,5,7,True,4,Mirai,0,Benign,0.5226739693573176,0.5649976856675359,0.15803829928626134
1,5,7,True,4,Mirai,1,BruteForce,0.013339575224129235,0.01673264548524561,0.02324967474085569
1,5,7,True,4,Mirai,2,DDoS,0.23739810929263647,0.040723773285228554,0.21429951582599055
1,5,7,True,4,Mirai,3,DoS,0.015066287279444616,0.02355483245223879,0.04786313847895252
1,5,7,True,4,Mirai,4,Mirai,0.03852203744172696,0.11150974176294375,0.12158082011883178
1,5,7,True,4,Mirai,5,Recon,0.029817269509187647,0.07204609277172416,0.07913860738665386
1,5,7,True,4,Mirai,6,Spoofing,0.11291655403074756,0.13683180389689895,0.2673355405055664
1,5,7,True,4,Mirai,7,Web-Based,0.030266197864809923,0.03360342467818418,0.08849440365688792
1,5,7,True,5,Recon,0,Benign,0.5242569656815549,0.5548561369848063,0.16933151293432142
1,5,7,True,5,Recon,1,BruteForce,0.014579400629705723,0.01859618771492529,0.023268371573153347
1,5,7,True,5,Recon,2,DDoS,0.216587165668955,0.02791302619571976,0.17770704044744995
1,5,7,True,5,Recon,3,DoS,0.014489707971677895,0.021427074737402286,0.021267034241298704
1,5,7,True,5,Recon,4,Mirai,0.03325384824486236,0.07589497872106667,0.11627460050720387
1,5,7,True,5,Recon,5,Recon,0.03853996871746412,0.11665067689550969,0.12369832313348705
1,5,7,True,5,Recon,6,Spoofing,0.12279006585575687,0.1427924263164684,0.26291838932884415
1,5,7,True,5,Recon,7,Web-Based,0.035502877230023065,0.04186949243410168,0.10553472783424149
1,5,7,True,6,Spoofing,0,Benign,0.5451359963220382,0.5523319563847114,0.17501644461271487
1,5,7,True,6,Spoofing,1,BruteForce,0.012864151215172356,0.01613844425448664,0.021484065384614778
1,5,7,True,6,Spoofing,2,DDoS,0.20069542582480274,0.027484732055808304,0.15969167991808367
1,5,7,True,6,Spoofing,3,DoS,0.015113842496052736,0.022533686410621017,0.040222036031223
1,5,7,True,6,Spoofing,4,Mirai,0.032886007091786615,0.07754925539233999,0.10437302873967663
1,5,7,True,6,Spoofing,5,Recon,0.0372260679265628,0.1070229650672682,0.09595536247509695
1,5,7,True,6,Spoofing,6,Spoofing,0.12399158291113804,0.16003214656559583,0.3146634533266313
1,5,7,True,6,Spoofing,7,Web-Based,0.03208692621244652,0.036906813869168484,0.0885939295119589
1,5,7,True,7,Web-Based,0,Benign,0.5309231750926,0.5663043329388232,0.1783952917633801
1,5,7,True,7,Web-Based,1,BruteForce,0.013549295783443788,0.016433906760677235,0.02330923188089099
1,5,7,True,7,Web-Based,2,DDoS,0.21424224932677288,0.029383814996871288,0.1826001336201361
1,5,7,True,7,Web-Based,3,DoS,0.014026702951881168,0.020159373483540972,0.024411332109139233
1,5,7,True,7,Web-Based,4,Mirai,0.03612327452357595,0.08681881107320681,0.11430485638861031
1,5,7,True,7,Web-Based,5,Recon,0.03566665794203967,0.10073196175588994,0.09879631550710012
1,5,7,True,7,Web-Based,6,Spoofing,0.12182916150721232,0.143281551626037,0.28042700437631257
1,5,7,True,7,Web-Based,7,Web-Based,0.0336394828724742,0.03688624736495348,0.09775583435443067
1,5,8,True,0,Benign,0,Benign,0.48639549572517593,0.573497415852359,0.019132850159553263
1,5,8,True,0,Benign,1,BruteForce,0.0088219601922847,0.015239907405422122,0.016068908819353574
1,5,8,True,0,Benign,2,DDoS,0.02588823112221819,0.043119496134618615,0.04439965505164727
1,5,8,True,0,Benign,3,DoS,0.018612132771275488,0.02734166259457328,0.056110536479231185
1,5,8,True,0,Benign,4,Mirai,0.028264247864499246,0.07679030057577585,0.02349910412323074
1,5,8,True,0,Benign,5,Recon,0.024294135768735407,0.0971200713383905,0.03706211308079212
1,5,8,True,0,Benign,6,Spoofing,0.3918295480243233,0.13366819244813227,0.7847352431503148
1,5,8,True,0,Benign,7,Web-Based,0.01589424853148769,0.03322295365072845,0.0189915891358769
1,5,8,True,1,BruteForce,0,Benign,0.46575369267587147,0.5530101911387516,0.017743662669092622
1,5,8,True,1,BruteForce,1,BruteForce,0.00948746824023742,0.018209091437895016,0.012867881546379339
1,5,8,True,1,BruteForce,2,DDoS,0.02276497797913475,0.02876273874439528,0.021160047750757877
1,5,8,True,1,BruteForce,3,DoS,0.015981894527938207,0.01987207581756507,0.028157277884586593
1,5,8,True,1,BruteForce,4,Mirai,0.026984649093713207,0.08645599751831622,0.02336187849024363
1,5,8,True,1,BruteForce,5,Recon,0.021817787772166405,0.10308083852710465,0.03457158621983451
1,5,8,True,1,BruteForce,6,Spoofing,0.4211205014738062,0.14832315408622096,0.8435205502423192
1,5,8,True,1,BruteForce,7,Web-Based,0.016089028237132392,0.04228591272975109,0.018617115196786365
1,5,8,True,2,DDoS,0,Benign,0.47424448811201053,0.20816436059593008,0.024591890673603345
1,5,8,True,2,DDoS,1,BruteForce,0.008957648063552759,0.01414739561722428,0.020488245038388166
1,5,8,True,2,DDoS,2,DDoS,0.2338491600858043,0.569442247724438,0.5738390966700034
1,5,8,True,2,DDoS,3,DoS,0.020046998973121725,0.02281374783567741,0.03673158361827515
1,5,8,True,2,DDoS,4,Mirai,0.031725873366508534,0.06229834599640794,0.020919818015688825
1,5,8,True,2,DDoS,5,Recon,0.024959268135217434,0.053781648011064914,0.0387585856693685
1,5,8,True,2,DDoS,6,Spoofing,0.18894198764816023,0.04853663698315473,0.2685450562657869
1,5,8,True,2,DDoS,7,Web-Based,0.017274575615624354,0.02081561723610283,0.016125724048885598
1,5,8,True,3,DoS,0,Benign,0.5165680499487323,0.1462564901031221,0.016584975605900075
1,5,8,True,3,DoS,1,BruteForce,0.012888902497947677,0.021825651853915037,0.02787357350144254
1,5,8,True,3,DoS,2,DDoS,0.050239239393711756,0.1478768272685706,0.12449545436992798
1,5,8,True,3,DoS,3,DoS,0.15924549412031716,0.47967165587532473,0.412110294493304
1,5,8,True,3,DoS,4,Mirai,0.032989284954771506,0.067570959226634,0.023082992246806874
1,5,8,True,3,DoS,5,Recon,0.024263833853360908,0.040706704980607515,0.026149152840062008
1,5,8,True,3,DoS,6,Spoofing,0.18792227286763383,0.07081659006585032,0.35010463360183147
1,5,8,True,3,DoS,7,Web-Based,0.015882922363524725,0.025275120625975558,0.019598923340725164
1,5,8,True,4,Mirai,0,Benign,0.4776854973812887,0.5649976856675359,0.017301721504134907
1,5,8,True,4,Mirai,1,BruteForce,0.00917990755372922,0.01673264548524561,0.014990765983382903
1,5,8,True,4,Mirai,2,DDoS,0.024757595343736994,0.040723773285228554,0.03027142230568031
1,5,8,True,4,Mirai,3,DoS,0.018012677512047475,0.02355483245223879,0.053350498446353464
1,5,8,True,4,Mirai,4,Mirai,0.030200373330746644,0.11150974176294375,0.02456751041949872
1,5,8,True,4,Mirai,5,Recon,0.021339124435473925,0.07204609277172416,0.029649843710601795
1,5,8,True,4,Mirai,6,Spoofing,0.4032162665951246,0.13683180389689895,0.8112694934879471
1,5,8,True,4,Mirai,7,Web-Based,0.015608557847852492,0.03360342467818418,0.018598744142400783
1,5,8,True,5,Recon,0,Benign,0.4653539170328103,0.5548561369848063,0.017602542741750285
1,5,8,True,5,Recon,1,BruteForce,0.009396207010189363,0.01859618771492529,0.01298889133185358
1,5,8,True,5,Recon,2,DDoS,0.022501653656744544,0.02791302619571976,0.021295275993342844
1,5,8,True,5,Recon,3,DoS,0.016298366318759687,0.021427074737402286,0.029473546456429113
1,5,8,True,5,Recon,4,Mirai,0.0258589074224012,0.07589497872106667,0.02327832259421718
1,5,8,True,5,Recon,5,Recon,0.023191163542020846,0.11665067689550969,0.04548564476427263
1,5,8,True,5,Recon,6,Spoofing,0.42128507862214015,0.1427924263164684,0.8312604056001496
1,5,8,True,5,Recon,7,Web-Based,0.01611470639493395,0.04186949243410168,0.01861537051798485
1,5,8,True,6,Spoofing,0,Benign,0.47205413765548215,0.5523319563847114,0.017410521247189895
1,5,8,True,6,Spoofing,1,BruteForce,0.00885414689217134,0.01613844425448664,0.013890804576603797
1,5,8,True,6,Spoofing,2,DDoS,0.02220724652340127,0.027484732055808304,0.023166008602391583
1,5,8,True,6,Spoofing,3,DoS,0.01712889289518852,0.022533686410621017,0.04595798976193486
1,5,8,True,6,Spoofing,4,Mirai,0.027311780940513522,0.07754925539233999,0.02247485021861084
1,5,8,True,6,Spoofing,5,Recon,0.02426644913085867,0.1070229650672682,0.03455568325209396
1,5,8,True,6,Spoofing,6,Spoofing,0.41252637372207307,0.16003214656559583,0.8245215541322589
1,5,8,True,6,Spoofing,7,Web-Based,0.015650972240311405,0.036906813869168484,0.018022588208916227
1,5,8,True,7,Web-Based,0,Benign,0.4680061856143701,0.5663043329388232,0.018232554288658505
1,5,8,True,7,Web-Based,1,BruteForce,0.009053222512946161,0.016433906760677235,0.01344827549494716
1,5,8,True,7,Web-Based,2,DDoS,0.022354237450180295,0.029383814996871288,0.02607464544333082
1,5,8,True,7,Web-Based,3,DoS,0.015977378485463746,0.020159373483540972,0.03205878397403811
1,5,8,True,7,Web-Based,4,Mirai,0.027458143148129225,0.08681881107320681,0.02303780961405717
1,5,8,True,7,Web-Based,5,Recon,0.023008914211602186,0.10073196175588994,0.03465418902166594
1,5,8,True,7,Web-Based,6,Spoofing,0.41824578464223766,0.143281551626037,0.8337732576626405
1,5,8,True,7,Web-Based,7,Web-Based,0.01589613393507057,0.03688624736495348,0.01872048450066193
1,5,9,False,0,Benign,0,Benign,0.2713242715800428,0.573497415852359,0.212708631315114
1,5,9,False,0,Benign,1,BruteForce,0.004399602078218246,0.015239907405422122,0.0057487095059489636
1,5,9,False,0,Benign,2,DDoS,0.014003653794882514,0.043119496134618615,0.012474645677882902
1,5,9,False,0,Benign,3,DoS,0.004245504022482712,0.02734166259457328,0.006082180136627195
1,5,9,False,0,Benign,4,Mirai,0.4817509202786548,0.07679030057577585,0.5442726249294527
1,5,9,False,0,Benign,5,Recon,0.12176691719817528,0.0971200713383905,0.12353066180708568
1,5,9,False,0,Benign,6,Spoofing,0.09709325224222831,0.13366819244813227,0.08814688706657811
1,5,9,False,0,Benign,7,Web-Based,0.005415878805315268,0.03322295365072845,0.007035659561310454
1,5,9,False,1,BruteForce,0,Benign,0.2569936535781332,0.5530101911387516,0.19643140381446048
1,5,9,False,1,BruteForce,1,BruteForce,0.004317615697172865,0.018209091437895016,0.005420658974589235
1,5,9,False,1,BruteForce,2,DDoS,0.005226842941392386,0.02876273874439528,0.006972007456531547
1,5,9,False,1,BruteForce,3,DoS,0.003768312058001929,0.01987207581756507,0.005533962313056571
1,5,9,False,1,BruteForce,4,Mirai,0.507121692746521,0.08645599751831622,0.5796708218206121
1,5,9,False,1,BruteForce,5,Recon,0.1275561359656416,0.10308083852710465,0.11622772955673638
1,5,9,False,1,BruteForce,6,Spoofing,0.08955404660473056,0.14832315408622096,0.0831422568850313
1,5,9,False,1,BruteForce,7,Web-Based,0.005461700408406461,0.04228591272975109,0.006601159178982361
1,5,9,False,2,DDoS,0,Benign,0.07022630299335895,0.20816436059593008,0.07378109127923523
1,5,9,False,2,DDoS,1,BruteForce,0.0070083199812839975,0.01414739561722428,0.010804158511400564
1,5,9,False,2,DDoS,2,DDoS,0.5819602051947488,0.569442247724438,0.5145861140339755
1,5,9,False,2,DDoS,3,DoS,0.005176929012517922,0.02281374783567741,0.007623311259983734
1,5,9,False,2,DDoS,4,Mirai,0.23773942918461213,0.06229834599640794,0.265180145327734
1,5,9,False,2,DDoS,5,Recon,0.052855074532911356,0.053781648011064914,0.06938093456303068
1,5,9,False,2,DDoS,6,Spoofing,0.038919434168410295,0.04853663698315473,0.04814830975089366
1,5,9,False,2,DDoS,7,Web-Based,0.006114304932156561,0.02081561723610283,0.010495935273746787
1,5,9,False,3,DoS,0,Benign,0.057988928773364895,0.1462564901031221,0.06597761485226326
1,5,9,False,3,DoS,1,BruteForce,0.00703059720746816,0.021825651853915037,0.007601240551088666
1,5,9,False,3,DoS,2,DDoS,0.12669613564432883,0.1478768272685706,0.0885159228871596
1,5,9,False,3,DoS,3,DoS,0.013133888670474297,0.47967165587532473,0.010185430516659743
1,5,9,False,3,DoS,4,Mirai,0.5966902481006565,0.067570959226634,0.6278306998648712
1,5,9,False,3,DoS,5,Recon,0.03788491377945225,0.040706704980607515,0.04921960120497947
1,5,9,False,3,DoS,6,Spoofing,0.1529518183813191,0.07081659006585032,0.1410816114877004
1,5,9,False,3,DoS,7,Web-Based,0.007623469442935942,0.025275120625975558,0.009587878635277698
1,5,9,False,4,Mirai,0,Benign,0.1825738098332291,0.5649976856675359,0.15665054209698429
1,5,9,False,4,Mirai,1,BruteForce,0.003228709138957331,0.01673264548524561,0.004262151925292362
1,5,9,False,4,Mirai,2,DDoS,0.006167433538213245,0.040723773285228554,0.007815598967478177
1,5,9,False,4,Mirai,3,DoS,0.0033800416884745992,0.02355483245223879,0.004755756169192422
1,5,9,False,4,Mirai,4,Mirai,0.6830990071744093,0.11150974176294375,0.7019238838520995
1,5,9,False,4,Mirai,5,Recon,0.04703653481161008,0.07204609277172416,0.054753709471234764
1,5,9,False,4,Mirai,6,Spoofing,0.0700039256345845,0.13683180389689895,0.06372590334822469
1,5,9,False,4,Mirai,7,Web-Based,0.004510538180521898,0.03360342467818418,0.006112454169493804
1,5,9,False,5,Recon,0,Benign,0.24167622045980988,0.5548561369848063,0.18533707283203812
1,5,9,False,5,Recon,1,BruteForce,0.0047426221044716745,0.01859618771492529,0.005850890664782675
1,5,9,False,5,Recon,2,DDoS,0.004765418617833981,0.02791302619571976,0.006644792733948009
1,5,9,False,5,Recon,3,DoS,0.0038909625521087003,0.021427074737402286,0.005533990742806916
1,5,9,False,5,Recon,4,Mirai,0.4076719435537071,0.07589497872106667,0.5104705615668697
1,5,9,False,5,Recon,5,Recon,0.23789852043555929,0.11665067689550969,0.20107210707856
1,5,9,False,5,Recon,6,Spoofing,0.09403496304733425,0.1427924263164684,0.07872758222176585
1,5,9,False,5,Recon,7,Web-Based,0.005319349229175112,0.04186949243410168,0.0063630021592289395
1,5,9,False,6,Spoofing,0,Benign,0.2559714088038011,0.5523319563847114,0.2129752411877739
1,5,9,False,6,Spoofing,1,BruteForce,0.004413710200704377,0.01613844425448664,0.005594561604115943
1,5,9,False,6,Spoofing,2,DDoS,0.005183346729081038,0.027484732055808304,0.007003732231253415
1,5,9,False,6,Spoofing,3,DoS,0.004097741510624477,0.022533686410621017,0.005646586458114659
1,5,9,False,6,Spoofing,4,Mirai,0.4516164729339823,0.07754925539233999,0.5270247029692076
1,5,9,False,6,Spoofing,5,Recon,0.14192574286686252,0.1070229650672682,0.13388392227429521
1,5,9,False,6,Spoofing,6,Spoofing,0.1310967117331378,0.16003214656559583,0.10103837489641995
1,5,9,False,6,Spoofing,7,Web-Based,0.005694865221806429,0.036906813869168484,0.006832878378819363
1,5,9,False,7,Web-Based,0,Benign,0.23271907199918657,0.5663043329388232,0.20573941393174097
1,5,9,False,7,Web-Based,1,BruteForce,0.00378145149473563,0.016433906760677235,0.004988285031987422
1,5,9,False,7,Web-Based,2,DDoS,0.005432236606621205,0.029383814996871288,0.0078520559200081
1,5,9,False,7,Web-Based,3,DoS,0.0036827559031679755,0.020159373483540972,0.0050920035248949455
1,5,9,False,7,Web-Based,4,Mirai,0.5598307385125908,0.08681881107320681,0.5967359652309505
1,5,9,False,7,Web-Based,5,Recon,0.09383464458819482,0.10073196175588994,0.09912271282795135
1,5,9,False,7,Web-Based,6,Spoofing,0.09565511413053282,0.143281551626037,0.07408300743614007
1,5,9,False,7,Web-Based,7,Web-Based,0.005063986764970202,0.03688624736495348,0.006386556096326617
1,5,10,True,0,Benign,0,Benign,0.4063834421894706,0.573497415852359,0.022270045567745377
1,5,10,True,0,Benign,1,BruteForce,0.017907699544040995,0.015239907405422122,0.019048116147505827
1,5,10,True,0,Benign,2,DDoS,0.03836180754050902,0.043119496134618615,0.058264932055389435
1,5,10,True,0,Benign,3,DoS,0.01818097158695529,0.02734166259457328,0.04369451153948292
1,5,10,True,0,Benign,4,Mirai,0.04667116706413105,0.07679030057577585,0.07935026555243353
1,5,10,True,0,Benign,5,Recon,0.07863639735258306,0.0971200713383905,0.13568543610090097
1,5,10,True,0,Benign,6,Spoofing,0.1922316816126304,0.13366819244813227,0.3294301928385613
1,5,10,True,0,Benign,7,Web-Based,0.20162683310967963,0.03322295365072845,0.3122565001979806
1,5,10,True,1,BruteForce,0,Benign,0.349767365006472,0.5530101911387516,0.021395882591181345
1,5,10,True,1,BruteForce,1,BruteForce,0.021738128690918557,0.018209091437895016,0.01820485343619936
1,5,10,True,1,BruteForce,2,DDoS,0.03230148367631361,0.02876273874439528,0.027800501153444554
1,5,10,True,1,BruteForce,3,DoS,0.01799672469936102,0.01987207581756507,0.030508297120172185
1,5,10,True,1,BruteForce,4,Mirai,0.051125718668640456,0.08645599751831622,0.09075246456452916
1,5,10,True,1,BruteForce,5,Recon,0.08185277793430482,0.10308083852710465,0.1355921528596097
1,5,10,True,1,BruteForce,6,Spoofing,0.1901541909758406,0.14832315408622096,0.2919583863509789
1,5,10,True,1,BruteForce,7,Web-Based,0.25506361034814895,0.04228591272975109,0.38378746192388474
1,5,10,True,2,DDoS,0,Benign,0.3955947923476457,0.20816436059593008,0.02146354989899178
1,5,10,True,2,DDoS,1,BruteForce,0.01272966231666227,0.01414739561722428,0.021106456308982644
1,5,10,True,2,DDoS,2,DDoS,0.30129602708313424,0.569442247724438,0.6022786062618589
1,5,10,True,2,DDoS,3,DoS,0.016271075072129774,0.02281374783567741,0.024344013283275748
1,5,10,True,2,DDoS,4,Mirai,0.04290366244521512,0.06229834599640794,0.040499910327815074
1,5,10,True,2,DDoS,5,Recon,0.045621841885818304,0.053781648011064914,0.05963832227706456
1,5,10,True,2,DDoS,6,Spoofing,0.09099966705490627,0.04853663698315473,0.10744966039347457
1,5,10,True,2,DDoS,7,Web-Based,0.09458327179448837,0.02081561723610283,0.12321948124853671
1,5,10,True,3,DoS,0,Benign,0.486161438884869,0.1462564901031221,0.016524256399403355
1,5,10,True,3,DoS,1,BruteForce,0.015032919161576197,0.021825651853915037,0.024251685421476613
1,5,10,True,3,DoS,2,DDoS,0.08230774274373792,0.1478768272685706,0.1921524231437968
1,5,10,True,3,DoS,3,DoS,0.1276919277445912,0.47967165587532473,0.3432196650431296
1,5,10,True,3,DoS,4,Mirai,0.04073767137901408,0.067570959226634,0.04899223425140833
1,5,10,True,3,DoS,5,Recon,0.045333293775239675,0.040706704980607515,0.06773421950960029
1,5,10,True,3,DoS,6,Spoofing,0.1097394718231047,0.07081659006585032,0.18115959177665295
1,5,10,True,3,DoS,7,Web-Based,0.09299553448786729,0.025275120625975558,0.12596592445453203
1,5,10,True,4,Mirai,0,Benign,0.39264080312270166,0.5649976856675359,0.020906360869143853
1,5,10,True,4,Mirai,1,BruteForce,0.019056529267220148,0.01673264548524561,0.018484991654150906
1,5,10,True,4,Mirai,2,DDoS,0.03777071370115485,0.040723773285228554,0.04526853483889094
1,5,10,True,4,Mirai,3,DoS,0.0176367779304123,0.02355483245223879,0.04057060523043271
1,5,10,True,4,Mirai,4,Mirai,0.05178481412655511,0.11150974176294375,0.0930199027442174
1,5,10,True,4,Mirai,5,Recon,0.07043689601024619,0.07204609277172416,0.1230947051897784
1,5,10,True,4,Mirai,6,Spoofing,0.20068036409030443,0.13683180389689895,0.32823821797470715
1,5,10,True,4,Mirai,7,Web-Based,0.2099931017514054,0.03360342467818418,0.33041668149867864
1,5,10,True,5,Recon,0,Benign,0.34383730421302283,0.5548561369848063,0.021000630285856473
1,5,10,True,5,Recon,1,BruteForce,0.02207537706458269,0.01859618771492529,0.01812983451842123
1,5,10,True,5,Recon,2,DDoS,0.031307150466159624,0.02791302619571976,0.027754586994734036
1,5,10,True,5,Recon,3,DoS,0.01856387542227098,0.021427074737402286,0.031053758674665574
1,5,10,True,5,Recon,4,Mirai,0.04919063929439781,0.07589497872106667,0.08863199214013308
1,5,10,True,5,Recon,5,Recon,0.09092283241803464,0.11665067689550969,0.1505426834996439
1,5,10,True,5,Recon,6,Spoofing,0.1788207139044023,0.1427924263164684,0.2842386896914777
1,5,10,True,5,Recon,7,Web-Based,0.2652821072171292,0.04186949243410168,0.37864782419506804
1,5,10,True,6,Spoofing,0,Benign,0.38348787703634496,0.5523319563847114,0.0219464716626074
1,5,10,True,6,Spoofing,1,BruteForce,0.01875890489501756,0.01613844425448664,0.017590292229546802
1,5,10,True,6,Spoofing,2,DDoS,0.03150858434993826,0.027484732055808304,0.02732242244704799
1,5,10,True,6,Spoofing,3,DoS,0.017668048620461316,0.022533686410621017,0.03497819372947385
1,5,10,True,6,Spoofing,4,Mirai,0.04721419288214848,0.07754925539233999,0.08108459950483436
1,5,10,True,6,Spoofing,5,Recon,0.08395410435687965,0.1070229650672682,0.13512999372248
1,5,10,True,6,Spoofing,6,Spoofing,0.19929299385276714,0.16003214656559583,0.34700179629198724
1,5,10,True,6,Spoofing,7,Web-Based,0.21811529400644258,0.036906813869168484,0.33494623041202237
1,5,10,True,7,Web-Based,0,Benign,0.3675231152609846,0.5663043329388232,0.02233567399325899
1,5,10,True,7,Web-Based,1,BruteForce,0.02024945555533779,0.016433906760677235,0.017738799278910797
1,5,10,True,7,Web-Based,2,DDoS,0.032485949074048844,0.029383814996871288,0.02980222971691401
1,5,10,True,7,Web-Based,3,DoS,0.01764059344823229,0.020159373483540972,0.031205773506683104
1,5,10,True,7,Web-Based,4,Mirai,0.049918849447144385,0.08681881107320681,0.08933694551850077
1,5,10,True,7,Web-Based,5,Recon,0.08259722160157185,0.10073196175588994,0.13496437980333795
1,5,10,True,7,Web-Based,6,Spoofing,0.1902105164622245,0.143281551626037,0.30979530381561704
1,5,10,True,7,Web-Based,7,Web-Based,0.23937429915045585,0.03688624736495348,0.3648208943667773
1,5,11,False,0,Benign,0,Benign,0.48785516909202054,0.573497415852359,0.5054759344795156
1,5,11,False,0,Benign,1,BruteForce,0.006241608540251591,0.015239907405422122,0.007462605127298825
1,5,11,False,0,Benign,2,DDoS,0.008155106156843605,0.043119496134618615,0.010640381605379423
1,5,11,False,0,Benign,3,DoS,0.011371609731422547,0.02734166259457328,0.014780983180301552
1,5,11,False,0,Benign,4,Mirai,0.08130579025106288,0.07679030057577585,0.08417180931879836
1,5,11,False,0,Benign,5,Recon,0.14361602172165264,0.0971200713383905,0.1373969726142291
1,5,11,False,0,Benign,6,Spoofing,0.2539858579362773,0.13366819244813227,0.23190462746669555
1,5,11,False,0,Benign,7,Web-Based,0.007468836570468982,0.03322295365072845,0.008166686207781701
1,5,11,False,1,BruteForce,0,Benign,0.45102186756489115,0.5530101911387516,0.5106147524192624
1,5,11,False,1,BruteForce,1,BruteForce,0.00656859904943432,0.018209091437895016,0.007222023432318588
1,5,11,False,1,BruteForce,2,DDoS,0.006886574904599038,0.02876273874439528,0.009715753075438184
1,5,11,False,1,BruteForce,3,DoS,0.006408730032657879,0.01987207581756507,0.00845695820506947
1,5,11,False,1,BruteForce,4,Mirai,0.08333374858606393,0.08645599751831622,0.08771126418285896
1,5,11,False,1,BruteForce,5,Recon,0.15689378752868682,0.10308083852710465,0.13823024944282974
1,5,11,False,1,BruteForce,6,Spoofing,0.28109727318616873,0.14832315408622096,0.23020952939325387
1,5,11,False,1,BruteForce,7,Web-Based,0.007789419147498277,0.04228591272975109,0.00783946984896885
1,5,11,False,2,DDoS,0,Benign,0.1944257823420306,0.20816436059593008,0.391693033549768
1,5,11,False,2,DDoS,1,BruteForce,0.011525548560807166,0.01414739561722428,0.012270970192291
1,5,11,False,2,DDoS,2,DDoS,0.4855332167089059,0.569442247724438,0.14293445703506732
1,5,11,False,2,DDoS,3,DoS,0.019589061490551413,0.02281374783567741,0.0346928188460991
1,5,11,False,2,DDoS,4,Mirai,0.07648589057392786,0.06229834599640794,0.08264899631452405
1,5,11,False,2,DDoS,5,Recon,0.0676288928379735,0.053781648011064914,0.10654715777236783
1,5,11,False,2,DDoS,6,Spoofing,0.13532016501269173,0.04853663698315473,0.2163560792426348
1,5,11,False,2,DDoS,7,Web-Based,0.009491442473111905,0.02081561723610283,0.012856487047247967
1,5,11,False,3,DoS,0,Benign,0.06285855237449182,0.1462564901031221,0.10309353673587984
1,5,11,False,3,DoS,1,BruteForce,0.01124126480943724,0.021825651853915037,0.016412016849813423
1,5,11,False,3,DoS,2,DDoS,0.01851231350154504,0.1478768272685706,0.01715386702274042
1,5,11,False,3,DoS,3,DoS,0.5670932023940316,0.47967165587532473,0.4905930896630506
1,5,11,False,3,DoS,4,Mirai,0.059005841175025144,0.067570959226634,0.06735126521196996
1,5,11,False,3,DoS,5,Recon,0.028331728331501025,0.040706704980607515,0.03254476557324266
1,5,11,False,3,DoS,6,Spoofing,0.24400710807171722,0.07081659006585032,0.2576296574068613
1,5,11,False,3,DoS,7,Web-Based,0.008949989342250863,0.025275120625975558,0.015221801536441816
1,5,11,False,4,Mirai,0,Benign,0.45566074959321123,0.5649976856675359,0.4930178028074896
1,5,11,False,4,Mirai,1,BruteForce,0.0062920198804577955,0.01673264548524561,0.007418595071505128
1,5,11,False,4,Mirai,2,DDoS,0.008459070033862091,0.040723773285228554,0.010673475310734544
1,5,11,False,4,Mirai,3,DoS,0.013723992091813407,0.02355483245223879,0.017015575176746667
1,5,11,False,4,Mirai,4,Mirai,0.15835527906333866,0.11150974176294375,0.12286600958710883
1,5,11,False,4,Mirai,5,Recon,0.07900264163847265,0.07204609277172416,0.08906886765228121
1,5,11,False,4,Mirai,6,Spoofing,0.2707012358864915,0.13683180389689895,0.2510653933064498
1,5,11,False,4,Mirai,7,Web-Based,0.007805011812352585,0.03360342467818418,0.008874281087684113
1,5,11,False,5,Recon,0,Benign,0.41321348504552285,0.5548561369848063,0.4927068831424751
1,5,11,False,5,Recon,1,BruteForce,0.006519718482015301,0.01859618771492529,0.00742554195106978
1,5,11,False,5,Recon,2,DDoS,0.006501640731753343,0.02791302619571976,0.009624595886530429
1,5,11,False,5,Recon,3,DoS,0.005903552060133565,0.021427074737402286,0.008328389430311143
1,5,11,False,5,Recon,4,Mirai,0.06555762245968016,0.07589497872106667,0.08341663457695307
1,5,11,False,5,Recon,5,Recon,0.2593484657971639,0.11665067689550969,0.18752957396487546
1,5,11,False,5,Recon,6,Spoofing,0.23544900770530933,0.1427924263164684,0.20326917878805226
1,5,11,False,5,Recon,7,Web-Based,0.007506507718421558,0.04186949243410168,0.0076992022597328095
1,5,11,False,6,Spoofing,0,Benign,0.4317093070459979,0.5523319563847114,0.48286301836284756
1,5,11,False,6,Spoofing,1,BruteForce,0.0060093509812546774,0.01613844425448664,0.007235802502337834
1,5,11,False,6,Spoofing,2,DDoS,0.007199703964997322,0.027484732055808304,0.009895507549570342
1,5,11,False,6,Spoofing,3,DoS,0.007026444912379524,0.022533686410621017,0.009983399578093499
1,5,11,False,6,Spoofing,4,Mirai,0.07260429024075807,0.07754925539233999,0.0785594528290734
1,5,11,False,6,Spoofing,5,Recon,0.1542865925025618,0.1070229650672682,0.12942968868645746
1,5,11,False,6,Spoofing,6,Spoofing,0.3137579737246628,0.16003214656559583,0.2740407670468335
1,5,11,False,6,Spoofing,7,Web-Based,0.007406336627387982,0.036906813869168484,0.007992363444786446
1,5,11,False,7,Web-Based,0,Benign,0.488187017610379,0.5663043329388232,0.5289669156973816
1,5,11,False,7,Web-Based,1,BruteForce,0.005976772451931906,0.016433906760677235,0.006997340482420253
1,5,11,False,7,Web-Based,2,DDoS,0.00731364433578143,0.029383814996871288,0.009770151186618404
1,5,11,False,7,Web-Based,3,DoS,0.007213848934680799,0.020159373483540972,0.009807038889836544
1,5,11,False,7,Web-Based,4,Mirai,0.09859824771472289,0.08681881107320681,0.09178229978131258
1,5,11,False,7,Web-Based,5,Recon,0.12262576141908951,0.10073196175588994,0.12418983171646154
1,5,11,False,7,Web-Based,6,Spoofing,0.2626174100151717,0.143281551626037,0.2204966630762761
1,5,11,False,7,Web-Based,7,Web-Based,0.007467297518242703,0.03688624736495348,0.007989759169692986
1,5,12,False,0,Benign,0,Benign,0.026416871360758324,0.573497415852359,0.026462665550044947
1,5,12,False,0,Benign,1,BruteForce,0.009079666233518056,0.015239907405422122,0.012055694095309408
1,5,12,False,0,Benign,2,DDoS,0.010907454852506429,0.043119496134618615,0.014718325348589106
1,5,12,False,0,Benign,3,DoS,0.03385268480679072,0.02734166259457328,0.09649944847369452
1,5,12,False,0,Benign,4,Mirai,0.5278492406812528,0.07679030057577585,0.497085396462591
1,5,12,False,0,Benign,5,Recon,0.12728431865657908,0.0971200713383905,0.12355267580960916
1,5,12,False,0,Benign,6,Spoofing,0.2024899372383623,0.13366819244813227,0.18046671219629276
1,5,12,False,0,Benign,7,Web-Based,0.062119826170232345,0.03322295365072845,0.04915908206386924
1,5,12,False,1,BruteForce,0,Benign,0.024441050775457475,0.5530101911387516,0.025107642284793254
1,5,12,False,1,BruteForce,1,BruteForce,0.00984459728695997,0.018209091437895016,0.01200549613060556
1,5,12,False,1,BruteForce,2,DDoS,0.010145140792195945,0.02876273874439528,0.013128686943424587
1,5,12,False,1,BruteForce,3,DoS,0.016760977703262382,0.01987207581756507,0.029005819762036804
1,5,12,False,1,BruteForce,4,Mirai,0.5715375170127457,0.08645599751831622,0.5528058772746978
1,5,12,False,1,BruteForce,5,Recon,0.10583670052906456,0.10308083852710465,0.13472743978366244
1,5,12,False,1,BruteForce,6,Spoofing,0.17808274014104214,0.14832315408622096,0.17409356481768265
1,5,12,False,1,BruteForce,7,Web-Based,0.08335127575927193,0.04228591272975109,0.059125473003096875
1,5,12,False,2,DDoS,0,Benign,0.016511013399464664,0.20816436059593008,0.030003869943939145
1,5,12,False,2,DDoS,1,BruteForce,0.012992474176100255,0.01414739561722428,0.017771132103718997
1,5,12,False,2,DDoS,2,DDoS,0.5282769239618877,0.569442247724438,0.3171184497345759
1,5,12,False,2,DDoS,3,DoS,0.0738561326816826,0.02281374783567741,0.10086297956612204
1,5,12,False,2,DDoS,4,Mirai,0.2175399076410179,0.06229834599640794,0.3132603556709456
1,5,12,False,2,DDoS,5,Recon,0.06740609669970919,0.053781648011064914,0.09257944457817051
1,5,12,False,2,DDoS,6,Spoofing,0.05718103373901759,0.04853663698315473,0.08977983377810282
1,5,12,False,2,DDoS,7,Web-Based,0.0262364177011202,0.02081561723610283,0.03862393462442499
1,5,12,False,3,DoS,0,Benign,0.007334919727271866,0.1462564901031221,0.010999057746118568
1,5,12,False,3,DoS,1,BruteForce,0.011699304343589827,0.021825651853915037,0.0175514269892811
1,5,12,False,3,DoS,2,DDoS,0.021808684192331604,0.1478768272685706,0.020152437677119866
1,5,12,False,3,DoS,3,DoS,0.8028966385774184,0.47967165587532473,0.7022069929548109
1,5,12,False,3,DoS,4,Mirai,0.0769046196740896,0.067570959226634,0.11680458200945516
1,5,12,False,3,DoS,5,Recon,0.024717787737561815,0.040706704980607515,0.03703591624944796
1,5,12,False,3,DoS,6,Spoofing,0.039170861228931014,0.07081659006585032,0.07279207348035582
1,5,12,False,3,DoS,7,Web-Based,0.015467184518805929,0.025275120625975558,0.022457512893410584
1,5,12,False,4,Mirai,0,Benign,0.02296444466235051,0.5649976856675359,0.02594305074139693
1,5,12,False,4,Mirai,1,BruteForce,0.00746394948173293,0.01673264548524561,0.010684721840303734
1,5,12,False,4,Mirai,2,DDoS,0.01147093252108097,0.040723773285228554,0.015048815664166753
1,5,12,False,4,Mirai,3,DoS,0.02290615701114728,0.02355483245223879,0.0529732702800002
1,5,12,False,4,Mirai,4,Mirai,0.6834215013338877,0.11150974176294375,0.6064310047794048
1,5,12,False,4,Mirai,5,Recon,0.06326944727504212,0.07204609277172416,0.095220632058516
1,5,12,False,4,Mirai,6,Spoofing,0.14229984516504057,0.13683180389689895,0.14817769204580464
1,5,12,False,4,Mirai,7,Web-Based,0.04620372254971794,0.03360342467818418,0.045520812590406794
1,5,12,False,5,Recon,0,Benign,0.023162842543187137,0.5548561369848063,0.023632525474858623
1,5,12,False,5,Recon,1,BruteForce,0.010167352496657598,0.01859618771492529,0.012284384474508312
1,5,12,False,5,Recon,2,DDoS,0.010153686584848717,0.02791302619571976,0.01318532466708884
1,5,12,False,5,Recon,3,DoS,0.018589928240160526,0.021427074737402286,0.0314168214343716
1,5,12,False,5,Recon,4,Mirai,0.5198884679111152,0.07589497872106667,0.5370038599406017
1,5,12,False,5,Recon,5,Recon,0.15942782486963725,0.11665067689550969,0.16281062096259766
1,5,12,False,5,Recon,6,Spoofing,0.16960099043916316,0.1427924263164684,0.1625838537369057
1,5,12,False,5,Recon,7,Web-Based,0.08900890691523046,0.04186949243410168,0.05708260930906753
1,5,12,False,6,Spoofing,0,Benign,0.025653940037132773,0.5523319563847114,0.026469107199742777
1,5,12,False,6,Spoofing,1,BruteForce,0.009243417587567547,0.01613844425448664,0.011622460802595755
1,5,12,False,6,Spoofing,2,DDoS,0.009747835513881786,0.027484732055808304,0.013628173719736776
1,5,12,False,6,Spoofing,3,DoS,0.02865279281370063,0.022533686410621017,0.05960305714089781
1,5,12,False,6,Spoofing,4,Mirai,0.4922495270828577,0.07754925539233999,0.49415070750533713
1,5,12,False,6,Spoofing,5,Recon,0.12656394194737372,0.1070229650672682,0.1245803767133329
1,5,12,False,6,Spoofing,6,Spoofing,0.2363457666942609,0.16003214656559583,0.2142325937076371
1,5,12,False,6,Spoofing,7,Web-Based,0.071542778323225,0.036906813869168484,0.05571352321071982
1,5,12,False,7,Web-Based,0,Benign,0.024525084492537496,0.5663043329388232,0.02641490311951378
1,5,12,False,7,Web-Based,1,BruteForce,0.008581886423242214,0.016433906760677235,0.011202996129719044
1,5,12,False,7,Web-Based,2,DDoS,0.010185239418930219,0.029383814996871288,0.013888644164304482
1,5,12,False,7,Web-Based,3,DoS,0.02407469142607833,0.020159373483540972,0.03456977866360679
1,5,12,False,7,Web-Based,4,Mirai,0.5838145867064742,0.08681881107320681,0.5575893799557168
1,5,12,False,7,Web-Based,5,Recon,0.10641301009857144,0.10073196175588994,0.13010916216150645
1,5,12,False,7,Web-Based,6,Spoofing,0.17530677744930134,0.143281551626037,0.1695661573199577
1,5,12,False,7,Web-Based,7,Web-Based,0.06709872398486484,0.03688624736495348,0.056658978485675054
1,5,13,False,0,Benign,0,Benign,0.060613056551156015,0.573497415852359,0.06055386004083888
1,5,13,False,0,Benign,1,BruteForce,0.10282840032874446,0.015239907405422122,0.09363316921225759
1,5,13,False,0,Benign,2,DDoS,0.06451543999233951,0.043119496134618615,0.06796401271045555
1,5,13,False,0,Benign,3,DoS,0.012117954061318386,0.02734166259457328,0.01536906606727667
1,5,13,False,0,Benign,4,Mirai,0.05216869506215313,0.07679030057577585,0.05432285348042039
1,5,13,False,0,Benign,5,Recon,0.3776420707107686,0.0971200713383905,0.39795739412411263
1,5,13,False,0,Benign,6,Spoofing,0.1385161859129467,0.13366819244813227,0.1273448450201094
1,5,13,False,0,Benign,7,Web-Based,0.19159819738057315,0.03322295365072845,0.18285479934452892
1,5,13,False,1,BruteForce,0,Benign,0.06466812681620954,0.5530101911387516,0.06219007911701284
1,5,13,False,1,BruteForce,1,BruteForce,0.13690845386827272,0.018209091437895016,0.11360017528602807
1,5,13,False,1,BruteForce,2,DDoS,0.023821375663307384,0.02876273874439528,0.024879683051240126
1,5,13,False,1,BruteForce,3,DoS,0.013793922715815884,0.01987207581756507,0.01628907518567972
1,5,13,False,1,BruteForce,4,Mirai,0.059817734021712456,0.08645599751831622,0.05909321433342645
1,5,13,False,1,BruteForce,5,Recon,0.33435281486440904,0.10308083852710465,0.39380068182300615
1,5,13,False,1,BruteForce,6,Spoofing,0.12298738228481725,0.14832315408622096,0.1127826349398934
1,5,13,False,1,BruteForce,7,Web-Based,0.24365018976545563,0.04228591272975109,0.21736445626371323
1,5,13,False,2,DDoS,0,Benign,0.0228874961947262,0.20816436059593008,0.029645218230663097
1,5,13,False,2,DDoS,1,BruteForce,0.039195588443166195,0.01414739561722428,0.044390003608591314
1,5,13,False,2,DDoS,2,DDoS,0.6688077243417495,0.569442247724438,0.6352909363725004
1,5,13,False,2,DDoS,3,DoS,0.006891065712427139,0.02281374783567741,0.010503117844130891
1,5,13,False,2,DDoS,4,Mirai,0.025461363073573464,0.06229834599640794,0.02860493938647318
1,5,13,False,2,DDoS,5,Recon,0.13486456467251778,0.053781648011064914,0.13708271084685927
1,5,13,False,2,DDoS,6,Spoofing,0.04131977430705775,0.04853663698315473,0.05030055513476766
1,5,13,False,2,DDoS,7,Web-Based,0.06057242325478195,0.02081561723610283,0.06418251857601417
1,5,13,False,3,DoS,0,Benign,0.018866593011644568,0.1462564901031221,0.03233971978002759
1,5,13,False,3,DoS,1,BruteForce,0.057580218303580205,0.021825651853915037,0.05300713177743538
1,5,13,False,3,DoS,2,DDoS,0.35404095280975323,0.1478768272685706,0.2691257299968779
1,5,13,False,3,DoS,3,DoS,0.1899716372968128,0.47967165587532473,0.05076355300514008
1,5,13,False,3,DoS,4,Mirai,0.08303997568039397,0.067570959226634,0.061014517512999064
1,5,13,False,3,DoS,5,Recon,0.1065198477586704,0.040706704980607515,0.29218726986237215
1,5,13,False,3,DoS,6,Spoofing,0.11186571786532583,0.07081659006585032,0.11358387417877497
1,5,13,False,3,DoS,7,Web-Based,0.078115057273819,0.025275120625975558,0.12797820388637293
1,5,13,False,4,Mirai,0,Benign,0.06322398878943737,0.5649976856675359,0.06505704215425251
1,5,13,False,4,Mirai,1,BruteForce,0.12589259346530035,0.01673264548524561,0.10857552825100836
1,5,13,False,4,Mirai,2,DDoS,0.07027101987669616,0.040723773285228554,0.054829259904598894
1,5,13,False,4,Mirai,3,DoS,0.01374329151823832,0.02355483245223879,0.01631967809243778
1,5,13,False,4,Mirai,4,Mirai,0.08587063155118634,0.11150974176294375,0.06634550226409335
1,5,13,False,4,Mirai,5,Recon,0.3018971027244953,0.07204609277172416,0.36094686593090997
1,5,13,False,4,Mirai,6,Spoofing,0.1355326690152031,0.13683180389689895,0.12982506029211566
1,5,13,False,4,Mirai,7,Web-Based,0.203568703059443,0.03360342467818418,0.19810106311058343
1,5,13,False,5,Recon,0,Benign,0.05969950855985227,0.5548561369848063,0.058890944199925195
1,5,13,False,5,Recon,1,BruteForce,0.1250956385473552,0.01859618771492529,0.10996258594731881
1,5,13,False,5,Recon,2,DDoS,0.02234433394023949,0.02791302619571976,0.024575459907588162
1,5,13,False,5,Recon,3,DoS,0.013209736751042337,0.021427074737402286,0.016073495926865418
1,5,13,False,5,Recon,4,Mirai,0.054487433166828685,0.07589497872106667,0.05682780049595466
1,5,13,False,5,Recon,5,Recon,0.3811883284038103,0.11665067689550969,0.4166202590929207
1,5,13,False,5,Recon,6,Spoofing,0.11452900241847107,0.1427924263164684,0.10761596507282863
1,5,13,False,5,Recon,7,Web-Based,0.2294460182124006,0.04186949243410168,0.20943348935659842
1,5,13,False,6,Spoofing,0,Benign,0.058653092765261816,0.5523319563847114,0.05824697724820248
1,5,13,False,6,Spoofing,1,BruteForce,0.10336221861226162,0.01613844425448664,0.09347761890614228
1,5,13,False,6,Spoofing,2,DDoS,0.02076941045125574,0.027484732055808304,0.023553621414356338
1,5,13,False,6,Spoofing,3,DoS,0.012357993005561537,0.022533686410621017,0.015169114494199247
1,5,13,False,6,Spoofing,4,Mirai,0.051650816732320186,0.07754925539233999,0.05348185281645945
1,5,13,False,6,Spoofing,5,Recon,0.4017735913023069,0.1070229650672682,0.4310847366068133
1,5,13,False,6,Spoofing,6,Spoofing,0.14250728668929127,0.16003214656559583,0.12784485484416347
1,5,13,False,6,Spoofing,7,Web-Based,0.20892559044174086,0.036906813869168484,0.19714122366966352
1,5,13,False,7,Web-Based,0,Benign,0.06438070634416669,0.5663043329388232,0.06390660193207431
1,5,13,False,7,Web-Based,1,BruteForce,0.11604603716307059,0.016433906760677235,0.10607394555793523
1,5,13,False,7,Web-Based,2,DDoS,0.026258372504932428,0.029383814996871288,0.030251013981192044
1,5,13,False,7,Web-Based,3,DoS,0.01265170344787058,0.020159373483540972,0.015764724610940636
1,5,13,False,7,Web-Based,4,Mirai,0.0627595170043588,0.08681881107320681,0.05832549336769389
1,5,13,False,7,Web-Based,5,Recon,0.3715564103049363,0.10073196175588994,0.40326458703784607
1,5,13,False,7,Web-Based,6,Spoofing,0.12721535290574337,0.143281551626037,0.11685334765521006
1,5,13,False,7,Web-Based,7,Web-Based,0.21913190032492127,0.03688624736495348,0.20556028585710787
1,5,14,True,0,Benign,0,Benign,0.6071842242532495,0.573497415852359,0.1480594796370353
1,5,14,True,0,Benign,1,BruteForce,0.0413295479615599,0.015239907405422122,0.09103057403818236
1,5,14,True,0,Benign,2,DDoS,0.0714953077493396,0.043119496134618615,0.13501037934870694
1,5,14,True,0,Benign,3,DoS,0.02828402265005868,0.02734166259457328,0.08956857574426136
1,5,14,True,0,Benign,4,Mirai,0.05494943356334985,0.07679030057577585,0.15442565169066882
1,5,14,True,0,Benign,5,Recon,0.08079816779997437,0.0971200713383905,0.16030056009055077
1,5,14,True,0,Benign,6,Spoofing,0.033504180222711934,0.13366819244813227,0.031531698583245976
1,5,14,True,0,Benign,7,Web-Based,0.08245511579975635,0.03322295365072845,0.19007308086734842
1,5,14,True,1,BruteForce,0,Benign,0.5517888712366169,0.5530101911387516,0.15016749450818784
1,5,14,True,1,BruteForce,1,BruteForce,0.05513876424318206,0.018209091437895016,0.11283321346819068
1,5,14,True,1,BruteForce,2,DDoS,0.07316614501000669,0.02876273874439528,0.09277722713760264
1,5,14,True,1,BruteForce,3,DoS,0.025378620997507168,0.01987207581756507,0.04227046551479721
1,5,14,True,1,BruteForce,4,Mirai,0.06055217509757114,0.08645599751831622,0.1726806064477769
1,5,14,True,1,BruteForce,5,Recon,0.09005479565897347,0.10308083852710465,0.15484809839740113
1,5,14,True,1,BruteForce,6,Spoofing,0.034986928019462786,0.14832315408622096,0.03177492365119014
1,5,14,True,1,BruteForce,7,Web-Based,0.10893369973667988,0.04228591272975109,0.24264797087485346
1,5,14,True,2,DDoS,0,Benign,0.5000467512789347,0.20816436059593008,0.05504383470168419
1,5,14,True,2,DDoS,1,BruteForce,0.021635875876172446,0.01414739561722428,0.04343006115053119
1,5,14,True,2,DDoS,2,DDoS,0.28591351573188833,0.569442247724438,0.6399708418223041
1,5,14,True,2,DDoS,3,DoS,0.022884458006228153,0.02281374783567741,0.049627131916077385
1,5,14,True,2,DDoS,4,Mirai,0.04991896444596003,0.06229834599640794,0.06286634217661555
1,5,14,True,2,DDoS,5,Recon,0.04668430607562236,0.053781648011064914,0.059088950315579924
1,5,14,True,2,DDoS,6,Spoofing,0.028575786769791545,0.04853663698315473,0.016241914274441712
1,5,14,True,2,DDoS,7,Web-Based,0.044340341815402445,0.02081561723610283,0.07373092364276607
1,5,14,True,3,DoS,0,Benign,0.5595770140476425,0.1462564901031221,0.036745108652393624
1,5,14,True,3,DoS,1,BruteForce,0.021833091262522388,0.021825651853915037,0.04923689543867314
1,5,14,True,3,DoS,2,DDoS,0.1092673517805065,0.1478768272685706,0.2189361691991132
1,5,14,True,3,DoS,3,DoS,0.15368288412499617,0.47967165587532473,0.4824966946835219
1,5,14,True,3,DoS,4,Mirai,0.044503976418029355,0.067570959226634,0.06901901062078761
1,5,14,True,3,DoS,5,Recon,0.04464903760179412,0.040706704980607515,0.05468298899091042
1,5,14,True,3,DoS,6,Spoofing,0.026272074638829686,0.07081659006585032,0.018572282182331694
1,5,14,True,3,DoS,7,Web-Based,0.040214570125679354,0.025275120625975558,0.07031085023226843
1,5,14,True,4,Mirai,0,Benign,0.5898115156028998,0.5649976856675359,0.14558260732719783
1,5,14,True,4,Mirai,1,BruteForce,0.045149742724024125,0.01673264548524561,0.10089984082769843
1,5,14,True,4,Mirai,2,DDoS,0.08270400250441536,0.040723773285228554,0.132365923533683
1,5,14,True,4,Mirai,3,DoS,0.02660023408060573,0.02355483245223879,0.07981239993660168
1,5,14,True,4,Mirai,4,Mirai,0.06751935721911746,0.11150974176294375,0.1897777612426273
1,5,14,True,4,Mirai,5,Recon,0.07098429693910291,0.07204609277172416,0.12823493531298275
1,5,14,True,4,Mirai,6,Spoofing,0.032086170588263865,0.13683180389689895,0.03008714133987326
1,5,14,True,4,Mirai,7,Web-Based,0.08514468034157072,0.03360342467818418,0.1932393904793358
1,5,14,True,5,Recon,0,Benign,0.5410496833730176,0.5548561369848063,0.14467575747633607
1,5,14,True,5,Recon,1,BruteForce,0.05679131198014735,0.01859618771492529,0.1141463146584827
1,5,14,True,5,Recon,2,DDoS,0.0724042711399499,0.02791302619571976,0.09065836586990135
1,5,14,True,5,Recon,3,DoS,0.026964494738807222,0.021427074737402286,0.0434782976751668
1,5,14,True,5,Recon,4,Mirai,0.05664593343170325,0.07589497872106667,0.16795692760821904
1,5,14,True,5,Recon,5,Recon,0.10103193942946238,0.11665067689550969,0.16936905507596675
1,5,14,True,5,Recon,6,Spoofing,0.03417258173319461,0.1427924263164684,0.03200187725743563
1,5,14,True,5,Recon,7,Web-Based,0.1109397841737178,0.04186949243410168,0.2377134043784918
1,5,14,True,6,Spoofing,0,Benign,0.5980080198661425,0.5523319563847114,0.15515672168342898
1,5,14,True,6,Spoofing,1,BruteForce,0.04443420852821065,0.01613844425448664,0.09402456146783492
1,5,14,True,6,Spoofing,2,DDoS,0.06295902479266853,0.027484732055808304,0.08721759719181094
1,5,14,True,6,Spoofing,3,DoS,0.02697330484961924,0.022533686410621017,0.07751984771762219
1,5,14,True,6,Spoofing,4,Mirai,0.05370495263715196,0.07754925539233999,0.15508192804945162
1,5,14,True,6,Spoofing,5,Recon,0.08938240275757155,0.1070229650672682,0.17753370357063722
1,5,14,True,6,Spoofing,6,Spoofing,0.0346562325449064,0.16003214656559583,0.03393015712444098
1,5,14,True,6,Spoofing,7,Web-Based,0.08988185402372927,0.036906813869168484,0.21953548319477323
1,5,14,True,7,Web-Based,0,Benign,0.5784125284087981,0.5663043329388232,0.16189355912712247
1,5,14,True,7,Web-Based,1,BruteForce,0.04909885888306415,0.016433906760677235,0.10210076203622208
1,5,14,True,7,Web-Based,2,DDoS,0.06984774846273097,0.029383814996871288,0.10510760822241653
1,5,14,True,7,Web-Based,3,DoS,0.02487836436748779,0.020159373483540972,0.046255614517100856
1,5,14,True,7,Web-Based,4,Mirai,0.0589742223734395,0.08681881107320681,0.17585135880458092
1,5,14,True,7,Web-Based,5,Recon,0.08720657552838097,0.10073196175588994,0.15516483640281217
1,5,14,True,7,Web-Based,6,Spoofing,0.03386565177475131,0.143281551626037,0.032388845509535816
1,5,14,True,7,Web-Based,7,Web-Based,0.0977160502013471,0.03688624736495348,0.22123741538020916
1,5,15,True,0,Benign,0,Benign,0.671037693516532,0.573497415852359,0.049839407048369984
1,5,15,True,0,Benign,1,BruteForce,0.013281895730990707,0.015239907405422122,0.031952746373506424
1,5,15,True,0,Benign,2,DDoS,0.07376925425983609,0.043119496134618615,0.5022519274526185
1,5,15,True,0,Benign,3,DoS,0.02578892197715456,0.02734166259457328,0.2867873313995385
1,5,15,True,0,Benign,4,Mirai,0.07203664007935957,0.07679030057577585,0.03710599221636177
1,5,15,True,0,Benign,5,Recon,0.043522540992102204,0.0971200713383905,0.023070707372011598
1,5,15,True,0,Benign,6,Spoofing,0.07481759693906131,0.13366819244813227,0.03884810561062139
1,5,15,True,0,Benign,7,Web-Based,0.025745456504963602,0.03322295365072845,0.03014378252697195
1,5,15,True,1,BruteForce,0,Benign,0.6558940955550521,0.5530101911387516,0.05207551206555742
1,5,15,True,1,BruteForce,1,BruteForce,0.01575481188407957,0.018209091437895016,0.033464480183938446
1,5,15,True,1,BruteForce,2,DDoS,0.08349961019915152,0.02876273874439528,0.5329504797880963
1,5,15,True,1,BruteForce,3,DoS,0.019446854708308352,0.01987207581756507,0.2504226473607079
1,5,15,True,1,BruteForce,4,Mirai,0.07999368082907583,0.08645599751831622,0.03849186840165198
1,5,15,True,1,BruteForce,5,Recon,0.030376670981060203,0.10308083852710465,0.02265328635101351
1,5,15,True,1,BruteForce,6,Spoofing,0.0845897827756416,0.14832315408622096,0.03799244616487405
1,5,15,True,1,BruteForce,7,Web-Based,0.030444493067630963,0.04228591272975109,0.0319492796841605
1,5,15,True,2,DDoS,0,Benign,0.42291890812633187,0.20816436059593008,0.037558931196428384
1,5,15,True,2,DDoS,1,BruteForce,0.011362827903946262,0.01414739561722428,0.02688383215724133
1,5,15,True,2,DDoS,2,DDoS,0.3831997497167828,0.569442247724438,0.7419043758520436
1,5,15,True,2,DDoS,3,DoS,0.024603373019607723,0.02281374783567741,0.10634900120256495
1,5,15,True,2,DDoS,4,Mirai,0.05831669356542934,0.06229834599640794,0.027500291863635604
1,5,15,True,2,DDoS,5,Recon,0.035741590638109444,0.053781648011064914,0.016731122419306972
1,5,15,True,2,DDoS,6,Spoofing,0.043006619235310045,0.04853663698315473,0.021729241659544984
1,5,15,True,2,DDoS,7,Web-Based,0.020850237794482467,0.02081561723610283,0.0213432036492342
1,5,15,True,3,DoS,0,Benign,0.4557644609235694,0.1462564901031221,0.02093062169185039
1,5,15,True,3,DoS,1,BruteForce,0.016173140317351706,0.021825651853915037,0.03937447271880717
1,5,15,True,3,DoS,2,DDoS,0.09488199231270085,0.1478768272685706,0.230983461552189
1,5,15,True,3,DoS,3,DoS,0.2732589385154379,0.47967165587532473,0.6203742998024961
1,5,15,True,3,DoS,4,Mirai,0.057856635582647475,0.067570959226634,0.02558702906097365
1,5,15,True,3,DoS,5,Recon,0.03407696863455763,0.040706704980607515,0.016732501945439
1,5,15,True,3,DoS,6,Spoofing,0.047331715131054525,0.07081659006585032,0.022870721632670718
1,5,15,True,3,DoS,7,Web-Based,0.020656148582680393,0.025275120625975558,0.02314689159557398
1,5,15,True,4,Mirai,0,Benign,0.6454194046265924,0.5649976856675359,0.04918618415140519
1,5,15,True,4,Mirai,1,BruteForce,0.01430186873533963,0.01673264548524561,0.03309853823094742
1,5,15,True,4,Mirai,2,DDoS,0.0877768360591034,0.040723773285228554,0.5135747760258506
1,5,15,True,4,Mirai,3,DoS,0.02504987483157534,0.02355483245223879,0.2778038421421814
1,5,15,True,4,Mirai,4,Mirai,0.0983375548108049,0.11150974176294375,0.039747188923165984
1,5,15,True,4,Mirai,5,Recon,0.030220245508830856,0.07204609277172416,0.018826301336706326
1,5,15,True,4,Mirai,6,Spoofing,0.07364933580590445,0.13683180389689895,0.03737634189122307
1,5,15,True,4,Mirai,7,Web-Based,0.025244879621848917,0.03360342467818418,0.030386827298520075
1,5,15,True,5,Recon,0,Benign,0.654717571157765,0.5548561369848063,0.05231090400242893
1,5,15,True,5,Recon,1,BruteForce,0.016021595995879385,0.01859618771492529,0.03487046593706778
1,5,15,True,5,Recon,2,DDoS,0.08573210613155775,0.02791302619571976,0.5151354536604092
1,5,15,True,5,Recon,3,DoS,0.022435535146324438,0.021427074737402286,0.26560072345031455
1,5,15,True,5,Recon,4,Mirai,0.07213705036030306,0.07589497872106667,0.0376412932965182
1,5,15,True,5,Recon,5,Recon,0.038646861298143986,0.11665067689550969,0.022822761923066533
1,5,15,True,5,Recon,6,Spoofing,0.07936913376340494,0.1427924263164684,0.039236306790337246
1,5,15,True,5,Recon,7,Web-Based,0.030940146146621578,0.04186949243410168,0.03238209093985765
1,5,15,True,6,Spoofing,0,Benign,0.6734769054794437,0.5523319563847114,0.04989348536388863
1,5,15,True,6,Spoofing,1,BruteForce,0.013542678596062833,0.01613844425448664,0.03188649971154166
1,5,15,True,6,Spoofing,2,DDoS,0.06696583049527356,0.027484732055808304,0.48386588385254226
1,5,15,True,6,Spoofing,3,DoS,0.022540938653502873,0.022533686410621017,0.30516149358828903
1,5,15,True,6,Spoofing,4,Mirai,0.06869675482969242,0.07754925539233999,0.03665031104580393
1,5,15,True,6,Spoofing,5,Recon,0.048329565680882425,0.1070229650672682,0.021957736856461973
1,5,15,True,6,Spoofing,6,Spoofing,0.07998988203196261,0.16003214656559583,0.0405992718729204
1,5,15,True,6,Spoofing,7,Web-Based,0.026457444233179656,0.036906813869168484,0.029985317708552225
1,5,15,True,7,Web-Based,0,Benign,0.6594281888882041,0.5663043329388232,0.055652764274874436
1,5,15,True,7,Web-Based,1,BruteForce,0.014199017328415064,0.016433906760677235,0.030874757337916416
1,5,15,True,7,Web-Based,2,DDoS,0.07860129236726068,0.029383814996871288,0.5642708408093295
1,5,15,True,7,Web-Based,3,DoS,0.020139152340403216,0.020159373483540972,0.21004699373683333
1,5,15,True,7,Web-Based,4,Mirai,0.08179673066456092,0.08681881107320681,0.039571216454673305
1,5,15,True,7,Web-Based,5,Recon,0.03941038520867085,0.10073196175588994,0.02516263858178125
1,5,15,True,7,Web-Based,6,Spoofing,0.07858066208163458,0.143281551626037,0.0418851396147757
1,5,15,True,7,Web-Based,7,Web-Based,0.027844571120850568,0.03688624736495348,0.032535649189816065
1,5,16,False,0,Benign,0,Benign,0.5538529910784843,0.573497415852359,0.5289869720531107
1,5,16,False,0,Benign,1,BruteForce,0.0212847880862554,0.015239907405422122,0.022867332490681114
1,5,16,False,0,Benign,2,DDoS,0.17259089102524286,0.043119496134618615,0.16887718426678153
1,5,16,False,0,Benign,3,DoS,0.025530707741045086,0.02734166259457328,0.051841357131975206
1,5,16,False,0,Benign,4,Mirai,0.015587448550542818,0.07679030057577585,0.01948582065520686
1,5,16,False,0,Benign,5,Recon,0.022445835219894728,0.0971200713383905,0.023208244931691616
1,5,16,False,0,Benign,6,Spoofing,0.11490439103944909,0.13366819244813227,0.1089540888176844
1,5,16,False,0,Benign,7,Web-Based,0.0738029472590857,0.03322295365072845,0.07577899965286862
1,5,16,False,1,BruteForce,0,Benign,0.5524381140781768,0.5530101911387516,0.5744545563340866
1,5,16,False,1,BruteForce,1,BruteForce,0.025844078169420165,0.018209091437895016,0.023981889028737272
1,5,16,False,1,BruteForce,2,DDoS,0.15158734887797803,0.02876273874439528,0.12414438639312116
1,5,16,False,1,BruteForce,3,DoS,0.02007616832260934,0.01987207581756507,0.031614801917984124
1,5,16,False,1,BruteForce,4,Mirai,0.01591390220311813,0.08645599751831622,0.0186004018028425
1,5,16,False,1,BruteForce,5,Recon,0.021648318218912044,0.10308083852710465,0.023643384612350504
1,5,16,False,1,BruteForce,6,Spoofing,0.12290147268197067,0.14832315408622096,0.11807850717401792
1,5,16,False,1,BruteForce,7,Web-Based,0.08959059744781485,0.04228591272975109,0.08548207273686008
1,5,16,False,2,DDoS,0,Benign,0.16723400465969385,0.20816436059593008,0.1741260159576502
1,5,16,False,2,DDoS,1,BruteForce,0.014496977458112764,0.01414739561722428,0.020852015820541595
1,5,16,False,2,DDoS,2,DDoS,0.7084100734431498,0.569442247724438,0.6737905432890671
1,5,16,False,2,DDoS,3,DoS,0.017479649136874977,0.02281374783567741,0.028548930532557998
1,5,16,False,2,DDoS,4,Mirai,0.009850820079305116,0.06229834599640794,0.014523519766539204
1,5,16,False,2,DDoS,5,Recon,0.010708417170772548,0.053781648011064914,0.012179546227798073
1,5,16,False,2,DDoS,6,Spoofing,0.04020961822928433,0.04853663698315473,0.04110077740829184
1,5,16,False,2,DDoS,7,Web-Based,0.03161043982280677,0.02081561723610283,0.03487865099755404
1,5,16,False,3,DoS,0,Benign,0.10042911000438128,0.1462564901031221,0.14296338459993616
1,5,16,False,3,DoS,1,BruteForce,0.018278697422222438,0.021825651853915037,0.028642659897336577
1,5,16,False,3,DoS,2,DDoS,0.2823746340720469,0.1478768272685706,0.3066166315495205
1,5,16,False,3,DoS,3,DoS,0.49800565816117265,0.47967165587532473,0.39191929596958774
1,5,16,False,3,DoS,4,Mirai,0.010637409769771134,0.067570959226634,0.017658223094010092
1,5,16,False,3,DoS,5,Recon,0.009255758474736156,0.040706704980607515,0.013790035974995387
1,5,16,False,3,DoS,6,Spoofing,0.052220288468048305,0.07081659006585032,0.05532115693381596
1,5,16,False,3,DoS,7,Web-Based,0.02879844362762115,0.025275120625975558,0.0430886119807976
1,5,16,False,4,Mirai,0,Benign,0.5029385561359646,0.5649976856675359,0.5206070171457508
1,5,16,False,4,Mirai,1,BruteForce,0.023870384066968293,0.01673264548524561,0.023978315131557546
1,5,16,False,4,Mirai,2,DDoS,0.21452794240057657,0.040723773285228554,0.1769630014019333
1,5,16,False,4,Mirai,3,DoS,0.03623881813153165,0.02355483245223879,0.05453570918791254
1,5,16,False,4,Mirai,4,Mirai,0.016766291652586647,0.11150974176294375,0.01941199305439611
1,5,16,False,4,Mirai,5,Recon,0.01932193079670043,0.07204609277172416,0.02135227064962333
1,5,16,False,4,Mirai,6,Spoofing,0.1131223375852992,0.13683180389689895,0.1063665389238147
1,5,16,False,4,Mirai,7,Web-Based,0.07321373923037258,0.03360342467818418,0.07678515450501171
1,5,16,False,5,Recon,0,Benign,0.5487550670255482,0.5548561369848063,0.5716181821311552
1,5,16,False,5,Recon,1,BruteForce,0.025998213614980035,0.01859618771492529,0.024593033053676886
1,5,16,False,5,Recon,2,DDoS,0.14463649014320368,0.02791302619571976,0.12484120043291991
1,5,16,False,5,Recon,3,DoS,0.02155631017669804,0.021427074737402286,0.03375637061389429
1,5,16,False,5,Recon,4,Mirai,0.015496736488757108,0.07589497872106667,0.01840659021605707
1,5,16,False,5,Recon,5,Recon,0.030839470639347413,0.11665067689550969,0.02445099893113418
1,5,16,False,5,Recon,6,Spoofing,0.12044338132243555,0.1427924263164684,0.1158587790935409
1,5,16,False,5,Recon,7,Web-Based,0.09227433058903012,0.04186949243410168,0.08647484552762154
1,5,16,False,6,Spoofing,0,Benign,0.5769009415912545,0.5523319563847114,0.5684098316127797
1,5,16,False,6,Spoofing,1,BruteForce,0.021848424096162004,0.01613844425448664,0.022899105575981814
1,5,16,False,6,Spoofing,2,DDoS,0.12943222264482285,0.027484732055808304,0.11984449504853653
1,5,16,False,6,Spoofing,3,DoS,0.021423928314110125,0.022533686410621017,0.04571222361566175
1,5,16,False,6,Spoofing,4,Mirai,0.01573748633785332,0.07754925539233999,0.019652787043212223
1,5,16,False,6,Spoofing,5,Recon,0.023667754978275734,0.1070229650672682,0.02456865175624679
1,5,16,False,6,Spoofing,6,Spoofing,0.13075886691159336,0.16003214656559583,0.11996086300199292
1,5,16,False,6,Spoofing,7,Web-Based,0.08023037512592807,0.036906813869168484,0.0789520423455883
1,5,16,False,7,Web-Based,0,Benign,0.5679413960369815,0.5663043329388232,0.5714476609725303
1,5,16,False,7,Web-Based,1,BruteForce,0.023388570715479447,0.016433906760677235,0.023310026981546425
1,5,16,False,7,Web-Based,2,DDoS,0.14368274612016443,0.029383814996871288,0.1346747131750776
1,5,16,False,7,Web-Based,3,DoS,0.0206917950557355,0.020159373483540972,0.03355962287673245
1,5,16,False,7,Web-Based,4,Mirai,0.016237727322640096,0.08681881107320681,0.019237949411600824
1,5,16,False,7,Web-Based,5,Recon,0.02237923406186247,0.10073196175588994,0.02394913990804512
1,5,16,False,7,Web-Based,6,Spoofing,0.12009878755390312,0.143281551626037,0.11199076947497222
1,5,16,False,7,Web-Based,7,Web-Based,0.08557974313323345,0.03688624736495348,0.08183011719949508
1,5,17,True,0,Benign,0,Benign,0.6078140926164253,0.573497415852359,0.286889015939312
1,5,17,True,0,Benign,1,BruteForce,0.011819287688705458,0.015239907405422122,0.014141176556226539
1,5,17,True,0,Benign,2,DDoS,0.028322654984186655,0.043119496134618615,0.03934222345283236
1,5,17,True,0,Benign,3,DoS,0.055945347331866874,0.02734166259457328,0.07510850393543397
1,5,17,True,0,Benign,4,Mirai,0.23098077947937723,0.07679030057577585,0.4623639116782699
1,5,17,True,0,Benign,5,Recon,0.010266238705991778,0.0971200713383905,0.012580999550135604
1,5,17,True,0,Benign,6,Spoofing,0.015311862283499829,0.13366819244813227,0.01989494697695438
1,5,17,True,0,Benign,7,Web-Based,0.03953973690994694,0.03322295365072845,0.08967922191083538
1,5,17,True,1,BruteForce,0,Benign,0.5976833063374788,0.5530101911387516,0.26788477225842416
1,5,17,True,1,BruteForce,1,BruteForce,0.012923017766286432,0.018209091437895016,0.01355950147760995
1,5,17,True,1,BruteForce,2,DDoS,0.022945707507333046,0.02876273874439528,0.023824451384301438
1,5,17,True,1,BruteForce,3,DoS,0.025629540464851965,0.01987207581756507,0.021147476688527626
1,5,17,True,1,BruteForce,4,Mirai,0.26609533699655696,0.08645599751831622,0.5076466959494363
1,5,17,True,1,BruteForce,5,Recon,0.008940968491171599,0.10308083852710465,0.01194216929091869
1,5,17,True,1,BruteForce,6,Spoofing,0.015534817136968257,0.14832315408622096,0.021224212398854504
1,5,17,True,1,BruteForce,7,Web-Based,0.05024730529935295,0.04228591272975109,0.1327707205519274
1,5,17,True,2,DDoS,0,Benign,0.4369443122466761,0.20816436059593008,0.09965223464425019
1,5,17,True,2,DDoS,1,BruteForce,0.011470193612328788,0.01414739561722428,0.016912555800301876
1,5,17,True,2,DDoS,2,DDoS,0.3301933927324732,0.569442247724438,0.5916063038604549
1,5,17,True,2,DDoS,3,DoS,0.04015315589033995,0.02281374783567741,0.059647025808189195
1,5,17,True,2,DDoS,4,Mirai,0.12530978727679534,0.06229834599640794,0.16515504529755384
1,5,17,True,2,DDoS,5,Recon,0.011867820653656018,0.053781648011064914,0.010300366663951063
1,5,17,True,2,DDoS,6,Spoofing,0.01591567845939806,0.04853663698315473,0.011752445730340406
1,5,17,True,2,DDoS,7,Web-Based,0.0281456591283325,0.02081561723610283,0.04497402219495862
1,5,17,True,3,DoS,0,Benign,0.45883498540018325,0.1462564901031221,0.05992432340690582
1,5,17,True,3,DoS,1,BruteForce,0.015098187873139391,0.021825651853915037,0.02264921063857181
1,5,17,True,3,DoS,2,DDoS,0.06385967195277167,0.1478768272685706,0.09107857185936827
1,5,17,True,3,DoS,3,DoS,0.31551207536199083,0.47967165587532473,0.6004928338303238
1,5,17,True,3,DoS,4,Mirai,0.08602540759224973,0.067570959226634,0.16149540713187366
1,5,17,True,3,DoS,5,Recon,0.014300146212928732,0.040706704980607515,0.011963184394358726
1,5,17,True,3,DoS,6,Spoofing,0.016019259512955714,0.07081659006585032,0.014793874814484666
1,5,17,True,3,DoS,7,Web-Based,0.030350266093780682,0.025275120625975558,0.037602593924113276
1,5,17,True,4,Mirai,0,Benign,0.5838625989403627,0.5649976856675359,0.24452659773493632
1,5,17,True,4,Mirai,1,BruteForce,0.011859578143654993,0.01673264548524561,0.012452768444411106
1,5,17,True,4,Mirai,2,DDoS,0.027010665309114824,0.040723773285228554,0.02989616356771772
1,5,17,True,4,Mirai,3,DoS,0.0431343435456484,0.02355483245223879,0.03160659118771453
1,5,17,True,4,Mirai,4,Mirai,0.2720496281745581,0.11150974176294375,0.5618601648015825
1,5,17,True,4,Mirai,5,Recon,0.00917339820881446,0.07204609277172416,0.011154268779432132
1,5,17,True,4,Mirai,6,Spoofing,0.01500356658383032,0.13683180389689895,0.01860752929236095
1,5,17,True,4,Mirai,7,Web-Based,0.0379062210940162,0.03360342467818418,0.0898959161918447
1,5,17,True,5,Recon,0,Benign,0.595089966562878,0.5548561369848063,0.25952094279778837
1,5,17,True,5,Recon,1,BruteForce,0.01299457417854879,0.01859618771492529,0.013930722871897163
1,5,17,True,5,Recon,2,DDoS,0.023430686536806817,0.02791302619571976,0.02460110721417558
1,5,17,True,5,Recon,3,DoS,0.02805697540537583,0.021427074737402286,0.026782891227141448
1,5,17,True,5,Recon,4,Mirai,0.2649775740238212,0.07589497872106667,0.5082181784870103
1,5,17,True,5,Recon,5,Recon,0.009004727229899501,0.11665067689550969,0.011940778991640274
1,5,17,True,5,Recon,6,Spoofing,0.01533418701911063,0.1427924263164684,0.02098337634349378
1,5,17,True,5,Recon,7,Web-Based,0.05111130904355923,0.04186949243410168,0.1340220020668531
1,5,17,True,6,Spoofing,0,Benign,0.6139336781916641,0.5523319563847114,0.302606185767156
1,5,17,True,6,Spoofing,1,BruteForce,0.012165219830024337,0.01613844425448664,0.013507241985149722
1,5,17,True,6,Spoofing,2,DDoS,0.022765157901725112,0.027484732055808304,0.025089976437142267
1,5,17,True,6,Spoofing,3,DoS,0.045714594763194595,0.022533686410621017,0.04117615354337931
1,5,17,True,6,Spoofing,4,Mirai,0.23642736481159463,0.07754925539233999,0.48033069048874455
1,5,17,True,6,Spoofing,5,Recon,0.010566706475642224,0.1070229650672682,0.013000229641819839
1,5,17,True,6,Spoofing,6,Spoofing,0.015403415676930324,0.16003214656559583,0.021249318788605573
1,5,17,True,6,Spoofing,7,Web-Based,0.04302386234922465,0.036906813869168484,0.10304020334800273
1,5,17,True,7,Web-Based,0,Benign,0.6020978590321128,0.5663043329388232,0.28968093350244056
1,5,17,True,7,Web-Based,1,BruteForce,0.012152051559741656,0.016433906760677235,0.013761211173983294
1,5,17,True,7,Web-Based,2,DDoS,0.023518215533306252,0.029383814996871288,0.027595103491214332
1,5,17,True,7,Web-Based,3,DoS,0.028542683339237238,0.020159373483540972,0.021580846561655005
1,5,17,True,7,Web-Based,4,Mirai,0.2650481963689426,0.08681881107320681,0.5045295700101171
1,5,17,True,7,Web-Based,5,Recon,0.009461992166731537,0.10073196175588994,0.012630118921325022
1,5,17,True,7,Web-Based,6,Spoofing,0.015248795056572475,0.143281551626037,0.020622524472812886
1,5,17,True,7,Web-Based,7,Web-Based,0.043930206943355476,0.03688624736495348,0.10959969186645173
1,5,18,True,0,Benign,0,Benign,0.5329512800165601,0.573497415852359,0.06003669693124527
1,5,18,True,0,Benign,1,BruteForce,0.011914176548003369,0.015239907405422122,0.015925282420627428
1,5,18,True,0,Benign,2,DDoS,0.19073189878944705,0.043119496134618615,0.1752512081883567
1,5,18,True,0,Benign,3,DoS,0.021699497329575206,0.02734166259457328,0.05925209115095998
1,5,18,True,0,Benign,4,Mirai,0.10002034159423077,0.07679030057577585,0.2680656923199855
1,5,18,True,0,Benign,5,Recon,0.035301441006686,0.0971200713383905,0.10830681306316478
1,5,18,True,0,Benign,6,Spoofing,0.06595232811097101,0.13366819244813227,0.1953149492678493
1,5,18,True,0,Benign,7,Web-Based,0.04142903660452647,0.03322295365072845,0.11784726665781116
1,5,18,True,1,BruteForce,0,Benign,0.4996607944524125,0.5530101911387516,0.05985143394031293
1,5,18,True,1,BruteForce,1,BruteForce,0.013990162112136988,0.018209091437895016,0.015592786599150038
1,5,18,True,1,BruteForce,2,DDoS,0.19449124938731,0.02876273874439528,0.1289359280752761
1,5,18,True,1,BruteForce,3,DoS,0.016182779451158893,0.01987207581756507,0.02215712225230054
1,5,18,True,1,BruteForce,4,Mirai,0.11573269796844676,0.08645599751831622,0.317016468517998
1,5,18,True,1,BruteForce,5,Recon,0.03467525388856806,0.10308083852710465,0.11847456578080608
1,5,18,True,1,BruteForce,6,Spoofing,0.07221441692309798,0.14832315408622096,0.18611693944709506
1,5,18,True,1,BruteForce,7,Web-Based,0.05305264581686883,0.04228591272975109,0.15185475538706122
1,5,18,True,2,DDoS,0,Benign,0.4258723777653224,0.20816436059593008,0.029062631855855094
1,5,18,True,2,DDoS,1,BruteForce,0.009571141199508597,0.01414739561722428,0.016288194304989984
1,5,18,True,2,DDoS,2,DDoS,0.39402353490556297,0.569442247724438,0.6648201106739219
1,5,18,True,2,DDoS,3,DoS,0.01884063904325194,0.02281374783567741,0.034976272066712825
1,5,18,True,2,DDoS,4,Mirai,0.061398772947993195,0.06229834599640794,0.096397978138924
1,5,18,True,2,DDoS,5,Recon,0.02667415303977826,0.053781648011064914,0.05429758367867338
1,5,18,True,2,DDoS,6,Spoofing,0.038604596324095145,0.04853663698315473,0.056696095005218945
1,5,18,True,2,DDoS,7,Web-Based,0.025014784774487552,0.02081561723610283,0.047461134275703955
1,5,18,True,3,DoS,0,Benign,0.4977919913116677,0.1462564901031221,0.02066310555668643
1,5,18,True,3,DoS,1,BruteForce,0.012138837513919252,0.021825651853915037,0.023275818268509742
1,5,18,True,3,DoS,2,DDoS,0.20506862195921738,0.1478768272685706,0.258822317646216
1,5,18,True,3,DoS,3,DoS,0.1444384342250451,0.47967165587532473,0.4234930144571863
1,5,18,True,3,DoS,4,Mirai,0.04878019298609778,0.067570959226634,0.09426692062515364
1,5,18,True,3,DoS,5,Recon,0.028350031931044264,0.040706704980607515,0.039583359254818457
1,5,18,True,3,DoS,6,Spoofing,0.03793310784677157,0.07081659006585032,0.08592159588391285
1,5,18,True,3,DoS,7,Web-Based,0.025498782226237065,0.025275120625975558,0.05397386830751663
1,5,18,True,4,Mirai,0,Benign,0.5133494086363756,0.5649976856675359,0.05628407963491555
1,5,18,True,4,Mirai,1,BruteForce,0.012530277275859154,0.01673264548524561,0.01544059660104304
1,5,18,True,4,Mirai,2,DDoS,0.2035554277934357,0.040723773285228554,0.15448560210473708
1,5,18,True,4,Mirai,3,DoS,0.01826152133203845,0.02355483245223879,0.04912073475735243
1,5,18,True,4,Mirai,4,Mirai,0.11922998269954055,0.11150974176294375,0.3346982396821286
1,5,18,True,4,Mirai,5,Recon,0.02898348054270559,0.07204609277172416,0.09483282830803735
1,5,18,True,4,Mirai,6,Spoofing,0.06415443612116856,0.13683180389689895,0.17399327749416404
1,5,18,True,4,Mirai,7,Web-Based,0.0399354655988764,0.03360342467818418,0.12114464141762199
1,5,18,True,5,Recon,0,Benign,0.5027974185308404,0.5548561369848063,0.05812312447001411
1,5,18,True,5,Recon,1,BruteForce,0.013902740513239416,0.01859618771492529,0.015691333544148797
1,5,18,True,5,Recon,2,DDoS,0.1959887438759901,0.02791302619571976,0.122115431082052
1,5,18,True,5,Recon,3,DoS,0.016695493421868567,0.021427074737402286,0.022574914676715394
1,5,18,True,5,Recon,4,Mirai,0.11144082048852098,0.07589497872106667,0.3151549157088511
1,5,18,True,5,Recon,5,Recon,0.03710887692394006,0.11665067689550969,0.13887600447012433
1,5,18,True,5,Recon,6,Spoofing,0.06876441338203236,0.1427924263164684,0.17694869786890408
1,5,18,True,5,Recon,7,Web-Based,0.05330149286356827,0.04186949243410168,0.15051557817919023
1,5,18,True,6,Spoofing,0,Benign,0.539727249915917,0.5523319563847114,0.06170834865848539
1,5,18,True,6,Spoofing,1,BruteForce,0.01213618701579085,0.01613844425448664,0.015800834351637857
1,5,18,True,6,Spoofing,2,DDoS,0.17183819906596431,0.027484732055808304,0.1232908717829644
1,5,18,True,6,Spoofing,3,DoS,0.019069732833474882,0.022533686410621017,0.04271692378464614
1,5,18,True,6,Spoofing,4,Mirai,0.09903128239849596,0.07754925539233999,0.2729913861731602
1,5,18,True,6,Spoofing,5,Recon,0.038874497612269444,0.1070229650672682,0.11501973307918247
1,5,18,True,6,Spoofing,6,Spoofing,0.0734240186401104,0.16003214656559583,0.23591856384237125
1,5,18,True,6,Spoofing,7,Web-Based,0.04589883251797718,0.036906813869168484,0.13255333832755234
1,5,18,True,7,Web-Based,0,Benign,0.5173097482757257,0.5663043329388232,0.06290869206457517
1,5,18,True,7,Web-Based,1,BruteForce,0.012742993631285745,0.016433906760677235,0.015319260554912553
1,5,18,True,7,Web-Based,2,DDoS,0.18753695178531662,0.029383814996871288,0.14188922350994165
1,5,18,True,7,Web-Based,3,DoS,0.01639809349982165,0.020159373483540972,0.02459099334319162
1,5,18,True,7,Web-Based,4,Mirai,0.11581978120115727,0.08681881107320681,0.31275061179402036
1,5,18,True,7,Web-Based,5,Recon,0.034930826325925736,0.10073196175588994,0.11708161224186986
1,5,18,True,7,Web-Based,6,Spoofing,0.06903060962513442,0.143281551626037,0.1881912653758733
1,5,18,True,7,Web-Based,7,Web-Based,0.04623099565563294,0.03688624736495348,0.13726834111561545
1,5,19,False,0,Benign,0,Benign,0.09532868972279156,0.573497415852359,0.08823387665806656
1,5,19,False,0,Benign,1,BruteForce,0.0125683040130827,0.015239907405422122,0.01888932090882132
1,5,19,False,0,Benign,2,DDoS,0.18774055078075455,0.043119496134618615,0.2429632693628746
1,5,19,False,0,Benign,3,DoS,0.052580412140412265,0.02734166259457328,0.08348141086570714
1,5,19,False,0,Benign,4,Mirai,0.015772035440237735,0.07679030057577585,0.019610591700312093
1,5,19,False,0,Benign,5,Recon,0.13742511831115026,0.0971200713383905,0.17813600008336025
1,5,19,False,0,Benign,6,Spoofing,0.48344150316968965,0.13366819244813227,0.3497237577388485
1,5,19,False,0,Benign,7,Web-Based,0.01514338642188138,0.03322295365072845,0.018961772682009412
1,5,19,False,1,BruteForce,0,Benign,0.10084912942544372,0.5530101911387516,0.09913790567731263
1,5,19,False,1,BruteForce,1,BruteForce,0.012813491013914838,0.018209091437895016,0.018064839186361405
1,5,19,False,1,BruteForce,2,DDoS,0.17459597848736053,0.02876273874439528,0.20349844104536582
1,5,19,False,1,BruteForce,3,DoS,0.019446250155410457,0.01987207581756507,0.02784390523462867
1,5,19,False,1,BruteForce,4,Mirai,0.016094486995236107,0.08645599751831622,0.01950739318485699
1,5,19,False,1,BruteForce,5,Recon,0.126028756804033,0.10308083852710465,0.2187069857341637
1,5,19,False,1,BruteForce,6,Spoofing,0.5346167046091821,0.14832315408622096,0.3939871007678026
1,5,19,False,1,BruteForce,7,Web-Based,0.015555202509419259,0.04228591272975109,0.019253429169508115
1,5,19,False,2,DDoS,0,Benign,0.03081386060428862,0.20816436059593008,0.03767276258733159
1,5,19,False,2,DDoS,1,BruteForce,0.00946221663281649,0.01414739561722428,0.016056824115162807
1,5,19,False,2,DDoS,2,DDoS,0.7164360287233742,0.569442247724438,0.6882905537192153
1,5,19,False,2,DDoS,3,DoS,0.035369487909726285,0.02281374783567741,0.048163516725315256
1,5,19,False,2,DDoS,4,Mirai,0.0101272402444118,0.06229834599640794,0.016534657503638764
1,5,19,False,2,DDoS,5,Recon,0.06463817252353374,0.053781648011064914,0.07958947246139361
1,5,19,False,2,DDoS,6,Spoofing,0.1260943468271958,0.04853663698315473,0.10282389900793108
1,5,19,False,2,DDoS,7,Web-Based,0.007058646534653134,0.02081561723610283,0.010868313880011578
1,5,19,False,3,DoS,0,Benign,0.013924175914767117,0.1462564901031221,0.020026217259025727
1,5,19,False,3,DoS,1,BruteForce,0.0141921474587065,0.021825651853915037,0.025034336214780212
1,5,19,False,3,DoS,2,DDoS,0.19775150786047843,0.1478768272685706,0.20879855364634697
1,5,19,False,3,DoS,3,DoS,0.6641684950249958,0.47967165587532473,0.5733914465592493
1,5,19,False,3,DoS,4,Mirai,0.009061160703927955,0.067570959226634,0.015936369513321242
1,5,19,False,3,DoS,5,Recon,0.027865359985073657,0.040706704980607515,0.0464978550774566
1,5,19,False,3,DoS,6,Spoofing,0.06657741819551141,0.07081659006585032,0.09841889403122607
1,5,19,False,3,DoS,7,Web-Based,0.006459734856539252,0.025275120625975558,0.011896327698594002
1,5,19,False,4,Mirai,0,Benign,0.09062812276135063,0.5649976856675359,0.09167101573892925
1,5,19,False,4,Mirai,1,BruteForce,0.013108924950112998,0.01673264548524561,0.019798226119701657
1,5,19,False,4,Mirai,2,DDoS,0.25532800051275967,0.040723773285228554,0.2596567372868506
1,5,19,False,4,Mirai,3,DoS,0.05187463774895688,0.02355483245223879,0.07104045203391178
1,5,19,False,4,Mirai,4,Mirai,0.018361657233880443,0.11150974176294375,0.021280885764181936
1,5,19,False,4,Mirai,5,Recon,0.1023478648723977,0.07204609277172416,0.16300272388462222
1,5,19,False,4,Mirai,6,Spoofing,0.45380640562924374,0.13683180389689895,0.35435016413821613
1,5,19,False,4,Mirai,7,Web-Based,0.014544386291297902,0.03360342467818418,0.019199795033586476
1,5,19,False,5,Recon,0,Benign,0.10005696499270754,0.5548561369848063,0.09760074570728806
1,5,19,False,5,Recon,1,BruteForce,0.012314208721942147,0.01859618771492529,0.01785633303978797
1,5,19,False,5,Recon,2,DDoS,0.16823284537493677,0.02791302619571976,0.1952643830935358
1,5,19,False,5,Recon,3,DoS,0.02046113837050296,0.021427074737402286,0.02951280555912488
1,5,19,False,5,Recon,4,Mirai,0.014670997550623918,0.07589497872106667,0.019269203289343086
1,5,19,False,5,Recon,5,Recon,0.18445459843399328,0.11665067689550969,0.24910730652688962
1,5,19,False,5,Recon,6,Spoofing,0.48455094448350916,0.1427924263164684,0.37247809202891285
1,5,19,False,5,Recon,7,Web-Based,0.015258302071784304,0.04186949243410168,0.018911130755117668
1,5,19,False,6,Spoofing,0,Benign,0.09791260478159033,0.5523319563847114,0.09459257177217283
1,5,19,False,6,Spoofing,1,BruteForce,0.011503830341254783,0.01613844425448664,0.018608910498152272
1,5,19,False,6,Spoofing,2,DDoS,0.13983956640811535,0.027484732055808304,0.18479530680509787
1,5,19,False,6,Spoofing,3,DoS,0.03573493459512646,0.022533686410621017,0.06258030746707754
1,5,19,False,6,Spoofing,4,Mirai,0.01512948958613208,0.07754925539233999,0.01943747529338753
1,5,19,False,6,Spoofing,5,Recon,0.1559169117694419,0.1070229650672682,0.19519971533553404
1,5,19,False,6,Spoofing,6,Spoofing,0.5291521472350861,0.16003214656559583,0.405441605634872
1,5,19,False,6,Spoofing,7,Web-Based,0.014810515283253113,0.036906813869168484,0.01934410719370588
1,5,19,False,7,Web-Based,0,Benign,0.10504936535286664,0.5663043329388232,0.1007990821887821
1,5,19,False,7,Web-Based,1,BruteForce,0.012001269943949143,0.016433906760677235,0.018501421292924862
1,5,19,False,7,Web-Based,2,DDoS,0.17968293110157452,0.029383814996871288,0.2250672477616476
1,5,19,False,7,Web-Based,3,DoS,0.028020940301818984,0.020159373483540972,0.03364515979787337
1,5,19,False,7,Web-Based,4,Mirai,0.01598307027368236,0.08681881107320681,0.019942477727555873
1,5,19,False,7,Web-Based,5,Recon,0.1439009112672107,0.10073196175588994,0.2106561159097662
1,5,19,False,7,Web-Based,6,Spoofing,0.49961743194052766,0.143281551626037,0.37142243101012146
1,5,19,False,7,Web-Based,7,Web-Based,0.015744079818370053,0.03688624736495348,0.01996606431132858
2,6,0,False,0,Benign,0,Benign,0.27905524132237225,0.5707738160640804,0.26278178160925625
2,6,0,False,0,Benign,1,BruteForce,0.09023320588065675,0.01896591326786624,0.05988172549568824
2,6,0,False,0,Benign,2,DDoS,0.009152605189962824,0.04739462308163912,0.017071578120114936
2,6,0,False,0,Benign,3,DoS,0.1485874049106819,0.02466442165271992,0.1844970353632558
2,6,0,False,0,Benign,4,Mirai,0.29208060881841685,0.07642628724639984,0.2918442271356306
2,6,0,False,0,Benign,5,Recon,0.13807372113531163,0.08162554939405728,0.14228985307871034
2,6,0,False,0,Benign,6,Spoofing,0.0228307546601759,0.14892436162723877,0.020855983251581833
2,6,0,False,0,Benign,7,Web-Based,0.019986458082421964,0.0312250276659984,0.020777815945762
2,6,0,False,1,BruteForce,0,Benign,0.23618873237296356,0.5668547573939706,0.2656430290659468
2,6,0,False,1,BruteForce,1,BruteForce,0.17235419612270264,0.023895432278591987,0.08753372719811156
2,6,0,False,1,BruteForce,2,DDoS,0.010250089943337114,0.02862703258591132,0.012764178493417473
2,6,0,False,1,BruteForce,3,DoS,0.06394810176154328,0.01880829259839652,0.07678476689708104
2,6,0,False,1,BruteForce,4,Mirai,0.3318260111232483,0.09454242170189128,0.3325634123379524
2,6,0,False,1,BruteForce,5,Recon,0.13273167905206715,0.06934445939324534,0.17508103946245743
2,6,0,False,1,BruteForce,6,Spoofing,0.023445144492445398,0.1567344222513211,0.022715882767572422
2,6,0,False,1,BruteForce,7,Web-Based,0.029256045131692623,0.04119318179667192,0.026913963777460977
2,6,0,False,2,DDoS,0,Benign,0.07112032338158868,0.1841755794537286,0.10478185413533818
2,6,0,False,2,DDoS,1,BruteForce,0.03269594404468893,0.014162648506849732,0.03363773507810239
2,6,0,False,2,DDoS,2,DDoS,0.5792369483583906,0.5914684805779385,0.4555644832146435
2,6,0,False,2,DDoS,3,DoS,0.10959604903514074,0.025142604497944865,0.16267828503382503
2,6,0,False,2,DDoS,4,Mirai,0.127638132105069,0.06652008666441481,0.13805545173557351
2,6,0,False,2,DDoS,5,Recon,0.059582441714641075,0.05084541331708668,0.07114814746332884
2,6,0,False,2,DDoS,6,Spoofing,0.009686101780072998,0.04839240511440454,0.014144695575032938
2,6,0,False,2,DDoS,7,Web-Based,0.010444059580408054,0.01929278186763206,0.019989347764155587
2,6,0,False,3,DoS,0,Benign,0.020421637951703334,0.12512691677947357,0.031183219318431078
2,6,0,False,3,DoS,1,BruteForce,0.016216360221796518,0.02251067361554498,0.016828722475000998
2,6,0,False,3,DoS,2,DDoS,0.02330831793780394,0.15226853745182944,0.02177625241987036
2,6,0,False,3,DoS,3,DoS,0.8885103997116736,0.5168903153714932,0.8446218761534362
2,6,0,False,3,DoS,4,Mirai,0.024641639692109907,0.06446110841905506,0.0431461770917808
2,6,0,False,3,DoS,5,Recon,0.017399557198880977,0.03702111229422581,0.026358258254224377
2,6,0,False,3,DoS,6,Spoofing,0.005432120471578445,0.06155514816429548,0.00856158772017071
2,6,0,False,3,DoS,7,Web-Based,0.004069966814453165,0.020166187904082457,0.007523906567085566
2,6,0,False,4,Mirai,0,Benign,0.22883863989235442,0.5516637308934278,0.25716740971373475
2,6,0,False,4,Mirai,1,BruteForce,0.08469641507399096,0.021156930174758594,0.06214343396007815
2,6,0,False,4,Mirai,2,DDoS,0.011201813194180704,0.04809789168189048,0.01386823720359379
2,6,0,False,4,Mirai,3,DoS,0.07371286205578753,0.02179135351882479,0.149772069756984
2,6,0,False,4,Mirai,4,Mirai,0.4873493819033725,0.12223314028052162,0.3716587945662579
2,6,0,False,4,Mirai,5,Recon,0.07410741333039374,0.06273513876517309,0.10328053476161966
2,6,0,False,4,Mirai,6,Spoofing,0.022972719569427143,0.14123782298257997,0.02136984537726492
2,6,0,False,4,Mirai,7,Web-Based,0.017120754980493046,0.03108399170282371,0.020739674660466896
2,6,0,False,5,Recon,0,Benign,0.2141830861179658,0.562625890390798,0.24724985801781527
2,6,0,False,5,Recon,1,BruteForce,0.15203106528186833,0.023929013752491318,0.0851020256366411
2,6,0,False,5,Recon,2,DDoS,0.009539742905675814,0.026991223596798977,0.012058303129683059
2,6,0,False,5,Recon,3,DoS,0.08771727719811791,0.019836478788720423,0.0998195894281689
2,6,0,False,5,Recon,4,Mirai,0.27012695973434553,0.08406251652449458,0.3057203541264973
2,6,0,False,5,Recon,5,Recon,0.21403031206988074,0.09513678313178152,0.20288978965026663
2,6,0,False,5,Recon,6,Spoofing,0.022400217490746777,0.14655780275178934,0.021513182207612613
2,6,0,False,5,Recon,7,Web-Based,0.029971339201399064,0.04086029106312592,0.025646897803315197
2,6,0,False,6,Spoofing,0,Benign,0.2692184524218051,0.5631880294615021,0.27290338038420653
2,6,0,False,6,Spoofing,1,BruteForce,0.11245990717224845,0.02044899585618484,0.06470870055203756
2,6,0,False,6,Spoofing,2,DDoS,0.008956703371650864,0.026083454333751293,0.012183481902706246
2,6,0,False,6,Spoofing,3,DoS,0.09058541180951978,0.020663313884853266,0.14846015901941642
2,6,0,False,6,Spoofing,4,Mirai,0.3026230098654793,0.07848836862206211,0.2955883962719409
2,6,0,False,6,Spoofing,5,Recon,0.1624642467045454,0.085590159967357,0.16073231861293877
2,6,0,False,6,Spoofing,6,Spoofing,0.02871003580261386,0.16944727185293113,0.022702443629196753
2,6,0,False,6,Spoofing,7,Web-Based,0.02498223285213717,0.03609040602135815,0.02272111962755682
2,6,0,False,7,Web-Based,0,Benign,0.2654787583921394,0.5637952655630745,0.2828623583119801
2,6,0,False,7,Web-Based,1,BruteForce,0.09900750873989152,0.02133970376123079,0.06785994904824477
2,6,0,False,7,Web-Based,2,DDoS,0.010663138090315025,0.029498449536390553,0.014249287961015595
2,6,0,False,7,Web-Based,3,DoS,0.07074388435440108,0.01902490325413496,0.10621673236144319
2,6,0,False,7,Web-Based,4,Mirai,0.3852044915768301,0.0940991334305831,0.34482029681020887
2,6,0,False,7,Web-Based,5,Recon,0.12147542413900463,0.07847681728896738,0.13843233178161277
2,6,0,False,7,Web-Based,6,Spoofing,0.025043449157428514,0.15781454772964557,0.022295377231029485
2,6,0,False,7,Web-Based,7,Web-Based,0.022383345549989817,0.03595117943597321,0.023263666494465214
2,6,1,True,0,Benign,0,Benign,0.48994716530851595,0.5707738160640804,0.013568399554844724
2,6,1,True,0,Benign,1,BruteForce,0.0057726844308922,0.01896591326786624,0.008605934639372665
2,6,1,True,0,Benign,2,DDoS,0.03954196223532835,0.04739462308163912,0.07444771125811747
2,6,1,True,0,Benign,3,DoS,0.01257328237735076,0.02466442165271992,0.018250106949369942
2,6,1,True,0,Benign,4,Mirai,0.060978669537251805,0.07642628724639984,0.10807574100270502
2,6,1,True,0,Benign,5,Recon,0.1498402455303862,0.08162554939405728,0.2907260211972004
2,6,1,True,0,Benign,6,Spoofing,0.23550658045203332,0.14892436162723877,0.47608512375763967
2,6,1,True,0,Benign,7,Web-Based,0.005839410128241555,0.0312250276659984,0.010240961640750088
2,6,1,True,1,BruteForce,0,Benign,0.48138459382820026,0.5668547573939706,0.012838263384921755
2,6,1,True,1,BruteForce,1,BruteForce,0.005852927127489035,0.023895432278591987,0.008322975190072216
2,6,1,True,1,BruteForce,2,DDoS,0.027697130258072092,0.02862703258591132,0.0486947483017159
2,6,1,True,1,BruteForce,3,DoS,0.007057051902586268,0.01880829259839652,0.011921294151150431
2,6,1,True,1,BruteForce,4,Mirai,0.0690819595733131,0.09454242170189128,0.1105990736221884
2,6,1,True,1,BruteForce,5,Recon,0.1432349649114179,0.06934445939324534,0.29782863486713473
2,6,1,True,1,BruteForce,6,Spoofing,0.25965470589390266,0.1567344222513211,0.5004098369481974
2,6,1,True,1,BruteForce,7,Web-Based,0.006036666505018755,0.04119318179667192,0.00938517353461923
2,6,1,True,2,DDoS,0,Benign,0.4159952660416441,0.1841755794537286,0.010789170177697706
2,6,1,True,2,DDoS,1,BruteForce,0.006015993226195333,0.014162648506849732,0.008010163860307824
2,6,1,True,2,DDoS,2,DDoS,0.3807255562058824,0.5914684805779385,0.6681850151860528
2,6,1,True,2,DDoS,3,DoS,0.012177064638982556,0.025142604497944865,0.02380207038049753
2,6,1,True,2,DDoS,4,Mirai,0.03696789778464222,0.06652008666441481,0.04539266732934675
2,6,1,True,2,DDoS,5,Recon,0.062078977152346726,0.05084541331708668,0.10933311795857123
2,6,1,True,2,DDoS,6,Spoofing,0.0806810182855152,0.04839240511440454,0.12801525908105618
2,6,1,True,2,DDoS,7,Web-Based,0.005358226664791437,0.01929278186763206,0.006472536026470069
2,6,1,True,3,DoS,0,Benign,0.4262100717499652,0.12512691677947357,0.010252218338446022
2,6,1,True,3,DoS,1,BruteForce,0.009209090332723381,0.02251067361554498,0.015216404503898918
2,6,1,True,3,DoS,2,DDoS,0.09259171347415267,0.15226853745182944,0.17155529533872457
2,6,1,True,3,DoS,3,DoS,0.28787851938036857,0.5168903153714932,0.5166624340617575
2,6,1,True,3,DoS,4,Mirai,0.035917499051330085,0.06446110841905506,0.050020635236841596
2,6,1,True,3,DoS,5,Recon,0.03806947931889887,0.03702111229422581,0.05898538021733843
2,6,1,True,3,DoS,6,Spoofing,0.103300307320756,0.06155514816429548,0.16568625965394038
2,6,1,True,3,DoS,7,Web-Based,0.006823319371805098,0.020166187904082457,0.011621372649052655
2,6,1,True,4,Mirai,0,Benign,0.4869666264189545,0.5516637308934278,0.014618137705013036
2,6,1,True,4,Mirai,1,BruteForce,0.005874801655410954,0.021156930174758594,0.009102412497405885
2,6,1,True,4,Mirai,2,DDoS,0.04157065138356925,0.04809789168189048,0.08760477884375821
2,6,1,True,4,Mirai,3,DoS,0.011077821652978291,0.02179135351882479,0.02267124101393727
2,6,1,True,4,Mirai,4,Mirai,0.08493969145575893,0.12223314028052162,0.15230992245626365
2,6,1,True,4,Mirai,5,Recon,0.10521579194456139,0.06273513876517309,0.21313913990613298
2,6,1,True,4,Mirai,6,Spoofing,0.25825699552504955,0.14123782298257997,0.4892664164272418
2,6,1,True,4,Mirai,7,Web-Based,0.006097619963717277,0.03108399170282371,0.011287951150247227
2,6,1,True,5,Recon,0,Benign,0.4827306600168338,0.562625890390798,0.011824808752694154
2,6,1,True,5,Recon,1,BruteForce,0.005811491721777288,0.023929013752491318,0.007794146199475564
2,6,1,True,5,Recon,2,DDoS,0.024615865449800503,0.026991223596798977,0.043844228754022566
2,6,1,True,5,Recon,3,DoS,0.007043048016083205,0.019836478788720423,0.011222183207049409
2,6,1,True,5,Recon,4,Mirai,0.0622172688228298,0.08406251652449458,0.10642451725044536
2,6,1,True,5,Recon,5,Recon,0.19462101500595774,0.09513678313178152,0.38581164237960236
2,6,1,True,5,Recon,6,Spoofing,0.21716073702845748,0.14655780275178934,0.42455073847402264
2,6,1,True,5,Recon,7,Web-Based,0.0057999139382602415,0.04086029106312592,0.00852773498268801
2,6,1,True,6,Spoofing,0,Benign,0.46418691877032553,0.5631880294615021,0.012756547625364765
2,6,1,True,6,Spoofing,1,BruteForce,0.005669053759650873,0.02044899585618484,0.00793767673279992
2,6,1,True,6,Spoofing,2,DDoS,0.023340147381889113,0.026083454333751293,0.04094354636442861
2,6,1,True,6,Spoofing,3,DoS,0.008424530059055748,0.020663313884853266,0.013276564153364187
2,6,1,True,6,Spoofing,4,Mirai,0.060442536621921304,0.07848836862206211,0.10214290260601923
2,6,1,True,6,Spoofing,5,Recon,0.17111552643208672,0.085590159967357,0.30987281749361173
2,6,1,True,6,Spoofing,6,Spoofing,0.2610682816717516,0.16944727185293113,0.5035233321847596
2,6,1,True,6,Spoofing,7,Web-Based,0.005753005303319123,0.03609040602135815,0.009546612839651922
2,6,1,True,7,Web-Based,0,Benign,0.48366904176081466,0.5637952655630745,0.013734158361343934
2,6,1,True,7,Web-Based,1,BruteForce,0.00567927309690069,0.02133970376123079,0.008298821415736183
2,6,1,True,7,Web-Based,2,DDoS,0.02915228448734929,0.029498449536390553,0.05452670758696665
2,6,1,True,7,Web-Based,3,DoS,0.007547995646599601,0.01902490325413496,0.012572142659275492
2,6,1,True,7,Web-Based,4,Mirai,0.07177081133221128,0.0940991334305831,0.12680239855305564
2,6,1,True,7,Web-Based,5,Recon,0.14997430393903385,0.07847681728896738,0.29510931665947837
2,6,1,True,7,Web-Based,6,Spoofing,0.2462937213092329,0.15781454772964557,0.47882548768979566
2,6,1,True,7,Web-Based,7,Web-Based,0.005912568427857799,0.03595117943597321,0.010130967074348123
2,6,2,False,0,Benign,0,Benign,0.1520999419522059,0.5707738160640804,0.15516749217397513
2,6,2,False,0,Benign,1,BruteForce,0.020150203777868594,0.01896591326786624,0.02020697169099876
2,6,2,False,0,Benign,2,DDoS,0.016685140119125627,0.04739462308163912,0.02483690992421998
2,6,2,False,0,Benign,3,DoS,0.011713042715376053,0.02466442165271992,0.021903132373728325
2,6,2,False,0,Benign,4,Mirai,0.2539511823497861,0.07642628724639984,0.3359140225651714
2,6,2,False,0,Benign,5,Recon,0.49513217625619704,0.08162554939405728,0.38273503638041545
2,6,2,False,0,Benign,6,Spoofing,0.028892560153326988,0.14892436162723877,0.03607525256740638
2,6,2,False,0,Benign,7,Web-Based,0.021375752676113496,0.0312250276659984,0.02316118232408474
2,6,2,False,1,BruteForce,0,Benign,0.14022048064451056,0.5668547573939706,0.1467095370191094
2,6,2,False,1,BruteForce,1,BruteForce,0.02879395186964719,0.023895432278591987,0.022985457984859892
2,6,2,False,1,BruteForce,2,DDoS,0.011155539925866959,0.02862703258591132,0.017791320728001596
2,6,2,False,1,BruteForce,3,DoS,0.008649675365126482,0.01880829259839652,0.01686477535592938
2,6,2,False,1,BruteForce,4,Mirai,0.26836135421115787,0.09454242170189128,0.34946964266103686
2,6,2,False,1,BruteForce,5,Recon,0.4852605019118042,0.06934445939324534,0.38500319043422254
2,6,2,False,1,BruteForce,6,Spoofing,0.02721056879939517,0.1567344222513211,0.03336265034182514
2,6,2,False,1,BruteForce,7,Web-Based,0.030347927272491592,0.04119318179667192,0.027813425475015124
2,6,2,False,2,DDoS,0,Benign,0.04628083498172893,0.1841755794537286,0.09243642996206623
2,6,2,False,2,DDoS,1,BruteForce,0.013403401648301333,0.014162648506849732,0.024709175856203476
2,6,2,False,2,DDoS,2,DDoS,0.6173696991997498,0.5914684805779385,0.45204813066914906
2,6,2,False,2,DDoS,3,DoS,0.01369732494323116,0.025142604497944865,0.02210006079565015
2,6,2,False,2,DDoS,4,Mirai,0.12599757815091056,0.06652008666441481,0.18417335762347684
2,6,2,False,2,DDoS,5,Recon,0.15977821497967584,0.05084541331708668,0.17897191068459242
2,6,2,False,2,DDoS,6,Spoofing,0.011254242181327164,0.04839240511440454,0.02380177489314433
2,6,2,False,2,DDoS,7,Web-Based,0.012218703915075254,0.01929278186763206,0.021759159515717497
2,6,2,False,3,DoS,0,Benign,0.02273259734709741,0.12512691677947357,0.07423245721019542
2,6,2,False,3,DoS,1,BruteForce,0.018586328844998435,0.02251067361554498,0.030443967390512406
2,6,2,False,3,DoS,2,DDoS,0.17549198105424926,0.15226853745182944,0.12209621095118063
2,6,2,False,3,DoS,3,DoS,0.5060112587773602,0.5168903153714932,0.2235281468682234
2,6,2,False,3,DoS,4,Mirai,0.1342595260614667,0.06446110841905506,0.24700607328376994
2,6,2,False,3,DoS,5,Recon,0.1138211321315058,0.03702111229422581,0.24790555799165553
2,6,2,False,3,DoS,6,Spoofing,0.01633114578454852,0.06155514816429548,0.029631423152986853
2,6,2,False,3,DoS,7,Web-Based,0.012766029998773748,0.020166187904082457,0.025156163151475817
2,6,2,False,4,Mirai,0,Benign,0.1305444790667903,0.5516637308934278,0.1493377915779523
2,6,2,False,4,Mirai,1,BruteForce,0.020275767648087185,0.021156930174758594,0.01927501948970061
2,6,2,False,4,Mirai,2,DDoS,0.017473482058714178,0.04809789168189048,0.02255940543558527
2,6,2,False,4,Mirai,3,DoS,0.010030599471626093,0.02179135351882479,0.020264412532864148
2,6,2,False,4,Mirai,4,Mirai,0.43940216333465937,0.12223314028052162,0.41690692612713565
2,6,2,False,4,Mirai,5,Recon,0.33663284741834204,0.06273513876517309,0.3150578115032778
2,6,2,False,4,Mirai,6,Spoofing,0.025339497410018712,0.14123782298257997,0.03463700112605171
2,6,2,False,4,Mirai,7,Web-Based,0.02030116359176206,0.03108399170282371,0.021961632207432438
2,6,2,False,5,Recon,0,Benign,0.11896245375860502,0.562625890390798,0.13991036853333705
2,6,2,False,5,Recon,1,BruteForce,0.026671098370906723,0.023929013752491318,0.022959709159566802
2,6,2,False,5,Recon,2,DDoS,0.010426746787810394,0.026991223596798977,0.01759819314837628
2,6,2,False,5,Recon,3,DoS,0.009439431795300606,0.019836478788720423,0.016998861128553096
2,6,2,False,5,Recon,4,Mirai,0.21370236984485755,0.08406251652449458,0.3418745355520832
2,6,2,False,5,Recon,5,Recon,0.5644310747268936,0.09513678313178152,0.40087168660804506
2,6,2,False,5,Recon,6,Spoofing,0.028634458586931352,0.14655780275178934,0.032696458412240906
2,6,2,False,5,Recon,7,Web-Based,0.027732366128694706,0.04086029106312592,0.027090187457797683
2,6,2,False,6,Spoofing,0,Benign,0.13083791474204906,0.5631880294615021,0.14999845851380175
2,6,2,False,6,Spoofing,1,BruteForce,0.02195450158378158,0.02044899585618484,0.020894841280412003
2,6,2,False,6,Spoofing,2,DDoS,0.009983681289739317,0.026083454333751293,0.01908801949955038
2,6,2,False,6,Spoofing,3,DoS,0.009424725738450537,0.020663313884853266,0.01990548896326303
2,6,2,False,6,Spoofing,4,Mirai,0.22514183546820984,0.07848836862206211,0.31733955553989673
2,6,2,False,6,Spoofing,5,Recon,0.5510404361565204,0.085590159967357,0.4104761713150622
2,6,2,False,6,Spoofing,6,Spoofing,0.028002121422718875,0.16944727185293113,0.03817166657681523
2,6,2,False,6,Spoofing,7,Web-Based,0.023614783598530364,0.03609040602135815,0.024125798311198696
2,6,2,False,7,Web-Based,0,Benign,0.13717995925391477,0.5637952655630745,0.15534963756362322
2,6,2,False,7,Web-Based,1,BruteForce,0.022393064736020922,0.02133970376123079,0.01998890373401627
2,6,2,False,7,Web-Based,2,DDoS,0.011395148654957004,0.029498449536390553,0.019995455457424424
2,6,2,False,7,Web-Based,3,DoS,0.008933586421946096,0.01902490325413496,0.017779293256949942
2,6,2,False,7,Web-Based,4,Mirai,0.292875630797328,0.0940991334305831,0.3703569074777412
2,6,2,False,7,Web-Based,5,Recon,0.4758805134099712,0.07847681728896738,0.3576040454011711
2,6,2,False,7,Web-Based,6,Spoofing,0.0266691122595395,0.15781454772964557,0.03456511848490651
2,6,2,False,7,Web-Based,7,Web-Based,0.0246729844663225,0.03595117943597321,0.024360638624167468
2,6,3,False,0,Benign,0,Benign,0.142821405538002,0.5707738160640804,0.11885254276976849
2,6,3,False,0,Benign,1,BruteForce,0.3916498495392561,0.01896591326786624,0.34183347738017056
2,6,3,False,0,Benign,2,DDoS,0.10020410764163432,0.04739462308163912,0.12378352278465309
2,6,3,False,0,Benign,3,DoS,0.030470645072716667,0.02466442165271992,0.044653900704609784
2,6,3,False,0,Benign,4,Mirai,0.17397232727676976,0.07642628724639984,0.22325900240316113
2,6,3,False,0,Benign,5,Recon,0.09536914755485847,0.08162554939405728,0.09131375981835803
2,6,3,False,0,Benign,6,Spoofing,0.027020648284639633,0.14892436162723877,0.02743729080595953
2,6,3,False,0,Benign,7,Web-Based,0.03849186909212295,0.0312250276659984,0.02886650333331943
2,6,3,False,1,BruteForce,0,Benign,0.10473386511442735,0.5668547573939706,0.10422845740096678
2,6,3,False,1,BruteForce,1,BruteForce,0.5334517771349764,0.023895432278591987,0.4420364598311267
2,6,3,False,1,BruteForce,2,DDoS,0.05723575692271324,0.02862703258591132,0.06434640405943129
2,6,3,False,1,BruteForce,3,DoS,0.03072038026442131,0.01880829259839652,0.04339879802482092
2,6,3,False,1,BruteForce,4,Mirai,0.13911825002742143,0.09454242170189128,0.20464662397004163
2,6,3,False,1,BruteForce,5,Recon,0.062152057039784915,0.06934445939324534,0.08160172798012294
2,6,3,False,1,BruteForce,6,Spoofing,0.02750009118533442,0.1567344222513211,0.028321106426362385
2,6,3,False,1,BruteForce,7,Web-Based,0.04508782231092088,0.04119318179667192,0.03142042230712738
2,6,3,False,2,DDoS,0,Benign,0.04073556666833832,0.1841755794537286,0.05418656669811476
2,6,3,False,2,DDoS,1,BruteForce,0.12581966818962895,0.014162648506849732,0.13362710600047714
2,6,3,False,2,DDoS,2,DDoS,0.6638922957188156,0.5914684805779385,0.6084341304810735
2,6,3,False,2,DDoS,3,DoS,0.023764890848342952,0.025142604497944865,0.029694312183729966
2,6,3,False,2,DDoS,4,Mirai,0.06450684196383133,0.06652008666441481,0.0876212099996208
2,6,3,False,2,DDoS,5,Recon,0.0549475016835578,0.05084541331708668,0.05046877631761053
2,6,3,False,2,DDoS,6,Spoofing,0.010683751202727264,0.04839240511440454,0.016799953749613523
2,6,3,False,2,DDoS,7,Web-Based,0.015649483724757742,0.01929278186763206,0.01916794456975978
2,6,3,False,3,DoS,0,Benign,0.02425377003705426,0.12512691677947357,0.049824806740559134
2,6,3,False,3,DoS,1,BruteForce,0.10210994793414373,0.02251067361554498,0.15871638978004346
2,6,3,False,3,DoS,2,DDoS,0.2690552049862245,0.15226853745182944,0.2739374321325671
2,6,3,False,3,DoS,3,DoS,0.4748242930207607,0.5168903153714932,0.2839548812108047
2,6,3,False,3,DoS,4,Mirai,0.07781872051915073,0.06446110841905506,0.14274198998363813
2,6,3,False,3,DoS,5,Recon,0.02510309927631782,0.03702111229422581,0.046865274202214556
2,6,3,False,3,DoS,6,Spoofing,0.013140642195108779,0.06155514816429548,0.018854402550887935
2,6,3,False,3,DoS,7,Web-Based,0.01369432203123948,0.020166187904082457,0.02510482339928486
2,6,3,False,4,Mirai,0,Benign,0.10061817494880843,0.5516637308934278,0.10394801873029945
2,6,3,False,4,Mirai,1,BruteForce,0.4075107396603699,0.021156930174758594,0.3662581022185664
2,6,3,False,4,Mirai,2,DDoS,0.10736432049150713,0.04809789168189048,0.10740728079125414
2,6,3,False,4,Mirai,3,DoS,0.02804988868493793,0.02179135351882479,0.04208730839404158
2,6,3,False,4,Mirai,4,Mirai,0.23919758912178768,0.12223314028052162,0.25034116343665686
2,6,3,False,4,Mirai,5,Recon,0.05510841061122132,0.06273513876517309,0.07377720890383144
2,6,3,False,4,Mirai,6,Spoofing,0.0260023569825058,0.14123782298257997,0.027117561978776256
2,6,3,False,4,Mirai,7,Web-Based,0.03614851949886188,0.03108399170282371,0.029063355546573952
2,6,3,False,5,Recon,0,Benign,0.09854901244430138,0.562625890390798,0.09756590563366478
2,6,3,False,5,Recon,1,BruteForce,0.5274799695428424,0.023929013752491318,0.4393565922828682
2,6,3,False,5,Recon,2,DDoS,0.05500357487719366,0.026991223596798977,0.06267543526401637
2,6,3,False,5,Recon,3,DoS,0.031127769807804146,0.019836478788720423,0.04463156907363983
2,6,3,False,5,Recon,4,Mirai,0.12835447980108006,0.08406251652449458,0.20565759171174258
2,6,3,False,5,Recon,5,Recon,0.08781910491233803,0.09513678313178152,0.0917340051966015
2,6,3,False,5,Recon,6,Spoofing,0.02630683689388226,0.14655780275178934,0.02682067240807345
2,6,3,False,5,Recon,7,Web-Based,0.04535925172055794,0.04086029106312592,0.03155822842939329
2,6,3,False,6,Spoofing,0,Benign,0.13731625209610626,0.5631880294615021,0.12262083379026725
2,6,3,False,6,Spoofing,1,BruteForce,0.43021145498553987,0.02044899585618484,0.3671513011785513
2,6,3,False,6,Spoofing,2,DDoS,0.05104584222959488,0.026083454333751293,0.07061394487219584
2,6,3,False,6,Spoofing,3,DoS,0.027815120264500334,0.020663313884853266,0.04085530223639366
2,6,3,False,6,Spoofing,4,Mirai,0.17469395905861307,0.07848836862206211,0.2393203767527391
2,6,3,False,6,Spoofing,5,Recon,0.10498209359561873,0.085590159967357,0.09944266369448852
2,6,3,False,6,Spoofing,6,Spoofing,0.029699202928377782,0.16944727185293113,0.030191004562158057
2,6,3,False,6,Spoofing,7,Web-Based,0.04423607484164907,0.03609040602135815,0.029804572913206245
2,6,3,False,7,Web-Based,0,Benign,0.1295630211049482,0.5637952655630745,0.12166781308232819
2,6,3,False,7,Web-Based,1,BruteForce,0.44052298094154346,0.02133970376123079,0.381819740473302
2,6,3,False,7,Web-Based,2,DDoS,0.06407296117646523,0.029498449536390553,0.08681887661962281
2,6,3,False,7,Web-Based,3,DoS,0.027768789327273474,0.01902490325413496,0.03828257697757771
2,6,3,False,7,Web-Based,4,Mirai,0.17626815853568512,0.0940991334305831,0.22489869579251326
2,6,3,False,7,Web-Based,5,Recon,0.09202129119304044,0.07847681728896738,0.08862106663524917
2,6,3,False,7,Web-Based,6,Spoofing,0.02710262464959242,0.15781454772964557,0.027871303862086062
2,6,3,False,7,Web-Based,7,Web-Based,0.04268017307145183,0.03595117943597321,0.030019926557320668
2,6,4,False,0,Benign,0,Benign,0.5445483802399939,0.5707738160640804,0.5079957351917117
2,6,4,False,0,Benign,1,BruteForce,0.017720826529877068,0.01896591326786624,0.01748946183137613
2,6,4,False,0,Benign,2,DDoS,0.015400782039622135,0.04739462308163912,0.021068978105766273
2,6,4,False,0,Benign,3,DoS,0.07873564794400402,0.02466442165271992,0.11805400248392045
2,6,4,False,0,Benign,4,Mirai,0.051109487525242255,0.07642628724639984,0.051857750097300044
2,6,4,False,0,Benign,5,Recon,0.04304495290896335,0.08162554939405728,0.044870356461185056
2,6,4,False,0,Benign,6,Spoofing,0.13687436168354966,0.14892436162723877,0.12974401873056032
2,6,4,False,0,Benign,7,Web-Based,0.11256556112874766,0.0312250276659984,0.10891969709817997
2,6,4,False,1,BruteForce,0,Benign,0.5221506019833514,0.5668547573939706,0.5389955761261209
2,6,4,False,1,BruteForce,1,BruteForce,0.02209297541683694,0.023895432278591987,0.017308943523206857
2,6,4,False,1,BruteForce,2,DDoS,0.015574920196697796,0.02862703258591132,0.019094587480338956
2,6,4,False,1,BruteForce,3,DoS,0.03262965910286746,0.01880829259839652,0.046011712086405
2,6,4,False,1,BruteForce,4,Mirai,0.06074888434973986,0.09454242170189128,0.05660047445349295
2,6,4,False,1,BruteForce,5,Recon,0.039928938977071386,0.06934445939324534,0.04878325819914148
2,6,4,False,1,BruteForce,6,Spoofing,0.148138958785109,0.1567344222513211,0.13701215473952064
2,6,4,False,1,BruteForce,7,Web-Based,0.1587350611883262,0.04119318179667192,0.13619329339177316
2,6,4,False,2,DDoS,0,Benign,0.1532407772219805,0.1841755794537286,0.24393959575792235
2,6,4,False,2,DDoS,1,BruteForce,0.015365719295828037,0.014162648506849732,0.022141041236417712
2,6,4,False,2,DDoS,2,DDoS,0.5946329827220164,0.5914684805779385,0.4235565978710404
2,6,4,False,2,DDoS,3,DoS,0.08416627954069884,0.025142604497944865,0.10550288890410102
2,6,4,False,2,DDoS,4,Mirai,0.028651001730239087,0.06652008666441481,0.038561222616288644
2,6,4,False,2,DDoS,5,Recon,0.02578652830962212,0.05084541331708668,0.031050563041224537
2,6,4,False,2,DDoS,6,Spoofing,0.046203898740719264,0.04839240511440454,0.06882433656623298
2,6,4,False,2,DDoS,7,Web-Based,0.05195281243889582,0.01929278186763206,0.06642375400677236
2,6,4,False,3,DoS,0,Benign,0.06005350955006072,0.12512691677947357,0.07787514820812906
2,6,4,False,3,DoS,1,BruteForce,0.009364875899168082,0.02251067361554498,0.018979474854902208
2,6,4,False,3,DoS,2,DDoS,0.027962897729793604,0.15226853745182944,0.028906935572254794
2,6,4,False,3,DoS,3,DoS,0.8298914407697938,0.5168903153714932,0.7484607123074821
2,6,4,False,3,DoS,4,Mirai,0.013104750260974376,0.06446110841905506,0.023447361734180414
2,6,4,False,3,DoS,5,Recon,0.009652447371730665,0.03702111229422581,0.01725485135104091
2,6,4,False,3,DoS,6,Spoofing,0.029454526596015763,0.06155514816429548,0.04805986709779222
2,6,4,False,3,DoS,7,Web-Based,0.020515551822463136,0.020166187904082457,0.03701564887421835
2,6,4,False,4,Mirai,0,Benign,0.5006936637936952,0.5516637308934278,0.4965879247066158
2,6,4,False,4,Mirai,1,BruteForce,0.019298931542054767,0.021156930174758594,0.01775053418160157
2,6,4,False,4,Mirai,2,DDoS,0.01600817760133074,0.04809789168189048,0.01977268644247351
2,6,4,False,4,Mirai,3,DoS,0.08483091565906933,0.02179135351882479,0.12263830614322681
2,6,4,False,4,Mirai,4,Mirai,0.0769787126056161,0.12223314028052162,0.05638430205370269
2,6,4,False,4,Mirai,5,Recon,0.033496007606527316,0.06273513876517309,0.04138758345937428
2,6,4,False,4,Mirai,6,Spoofing,0.1444153777659166,0.14123782298257997,0.1311358886537027
2,6,4,False,4,Mirai,7,Web-Based,0.12427821342579003,0.03108399170282371,0.11434277435930258
2,6,4,False,5,Recon,0,Benign,0.5215751936846503,0.562625890390798,0.5312455447983859
2,6,4,False,5,Recon,1,BruteForce,0.022058387628341405,0.023929013752491318,0.0175746854967464
2,6,4,False,5,Recon,2,DDoS,0.015550837108349655,0.026991223596798977,0.019201740904951983
2,6,4,False,5,Recon,3,DoS,0.03394889591711958,0.019836478788720423,0.051801502990743445
2,6,4,False,5,Recon,4,Mirai,0.05608167402376042,0.08406251652449458,0.05578130400813185
2,6,4,False,5,Recon,5,Recon,0.05609900648288429,0.09513678313178152,0.0544097450669764
2,6,4,False,5,Recon,6,Spoofing,0.1350515117299472,0.14655780275178934,0.13279172107750647
2,6,4,False,5,Recon,7,Web-Based,0.159634493424947,0.04086029106312592,0.13719375565655736
2,6,4,False,6,Spoofing,0,Benign,0.5425759269426765,0.5631880294615021,0.5367291950120796
2,6,4,False,6,Spoofing,1,BruteForce,0.018328400423227587,0.02044899585618484,0.017387891299526708
2,6,4,False,6,Spoofing,2,DDoS,0.014418972758000205,0.026083454333751293,0.019919672538647067
2,6,4,False,6,Spoofing,3,DoS,0.03534863409453631,0.020663313884853266,0.07140899313666473
2,6,4,False,6,Spoofing,4,Mirai,0.052551854866806455,0.07848836862206211,0.05230154226277583
2,6,4,False,6,Spoofing,5,Recon,0.044598736659032995,0.085590159967357,0.04718666696582754
2,6,4,False,6,Spoofing,6,Spoofing,0.16671209803309786,0.16944727185293113,0.1407045503825967
2,6,4,False,6,Spoofing,7,Web-Based,0.12546537622262205,0.03609040602135815,0.11436148840188197
2,6,4,False,7,Web-Based,0,Benign,0.5435019731445688,0.5637952655630745,0.5452923947553538
2,6,4,False,7,Web-Based,1,BruteForce,0.0195682250618761,0.02133970376123079,0.017324480126832013
2,6,4,False,7,Web-Based,2,DDoS,0.01497772148668306,0.029498449536390553,0.020624852395507213
2,6,4,False,7,Web-Based,3,DoS,0.031988880328770626,0.01902490325413496,0.051402003499636945
2,6,4,False,7,Web-Based,4,Mirai,0.06283602143335514,0.0940991334305831,0.05589367899116845
2,6,4,False,7,Web-Based,5,Recon,0.041150911522998906,0.07847681728896738,0.04665063687173556
2,6,4,False,7,Web-Based,6,Spoofing,0.14558067768666677,0.15781454772964557,0.134926452910806
2,6,4,False,7,Web-Based,7,Web-Based,0.14039558933508064,0.03595117943597321,0.12788550044896002
2,6,5,False,0,Benign,0,Benign,0.4283409670007636,0.5707738160640804,0.3783280723088211
2,6,5,False,0,Benign,1,BruteForce,0.010865492499584966,0.01896591326786624,0.017547510079094965
2,6,5,False,0,Benign,2,DDoS,0.04263303035897781,0.04739462308163912,0.051107934128251306
2,6,5,False,0,Benign,3,DoS,0.01173561855352504,0.02466442165271992,0.01959878619832978
2,6,5,False,0,Benign,4,Mirai,0.022638805904464404,0.07642628724639984,0.02363074014508072
2,6,5,False,0,Benign,5,Recon,0.062626458910741,0.08162554939405728,0.0744806952042887
2,6,5,False,0,Benign,6,Spoofing,0.4050089898663776,0.14892436162723877,0.41640980896830043
2,6,5,False,0,Benign,7,Web-Based,0.01615063690556559,0.0312250276659984,0.018896452967833058
2,6,5,False,1,BruteForce,0,Benign,0.44725453634585755,0.5668547573939706,0.4220793397155259
2,6,5,False,1,BruteForce,1,BruteForce,0.01205064652329193,0.023895432278591987,0.017452424571843622
2,6,5,False,1,BruteForce,2,DDoS,0.02268633767611242,0.02862703258591132,0.030756218001764053
2,6,5,False,1,BruteForce,3,DoS,0.009091676987104365,0.01880829259839652,0.019057952971509008
2,6,5,False,1,BruteForce,4,Mirai,0.023760886607557152,0.09454242170189128,0.02385929989556012
2,6,5,False,1,BruteForce,5,Recon,0.05333006259858058,0.06934445939324534,0.0768380145216068
2,6,5,False,1,BruteForce,6,Spoofing,0.4144538628936794,0.1567344222513211,0.3907260856561628
2,6,5,False,1,BruteForce,7,Web-Based,0.017371990367816618,0.04119318179667192,0.019230664666027766
2,6,5,False,2,DDoS,0,Benign,0.1361303645794942,0.1841755794537286,0.15728459891530153
2,6,5,False,2,DDoS,1,BruteForce,0.010322746886845823,0.014162648506849732,0.020081329595853403
2,6,5,False,2,DDoS,2,DDoS,0.6542328935755103,0.5914684805779385,0.5617724981376889
2,6,5,False,2,DDoS,3,DoS,0.008184722285824389,0.025142604497944865,0.012859254036653837
2,6,5,False,2,DDoS,4,Mirai,0.012668200096449743,0.06652008666441481,0.019400251437496654
2,6,5,False,2,DDoS,5,Recon,0.03745619263348381,0.05084541331708668,0.04233680995181692
2,6,5,False,2,DDoS,6,Spoofing,0.1320518023830535,0.04839240511440454,0.17072499753583964
2,6,5,False,2,DDoS,7,Web-Based,0.008953077559338348,0.01929278186763206,0.01554026038934899
2,6,5,False,3,DoS,0,Benign,0.08658317163141456,0.12512691677947357,0.1521870865087781
2,6,5,False,3,DoS,1,BruteForce,0.016681188686110907,0.02251067361554498,0.02707200618051485
2,6,5,False,3,DoS,2,DDoS,0.1903514529722013,0.15226853745182944,0.14666000047508393
2,6,5,False,3,DoS,3,DoS,0.42208141942836586,0.5168903153714932,0.18098746353411105
2,6,5,False,3,DoS,4,Mirai,0.011987555605143184,0.06446110841905506,0.0225941413864522
2,6,5,False,3,DoS,5,Recon,0.023747800874459622,0.03702111229422581,0.047561405360367064
2,6,5,False,3,DoS,6,Spoofing,0.23770522313942172,0.06155514816429548,0.40015524914078443
2,6,5,False,3,DoS,7,Web-Based,0.010862187662882885,0.020166187904082457,0.02278264741390845
2,6,5,False,4,Mirai,0,Benign,0.41054187141423565,0.5516637308934278,0.3881948853418603
2,6,5,False,4,Mirai,1,BruteForce,0.011807122436292184,0.021156930174758594,0.017591480932306197
2,6,5,False,4,Mirai,2,DDoS,0.03885316917506477,0.04809789168189048,0.04069487135055433
2,6,5,False,4,Mirai,3,DoS,0.01086854596631895,0.02179135351882479,0.019884109120460344
2,6,5,False,4,Mirai,4,Mirai,0.02597494307717629,0.12223314028052162,0.024656434139932532
2,6,5,False,4,Mirai,5,Recon,0.04979014868822815,0.06273513876517309,0.0680386101742592
2,6,5,False,4,Mirai,6,Spoofing,0.43611712769888333,0.14123782298257997,0.422302547286838
2,6,5,False,4,Mirai,7,Web-Based,0.016047071543800705,0.03108399170282371,0.01863706165378906
2,6,5,False,5,Recon,0,Benign,0.45460859876404647,0.562625890390798,0.4165851513257524
2,6,5,False,5,Recon,1,BruteForce,0.011890672736282049,0.023929013752491318,0.017232907660537707
2,6,5,False,5,Recon,2,DDoS,0.022378088859577972,0.026991223596798977,0.030855083847475456
2,6,5,False,5,Recon,3,DoS,0.009358286032536507,0.019836478788720423,0.01930504435685354
2,6,5,False,5,Recon,4,Mirai,0.022646226998831218,0.08406251652449458,0.023053352050397432
2,6,5,False,5,Recon,5,Recon,0.07951251204928184,0.09513678313178152,0.09082699923357593
2,6,5,False,5,Recon,6,Spoofing,0.38192864033010987,0.14655780275178934,0.3830407149459981
2,6,5,False,5,Recon,7,Web-Based,0.01767697422933416,0.04086029106312592,0.019100746579409494
2,6,5,False,6,Spoofing,0,Benign,0.4110997057640035,0.5631880294615021,0.384339731543249
2,6,5,False,6,Spoofing,1,BruteForce,0.010554743953871468,0.02044899585618484,0.017071650158905514
2,6,5,False,6,Spoofing,2,DDoS,0.021298570914440113,0.026083454333751293,0.03154310353527155
2,6,5,False,6,Spoofing,3,DoS,0.009682373126618623,0.020663313884853266,0.01963870014916002
2,6,5,False,6,Spoofing,4,Mirai,0.022340686551650463,0.07848836862206211,0.02363134532308709
2,6,5,False,6,Spoofing,5,Recon,0.060534045423920047,0.085590159967357,0.07216007608053722
2,6,5,False,6,Spoofing,6,Spoofing,0.44849972814446,0.16944727185293113,0.4330544183475924
2,6,5,False,6,Spoofing,7,Web-Based,0.01599014612103584,0.03609040602135815,0.018560974862197207
2,6,5,False,7,Web-Based,0,Benign,0.44813771752805004,0.5637952655630745,0.4216269510220606
2,6,5,False,7,Web-Based,1,BruteForce,0.011230626443805757,0.02133970376123079,0.01734601397073613
2,6,5,False,7,Web-Based,2,DDoS,0.02316760906845713,0.029498449536390553,0.033328462487528146
2,6,5,False,7,Web-Based,3,DoS,0.009386739764563353,0.01902490325413496,0.019046315251843134
2,6,5,False,7,Web-Based,4,Mirai,0.024592889389801087,0.0940991334305831,0.02389689832549251
2,6,5,False,7,Web-Based,5,Recon,0.056006120331524974,0.07847681728896738,0.07154520334700588
2,6,5,False,7,Web-Based,6,Spoofing,0.4106231931537025,0.15781454772964557,0.3943679879536759
2,6,5,False,7,Web-Based,7,Web-Based,0.016855104320095102,0.03595117943597321,0.018842167641657553
2,6,6,False,0,Benign,0,Benign,0.5748829045474334,0.5707738160640804,0.5635906685768259
2,6,6,False,0,Benign,1,BruteForce,0.0857427447729575,0.01896591326786624,0.07299659075803594
2,6,6,False,0,Benign,2,DDoS,0.017852258945724276,0.04739462308163912,0.022728536544494627
2,6,6,False,0,Benign,3,DoS,0.017798090415186717,0.02466442165271992,0.031804090117990215
2,6,6,False,0,Benign,4,Mirai,0.2599170473829236,0.07642628724639984,0.2587297366439052
2,6,6,False,0,Benign,5,Recon,0.016256106756542366,0.08162554939405728,0.018895481360983485
2,6,6,False,0,Benign,6,Spoofing,0.014649507231652792,0.14892436162723877,0.0177701765605472
2,6,6,False,0,Benign,7,Web-Based,0.012901339947579355,0.0312250276659984,0.01348471943721746
2,6,6,False,1,BruteForce,0,Benign,0.5378255597730255,0.5668547573939706,0.5549714020686299
2,6,6,False,1,BruteForce,1,BruteForce,0.11428765706540983,0.023895432278591987,0.08560280046420034
2,6,6,False,1,BruteForce,2,DDoS,0.019125035355697147,0.02862703258591132,0.021062767913920828
2,6,6,False,1,BruteForce,3,DoS,0.012033902553541857,0.01880829259839652,0.02567387307698594
2,6,6,False,1,BruteForce,4,Mirai,0.2709718840768505,0.09454242170189128,0.26100076552171436
2,6,6,False,1,BruteForce,5,Recon,0.014994535905988343,0.06934445939324534,0.019051100528756047
2,6,6,False,1,BruteForce,6,Spoofing,0.01584919150663943,0.1567344222513211,0.018381569423341976
2,6,6,False,1,BruteForce,7,Web-Based,0.014912233762847319,0.04119318179667192,0.014255721002450587
2,6,6,False,2,DDoS,0,Benign,0.2508171968611053,0.1841755794537286,0.4202436186435445
2,6,6,False,2,DDoS,1,BruteForce,0.050698947069024364,0.014162648506849732,0.05236872798432571
2,6,6,False,2,DDoS,2,DDoS,0.35570372997738486,0.5914684805779385,0.18140853702907217
2,6,6,False,2,DDoS,3,DoS,0.030137918907751315,0.025142604497944865,0.03450566219496077
2,6,6,False,2,DDoS,4,Mirai,0.2759940320520123,0.06652008666441481,0.2590831465024586
2,6,6,False,2,DDoS,5,Recon,0.013599518817948757,0.05084541331708668,0.018087462278336484
2,6,6,False,2,DDoS,6,Spoofing,0.011457692369046875,0.04839240511440454,0.017904361348387392
2,6,6,False,2,DDoS,7,Web-Based,0.01159096394572621,0.01929278186763206,0.016398484018914375
2,6,6,False,3,DoS,0,Benign,0.11695312500067216,0.12512691677947357,0.25688272991575484
2,6,6,False,3,DoS,1,BruteForce,0.05760711199724992,0.02251067361554498,0.06691429012445817
2,6,6,False,3,DoS,2,DDoS,0.03483730004057655,0.15226853745182944,0.040240292913036796
2,6,6,False,3,DoS,3,DoS,0.5998098428373152,0.5168903153714932,0.3115024818327052
2,6,6,False,3,DoS,4,Mirai,0.1548196523485177,0.06446110841905506,0.26550556668029934
2,6,6,False,3,DoS,5,Recon,0.011943227705853146,0.03702111229422581,0.02110137052285292
2,6,6,False,3,DoS,6,Spoofing,0.01265838175845526,0.06155514816429548,0.018396588269915543
2,6,6,False,3,DoS,7,Web-Based,0.011371358311360104,0.020166187904082457,0.019456679740977197
2,6,6,False,4,Mirai,0,Benign,0.4657236133408089,0.5516637308934278,0.5069725828697176
2,6,6,False,4,Mirai,1,BruteForce,0.08987802465539123,0.021156930174758594,0.07708283150685984
2,6,6,False,4,Mirai,2,DDoS,0.01963187823298216,0.04809789168189048,0.023175436673754362
2,6,6,False,4,Mirai,3,DoS,0.013535500494479463,0.02179135351882479,0.029480894384506
2,6,6,False,4,Mirai,4,Mirai,0.36973180368520014,0.12223314028052162,0.31307240406737114
2,6,6,False,4,Mirai,5,Recon,0.013853121528717073,0.06273513876517309,0.018484869990236578
2,6,6,False,4,Mirai,6,Spoofing,0.014534054622541428,0.14123782298257997,0.017907721722121184
2,6,6,False,4,Mirai,7,Web-Based,0.013112003439879545,0.03108399170282371,0.013823258785433315
2,6,6,False,5,Recon,0,Benign,0.5507549403033989,0.562625890390798,0.5511247022879678
2,6,6,False,5,Recon,1,BruteForce,0.1203637090588725,0.023929013752491318,0.08735828671699891
2,6,6,False,5,Recon,2,DDoS,0.01949307793584573,0.026991223596798977,0.021377815255414247
2,6,6,False,5,Recon,3,DoS,0.012899471237241266,0.019836478788720423,0.026286416125428317
2,6,6,False,5,Recon,4,Mirai,0.2494568803681618,0.08406251652449458,0.2618948779018005
2,6,6,False,5,Recon,5,Recon,0.01601598294981735,0.09513678313178152,0.019279064524510857
2,6,6,False,5,Recon,6,Spoofing,0.015670178819044374,0.14655780275178934,0.018291903731509438
2,6,6,False,5,Recon,7,Web-Based,0.015345759327618171,0.04086029106312592,0.014386933456370042
2,6,6,False,6,Spoofing,0,Benign,0.570797724747282,0.5631880294615021,0.574631586254015
2,6,6,False,6,Spoofing,1,BruteForce,0.0896253094101676,0.02044899585618484,0.07334502540275967
2,6,6,False,6,Spoofing,2,DDoS,0.01702583996809312,0.026083454333751293,0.02158222435786873
2,6,6,False,6,Spoofing,3,DoS,0.011803905799483377,0.020663313884853266,0.026679753006541466
2,6,6,False,6,Spoofing,4,Mirai,0.26694240028851524,0.07848836862206211,0.2542762647531606
2,6,6,False,6,Spoofing,5,Recon,0.016021301451354646,0.085590159967357,0.01860513125670131
2,6,6,False,6,Spoofing,6,Spoofing,0.014583367644172887,0.16944727185293113,0.017691682519896265
2,6,6,False,6,Spoofing,7,Web-Based,0.013200150690931266,0.03609040602135815,0.013188332449056994
2,6,6,False,7,Web-Based,0,Benign,0.5462707724244217,0.5637952655630745,0.5607980975870772
2,6,6,False,7,Web-Based,1,BruteForce,0.0929179404256282,0.02133970376123079,0.07829739978430017
2,6,6,False,7,Web-Based,2,DDoS,0.01743196580591492,0.029498449536390553,0.021601190255963076
2,6,6,False,7,Web-Based,3,DoS,0.01133170286030695,0.01902490325413496,0.024415889745459884
2,6,6,False,7,Web-Based,4,Mirai,0.288622834318003,0.0940991334305831,0.26472536396730617
2,6,6,False,7,Web-Based,5,Recon,0.015323762558373451,0.07847681728896738,0.01866916262239674
2,6,6,False,7,Web-Based,6,Spoofing,0.014526998719104534,0.15781454772964557,0.01774326431444597
2,6,6,False,7,Web-Based,7,Web-Based,0.013574022888247297,0.03595117943597321,0.013749631723050777
2,6,7,True,0,Benign,0,Benign,0.5410316958717301,0.5707738160640804,0.1612130099482367
2,6,7,True,0,Benign,1,BruteForce,0.015893425387530094,0.01896591326786624,0.021549698594711935
2,6,7,True,0,Benign,2,DDoS,0.20338361603368435,0.04739462308163912,0.21755281072488927
2,6,7,True,0,Benign,3,DoS,0.01464784352766533,0.02466442165271992,0.0507713524334422
2,6,7,True,0,Benign,4,Mirai,0.03883972797639086,0.07642628724639984,0.10149800229687622
2,6,7,True,0,Benign,5,Recon,0.029002206888946235,0.08162554939405728,0.08915834590119735
2,6,7,True,0,Benign,6,Spoofing,0.12511469793316943,0.14892436162723877,0.2752811876886586
2,6,7,True,0,Benign,7,Web-Based,0.03208678638088357,0.0312250276659984,0.0829755924119876
2,6,7,True,1,BruteForce,0,Benign,0.5234456993440204,0.5668547573939706,0.17216505788819655
2,6,7,True,1,BruteForce,1,BruteForce,0.01925155874059118,0.023895432278591987,0.023489184260006412
2,6,7,True,1,BruteForce,2,DDoS,0.19560879369047215,0.02862703258591132,0.1782194383822207
2,6,7,True,1,BruteForce,3,DoS,0.013322943346637136,0.01880829259839652,0.02107490955539629
2,6,7,True,1,BruteForce,4,Mirai,0.04266896749656403,0.09454242170189128,0.11609453677926099
2,6,7,True,1,BruteForce,5,Recon,0.02562892750394683,0.06934445939324534,0.10624656030471129
2,6,7,True,1,BruteForce,6,Spoofing,0.14182037330267966,0.1567344222513211,0.27772178577655626
2,6,7,True,1,BruteForce,7,Web-Based,0.03825273657508872,0.04119318179667192,0.10498852705365155
2,6,7,True,2,DDoS,0,Benign,0.3928484918831938,0.1841755794537286,0.05957168728630258
2,6,7,True,2,DDoS,1,BruteForce,0.010683698600896213,0.014162648506849732,0.018248559763005344
2,6,7,True,2,DDoS,2,DDoS,0.4602386921711131,0.5914684805779385,0.6887717265507326
2,6,7,True,2,DDoS,3,DoS,0.012556483511842914,0.025142604497944865,0.027932282682672043
2,6,7,True,2,DDoS,4,Mirai,0.031989153795017884,0.06652008666441481,0.04457647051358587
2,6,7,True,2,DDoS,5,Recon,0.02216569886782675,0.05084541331708668,0.04837520167158278
2,6,7,True,2,DDoS,6,Spoofing,0.05173740772685096,0.04839240511440454,0.07689998253077296
2,6,7,True,2,DDoS,7,Web-Based,0.01778037344325841,0.01929278186763206,0.03562408900134586
2,6,7,True,3,DoS,0,Benign,0.447920697316685,0.12512691677947357,0.042044694103497406
2,6,7,True,3,DoS,1,BruteForce,0.014083617304258987,0.02251067361554498,0.022903262186133883
2,6,7,True,3,DoS,2,DDoS,0.2568736396924704,0.15226853745182944,0.29928914497879966
2,6,7,True,3,DoS,3,DoS,0.1600647728507841,0.5168903153714932,0.39409129704328877
2,6,7,True,3,DoS,4,Mirai,0.02836779439331785,0.06446110841905506,0.046517135311820994
2,6,7,True,3,DoS,5,Recon,0.025349142800875187,0.03702111229422581,0.03586961341078116
2,6,7,True,3,DoS,6,Spoofing,0.04807750397154556,0.06155514816429548,0.11958088099153534
2,6,7,True,3,DoS,7,Web-Based,0.019262831670062878,0.020166187904082457,0.03970397197414285
2,6,7,True,4,Mirai,0,Benign,0.5212474391096387,0.5516637308934278,0.15803829928626134
2,6,7,True,4,Mirai,1,BruteForce,0.017378630199564305,0.021156930174758594,0.02324967474085569
2,6,7,True,4,Mirai,2,DDoS,0.22309777537298398,0.04809789168189048,0.21429951582599055
2,6,7,True,4,Mirai,3,DoS,0.014115133614092243,0.02179135351882479,0.04786313847895252
2,6,7,True,4,Mirai,4,Mirai,0.045074961075780365,0.12223314028052162,0.12158082011883178
2,6,7,True,4,Mirai,5,Recon,0.023072668092302864,0.06273513876517309,0.07913860738665386
2,6,7,True,4,Mirai,6,Spoofing,0.12433944280044254,0.14123782298257997,0.2673355405055664
2,6,7,True,4,Mirai,7,Web-Based,0.031673949735194995,0.03108399170282371,0.08849440365688792
2,6,7,True,5,Recon,0,Benign,0.5263920139879003,0.562625890390798,0.16933151293432142
2,6,7,True,5,Recon,1,BruteForce,0.019512407908434937,0.023929013752491318,0.023268371573153347
2,6,7,True,5,Recon,2,DDoS,0.19393828391733758,0.026991223596798977,0.17770704044744995
2,6,7,True,5,Recon,3,DoS,0.013541355011097114,0.019836478788720423,0.021267034241298704
2,6,7,True,5,Recon,4,Mirai,0.04088237996811,0.08406251652449458,0.11627460050720387
2,6,7,True,5,Recon,5,Recon,0.026927416009417605,0.09513678313178152,0.12369832313348705
2,6,7,True,5,Recon,6,Spoofing,0.14014618468899792,0.14655780275178934,0.26291838932884415
2,6,7,True,5,Recon,7,Web-Based,0.03865995850870467,0.04086029106312592,0.10553472783424149
2,6,7,True,6,Spoofing,0,Benign,0.5418080421878201,0.5631880294615021,0.17501644461271487
2,6,7,True,6,Spoofing,1,BruteForce,0.016544283012075924,0.02044899585618484,0.021484065384614778
2,6,7,True,6,Spoofing,2,DDoS,0.18247750089331471,0.026083454333751293,0.15969167991808367
2,6,7,True,6,Spoofing,3,DoS,0.014066528704343334,0.020663313884853266,0.040222036031223
2,6,7,True,6,Spoofing,4,Mirai,0.03837693531679109,0.07848836862206211,0.10437302873967663
2,6,7,True,6,Spoofing,5,Recon,0.03072340146448527,0.085590159967357,0.09595536247509695
2,6,7,True,6,Spoofing,6,Spoofing,0.1413968701276446,0.16944727185293113,0.3146634533266313
2,6,7,True,6,Spoofing,7,Web-Based,0.034606438293525076,0.03609040602135815,0.0885939295119589
2,6,7,True,7,Web-Based,0,Benign,0.5308882445528039,0.5637952655630745,0.1783952917633801
2,6,7,True,7,Web-Based,1,BruteForce,0.017661126206932835,0.02133970376123079,0.02330923188089099
2,6,7,True,7,Web-Based,2,DDoS,0.19666442011374288,0.029498449536390553,0.1826001336201361
2,6,7,True,7,Web-Based,3,DoS,0.013108051985023919,0.01902490325413496,0.024411332109139233
2,6,7,True,7,Web-Based,4,Mirai,0.042817165778145184,0.0940991334305831,0.11430485638861031
2,6,7,True,7,Web-Based,5,Recon,0.027625781129946764,0.07847681728896738,0.09879631550710012
2,6,7,True,7,Web-Based,6,Spoofing,0.13553088426338875,0.15781454772964557,0.28042700437631257
2,6,7,True,7,Web-Based,7,Web-Based,0.035704325970015716,0.03595117943597321,0.09775583435443067
2,6,8,True,0,Benign,0,Benign,0.4873143366009161,0.5707738160640804,0.019132850159553263
2,6,8,True,0,Benign,1,BruteForce,0.008602910110291342,0.01896591326786624,0.016068908819353574
2,6,8,True,0,Benign,2,DDoS,0.024964480207037704,0.04739462308163912,0.04439965505164727
2,6,8,True,0,Benign,3,DoS,0.020498860134110678,0.02466442165271992,0.056110536479231185
2,6,8,True,0,Benign,4,Mirai,0.027392892493598938,0.07642628724639984,0.02349910412323074
2,6,8,True,0,Benign,5,Recon,0.022884857571996552,0.08162554939405728,0.03706211308079212
2,6,8,True,0,Benign,6,Spoofing,0.39489636253680854,0.14892436162723877,0.7847352431503148
2,6,8,True,0,Benign,7,Web-Based,0.013445300345240127,0.0312250276659984,0.0189915891358769
2,6,8,True,1,BruteForce,0,Benign,0.46262145198609034,0.5668547573939706,0.017743662669092622
2,6,8,True,1,BruteForce,1,BruteForce,0.009291218903375274,0.023895432278591987,0.012867881546379339
2,6,8,True,1,BruteForce,2,DDoS,0.021876831218673086,0.02862703258591132,0.021160047750757877
2,6,8,True,1,BruteForce,3,DoS,0.015315032818966158,0.01880829259839652,0.028157277884586593
2,6,8,True,1,BruteForce,4,Mirai,0.0272961844902189,0.09454242170189128,0.02336187849024363
2,6,8,True,1,BruteForce,5,Recon,0.019086423149041472,0.06934445939324534,0.03457158621983451
2,6,8,True,1,BruteForce,6,Spoofing,0.4307332282578381,0.1567344222513211,0.8435205502423192
2,6,8,True,1,BruteForce,7,Web-Based,0.013779629175796707,0.04119318179667192,0.018617115196786365
2,6,8,True,2,DDoS,0,Benign,0.4911333243725718,0.1841755794537286,0.024591890673603345
2,6,8,True,2,DDoS,1,BruteForce,0.008654640313885863,0.014162648506849732,0.020488245038388166
2,6,8,True,2,DDoS,2,DDoS,0.22990814246453342,0.5914684805779385,0.5738390966700034
2,6,8,True,2,DDoS,3,DoS,0.020678924340830303,0.025142604497944865,0.03673158361827515
2,6,8,True,2,DDoS,4,Mirai,0.030223087231697587,0.06652008666441481,0.020919818015688825
2,6,8,True,2,DDoS,5,Recon,0.026531834002831912,0.05084541331708668,0.0387585856693685
2,6,8,True,2,DDoS,6,Spoofing,0.17827063153109593,0.04839240511440454,0.2685450562657869
2,6,8,True,2,DDoS,7,Web-Based,0.014599415742553242,0.01929278186763206,0.016125724048885598
2,6,8,True,3,DoS,0,Benign,0.5278156635958707,0.12512691677947357,0.016584975605900075
2,6,8,True,3,DoS,1,BruteForce,0.012709791087703946,0.02251067361554498,0.02787357350144254
2,6,8,True,3,DoS,2,DDoS,0.05246577148284329,0.15226853745182944,0.12449545436992798
2,6,8,True,3,DoS,3,DoS,0.17410395706041149,0.5168903153714932,0.412110294493304
2,6,8,True,3,DoS,4,Mirai,0.028869230720935776,0.06446110841905506,0.023082992246806874
2,6,8,True,3,DoS,5,Recon,0.024491396207968936,0.03702111229422581,0.026149152840062008
2,6,8,True,3,DoS,6,Spoofing,0.1657270473623223,0.06155514816429548,0.35010463360183147
2,6,8,True,3,DoS,7,Web-Based,0.013817142481943483,0.020166187904082457,0.019598923340725164
2,6,8,True,4,Mirai,0,Benign,0.4802607563150058,0.5516637308934278,0.017301721504134907
2,6,8,True,4,Mirai,1,BruteForce,0.009023519622954416,0.021156930174758594,0.014990765983382903
2,6,8,True,4,Mirai,2,DDoS,0.02409103046080728,0.04809789168189048,0.03027142230568031
2,6,8,True,4,Mirai,3,DoS,0.018781228291066737,0.02179135351882479,0.053350498446353464
2,6,8,True,4,Mirai,4,Mirai,0.02996861656663187,0.12223314028052162,0.02456751041949872
2,6,8,True,4,Mirai,5,Recon,0.019352541208722485,0.06273513876517309,0.029649843710601795
2,6,8,True,4,Mirai,6,Spoofing,0.40536632110228227,0.14123782298257997,0.8112694934879471
2,6,8,True,4,Mirai,7,Web-Based,0.013155986432529064,0.03108399170282371,0.018598744142400783
2,6,8,True,5,Recon,0,Benign,0.4622881829269881,0.562625890390798,0.017602542741750285
2,6,8,True,5,Recon,1,BruteForce,0.009180186398947774,0.023929013752491318,0.01298889133185358
2,6,8,True,5,Recon,2,DDoS,0.021651095060542826,0.026991223596798977,0.021295275993342844
2,6,8,True,5,Recon,3,DoS,0.01569385695522137,0.019836478788720423,0.029473546456429113
2,6,8,True,5,Recon,4,Mirai,0.026303602927073403,0.08406251652449458,0.02327832259421718
2,6,8,True,5,Recon,5,Recon,0.02010153505231258,0.09513678313178152,0.04548564476427263
2,6,8,True,5,Recon,6,Spoofing,0.43094067023510146,0.14655780275178934,0.8312604056001496
2,6,8,True,5,Recon,7,Web-Based,0.013840870443812358,0.04086029106312592,0.01861537051798485
2,6,8,True,6,Spoofing,0,Benign,0.46810187547347887,0.5631880294615021,0.017410521247189895
2,6,8,True,6,Spoofing,1,BruteForce,0.008559794823585617,0.02044899585618484,0.013890804576603797
2,6,8,True,6,Spoofing,2,DDoS,0.021090466291078348,0.026083454333751293,0.023166008602391583
2,6,8,True,6,Spoofing,3,DoS,0.016919935268954762,0.020663313884853266,0.04595798976193486
2,6,8,True,6,Spoofing,4,Mirai,0.026657809563527618,0.07848836862206211,0.02247485021861084
2,6,8,True,6,Spoofing,5,Recon,0.022546057295049615,0.085590159967357,0.03455568325209396
2,6,8,True,6,Spoofing,6,Spoofing,0.4227738261280279,0.16944727185293113,0.8245215541322589
2,6,8,True,6,Spoofing,7,Web-Based,0.013350235156297269,0.03609040602135815,0.018022588208916227
2,6,8,True,7,Web-Based,0,Benign,0.46318283641089797,0.5637952655630745,0.018232554288658505
2,6,8,True,7,Web-Based,1,BruteForce,0.008796146661457902,0.02133970376123079,0.01344827549494716
2,6,8,True,7,Web-Based,2,DDoS,0.021379466802826416,0.029498449536390553,0.02607464544333082
2,6,8,True,7,Web-Based,3,DoS,0.015362332455084901,0.01902490325413496,0.03205878397403811
2,6,8,True,7,Web-Based,4,Mirai,0.02757623494964095,0.0940991334305831,0.02303780961405717
2,6,8,True,7,Web-Based,5,Recon,0.021017714847192635,0.07847681728896738,0.03465418902166594
2,6,8,True,7,Web-Based,6,Spoofing,0.4291670225884118,0.15781454772964557,0.8337732576626405
2,6,8,True,7,Web-Based,7,Web-Based,0.013518245284487479,0.03595117943597321,0.01872048450066193
2,6,9,False,0,Benign,0,Benign,0.22501113593888808,0.5707738160640804,0.212708631315114
2,6,9,False,0,Benign,1,BruteForce,0.0038676270124729127,0.01896591326786624,0.0057487095059489636
2,6,9,False,0,Benign,2,DDoS,0.01718944085646559,0.04739462308163912,0.012474645677882902
2,6,9,False,0,Benign,3,DoS,0.0034605161508041667,0.02466442165271992,0.006082180136627195
2,6,9,False,0,Benign,4,Mirai,0.510243962997707,0.07642628724639984,0.5442726249294527
2,6,9,False,0,Benign,5,Recon,0.13716507397760555,0.08162554939405728,0.12353066180708568
2,6,9,False,0,Benign,6,Spoofing,0.09854838169594933,0.14892436162723877,0.08814688706657811
2,6,9,False,0,Benign,7,Web-Based,0.004513861370107202,0.0312250276659984,0.007035659561310454
2,6,9,False,1,BruteForce,0,Benign,0.20082604595816092,0.5668547573939706,0.19643140381446048
2,6,9,False,1,BruteForce,1,BruteForce,0.0038441277616717063,0.023895432278591987,0.005420658974589235
2,6,9,False,1,BruteForce,2,DDoS,0.004779733581063305,0.02862703258591132,0.006972007456531547
2,6,9,False,1,BruteForce,3,DoS,0.0028034863865083505,0.01880829259839652,0.005533962313056571
2,6,9,False,1,BruteForce,4,Mirai,0.5528899683306823,0.09454242170189128,0.5796708218206121
2,6,9,False,1,BruteForce,5,Recon,0.13771496592754975,0.06934445939324534,0.11622772955673638
2,6,9,False,1,BruteForce,6,Spoofing,0.09261590906205722,0.1567344222513211,0.0831422568850313
2,6,9,False,1,BruteForce,7,Web-Based,0.004525762992306577,0.04119318179667192,0.006601159178982361
2,6,9,False,2,DDoS,0,Benign,0.06124901960479702,0.1841755794537286,0.07378109127923523
2,6,9,False,2,DDoS,1,BruteForce,0.00586740947287972,0.014162648506849732,0.010804158511400564
2,6,9,False,2,DDoS,2,DDoS,0.6111139041796032,0.5914684805779385,0.5145861140339755
2,6,9,False,2,DDoS,3,DoS,0.004316214511984538,0.025142604497944865,0.007623311259983734
2,6,9,False,2,DDoS,4,Mirai,0.22147437312782023,0.06652008666441481,0.265180145327734
2,6,9,False,2,DDoS,5,Recon,0.055360867184412126,0.05084541331708668,0.06938093456303068
2,6,9,False,2,DDoS,6,Spoofing,0.03576091169767194,0.04839240511440454,0.04814830975089366
2,6,9,False,2,DDoS,7,Web-Based,0.0048573002208312805,0.01929278186763206,0.010495935273746787
2,6,9,False,3,DoS,0,Benign,0.05002615326470166,0.12512691677947357,0.06597761485226326
2,6,9,False,3,DoS,1,BruteForce,0.011567673660982549,0.02251067361554498,0.007601240551088666
2,6,9,False,3,DoS,2,DDoS,0.11655238986254977,0.15226853745182944,0.0885159228871596
2,6,9,False,3,DoS,3,DoS,0.08854956715659655,0.5168903153714932,0.010185430516659743
2,6,9,False,3,DoS,4,Mirai,0.4528225648235302,0.06446110841905506,0.6278306998648712
2,6,9,False,3,DoS,5,Recon,0.04219504136242929,0.03702111229422581,0.04921960120497947
2,6,9,False,3,DoS,6,Spoofing,0.2283665862186206,0.06155514816429548,0.1410816114877004
2,6,9,False,3,DoS,7,Web-Based,0.009920023650589494,0.020166187904082457,0.009587878635277698
2,6,9,False,4,Mirai,0,Benign,0.14721059856622148,0.5516637308934278,0.15665054209698429
2,6,9,False,4,Mirai,1,BruteForce,0.0028460392707190777,0.021156930174758594,0.004262151925292362
2,6,9,False,4,Mirai,2,DDoS,0.005972667511877599,0.04809789168189048,0.007815598967478177
2,6,9,False,4,Mirai,3,DoS,0.002611003412209289,0.02179135351882479,0.004755756169192422
2,6,9,False,4,Mirai,4,Mirai,0.7085294666006592,0.12223314028052162,0.7019238838520995
2,6,9,False,4,Mirai,5,Recon,0.06688119803676659,0.06273513876517309,0.054753709471234764
2,6,9,False,4,Mirai,6,Spoofing,0.06234412234283174,0.14123782298257997,0.06372590334822469
2,6,9,False,4,Mirai,7,Web-Based,0.0036049042587150415,0.03108399170282371,0.006112454169493804
2,6,9,False,5,Recon,0,Benign,0.18612582760551666,0.562625890390798,0.18533707283203812
2,6,9,False,5,Recon,1,BruteForce,0.00420817601140557,0.023929013752491318,0.005850890664782675
2,6,9,False,5,Recon,2,DDoS,0.004451689735312762,0.026991223596798977,0.006644792733948009
2,6,9,False,5,Recon,3,DoS,0.0028966281386742713,0.019836478788720423,0.005533990742806916
2,6,9,False,5,Recon,4,Mirai,0.481953927338531,0.08406251652449458,0.5104705615668697
2,6,9,False,5,Recon,5,Recon,0.22346424906317433,0.09513678313178152,0.20107210707856
2,6,9,False,5,Recon,6,Spoofing,0.09233636249052915,0.14655780275178934,0.07872758222176585
2,6,9,False,5,Recon,7,Web-Based,0.004563139616856241,0.04086029106312592,0.0063630021592289395
2,6,9,False,6,Spoofing,0,Benign,0.20345180993985693,0.5631880294615021,0.2129752411877739
2,6,9,False,6,Spoofing,1,BruteForce,0.003969553644075502,0.02044899585618484,0.005594561604115943
2,6,9,False,6,Spoofing,2,DDoS,0.004886739172912217,0.026083454333751293,0.007003732231253415
2,6,9,False,6,Spoofing,3,DoS,0.0032968309476535374,0.020663313884853266,0.005646586458114659
2,6,9,False,6,Spoofing,4,Mirai,0.49037397017892564,0.07848836862206211,0.5270247029692076
2,6,9,False,6,Spoofing,5,Recon,0.15072169304337232,0.085590159967357,0.13388392227429521
2,6,9,False,6,Spoofing,6,Spoofing,0.13837658969429528,0.16944727185293113,0.10103837489641995
2,6,9,False,6,Spoofing,7,Web-Based,0.004922813378908436,0.03609040602135815,0.006832878378819363
2,6,9,False,7,Web-Based,0,Benign,0.18732316441356262,0.5637952655630745,0.20573941393174097
2,6,9,False,7,Web-Based,1,BruteForce,0.0034297199380312095,0.02133970376123079,0.004988285031987422
2,6,9,False,7,Web-Based,2,DDoS,0.005077174966719941,0.029498449536390553,0.0078520559200081
2,6,9,False,7,Web-Based,3,DoS,0.002969873887610655,0.01902490325413496,0.0050920035248949455
2,6,9,False,7,Web-Based,4,Mirai,0.5843907011911635,0.0940991334305831,0.5967359652309505
2,6,9,False,7,Web-Based,5,Recon,0.11489780052945903,0.07847681728896738,0.09912271282795135
2,6,9,False,7,Web-Based,6,Spoofing,0.09765520850107468,0.15781454772964557,0.07408300743614007
2,6,9,False,7,Web-Based,7,Web-Based,0.004256356572378399,0.03595117943597321,0.006386556096326617
2,6,10,True,0,Benign,0,Benign,0.3813357435708345,0.5707738160640804,0.022270045567745377
2,6,10,True,0,Benign,1,BruteForce,0.02347507131293441,0.01896591326786624,0.019048116147505827
2,6,10,True,0,Benign,2,DDoS,0.041605664428040014,0.04739462308163912,0.058264932055389435
2,6,10,True,0,Benign,3,DoS,0.01794053063380939,0.02466442165271992,0.04369451153948292
2,6,10,True,0,Benign,4,Mirai,0.05335574904134813,0.07642628724639984,0.07935026555243353
2,6,10,True,0,Benign,5,Recon,0.07713031470072275,0.08162554939405728,0.13568543610090097
2,6,10,True,0,Benign,6,Spoofing,0.19579778641043813,0.14892436162723877,0.3294301928385613
2,6,10,True,0,Benign,7,Web-Based,0.2093591399018728,0.0312250276659984,0.3122565001979806
2,6,10,True,1,BruteForce,0,Benign,0.3274257127620543,0.5668547573939706,0.021395882591181345
2,6,10,True,1,BruteForce,1,BruteForce,0.02935667396754556,0.023895432278591987,0.01820485343619936
2,6,10,True,1,BruteForce,2,DDoS,0.03746972312503357,0.02862703258591132,0.027800501153444554
2,6,10,True,1,BruteForce,3,DoS,0.017318530809923845,0.01880829259839652,0.030508297120172185
2,6,10,True,1,BruteForce,4,Mirai,0.06167052026390362,0.09454242170189128,0.09075246456452916
2,6,10,True,1,BruteForce,5,Recon,0.07323364921351504,0.06934445939324534,0.1355921528596097
2,6,10,True,1,BruteForce,6,Spoofing,0.19129206115483088,0.1567344222513211,0.2919583863509789
2,6,10,True,1,BruteForce,7,Web-Based,0.2622331287031932,0.04119318179667192,0.38378746192388474
2,6,10,True,2,DDoS,0,Benign,0.36653088225571123,0.1841755794537286,0.02146354989899178
2,6,10,True,2,DDoS,1,BruteForce,0.015032912248652304,0.014162648506849732,0.021106456308982644
2,6,10,True,2,DDoS,2,DDoS,0.3306732690350131,0.5914684805779385,0.6022786062618589
2,6,10,True,2,DDoS,3,DoS,0.015609616705401716,0.025142604497944865,0.024344013283275748
2,6,10,True,2,DDoS,4,Mirai,0.04457076922369421,0.06652008666441481,0.040499910327815074
2,6,10,True,2,DDoS,5,Recon,0.04772555391854539,0.05084541331708668,0.05963832227706456
2,6,10,True,2,DDoS,6,Spoofing,0.08348059913905266,0.04839240511440454,0.10744966039347457
2,6,10,True,2,DDoS,7,Web-Based,0.0963763974739293,0.01929278186763206,0.12321948124853671
2,6,10,True,3,DoS,0,Benign,0.43885173406588524,0.12512691677947357,0.016524256399403355
2,6,10,True,3,DoS,1,BruteForce,0.018590180598367062,0.02251067361554498,0.024251685421476613
2,6,10,True,3,DoS,2,DDoS,0.08929424597852677,0.15226853745182944,0.1921524231437968
2,6,10,True,3,DoS,3,DoS,0.16616706998835365,0.5168903153714932,0.3432196650431296
2,6,10,True,3,DoS,4,Mirai,0.03881847799126372,0.06446110841905506,0.04899223425140833
2,6,10,True,3,DoS,5,Recon,0.05217387476305679,0.03702111229422581,0.06773421950960029
2,6,10,True,3,DoS,6,Spoofing,0.09290690112082617,0.06155514816429548,0.18115959177665295
2,6,10,True,3,DoS,7,Web-Based,0.10319751549372058,0.020166187904082457,0.12596592445453203
2,6,10,True,4,Mirai,0,Benign,0.3664143505664106,0.5516637308934278,0.020906360869143853
2,6,10,True,4,Mirai,1,BruteForce,0.02540898849457968,0.021156930174758594,0.018484991654150906
2,6,10,True,4,Mirai,2,DDoS,0.04294763571928286,0.04809789168189048,0.04526853483889094
2,6,10,True,4,Mirai,3,DoS,0.017655793038655703,0.02179135351882479,0.04057060523043271
2,6,10,True,4,Mirai,4,Mirai,0.06188569952391936,0.12223314028052162,0.0930199027442174
2,6,10,True,4,Mirai,5,Recon,0.06537957551238095,0.06273513876517309,0.1230947051897784
2,6,10,True,4,Mirai,6,Spoofing,0.2003845642831841,0.14123782298257997,0.32823821797470715
2,6,10,True,4,Mirai,7,Web-Based,0.2199233928615868,0.03108399170282371,0.33041668149867864
2,6,10,True,5,Recon,0,Benign,0.32678672024598787,0.562625890390798,0.021000630285856473
2,6,10,True,5,Recon,1,BruteForce,0.029669910619116873,0.023929013752491318,0.01812983451842123
2,6,10,True,5,Recon,2,DDoS,0.03665183733432558,0.026991223596798977,0.027754586994734036
2,6,10,True,5,Recon,3,DoS,0.01762463505369674,0.019836478788720423,0.031053758674665574
2,6,10,True,5,Recon,4,Mirai,0.0594044687866025,0.08406251652449458,0.08863199214013308
2,6,10,True,5,Recon,5,Recon,0.08028470711911632,0.09513678313178152,0.1505426834996439
2,6,10,True,5,Recon,6,Spoofing,0.18255639060030657,0.14655780275178934,0.2842386896914777
2,6,10,True,5,Recon,7,Web-Based,0.26702133024084757,0.04086029106312592,0.37864782419506804
2,6,10,True,6,Spoofing,0,Benign,0.35491638788628194,0.5631880294615021,0.0219464716626074
2,6,10,True,6,Spoofing,1,BruteForce,0.024675707474626652,0.02044899585618484,0.017590292229546802
2,6,10,True,6,Spoofing,2,DDoS,0.035338377833459673,0.026083454333751293,0.02732242244704799
2,6,10,True,6,Spoofing,3,DoS,0.017197148787551554,0.020663313884853266,0.03497819372947385
2,6,10,True,6,Spoofing,4,Mirai,0.05485261019581372,0.07848836862206211,0.08108459950483436
2,6,10,True,6,Spoofing,5,Recon,0.08078339757135085,0.085590159967357,0.13512999372248
2,6,10,True,6,Spoofing,6,Spoofing,0.2056513952598971,0.16944727185293113,0.34700179629198724
2,6,10,True,6,Spoofing,7,Web-Based,0.2265849749910184,0.03609040602135815,0.33494623041202237
2,6,10,True,7,Web-Based,0,Benign,0.34309992911316034,0.5637952655630745,0.02233567399325899
2,6,10,True,7,Web-Based,1,BruteForce,0.02677575959335152,0.02133970376123079,0.017738799278910797
2,6,10,True,7,Web-Based,2,DDoS,0.03678645915431635,0.029498449536390553,0.02980222971691401
2,6,10,True,7,Web-Based,3,DoS,0.016970330770072185,0.01902490325413496,0.031205773506683104
2,6,10,True,7,Web-Based,4,Mirai,0.0600209024037928,0.0940991334305831,0.08933694551850077
2,6,10,True,7,Web-Based,5,Recon,0.07578981053495047,0.07847681728896738,0.13496437980333795
2,6,10,True,7,Web-Based,6,Spoofing,0.1944487120794108,0.15781454772964557,0.30979530381561704
2,6,10,True,7,Web-Based,7,Web-Based,0.2461080963509456,0.03595117943597321,0.3648208943667773
2,6,11,False,0,Benign,0,Benign,0.5152481199614857,0.5707738160640804,0.5054759344795156
2,6,11,False,0,Benign,1,BruteForce,0.005669553894725334,0.01896591326786624,0.007462605127298825
2,6,11,False,0,Benign,2,DDoS,0.005827520119344912,0.04739462308163912,0.010640381605379423
2,6,11,False,0,Benign,3,DoS,0.008127922775971314,0.02466442165271992,0.014780983180301552
2,6,11,False,0,Benign,4,Mirai,0.08171470905796831,0.07642628724639984,0.08417180931879836
2,6,11,False,0,Benign,5,Recon,0.11393141858491321,0.08162554939405728,0.1373969726142291
2,6,11,False,0,Benign,6,Spoofing,0.2634451292498132,0.14892436162723877,0.23190462746669555
2,6,11,False,0,Benign,7,Web-Based,0.006035626355778066,0.0312250276659984,0.008166686207781701
2,6,11,False,1,BruteForce,0,Benign,0.49630558453679635,0.5668547573939706,0.5106147524192624
2,6,11,False,1,BruteForce,1,BruteForce,0.006149919829641523,0.023895432278591987,0.007222023432318588
2,6,11,False,1,BruteForce,2,DDoS,0.004739274333104733,0.02862703258591132,0.009715753075438184
2,6,11,False,1,BruteForce,3,DoS,0.005486989447028892,0.01880829259839652,0.00845695820506947
2,6,11,False,1,BruteForce,4,Mirai,0.09911213353893412,0.09454242170189128,0.08771126418285896
2,6,11,False,1,BruteForce,5,Recon,0.1141095979378261,0.06934445939324534,0.13823024944282974
2,6,11,False,1,BruteForce,6,Spoofing,0.2676524967488975,0.1567344222513211,0.23020952939325387
2,6,11,False,1,BruteForce,7,Web-Based,0.006444003627770875,0.04119318179667192,0.00783946984896885
2,6,11,False,2,DDoS,0,Benign,0.15777651413876426,0.1841755794537286,0.391693033549768
2,6,11,False,2,DDoS,1,BruteForce,0.00929240647008239,0.014162648506849732,0.012270970192291
2,6,11,False,2,DDoS,2,DDoS,0.5142136715394401,0.5914684805779385,0.14293445703506732
2,6,11,False,2,DDoS,3,DoS,0.022330308355166625,0.025142604497944865,0.0346928188460991
2,6,11,False,2,DDoS,4,Mirai,0.1001027511820487,0.06652008666441481,0.08264899631452405
2,6,11,False,2,DDoS,5,Recon,0.07000241337687191,0.05084541331708668,0.10654715777236783
2,6,11,False,2,DDoS,6,Spoofing,0.11795590500387526,0.04839240511440454,0.2163560792426348
2,6,11,False,2,DDoS,7,Web-Based,0.008326029933750936,0.01929278186763206,0.012856487047247967
2,6,11,False,3,DoS,0,Benign,0.060882041504604203,0.12512691677947357,0.10309353673587984
2,6,11,False,3,DoS,1,BruteForce,0.010191641603333284,0.02251067361554498,0.016412016849813423
2,6,11,False,3,DoS,2,DDoS,0.015066920108911657,0.15226853745182944,0.01715386702274042
2,6,11,False,3,DoS,3,DoS,0.6330495350131781,0.5168903153714932,0.4905930896630506
2,6,11,False,3,DoS,4,Mirai,0.04681274944827818,0.06446110841905506,0.06735126521196996
2,6,11,False,3,DoS,5,Recon,0.02112107854588221,0.03702111229422581,0.03254476557324266
2,6,11,False,3,DoS,6,Spoofing,0.2060537562993774,0.06155514816429548,0.2576296574068613
2,6,11,False,3,DoS,7,Web-Based,0.00682227747643506,0.020166187904082457,0.015221801536441816
2,6,11,False,4,Mirai,0,Benign,0.45670569386278226,0.5516637308934278,0.4930178028074896
2,6,11,False,4,Mirai,1,BruteForce,0.00568056839039391,0.021156930174758594,0.007418595071505128
2,6,11,False,4,Mirai,2,DDoS,0.0062998666834462175,0.04809789168189048,0.010673475310734544
2,6,11,False,4,Mirai,3,DoS,0.009205251517734072,0.02179135351882479,0.017015575176746667
2,6,11,False,4,Mirai,4,Mirai,0.17002054466672517,0.12223314028052162,0.12286600958710883
2,6,11,False,4,Mirai,5,Recon,0.07684296487423846,0.06273513876517309,0.08906886765228121
2,6,11,False,4,Mirai,6,Spoofing,0.2686231260689853,0.14123782298257997,0.2510653933064498
2,6,11,False,4,Mirai,7,Web-Based,0.00662198393569456,0.03108399170282371,0.008874281087684113
2,6,11,False,5,Recon,0,Benign,0.49802407685424993,0.562625890390798,0.4927068831424751
2,6,11,False,5,Recon,1,BruteForce,0.006067104655750963,0.023929013752491318,0.00742554195106978
2,6,11,False,5,Recon,2,DDoS,0.004430838743568142,0.026991223596798977,0.009624595886530429
2,6,11,False,5,Recon,3,DoS,0.005111639317528239,0.019836478788720423,0.008328389430311143
2,6,11,False,5,Recon,4,Mirai,0.07857468166534556,0.08406251652449458,0.08341663457695307
2,6,11,False,5,Recon,5,Recon,0.17647267534131042,0.09513678313178152,0.18752957396487546
2,6,11,False,5,Recon,6,Spoofing,0.22507640777668336,0.14655780275178934,0.20326917878805226
2,6,11,False,5,Recon,7,Web-Based,0.006242575645563411,0.04086029106312592,0.0076992022597328095
2,6,11,False,6,Spoofing,0,Benign,0.4656897432127662,0.5631880294615021,0.48286301836284756
2,6,11,False,6,Spoofing,1,BruteForce,0.0055686685172141245,0.02044899585618484,0.007235802502337834
2,6,11,False,6,Spoofing,2,DDoS,0.005122483280107369,0.026083454333751293,0.009895507549570342
2,6,11,False,6,Spoofing,3,DoS,0.0056449656286948965,0.020663313884853266,0.009983399578093499
2,6,11,False,6,Spoofing,4,Mirai,0.07232820341037426,0.07848836862206211,0.0785594528290734
2,6,11,False,6,Spoofing,5,Recon,0.11097915350483567,0.085590159967357,0.12942968868645746
2,6,11,False,6,Spoofing,6,Spoofing,0.3285310669956117,0.16944727185293113,0.2740407670468335
2,6,11,False,6,Spoofing,7,Web-Based,0.006135715450395859,0.03609040602135815,0.007992363444786446
2,6,11,False,7,Web-Based,0,Benign,0.5102555446777294,0.5637952655630745,0.5289669156973816
2,6,11,False,7,Web-Based,1,BruteForce,0.005547146455636756,0.02133970376123079,0.006997340482420253
2,6,11,False,7,Web-Based,2,DDoS,0.005248150123126481,0.029498449536390553,0.009770151186618404
2,6,11,False,7,Web-Based,3,DoS,0.006016928763224562,0.01902490325413496,0.009807038889836544
2,6,11,False,7,Web-Based,4,Mirai,0.10814474405169967,0.0940991334305831,0.09178229978131258
2,6,11,False,7,Web-Based,5,Recon,0.09850928018462661,0.07847681728896738,0.12418983171646154
2,6,11,False,7,Web-Based,6,Spoofing,0.25989415860566983,0.15781454772964557,0.2204966630762761
2,6,11,False,7,Web-Based,7,Web-Based,0.006384047138286607,0.03595117943597321,0.007989759169692986
2,6,12,False,0,Benign,0,Benign,0.022742416222216486,0.5707738160640804,0.026462665550044947
2,6,12,False,0,Benign,1,BruteForce,0.010294260881422924,0.01896591326786624,0.012055694095309408
2,6,12,False,0,Benign,2,DDoS,0.010708158973446813,0.04739462308163912,0.014718325348589106
2,6,12,False,0,Benign,3,DoS,0.0783138709063943,0.02466442165271992,0.09649944847369452
2,6,12,False,0,Benign,4,Mirai,0.5298384594003213,0.07642628724639984,0.497085396462591
2,6,12,False,0,Benign,5,Recon,0.1419060411724854,0.08162554939405728,0.12355267580960916
2,6,12,False,0,Benign,6,Spoofing,0.15133649644245223,0.14892436162723877,0.18046671219629276
2,6,12,False,0,Benign,7,Web-Based,0.05486029600126067,0.0312250276659984,0.04915908206386924
2,6,12,False,1,BruteForce,0,Benign,0.023434888807109665,0.5668547573939706,0.025107642284793254
2,6,12,False,1,BruteForce,1,BruteForce,0.01281965656031643,0.023895432278591987,0.01200549613060556
2,6,12,False,1,BruteForce,2,DDoS,0.009762163088075638,0.02862703258591132,0.013128686943424587
2,6,12,False,1,BruteForce,3,DoS,0.017049735405385943,0.01880829259839652,0.029005819762036804
2,6,12,False,1,BruteForce,4,Mirai,0.5789891680047052,0.09454242170189128,0.5528058772746978
2,6,12,False,1,BruteForce,5,Recon,0.12887819460000122,0.06934445939324534,0.13472743978366244
2,6,12,False,1,BruteForce,6,Spoofing,0.15041678523950397,0.1567344222513211,0.17409356481768265
2,6,12,False,1,BruteForce,7,Web-Based,0.07864940829490201,0.04119318179667192,0.059125473003096875
2,6,12,False,2,DDoS,0,Benign,0.014120705703836554,0.1841755794537286,0.030003869943939145
2,6,12,False,2,DDoS,1,BruteForce,0.011840182921664655,0.014162648506849732,0.017771132103718997
2,6,12,False,2,DDoS,2,DDoS,0.49755921442405,0.5914684805779385,0.3171184497345759
2,6,12,False,2,DDoS,3,DoS,0.09734259584850515,0.025142604497944865,0.10086297956612204
2,6,12,False,2,DDoS,4,Mirai,0.22970960677543611,0.06652008666441481,0.3132603556709456
2,6,12,False,2,DDoS,5,Recon,0.08129759629776268,0.05084541331708668,0.09257944457817051
2,6,12,False,2,DDoS,6,Spoofing,0.0416887227484048,0.04839240511440454,0.08977983377810282
2,6,12,False,2,DDoS,7,Web-Based,0.02644137528034016,0.01929278186763206,0.03862393462442499
2,6,12,False,3,DoS,0,Benign,0.005505195741273762,0.12512691677947357,0.010999057746118568
2,6,12,False,3,DoS,1,BruteForce,0.009659309617622453,0.02251067361554498,0.0175514269892811
2,6,12,False,3,DoS,2,DDoS,0.016621423999939204,0.15226853745182944,0.020152437677119866
2,6,12,False,3,DoS,3,DoS,0.8221801212623504,0.5168903153714932,0.7022069929548109
2,6,12,False,3,DoS,4,Mirai,0.06884662642026868,0.06446110841905506,0.11680458200945516
2,6,12,False,3,DoS,5,Recon,0.028548702238617333,0.03702111229422581,0.03703591624944796
2,6,12,False,3,DoS,6,Spoofing,0.034757071420235305,0.06155514816429548,0.07279207348035582
2,6,12,False,3,DoS,7,Web-Based,0.013881549299692899,0.020166187904082457,0.022457512893410584
2,6,12,False,4,Mirai,0,Benign,0.019890139063858565,0.5516637308934278,0.02594305074139693
2,6,12,False,4,Mirai,1,BruteForce,0.009054973287593382,0.021156930174758594,0.010684721840303734
2,6,12,False,4,Mirai,2,DDoS,0.011462390956806554,0.04809789168189048,0.015048815664166753
2,6,12,False,4,Mirai,3,DoS,0.03153537363913957,0.02179135351882479,0.0529732702800002
2,6,12,False,4,Mirai,4,Mirai,0.6739675792511016,0.12223314028052162,0.6064310047794048
2,6,12,False,4,Mirai,5,Recon,0.09563877180568207,0.06273513876517309,0.095220632058516
2,6,12,False,4,Mirai,6,Spoofing,0.1118223708351415,0.14123782298257997,0.14817769204580464
2,6,12,False,4,Mirai,7,Web-Based,0.046628401160676715,0.03108399170282371,0.045520812590406794
2,6,12,False,5,Recon,0,Benign,0.022342429430289138,0.562625890390798,0.023632525474858623
2,6,12,False,5,Recon,1,BruteForce,0.012823140447198976,0.023929013752491318,0.012284384474508312
2,6,12,False,5,Recon,2,DDoS,0.009675324531014958,0.026991223596798977,0.01318532466708884
2,6,12,False,5,Recon,3,DoS,0.020082572982344202,0.019836478788720423,0.0314168214343716
2,6,12,False,5,Recon,4,Mirai,0.5445482365305165,0.08406251652449458,0.5370038599406017
2,6,12,False,5,Recon,5,Recon,0.16740730206390553,0.09513678313178152,0.16281062096259766
2,6,12,False,5,Recon,6,Spoofing,0.1436392297023196,0.14655780275178934,0.1625838537369057
2,6,12,False,5,Recon,7,Web-Based,0.07948176431241114,0.04086029106312592,0.05708260930906753
2,6,12,False,6,Spoofing,0,Benign,0.0229993584730419,0.5631880294615021,0.026469107199742777
2,6,12,False,6,Spoofing,1,BruteForce,0.010820468909769962,0.02044899585618484,0.011622460802595755
2,6,12,False,6,Spoofing,2,DDoS,0.009575902797790598,0.026083454333751293,0.013628173719736776
2,6,12,False,6,Spoofing,3,DoS,0.03438739731986603,0.020663313884853266,0.05960305714089781
2,6,12,False,6,Spoofing,4,Mirai,0.5132411553719788,0.07848836862206211,0.49415070750533713
2,6,12,False,6,Spoofing,5,Recon,0.15530637624898797,0.085590159967357,0.1245803767133329
2,6,12,False,6,Spoofing,6,Spoofing,0.18732822809975694,0.16944727185293113,0.2142325937076371
2,6,12,False,6,Spoofing,7,Web-Based,0.06634111277880803,0.03609040602135815,0.05571352321071982
2,6,12,False,7,Web-Based,0,Benign,0.022625859692711386,0.5637952655630745,0.02641490311951378
2,6,12,False,7,Web-Based,1,BruteForce,0.010363037995480958,0.02133970376123079,0.011202996129719044
2,6,12,False,7,Web-Based,2,DDoS,0.00982509429912123,0.029498449536390553,0.013888644164304482
2,6,12,False,7,Web-Based,3,DoS,0.02846641832095082,0.01902490325413496,0.03456977866360679
2,6,12,False,7,Web-Based,4,Mirai,0.5783777100280645,0.0940991334305831,0.5575893799557168
2,6,12,False,7,Web-Based,5,Recon,0.14282042140457823,0.07847681728896738,0.13010916216150645
2,6,12,False,7,Web-Based,6,Spoofing,0.142389007238536,0.15781454772964557,0.1695661573199577
2,6,12,False,7,Web-Based,7,Web-Based,0.0651324510205569,0.03595117943597321,0.056658978485675054
2,6,13,False,0,Benign,0,Benign,0.058650824066285925,0.5707738160640804,0.06055386004083888
2,6,13,False,0,Benign,1,BruteForce,0.11882879796472119,0.01896591326786624,0.09363316921225759
2,6,13,False,0,Benign,2,DDoS,0.05726527904873505,0.04739462308163912,0.06796401271045555
2,6,13,False,0,Benign,3,DoS,0.011575896402898663,0.02466442165271992,0.01536906606727667
2,6,13,False,0,Benign,4,Mirai,0.0543700711218273,0.07642628724639984,0.05432285348042039
2,6,13,False,0,Benign,5,Recon,0.35013629901766996,0.08162554939405728,0.39795739412411263
2,6,13,False,0,Benign,6,Spoofing,0.13914339301017137,0.14892436162723877,0.1273448450201094
2,6,13,False,0,Benign,7,Web-Based,0.21002943936769058,0.0312250276659984,0.18285479934452892
2,6,13,False,1,BruteForce,0,Benign,0.06329493464211784,0.5668547573939706,0.06219007911701284
2,6,13,False,1,BruteForce,1,BruteForce,0.16290287497665154,0.023895432278591987,0.11360017528602807
2,6,13,False,1,BruteForce,2,DDoS,0.024987412049588358,0.02862703258591132,0.024879683051240126
2,6,13,False,1,BruteForce,3,DoS,0.012946129921730049,0.01880829259839652,0.01628907518567972
2,6,13,False,1,BruteForce,4,Mirai,0.06242899099162344,0.09454242170189128,0.05909321433342645
2,6,13,False,1,BruteForce,5,Recon,0.2816604832637401,0.06934445939324534,0.39380068182300615
2,6,13,False,1,BruteForce,6,Spoofing,0.12617031031106687,0.1567344222513211,0.1127826349398934
2,6,13,False,1,BruteForce,7,Web-Based,0.26560886384348176,0.04119318179667192,0.21736445626371323
2,6,13,False,2,DDoS,0,Benign,0.021523127583661022,0.1841755794537286,0.029645218230663097
2,6,13,False,2,DDoS,1,BruteForce,0.04419667889196277,0.014162648506849732,0.044390003608591314
2,6,13,False,2,DDoS,2,DDoS,0.6688743268982779,0.5914684805779385,0.6352909363725004
2,6,13,False,2,DDoS,3,DoS,0.006279236037548433,0.025142604497944865,0.010503117844130891
2,6,13,False,2,DDoS,4,Mirai,0.02911356212871934,0.06652008666441481,0.02860493938647318
2,6,13,False,2,DDoS,5,Recon,0.12320295231264106,0.05084541331708668,0.13708271084685927
2,6,13,False,2,DDoS,6,Spoofing,0.041091890232820026,0.04839240511440454,0.05030055513476766
2,6,13,False,2,DDoS,7,Web-Based,0.06571822591436947,0.01929278186763206,0.06418251857601417
2,6,13,False,3,DoS,0,Benign,0.017399089081566045,0.12512691677947357,0.03233971978002759
2,6,13,False,3,DoS,1,BruteForce,0.06308919352646056,0.02251067361554498,0.05300713177743538
2,6,13,False,3,DoS,2,DDoS,0.30421113469217903,0.15226853745182944,0.2691257299968779
2,6,13,False,3,DoS,3,DoS,0.2733134886871957,0.5168903153714932,0.05076355300514008
2,6,13,False,3,DoS,4,Mirai,0.07310688102420802,0.06446110841905506,0.061014517512999064
2,6,13,False,3,DoS,5,Recon,0.08808271428841835,0.03702111229422581,0.29218726986237215
2,6,13,False,3,DoS,6,Spoofing,0.10485593315979884,0.06155514816429548,0.11358387417877497
2,6,13,False,3,DoS,7,Web-Based,0.07594156554017355,0.020166187904082457,0.12797820388637293
2,6,13,False,4,Mirai,0,Benign,0.060675243808697994,0.5516637308934278,0.06505704215425251
2,6,13,False,4,Mirai,1,BruteForce,0.14826609230679583,0.021156930174758594,0.10857552825100836
2,6,13,False,4,Mirai,2,DDoS,0.058681623654202084,0.04809789168189048,0.054829259904598894
2,6,13,False,4,Mirai,3,DoS,0.012839591346559508,0.02179135351882479,0.01631967809243778
2,6,13,False,4,Mirai,4,Mirai,0.09923102136761594,0.12223314028052162,0.06634550226409335
2,6,13,False,4,Mirai,5,Recon,0.2599516471662808,0.06273513876517309,0.36094686593090997
2,6,13,False,4,Mirai,6,Spoofing,0.1388441514969589,0.14123782298257997,0.12982506029211566
2,6,13,False,4,Mirai,7,Web-Based,0.22151062885288908,0.03108399170282371,0.19810106311058343
2,6,13,False,5,Recon,0,Benign,0.05942680965797829,0.562625890390798,0.058890944199925195
2,6,13,False,5,Recon,1,BruteForce,0.14946919539479728,0.023929013752491318,0.10996258594731881
2,6,13,False,5,Recon,2,DDoS,0.022957924517566355,0.026991223596798977,0.024575459907588162
2,6,13,False,5,Recon,3,DoS,0.01229983518593268,0.019836478788720423,0.016073495926865418
2,6,13,False,5,Recon,4,Mirai,0.05566217481414485,0.08406251652449458,0.05682780049595466
2,6,13,False,5,Recon,5,Recon,0.33452853840537106,0.09513678313178152,0.4166202590929207
2,6,13,False,5,Recon,6,Spoofing,0.1154823400854571,0.14655780275178934,0.10761596507282863
2,6,13,False,5,Recon,7,Web-Based,0.2501731819387524,0.04086029106312592,0.20943348935659842
2,6,13,False,6,Spoofing,0,Benign,0.05657922186455292,0.5631880294615021,0.05824697724820248
2,6,13,False,6,Spoofing,1,BruteForce,0.12170395785000628,0.02044899585618484,0.09347761890614228
2,6,13,False,6,Spoofing,2,DDoS,0.021416292417588634,0.026083454333751293,0.023553621414356338
2,6,13,False,6,Spoofing,3,DoS,0.011959877071181598,0.020663313884853266,0.015169114494199247
2,6,13,False,6,Spoofing,4,Mirai,0.0549564606669396,0.07848836862206211,0.05348185281645945
2,6,13,False,6,Spoofing,5,Recon,0.3647552063168495,0.085590159967357,0.4310847366068133
2,6,13,False,6,Spoofing,6,Spoofing,0.1383677905228765,0.16944727185293113,0.12784485484416347
2,6,13,False,6,Spoofing,7,Web-Based,0.2302611932900049,0.03609040602135815,0.19714122366966352
2,6,13,False,7,Web-Based,0,Benign,0.061999671250634644,0.5637952655630745,0.06390660193207431
2,6,13,False,7,Web-Based,1,BruteForce,0.1380308332367498,0.02133970376123079,0.10607394555793523
2,6,13,False,7,Web-Based,2,DDoS,0.02637282529256917,0.029498449536390553,0.030251013981192044
2,6,13,False,7,Web-Based,3,DoS,0.012044139843009592,0.01902490325413496,0.015764724610940636
2,6,13,False,7,Web-Based,4,Mirai,0.06690003221214016,0.0940991334305831,0.05832549336769389
2,6,13,False,7,Web-Based,5,Recon,0.3229647961681741,0.07847681728896738,0.40326458703784607
2,6,13,False,7,Web-Based,6,Spoofing,0.12953705266404897,0.15781454772964557,0.11685334765521006
2,6,13,False,7,Web-Based,7,Web-Based,0.24215064933267352,0.03595117943597321,0.20556028585710787
2,6,14,True,0,Benign,0,Benign,0.6288600355571939,0.5707738160640804,0.1480594796370353
2,6,14,True,0,Benign,1,BruteForce,0.05050095122187543,0.01896591326786624,0.09103057403818236
2,6,14,True,0,Benign,2,DDoS,0.08021002755195958,0.04739462308163912,0.13501037934870694
2,6,14,True,0,Benign,3,DoS,0.027219197511370526,0.02466442165271992,0.08956857574426136
2,6,14,True,0,Benign,4,Mirai,0.061852246666441624,0.07642628724639984,0.15442565169066882
2,6,14,True,0,Benign,5,Recon,0.05333179311802335,0.08162554939405728,0.16030056009055077
2,6,14,True,0,Benign,6,Spoofing,0.031195169168454884,0.14892436162723877,0.031531698583245976
2,6,14,True,0,Benign,7,Web-Based,0.06683057920468068,0.0312250276659984,0.19007308086734842
2,6,14,True,1,BruteForce,0,Benign,0.5772615229083013,0.5668547573939706,0.15016749450818784
2,6,14,True,1,BruteForce,1,BruteForce,0.06866418504669386,0.023895432278591987,0.11283321346819068
2,6,14,True,1,BruteForce,2,DDoS,0.08318673492313462,0.02862703258591132,0.09277722713760264
2,6,14,True,1,BruteForce,3,DoS,0.020329812532284885,0.01880829259839652,0.04227046551479721
2,6,14,True,1,BruteForce,4,Mirai,0.0747174829074298,0.09454242170189128,0.1726806064477769
2,6,14,True,1,BruteForce,5,Recon,0.05086971249888132,0.06934445939324534,0.15484809839740113
2,6,14,True,1,BruteForce,6,Spoofing,0.03460659453464803,0.1567344222513211,0.03177492365119014
2,6,14,True,1,BruteForce,7,Web-Based,0.09036395464862615,0.04119318179667192,0.24264797087485346
2,6,14,True,2,DDoS,0,Benign,0.4559335474746118,0.1841755794537286,0.05504383470168419
2,6,14,True,2,DDoS,1,BruteForce,0.025186095501357485,0.014162648506849732,0.04343006115053119
2,6,14,True,2,DDoS,2,DDoS,0.3478038262991529,0.5914684805779385,0.6399708418223041
2,6,14,True,2,DDoS,3,DoS,0.022481509298743322,0.025142604497944865,0.049627131916077385
2,6,14,True,2,DDoS,4,Mirai,0.052058394861518746,0.06652008666441481,0.06286634217661555
2,6,14,True,2,DDoS,5,Recon,0.037882480646463296,0.05084541331708668,0.059088950315579924
2,6,14,True,2,DDoS,6,Spoofing,0.023795153283559054,0.04839240511440454,0.016241914274441712
2,6,14,True,2,DDoS,7,Web-Based,0.034858992634593376,0.01929278186763206,0.07373092364276607
2,6,14,True,3,DoS,0,Benign,0.4925871768717891,0.12512691677947357,0.036745108652393624
2,6,14,True,3,DoS,1,BruteForce,0.025324243696798046,0.02251067361554498,0.04923689543867314
2,6,14,True,3,DoS,2,DDoS,0.14494050664517077,0.15226853745182944,0.2189361691991132
2,6,14,True,3,DoS,3,DoS,0.20117684808689731,0.5168903153714932,0.4824966946835219
2,6,14,True,3,DoS,4,Mirai,0.042733332855668084,0.06446110841905506,0.06901901062078761
2,6,14,True,3,DoS,5,Recon,0.0384647928676793,0.03702111229422581,0.05468298899091042
2,6,14,True,3,DoS,6,Spoofing,0.021864219352037088,0.06155514816429548,0.018572282182331694
2,6,14,True,3,DoS,7,Web-Based,0.032908879623960295,0.020166187904082457,0.07031085023226843
2,6,14,True,4,Mirai,0,Benign,0.6017256752640472,0.5516637308934278,0.14558260732719783
2,6,14,True,4,Mirai,1,BruteForce,0.05683690530233836,0.021156930174758594,0.10089984082769843
2,6,14,True,4,Mirai,2,DDoS,0.09515780216135318,0.04809789168189048,0.132365923533683
2,6,14,True,4,Mirai,3,DoS,0.02283506820965296,0.02179135351882479,0.07981239993660168
2,6,14,True,4,Mirai,4,Mirai,0.08327890207796453,0.12223314028052162,0.1897777612426273
2,6,14,True,4,Mirai,5,Recon,0.04186211651696892,0.06273513876517309,0.12823493531298275
2,6,14,True,4,Mirai,6,Spoofing,0.030347128184746462,0.14123782298257997,0.03008714133987326
2,6,14,True,4,Mirai,7,Web-Based,0.06795640228292837,0.03108399170282371,0.1932393904793358
2,6,14,True,5,Recon,0,Benign,0.5735529524754243,0.562625890390798,0.14467575747633607
2,6,14,True,5,Recon,1,BruteForce,0.07069844372854382,0.023929013752491318,0.1141463146584827
2,6,14,True,5,Recon,2,DDoS,0.08230203148407692,0.026991223596798977,0.09065836586990135
2,6,14,True,5,Recon,3,DoS,0.02213468604832126,0.019836478788720423,0.0434782976751668
2,6,14,True,5,Recon,4,Mirai,0.069415427783123,0.08406251652449458,0.16795692760821904
2,6,14,True,5,Recon,5,Recon,0.05588258414453698,0.09513678313178152,0.16936905507596675
2,6,14,True,5,Recon,6,Spoofing,0.033449914298952256,0.14655780275178934,0.03200187725743563
2,6,14,True,5,Recon,7,Web-Based,0.09256396003702165,0.04086029106312592,0.2377134043784918
2,6,14,True,6,Spoofing,0,Benign,0.6241388830449439,0.5631880294615021,0.15515672168342898
2,6,14,True,6,Spoofing,1,BruteForce,0.054451966394710366,0.02044899585618484,0.09402456146783492
2,6,14,True,6,Spoofing,2,DDoS,0.07054261169151448,0.026083454333751293,0.08721759719181094
2,6,14,True,6,Spoofing,3,DoS,0.02266467402517976,0.020663313884853266,0.07751984771762219
2,6,14,True,6,Spoofing,4,Mirai,0.06231810262020875,0.07848836862206211,0.15508192804945162
2,6,14,True,6,Spoofing,5,Recon,0.05884777921272685,0.085590159967357,0.17753370357063722
2,6,14,True,6,Spoofing,6,Spoofing,0.03282621025315672,0.16944727185293113,0.03393015712444098
2,6,14,True,6,Spoofing,7,Web-Based,0.07420977275755915,0.03609040602135815,0.21953548319477323
2,6,14,True,7,Web-Based,0,Benign,0.6031396778876124,0.5637952655630745,0.16189355912712247
2,6,14,True,7,Web-Based,1,BruteForce,0.060919791345874275,0.02133970376123079,0.10210076203622208
2,6,14,True,7,Web-Based,2,DDoS,0.07785272092054955,0.029498449536390553,0.10510760822241653
2,6,14,True,7,Web-Based,3,DoS,0.019809788485401766,0.01902490325413496,0.046255614517100856
2,6,14,True,7,Web-Based,4,Mirai,0.07318034778810324,0.0940991334305831,0.17585135880458092
2,6,14,True,7,Web-Based,5,Recon,0.053337178901477406,0.07847681728896738,0.15516483640281217
2,6,14,True,7,Web-Based,6,Spoofing,0.03230551516759804,0.15781454772964557,0.032388845509535816
2,6,14,True,7,Web-Based,7,Web-Based,0.07945497950338332,0.03595117943597321,0.22123741538020916
2,6,15,True,0,Benign,0,Benign,0.7381106680381915,0.5707738160640804,0.049839407048369984
2,6,15,True,0,Benign,1,BruteForce,0.015114749599912372,0.01896591326786624,0.031952746373506424
2,6,15,True,0,Benign,2,DDoS,0.044309156287773835,0.04739462308163912,0.5022519274526185
2,6,15,True,0,Benign,3,DoS,0.02173080960490638,0.02466442165271992,0.2867873313995385
2,6,15,True,0,Benign,4,Mirai,0.0690025090313796,0.07642628724639984,0.03710599221636177
2,6,15,True,0,Benign,5,Recon,0.03890332090968057,0.08162554939405728,0.023070707372011598
2,6,15,True,0,Benign,6,Spoofing,0.05381693959364224,0.14892436162723877,0.03884810561062139
2,6,15,True,0,Benign,7,Web-Based,0.019011846934513514,0.0312250276659984,0.03014378252697195
2,6,15,True,1,BruteForce,0,Benign,0.7215352211796596,0.5668547573939706,0.05207551206555742
2,6,15,True,1,BruteForce,1,BruteForce,0.019055688537300202,0.023895432278591987,0.033464480183938446
2,6,15,True,1,BruteForce,2,DDoS,0.05057022352442634,0.02862703258591132,0.5329504797880963
2,6,15,True,1,BruteForce,3,DoS,0.01600717395928702,0.01880829259839652,0.2504226473607079
2,6,15,True,1,BruteForce,4,Mirai,0.08272781768917564,0.09454242170189128,0.03849186840165198
2,6,15,True,1,BruteForce,5,Recon,0.02566912707373258,0.06934445939324534,0.02265328635101351
2,6,15,True,1,BruteForce,6,Spoofing,0.06159958698498588,0.1567344222513211,0.03799244616487405
2,6,15,True,1,BruteForce,7,Web-Based,0.022835161051432785,0.04119318179667192,0.0319492796841605
2,6,15,True,2,DDoS,0,Benign,0.5329612558186556,0.1841755794537286,0.037558931196428384
2,6,15,True,2,DDoS,1,BruteForce,0.012386608907817561,0.014162648506849732,0.02688383215724133
2,6,15,True,2,DDoS,2,DDoS,0.276840180689239,0.5914684805779385,0.7419043758520436
2,6,15,True,2,DDoS,3,DoS,0.023364475533959206,0.025142604497944865,0.10634900120256495
2,6,15,True,2,DDoS,4,Mirai,0.0626127101279923,0.06652008666441481,0.027500291863635604
2,6,15,True,2,DDoS,5,Recon,0.03925120352348774,0.05084541331708668,0.016731122419306972
2,6,15,True,2,DDoS,6,Spoofing,0.03523059129287822,0.04839240511440454,0.021729241659544984
2,6,15,True,2,DDoS,7,Web-Based,0.017352974105970247,0.01929278186763206,0.0213432036492342
2,6,15,True,3,DoS,0,Benign,0.4749132935457648,0.12512691677947357,0.02093062169185039
2,6,15,True,3,DoS,1,BruteForce,0.01655450499282018,0.02251067361554498,0.03937447271880717
2,6,15,True,3,DoS,2,DDoS,0.08512298487210004,0.15226853745182944,0.230983461552189
2,6,15,True,3,DoS,3,DoS,0.27870504103202187,0.5168903153714932,0.6203742998024961
2,6,15,True,3,DoS,4,Mirai,0.05776334884160409,0.06446110841905506,0.02558702906097365
2,6,15,True,3,DoS,5,Recon,0.03305719723432819,0.03702111229422581,0.016732501945439
2,6,15,True,3,DoS,6,Spoofing,0.03646981278883335,0.06155514816429548,0.022870721632670718
2,6,15,True,3,DoS,7,Web-Based,0.01741381669252761,0.020166187904082457,0.02314689159557398
2,6,15,True,4,Mirai,0,Benign,0.7056576767306395,0.5516637308934278,0.04918618415140519
2,6,15,True,4,Mirai,1,BruteForce,0.01680557382316782,0.021156930174758594,0.03309853823094742
2,6,15,True,4,Mirai,2,DDoS,0.05225991244537814,0.04809789168189048,0.5135747760258506
2,6,15,True,4,Mirai,3,DoS,0.021129426142493073,0.02179135351882479,0.2778038421421814
2,6,15,True,4,Mirai,4,Mirai,0.10515332473336537,0.12223314028052162,0.039747188923165984
2,6,15,True,4,Mirai,5,Recon,0.026186607023446787,0.06273513876517309,0.018826301336706326
2,6,15,True,4,Mirai,6,Spoofing,0.054091096597203084,0.14123782298257997,0.03737634189122307
2,6,15,True,4,Mirai,7,Web-Based,0.0187163825043062,0.03108399170282371,0.030386827298520075
2,6,15,True,5,Recon,0,Benign,0.7212555541495069,0.562625890390798,0.05231090400242893
2,6,15,True,5,Recon,1,BruteForce,0.019399148137340578,0.023929013752491318,0.03487046593706778
2,6,15,True,5,Recon,2,DDoS,0.05256589824788607,0.026991223596798977,0.5151354536604092
2,6,15,True,5,Recon,3,DoS,0.019449662439999117,0.019836478788720423,0.26560072345031455
2,6,15,True,5,Recon,4,Mirai,0.07178081550696908,0.08406251652449458,0.0376412932965182
2,6,15,True,5,Recon,5,Recon,0.03356307802235551,0.09513678313178152,0.022822761923066533
2,6,15,True,5,Recon,6,Spoofing,0.0585404382720995,0.14655780275178934,0.039236306790337246
2,6,15,True,5,Recon,7,Web-Based,0.023445405223843377,0.04086029106312592,0.03238209093985765
2,6,15,True,6,Spoofing,0,Benign,0.7380278299758788,0.5631880294615021,0.04989348536388863
2,6,15,True,6,Spoofing,1,BruteForce,0.015646090799259056,0.02044899585618484,0.03188649971154166
2,6,15,True,6,Spoofing,2,DDoS,0.03979113057461243,0.026083454333751293,0.48386588385254226
2,6,15,True,6,Spoofing,3,DoS,0.01878460075187639,0.020663313884853266,0.30516149358828903
2,6,15,True,6,Spoofing,4,Mirai,0.06727361169333303,0.07848836862206211,0.03665031104580393
2,6,15,True,6,Spoofing,5,Recon,0.04271058693971302,0.085590159967357,0.021957736856461973
2,6,15,True,6,Spoofing,6,Spoofing,0.05788951624345493,0.16944727185293113,0.0405992718729204
2,6,15,True,6,Spoofing,7,Web-Based,0.019876633021872415,0.03609040602135815,0.029985317708552225
2,6,15,True,7,Web-Based,0,Benign,0.7245451854898216,0.5637952655630745,0.055652764274874436
2,6,15,True,7,Web-Based,1,BruteForce,0.016631183330089262,0.02133970376123079,0.030874757337916416
2,6,15,True,7,Web-Based,2,DDoS,0.045391229192803965,0.029498449536390553,0.5642708408093295
2,6,15,True,7,Web-Based,3,DoS,0.016588566175151163,0.01902490325413496,0.21004699373683333
2,6,15,True,7,Web-Based,4,Mirai,0.08485209176084223,0.0940991334305831,0.039571216454673305
2,6,15,True,7,Web-Based,5,Recon,0.0344805144886684,0.07847681728896738,0.02516263858178125
2,6,15,True,7,Web-Based,6,Spoofing,0.056999866246890116,0.15781454772964557,0.0418851396147757
2,6,15,True,7,Web-Based,7,Web-Based,0.02051136331573333,0.03595117943597321,0.032535649189816065
2,6,16,False,0,Benign,0,Benign,0.5221873900399562,0.5707738160640804,0.5289869720531107
2,6,16,False,0,Benign,1,BruteForce,0.023425371552244344,0.01896591326786624,0.022867332490681114
2,6,16,False,0,Benign,2,DDoS,0.17382187176073002,0.04739462308163912,0.16887718426678153
2,6,16,False,0,Benign,3,DoS,0.028217437023970098,0.02466442165271992,0.051841357131975206
2,6,16,False,0,Benign,4,Mirai,0.017007581683399546,0.07642628724639984,0.01948582065520686
2,6,16,False,0,Benign,5,Recon,0.02477960041808538,0.08162554939405728,0.023208244931691616
2,6,16,False,0,Benign,6,Spoofing,0.12986904732398732,0.14892436162723877,0.1089540888176844
2,6,16,False,0,Benign,7,Web-Based,0.08069170019762709,0.0312250276659984,0.07577899965286862
2,6,16,False,1,BruteForce,0,Benign,0.5144658542377342,0.5668547573939706,0.5744545563340866
2,6,16,False,1,BruteForce,1,BruteForce,0.0295626109553251,0.023895432278591987,0.023981889028737272
2,6,16,False,1,BruteForce,2,DDoS,0.1607219073824346,0.02862703258591132,0.12414438639312116
2,6,16,False,1,BruteForce,3,DoS,0.021250222611154102,0.01880829259839652,0.031614801917984124
2,6,16,False,1,BruteForce,4,Mirai,0.018220654839873857,0.09454242170189128,0.0186004018028425
2,6,16,False,1,BruteForce,5,Recon,0.021722143060939638,0.06934445939324534,0.023643384612350504
2,6,16,False,1,BruteForce,6,Spoofing,0.13484583229426766,0.1567344222513211,0.11807850717401792
2,6,16,False,1,BruteForce,7,Web-Based,0.09921077461827092,0.04119318179667192,0.08548207273686008
2,6,16,False,2,DDoS,0,Benign,0.15727638160610416,0.1841755794537286,0.1741260159576502
2,6,16,False,2,DDoS,1,BruteForce,0.014125700062597129,0.014162648506849732,0.020852015820541595
2,6,16,False,2,DDoS,2,DDoS,0.7144810108476625,0.5914684805779385,0.6737905432890671
2,6,16,False,2,DDoS,3,DoS,0.017969402917886484,0.025142604497944865,0.028548930532557998
2,6,16,False,2,DDoS,4,Mirai,0.009448106639234385,0.06652008666441481,0.014523519766539204
2,6,16,False,2,DDoS,5,Recon,0.010752686611096173,0.05084541331708668,0.012179546227798073
2,6,16,False,2,DDoS,6,Spoofing,0.04323082554785784,0.04839240511440454,0.04110077740829184
2,6,16,False,2,DDoS,7,Web-Based,0.03271588576756141,0.01929278186763206,0.03487865099755404
2,6,16,False,3,DoS,0,Benign,0.08528133334820409,0.12512691677947357,0.14296338459993616
2,6,16,False,3,DoS,1,BruteForce,0.01654637941244073,0.02251067361554498,0.028642659897336577
2,6,16,False,3,DoS,2,DDoS,0.2810246494840068,0.15226853745182944,0.3066166315495205
2,6,16,False,3,DoS,3,DoS,0.5225537478513181,0.5168903153714932,0.39191929596958774
2,6,16,False,3,DoS,4,Mirai,0.009321997630831417,0.06446110841905506,0.017658223094010092
2,6,16,False,3,DoS,5,Recon,0.009655799482268567,0.03702111229422581,0.013790035974995387
2,6,16,False,3,DoS,6,Spoofing,0.0481234829054439,0.06155514816429548,0.05532115693381596
2,6,16,False,3,DoS,7,Web-Based,0.027492609885486356,0.020166187904082457,0.0430886119807976
2,6,16,False,4,Mirai,0,Benign,0.46579335922179527,0.5516637308934278,0.5206070171457508
2,6,16,False,4,Mirai,1,BruteForce,0.026394854816018037,0.021156930174758594,0.023978315131557546
2,6,16,False,4,Mirai,2,DDoS,0.22267957568646266,0.04809789168189048,0.1769630014019333
2,6,16,False,4,Mirai,3,DoS,0.04289410711616725,0.02179135351882479,0.05453570918791254
2,6,16,False,4,Mirai,4,Mirai,0.018256508694416213,0.12223314028052162,0.01941199305439611
2,6,16,False,4,Mirai,5,Recon,0.019769431306382663,0.06273513876517309,0.02135227064962333
2,6,16,False,4,Mirai,6,Spoofing,0.12444880575754702,0.14123782298257997,0.1063665389238147
2,6,16,False,4,Mirai,7,Web-Based,0.079763357401211,0.03108399170282371,0.07678515450501171
2,6,16,False,5,Recon,0,Benign,0.5172917250629606,0.562625890390798,0.5716181821311552
2,6,16,False,5,Recon,1,BruteForce,0.029520431299553736,0.023929013752491318,0.024593033053676886
2,6,16,False,5,Recon,2,DDoS,0.15286386809236466,0.026991223596798977,0.12484120043291991
2,6,16,False,5,Recon,3,DoS,0.02253228904565157,0.019836478788720423,0.03375637061389429
2,6,16,False,5,Recon,4,Mirai,0.017746209284625915,0.08406251652449458,0.01840659021605707
2,6,16,False,5,Recon,5,Recon,0.028714037920472908,0.09513678313178152,0.02445099893113418
2,6,16,False,5,Recon,6,Spoofing,0.13068458459105098,0.14655780275178934,0.1158587790935409
2,6,16,False,5,Recon,7,Web-Based,0.10064685470331972,0.04086029106312592,0.08647484552762154
2,6,16,False,6,Spoofing,0,Benign,0.5321851524055574,0.5631880294615021,0.5684098316127797
2,6,16,False,6,Spoofing,1,BruteForce,0.024357152722354072,0.02044899585618484,0.022899105575981814
2,6,16,False,6,Spoofing,2,DDoS,0.13357142745471723,0.026083454333751293,0.11984449504853653
2,6,16,False,6,Spoofing,3,DoS,0.021661755071812595,0.020663313884853266,0.04571222361566175
2,6,16,False,6,Spoofing,4,Mirai,0.017448356390953698,0.07848836862206211,0.019652787043212223
2,6,16,False,6,Spoofing,5,Recon,0.025595269635508643,0.085590159967357,0.02456865175624679
2,6,16,False,6,Spoofing,6,Spoofing,0.15911940778763228,0.16944727185293113,0.11996086300199292
2,6,16,False,6,Spoofing,7,Web-Based,0.08606147853146423,0.03609040602135815,0.0789520423455883
2,6,16,False,7,Web-Based,0,Benign,0.5319948295297173,0.5637952655630745,0.5714476609725303
2,6,16,False,7,Web-Based,1,BruteForce,0.02629087468850401,0.02133970376123079,0.023310026981546425
2,6,16,False,7,Web-Based,2,DDoS,0.1484763144523028,0.029498449536390553,0.1346747131750776
2,6,16,False,7,Web-Based,3,DoS,0.022688570488881246,0.01902490325413496,0.03355962287673245
2,6,16,False,7,Web-Based,4,Mirai,0.018275975609069416,0.0940991334305831,0.019237949411600824
2,6,16,False,7,Web-Based,5,Recon,0.02369598448813508,0.07847681728896738,0.02394913990804512
2,6,16,False,7,Web-Based,6,Spoofing,0.13550064816055504,0.15781454772964557,0.11199076947497222
2,6,16,False,7,Web-Based,7,Web-Based,0.09307680258283507,0.03595117943597321,0.08183011719949508
2,6,17,True,0,Benign,0,Benign,0.6004692698786047,0.5707738160640804,0.286889015939312
2,6,17,True,0,Benign,1,BruteForce,0.011539533122998265,0.01896591326786624,0.014141176556226539
2,6,17,True,0,Benign,2,DDoS,0.025966741696606642,0.04739462308163912,0.03934222345283236
2,6,17,True,0,Benign,3,DoS,0.045412506585865625,0.02466442165271992,0.07510850393543397
2,6,17,True,0,Benign,4,Mirai,0.2531676725134537,0.07642628724639984,0.4623639116782699
2,6,17,True,0,Benign,5,Recon,0.009254166823905187,0.08162554939405728,0.012580999550135604
2,6,17,True,0,Benign,6,Spoofing,0.015737012049176463,0.14892436162723877,0.01989494697695438
2,6,17,True,0,Benign,7,Web-Based,0.03845309732938944,0.0312250276659984,0.08967922191083538
2,6,17,True,1,BruteForce,0,Benign,0.5746980519420035,0.5668547573939706,0.26788477225842416
2,6,17,True,1,BruteForce,1,BruteForce,0.012811574845336461,0.023895432278591987,0.01355950147760995
2,6,17,True,1,BruteForce,2,DDoS,0.021129522045243897,0.02862703258591132,0.023824451384301438
2,6,17,True,1,BruteForce,3,DoS,0.01801930183325374,0.01880829259839652,0.021147476688527626
2,6,17,True,1,BruteForce,4,Mirai,0.29838369136374,0.09454242170189128,0.5076466959494363
2,6,17,True,1,BruteForce,5,Recon,0.007855341653237338,0.06934445939324534,0.01194216929091869
2,6,17,True,1,BruteForce,6,Spoofing,0.017103195565785788,0.1567344222513211,0.021224212398854504
2,6,17,True,1,BruteForce,7,Web-Based,0.04999932075139938,0.04119318179667192,0.1327707205519274
2,6,17,True,2,DDoS,0,Benign,0.4116469846084639,0.1841755794537286,0.09965223464425019
2,6,17,True,2,DDoS,1,BruteForce,0.01149942127139332,0.014162648506849732,0.016912555800301876
2,6,17,True,2,DDoS,2,DDoS,0.35970940167653437,0.5914684805779385,0.5916063038604549
2,6,17,True,2,DDoS,3,DoS,0.0334043552917497,0.025142604497944865,0.059647025808189195
2,6,17,True,2,DDoS,4,Mirai,0.13072676697443897,0.06652008666441481,0.16515504529755384
2,6,17,True,2,DDoS,5,Recon,0.011567294313341742,0.05084541331708668,0.010300366663951063
2,6,17,True,2,DDoS,6,Spoofing,0.014876437566526958,0.04839240511440454,0.011752445730340406
2,6,17,True,2,DDoS,7,Web-Based,0.02656933829755113,0.01929278186763206,0.04497402219495862
2,6,17,True,3,DoS,0,Benign,0.4871550004362963,0.12512691677947357,0.05992432340690582
2,6,17,True,3,DoS,1,BruteForce,0.01470253298894113,0.02251067361554498,0.02264921063857181
2,6,17,True,3,DoS,2,DDoS,0.06743085947792596,0.15226853745182944,0.09107857185936827
2,6,17,True,3,DoS,3,DoS,0.28362962388103113,0.5168903153714932,0.6004928338303238
2,6,17,True,3,DoS,4,Mirai,0.08842572766222834,0.06446110841905506,0.16149540713187366
2,6,17,True,3,DoS,5,Recon,0.014805026502991451,0.03702111229422581,0.011963184394358726
2,6,17,True,3,DoS,6,Spoofing,0.015348604195075395,0.06155514816429548,0.014793874814484666
2,6,17,True,3,DoS,7,Web-Based,0.028502624855510375,0.020166187904082457,0.037602593924113276
2,6,17,True,4,Mirai,0,Benign,0.5717351871261301,0.5516637308934278,0.24452659773493632
2,6,17,True,4,Mirai,1,BruteForce,0.011521217127962035,0.021156930174758594,0.012452768444411106
2,6,17,True,4,Mirai,2,DDoS,0.025365965502948954,0.04809789168189048,0.02989616356771772
2,6,17,True,4,Mirai,3,DoS,0.03165301010807386,0.02179135351882479,0.03160659118771453
2,6,17,True,4,Mirai,4,Mirai,0.2992204360158139,0.12223314028052162,0.5618601648015825
2,6,17,True,4,Mirai,5,Recon,0.008093911137575408,0.06273513876517309,0.011154268779432132
2,6,17,True,4,Mirai,6,Spoofing,0.015571780702654246,0.14123782298257997,0.01860752929236095
2,6,17,True,4,Mirai,7,Web-Based,0.03683849227884147,0.03108399170282371,0.0898959161918447
2,6,17,True,5,Recon,0,Benign,0.5719211779253827,0.562625890390798,0.25952094279778837
2,6,17,True,5,Recon,1,BruteForce,0.013005414657275694,0.023929013752491318,0.013930722871897163
2,6,17,True,5,Recon,2,DDoS,0.021718728681026634,0.026991223596798977,0.02460110721417558
2,6,17,True,5,Recon,3,DoS,0.02088275062745819,0.019836478788720423,0.026782891227141448
2,6,17,True,5,Recon,4,Mirai,0.29699710154416215,0.08406251652449458,0.5082181784870103
2,6,17,True,5,Recon,5,Recon,0.007924044222824606,0.09513678313178152,0.011940778991640274
2,6,17,True,5,Recon,6,Spoofing,0.01669024391727516,0.14655780275178934,0.02098337634349378
2,6,17,True,5,Recon,7,Web-Based,0.05086053842459499,0.04086029106312592,0.1340220020668531
2,6,17,True,6,Spoofing,0,Benign,0.5988636318611,0.5631880294615021,0.302606185767156
2,6,17,True,6,Spoofing,1,BruteForce,0.01196902149082748,0.02044899585618484,0.013507241985149722
2,6,17,True,6,Spoofing,2,DDoS,0.021649955762522974,0.026083454333751293,0.025089976437142267
2,6,17,True,6,Spoofing,3,DoS,0.034786854972055525,0.020663313884853266,0.04117615354337931
2,6,17,True,6,Spoofing,4,Mirai,0.2650372825493173,0.07848836862206211,0.48033069048874455
2,6,17,True,6,Spoofing,5,Recon,0.009248288529786585,0.085590159967357,0.013000229641819839
2,6,17,True,6,Spoofing,6,Spoofing,0.01601296069482292,0.16944727185293113,0.021249318788605573
2,6,17,True,6,Spoofing,7,Web-Based,0.042432004139567214,0.03609040602135815,0.10304020334800273
2,6,17,True,7,Web-Based,0,Benign,0.5813525786115069,0.5637952655630745,0.28968093350244056
2,6,17,True,7,Web-Based,1,BruteForce,0.012004978244194468,0.02133970376123079,0.013761211173983294
2,6,17,True,7,Web-Based,2,DDoS,0.02176064939315858,0.029498449536390553,0.027595103491214332
2,6,17,True,7,Web-Based,3,DoS,0.021710858597651275,0.01902490325413496,0.021580846561655005
2,6,17,True,7,Web-Based,4,Mirai,0.294835119039165,0.0940991334305831,0.5045295700101171
2,6,17,True,7,Web-Based,5,Recon,0.008368665200710746,0.07847681728896738,0.012630118921325022
2,6,17,True,7,Web-Based,6,Spoofing,0.016163348861513285,0.15781454772964557,0.020622524472812886
2,6,17,True,7,Web-Based,7,Web-Based,0.04380380205209982,0.03595117943597321,0.10959969186645173
2,6,18,True,0,Benign,0,Benign,0.5282324721992409,0.5707738160640804,0.06003669693124527
2,6,18,True,0,Benign,1,BruteForce,0.016579432272706574,0.01896591326786624,0.015925282420627428
2,6,18,True,0,Benign,2,DDoS,0.18522557532006956,0.04739462308163912,0.1752512081883567
2,6,18,True,0,Benign,3,DoS,0.023396828856229693,0.02466442165271992,0.05925209115095998
2,6,18,True,0,Benign,4,Mirai,0.10705888305974455,0.07642628724639984,0.2680656923199855
2,6,18,True,0,Benign,5,Recon,0.028311787637383925,0.08162554939405728,0.10830681306316478
2,6,18,True,0,Benign,6,Spoofing,0.07385857420790343,0.14892436162723877,0.1953149492678493
2,6,18,True,0,Benign,7,Web-Based,0.037336446446721475,0.0312250276659984,0.11784726665781116
2,6,18,True,1,BruteForce,0,Benign,0.4957871106639296,0.5668547573939706,0.05985143394031293
2,6,18,True,1,BruteForce,1,BruteForce,0.020542466526200592,0.023895432278591987,0.015592786599150038
2,6,18,True,1,BruteForce,2,DDoS,0.1827460567230591,0.02862703258591132,0.1289359280752761
2,6,18,True,1,BruteForce,3,DoS,0.013531677100356042,0.01880829259839652,0.02215712225230054
2,6,18,True,1,BruteForce,4,Mirai,0.1308397269677015,0.09454242170189128,0.317016468517998
2,6,18,True,1,BruteForce,5,Recon,0.02409086706638826,0.06934445939324534,0.11847456578080608
2,6,18,True,1,BruteForce,6,Spoofing,0.08459711857695362,0.1567344222513211,0.18611693944709506
2,6,18,True,1,BruteForce,7,Web-Based,0.04786497637541128,0.04119318179667192,0.15185475538706122
2,6,18,True,2,DDoS,0,Benign,0.39620389786747756,0.1841755794537286,0.029062631855855094
2,6,18,True,2,DDoS,1,BruteForce,0.011263259288258609,0.014162648506849732,0.016288194304989984
2,6,18,True,2,DDoS,2,DDoS,0.43035840691516203,0.5914684805779385,0.6648201106739219
2,6,18,True,2,DDoS,3,DoS,0.01779078969035669,0.025142604497944865,0.034976272066712825
2,6,18,True,2,DDoS,4,Mirai,0.06173164174910972,0.06652008666441481,0.096397978138924
2,6,18,True,2,DDoS,5,Recon,0.024581648111762087,0.05084541331708668,0.05429758367867338
2,6,18,True,2,DDoS,6,Spoofing,0.036585096724879446,0.04839240511440454,0.056696095005218945
2,6,18,True,2,DDoS,7,Web-Based,0.021485259652993912,0.01929278186763206,0.047461134275703955
2,6,18,True,3,DoS,0,Benign,0.4537113384981923,0.12512691677947357,0.02066310555668643
2,6,18,True,3,DoS,1,BruteForce,0.014467184591392944,0.02251067361554498,0.023275818268509742
2,6,18,True,3,DoS,2,DDoS,0.24584548020359223,0.15226853745182944,0.258822317646216
2,6,18,True,3,DoS,3,DoS,0.15911605490072028,0.5168903153714932,0.4234930144571863
2,6,18,True,3,DoS,4,Mirai,0.04580538266629713,0.06446110841905506,0.09426692062515364
2,6,18,True,3,DoS,5,Recon,0.025500149277947512,0.03702111229422581,0.039583359254818457
2,6,18,True,3,DoS,6,Spoofing,0.03353901501371216,0.06155514816429548,0.08592159588391285
2,6,18,True,3,DoS,7,Web-Based,0.022015394848145523,0.020166187904082457,0.05397386830751663
2,6,18,True,4,Mirai,0,Benign,0.5049019155855953,0.5516637308934278,0.05628407963491555
2,6,18,True,4,Mirai,1,BruteForce,0.017997580616490674,0.021156930174758594,0.01544059660104304
2,6,18,True,4,Mirai,2,DDoS,0.19946915184671177,0.04809789168189048,0.15448560210473708
2,6,18,True,4,Mirai,3,DoS,0.01641427046904888,0.02179135351882479,0.04912073475735243
2,6,18,True,4,Mirai,4,Mirai,0.12971869550408813,0.12223314028052162,0.3346982396821286
2,6,18,True,4,Mirai,5,Recon,0.02203888076799311,0.06273513876517309,0.09483282830803735
2,6,18,True,4,Mirai,6,Spoofing,0.0731861587759779,0.14123782298257997,0.17399327749416404
2,6,18,True,4,Mirai,7,Web-Based,0.036273346434094245,0.03108399170282371,0.12114464141762199
2,6,18,True,5,Recon,0,Benign,0.5011747770610029,0.562625890390798,0.05812312447001411
2,6,18,True,5,Recon,1,BruteForce,0.02068014148430449,0.023929013752491318,0.015691333544148797
2,6,18,True,5,Recon,2,DDoS,0.18227610563172725,0.026991223596798977,0.122115431082052
2,6,18,True,5,Recon,3,DoS,0.013746173935136954,0.019836478788720423,0.022574914676715394
2,6,18,True,5,Recon,4,Mirai,0.12794412993786722,0.08406251652449458,0.3151549157088511
2,6,18,True,5,Recon,5,Recon,0.025263906211662374,0.09513678313178152,0.13887600447012433
2,6,18,True,5,Recon,6,Spoofing,0.08126711360361243,0.14655780275178934,0.17694869786890408
2,6,18,True,5,Recon,7,Web-Based,0.04764765213468642,0.04086029106312592,0.15051557817919023
2,6,18,True,6,Spoofing,0,Benign,0.5362459033145578,0.5631880294615021,0.06170834865848539
2,6,18,True,6,Spoofing,1,BruteForce,0.017218941724495014,0.02044899585618484,0.015800834351637857
2,6,18,True,6,Spoofing,2,DDoS,0.16496458337075556,0.026083454333751293,0.1232908717829644
2,6,18,True,6,Spoofing,3,DoS,0.01638755126840504,0.020663313884853266,0.04271692378464614
2,6,18,True,6,Spoofing,4,Mirai,0.10872996433111923,0.07848836862206211,0.2729913861731602
2,6,18,True,6,Spoofing,5,Recon,0.030692526606830983,0.085590159967357,0.11501973307918247
2,6,18,True,6,Spoofing,6,Spoofing,0.08392347313797169,0.16944727185293113,0.23591856384237125
2,6,18,True,6,Spoofing,7,Web-Based,0.041837056245864646,0.03609040602135815,0.13255333832755234
2,6,18,True,7,Web-Based,0,Benign,0.5140617911873189,0.5637952655630745,0.06290869206457517
2,6,18,True,7,Web-Based,1,BruteForce,0.018177306323658972,0.02133970376123079,0.015319260554912553
2,6,18,True,7,Web-Based,2,DDoS,0.17730161264844835,0.029498449536390553,0.14188922350994165
2,6,18,True,7,Web-Based,3,DoS,0.013731945697022381,0.01902490325413496,0.02459099334319162
2,6,18,True,7,Web-Based,4,Mirai,0.12900885718348176,0.0940991334305831,0.31275061179402036
2,6,18,True,7,Web-Based,5,Recon,0.026922752118801428,0.07847681728896738,0.11708161224186986
2,6,18,True,7,Web-Based,6,Spoofing,0.07907311908252905,0.15781454772964557,0.1881912653758733
2,6,18,True,7,Web-Based,7,Web-Based,0.041722615758739146,0.03595117943597321,0.13726834111561545
2,6,19,False,0,Benign,0,Benign,0.09584858786549151,0.5707738160640804,0.08823387665806656
2,6,19,False,0,Benign,1,BruteForce,0.012983615072423049,0.01896591326786624,0.01888932090882132
2,6,19,False,0,Benign,2,DDoS,0.22984475541960636,0.04739462308163912,0.2429632693628746
2,6,19,False,0,Benign,3,DoS,0.0699131844961129,0.02466442165271992,0.08348141086570714
2,6,19,False,0,Benign,4,Mirai,0.014678830178205218,0.07642628724639984,0.019610591700312093
2,6,19,False,0,Benign,5,Recon,0.17688016152269267,0.08162554939405728,0.17813600008336025
2,6,19,False,0,Benign,6,Spoofing,0.3842471016248572,0.14892436162723877,0.3497237577388485
2,6,19,False,0,Benign,7,Web-Based,0.015603763820611105,0.0312250276659984,0.018961772682009412
2,6,19,False,1,BruteForce,0,Benign,0.10699067416908037,0.5668547573939706,0.09913790567731263
2,6,19,False,1,BruteForce,1,BruteForce,0.01401734738423195,0.023895432278591987,0.018064839186361405
2,6,19,False,1,BruteForce,2,DDoS,0.227413214663904,0.02862703258591132,0.20349844104536582
2,6,19,False,1,BruteForce,3,DoS,0.01894270069260094,0.01880829259839652,0.02784390523462867
2,6,19,False,1,BruteForce,4,Mirai,0.015665338742865208,0.09454242170189128,0.01950739318485699
2,6,19,False,1,BruteForce,5,Recon,0.1676758059690008,0.06934445939324534,0.2187069857341637
2,6,19,False,1,BruteForce,6,Spoofing,0.4332598370055856,0.1567344222513211,0.3939871007678026
2,6,19,False,1,BruteForce,7,Web-Based,0.016035081372731266,0.04119318179667192,0.019253429169508115
2,6,19,False,2,DDoS,0,Benign,0.031180481087256906,0.1841755794537286,0.03767276258733159
2,6,19,False,2,DDoS,1,BruteForce,0.008896430557509456,0.014162648506849732,0.016056824115162807
2,6,19,False,2,DDoS,2,DDoS,0.7384762712130356,0.5914684805779385,0.6882905537192153
2,6,19,False,2,DDoS,3,DoS,0.036247970207386015,0.025142604497944865,0.048163516725315256
2,6,19,False,2,DDoS,4,Mirai,0.00855673936751819,0.06652008666441481,0.016534657503638764
2,6,19,False,2,DDoS,5,Recon,0.07378421121224266,0.05084541331708668,0.07958947246139361
2,6,19,False,2,DDoS,6,Spoofing,0.0960019423682611,0.04839240511440454,0.10282389900793108
2,6,19,False,2,DDoS,7,Web-Based,0.006855953986790027,0.01929278186763206,0.010868313880011578
2,6,19,False,3,DoS,0,Benign,0.014273640095832305,0.12512691677947357,0.020026217259025727
2,6,19,False,3,DoS,1,BruteForce,0.013170930473531803,0.02251067361554498,0.025034336214780212
2,6,19,False,3,DoS,2,DDoS,0.18428828100948155,0.15226853745182944,0.20879855364634697
2,6,19,False,3,DoS,3,DoS,0.6798096406570794,0.5168903153714932,0.5733914465592493
2,6,19,False,3,DoS,4,Mirai,0.0069078714568422605,0.06446110841905506,0.015936369513321242
2,6,19,False,3,DoS,5,Recon,0.03655823682165047,0.03702111229422581,0.0464978550774566
2,6,19,False,3,DoS,6,Spoofing,0.058593005333248356,0.06155514816429548,0.09841889403122607
2,6,19,False,3,DoS,7,Web-Based,0.006398394152333853,0.020166187904082457,0.011896327698594002
2,6,19,False,4,Mirai,0,Benign,0.09369923400634324,0.5516637308934278,0.09167101573892925
2,6,19,False,4,Mirai,1,BruteForce,0.013799246566908502,0.021156930174758594,0.019798226119701657
2,6,19,False,4,Mirai,2,DDoS,0.3187423509677216,0.04809789168189048,0.2596567372868506
2,6,19,False,4,Mirai,3,DoS,0.050568718749567386,0.02179135351882479,0.07104045203391178
2,6,19,False,4,Mirai,4,Mirai,0.01668379832875932,0.12223314028052162,0.021280885764181936
2,6,19,False,4,Mirai,5,Recon,0.1293560500707869,0.06273513876517309,0.16300272388462222
2,6,19,False,4,Mirai,6,Spoofing,0.3629072832246762,0.14123782298257997,0.35435016413821613
2,6,19,False,4,Mirai,7,Web-Based,0.014243318085236859,0.03108399170282371,0.019199795033586476
2,6,19,False,5,Recon,0,Benign,0.10486219399718137,0.562625890390798,0.09760074570728806
2,6,19,False,5,Recon,1,BruteForce,0.013416614925971791,0.023929013752491318,0.01785633303978797
2,6,19,False,5,Recon,2,DDoS,0.21264842506095324,0.026991223596798977,0.1952643830935358
2,6,19,False,5,Recon,3,DoS,0.02118392364416373,0.019836478788720423,0.02951280555912488
2,6,19,False,5,Recon,4,Mirai,0.014124722379339592,0.08406251652449458,0.019269203289343086
2,6,19,False,5,Recon,5,Recon,0.24061210218010307,0.09513678313178152,0.24910730652688962
2,6,19,False,5,Recon,6,Spoofing,0.3771821513113977,0.14655780275178934,0.37247809202891285
2,6,19,False,5,Recon,7,Web-Based,0.015969866500889614,0.04086029106312592,0.018911130755117668
2,6,19,False,6,Spoofing,0,Benign,0.0996536664390237,0.5631880294615021,0.09459257177217283
2,6,19,False,6,Spoofing,1,BruteForce,0.012344516644109857,0.02044899585618484,0.018608910498152272
2,6,19,False,6,Spoofing,2,DDoS,0.18254711453193898,0.026083454333751293,0.18479530680509787
2,6,19,False,6,Spoofing,3,DoS,0.04135255902218285,0.020663313884853266,0.06258030746707754
2,6,19,False,6,Spoofing,4,Mirai,0.014253196344198167,0.07848836862206211,0.01943747529338753
2,6,19,False,6,Spoofing,5,Recon,0.20201690152666946,0.085590159967357,0.19519971533553404
2,6,19,False,6,Spoofing,6,Spoofing,0.43206630865781454,0.16944727185293113,0.405441605634872
2,6,19,False,6,Spoofing,7,Web-Based,0.01576573683406253,0.03609040602135815,0.01934410719370588
2,6,19,False,7,Web-Based,0,Benign,0.10892957176743524,0.5637952655630745,0.1007990821887821
2,6,19,False,7,Web-Based,1,BruteForce,0.013045074333218698,0.02133970376123079,0.018501421292924862
2,6,19,False,7,Web-Based,2,DDoS,0.25010711338739927,0.029498449536390553,0.2250672477616476
2,6,19,False,7,Web-Based,3,DoS,0.022899005298527637,0.01902490325413496,0.03364515979787337
2,6,19,False,7,Web-Based,4,Mirai,0.015542249441528976,0.0940991334305831,0.019942477727555873
2,6,19,False,7,Web-Based,5,Recon,0.18354661548742135,0.07847681728896738,0.2106561159097662
2,6,19,False,7,Web-Based,6,Spoofing,0.3896100044096133,0.15781454772964557,0.37142243101012146
2,6,19,False,7,Web-Based,7,Web-Based,0.016320365874855584,0.03595117943597321,0.01996606431132858
3,7,0,False,0,Benign,0,Benign,0.2905665813199424,0.5844539330523711,0.26278178160925625
3,7,0,False,0,Benign,1,BruteForce,0.07484365311629704,0.020313720488047526,0.05988172549568824
3,7,0,False,0,Benign,2,DDoS,0.009158905599321815,0.039345917887647706,0.017071578120114936
3,7,0,False,0,Benign,3,DoS,0.13541869679832674,0.01946176985818878,0.1844970353632558
3,7,0,False,0,Benign,4,Mirai,0.3029523306705794,0.07219839171396836,0.2918442271356306
3,7,0,False,0,Benign,5,Recon,0.14423458437530104,0.08733842437714193,0.14228985307871034
3,7,0,False,0,Benign,6,Spoofing,0.02274416885640676,0.14339307776809043,0.020855983251581833
3,7,0,False,0,Benign,7,Web-Based,0.02008107926382488,0.03349476485454417,0.020777815945762
3,7,0,False,1,BruteForce,0,Benign,0.2339392933268575,0.5622997012213233,0.2656430290659468
3,7,0,False,1,BruteForce,1,BruteForce,0.1501976749219448,0.02728277465167927,0.08753372719811156
3,7,0,False,1,BruteForce,2,DDoS,0.011597705921449174,0.029167252798188527,0.012764178493417473
3,7,0,False,1,BruteForce,3,DoS,0.07728308146450313,0.016400488740294813,0.07678476689708104
3,7,0,False,1,BruteForce,4,Mirai,0.36627638662173423,0.08701777155392787,0.3325634123379524
3,7,0,False,1,BruteForce,5,Recon,0.10846224245617779,0.0859550724621488,0.17508103946245743
3,7,0,False,1,BruteForce,6,Spoofing,0.022700443385279778,0.1470360413304578,0.022715882767572422
3,7,0,False,1,BruteForce,7,Web-Based,0.029543171902053512,0.044840897241979705,0.026913963777460977
3,7,0,False,2,DDoS,0,Benign,0.06917200282788125,0.2097315666238486,0.10478185413533818
3,7,0,False,2,DDoS,1,BruteForce,0.029463695529096143,0.013053956757228083,0.03363773507810239
3,7,0,False,2,DDoS,2,DDoS,0.5497765426806829,0.5721216259561164,0.4555644832146435
3,7,0,False,2,DDoS,3,DoS,0.1401410300238706,0.02200700803468001,0.16267828503382503
3,7,0,False,2,DDoS,4,Mirai,0.1368989973407583,0.06178396270595359,0.13805545173557351
3,7,0,False,2,DDoS,5,Recon,0.05474172863266031,0.055253399155004025,0.07114814746332884
3,7,0,False,2,DDoS,6,Spoofing,0.009730669171116946,0.04757890223355571,0.014144695575032938
3,7,0,False,2,DDoS,7,Web-Based,0.01007533379393361,0.01846957853361365,0.019989347764155587
3,7,0,False,3,DoS,0,Benign,0.020347824588055702,0.10939164040348692,0.031183219318431078
3,7,0,False,3,DoS,1,BruteForce,0.014825694358386035,0.019680937472201027,0.016828722475000998
3,7,0,False,3,DoS,2,DDoS,0.015790639619501508,0.14720958172483822,0.02177625241987036
3,7,0,False,3,DoS,3,DoS,0.9024041335481161,0.5472436478333234,0.8446218761534362
3,7,0,False,3,DoS,4,Mirai,0.023575827681782603,0.052966433773250825,0.0431461770917808
3,7,0,False,3,DoS,5,Recon,0.014079021322996394,0.039814252702969274,0.026358258254224377
3,7,0,False,3,DoS,6,Spoofing,0.0050438171748308745,0.06391946328932419,0.00856158772017071
3,7,0,False,3,DoS,7,Web-Based,0.0039330417063306805,0.019774042800606205,0.007523906567085566
3,7,0,False,4,Mirai,0,Benign,0.2132372081094536,0.5581634495500684,0.25716740971373475
3,7,0,False,4,Mirai,1,BruteForce,0.06846042004882939,0.02299003150126349,0.06214343396007815
3,7,0,False,4,Mirai,2,DDoS,0.011626821513736322,0.04165761273680024,0.01386823720359379
3,7,0,False,4,Mirai,3,DoS,0.08673093988042914,0.018639312764688703,0.149772069756984
3,7,0,False,4,Mirai,4,Mirai,0.5093904709897964,0.12172314221652329,0.3716587945662579
3,7,0,False,4,Mirai,5,Recon,0.0729701104616217,0.06170154878359421,0.10328053476161966
3,7,0,False,4,Mirai,6,Spoofing,0.021596212901541317,0.1418684891838149,0.02136984537726492
3,7,0,False,4,Mirai,7,Web-Based,0.015987816094592194,0.03325641326324677,0.020739674660466896
3,7,0,False,5,Recon,0,Benign,0.22343663195811658,0.5578683729289501,0.24724985801781527
3,7,0,False,5,Recon,1,BruteForce,0.13466093504030013,0.02750585750952588,0.0851020256366411
3,7,0,False,5,Recon,2,DDoS,0.010499350801869879,0.02818736366589477,0.012058303129683059
3,7,0,False,5,Recon,3,DoS,0.10269516170356408,0.017649300778418437,0.0998195894281689
3,7,0,False,5,Recon,4,Mirai,0.30854047529865186,0.07840719565461707,0.3057203541264973
3,7,0,False,5,Recon,5,Recon,0.16567684691304588,0.10470044919847263,0.20288978965026663
3,7,0,False,5,Recon,6,Spoofing,0.022944632324614498,0.14152304784893835,0.021513182207612613
3,7,0,False,5,Recon,7,Web-Based,0.031545965959837115,0.04415841241518281,0.025646897803315197
3,7,0,False,6,Spoofing,0,Benign,0.2605367784737111,0.5641986024995334,0.27290338038420653
3,7,0,False,6,Spoofing,1,BruteForce,0.09429958774246307,0.021937382914462178,0.06470870055203756
3,7,0,False,6,Spoofing,2,DDoS,0.009508689709360866,0.026770398369739615,0.012183481902706246
3,7,0,False,6,Spoofing,3,DoS,0.09299450122009156,0.017172199041703563,0.14846015901941642
3,7,0,False,6,Spoofing,4,Mirai,0.32914044898177625,0.07395767594783664,0.2955883962719409
3,7,0,False,6,Spoofing,5,Recon,0.15967443690050184,0.09399213243420108,0.16073231861293877
3,7,0,False,6,Spoofing,6,Spoofing,0.027497897578057217,0.16414202256364593,0.022702443629196753
3,7,0,False,6,Spoofing,7,Web-Based,0.026347659394038117,0.037829586228877596,0.02272111962755682
3,7,0,False,7,Web-Based,0,Benign,0.25726626252257273,0.5696364407506596,0.2828623583119801
3,7,0,False,7,Web-Based,1,BruteForce,0.07455009340073603,0.023040066197877025,0.06785994904824477
3,7,0,False,7,Web-Based,2,DDoS,0.010115553152271072,0.02987266577563228,0.014249287961015595
3,7,0,False,7,Web-Based,3,DoS,0.07633185535051205,0.015816689057327898,0.10621673236144319
3,7,0,False,7,Web-Based,4,Mirai,0.4212452318176363,0.08990065841741948,0.34482029681020887
3,7,0,False,7,Web-Based,5,Recon,0.11496303832274979,0.08427264047290081,0.13843233178161277
3,7,0,False,7,Web-Based,6,Spoofing,0.023704811047920275,0.14892556945778707,0.022295377231029485
3,7,0,False,7,Web-Based,7,Web-Based,0.021823154385601878,0.038535269870395815,0.023263666494465214
3,7,1,True,0,Benign,0,Benign,0.5055398875378682,0.5844539330523711,0.013568399554844724
3,7,1,True,0,Benign,1,BruteForce,0.005277130563930449,0.020313720488047526,0.008605934639372665
3,7,1,True,0,Benign,2,DDoS,0.04434027865949091,0.039345917887647706,0.07444771125811747
3,7,1,True,0,Benign,3,DoS,0.00979881553657842,0.01946176985818878,0.018250106949369942
3,7,1,True,0,Benign,4,Mirai,0.05850222672246389,0.07219839171396836,0.10807574100270502
3,7,1,True,0,Benign,5,Recon,0.15564767777238292,0.08733842437714193,0.2907260211972004
3,7,1,True,0,Benign,6,Spoofing,0.215903301811073,0.14339307776809043,0.47608512375763967
3,7,1,True,0,Benign,7,Web-Based,0.004990681396212273,0.03349476485454417,0.010240961640750088
3,7,1,True,1,BruteForce,0,Benign,0.4960263841242543,0.5622997012213233,0.012838263384921755
3,7,1,True,1,BruteForce,1,BruteForce,0.005566126614439696,0.02728277465167927,0.008322975190072216
3,7,1,True,1,BruteForce,2,DDoS,0.02763997616226452,0.029167252798188527,0.0486947483017159
3,7,1,True,1,BruteForce,3,DoS,0.0063923415586174225,0.016400488740294813,0.011921294151150431
3,7,1,True,1,BruteForce,4,Mirai,0.06369787601991143,0.08701777155392787,0.1105990736221884
3,7,1,True,1,BruteForce,5,Recon,0.1475335758284816,0.0859550724621488,0.29782863486713473
3,7,1,True,1,BruteForce,6,Spoofing,0.2480368953367879,0.1470360413304578,0.5004098369481974
3,7,1,True,1,BruteForce,7,Web-Based,0.005106824355243213,0.044840897241979705,0.00938517353461923
3,7,1,True,2,DDoS,0,Benign,0.44580424906552024,0.2097315666238486,0.010789170177697706
3,7,1,True,2,DDoS,1,BruteForce,0.005026575453687415,0.013053956757228083,0.008010163860307824
3,7,1,True,2,DDoS,2,DDoS,0.35847215938267213,0.5721216259561164,0.6681850151860528
3,7,1,True,2,DDoS,3,DoS,0.01161815304196895,0.02200700803468001,0.02380207038049753
3,7,1,True,2,DDoS,4,Mirai,0.03538509211078681,0.06178396270595359,0.04539266732934675
3,7,1,True,2,DDoS,5,Recon,0.06380159857788946,0.055253399155004025,0.10933311795857123
3,7,1,True,2,DDoS,6,Spoofing,0.07468600439447236,0.04757890223355571,0.12801525908105618
3,7,1,True,2,DDoS,7,Web-Based,0.005206167973002592,0.01846957853361365,0.006472536026470069
3,7,1,True,3,DoS,0,Benign,0.45160227745331355,0.10939164040348692,0.010252218338446022
3,7,1,True,3,DoS,1,BruteForce,0.007747889367801553,0.019680937472201027,0.015216404503898918
3,7,1,True,3,DoS,2,DDoS,0.11527365290378853,0.14720958172483822,0.17155529533872457
3,7,1,True,3,DoS,3,DoS,0.2607234903395481,0.5472436478333234,0.5166624340617575
3,7,1,True,3,DoS,4,Mirai,0.035827629108578035,0.052966433773250825,0.050020635236841596
3,7,1,True,3,DoS,5,Recon,0.03643962025029612,0.039814252702969274,0.05898538021733843
3,7,1,True,3,DoS,6,Spoofing,0.08608001835670755,0.06391946328932419,0.16568625965394038
3,7,1,True,3,DoS,7,Web-Based,0.006305422219966659,0.019774042800606205,0.011621372649052655
3,7,1,True,4,Mirai,0,Benign,0.5109055110683492,0.5581634495500684,0.014618137705013036
3,7,1,True,4,Mirai,1,BruteForce,0.005460410747309498,0.02299003150126349,0.009102412497405885
3,7,1,True,4,Mirai,2,DDoS,0.04590733148779714,0.04165761273680024,0.08760477884375821
3,7,1,True,4,Mirai,3,DoS,0.009352432569078207,0.018639312764688703,0.02267124101393727
3,7,1,True,4,Mirai,4,Mirai,0.07712211555116255,0.12172314221652329,0.15230992245626365
3,7,1,True,4,Mirai,5,Recon,0.10727739494458026,0.06170154878359421,0.21313913990613298
3,7,1,True,4,Mirai,6,Spoofing,0.2388515891030204,0.1418684891838149,0.4892664164272418
3,7,1,True,4,Mirai,7,Web-Based,0.005123214528702654,0.03325641326324677,0.011287951150247227
3,7,1,True,5,Recon,0,Benign,0.4907652992543171,0.5578683729289501,0.011824808752694154
3,7,1,True,5,Recon,1,BruteForce,0.005515342812475043,0.02750585750952588,0.007794146199475564
3,7,1,True,5,Recon,2,DDoS,0.02535128681844333,0.02818736366589477,0.043844228754022566
3,7,1,True,5,Recon,3,DoS,0.00642740729819532,0.017649300778418437,0.011222183207049409
3,7,1,True,5,Recon,4,Mirai,0.058747020482211636,0.07840719565461707,0.10642451725044536
3,7,1,True,5,Recon,5,Recon,0.20564662455702645,0.10470044919847263,0.38581164237960236
3,7,1,True,5,Recon,6,Spoofing,0.20261240915742765,0.14152304784893835,0.42455073847402264
3,7,1,True,5,Recon,7,Web-Based,0.004934609619903361,0.04415841241518281,0.00852773498268801
3,7,1,True,6,Spoofing,0,Benign,0.47700588006165084,0.5641986024995334,0.012756547625364765
3,7,1,True,6,Spoofing,1,BruteForce,0.00526342598493574,0.021937382914462178,0.00793767673279992
3,7,1,True,6,Spoofing,2,DDoS,0.023974886625973118,0.026770398369739615,0.04094354636442861
3,7,1,True,6,Spoofing,3,DoS,0.00719280144564483,0.017172199041703563,0.013276564153364187
3,7,1,True,6,Spoofing,4,Mirai,0.059609462030221855,0.07395767594783664,0.10214290260601923
3,7,1,True,6,Spoofing,5,Recon,0.17383529487813065,0.09399213243420108,0.30987281749361173
3,7,1,True,6,Spoofing,6,Spoofing,0.24814742298163864,0.16414202256364593,0.5035233321847596
3,7,1,True,6,Spoofing,7,Web-Based,0.0049708259918043425,0.037829586228877596,0.009546612839651922
3,7,1,True,7,Web-Based,0,Benign,0.4980571086147148,0.5696364407506596,0.013734158361343934
3,7,1,True,7,Web-Based,1,BruteForce,0.0053251231033082415,0.023040066197877025,0.008298821415736183
3,7,1,True,7,Web-Based,2,DDoS,0.028781008285862414,0.02987266577563228,0.05452670758696665
3,7,1,True,7,Web-Based,3,DoS,0.006718802525962411,0.015816689057327898,0.012572142659275492
3,7,1,True,7,Web-Based,4,Mirai,0.06619312800276271,0.08990065841741948,0.12680239855305564
3,7,1,True,7,Web-Based,5,Recon,0.15778177309507407,0.08427264047290081,0.29510931665947837
3,7,1,True,7,Web-Based,6,Spoofing,0.23217267277594245,0.14892556945778707,0.47882548768979566
3,7,1,True,7,Web-Based,7,Web-Based,0.004970383596372876,0.038535269870395815,0.010130967074348123
3,7,2,False,0,Benign,0,Benign,0.17422090933040077,0.5844539330523711,0.15516749217397513
3,7,2,False,0,Benign,1,BruteForce,0.022730140562347217,0.020313720488047526,0.02020697169099876
3,7,2,False,0,Benign,2,DDoS,0.01664465125765326,0.039345917887647706,0.02483690992421998
3,7,2,False,0,Benign,3,DoS,0.008497111183366615,0.01946176985818878,0.021903132373728325
3,7,2,False,0,Benign,4,Mirai,0.2942745728556141,0.07219839171396836,0.3359140225651714
3,7,2,False,0,Benign,5,Recon,0.4238261498701023,0.08733842437714193,0.38273503638041545
3,7,2,False,0,Benign,6,Spoofing,0.03423088046322959,0.14339307776809043,0.03607525256740638
3,7,2,False,0,Benign,7,Web-Based,0.025575584477286008,0.03349476485454417,0.02316118232408474
3,7,2,False,1,BruteForce,0,Benign,0.1515337101370959,0.5622997012213233,0.1467095370191094
3,7,2,False,1,BruteForce,1,BruteForce,0.034248990775583806,0.02728277465167927,0.022985457984859892
3,7,2,False,1,BruteForce,2,DDoS,0.01311478660659141,0.029167252798188527,0.017791320728001596
3,7,2,False,1,BruteForce,3,DoS,0.007322488542343753,0.016400488740294813,0.01686477535592938
3,7,2,False,1,BruteForce,4,Mirai,0.31045565830645777,0.08701777155392787,0.34946964266103686
3,7,2,False,1,BruteForce,5,Recon,0.409326507870908,0.0859550724621488,0.38500319043422254
3,7,2,False,1,BruteForce,6,Spoofing,0.03594657699100155,0.1470360413304578,0.03336265034182514
3,7,2,False,1,BruteForce,7,Web-Based,0.03805128077001776,0.044840897241979705,0.027813425475015124
3,7,2,False,2,DDoS,0,Benign,0.04823585630869937,0.2097315666238486,0.09243642996206623
3,7,2,False,2,DDoS,1,BruteForce,0.012406871880932785,0.013053956757228083,0.024709175856203476
3,7,2,False,2,DDoS,2,DDoS,0.6220381612456298,0.5721216259561164,0.45204813066914906
3,7,2,False,2,DDoS,3,DoS,0.008614185304283739,0.02200700803468001,0.02210006079565015
3,7,2,False,2,DDoS,4,Mirai,0.1425874749916342,0.06178396270595359,0.18417335762347684
3,7,2,False,2,DDoS,5,Recon,0.14150743482986344,0.055253399155004025,0.17897191068459242
3,7,2,False,2,DDoS,6,Spoofing,0.01184878176444957,0.04757890223355571,0.02380177489314433
3,7,2,False,2,DDoS,7,Web-Based,0.012761233674507206,0.01846957853361365,0.021759159515717497
3,7,2,False,3,DoS,0,Benign,0.028882051932457662,0.10939164040348692,0.07423245721019542
3,7,2,False,3,DoS,1,BruteForce,0.016354731177617165,0.019680937472201027,0.030443967390512406
3,7,2,False,3,DoS,2,DDoS,0.19737520974778888,0.14720958172483822,0.12209621095118063
3,7,2,False,3,DoS,3,DoS,0.46221055587187837,0.5472436478333234,0.2235281468682234
3,7,2,False,3,DoS,4,Mirai,0.1664802390787479,0.052966433773250825,0.24700607328376994
3,7,2,False,3,DoS,5,Recon,0.10044940679081266,0.039814252702969274,0.24790555799165553
3,7,2,False,3,DoS,6,Spoofing,0.013979679046130553,0.06391946328932419,0.029631423152986853
3,7,2,False,3,DoS,7,Web-Based,0.014268126354566845,0.019774042800606205,0.025156163151475817
3,7,2,False,4,Mirai,0,Benign,0.12388134681086976,0.5581634495500684,0.1493377915779523
3,7,2,False,4,Mirai,1,BruteForce,0.022154516191264146,0.02299003150126349,0.01927501948970061
3,7,2,False,4,Mirai,2,DDoS,0.018989446303381934,0.04165761273680024,0.02255940543558527
3,7,2,False,4,Mirai,3,DoS,0.007233539849668826,0.018639312764688703,0.020264412532864148
3,7,2,False,4,Mirai,4,Mirai,0.4826316242765863,0.12172314221652329,0.41690692612713565
3,7,2,False,4,Mirai,5,Recon,0.2913491440885113,0.06170154878359421,0.3150578115032778
3,7,2,False,4,Mirai,6,Spoofing,0.029783427464883206,0.1418684891838149,0.03463700112605171
3,7,2,False,4,Mirai,7,Web-Based,0.02397695501483458,0.03325641326324677,0.021961632207432438
3,7,2,False,5,Recon,0,Benign,0.13667755898941883,0.5578683729289501,0.13991036853333705
3,7,2,False,5,Recon,1,BruteForce,0.03277824719922491,0.02750585750952588,0.022959709159566802
3,7,2,False,5,Recon,2,DDoS,0.011853689716445395,0.02818736366589477,0.01759819314837628
3,7,2,False,5,Recon,3,DoS,0.007438750872513239,0.017649300778418437,0.016998861128553096
3,7,2,False,5,Recon,4,Mirai,0.25903279918887206,0.07840719565461707,0.3418745355520832
3,7,2,False,5,Recon,5,Recon,0.480832782693832,0.10470044919847263,0.40087168660804506
3,7,2,False,5,Recon,6,Spoofing,0.03560786512766366,0.14152304784893835,0.032696458412240906
3,7,2,False,5,Recon,7,Web-Based,0.03577830621202985,0.04415841241518281,0.027090187457797683
3,7,2,False,6,Spoofing,0,Benign,0.1528440448603625,0.5641986024995334,0.14999845851380175
3,7,2,False,6,Spoofing,1,BruteForce,0.025483154619026244,0.021937382914462178,0.020894841280412003
3,7,2,False,6,Spoofing,2,DDoS,0.010828292113861158,0.026770398369739615,0.01908801949955038
3,7,2,False,6,Spoofing,3,DoS,0.0074919662348699465,0.017172199041703563,0.01990548896326303
3,7,2,False,6,Spoofing,4,Mirai,0.25932988598207024,0.07395767594783664,0.31733955553989673
3,7,2,False,6,Spoofing,5,Recon,0.47838491405419853,0.09399213243420108,0.4104761713150622
3,7,2,False,6,Spoofing,6,Spoofing,0.03639601834093317,0.16414202256364593,0.03817166657681523
3,7,2,False,6,Spoofing,7,Web-Based,0.029241723794678293,0.037829586228877596,0.024125798311198696
3,7,2,False,7,Web-Based,0,Benign,0.1483859507957234,0.5696364407506596,0.15534963756362322
3,7,2,False,7,Web-Based,1,BruteForce,0.0253707972368665,0.023040066197877025,0.01998890373401627
3,7,2,False,7,Web-Based,2,DDoS,0.012482473178431652,0.02987266577563228,0.019995455457424424
3,7,2,False,7,Web-Based,3,DoS,0.0072090735374623375,0.015816689057327898,0.017779293256949942
3,7,2,False,7,Web-Based,4,Mirai,0.33536131061029667,0.08990065841741948,0.3703569074777412
3,7,2,False,7,Web-Based,5,Recon,0.4075205069291931,0.08427264047290081,0.3576040454011711
3,7,2,False,7,Web-Based,6,Spoofing,0.0336447161167062,0.14892556945778707,0.03456511848490651
3,7,2,False,7,Web-Based,7,Web-Based,0.03002517159532024,0.038535269870395815,0.024360638624167468
3,7,3,False,0,Benign,0,Benign,0.14724144666352093,0.5844539330523711,0.11885254276976849
3,7,3,False,0,Benign,1,BruteForce,0.3900860883910232,0.020313720488047526,0.34183347738017056
3,7,3,False,0,Benign,2,DDoS,0.08810355243164038,0.039345917887647706,0.12378352278465309
3,7,3,False,0,Benign,3,DoS,0.027304047149109986,0.01946176985818878,0.044653900704609784
3,7,3,False,0,Benign,4,Mirai,0.18205499662445748,0.07219839171396836,0.22325900240316113
3,7,3,False,0,Benign,5,Recon,0.10383194501257811,0.08733842437714193,0.09131375981835803
3,7,3,False,0,Benign,6,Spoofing,0.022848122382440553,0.14339307776809043,0.02743729080595953
3,7,3,False,0,Benign,7,Web-Based,0.038529801345229354,0.03349476485454417,0.02886650333331943
3,7,3,False,1,BruteForce,0,Benign,0.09566553338832026,0.5622997012213233,0.10422845740096678
3,7,3,False,1,BruteForce,1,BruteForce,0.5375184699247457,0.02728277465167927,0.4420364598311267
3,7,3,False,1,BruteForce,2,DDoS,0.060526275071367756,0.029167252798188527,0.06434640405943129
3,7,3,False,1,BruteForce,3,DoS,0.02863732756525014,0.016400488740294813,0.04339879802482092
3,7,3,False,1,BruteForce,4,Mirai,0.1423776024435828,0.08701777155392787,0.20464662397004163
3,7,3,False,1,BruteForce,5,Recon,0.06636627531412291,0.0859550724621488,0.08160172798012294
3,7,3,False,1,BruteForce,6,Spoofing,0.023245152414821963,0.1470360413304578,0.028321106426362385
3,7,3,False,1,BruteForce,7,Web-Based,0.04566336387778855,0.044840897241979705,0.03142042230712738
3,7,3,False,2,DDoS,0,Benign,0.039803677478073195,0.2097315666238486,0.05418656669811476
3,7,3,False,2,DDoS,1,BruteForce,0.12348260451353459,0.013053956757228083,0.13362710600047714
3,7,3,False,2,DDoS,2,DDoS,0.6593016846241971,0.5721216259561164,0.6084341304810735
3,7,3,False,2,DDoS,3,DoS,0.019999742902098792,0.02200700803468001,0.029694312183729966
3,7,3,False,2,DDoS,4,Mirai,0.07093000830859626,0.06178396270595359,0.0876212099996208
3,7,3,False,2,DDoS,5,Recon,0.062115937353226576,0.055253399155004025,0.05046877631761053
3,7,3,False,2,DDoS,6,Spoofing,0.009249384117758537,0.04757890223355571,0.016799953749613523
3,7,3,False,2,DDoS,7,Web-Based,0.015116960702514963,0.01846957853361365,0.01916794456975978
3,7,3,False,3,DoS,0,Benign,0.022262980603771344,0.10939164040348692,0.049824806740559134
3,7,3,False,3,DoS,1,BruteForce,0.09897441881684788,0.019680937472201027,0.15871638978004346
3,7,3,False,3,DoS,2,DDoS,0.24062403690825518,0.14720958172483822,0.2739374321325671
3,7,3,False,3,DoS,3,DoS,0.5168061071568643,0.5472436478333234,0.2839548812108047
3,7,3,False,3,DoS,4,Mirai,0.07056966559882422,0.052966433773250825,0.14274198998363813
3,7,3,False,3,DoS,5,Recon,0.0258366915599049,0.039814252702969274,0.046865274202214556
3,7,3,False,3,DoS,6,Spoofing,0.011553006176170876,0.06391946328932419,0.018854402550887935
3,7,3,False,3,DoS,7,Web-Based,0.013373093179361426,0.019774042800606205,0.02510482339928486
3,7,3,False,4,Mirai,0,Benign,0.09431072532507095,0.5581634495500684,0.10394801873029945
3,7,3,False,4,Mirai,1,BruteForce,0.40658336605051265,0.02299003150126349,0.3662581022185664
3,7,3,False,4,Mirai,2,DDoS,0.09158596779513672,0.04165761273680024,0.10740728079125414
3,7,3,False,4,Mirai,3,DoS,0.025991691283070967,0.018639312764688703,0.04208730839404158
3,7,3,False,4,Mirai,4,Mirai,0.25998628820904557,0.12172314221652329,0.25034116343665686
3,7,3,False,4,Mirai,5,Recon,0.06248437448831436,0.06170154878359421,0.07377720890383144
3,7,3,False,4,Mirai,6,Spoofing,0.022189178105338114,0.1418684891838149,0.027117561978776256
3,7,3,False,4,Mirai,7,Web-Based,0.03686840874351075,0.03325641326324677,0.029063355546573952
3,7,3,False,5,Recon,0,Benign,0.0908503265220148,0.5578683729289501,0.09756590563366478
3,7,3,False,5,Recon,1,BruteForce,0.5283895048991054,0.02750585750952588,0.4393565922828682
3,7,3,False,5,Recon,2,DDoS,0.05762720911932964,0.02818736366589477,0.06267543526401637
3,7,3,False,5,Recon,3,DoS,0.029214488977165252,0.017649300778418437,0.04463156907363983
3,7,3,False,5,Recon,4,Mirai,0.12998479664109386,0.07840719565461707,0.20565759171174258
3,7,3,False,5,Recon,5,Recon,0.09623245305866412,0.10470044919847263,0.0917340051966015
3,7,3,False,5,Recon,6,Spoofing,0.02200020743425613,0.14152304784893835,0.02682067240807345
3,7,3,False,5,Recon,7,Web-Based,0.045701013348370935,0.04415841241518281,0.03155822842939329
3,7,3,False,6,Spoofing,0,Benign,0.13875718399912795,0.5641986024995334,0.12262083379026725
3,7,3,False,6,Spoofing,1,BruteForce,0.4257314246117269,0.021937382914462178,0.3671513011785513
3,7,3,False,6,Spoofing,2,DDoS,0.052371804260620915,0.026770398369739615,0.07061394487219584
3,7,3,False,6,Spoofing,3,DoS,0.025020757175431948,0.017172199041703563,0.04085530223639366
3,7,3,False,6,Spoofing,4,Mirai,0.17615619588309386,0.07395767594783664,0.2393203767527391
3,7,3,False,6,Spoofing,5,Recon,0.11228730024312689,0.09399213243420108,0.09944266369448852
3,7,3,False,6,Spoofing,6,Spoofing,0.025131424659495707,0.16414202256364593,0.030191004562158057
3,7,3,False,6,Spoofing,7,Web-Based,0.044543909167375835,0.037829586228877596,0.029804572913206245
3,7,3,False,7,Web-Based,0,Benign,0.1271006154838432,0.5696364407506596,0.12166781308232819
3,7,3,False,7,Web-Based,1,BruteForce,0.4342829546429949,0.023040066197877025,0.381819740473302
3,7,3,False,7,Web-Based,2,DDoS,0.061398085663853325,0.02987266577563228,0.08681887661962281
3,7,3,False,7,Web-Based,3,DoS,0.025448822686501,0.015816689057327898,0.03828257697757771
3,7,3,False,7,Web-Based,4,Mirai,0.18231286536062308,0.08990065841741948,0.22489869579251326
3,7,3,False,7,Web-Based,5,Recon,0.10294353113038492,0.08427264047290081,0.08862106663524917
3,7,3,False,7,Web-Based,6,Spoofing,0.023020561469928508,0.14892556945778707,0.027871303862086062
3,7,3,False,7,Web-Based,7,Web-Based,0.043492563561871096,0.038535269870395815,0.030019926557320668
3,7,4,False,0,Benign,0,Benign,0.5269842097385494,0.5844539330523711,0.5079957351917117
3,7,4,False,0,Benign,1,BruteForce,0.018031905663565023,0.020313720488047526,0.01748946183137613
3,7,4,False,0,Benign,2,DDoS,0.015074931652967125,0.039345917887647706,0.021068978105766273
3,7,4,False,0,Benign,3,DoS,0.04370173570610129,0.01946176985818878,0.11805400248392045
3,7,4,False,0,Benign,4,Mirai,0.058131194469956494,0.07219839171396836,0.051857750097300044
3,7,4,False,0,Benign,5,Recon,0.050539501728030414,0.08733842437714193,0.044870356461185056
3,7,4,False,0,Benign,6,Spoofing,0.1594537917410012,0.14339307776809043,0.12974401873056032
3,7,4,False,0,Benign,7,Web-Based,0.12808272929982917,0.03349476485454417,0.10891969709817997
3,7,4,False,1,BruteForce,0,Benign,0.4897342294068774,0.5622997012213233,0.5389955761261209
3,7,4,False,1,BruteForce,1,BruteForce,0.02352521647229838,0.02728277465167927,0.017308943523206857
3,7,4,False,1,BruteForce,2,DDoS,0.015309263646771211,0.029167252798188527,0.019094587480338956
3,7,4,False,1,BruteForce,3,DoS,0.025412814686394076,0.016400488740294813,0.046011712086405
3,7,4,False,1,BruteForce,4,Mirai,0.0631010038569134,0.08701777155392787,0.05660047445349295
3,7,4,False,1,BruteForce,5,Recon,0.05165172541081034,0.0859550724621488,0.04878325819914148
3,7,4,False,1,BruteForce,6,Spoofing,0.1613428363977645,0.1470360413304578,0.13701215473952064
3,7,4,False,1,BruteForce,7,Web-Based,0.16992291012217067,0.044840897241979705,0.13619329339177316
3,7,4,False,2,DDoS,0,Benign,0.15226691771199757,0.2097315666238486,0.24393959575792235
3,7,4,False,2,DDoS,1,BruteForce,0.014920696868073768,0.013053956757228083,0.022141041236417712
3,7,4,False,2,DDoS,2,DDoS,0.591984620753434,0.5721216259561164,0.4235565978710404
3,7,4,False,2,DDoS,3,DoS,0.07058071570888123,0.02200700803468001,0.10550288890410102
3,7,4,False,2,DDoS,4,Mirai,0.03340639997825853,0.06178396270595359,0.038561222616288644
3,7,4,False,2,DDoS,5,Recon,0.024622012096076406,0.055253399155004025,0.031050563041224537
3,7,4,False,2,DDoS,6,Spoofing,0.05380651358055792,0.04757890223355571,0.06882433656623298
3,7,4,False,2,DDoS,7,Web-Based,0.058412123302720505,0.01846957853361365,0.06642375400677236
3,7,4,False,3,DoS,0,Benign,0.05442476519165023,0.10939164040348692,0.07787514820812906
3,7,4,False,3,DoS,1,BruteForce,0.008874995437484143,0.019680937472201027,0.018979474854902208
3,7,4,False,3,DoS,2,DDoS,0.02653144728778956,0.14720958172483822,0.028906935572254794
3,7,4,False,3,DoS,3,DoS,0.830728605548693,0.5472436478333234,0.7484607123074821
3,7,4,False,3,DoS,4,Mirai,0.01496341505019603,0.052966433773250825,0.023447361734180414
3,7,4,False,3,DoS,5,Recon,0.009398126166890319,0.039814252702969274,0.01725485135104091
3,7,4,False,3,DoS,6,Spoofing,0.03437826792484484,0.06391946328932419,0.04805986709779222
3,7,4,False,3,DoS,7,Web-Based,0.0207003773924519,0.019774042800606205,0.03701564887421835
3,7,4,False,4,Mirai,0,Benign,0.4789900470435935,0.5581634495500684,0.4965879247066158
3,7,4,False,4,Mirai,1,BruteForce,0.019538751142820682,0.02299003150126349,0.01775053418160157
3,7,4,False,4,Mirai,2,DDoS,0.01601424358659848,0.04165761273680024,0.01977268644247351
3,7,4,False,4,Mirai,3,DoS,0.05136863206581536,0.018639312764688703,0.12263830614322681
3,7,4,False,4,Mirai,4,Mirai,0.10615889097562577,0.12172314221652329,0.05638430205370269
3,7,4,False,4,Mirai,5,Recon,0.041105675175439206,0.06170154878359421,0.04138758345937428
3,7,4,False,4,Mirai,6,Spoofing,0.15718246228683638,0.1418684891838149,0.1311358886537027
3,7,4,False,4,Mirai,7,Web-Based,0.12964129772327074,0.03325641326324677,0.11434277435930258
3,7,4,False,5,Recon,0,Benign,0.4825928288459867,0.5578683729289501,0.5312455447983859
3,7,4,False,5,Recon,1,BruteForce,0.02355977075417168,0.02750585750952588,0.0175746854967464
3,7,4,False,5,Recon,2,DDoS,0.015033416973366555,0.02818736366589477,0.019201740904951983
3,7,4,False,5,Recon,3,DoS,0.02702576541047429,0.017649300778418437,0.051801502990743445
3,7,4,False,5,Recon,4,Mirai,0.056928888891475876,0.07840719565461707,0.05578130400813185
3,7,4,False,5,Recon,5,Recon,0.0714698130986355,0.10470044919847263,0.0544097450669764
3,7,4,False,5,Recon,6,Spoofing,0.14725850793162634,0.14152304784893835,0.13279172107750647
3,7,4,False,5,Recon,7,Web-Based,0.1761310080942631,0.04415841241518281,0.13719375565655736
3,7,4,False,6,Spoofing,0,Benign,0.5069143499537286,0.5641986024995334,0.5367291950120796
3,7,4,False,6,Spoofing,1,BruteForce,0.019094207938916558,0.021937382914462178,0.017387891299526708
3,7,4,False,6,Spoofing,2,DDoS,0.014423637431211235,0.026770398369739615,0.019919672538647067
3,7,4,False,6,Spoofing,3,DoS,0.025896502108215123,0.017172199041703563,0.07140899313666473
3,7,4,False,6,Spoofing,4,Mirai,0.058594451331671266,0.07395767594783664,0.05230154226277583
3,7,4,False,6,Spoofing,5,Recon,0.05124002177702755,0.09399213243420108,0.04718666696582754
3,7,4,False,6,Spoofing,6,Spoofing,0.18406759761469918,0.16414202256364593,0.1407045503825967
3,7,4,False,6,Spoofing,7,Web-Based,0.13976923184453047,0.037829586228877596,0.11436148840188197
3,7,4,False,7,Web-Based,0,Benign,0.509354109648134,0.5696364407506596,0.5452923947553538
3,7,4,False,7,Web-Based,1,BruteForce,0.02011280007610732,0.023040066197877025,0.017324480126832013
3,7,4,False,7,Web-Based,2,DDoS,0.014907662954833032,0.02987266577563228,0.020624852395507213
3,7,4,False,7,Web-Based,3,DoS,0.027002086785652354,0.015816689057327898,0.051402003499636945
3,7,4,False,7,Web-Based,4,Mirai,0.07078589452536399,0.08990065841741948,0.05589367899116845
3,7,4,False,7,Web-Based,5,Recon,0.04956478966279594,0.08427264047290081,0.04665063687173556
3,7,4,False,7,Web-Based,6,Spoofing,0.15506887194593846,0.14892556945778707,0.134926452910806
3,7,4,False,7,Web-Based,7,Web-Based,0.15320378440117505,0.038535269870395815,0.12788550044896002
3,7,5,False,0,Benign,0,Benign,0.34478026733332934,0.5844539330523711,0.3783280723088211
3,7,5,False,0,Benign,1,BruteForce,0.010099758028002602,0.020313720488047526,0.017547510079094965
3,7,5,False,0,Benign,2,DDoS,0.03255899511842057,0.039345917887647706,0.051107934128251306
3,7,5,False,0,Benign,3,DoS,0.01003496882842297,0.01946176985818878,0.01959878619832978
3,7,5,False,0,Benign,4,Mirai,0.019689848253760286,0.07219839171396836,0.02363074014508072
3,7,5,False,0,Benign,5,Recon,0.0732018914724933,0.08733842437714193,0.0744806952042887
3,7,5,False,0,Benign,6,Spoofing,0.4956069665547382,0.14339307776809043,0.41640980896830043
3,7,5,False,0,Benign,7,Web-Based,0.014027304410832659,0.03349476485454417,0.018896452967833058
3,7,5,False,1,BruteForce,0,Benign,0.33427357463614255,0.5622997012213233,0.4220793397155259
3,7,5,False,1,BruteForce,1,BruteForce,0.011782834277764168,0.02728277465167927,0.017452424571843622
3,7,5,False,1,BruteForce,2,DDoS,0.016250537690766908,0.029167252798188527,0.030756218001764053
3,7,5,False,1,BruteForce,3,DoS,0.009256846435759709,0.016400488740294813,0.019057952971509008
3,7,5,False,1,BruteForce,4,Mirai,0.020124840540402915,0.08701777155392787,0.02385929989556012
3,7,5,False,1,BruteForce,5,Recon,0.07338179146593862,0.0859550724621488,0.0768380145216068
3,7,5,False,1,BruteForce,6,Spoofing,0.5193338263033095,0.1470360413304578,0.3907260856561628
3,7,5,False,1,BruteForce,7,Web-Based,0.015595748649915647,0.044840897241979705,0.019230664666027766
3,7,5,False,2,DDoS,0,Benign,0.1052686886765722,0.2097315666238486,0.15728459891530153
3,7,5,False,2,DDoS,1,BruteForce,0.008967840166254829,0.013053956757228083,0.020081329595853403
3,7,5,False,2,DDoS,2,DDoS,0.6408544900211799,0.5721216259561164,0.5617724981376889
3,7,5,False,2,DDoS,3,DoS,0.006953117504823857,0.02200700803468001,0.012859254036653837
3,7,5,False,2,DDoS,4,Mirai,0.010939296273175664,0.06178396270595359,0.019400251437496654
3,7,5,False,2,DDoS,5,Recon,0.048774086368062436,0.055253399155004025,0.04233680995181692
3,7,5,False,2,DDoS,6,Spoofing,0.17050525456208807,0.04757890223355571,0.17072499753583964
3,7,5,False,2,DDoS,7,Web-Based,0.007737226427843067,0.01846957853361365,0.01554026038934899
3,7,5,False,3,DoS,0,Benign,0.06708483625966283,0.10939164040348692,0.1521870865087781
3,7,5,False,3,DoS,1,BruteForce,0.014101857591665828,0.019680937472201027,0.02707200618051485
3,7,5,False,3,DoS,2,DDoS,0.09891819617940192,0.14720958172483822,0.14666000047508393
3,7,5,False,3,DoS,3,DoS,0.4174242755137962,0.5472436478333234,0.18098746353411105
3,7,5,False,3,DoS,4,Mirai,0.010879966314354297,0.052966433773250825,0.0225941413864522
3,7,5,False,3,DoS,5,Recon,0.024432755394565814,0.039814252702969274,0.047561405360367064
3,7,5,False,3,DoS,6,Spoofing,0.35770085228459303,0.06391946328932419,0.40015524914078443
3,7,5,False,3,DoS,7,Web-Based,0.009457260461960198,0.019774042800606205,0.02278264741390845
3,7,5,False,4,Mirai,0,Benign,0.30963575390401377,0.5581634495500684,0.3881948853418603
3,7,5,False,4,Mirai,1,BruteForce,0.010895353733357224,0.02299003150126349,0.017591480932306197
3,7,5,False,4,Mirai,2,DDoS,0.03277700299959474,0.04165761273680024,0.04069487135055433
3,7,5,False,4,Mirai,3,DoS,0.009944329668230119,0.018639312764688703,0.019884109120460344
3,7,5,False,4,Mirai,4,Mirai,0.02361241967735,0.12172314221652329,0.024656434139932532
3,7,5,False,4,Mirai,5,Recon,0.058199051342901424,0.06170154878359421,0.0680386101742592
3,7,5,False,4,Mirai,6,Spoofing,0.5409431452090061,0.1418684891838149,0.422302547286838
3,7,5,False,4,Mirai,7,Web-Based,0.01399294346554664,0.03325641326324677,0.01863706165378906
3,7,5,False,5,Recon,0,Benign,0.34448465527788213,0.5578683729289501,0.4165851513257524
3,7,5,False,5,Recon,1,BruteForce,0.011949926498066275,0.02750585750952588,0.017232907660537707
3,7,5,False,5,Recon,2,DDoS,0.016148078123523462,0.02818736366589477,0.030855083847475456
3,7,5,False,5,Recon,3,DoS,0.009573902453961823,0.017649300778418437,0.01930504435685354
3,7,5,False,5,Recon,4,Mirai,0.01946535919472026,0.07840719565461707,0.023053352050397432
3,7,5,False,5,Recon,5,Recon,0.11325434994623412,0.10470044919847263,0.09082699923357593
3,7,5,False,5,Recon,6,Spoofing,0.4685473817939045,0.14152304784893835,0.3830407149459981
3,7,5,False,5,Recon,7,Web-Based,0.0165763467117075,0.04415841241518281,0.019100746579409494
3,7,5,False,6,Spoofing,0,Benign,0.321377380803416,0.5641986024995334,0.384339731543249
3,7,5,False,6,Spoofing,1,BruteForce,0.0100821804976693,0.021937382914462178,0.017071650158905514
3,7,5,False,6,Spoofing,2,DDoS,0.015821263847644814,0.026770398369739615,0.03154310353527155
3,7,5,False,6,Spoofing,3,DoS,0.009329202952146448,0.017172199041703563,0.01963870014916002
3,7,5,False,6,Spoofing,4,Mirai,0.01921448675786107,0.07395767594783664,0.02363134532308709
3,7,5,False,6,Spoofing,5,Recon,0.0716677712870042,0.09399213243420108,0.07216007608053722
3,7,5,False,6,Spoofing,6,Spoofing,0.5385084447080947,0.16414202256364593,0.4330544183475924
3,7,5,False,6,Spoofing,7,Web-Based,0.013999269146163505,0.037829586228877596,0.018560974862197207
3,7,5,False,7,Web-Based,0,Benign,0.35040275809957117,0.5696364407506596,0.4216269510220606
3,7,5,False,7,Web-Based,1,BruteForce,0.010740665858437443,0.023040066197877025,0.01734601397073613
3,7,5,False,7,Web-Based,2,DDoS,0.01725662475912891,0.02987266577563228,0.033328462487528146
3,7,5,False,7,Web-Based,3,DoS,0.00948284140567271,0.015816689057327898,0.019046315251843134
3,7,5,False,7,Web-Based,4,Mirai,0.021754090268940495,0.08990065841741948,0.02389689832549251
3,7,5,False,7,Web-Based,5,Recon,0.06978278190986213,0.08427264047290081,0.07154520334700588
3,7,5,False,7,Web-Based,6,Spoofing,0.5056616219484845,0.14892556945778707,0.3943679879536759
3,7,5,False,7,Web-Based,7,Web-Based,0.014918615749902593,0.038535269870395815,0.018842167641657553
3,7,6,False,0,Benign,0,Benign,0.605339955736098,0.5844539330523711,0.5635906685768259
3,7,6,False,0,Benign,1,BruteForce,0.08358067040040126,0.020313720488047526,0.07299659075803594
3,7,6,False,0,Benign,2,DDoS,0.015592909112637943,0.039345917887647706,0.022728536544494627
3,7,6,False,0,Benign,3,DoS,0.02098801879621469,0.01946176985818878,0.031804090117990215
3,7,6,False,0,Benign,4,Mirai,0.2274438015190578,0.07219839171396836,0.2587297366439052
3,7,6,False,0,Benign,5,Recon,0.019025788708879287,0.08733842437714193,0.018895481360983485
3,7,6,False,0,Benign,6,Spoofing,0.014937898108043949,0.14339307776809043,0.0177701765605472
3,7,6,False,0,Benign,7,Web-Based,0.013090957618667135,0.03349476485454417,0.01348471943721746
3,7,6,False,1,BruteForce,0,Benign,0.557436826162865,0.5622997012213233,0.5549714020686299
3,7,6,False,1,BruteForce,1,BruteForce,0.11560865293615481,0.02728277465167927,0.08560280046420034
3,7,6,False,1,BruteForce,2,DDoS,0.017395023355550297,0.029167252798188527,0.021062767913920828
3,7,6,False,1,BruteForce,3,DoS,0.011823169161854385,0.016400488740294813,0.02567387307698594
3,7,6,False,1,BruteForce,4,Mirai,0.24851061208809935,0.08701777155392787,0.26100076552171436
3,7,6,False,1,BruteForce,5,Recon,0.018147905301743147,0.0859550724621488,0.019051100528756047
3,7,6,False,1,BruteForce,6,Spoofing,0.015571060712722636,0.1470360413304578,0.018381569423341976
3,7,6,False,1,BruteForce,7,Web-Based,0.015506750281010461,0.044840897241979705,0.014255721002450587
3,7,6,False,2,DDoS,0,Benign,0.2752721152171762,0.2097315666238486,0.4202436186435445
3,7,6,False,2,DDoS,1,BruteForce,0.04669616956546192,0.013053956757228083,0.05236872798432571
3,7,6,False,2,DDoS,2,DDoS,0.35700427651962857,0.5721216259561164,0.18140853702907217
3,7,6,False,2,DDoS,3,DoS,0.03946436441888561,0.02200700803468001,0.03450566219496077
3,7,6,False,2,DDoS,4,Mirai,0.2440614771633711,0.06178396270595359,0.2590831465024586
3,7,6,False,2,DDoS,5,Recon,0.014138684922364248,0.055253399155004025,0.018087462278336484
3,7,6,False,2,DDoS,6,Spoofing,0.011621466119418018,0.04757890223355571,0.017904361348387392
3,7,6,False,2,DDoS,7,Web-Based,0.011741446073694279,0.01846957853361365,0.016398484018914375
3,7,6,False,3,DoS,0,Benign,0.11586340322480518,0.10939164040348692,0.25688272991575484
3,7,6,False,3,DoS,1,BruteForce,0.03911766846455602,0.019680937472201027,0.06691429012445817
3,7,6,False,3,DoS,2,DDoS,0.02103708721533975,0.14720958172483822,0.040240292913036796
3,7,6,False,3,DoS,3,DoS,0.6737627107161736,0.5472436478333234,0.3115024818327052
3,7,6,False,3,DoS,4,Mirai,0.11905197043065387,0.052966433773250825,0.26550556668029934
3,7,6,False,3,DoS,5,Recon,0.009960879274748344,0.039814252702969274,0.02110137052285292
3,7,6,False,3,DoS,6,Spoofing,0.011007086935266808,0.06391946328932419,0.018396588269915543
3,7,6,False,3,DoS,7,Web-Based,0.010199193738456607,0.019774042800606205,0.019456679740977197
3,7,6,False,4,Mirai,0,Benign,0.4835413600646311,0.5581634495500684,0.5069725828697176
3,7,6,False,4,Mirai,1,BruteForce,0.09013644159292326,0.02299003150126349,0.07708283150685984
3,7,6,False,4,Mirai,2,DDoS,0.01813281510694187,0.04165761273680024,0.023175436673754362
3,7,6,False,4,Mirai,3,DoS,0.015528157181742991,0.018639312764688703,0.029480894384506
3,7,6,False,4,Mirai,4,Mirai,0.3483530196704591,0.12172314221652329,0.31307240406737114
3,7,6,False,4,Mirai,5,Recon,0.01613845847937109,0.06170154878359421,0.018484869990236578
3,7,6,False,4,Mirai,6,Spoofing,0.014782146118380825,0.1418684891838149,0.017907721722121184
3,7,6,False,4,Mirai,7,Web-Based,0.013387601785549662,0.03325641326324677,0.013823258785433315
3,7,6,False,5,Recon,0,Benign,0.5597652405750241,0.5578683729289501,0.5511247022879678
3,7,6,False,5,Recon,1,BruteForce,0.12051012687434745,0.02750585750952588,0.08735828671699891
3,7,6,False,5,Recon,2,DDoS,0.01769930538317266,0.02818736366589477,0.021377815255414247
3,7,6,False,5,Recon,3,DoS,0.013078728548377704,0.017649300778418437,0.026286416125428317
3,7,6,False,5,Recon,4,Mirai,0.23571061963502976,0.07840719565461707,0.2618948779018005
3,7,6,False,5,Recon,5,Recon,0.021904407259620746,0.10470044919847263,0.019279064524510857
3,7,6,False,5,Recon,6,Spoofing,0.015354474649801967,0.14152304784893835,0.018291903731509438
3,7,6,False,5,Recon,7,Web-Based,0.015977097074625746,0.04415841241518281,0.014386933456370042
3,7,6,False,6,Spoofing,0,Benign,0.6029763596802388,0.5641986024995334,0.574631586254015
3,7,6,False,6,Spoofing,1,BruteForce,0.08948574034714912,0.021937382914462178,0.07334502540275967
3,7,6,False,6,Spoofing,2,DDoS,0.015123527219011812,0.026770398369739615,0.02158222435786873
3,7,6,False,6,Spoofing,3,DoS,0.012371741966742664,0.017172199041703563,0.026679753006541466
3,7,6,False,6,Spoofing,4,Mirai,0.23301029710061663,0.07395767594783664,0.2542762647531606
3,7,6,False,6,Spoofing,5,Recon,0.018875728951924256,0.09399213243420108,0.01860513125670131
3,7,6,False,6,Spoofing,6,Spoofing,0.014588552354940248,0.16414202256364593,0.017691682519896265
3,7,6,False,6,Spoofing,7,Web-Based,0.01356805237937657,0.037829586228877596,0.013188332449056994
3,7,6,False,7,Web-Based,0,Benign,0.565441953560308,0.5696364407506596,0.5607980975870772
3,7,6,False,7,Web-Based,1,BruteForce,0.0922504989029053,0.023040066197877025,0.07829739978430017
3,7,6,False,7,Web-Based,2,DDoS,0.015586715202369804,0.02987266577563228,0.021601190255963076
3,7,6,False,7,Web-Based,3,DoS,0.011766746413519531,0.015816689057327898,0.024415889745459884
3,7,6,False,7,Web-Based,4,Mirai,0.2688132200597399,0.08990065841741948,0.26472536396730617
3,7,6,False,7,Web-Based,5,Recon,0.01787023699181473,0.08427264047290081,0.01866916262239674
3,7,6,False,7,Web-Based,6,Spoofing,0.014541091454785939,0.14892556945778707,0.01774326431444597
3,7,6,False,7,Web-Based,7,Web-Based,0.013729537414556752,0.038535269870395815,0.013749631723050777
3,7,7,True,0,Benign,0,Benign,0.5310892382177587,0.5844539330523711,0.1612130099482367
3,7,7,True,0,Benign,1,BruteForce,0.0162465726696179,0.020313720488047526,0.021549698594711935
3,7,7,True,0,Benign,2,DDoS,0.21614264313258968,0.039345917887647706,0.21755281072488927
3,7,7,True,0,Benign,3,DoS,0.013896644023732065,0.01946176985818878,0.0507713524334422
3,7,7,True,0,Benign,4,Mirai,0.035317289414237875,0.07219839171396836,0.10149800229687622
3,7,7,True,0,Benign,5,Recon,0.03351061304439317,0.08733842437714193,0.08915834590119735
3,7,7,True,0,Benign,6,Spoofing,0.120199140373842,0.14339307776809043,0.2752811876886586
3,7,7,True,0,Benign,7,Web-Based,0.0335978591238286,0.03349476485454417,0.0829755924119876
3,7,7,True,1,BruteForce,0,Benign,0.5117625646492294,0.5622997012213233,0.17216505788819655
3,7,7,True,1,BruteForce,1,BruteForce,0.02026955918761612,0.02728277465167927,0.023489184260006412
3,7,7,True,1,BruteForce,2,DDoS,0.2160843799621396,0.029167252798188527,0.1782194383822207
3,7,7,True,1,BruteForce,3,DoS,0.013260970990878487,0.016400488740294813,0.02107490955539629
3,7,7,True,1,BruteForce,4,Mirai,0.03716977376097575,0.08701777155392787,0.11609453677926099
3,7,7,True,1,BruteForce,5,Recon,0.03170311667467212,0.0859550724621488,0.10624656030471129
3,7,7,True,1,BruteForce,6,Spoofing,0.1296866001790876,0.1470360413304578,0.27772178577655626
3,7,7,True,1,BruteForce,7,Web-Based,0.040063034595400865,0.044840897241979705,0.10498852705365155
3,7,7,True,2,DDoS,0,Benign,0.4021377737997704,0.2097315666238486,0.05957168728630258
3,7,7,True,2,DDoS,1,BruteForce,0.009991901247999911,0.013053956757228083,0.018248559763005344
3,7,7,True,2,DDoS,2,DDoS,0.4491801809041362,0.5721216259561164,0.6887717265507326
3,7,7,True,2,DDoS,3,DoS,0.012723475695976033,0.02200700803468001,0.027932282682672043
3,7,7,True,2,DDoS,4,Mirai,0.03130998391995943,0.06178396270595359,0.04457647051358587
3,7,7,True,2,DDoS,5,Recon,0.024289947550026104,0.055253399155004025,0.04837520167158278
3,7,7,True,2,DDoS,6,Spoofing,0.05184590288148095,0.04757890223355571,0.07689998253077296
3,7,7,True,2,DDoS,7,Web-Based,0.01852083400065103,0.01846957853361365,0.03562408900134586
3,7,7,True,3,DoS,0,Benign,0.47540776756696485,0.10939164040348692,0.042044694103497406
3,7,7,True,3,DoS,1,BruteForce,0.01193416054673631,0.019680937472201027,0.022903262186133883
3,7,7,True,3,DoS,2,DDoS,0.2756638613545681,0.14720958172483822,0.29928914497879966
3,7,7,True,3,DoS,3,DoS,0.11256154808000336,0.5472436478333234,0.39409129704328877
3,7,7,True,3,DoS,4,Mirai,0.025340541080996926,0.052966433773250825,0.046517135311820994
3,7,7,True,3,DoS,5,Recon,0.029749784221753298,0.039814252702969274,0.03586961341078116
3,7,7,True,3,DoS,6,Spoofing,0.049216637617540554,0.06391946328932419,0.11958088099153534
3,7,7,True,3,DoS,7,Web-Based,0.02012569953143671,0.019774042800606205,0.03970397197414285
3,7,7,True,4,Mirai,0,Benign,0.5080475223890342,0.5581634495500684,0.15803829928626134
3,7,7,True,4,Mirai,1,BruteForce,0.017822242915925147,0.02299003150126349,0.02324967474085569
3,7,7,True,4,Mirai,2,DDoS,0.23972440723497526,0.04165761273680024,0.21429951582599055
3,7,7,True,4,Mirai,3,DoS,0.013499117280648553,0.018639312764688703,0.04786313847895252
3,7,7,True,4,Mirai,4,Mirai,0.03992646096705029,0.12172314221652329,0.12158082011883178
3,7,7,True,4,Mirai,5,Recon,0.02811124084587748,0.06170154878359421,0.07913860738665386
3,7,7,True,4,Mirai,6,Spoofing,0.11971712311465209,0.1418684891838149,0.2673355405055664
3,7,7,True,4,Mirai,7,Web-Based,0.03315188525183698,0.03325641326324677,0.08849440365688792
3,7,7,True,5,Recon,0,Benign,0.513107416378961,0.5578683729289501,0.16933151293432142
3,7,7,True,5,Recon,1,BruteForce,0.0205877213531966,0.02750585750952588,0.023268371573153347
3,7,7,True,5,Recon,2,DDoS,0.21271822370584983,0.02818736366589477,0.17770704044744995
3,7,7,True,5,Recon,3,DoS,0.013607604733412007,0.017649300778418437,0.021267034241298704
3,7,7,True,5,Recon,4,Mirai,0.03522961546336972,0.07840719565461707,0.11627460050720387
3,7,7,True,5,Recon,5,Recon,0.034396450028104215,0.10470044919847263,0.12369832313348705
3,7,7,True,5,Recon,6,Spoofing,0.12908451632791407,0.14152304784893835,0.26291838932884415
3,7,7,True,5,Recon,7,Web-Based,0.041268452009192574,0.04415841241518281,0.10553472783424149
3,7,7,True,6,Spoofing,0,Benign,0.5308664498179112,0.5641986024995334,0.17501644461271487
3,7,7,True,6,Spoofing,1,BruteForce,0.017254335949542742,0.021937382914462178,0.021484065384614778
3,7,7,True,6,Spoofing,2,DDoS,0.19561796534816384,0.026770398369739615,0.15969167991808367
3,7,7,True,6,Spoofing,3,DoS,0.013514651243862277,0.017172199041703563,0.040222036031223
3,7,7,True,6,Spoofing,4,Mirai,0.03454784168586251,0.07395767594783664,0.10437302873967663
3,7,7,True,6,Spoofing,5,Recon,0.035311096877882205,0.09399213243420108,0.09595536247509695
3,7,7,True,6,Spoofing,6,Spoofing,0.13615740949398553,0.16414202256364593,0.3146634533266313
3,7,7,True,6,Spoofing,7,Web-Based,0.036730249582789726,0.037829586228877596,0.0885939295119589
3,7,7,True,7,Web-Based,0,Benign,0.5203681126705039,0.5696364407506596,0.1783952917633801
3,7,7,True,7,Web-Based,1,BruteForce,0.018358089974777492,0.023040066197877025,0.02330923188089099
3,7,7,True,7,Web-Based,2,DDoS,0.21096829154495347,0.02987266577563228,0.1826001336201361
3,7,7,True,7,Web-Based,3,DoS,0.012954052681075912,0.015816689057327898,0.024411332109139233
3,7,7,True,7,Web-Based,4,Mirai,0.03787582137398455,0.08990065841741948,0.11430485638861031
3,7,7,True,7,Web-Based,5,Recon,0.0330547905211793,0.08427264047290081,0.09879631550710012
3,7,7,True,7,Web-Based,6,Spoofing,0.12856224014468082,0.14892556945778707,0.28042700437631257
3,7,7,True,7,Web-Based,7,Web-Based,0.03785860108884458,0.038535269870395815,0.09775583435443067
3,7,8,True,0,Benign,0,Benign,0.5273557728651274,0.5844539330523711,0.019132850159553263
3,7,8,True,0,Benign,1,BruteForce,0.008162976588029032,0.020313720488047526,0.016068908819353574
3,7,8,True,0,Benign,2,DDoS,0.023499171212604194,0.039345917887647706,0.04439965505164727
3,7,8,True,0,Benign,3,DoS,0.01606943784860959,0.01946176985818878,0.056110536479231185
3,7,8,True,0,Benign,4,Mirai,0.026161219166560393,0.07219839171396836,0.02349910412323074
3,7,8,True,0,Benign,5,Recon,0.025019014476111934,0.08733842437714193,0.03706211308079212
3,7,8,True,0,Benign,6,Spoofing,0.36102089734770987,0.14339307776809043,0.7847352431503148
3,7,8,True,0,Benign,7,Web-Based,0.012711510495247658,0.03349476485454417,0.0189915891358769
3,7,8,True,1,BruteForce,0,Benign,0.5069916698266471,0.5622997012213233,0.017743662669092622
3,7,8,True,1,BruteForce,1,BruteForce,0.009116841677659426,0.02728277465167927,0.012867881546379339
3,7,8,True,1,BruteForce,2,DDoS,0.020056301305982085,0.029167252798188527,0.021160047750757877
3,7,8,True,1,BruteForce,3,DoS,0.013932820020613624,0.016400488740294813,0.028157277884586593
3,7,8,True,1,BruteForce,4,Mirai,0.025791085492001268,0.08701777155392787,0.02336187849024363
3,7,8,True,1,BruteForce,5,Recon,0.02188230634023189,0.0859550724621488,0.03457158621983451
3,7,8,True,1,BruteForce,6,Spoofing,0.3893178737773203,0.1470360413304578,0.8435205502423192
3,7,8,True,1,BruteForce,7,Web-Based,0.012911101559544367,0.044840897241979705,0.018617115196786365
3,7,8,True,2,DDoS,0,Benign,0.47099061765868044,0.2097315666238486,0.024591890673603345
3,7,8,True,2,DDoS,1,BruteForce,0.008050616951782106,0.013053956757228083,0.020488245038388166
3,7,8,True,2,DDoS,2,DDoS,0.26919798438557424,0.5721216259561164,0.5738390966700034
3,7,8,True,2,DDoS,3,DoS,0.01910129514708286,0.02200700803468001,0.03673158361827515
3,7,8,True,2,DDoS,4,Mirai,0.028990306870954274,0.06178396270595359,0.020919818015688825
3,7,8,True,2,DDoS,5,Recon,0.025976272633704348,0.055253399155004025,0.0387585856693685
3,7,8,True,2,DDoS,6,Spoofing,0.16351443323030967,0.04757890223355571,0.2685450562657869
3,7,8,True,2,DDoS,7,Web-Based,0.014178473121911978,0.01846957853361365,0.016125724048885598
3,7,8,True,3,DoS,0,Benign,0.550146069123035,0.10939164040348692,0.016584975605900075
3,7,8,True,3,DoS,1,BruteForce,0.010947274070251636,0.019680937472201027,0.02787357350144254
3,7,8,True,3,DoS,2,DDoS,0.04878638997468587,0.14720958172483822,0.12449545436992798
3,7,8,True,3,DoS,3,DoS,0.15756195530344372,0.5472436478333234,0.412110294493304
3,7,8,True,3,DoS,4,Mirai,0.024743243657420238,0.052966433773250825,0.023082992246806874
3,7,8,True,3,DoS,5,Recon,0.029715586065037214,0.039814252702969274,0.026149152840062008
3,7,8,True,3,DoS,6,Spoofing,0.16437262506494935,0.06391946328932419,0.35010463360183147
3,7,8,True,3,DoS,7,Web-Based,0.01372685674117703,0.019774042800606205,0.019598923340725164
3,7,8,True,4,Mirai,0,Benign,0.5167120383900085,0.5581634495500684,0.017301721504134907
3,7,8,True,4,Mirai,1,BruteForce,0.008663851460457417,0.02299003150126349,0.014990765983382903
3,7,8,True,4,Mirai,2,DDoS,0.02269596045746429,0.04165761273680024,0.03027142230568031
3,7,8,True,4,Mirai,3,DoS,0.01552560572352662,0.018639312764688703,0.053350498446353464
3,7,8,True,4,Mirai,4,Mirai,0.02817681918949817,0.12172314221652329,0.02456751041949872
3,7,8,True,4,Mirai,5,Recon,0.021616876400722004,0.06170154878359421,0.029649843710601795
3,7,8,True,4,Mirai,6,Spoofing,0.37419463004699627,0.1418684891838149,0.8112694934879471
3,7,8,True,4,Mirai,7,Web-Based,0.01241421833132685,0.03325641326324677,0.018598744142400783
3,7,8,True,5,Recon,0,Benign,0.5064292281752509,0.5578683729289501,0.017602542741750285
3,7,8,True,5,Recon,1,BruteForce,0.009037795510277526,0.02750585750952588,0.01298889133185358
3,7,8,True,5,Recon,2,DDoS,0.019883887630784348,0.02818736366589477,0.021295275993342844
3,7,8,True,5,Recon,3,DoS,0.014370737876057988,0.017649300778418437,0.029473546456429113
3,7,8,True,5,Recon,4,Mirai,0.02488181327370168,0.07840719565461707,0.02327832259421718
3,7,8,True,5,Recon,5,Recon,0.023199651964107067,0.10470044919847263,0.04548564476427263
3,7,8,True,5,Recon,6,Spoofing,0.38922080557345934,0.14152304784893835,0.8312604056001496
3,7,8,True,5,Recon,7,Web-Based,0.012976079996361214,0.04415841241518281,0.01861537051798485
3,7,8,True,6,Spoofing,0,Benign,0.5076705672309944,0.5641986024995334,0.017410521247189895
3,7,8,True,6,Spoofing,1,BruteForce,0.008269266142305286,0.021937382914462178,0.013890804576603797
3,7,8,True,6,Spoofing,2,DDoS,0.019640608640865243,0.026770398369739615,0.023166008602391583
3,7,8,True,6,Spoofing,3,DoS,0.014597080150738398,0.017172199041703563,0.04595798976193486
3,7,8,True,6,Spoofing,4,Mirai,0.025440722745424103,0.07395767594783664,0.02247485021861084
3,7,8,True,6,Spoofing,5,Recon,0.024715376595119402,0.09399213243420108,0.03455568325209396
3,7,8,True,6,Spoofing,6,Spoofing,0.38703009083203777,0.16414202256364593,0.8245215541322589
3,7,8,True,6,Spoofing,7,Web-Based,0.01263628766251544,0.037829586228877596,0.018022588208916227
3,7,8,True,7,Web-Based,0,Benign,0.5054150556282937,0.5696364407506596,0.018232554288658505
3,7,8,True,7,Web-Based,1,BruteForce,0.008518346214236645,0.023040066197877025,0.01344827549494716
3,7,8,True,7,Web-Based,2,DDoS,0.01965766430126997,0.02987266577563228,0.02607464544333082
3,7,8,True,7,Web-Based,3,DoS,0.013869535337311856,0.015816689057327898,0.03205878397403811
3,7,8,True,7,Web-Based,4,Mirai,0.025902873749900062,0.08990065841741948,0.02303780961405717
3,7,8,True,7,Web-Based,5,Recon,0.023368999099495996,0.08427264047290081,0.03465418902166594
3,7,8,True,7,Web-Based,6,Spoofing,0.3905261935729694,0.14892556945778707,0.8337732576626405
3,7,8,True,7,Web-Based,7,Web-Based,0.012741332096522258,0.038535269870395815,0.01872048450066193
3,7,9,False,0,Benign,0,Benign,0.2578360814244414,0.5844539330523711,0.212708631315114
3,7,9,False,0,Benign,1,BruteForce,0.0034496506135789696,0.020313720488047526,0.0057487095059489636
3,7,9,False,0,Benign,2,DDoS,0.008337052461814409,0.039345917887647706,0.012474645677882902
3,7,9,False,0,Benign,3,DoS,0.0030927958796526955,0.01946176985818878,0.006082180136627195
3,7,9,False,0,Benign,4,Mirai,0.5193496882720828,0.07219839171396836,0.5442726249294527
3,7,9,False,0,Benign,5,Recon,0.116958380745875,0.08733842437714193,0.12353066180708568
3,7,9,False,0,Benign,6,Spoofing,0.08687407823488134,0.14339307776809043,0.08814688706657811
3,7,9,False,0,Benign,7,Web-Based,0.004102272367673357,0.03349476485454417,0.007035659561310454
3,7,9,False,1,BruteForce,0,Benign,0.23078772130802552,0.5622997012213233,0.19643140381446048
3,7,9,False,1,BruteForce,1,BruteForce,0.0035859223365356588,0.02728277465167927,0.005420658974589235
3,7,9,False,1,BruteForce,2,DDoS,0.004530642124200693,0.029167252798188527,0.006972007456531547
3,7,9,False,1,BruteForce,3,DoS,0.0026256510360671147,0.016400488740294813,0.005533962313056571
3,7,9,False,1,BruteForce,4,Mirai,0.5619037370094865,0.08701777155392787,0.5796708218206121
3,7,9,False,1,BruteForce,5,Recon,0.11476557628638935,0.0859550724621488,0.11622772955673638
3,7,9,False,1,BruteForce,6,Spoofing,0.07761257503819788,0.1470360413304578,0.0831422568850313
3,7,9,False,1,BruteForce,7,Web-Based,0.004188174861097483,0.044840897241979705,0.006601159178982361
3,7,9,False,2,DDoS,0,Benign,0.06049050252118398,0.2097315666238486,0.07378109127923523
3,7,9,False,2,DDoS,1,BruteForce,0.005002613289029561,0.013053956757228083,0.010804158511400564
3,7,9,False,2,DDoS,2,DDoS,0.5570358608796199,0.5721216259561164,0.5145861140339755
3,7,9,False,2,DDoS,3,DoS,0.004212868206301037,0.02200700803468001,0.007623311259983734
3,7,9,False,2,DDoS,4,Mirai,0.29234236218421694,0.06178396270595359,0.265180145327734
3,7,9,False,2,DDoS,5,Recon,0.04813781570823342,0.055253399155004025,0.06938093456303068
3,7,9,False,2,DDoS,6,Spoofing,0.02829278334223026,0.04757890223355571,0.04814830975089366
3,7,9,False,2,DDoS,7,Web-Based,0.004485193869185047,0.01846957853361365,0.010495935273746787
3,7,9,False,3,DoS,0,Benign,0.05488597898227283,0.10939164040348692,0.06597761485226326
3,7,9,False,3,DoS,1,BruteForce,0.007278092375663748,0.019680937472201027,0.007601240551088666
3,7,9,False,3,DoS,2,DDoS,0.11357057335399537,0.14720958172483822,0.0885159228871596
3,7,9,False,3,DoS,3,DoS,0.035271363471424,0.5472436478333234,0.010185430516659743
3,7,9,False,3,DoS,4,Mirai,0.6028027061475983,0.052966433773250825,0.6278306998648712
3,7,9,False,3,DoS,5,Recon,0.03469244566950184,0.039814252702969274,0.04921960120497947
3,7,9,False,3,DoS,6,Spoofing,0.14361406635953072,0.06391946328932419,0.1410816114877004
3,7,9,False,3,DoS,7,Web-Based,0.007884773640013283,0.019774042800606205,0.009587878635277698
3,7,9,False,4,Mirai,0,Benign,0.15552265662053444,0.5581634495500684,0.15665054209698429
3,7,9,False,4,Mirai,1,BruteForce,0.002522639666402822,0.02299003150126349,0.004262151925292362
3,7,9,False,4,Mirai,2,DDoS,0.005338436470500915,0.04165761273680024,0.007815598967478177
3,7,9,False,4,Mirai,3,DoS,0.0024581173303957777,0.018639312764688703,0.004755756169192422
3,7,9,False,4,Mirai,4,Mirai,0.7327470025964586,0.12172314221652329,0.7019238838520995
3,7,9,False,4,Mirai,5,Recon,0.04363977893028362,0.06170154878359421,0.054753709471234764
3,7,9,False,4,Mirai,6,Spoofing,0.05447666947164713,0.1418684891838149,0.06372590334822469
3,7,9,False,4,Mirai,7,Web-Based,0.0032946989137767166,0.03325641326324677,0.006112454169493804
3,7,9,False,5,Recon,0,Benign,0.2167342291433838,0.5578683729289501,0.18533707283203812
3,7,9,False,5,Recon,1,BruteForce,0.00398655822491283,0.02750585750952588,0.005850890664782675
3,7,9,False,5,Recon,2,DDoS,0.004123209991207022,0.02818736366589477,0.006644792733948009
3,7,9,False,5,Recon,3,DoS,0.0027084026540025825,0.017649300778418437,0.005533990742806916
3,7,9,False,5,Recon,4,Mirai,0.4598048093381096,0.07840719565461707,0.5104705615668697
3,7,9,False,5,Recon,5,Recon,0.2285600202121585,0.10470044919847263,0.20107210707856
3,7,9,False,5,Recon,6,Spoofing,0.07985130226078166,0.14152304784893835,0.07872758222176585
3,7,9,False,5,Recon,7,Web-Based,0.004231468175443999,0.04415841241518281,0.0063630021592289395
3,7,9,False,6,Spoofing,0,Benign,0.2256142336796974,0.5641986024995334,0.2129752411877739
3,7,9,False,6,Spoofing,1,BruteForce,0.003521058989933209,0.021937382914462178,0.005594561604115943
3,7,9,False,6,Spoofing,2,DDoS,0.004561403435995552,0.026770398369739615,0.007003732231253415
3,7,9,False,6,Spoofing,3,DoS,0.0029466021350491424,0.017172199041703563,0.005646586458114659
3,7,9,False,6,Spoofing,4,Mirai,0.5020009164631372,0.07395767594783664,0.5270247029692076
3,7,9,False,6,Spoofing,5,Recon,0.1395277971393793,0.09399213243420108,0.13388392227429521
3,7,9,False,6,Spoofing,6,Spoofing,0.11733843364383273,0.16414202256364593,0.10103837489641995
3,7,9,False,6,Spoofing,7,Web-Based,0.004489554512975557,0.037829586228877596,0.006832878378819363
3,7,9,False,7,Web-Based,0,Benign,0.18754764711195582,0.5696364407506596,0.20573941393174097
3,7,9,False,7,Web-Based,1,BruteForce,0.002842531119890563,0.023040066197877025,0.004988285031987422
3,7,9,False,7,Web-Based,2,DDoS,0.004673486233067496,0.02987266577563228,0.0078520559200081
3,7,9,False,7,Web-Based,3,DoS,0.00265876570224489,0.015816689057327898,0.0050920035248949455
3,7,9,False,7,Web-Based,4,Mirai,0.6236148834234522,0.08990065841741948,0.5967359652309505
3,7,9,False,7,Web-Based,5,Recon,0.08926115112178644,0.08427264047290081,0.09912271282795135
3,7,9,False,7,Web-Based,6,Spoofing,0.08566539059569289,0.14892556945778707,0.07408300743614007
3,7,9,False,7,Web-Based,7,Web-Based,0.0037361446919097776,0.038535269870395815,0.006386556096326617
3,7,10,True,0,Benign,0,Benign,0.4157422796449524,0.5844539330523711,0.022270045567745377
3,7,10,True,0,Benign,1,BruteForce,0.023989720589515567,0.020313720488047526,0.019048116147505827
3,7,10,True,0,Benign,2,DDoS,0.0369513735367856,0.039345917887647706,0.058264932055389435
3,7,10,True,0,Benign,3,DoS,0.016713824489669266,0.01946176985818878,0.04369451153948292
3,7,10,True,0,Benign,4,Mirai,0.04819248848180042,0.07219839171396836,0.07935026555243353
3,7,10,True,0,Benign,5,Recon,0.07828294434176346,0.08733842437714193,0.13568543610090097
3,7,10,True,0,Benign,6,Spoofing,0.17483166698105465,0.14339307776809043,0.3294301928385613
3,7,10,True,0,Benign,7,Web-Based,0.2052957019344587,0.03349476485454417,0.3122565001979806
3,7,10,True,1,BruteForce,0,Benign,0.36462901510110307,0.5622997012213233,0.021395882591181345
3,7,10,True,1,BruteForce,1,BruteForce,0.030631826474222325,0.02728277465167927,0.01820485343619936
3,7,10,True,1,BruteForce,2,DDoS,0.03435372725309555,0.029167252798188527,0.027800501153444554
3,7,10,True,1,BruteForce,3,DoS,0.016940540804901694,0.016400488740294813,0.030508297120172185
3,7,10,True,1,BruteForce,4,Mirai,0.05309020137641985,0.08701777155392787,0.09075246456452916
3,7,10,True,1,BruteForce,5,Recon,0.07635476713440546,0.0859550724621488,0.1355921528596097
3,7,10,True,1,BruteForce,6,Spoofing,0.1712288224228759,0.1470360413304578,0.2919583863509789
3,7,10,True,1,BruteForce,7,Web-Based,0.25277109943297615,0.044840897241979705,0.38378746192388474
3,7,10,True,2,DDoS,0,Benign,0.40535070751642177,0.2097315666238486,0.02146354989899178
3,7,10,True,2,DDoS,1,BruteForce,0.014403844239704318,0.013053956757228083,0.021106456308982644
3,7,10,True,2,DDoS,2,DDoS,0.2915627609182125,0.5721216259561164,0.6022786062618589
3,7,10,True,2,DDoS,3,DoS,0.015072431778139989,0.02200700803468001,0.024344013283275748
3,7,10,True,2,DDoS,4,Mirai,0.045349713637968726,0.06178396270595359,0.040499910327815074
3,7,10,True,2,DDoS,5,Recon,0.04874308463910801,0.055253399155004025,0.05963832227706456
3,7,10,True,2,DDoS,6,Spoofing,0.08194866797612647,0.04757890223355571,0.10744966039347457
3,7,10,True,2,DDoS,7,Web-Based,0.09756878929431824,0.01846957853361365,0.12321948124853671
3,7,10,True,3,DoS,0,Benign,0.4915953567769723,0.10939164040348692,0.016524256399403355
3,7,10,True,3,DoS,1,BruteForce,0.017404352013398915,0.019680937472201027,0.024251685421476613
3,7,10,True,3,DoS,2,DDoS,0.07403826311450312,0.14720958172483822,0.1921524231437968
3,7,10,True,3,DoS,3,DoS,0.1278874095973253,0.5472436478333234,0.3432196650431296
3,7,10,True,3,DoS,4,Mirai,0.036164569310398534,0.052966433773250825,0.04899223425140833
3,7,10,True,3,DoS,5,Recon,0.05183726289512803,0.039814252702969274,0.06773421950960029
3,7,10,True,3,DoS,6,Spoofing,0.10009814278371205,0.06391946328932419,0.18115959177665295
3,7,10,True,3,DoS,7,Web-Based,0.10097464350856164,0.019774042800606205,0.12596592445453203
3,7,10,True,4,Mirai,0,Benign,0.3991946301088073,0.5581634495500684,0.020906360869143853
3,7,10,True,4,Mirai,1,BruteForce,0.026356689869000423,0.02299003150126349,0.018484991654150906
3,7,10,True,4,Mirai,2,DDoS,0.03878366366320528,0.04165761273680024,0.04526853483889094
3,7,10,True,4,Mirai,3,DoS,0.0164909999409898,0.018639312764688703,0.04057060523043271
3,7,10,True,4,Mirai,4,Mirai,0.05544303297037236,0.12172314221652329,0.0930199027442174
3,7,10,True,4,Mirai,5,Recon,0.06845905750216735,0.06170154878359421,0.1230947051897784
3,7,10,True,4,Mirai,6,Spoofing,0.18091067956474446,0.1418684891838149,0.32823821797470715
3,7,10,True,4,Mirai,7,Web-Based,0.214361246380713,0.03325641326324677,0.33041668149867864
3,7,10,True,5,Recon,0,Benign,0.3600833390075219,0.5578683729289501,0.021000630285856473
3,7,10,True,5,Recon,1,BruteForce,0.030778614151674284,0.02750585750952588,0.01812983451842123
3,7,10,True,5,Recon,2,DDoS,0.033473851007198976,0.02818736366589477,0.027754586994734036
3,7,10,True,5,Recon,3,DoS,0.017374990462540263,0.017649300778418437,0.031053758674665574
3,7,10,True,5,Recon,4,Mirai,0.051298762212656564,0.07840719565461707,0.08863199214013308
3,7,10,True,5,Recon,5,Recon,0.08506056006312993,0.10470044919847263,0.1505426834996439
3,7,10,True,5,Recon,6,Spoofing,0.1635162720647307,0.14152304784893835,0.2842386896914777
3,7,10,True,5,Recon,7,Web-Based,0.2584136110305474,0.04415841241518281,0.37864782419506804
3,7,10,True,6,Spoofing,0,Benign,0.38952241342158506,0.5641986024995334,0.0219464716626074
3,7,10,True,6,Spoofing,1,BruteForce,0.025702455649091165,0.021937382914462178,0.017590292229546802
3,7,10,True,6,Spoofing,2,DDoS,0.03240023326434737,0.026770398369739615,0.02732242244704799
3,7,10,True,6,Spoofing,3,DoS,0.016151605092184496,0.017172199041703563,0.03497819372947385
3,7,10,True,6,Spoofing,4,Mirai,0.049706771362082645,0.07395767594783664,0.08108459950483436
3,7,10,True,6,Spoofing,5,Recon,0.08097879210298208,0.09399213243420108,0.13512999372248
3,7,10,True,6,Spoofing,6,Spoofing,0.18323338206600645,0.16414202256364593,0.34700179629198724
3,7,10,True,6,Spoofing,7,Web-Based,0.22230434704172072,0.037829586228877596,0.33494623041202237
3,7,10,True,7,Web-Based,0,Benign,0.37853920498798815,0.5696364407506596,0.02233567399325899
3,7,10,True,7,Web-Based,1,BruteForce,0.027798052018812847,0.023040066197877025,0.017738799278910797
3,7,10,True,7,Web-Based,2,DDoS,0.033361381112771,0.02987266577563228,0.02980222971691401
3,7,10,True,7,Web-Based,3,DoS,0.016294659093301106,0.015816689057327898,0.031205773506683104
3,7,10,True,7,Web-Based,4,Mirai,0.053026434444215405,0.08990065841741948,0.08933694551850077
3,7,10,True,7,Web-Based,5,Recon,0.07888606868810256,0.08427264047290081,0.13496437980333795
3,7,10,True,7,Web-Based,6,Spoofing,0.17130668600211962,0.14892556945778707,0.30979530381561704
3,7,10,True,7,Web-Based,7,Web-Based,0.24078751365268924,0.038535269870395815,0.3648208943667773
3,7,11,False,0,Benign,0,Benign,0.5788242966553905,0.5844539330523711,0.5054759344795156
3,7,11,False,0,Benign,1,BruteForce,0.004502318708829187,0.020313720488047526,0.007462605127298825
3,7,11,False,0,Benign,2,DDoS,0.005844872505337883,0.039345917887647706,0.010640381605379423
3,7,11,False,0,Benign,3,DoS,0.006327482889804367,0.01946176985818878,0.014780983180301552
3,7,11,False,0,Benign,4,Mirai,0.07742808907694389,0.07219839171396836,0.08417180931879836
3,7,11,False,0,Benign,5,Recon,0.08604804592420044,0.08733842437714193,0.1373969726142291
3,7,11,False,0,Benign,6,Spoofing,0.23583699064229982,0.14339307776809043,0.23190462746669555
3,7,11,False,0,Benign,7,Web-Based,0.005187903597194009,0.03349476485454417,0.008166686207781701
3,7,11,False,1,BruteForce,0,Benign,0.555602625043334,0.5622997012213233,0.5106147524192624
3,7,11,False,1,BruteForce,1,BruteForce,0.005064682364196704,0.02728277465167927,0.007222023432318588
3,7,11,False,1,BruteForce,2,DDoS,0.005100015691903141,0.029167252798188527,0.009715753075438184
3,7,11,False,1,BruteForce,3,DoS,0.004498807931386921,0.016400488740294813,0.00845695820506947
3,7,11,False,1,BruteForce,4,Mirai,0.0967387624221837,0.08701777155392787,0.08771126418285896
3,7,11,False,1,BruteForce,5,Recon,0.08042540261224594,0.0859550724621488,0.13823024944282974
3,7,11,False,1,BruteForce,6,Spoofing,0.2470028358997565,0.1470360413304578,0.23020952939325387
3,7,11,False,1,BruteForce,7,Web-Based,0.00556686803499313,0.044840897241979705,0.00783946984896885
3,7,11,False,2,DDoS,0,Benign,0.20764379605354807,0.2097315666238486,0.391693033549768
3,7,11,False,2,DDoS,1,BruteForce,0.007996166191374734,0.013053956757228083,0.012270970192291
3,7,11,False,2,DDoS,2,DDoS,0.5094228307873961,0.5721216259561164,0.14293445703506732
3,7,11,False,2,DDoS,3,DoS,0.020893956058050365,0.02200700803468001,0.0346928188460991
3,7,11,False,2,DDoS,4,Mirai,0.09704990010086599,0.06178396270595359,0.08264899631452405
3,7,11,False,2,DDoS,5,Recon,0.052742622277962205,0.055253399155004025,0.10654715777236783
3,7,11,False,2,DDoS,6,Spoofing,0.09710216155886219,0.04757890223355571,0.2163560792426348
3,7,11,False,2,DDoS,7,Web-Based,0.007148566971940184,0.01846957853361365,0.012856487047247967
3,7,11,False,3,DoS,0,Benign,0.07187087599667952,0.10939164040348692,0.10309353673587984
3,7,11,False,3,DoS,1,BruteForce,0.008700633442957623,0.019680937472201027,0.016412016849813423
3,7,11,False,3,DoS,2,DDoS,0.01415491295810626,0.14720958172483822,0.01715386702274042
3,7,11,False,3,DoS,3,DoS,0.659201409669974,0.5472436478333234,0.4905930896630506
3,7,11,False,3,DoS,4,Mirai,0.052163187427961895,0.052966433773250825,0.06735126521196996
3,7,11,False,3,DoS,5,Recon,0.02052285729271696,0.039814252702969274,0.03254476557324266
3,7,11,False,3,DoS,6,Spoofing,0.1677040249920562,0.06391946328932419,0.2576296574068613
3,7,11,False,3,DoS,7,Web-Based,0.005682098219547497,0.019774042800606205,0.015221801536441816
3,7,11,False,4,Mirai,0,Benign,0.51665889297918,0.5581634495500684,0.4930178028074896
3,7,11,False,4,Mirai,1,BruteForce,0.004744801117189349,0.02299003150126349,0.007418595071505128
3,7,11,False,4,Mirai,2,DDoS,0.0063533102276048135,0.04165761273680024,0.010673475310734544
3,7,11,False,4,Mirai,3,DoS,0.006857641436409242,0.018639312764688703,0.017015575176746667
3,7,11,False,4,Mirai,4,Mirai,0.17332343202797226,0.12172314221652329,0.12286600958710883
3,7,11,False,4,Mirai,5,Recon,0.049551557614624646,0.06170154878359421,0.08906886765228121
3,7,11,False,4,Mirai,6,Spoofing,0.2369483440228863,0.1418684891838149,0.2510653933064498
3,7,11,False,4,Mirai,7,Web-Based,0.005562020574133395,0.03325641326324677,0.008874281087684113
3,7,11,False,5,Recon,0,Benign,0.5272330634545522,0.5578683729289501,0.4927068831424751
3,7,11,False,5,Recon,1,BruteForce,0.004916795442333892,0.02750585750952588,0.00742554195106978
3,7,11,False,5,Recon,2,DDoS,0.004641030433755983,0.02818736366589477,0.009624595886530429
3,7,11,False,5,Recon,3,DoS,0.004379673548416135,0.017649300778418437,0.008328389430311143
3,7,11,False,5,Recon,4,Mirai,0.07420803462722957,0.07840719565461707,0.08341663457695307
3,7,11,False,5,Recon,5,Recon,0.16010050195157421,0.10470044919847263,0.18752957396487546
3,7,11,False,5,Recon,6,Spoofing,0.21904753982003977,0.14152304784893835,0.20326917878805226
3,7,11,False,5,Recon,7,Web-Based,0.005473360722098169,0.04415841241518281,0.0076992022597328095
3,7,11,False,6,Spoofing,0,Benign,0.508258063488157,0.5641986024995334,0.48286301836284756
3,7,11,False,6,Spoofing,1,BruteForce,0.0044965615819509185,0.021937382914462178,0.007235802502337834
3,7,11,False,6,Spoofing,2,DDoS,0.005268848821621976,0.026770398369739615,0.009895507549570342
3,7,11,False,6,Spoofing,3,DoS,0.004857789703789388,0.017172199041703563,0.009983399578093499
3,7,11,False,6,Spoofing,4,Mirai,0.07313099733626892,0.07395767594783664,0.0785594528290734
3,7,11,False,6,Spoofing,5,Recon,0.09336733711570082,0.09399213243420108,0.12942968868645746
3,7,11,False,6,Spoofing,6,Spoofing,0.3051010855106229,0.16414202256364593,0.2740407670468335
3,7,11,False,6,Spoofing,7,Web-Based,0.005519316441888065,0.037829586228877596,0.007992363444786446
3,7,11,False,7,Web-Based,0,Benign,0.5586189188198917,0.5696364407506596,0.5289669156973816
3,7,11,False,7,Web-Based,1,BruteForce,0.0044484413167654524,0.023040066197877025,0.006997340482420253
3,7,11,False,7,Web-Based,2,DDoS,0.005508939208422274,0.02987266577563228,0.009770151186618404
3,7,11,False,7,Web-Based,3,DoS,0.005143839649031814,0.015816689057327898,0.009807038889836544
3,7,11,False,7,Web-Based,4,Mirai,0.10627863713181461,0.08990065841741948,0.09178229978131258
3,7,11,False,7,Web-Based,5,Recon,0.06962348262561431,0.08427264047290081,0.12418983171646154
3,7,11,False,7,Web-Based,6,Spoofing,0.24481785507546686,0.14892556945778707,0.2204966630762761
3,7,11,False,7,Web-Based,7,Web-Based,0.0055598861729930045,0.038535269870395815,0.007989759169692986
3,7,12,False,0,Benign,0,Benign,0.025825692765030495,0.5844539330523711,0.026462665550044947
3,7,12,False,0,Benign,1,BruteForce,0.008028026301255308,0.020313720488047526,0.012055694095309408
3,7,12,False,0,Benign,2,DDoS,0.008905008335313151,0.039345917887647706,0.014718325348589106
3,7,12,False,0,Benign,3,DoS,0.04133449518167582,0.01946176985818878,0.09649944847369452
3,7,12,False,0,Benign,4,Mirai,0.5139994328604643,0.07219839171396836,0.497085396462591
3,7,12,False,0,Benign,5,Recon,0.11318754253929637,0.08733842437714193,0.12355267580960916
3,7,12,False,0,Benign,6,Spoofing,0.22594674622662778,0.14339307776809043,0.18046671219629276
3,7,12,False,0,Benign,7,Web-Based,0.0627730557903367,0.03349476485454417,0.04915908206386924
3,7,12,False,1,BruteForce,0,Benign,0.02246614211956551,0.5622997012213233,0.025107642284793254
3,7,12,False,1,BruteForce,1,BruteForce,0.00995579736590445,0.02728277465167927,0.01200549613060556
3,7,12,False,1,BruteForce,2,DDoS,0.008543888319341183,0.029167252798188527,0.013128686943424587
3,7,12,False,1,BruteForce,3,DoS,0.01756609416358187,0.016400488740294813,0.029005819762036804
3,7,12,False,1,BruteForce,4,Mirai,0.5525102476359391,0.08701777155392787,0.5528058772746978
3,7,12,False,1,BruteForce,5,Recon,0.08211063497747684,0.0859550724621488,0.13472743978366244
3,7,12,False,1,BruteForce,6,Spoofing,0.2208893392514089,0.1470360413304578,0.17409356481768265
3,7,12,False,1,BruteForce,7,Web-Based,0.0859578561667821,0.044840897241979705,0.059125473003096875
3,7,12,False,2,DDoS,0,Benign,0.013855214341071556,0.2097315666238486,0.030003869943939145
3,7,12,False,2,DDoS,1,BruteForce,0.01123731992848928,0.013053956757228083,0.017771132103718997
3,7,12,False,2,DDoS,2,DDoS,0.5003192536543034,0.5721216259561164,0.3171184497345759
3,7,12,False,2,DDoS,3,DoS,0.10564845098900026,0.02200700803468001,0.10086297956612204
3,7,12,False,2,DDoS,4,Mirai,0.22594707040878226,0.06178396270595359,0.3132603556709456
3,7,12,False,2,DDoS,5,Recon,0.05786194167594428,0.055253399155004025,0.09257944457817051
3,7,12,False,2,DDoS,6,Spoofing,0.05803584940148457,0.04757890223355571,0.08977983377810282
3,7,12,False,2,DDoS,7,Web-Based,0.027094899600924382,0.01846957853361365,0.03862393462442499
3,7,12,False,3,DoS,0,Benign,0.005395810012277377,0.10939164040348692,0.010999057746118568
3,7,12,False,3,DoS,1,BruteForce,0.007461218355259927,0.019680937472201027,0.0175514269892811
3,7,12,False,3,DoS,2,DDoS,0.012255035443979172,0.14720958172483822,0.020152437677119866
3,7,12,False,3,DoS,3,DoS,0.8542348423492818,0.5472436478333234,0.7022069929548109
3,7,12,False,3,DoS,4,Mirai,0.05874160803368311,0.052966433773250825,0.11680458200945516
3,7,12,False,3,DoS,5,Recon,0.020814948181575813,0.039814252702969274,0.03703591624944796
3,7,12,False,3,DoS,6,Spoofing,0.02947895937800613,0.06391946328932419,0.07279207348035582
3,7,12,False,3,DoS,7,Web-Based,0.011617578245936675,0.019774042800606205,0.022457512893410584
3,7,12,False,4,Mirai,0,Benign,0.020290786433538443,0.5581634495500684,0.02594305074139693
3,7,12,False,4,Mirai,1,BruteForce,0.006685094965734968,0.02299003150126349,0.010684721840303734
3,7,12,False,4,Mirai,2,DDoS,0.009659774530586127,0.04165761273680024,0.015048815664166753
3,7,12,False,4,Mirai,3,DoS,0.02125988012466365,0.018639312764688703,0.0529732702800002
3,7,12,False,4,Mirai,4,Mirai,0.6766373659144725,0.12172314221652329,0.6064310047794048
3,7,12,False,4,Mirai,5,Recon,0.05644116916447669,0.06170154878359421,0.095220632058516
3,7,12,False,4,Mirai,6,Spoofing,0.1628865140970641,0.1418684891838149,0.14817769204580464
3,7,12,False,4,Mirai,7,Web-Based,0.04613941476946342,0.03325641326324677,0.045520812590406794
3,7,12,False,5,Recon,0,Benign,0.022084452749900882,0.5578683729289501,0.023632525474858623
3,7,12,False,5,Recon,1,BruteForce,0.010154516198106159,0.02750585750952588,0.012284384474508312
3,7,12,False,5,Recon,2,DDoS,0.008471704814150879,0.02818736366589477,0.01318532466708884
3,7,12,False,5,Recon,3,DoS,0.020229293147129204,0.017649300778418437,0.0314168214343716
3,7,12,False,5,Recon,4,Mirai,0.5016657675548006,0.07840719565461707,0.5370038599406017
3,7,12,False,5,Recon,5,Recon,0.12896479988345189,0.10470044919847263,0.16281062096259766
3,7,12,False,5,Recon,6,Spoofing,0.21182377968500918,0.14152304784893835,0.1625838537369057
3,7,12,False,5,Recon,7,Web-Based,0.09660568596745119,0.04415841241518281,0.05708260930906753
3,7,12,False,6,Spoofing,0,Benign,0.023976400087631414,0.5641986024995334,0.026469107199742777
3,7,12,False,6,Spoofing,1,BruteForce,0.008405302357172417,0.021937382914462178,0.011622460802595755
3,7,12,False,6,Spoofing,2,DDoS,0.007944544532950322,0.026770398369739615,0.013628173719736776
3,7,12,False,6,Spoofing,3,DoS,0.02005213869937376,0.017172199041703563,0.05960305714089781
3,7,12,False,6,Spoofing,4,Mirai,0.48221793211686775,0.07395767594783664,0.49415070750533713
3,7,12,False,6,Spoofing,5,Recon,0.1158270111539022,0.09399213243420108,0.1245803767133329
3,7,12,False,6,Spoofing,6,Spoofing,0.2668833693211344,0.16414202256364593,0.2142325937076371
3,7,12,False,6,Spoofing,7,Web-Based,0.0746933017309678,0.037829586228877596,0.05571352321071982
3,7,12,False,7,Web-Based,0,Benign,0.022361417941991615,0.5696364407506596,0.02641490311951378
3,7,12,False,7,Web-Based,1,BruteForce,0.00767863989689186,0.023040066197877025,0.011202996129719044
3,7,12,False,7,Web-Based,2,DDoS,0.008522328449112158,0.02987266577563228,0.013888644164304482
3,7,12,False,7,Web-Based,3,DoS,0.019320346330775333,0.015816689057327898,0.03456977866360679
3,7,12,False,7,Web-Based,4,Mirai,0.5757875018193436,0.08990065841741948,0.5575893799557168
3,7,12,False,7,Web-Based,5,Recon,0.09811459113647858,0.08427264047290081,0.13010916216150645
3,7,12,False,7,Web-Based,6,Spoofing,0.19891670986976337,0.14892556945778707,0.1695661573199577
3,7,12,False,7,Web-Based,7,Web-Based,0.06929846455564356,0.038535269870395815,0.056658978485675054
3,7,13,False,0,Benign,0,Benign,0.05692654415080217,0.5844539330523711,0.06055386004083888
3,7,13,False,0,Benign,1,BruteForce,0.11640868286359905,0.020313720488047526,0.09363316921225759
3,7,13,False,0,Benign,2,DDoS,0.05760409838458631,0.039345917887647706,0.06796401271045555
3,7,13,False,0,Benign,3,DoS,0.011900138527065797,0.01946176985818878,0.01536906606727667
3,7,13,False,0,Benign,4,Mirai,0.0452144057945788,0.07219839171396836,0.05432285348042039
3,7,13,False,0,Benign,5,Recon,0.36343129449849737,0.08733842437714193,0.39795739412411263
3,7,13,False,0,Benign,6,Spoofing,0.14885014537089492,0.14339307776809043,0.1273448450201094
3,7,13,False,0,Benign,7,Web-Based,0.19966469040997556,0.03349476485454417,0.18285479934452892
3,7,13,False,1,BruteForce,0,Benign,0.060652369928450724,0.5622997012213233,0.06219007911701284
3,7,13,False,1,BruteForce,1,BruteForce,0.17222367572461963,0.02728277465167927,0.11360017528602807
3,7,13,False,1,BruteForce,2,DDoS,0.029356683392931498,0.029167252798188527,0.024879683051240126
3,7,13,False,1,BruteForce,3,DoS,0.014571645803451896,0.016400488740294813,0.01628907518567972
3,7,13,False,1,BruteForce,4,Mirai,0.05216621951646594,0.08701777155392787,0.05909321433342645
3,7,13,False,1,BruteForce,5,Recon,0.28886020931130035,0.0859550724621488,0.39380068182300615
3,7,13,False,1,BruteForce,6,Spoofing,0.12645501180938437,0.1470360413304578,0.1127826349398934
3,7,13,False,1,BruteForce,7,Web-Based,0.2557141845133956,0.044840897241979705,0.21736445626371323
3,7,13,False,2,DDoS,0,Benign,0.01974723615946377,0.2097315666238486,0.029645218230663097
3,7,13,False,2,DDoS,1,BruteForce,0.04404724029834146,0.013053956757228083,0.044390003608591314
3,7,13,False,2,DDoS,2,DDoS,0.676724521357676,0.5721216259561164,0.6352909363725004
3,7,13,False,2,DDoS,3,DoS,0.0061020983421342994,0.02200700803468001,0.010503117844130891
3,7,13,False,2,DDoS,4,Mirai,0.022216646413121856,0.06178396270595359,0.02860493938647318
3,7,13,False,2,DDoS,5,Recon,0.12835834652329114,0.055253399155004025,0.13708271084685927
3,7,13,False,2,DDoS,6,Spoofing,0.04120791722016988,0.04757890223355571,0.05030055513476766
3,7,13,False,2,DDoS,7,Web-Based,0.061595993685801584,0.01846957853361365,0.06418251857601417
3,7,13,False,3,DoS,0,Benign,0.016399163086572684,0.10939164040348692,0.03233971978002759
3,7,13,False,3,DoS,1,BruteForce,0.055745587070893644,0.019680937472201027,0.05300713177743538
3,7,13,False,3,DoS,2,DDoS,0.2994536273611083,0.14720958172483822,0.2691257299968779
3,7,13,False,3,DoS,3,DoS,0.2955762459518585,0.5472436478333234,0.05076355300514008
3,7,13,False,3,DoS,4,Mirai,0.05862141715713762,0.052966433773250825,0.061014517512999064
3,7,13,False,3,DoS,5,Recon,0.08904389788691368,0.039814252702969274,0.29218726986237215
3,7,13,False,3,DoS,6,Spoofing,0.12162887167454638,0.06391946328932419,0.11358387417877497
3,7,13,False,3,DoS,7,Web-Based,0.06353118981096921,0.019774042800606205,0.12797820388637293
3,7,13,False,4,Mirai,0,Benign,0.05646007195721764,0.5581634495500684,0.06505704215425251
3,7,13,False,4,Mirai,1,BruteForce,0.15187417074312282,0.02299003150126349,0.10857552825100836
3,7,13,False,4,Mirai,2,DDoS,0.07013513113058516,0.04165761273680024,0.054829259904598894
3,7,13,False,4,Mirai,3,DoS,0.013899419051412976,0.018639312764688703,0.01631967809243778
3,7,13,False,4,Mirai,4,Mirai,0.08718147887091623,0.12172314221652329,0.06634550226409335
3,7,13,False,4,Mirai,5,Recon,0.2738333849106993,0.06170154878359421,0.36094686593090997
3,7,13,False,4,Mirai,6,Spoofing,0.13815523451971445,0.1418684891838149,0.12982506029211566
3,7,13,False,4,Mirai,7,Web-Based,0.20846110881633154,0.03325641326324677,0.19810106311058343
3,7,13,False,5,Recon,0,Benign,0.056000440217135676,0.5578683729289501,0.058890944199925195
3,7,13,False,5,Recon,1,BruteForce,0.14915936113393413,0.02750585750952588,0.10996258594731881
3,7,13,False,5,Recon,2,DDoS,0.026124337044115608,0.02818736366589477,0.024575459907588162
3,7,13,False,5,Recon,3,DoS,0.013621124001021676,0.017649300778418437,0.016073495926865418
3,7,13,False,5,Recon,4,Mirai,0.04728614629860056,0.07840719565461707,0.05682780049595466
3,7,13,False,5,Recon,5,Recon,0.3491084182942041,0.10470044919847263,0.4166202590929207
3,7,13,False,5,Recon,6,Spoofing,0.1178422062142805,0.14152304784893835,0.10761596507282863
3,7,13,False,5,Recon,7,Web-Based,0.24085796679670776,0.04415841241518281,0.20943348935659842
3,7,13,False,6,Spoofing,0,Benign,0.0551973368384755,0.5641986024995334,0.05824697724820248
3,7,13,False,6,Spoofing,1,BruteForce,0.11947885990572629,0.021937382914462178,0.09347761890614228
3,7,13,False,6,Spoofing,2,DDoS,0.023554682722624877,0.026770398369739615,0.023553621414356338
3,7,13,False,6,Spoofing,3,DoS,0.012052952688080938,0.017172199041703563,0.015169114494199247
3,7,13,False,6,Spoofing,4,Mirai,0.04565613578653541,0.07395767594783664,0.05348185281645945
3,7,13,False,6,Spoofing,5,Recon,0.37934868511669007,0.09399213243420108,0.4310847366068133
3,7,13,False,6,Spoofing,6,Spoofing,0.1500940201985326,0.16414202256364593,0.12784485484416347
3,7,13,False,6,Spoofing,7,Web-Based,0.21461732674333445,0.037829586228877596,0.19714122366966352
3,7,13,False,7,Web-Based,0,Benign,0.058549028980372904,0.5696364407506596,0.06390660193207431
3,7,13,False,7,Web-Based,1,BruteForce,0.1370901657494097,0.023040066197877025,0.10607394555793523
3,7,13,False,7,Web-Based,2,DDoS,0.028956222502561715,0.02987266577563228,0.030251013981192044
3,7,13,False,7,Web-Based,3,DoS,0.012706706992979181,0.015816689057327898,0.015764724610940636
3,7,13,False,7,Web-Based,4,Mirai,0.0568641273893634,0.08990065841741948,0.05832549336769389
3,7,13,False,7,Web-Based,5,Recon,0.338943234932671,0.08427264047290081,0.40326458703784607
3,7,13,False,7,Web-Based,6,Spoofing,0.13429105494447305,0.14892556945778707,0.11685334765521006
3,7,13,False,7,Web-Based,7,Web-Based,0.23259945850816918,0.038535269870395815,0.20556028585710787
3,7,14,True,0,Benign,0,Benign,0.607177977803146,0.5844539330523711,0.1480594796370353
3,7,14,True,0,Benign,1,BruteForce,0.052090358774607284,0.020313720488047526,0.09103057403818236
3,7,14,True,0,Benign,2,DDoS,0.06987588489324371,0.039345917887647706,0.13501037934870694
3,7,14,True,0,Benign,3,DoS,0.022490185091556356,0.01946176985818878,0.08956857574426136
3,7,14,True,0,Benign,4,Mirai,0.056375221437888874,0.07219839171396836,0.15442565169066882
3,7,14,True,0,Benign,5,Recon,0.07601326736577665,0.08733842437714193,0.16030056009055077
3,7,14,True,0,Benign,6,Spoofing,0.03368569923229843,0.14339307776809043,0.031531698583245976
3,7,14,True,0,Benign,7,Web-Based,0.08229140540148276,0.03349476485454417,0.19007308086734842
3,7,14,True,1,BruteForce,0,Benign,0.5404145364058486,0.5622997012213233,0.15016749450818784
3,7,14,True,1,BruteForce,1,BruteForce,0.07293471836129312,0.02728277465167927,0.11283321346819068
3,7,14,True,1,BruteForce,2,DDoS,0.07557745702973621,0.029167252798188527,0.09277722713760264
3,7,14,True,1,BruteForce,3,DoS,0.020769299738292436,0.016400488740294813,0.04227046551479721
3,7,14,True,1,BruteForce,4,Mirai,0.06736863268022641,0.08701777155392787,0.1726806064477769
3,7,14,True,1,BruteForce,5,Recon,0.07742767298485925,0.0859550724621488,0.15484809839740113
3,7,14,True,1,BruteForce,6,Spoofing,0.03554246933029209,0.1470360413304578,0.03177492365119014
3,7,14,True,1,BruteForce,7,Web-Based,0.10996521346945189,0.044840897241979705,0.24264797087485346
3,7,14,True,2,DDoS,0,Benign,0.5265695763706031,0.2097315666238486,0.05504383470168419
3,7,14,True,2,DDoS,1,BruteForce,0.024492555286364535,0.013053956757228083,0.04343006115053119
3,7,14,True,2,DDoS,2,DDoS,0.2575263911283958,0.5721216259561164,0.6399708418223041
3,7,14,True,2,DDoS,3,DoS,0.0209945893921442,0.02200700803468001,0.049627131916077385
3,7,14,True,2,DDoS,4,Mirai,0.0504841922681199,0.06178396270595359,0.06286634217661555
3,7,14,True,2,DDoS,5,Recon,0.05012299276509386,0.055253399155004025,0.059088950315579924
3,7,14,True,2,DDoS,6,Spoofing,0.02692657084207059,0.04757890223355571,0.016241914274441712
3,7,14,True,2,DDoS,7,Web-Based,0.04288313194720812,0.01846957853361365,0.07373092364276607
3,7,14,True,3,DoS,0,Benign,0.5457562015162375,0.10939164040348692,0.036745108652393624
3,7,14,True,3,DoS,1,BruteForce,0.022482096393318652,0.019680937472201027,0.04923689543867314
3,7,14,True,3,DoS,2,DDoS,0.1094928906921221,0.14720958172483822,0.2189361691991132
3,7,14,True,3,DoS,3,DoS,0.17226132571122588,0.5472436478333234,0.4824966946835219
3,7,14,True,3,DoS,4,Mirai,0.03460028213750694,0.052966433773250825,0.06901901062078761
3,7,14,True,3,DoS,5,Recon,0.051804342305826395,0.039814252702969274,0.05468298899091042
3,7,14,True,3,DoS,6,Spoofing,0.02504471906827969,0.06391946328932419,0.018572282182331694
3,7,14,True,3,DoS,7,Web-Based,0.03855814217548279,0.019774042800606205,0.07031085023226843
3,7,14,True,4,Mirai,0,Benign,0.5789402768694635,0.5581634495500684,0.14558260732719783
3,7,14,True,4,Mirai,1,BruteForce,0.058863032063533355,0.02299003150126349,0.10089984082769843
3,7,14,True,4,Mirai,2,DDoS,0.08424162516370938,0.04165761273680024,0.132365923533683
3,7,14,True,4,Mirai,3,DoS,0.021041615492445417,0.018639312764688703,0.07981239993660168
3,7,14,True,4,Mirai,4,Mirai,0.07433731431686606,0.12172314221652329,0.1897777612426273
3,7,14,True,4,Mirai,5,Recon,0.0643237249095758,0.06170154878359421,0.12823493531298275
3,7,14,True,4,Mirai,6,Spoofing,0.03289562371724059,0.1418684891838149,0.03008714133987326
3,7,14,True,4,Mirai,7,Web-Based,0.08535678746716585,0.03325641326324677,0.1932393904793358
3,7,14,True,5,Recon,0,Benign,0.532794730847893,0.5578683729289501,0.14467575747633607
3,7,14,True,5,Recon,1,BruteForce,0.07449826067840307,0.02750585750952588,0.1141463146584827
3,7,14,True,5,Recon,2,DDoS,0.07390559890804396,0.02818736366589477,0.09065836586990135
3,7,14,True,5,Recon,3,DoS,0.022199240683371292,0.017649300778418437,0.0434782976751668
3,7,14,True,5,Recon,4,Mirai,0.06259534928084552,0.07840719565461707,0.16795692760821904
3,7,14,True,5,Recon,5,Recon,0.08644689961377292,0.10470044919847263,0.16936905507596675
3,7,14,True,5,Recon,6,Spoofing,0.03471883385660457,0.14152304784893835,0.03200187725743563
3,7,14,True,5,Recon,7,Web-Based,0.11284108613106562,0.04415841241518281,0.2377134043784918
3,7,14,True,6,Spoofing,0,Benign,0.5910662259217566,0.5641986024995334,0.15515672168342898
3,7,14,True,6,Spoofing,1,BruteForce,0.05710579093970636,0.021937382914462178,0.09402456146783492
3,7,14,True,6,Spoofing,2,DDoS,0.0637335522699412,0.026770398369739615,0.08721759719181094
3,7,14,True,6,Spoofing,3,DoS,0.020765069484503244,0.017172199041703563,0.07751984771762219
3,7,14,True,6,Spoofing,4,Mirai,0.05758149264647274,0.07395767594783664,0.15508192804945162
3,7,14,True,6,Spoofing,5,Recon,0.08293646779766901,0.09399213243420108,0.17753370357063722
3,7,14,True,6,Spoofing,6,Spoofing,0.03534887709330139,0.16414202256364593,0.03393015712444098
3,7,14,True,6,Spoofing,7,Web-Based,0.09146252384664948,0.037829586228877596,0.21953548319477323
3,7,14,True,7,Web-Based,0,Benign,0.568713742664413,0.5696364407506596,0.16189355912712247
3,7,14,True,7,Web-Based,1,BruteForce,0.06375863740737274,0.023040066197877025,0.10210076203622208
3,7,14,True,7,Web-Based,2,DDoS,0.07001239014740242,0.02987266577563228,0.10510760822241653
3,7,14,True,7,Web-Based,3,DoS,0.019823959835397465,0.015816689057327898,0.046255614517100856
3,7,14,True,7,Web-Based,4,Mirai,0.06532065477105842,0.08990065841741948,0.17585135880458092
3,7,14,True,7,Web-Based,5,Recon,0.07867199182332064,0.08427264047290081,0.15516483640281217
3,7,14,True,7,Web-Based,6,Spoofing,0.03440282402905198,0.14892556945778707,0.032388845509535816
3,7,14,True,7,Web-Based,7,Web-Based,0.09929579932198339,0.038535269870395815,0.22123741538020916
3,7,15,True,0,Benign,0,Benign,0.7042074761483554,0.5844539330523711,0.049839407048369984
3,7,15,True,0,Benign,1,BruteForce,0.01785527846351534,0.020313720488047526,0.031952746373506424
3,7,15,True,0,Benign,2,DDoS,0.04806382991382583,0.039345917887647706,0.5022519274526185
3,7,15,True,0,Benign,3,DoS,0.01737116598491569,0.01946176985818878,0.2867873313995385
3,7,15,True,0,Benign,4,Mirai,0.06904688367524894,0.07219839171396836,0.03710599221636177
3,7,15,True,0,Benign,5,Recon,0.050252459319733225,0.08733842437714193,0.023070707372011598
3,7,15,True,0,Benign,6,Spoofing,0.07117038944192047,0.14339307776809043,0.03884810561062139
3,7,15,True,0,Benign,7,Web-Based,0.0220325170524851,0.03349476485454417,0.03014378252697195
3,7,15,True,1,BruteForce,0,Benign,0.680540729305268,0.5622997012213233,0.05207551206555742
3,7,15,True,1,BruteForce,1,BruteForce,0.024002272812410533,0.02728277465167927,0.033464480183938446
3,7,15,True,1,BruteForce,2,DDoS,0.057334655371097845,0.029167252798188527,0.5329504797880963
3,7,15,True,1,BruteForce,3,DoS,0.013998544099149295,0.016400488740294813,0.2504226473607079
3,7,15,True,1,BruteForce,4,Mirai,0.08421918263217248,0.08701777155392787,0.03849186840165198
3,7,15,True,1,BruteForce,5,Recon,0.03560067819155957,0.0859550724621488,0.02265328635101351
3,7,15,True,1,BruteForce,6,Spoofing,0.07732323598404503,0.1470360413304578,0.03799244616487405
3,7,15,True,1,BruteForce,7,Web-Based,0.026980701604297372,0.044840897241979705,0.0319492796841605
3,7,15,True,2,DDoS,0,Benign,0.4784973796069851,0.2097315666238486,0.037558931196428384
3,7,15,True,2,DDoS,1,BruteForce,0.011605017552218148,0.013053956757228083,0.02688383215724133
3,7,15,True,2,DDoS,2,DDoS,0.33150868623544427,0.5721216259561164,0.7419043758520436
3,7,15,True,2,DDoS,3,DoS,0.019739051305696535,0.02200700803468001,0.10634900120256495
3,7,15,True,2,DDoS,4,Mirai,0.058558823163292965,0.06178396270595359,0.027500291863635604
3,7,15,True,2,DDoS,5,Recon,0.04244627516827698,0.055253399155004025,0.016731122419306972
3,7,15,True,2,DDoS,6,Spoofing,0.04016461915171909,0.04757890223355571,0.021729241659544984
3,7,15,True,2,DDoS,7,Web-Based,0.017480147816366996,0.01846957853361365,0.0213432036492342
3,7,15,True,3,DoS,0,Benign,0.44841574889042934,0.10939164040348692,0.02093062169185039
3,7,15,True,3,DoS,1,BruteForce,0.01469489489166128,0.019680937472201027,0.03937447271880717
3,7,15,True,3,DoS,2,DDoS,0.08077689681658629,0.14720958172483822,0.230983461552189
3,7,15,True,3,DoS,3,DoS,0.3118737564574692,0.5472436478333234,0.6203742998024961
3,7,15,True,3,DoS,4,Mirai,0.03882234323327903,0.052966433773250825,0.02558702906097365
3,7,15,True,3,DoS,5,Recon,0.04197588203482626,0.039814252702969274,0.016732501945439
3,7,15,True,3,DoS,6,Spoofing,0.04555402146794384,0.06391946328932419,0.022870721632670718
3,7,15,True,3,DoS,7,Web-Based,0.017886456207804904,0.019774042800606205,0.02314689159557398
3,7,15,True,4,Mirai,0,Benign,0.671697932927124,0.5581634495500684,0.04918618415140519
3,7,15,True,4,Mirai,1,BruteForce,0.019954197990479955,0.02299003150126349,0.03309853823094742
3,7,15,True,4,Mirai,2,DDoS,0.06068950436058925,0.04165761273680024,0.5135747760258506
3,7,15,True,4,Mirai,3,DoS,0.01656213286252545,0.018639312764688703,0.2778038421421814
3,7,15,True,4,Mirai,4,Mirai,0.10294068610144254,0.12172314221652329,0.039747188923165984
3,7,15,True,4,Mirai,5,Recon,0.03570901891597244,0.06170154878359421,0.018826301336706326
3,7,15,True,4,Mirai,6,Spoofing,0.07065842894425305,0.1418684891838149,0.03737634189122307
3,7,15,True,4,Mirai,7,Web-Based,0.02178809789761352,0.03325641326324677,0.030386827298520075
3,7,15,True,5,Recon,0,Benign,0.6789517618363418,0.5578683729289501,0.05231090400242893
3,7,15,True,5,Recon,1,BruteForce,0.02443192634939509,0.02750585750952588,0.03487046593706778
3,7,15,True,5,Recon,2,DDoS,0.05822332710668756,0.02818736366589477,0.5151354536604092
3,7,15,True,5,Recon,3,DoS,0.016423426485269826,0.017649300778418437,0.26560072345031455
3,7,15,True,5,Recon,4,Mirai,0.07588377757184982,0.07840719565461707,0.0376412932965182
3,7,15,True,5,Recon,5,Recon,0.04396527101348786,0.10470044919847263,0.022822761923066533
3,7,15,True,5,Recon,6,Spoofing,0.07454655184730975,0.14152304784893835,0.039236306790337246
3,7,15,True,5,Recon,7,Web-Based,0.02757395778965834,0.04415841241518281,0.03238209093985765
3,7,15,True,6,Spoofing,0,Benign,0.6948482668564334,0.5641986024995334,0.04989348536388863
3,7,15,True,6,Spoofing,1,BruteForce,0.019162949642665603,0.021937382914462178,0.03188649971154166
3,7,15,True,6,Spoofing,2,DDoS,0.044742055503938095,0.026770398369739615,0.48386588385254226
3,7,15,True,6,Spoofing,3,DoS,0.014694293154973432,0.017172199041703563,0.30516149358828903
3,7,15,True,6,Spoofing,4,Mirai,0.06936720187432674,0.07395767594783664,0.03665031104580393
3,7,15,True,6,Spoofing,5,Recon,0.05541732544898884,0.09399213243420108,0.021957736856461973
3,7,15,True,6,Spoofing,6,Spoofing,0.0781475517100693,0.16414202256364593,0.0405992718729204
3,7,15,True,6,Spoofing,7,Web-Based,0.023620355808604627,0.037829586228877596,0.029985317708552225
3,7,15,True,7,Web-Based,0,Benign,0.6816399324929813,0.5696364407506596,0.055652764274874436
3,7,15,True,7,Web-Based,1,BruteForce,0.0204746052194853,0.023040066197877025,0.030874757337916416
3,7,15,True,7,Web-Based,2,DDoS,0.05303913516395711,0.02987266577563228,0.5642708408093295
3,7,15,True,7,Web-Based,3,DoS,0.013993161049527678,0.015816689057327898,0.21004699373683333
3,7,15,True,7,Web-Based,4,Mirai,0.087583201647834,0.08990065841741948,0.039571216454673305
3,7,15,True,7,Web-Based,5,Recon,0.045405396046980184,0.08427264047290081,0.02516263858178125
3,7,15,True,7,Web-Based,6,Spoofing,0.07366300129330872,0.14892556945778707,0.0418851396147757
3,7,15,True,7,Web-Based,7,Web-Based,0.024201567085925673,0.038535269870395815,0.032535649189816065
3,7,16,False,0,Benign,0,Benign,0.5385204827294922,0.5844539330523711,0.5289869720531107
3,7,16,False,0,Benign,1,BruteForce,0.020364514759875465,0.020313720488047526,0.022867332490681114
3,7,16,False,0,Benign,2,DDoS,0.1563375204626485,0.039345917887647706,0.16887718426678153
3,7,16,False,0,Benign,3,DoS,0.026846165617814513,0.01946176985818878,0.051841357131975206
3,7,16,False,0,Benign,4,Mirai,0.016431991052679788,0.07219839171396836,0.01948582065520686
3,7,16,False,0,Benign,5,Recon,0.026158319687904618,0.08733842437714193,0.023208244931691616
3,7,16,False,0,Benign,6,Spoofing,0.13312588629668223,0.14339307776809043,0.1089540888176844
3,7,16,False,0,Benign,7,Web-Based,0.08221511939290274,0.03349476485454417,0.07577899965286862
3,7,16,False,1,BruteForce,0,Benign,0.5322951524774278,0.5622997012213233,0.5744545563340866
3,7,16,False,1,BruteForce,1,BruteForce,0.027271064143236455,0.02728277465167927,0.023981889028737272
3,7,16,False,1,BruteForce,2,DDoS,0.13915863425036368,0.029167252798188527,0.12414438639312116
3,7,16,False,1,BruteForce,3,DoS,0.0209965593923283,0.016400488740294813,0.031614801917984124
3,7,16,False,1,BruteForce,4,Mirai,0.017331831100981628,0.08701777155392787,0.0186004018028425
3,7,16,False,1,BruteForce,5,Recon,0.024530816469641246,0.0859550724621488,0.023643384612350504
3,7,16,False,1,BruteForce,6,Spoofing,0.13732185202518177,0.1470360413304578,0.11807850717401792
3,7,16,False,1,BruteForce,7,Web-Based,0.10109409014083927,0.044840897241979705,0.08548207273686008
3,7,16,False,2,DDoS,0,Benign,0.16251314199625022,0.2097315666238486,0.1741260159576502
3,7,16,False,2,DDoS,1,BruteForce,0.012435708255492487,0.013053956757228083,0.020852015820541595
3,7,16,False,2,DDoS,2,DDoS,0.712721040308958,0.5721216259561164,0.6737905432890671
3,7,16,False,2,DDoS,3,DoS,0.016804980167894137,0.02200700803468001,0.028548930532557998
3,7,16,False,2,DDoS,4,Mirai,0.009083764736398381,0.06178396270595359,0.014523519766539204
3,7,16,False,2,DDoS,5,Recon,0.01077630889068938,0.055253399155004025,0.012179546227798073
3,7,16,False,2,DDoS,6,Spoofing,0.04276447210608746,0.04757890223355571,0.04110077740829184
3,7,16,False,2,DDoS,7,Web-Based,0.03290058353822991,0.01846957853361365,0.03487865099755404
3,7,16,False,3,DoS,0,Benign,0.08299968612314286,0.10939164040348692,0.14296338459993616
3,7,16,False,3,DoS,1,BruteForce,0.013761312190983236,0.019680937472201027,0.028642659897336577
3,7,16,False,3,DoS,2,DDoS,0.26515377214234614,0.14720958172483822,0.3066166315495205
3,7,16,False,3,DoS,3,DoS,0.5497331108400809,0.5472436478333234,0.39191929596958774
3,7,16,False,3,DoS,4,Mirai,0.008359092371644897,0.052966433773250825,0.017658223094010092
3,7,16,False,3,DoS,5,Recon,0.009052842890580854,0.039814252702969274,0.013790035974995387
3,7,16,False,3,DoS,6,Spoofing,0.04493957725223261,0.06391946328932419,0.05532115693381596
3,7,16,False,3,DoS,7,Web-Based,0.026000606188988418,0.019774042800606205,0.0430886119807976
3,7,16,False,4,Mirai,0,Benign,0.47983946651914333,0.5581634495500684,0.5206070171457508
3,7,16,False,4,Mirai,1,BruteForce,0.023153733177107345,0.02299003150126349,0.023978315131557546
3,7,16,False,4,Mirai,2,DDoS,0.211139645067313,0.04165761273680024,0.1769630014019333
3,7,16,False,4,Mirai,3,DoS,0.04388224013005027,0.018639312764688703,0.05453570918791254
3,7,16,False,4,Mirai,4,Mirai,0.01710161743894449,0.12172314221652329,0.01941199305439611
3,7,16,False,4,Mirai,5,Recon,0.02149731913498896,0.06170154878359421,0.02135227064962333
3,7,16,False,4,Mirai,6,Spoofing,0.12398872072669688,0.1418684891838149,0.1063665389238147
3,7,16,False,4,Mirai,7,Web-Based,0.07939725780575568,0.03325641326324677,0.07678515450501171
3,7,16,False,5,Recon,0,Benign,0.5321457762974073,0.5578683729289501,0.5716181821311552
3,7,16,False,5,Recon,1,BruteForce,0.026624478683726353,0.02750585750952588,0.024593033053676886
3,7,16,False,5,Recon,2,DDoS,0.12994229248969197,0.02818736366589477,0.12484120043291991
3,7,16,False,5,Recon,3,DoS,0.022185440671852914,0.017649300778418437,0.03375637061389429
3,7,16,False,5,Recon,4,Mirai,0.016851878770289843,0.07840719565461707,0.01840659021605707
3,7,16,False,5,Recon,5,Recon,0.036068024970525504,0.10470044919847263,0.02445099893113418
3,7,16,False,5,Recon,6,Spoofing,0.13329237436624922,0.14152304784893835,0.1158587790935409
3,7,16,False,5,Recon,7,Web-Based,0.10288973375025674,0.04415841241518281,0.08647484552762154
3,7,16,False,6,Spoofing,0,Benign,0.5488201974839677,0.5641986024995334,0.5684098316127797
3,7,16,False,6,Spoofing,1,BruteForce,0.02162261601223049,0.021937382914462178,0.022899105575981814
3,7,16,False,6,Spoofing,2,DDoS,0.11615096852997436,0.026770398369739615,0.11984449504853653
3,7,16,False,6,Spoofing,3,DoS,0.02103758760054312,0.017172199041703563,0.04571222361566175
3,7,16,False,6,Spoofing,4,Mirai,0.01693016336662472,0.07395767594783664,0.019652787043212223
3,7,16,False,6,Spoofing,5,Recon,0.02726810108943405,0.09399213243420108,0.02456865175624679
3,7,16,False,6,Spoofing,6,Spoofing,0.1593446001550852,0.16414202256364593,0.11996086300199292
3,7,16,False,6,Spoofing,7,Web-Based,0.08882576576214042,0.037829586228877596,0.0789520423455883
3,7,16,False,7,Web-Based,0,Benign,0.549343470538685,0.5696364407506596,0.5714476609725303
3,7,16,False,7,Web-Based,1,BruteForce,0.023141807828538107,0.023040066197877025,0.023310026981546425
3,7,16,False,7,Web-Based,2,DDoS,0.13366253597457173,0.02987266577563228,0.1346747131750776
3,7,16,False,7,Web-Based,3,DoS,0.0233168332959819,0.015816689057327898,0.03355962287673245
3,7,16,False,7,Web-Based,4,Mirai,0.017711591506699726,0.08990065841741948,0.019237949411600824
3,7,16,False,7,Web-Based,5,Recon,0.025404268600451915,0.08427264047290081,0.02394913990804512
3,7,16,False,7,Web-Based,6,Spoofing,0.1337852025470025,0.14892556945778707,0.11199076947497222
3,7,16,False,7,Web-Based,7,Web-Based,0.09363428970806902,0.038535269870395815,0.08183011719949508
3,7,17,True,0,Benign,0,Benign,0.6229156957883615,0.5844539330523711,0.286889015939312
3,7,17,True,0,Benign,1,BruteForce,0.012443297665673907,0.020313720488047526,0.014141176556226539
3,7,17,True,0,Benign,2,DDoS,0.028330173892901815,0.039345917887647706,0.03934222345283236
3,7,17,True,0,Benign,3,DoS,0.05130515881878488,0.01946176985818878,0.07510850393543397
3,7,17,True,0,Benign,4,Mirai,0.21770100607685833,0.07219839171396836,0.4623639116782699
3,7,17,True,0,Benign,5,Recon,0.011427381181734546,0.08733842437714193,0.012580999550135604
3,7,17,True,0,Benign,6,Spoofing,0.016563466916939516,0.14339307776809043,0.01989494697695438
3,7,17,True,0,Benign,7,Web-Based,0.03931381965874565,0.03349476485454417,0.08967922191083538
3,7,17,True,1,BruteForce,0,Benign,0.6054239414773598,0.5622997012213233,0.26788477225842416
3,7,17,True,1,BruteForce,1,BruteForce,0.014613483800251804,0.02728277465167927,0.01355950147760995
3,7,17,True,1,BruteForce,2,DDoS,0.023170335931303174,0.029167252798188527,0.023824451384301438
3,7,17,True,1,BruteForce,3,DoS,0.021977073383191516,0.016400488740294813,0.021147476688527626
3,7,17,True,1,BruteForce,4,Mirai,0.25759026651338246,0.08701777155392787,0.5076466959494363
3,7,17,True,1,BruteForce,5,Recon,0.00975899425522471,0.0859550724621488,0.01194216929091869
3,7,17,True,1,BruteForce,6,Spoofing,0.016788558581118194,0.1470360413304578,0.021224212398854504
3,7,17,True,1,BruteForce,7,Web-Based,0.05067734605816831,0.044840897241979705,0.1327707205519274
3,7,17,True,2,DDoS,0,Benign,0.3949840228814012,0.2097315666238486,0.09965223464425019
3,7,17,True,2,DDoS,1,BruteForce,0.011434016296969593,0.013053956757228083,0.016912555800301876
3,7,17,True,2,DDoS,2,DDoS,0.3825478854316325,0.5721216259561164,0.5916063038604549
3,7,17,True,2,DDoS,3,DoS,0.040399285871090714,0.02200700803468001,0.059647025808189195
3,7,17,True,2,DDoS,4,Mirai,0.11640322605387769,0.06178396270595359,0.16515504529755384
3,7,17,True,2,DDoS,5,Recon,0.012295299506169838,0.055253399155004025,0.010300366663951063
3,7,17,True,2,DDoS,6,Spoofing,0.015231301719384716,0.04757890223355571,0.011752445730340406
3,7,17,True,2,DDoS,7,Web-Based,0.026704962239473714,0.01846957853361365,0.04497402219495862
3,7,17,True,3,DoS,0,Benign,0.4334687936645149,0.10939164040348692,0.05992432340690582
3,7,17,True,3,DoS,1,BruteForce,0.014336943425531573,0.019680937472201027,0.02264921063857181
3,7,17,True,3,DoS,2,DDoS,0.06571381722406193,0.14720958172483822,0.09107857185936827
3,7,17,True,3,DoS,3,DoS,0.3573326532957968,0.5472436478333234,0.6004928338303238
3,7,17,True,3,DoS,4,Mirai,0.06638517735093986,0.052966433773250825,0.16149540713187366
3,7,17,True,3,DoS,5,Recon,0.01787071589340439,0.039814252702969274,0.011963184394358726
3,7,17,True,3,DoS,6,Spoofing,0.0162866919107721,0.06391946328932419,0.014793874814484666
3,7,17,True,3,DoS,7,Web-Based,0.028605207234978502,0.019774042800606205,0.037602593924113276
3,7,17,True,4,Mirai,0,Benign,0.5961720473597147,0.5581634495500684,0.24452659773493632
3,7,17,True,4,Mirai,1,BruteForce,0.012727946069686302,0.02299003150126349,0.012452768444411106
3,7,17,True,4,Mirai,2,DDoS,0.02767908217519885,0.04165761273680024,0.02989616356771772
3,7,17,True,4,Mirai,3,DoS,0.03544490607418662,0.018639312764688703,0.03160659118771453
3,7,17,True,4,Mirai,4,Mirai,0.26472880040477714,0.12172314221652329,0.5618601648015825
3,7,17,True,4,Mirai,5,Recon,0.009998518482726534,0.06170154878359421,0.011154268779432132
3,7,17,True,4,Mirai,6,Spoofing,0.01635860407536659,0.1418684891838149,0.01860752929236095
3,7,17,True,4,Mirai,7,Web-Based,0.03689009535834328,0.03325641326324677,0.0898959161918447
3,7,17,True,5,Recon,0,Benign,0.6062850288501307,0.5578683729289501,0.25952094279778837
3,7,17,True,5,Recon,1,BruteForce,0.014677210021263591,0.02750585750952588,0.013930722871897163
3,7,17,True,5,Recon,2,DDoS,0.02382948926654928,0.02818736366589477,0.02460110721417558
3,7,17,True,5,Recon,3,DoS,0.026460889577775544,0.017649300778418437,0.026782891227141448
3,7,17,True,5,Recon,4,Mirai,0.2502690460642283,0.07840719565461707,0.5082181784870103
3,7,17,True,5,Recon,5,Recon,0.010134518797998267,0.10470044919847263,0.011940778991640274
3,7,17,True,5,Recon,6,Spoofing,0.01652831980618428,0.14152304784893835,0.02098337634349378
3,7,17,True,5,Recon,7,Web-Based,0.05181549761587016,0.04415841241518281,0.1340220020668531
3,7,17,True,6,Spoofing,0,Benign,0.6272465559995556,0.5641986024995334,0.302606185767156
3,7,17,True,6,Spoofing,1,BruteForce,0.013199427268432791,0.021937382914462178,0.013507241985149722
3,7,17,True,6,Spoofing,2,DDoS,0.02313089289713985,0.026770398369739615,0.025089976437142267
3,7,17,True,6,Spoofing,3,DoS,0.036394413105501434,0.017172199041703563,0.04117615354337931
3,7,17,True,6,Spoofing,4,Mirai,0.2275039536958641,0.07395767594783664,0.48033069048874455
3,7,17,True,6,Spoofing,5,Recon,0.01146634654016832,0.09399213243420108,0.013000229641819839
3,7,17,True,6,Spoofing,6,Spoofing,0.01669235598213585,0.16414202256364593,0.021249318788605573
3,7,17,True,6,Spoofing,7,Web-Based,0.0443660545112021,0.037829586228877596,0.10304020334800273
3,7,17,True,7,Web-Based,0,Benign,0.6118193006391764,0.5696364407506596,0.28968093350244056
3,7,17,True,7,Web-Based,1,BruteForce,0.013207200123551165,0.023040066197877025,0.013761211173983294
3,7,17,True,7,Web-Based,2,DDoS,0.0238427117452495,0.02987266577563228,0.027595103491214332
3,7,17,True,7,Web-Based,3,DoS,0.025143367102153067,0.015816689057327898,0.021580846561655005
3,7,17,True,7,Web-Based,4,Mirai,0.25478415137677196,0.08990065841741948,0.5045295700101171
3,7,17,True,7,Web-Based,5,Recon,0.010358499117457719,0.08427264047290081,0.012630118921325022
3,7,17,True,7,Web-Based,6,Spoofing,0.016628725520773966,0.14892556945778707,0.020622524472812886
3,7,17,True,7,Web-Based,7,Web-Based,0.04421604437486614,0.038535269870395815,0.10959969186645173
3,7,18,True,0,Benign,0,Benign,0.529460547752028,0.5844539330523711,0.06003669693124527
3,7,18,True,0,Benign,1,BruteForce,0.019108538862406058,0.020313720488047526,0.015925282420627428
3,7,18,True,0,Benign,2,DDoS,0.18912856850805607,0.039345917887647706,0.1752512081883567
3,7,18,True,0,Benign,3,DoS,0.017010921666168924,0.01946176985818878,0.05925209115095998
3,7,18,True,0,Benign,4,Mirai,0.09294915673375477,0.07219839171396836,0.2680656923199855
3,7,18,True,0,Benign,5,Recon,0.03809125091118443,0.08733842437714193,0.10830681306316478
3,7,18,True,0,Benign,6,Spoofing,0.06836827450118185,0.14339307776809043,0.1953149492678493
3,7,18,True,0,Benign,7,Web-Based,0.04588274106521982,0.03349476485454417,0.11784726665781116
3,7,18,True,1,BruteForce,0,Benign,0.48981031346997933,0.5622997012213233,0.05985143394031293
3,7,18,True,1,BruteForce,1,BruteForce,0.02488671539005999,0.02728277465167927,0.015592786599150038
3,7,18,True,1,BruteForce,2,DDoS,0.19142201551998653,0.029167252798188527,0.1289359280752761
3,7,18,True,1,BruteForce,3,DoS,0.013707424344412281,0.016400488740294813,0.02215712225230054
3,7,18,True,1,BruteForce,4,Mirai,0.11084032460840178,0.08701777155392787,0.317016468517998
3,7,18,True,1,BruteForce,5,Recon,0.035842889043626786,0.0859550724621488,0.11847456578080608
3,7,18,True,1,BruteForce,6,Spoofing,0.07424352226861965,0.1470360413304578,0.18611693944709506
3,7,18,True,1,BruteForce,7,Web-Based,0.059246795354913735,0.044840897241979705,0.15185475538706122
3,7,18,True,2,DDoS,0,Benign,0.40942068594751974,0.2097315666238486,0.029062631855855094
3,7,18,True,2,DDoS,1,BruteForce,0.011181542910317255,0.013053956757228083,0.016288194304989984
3,7,18,True,2,DDoS,2,DDoS,0.41590722460637747,0.5721216259561164,0.6648201106739219
3,7,18,True,2,DDoS,3,DoS,0.016578545057841943,0.02200700803468001,0.034976272066712825
3,7,18,True,2,DDoS,4,Mirai,0.05881964302435561,0.06178396270595359,0.096397978138924
3,7,18,True,2,DDoS,5,Recon,0.027510099770206985,0.055253399155004025,0.05429758367867338
3,7,18,True,2,DDoS,6,Spoofing,0.036313110557555,0.04757890223355571,0.056696095005218945
3,7,18,True,2,DDoS,7,Web-Based,0.02426914812582608,0.01846957853361365,0.047461134275703955
3,7,18,True,3,DoS,0,Benign,0.46031882127338436,0.10939164040348692,0.02066310555668643
3,7,18,True,3,DoS,1,BruteForce,0.013001516044167376,0.019680937472201027,0.023275818268509742
3,7,18,True,3,DoS,2,DDoS,0.24196528068203305,0.14720958172483822,0.258822317646216
3,7,18,True,3,DoS,3,DoS,0.15696107821586525,0.5472436478333234,0.4234930144571863
3,7,18,True,3,DoS,4,Mirai,0.04016293243459945,0.052966433773250825,0.09426692062515364
3,7,18,True,3,DoS,5,Recon,0.030924632655405345,0.039814252702969274,0.039583359254818457
3,7,18,True,3,DoS,6,Spoofing,0.032764968416582614,0.06391946328932419,0.08592159588391285
3,7,18,True,3,DoS,7,Web-Based,0.02390077027796263,0.019774042800606205,0.05397386830751663
3,7,18,True,4,Mirai,0,Benign,0.4995424726562093,0.5581634495500684,0.05628407963491555
3,7,18,True,4,Mirai,1,BruteForce,0.02052766912382982,0.02299003150126349,0.01544059660104304
3,7,18,True,4,Mirai,2,DDoS,0.20985975318614142,0.04165761273680024,0.15448560210473708
3,7,18,True,4,Mirai,3,DoS,0.014716587938420954,0.018639312764688703,0.04912073475735243
3,7,18,True,4,Mirai,4,Mirai,0.11431045296211964,0.12172314221652329,0.3346982396821286
3,7,18,True,4,Mirai,5,Recon,0.030654717036890485,0.06170154878359421,0.09483282830803735
3,7,18,True,4,Mirai,6,Spoofing,0.0663738791002358,0.1418684891838149,0.17399327749416404
3,7,18,True,4,Mirai,7,Web-Based,0.04401446799615244,0.03325641326324677,0.12114464141762199
3,7,18,True,5,Recon,0,Benign,0.4910410758736133,0.5578683729289501,0.05812312447001411
3,7,18,True,5,Recon,1,BruteForce,0.025429720134660386,0.02750585750952588,0.015691333544148797
3,7,18,True,5,Recon,2,DDoS,0.19129768011784934,0.02818736366589477,0.122115431082052
3,7,18,True,5,Recon,3,DoS,0.014327889429696206,0.017649300778418437,0.022574914676715394
3,7,18,True,5,Recon,4,Mirai,0.10544921812230292,0.07840719565461707,0.3151549157088511
3,7,18,True,5,Recon,5,Recon,0.039251102119609145,0.10470044919847263,0.13887600447012433
3,7,18,True,5,Recon,6,Spoofing,0.07180390799458285,0.14152304784893835,0.17694869786890408
3,7,18,True,5,Recon,7,Web-Based,0.061399406207685976,0.04415841241518281,0.15051557817919023
3,7,18,True,6,Spoofing,0,Benign,0.5300034394013485,0.5641986024995334,0.06170834865848539
3,7,18,True,6,Spoofing,1,BruteForce,0.020462246991619127,0.021937382914462178,0.015800834351637857
3,7,18,True,6,Spoofing,2,DDoS,0.17241841108775258,0.026770398369739615,0.1232908717829644
3,7,18,True,6,Spoofing,3,DoS,0.015252739602869715,0.017172199041703563,0.04271692378464614
3,7,18,True,6,Spoofing,4,Mirai,0.09415856852489314,0.07395767594783664,0.2729913861731602
3,7,18,True,6,Spoofing,5,Recon,0.04115085771033607,0.09399213243420108,0.11501973307918247
3,7,18,True,6,Spoofing,6,Spoofing,0.07494780262793997,0.16414202256364593,0.23591856384237125
3,7,18,True,6,Spoofing,7,Web-Based,0.05160593405324093,0.037829586228877596,0.13255333832755234
3,7,18,True,7,Web-Based,0,Benign,0.5075167999627828,0.5696364407506596,0.06290869206457517
3,7,18,True,7,Web-Based,1,BruteForce,0.021530548327138466,0.023040066197877025,0.015319260554912553
3,7,18,True,7,Web-Based,2,DDoS,0.1858620721104579,0.02987266577563228,0.14188922350994165
3,7,18,True,7,Web-Based,3,DoS,0.013756794210540626,0.015816689057327898,0.02459099334319162
3,7,18,True,7,Web-Based,4,Mirai,0.11122546906800614,0.08990065841741948,0.31275061179402036
3,7,18,True,7,Web-Based,5,Recon,0.03696617012223098,0.08427264047290081,0.11708161224186986
3,7,18,True,7,Web-Based,6,Spoofing,0.07151492157249457,0.14892556945778707,0.1881912653758733
3,7,18,True,7,Web-Based,7,Web-Based,0.051627224626348694,0.038535269870395815,0.13726834111561545
3,7,19,False,0,Benign,0,Benign,0.09778857783267632,0.5844539330523711,0.08823387665806656
3,7,19,False,0,Benign,1,BruteForce,0.01209692894752302,0.020313720488047526,0.01888932090882132
3,7,19,False,0,Benign,2,DDoS,0.20911790925391846,0.039345917887647706,0.2429632693628746
3,7,19,False,0,Benign,3,DoS,0.03295565099996223,0.01946176985818878,0.08348141086570714
3,7,19,False,0,Benign,4,Mirai,0.015416539321926428,0.07219839171396836,0.019610591700312093
3,7,19,False,0,Benign,5,Recon,0.1590665553105667,0.08733842437714193,0.17813600008336025
3,7,19,False,0,Benign,6,Spoofing,0.45885182948636993,0.14339307776809043,0.3497237577388485
3,7,19,False,0,Benign,7,Web-Based,0.01470600884705687,0.03349476485454417,0.018961772682009412
3,7,19,False,1,BruteForce,0,Benign,0.10172519213466429,0.5622997012213233,0.09913790567731263
3,7,19,False,1,BruteForce,1,BruteForce,0.013689284005855937,0.02728277465167927,0.018064839186361405
3,7,19,False,1,BruteForce,2,DDoS,0.19818655045267775,0.029167252798188527,0.20349844104536582
3,7,19,False,1,BruteForce,3,DoS,0.01569684283046328,0.016400488740294813,0.02784390523462867
3,7,19,False,1,BruteForce,4,Mirai,0.016610895826343026,0.08701777155392787,0.01950739318485699
3,7,19,False,1,BruteForce,5,Recon,0.1521070906328377,0.0859550724621488,0.2187069857341637
3,7,19,False,1,BruteForce,6,Spoofing,0.4860932238458575,0.1470360413304578,0.3939871007678026
3,7,19,False,1,BruteForce,7,Web-Based,0.015890920271300513,0.044840897241979705,0.019253429169508115
3,7,19,False,2,DDoS,0,Benign,0.030589286018863005,0.2097315666238486,0.03767276258733159
3,7,19,False,2,DDoS,1,BruteForce,0.007967680580413515,0.013053956757228083,0.016056824115162807
3,7,19,False,2,DDoS,2,DDoS,0.7343092483751209,0.5721216259561164,0.6882905537192153
3,7,19,False,2,DDoS,3,DoS,0.03225850936742814,0.02200700803468001,0.048163516725315256
3,7,19,False,2,DDoS,4,Mirai,0.008592959810472102,0.06178396270595359,0.016534657503638764
3,7,19,False,2,DDoS,5,Recon,0.06391963293589076,0.055253399155004025,0.07958947246139361
3,7,19,False,2,DDoS,6,Spoofing,0.11587842021912381,0.04757890223355571,0.10282389900793108
3,7,19,False,2,DDoS,7,Web-Based,0.006484262692687766,0.01846957853361365,0.010868313880011578
3,7,19,False,3,DoS,0,Benign,0.013402709001651468,0.10939164040348692,0.020026217259025727
3,7,19,False,3,DoS,1,BruteForce,0.01150225360897201,0.019680937472201027,0.025034336214780212
3,7,19,False,3,DoS,2,DDoS,0.18397915039440102,0.14720958172483822,0.20879855364634697
3,7,19,False,3,DoS,3,DoS,0.6779794721251488,0.5472436478333234,0.5733914465592493
3,7,19,False,3,DoS,4,Mirai,0.006666814235635688,0.052966433773250825,0.015936369513321242
3,7,19,False,3,DoS,5,Recon,0.026651204612442764,0.039814252702969274,0.0464978550774566
3,7,19,False,3,DoS,6,Spoofing,0.07449390478388686,0.06391946328932419,0.09841889403122607
3,7,19,False,3,DoS,7,Web-Based,0.005324491237861523,0.019774042800606205,0.011896327698594002
3,7,19,False,4,Mirai,0,Benign,0.09030821423118741,0.5581634495500684,0.09167101573892925
3,7,19,False,4,Mirai,1,BruteForce,0.013039482964311323,0.02299003150126349,0.019798226119701657
3,7,19,False,4,Mirai,2,DDoS,0.3138548920552638,0.04165761273680024,0.2596567372868506
3,7,19,False,4,Mirai,3,DoS,0.0289135059199028,0.018639312764688703,0.07104045203391178
3,7,19,False,4,Mirai,4,Mirai,0.018928449918530377,0.12172314221652329,0.021280885764181936
3,7,19,False,4,Mirai,5,Recon,0.11528612657138922,0.06170154878359421,0.16300272388462222
3,7,19,False,4,Mirai,6,Spoofing,0.4058315907056362,0.1418684891838149,0.35435016413821613
3,7,19,False,4,Mirai,7,Web-Based,0.01383773763377899,0.03325641326324677,0.019199795033586476
3,7,19,False,5,Recon,0,Benign,0.10431495981861995,0.5578683729289501,0.09760074570728806
3,7,19,False,5,Recon,1,BruteForce,0.013289356518393336,0.02750585750952588,0.01785633303978797
3,7,19,False,5,Recon,2,DDoS,0.18625641331306164,0.02818736366589477,0.1952643830935358
3,7,19,False,5,Recon,3,DoS,0.017052438680706637,0.017649300778418437,0.02951280555912488
3,7,19,False,5,Recon,4,Mirai,0.015545940581670381,0.07840719565461707,0.019269203289343086
3,7,19,False,5,Recon,5,Recon,0.21756074484286023,0.10470044919847263,0.24910730652688962
3,7,19,False,5,Recon,6,Spoofing,0.4295333077560435,0.14152304784893835,0.37247809202891285
3,7,19,False,5,Recon,7,Web-Based,0.016446838488644467,0.04415841241518281,0.018911130755117668
3,7,19,False,6,Spoofing,0,Benign,0.09865256801766963,0.5641986024995334,0.09459257177217283
3,7,19,False,6,Spoofing,1,BruteForce,0.011512815191485799,0.021937382914462178,0.018608910498152272
3,7,19,False,6,Spoofing,2,DDoS,0.15956844773260148,0.026770398369739615,0.18479530680509787
3,7,19,False,6,Spoofing,3,DoS,0.01933771920924604,0.017172199041703563,0.06258030746707754
3,7,19,False,6,Spoofing,4,Mirai,0.01518593134564119,0.07395767594783664,0.01943747529338753
3,7,19,False,6,Spoofing,5,Recon,0.1705577208276714,0.09399213243420108,0.19519971533553404
3,7,19,False,6,Spoofing,6,Spoofing,0.5105488174256306,0.16414202256364593,0.405441605634872
3,7,19,False,6,Spoofing,7,Web-Based,0.014635980250053705,0.037829586228877596,0.01934410719370588
3,7,19,False,7,Web-Based,0,Benign,0.10573976957927078,0.5696364407506596,0.1007990821887821
3,7,19,False,7,Web-Based,1,BruteForce,0.012493595877241805,0.023040066197877025,0.018501421292924862
3,7,19,False,7,Web-Based,2,DDoS,0.20713606547247293,0.02987266577563228,0.2250672477616476
3,7,19,False,7,Web-Based,3,DoS,0.019059400132637145,0.015816689057327898,0.03364515979787337
3,7,19,False,7,Web-Based,4,Mirai,0.01701908383583011,0.08990065841741948,0.019942477727555873
3,7,19,False,7,Web-Based,5,Recon,0.16567535539884148,0.08427264047290081,0.2106561159097662
3,7,19,False,7,Web-Based,6,Spoofing,0.45700696820375014,0.14892556945778707,0.37142243101012146
3,7,19,False,7,Web-Based,7,Web-Based,0.01586976149995542,0.038535269870395815,0.01996606431132858
4,8,0,False,0,Benign,0,Benign,0.3272313204348733,0.5812135157407318,0.26278178160925625
4,8,0,False,0,Benign,1,BruteForce,0.08057362265916827,0.019535500391291594,0.05988172549568824
4,8,0,False,0,Benign,2,DDoS,0.009340458609627175,0.04511327051084117,0.017071578120114936
4,8,0,False,0,Benign,3,DoS,0.14632470698853298,0.02113868237168974,0.1844970353632558
4,8,0,False,0,Benign,4,Mirai,0.2523608363853023,0.07380933370592493,0.2918442271356306
4,8,0,False,0,Benign,5,Recon,0.1381648244199476,0.07914093355919725,0.14228985307871034
4,8,0,False,0,Benign,6,Spoofing,0.023583676468402284,0.1493417295864574,0.020855983251581833
4,8,0,False,0,Benign,7,Web-Based,0.022420554034146032,0.030707034133866197,0.020777815945762
4,8,0,False,1,BruteForce,0,Benign,0.25066487475920185,0.5718429195340481,0.2656430290659468
4,8,0,False,1,BruteForce,1,BruteForce,0.1775142142565249,0.02768161480746199,0.08753372719811156
4,8,0,False,1,BruteForce,2,DDoS,0.010150979643472516,0.02963427032553307,0.012764178493417473
4,8,0,False,1,BruteForce,3,DoS,0.07487722281952171,0.018215010032388432,0.07678476689708104
4,8,0,False,1,BruteForce,4,Mirai,0.283317670736226,0.09306446538076962,0.3325634123379524
4,8,0,False,1,BruteForce,5,Recon,0.14127730426978738,0.06762551137475262,0.17508103946245743
4,8,0,False,1,BruteForce,6,Spoofing,0.025378731178069724,0.1473460176208846,0.022715882767572422
4,8,0,False,1,BruteForce,7,Web-Based,0.036819002337196,0.04459019092416167,0.026913963777460977
4,8,0,False,2,DDoS,0,Benign,0.0789058750155272,0.20084941105521895,0.10478185413533818
4,8,0,False,2,DDoS,1,BruteForce,0.0340450107147512,0.012841655200556327,0.03363773507810239
4,8,0,False,2,DDoS,2,DDoS,0.5750817953689155,0.5811750041118277,0.4555644832146435
4,8,0,False,2,DDoS,3,DoS,0.12245258060529826,0.022078267457550642,0.16267828503382503
4,8,0,False,2,DDoS,4,Mirai,0.11742472763137805,0.06619267127279874,0.13805545173557351
4,8,0,False,2,DDoS,5,Recon,0.051618977079775814,0.05331775282090341,0.07114814746332884
4,8,0,False,2,DDoS,6,Spoofing,0.010113974168619148,0.04537578462849867,0.014144695575032938
4,8,0,False,2,DDoS,7,Web-Based,0.010357059415734792,0.018169453452645555,0.019989347764155587
4,8,0,False,3,DoS,0,Benign,0.023602623871739763,0.11358857932800359,0.031183219318431078
4,8,0,False,3,DoS,1,BruteForce,0.014345057379223515,0.017807263485206122,0.016828722475000998
4,8,0,False,3,DoS,2,DDoS,0.015393529599378397,0.13733925163845762,0.02177625241987036
4,8,0,False,3,DoS,3,DoS,0.9062205133445933,0.5655772044810046,0.8446218761534362
4,8,0,False,3,DoS,4,Mirai,0.016522250839561273,0.055903104552225635,0.0431461770917808
4,8,0,False,3,DoS,5,Recon,0.015482952298249142,0.03887847163019709,0.026358258254224377
4,8,0,False,3,DoS,6,Spoofing,0.004323603313282986,0.05107053752336112,0.00856158772017071
4,8,0,False,3,DoS,7,Web-Based,0.0041094693539717245,0.019835587361544213,0.007523906567085566
4,8,0,False,4,Mirai,0,Benign,0.255570998648478,0.5506156180992189,0.25716740971373475
4,8,0,False,4,Mirai,1,BruteForce,0.08764901568845695,0.021788918087998464,0.06214343396007815
4,8,0,False,4,Mirai,2,DDoS,0.01291273807321546,0.047942545604530123,0.01386823720359379
4,8,0,False,4,Mirai,3,DoS,0.07362414560354894,0.019328550821707754,0.149772069756984
4,8,0,False,4,Mirai,4,Mirai,0.45054777454617,0.13739290074261945,0.3716587945662579
4,8,0,False,4,Mirai,5,Recon,0.07399893671992723,0.05418631076318499,0.10328053476161966
4,8,0,False,4,Mirai,6,Spoofing,0.025722290473784066,0.1390451569067893,0.02136984537726492
4,8,0,False,4,Mirai,7,Web-Based,0.019974100246419373,0.029699998973951085,0.020739674660466896
4,8,0,False,5,Recon,0,Benign,0.23196315659489536,0.5701026459847316,0.24724985801781527
4,8,0,False,5,Recon,1,BruteForce,0.1503880495117137,0.0275640247863426,0.0851020256366411
4,8,0,False,5,Recon,2,DDoS,0.009129118997095474,0.027897664944122075,0.012058303129683059
4,8,0,False,5,Recon,3,DoS,0.09972022520722625,0.01906796650545415,0.0998195894281689
4,8,0,False,5,Recon,4,Mirai,0.22621049537904195,0.08052682902227133,0.3057203541264973
4,8,0,False,5,Recon,5,Recon,0.22241996608277886,0.09621758092365754,0.20288978965026663
4,8,0,False,5,Recon,6,Spoofing,0.022969186728530377,0.13369979785013023,0.021513182207612613
4,8,0,False,5,Recon,7,Web-Based,0.03719980149871807,0.044923489983290606,0.025646897803315197
4,8,0,False,6,Spoofing,0,Benign,0.3121745023626083,0.5530281907362112,0.27290338038420653
4,8,0,False,6,Spoofing,1,BruteForce,0.10812039562605118,0.021461655155365165,0.06470870055203756
4,8,0,False,6,Spoofing,2,DDoS,0.008085541572828843,0.026535686179311745,0.012183481902706246
4,8,0,False,6,Spoofing,3,DoS,0.08469322691323809,0.019396810279261816,0.14846015901941642
4,8,0,False,6,Spoofing,4,Mirai,0.257387731240928,0.07592480154568029,0.2955883962719409
4,8,0,False,6,Spoofing,5,Recon,0.16623242663930815,0.08451829859353915,0.16073231861293877
4,8,0,False,6,Spoofing,6,Spoofing,0.0325320165935615,0.18087025120025496,0.022702443629196753
4,8,0,False,6,Spoofing,7,Web-Based,0.03077415905147606,0.03826430631037567,0.02272111962755682
4,8,0,False,7,Web-Based,0,Benign,0.30607217458067126,0.5757512628813554,0.2828623583119801
4,8,0,False,7,Web-Based,1,BruteForce,0.093565754542365,0.022118020008432524,0.06785994904824477
4,8,0,False,7,Web-Based,2,DDoS,0.008341638868518226,0.029588035753110427,0.014249287961015595
4,8,0,False,7,Web-Based,3,DoS,0.07452263046835023,0.01753649507384226,0.10621673236144319
4,8,0,False,7,Web-Based,4,Mirai,0.34119630922729455,0.09446256007015516,0.34482029681020887
4,8,0,False,7,Web-Based,5,Recon,0.11937749318376362,0.07824527055186115,0.13843233178161277
4,8,0,False,7,Web-Based,6,Spoofing,0.02961059025701228,0.14677908264148776,0.022295377231029485
4,8,0,False,7,Web-Based,7,Web-Based,0.027313408872024943,0.03551927301975526,0.023263666494465214
4,8,1,True,0,Benign,0,Benign,0.4938211170716796,0.5812135157407318,0.013568399554844724
4,8,1,True,0,Benign,1,BruteForce,0.004720737291539667,0.019535500391291594,0.008605934639372665
4,8,1,True,0,Benign,2,DDoS,0.03899196960052194,0.04511327051084117,0.07444771125811747
4,8,1,True,0,Benign,3,DoS,0.010407777617271432,0.02113868237168974,0.018250106949369942
4,8,1,True,0,Benign,4,Mirai,0.06263399514423956,0.07380933370592493,0.10807574100270502
4,8,1,True,0,Benign,5,Recon,0.15398176650025047,0.07914093355919725,0.2907260211972004
4,8,1,True,0,Benign,6,Spoofing,0.2304358205439219,0.1493417295864574,0.47608512375763967
4,8,1,True,0,Benign,7,Web-Based,0.005006816230575538,0.030707034133866197,0.010240961640750088
4,8,1,True,1,BruteForce,0,Benign,0.4684239430417429,0.5718429195340481,0.012838263384921755
4,8,1,True,1,BruteForce,1,BruteForce,0.005008932490726867,0.02768161480746199,0.008322975190072216
4,8,1,True,1,BruteForce,2,DDoS,0.026809865686918077,0.02963427032553307,0.0486947483017159
4,8,1,True,1,BruteForce,3,DoS,0.00556473281675835,0.018215010032388432,0.011921294151150431
4,8,1,True,1,BruteForce,4,Mirai,0.07234434621101893,0.09306446538076962,0.1105990736221884
4,8,1,True,1,BruteForce,5,Recon,0.13851270607838587,0.06762551137475262,0.29782863486713473
4,8,1,True,1,BruteForce,6,Spoofing,0.27814352969579564,0.1473460176208846,0.5004098369481974
4,8,1,True,1,BruteForce,7,Web-Based,0.005191943978653339,0.04459019092416167,0.00938517353461923
4,8,1,True,2,DDoS,0,Benign,0.4094262412893401,0.20084941105521895,0.010789170177697706
4,8,1,True,2,DDoS,1,BruteForce,0.004844183866068085,0.012841655200556327,0.008010163860307824
4,8,1,True,2,DDoS,2,DDoS,0.3900547610892858,0.5811750041118277,0.6681850151860528
4,8,1,True,2,DDoS,3,DoS,0.012595993360416514,0.022078267457550642,0.02380207038049753
4,8,1,True,2,DDoS,4,Mirai,0.038246997650706355,0.06619267127279874,0.04539266732934675
4,8,1,True,2,DDoS,5,Recon,0.060297059059296,0.05331775282090341,0.10933311795857123
4,8,1,True,2,DDoS,6,Spoofing,0.07949498048308958,0.04537578462849867,0.12801525908105618
4,8,1,True,2,DDoS,7,Web-Based,0.00503978320179769,0.018169453452645555,0.006472536026470069
4,8,1,True,3,DoS,0,Benign,0.40944587081130945,0.11358857932800359,0.010252218338446022
4,8,1,True,3,DoS,1,BruteForce,0.00791031597458177,0.017807263485206122,0.015216404503898918
4,8,1,True,3,DoS,2,DDoS,0.10140513874849823,0.13733925163845762,0.17155529533872457
4,8,1,True,3,DoS,3,DoS,0.32905727768727655,0.5655772044810046,0.5166624340617575
4,8,1,True,3,DoS,4,Mirai,0.02817510997160364,0.055903104552225635,0.050020635236841596
4,8,1,True,3,DoS,5,Recon,0.03530472635111819,0.03887847163019709,0.05898538021733843
4,8,1,True,3,DoS,6,Spoofing,0.0825211381914113,0.05107053752336112,0.16568625965394038
4,8,1,True,3,DoS,7,Web-Based,0.00618042226420095,0.019835587361544213,0.011621372649052655
4,8,1,True,4,Mirai,0,Benign,0.48872955483618113,0.5506156180992189,0.014618137705013036
4,8,1,True,4,Mirai,1,BruteForce,0.005227893083796411,0.021788918087998464,0.009102412497405885
4,8,1,True,4,Mirai,2,DDoS,0.04222113404842529,0.047942545604530123,0.08760477884375821
4,8,1,True,4,Mirai,3,DoS,0.012021523551302378,0.019328550821707754,0.02267124101393727
4,8,1,True,4,Mirai,4,Mirai,0.09015635655274296,0.13739290074261945,0.15230992245626365
4,8,1,True,4,Mirai,5,Recon,0.09435263057522221,0.05418631076318499,0.21313913990613298
4,8,1,True,4,Mirai,6,Spoofing,0.2621322519294163,0.1390451569067893,0.4892664164272418
4,8,1,True,4,Mirai,7,Web-Based,0.005158655422913247,0.029699998973951085,0.011287951150247227
4,8,1,True,5,Recon,0,Benign,0.47203469537952475,0.5701026459847316,0.011824808752694154
4,8,1,True,5,Recon,1,BruteForce,0.0047386108242935595,0.0275640247863426,0.007794146199475564
4,8,1,True,5,Recon,2,DDoS,0.023750745367393886,0.027897664944122075,0.043844228754022566
4,8,1,True,5,Recon,3,DoS,0.005687949968389587,0.01906796650545415,0.011222183207049409
4,8,1,True,5,Recon,4,Mirai,0.06367378033994242,0.08052682902227133,0.10642451725044536
4,8,1,True,5,Recon,5,Recon,0.19676377804350997,0.09621758092365754,0.38581164237960236
4,8,1,True,5,Recon,6,Spoofing,0.22838450867480015,0.13369979785013023,0.42455073847402264
4,8,1,True,5,Recon,7,Web-Based,0.0049659314021457705,0.044923489983290606,0.00852773498268801
4,8,1,True,6,Spoofing,0,Benign,0.46305036609993916,0.5530281907362112,0.012756547625364765
4,8,1,True,6,Spoofing,1,BruteForce,0.004674385391284776,0.021461655155365165,0.00793767673279992
4,8,1,True,6,Spoofing,2,DDoS,0.023156399276234262,0.026535686179311745,0.04094354636442861
4,8,1,True,6,Spoofing,3,DoS,0.007510809835603213,0.019396810279261816,0.013276564153364187
4,8,1,True,6,Spoofing,4,Mirai,0.06248939077820598,0.07592480154568029,0.10214290260601923
4,8,1,True,6,Spoofing,5,Recon,0.1687424788080019,0.08451829859353915,0.30987281749361173
4,8,1,True,6,Spoofing,6,Spoofing,0.26537788808468543,0.18087025120025496,0.5035233321847596
4,8,1,True,6,Spoofing,7,Web-Based,0.004998281726045278,0.03826430631037567,0.009546612839651922
4,8,1,True,7,Web-Based,0,Benign,0.48106948635965036,0.5757512628813554,0.013734158361343934
4,8,1,True,7,Web-Based,1,BruteForce,0.0047463916961160025,0.022118020008432524,0.008298821415736183
4,8,1,True,7,Web-Based,2,DDoS,0.029943932790333968,0.029588035753110427,0.05452670758696665
4,8,1,True,7,Web-Based,3,DoS,0.006311366173701573,0.01753649507384226,0.012572142659275492
4,8,1,True,7,Web-Based,4,Mirai,0.07814745714625262,0.09446256007015516,0.12680239855305564
4,8,1,True,7,Web-Based,5,Recon,0.14213138318804608,0.07824527055186115,0.29510931665947837
4,8,1,True,7,Web-Based,6,Spoofing,0.2526148199832012,0.14677908264148776,0.47882548768979566
4,8,1,True,7,Web-Based,7,Web-Based,0.005035162662698202,0.03551927301975526,0.010130967074348123
4,8,2,False,0,Benign,0,Benign,0.18003734258637566,0.5812135157407318,0.15516749217397513
4,8,2,False,0,Benign,1,BruteForce,0.017823015410828594,0.019535500391291594,0.02020697169099876
4,8,2,False,0,Benign,2,DDoS,0.015258478178033018,0.04511327051084117,0.02483690992421998
4,8,2,False,0,Benign,3,DoS,0.008541900975878678,0.02113868237168974,0.021903132373728325
4,8,2,False,0,Benign,4,Mirai,0.3484719040478078,0.07380933370592493,0.3359140225651714
4,8,2,False,0,Benign,5,Recon,0.38119619539923166,0.07914093355919725,0.38273503638041545
4,8,2,False,0,Benign,6,Spoofing,0.027889382591356607,0.1493417295864574,0.03607525256740638
4,8,2,False,0,Benign,7,Web-Based,0.020781780810488017,0.030707034133866197,0.02316118232408474
4,8,2,False,1,BruteForce,0,Benign,0.17120605052782226,0.5718429195340481,0.1467095370191094
4,8,2,False,1,BruteForce,1,BruteForce,0.03147274370413016,0.02768161480746199,0.022985457984859892
4,8,2,False,1,BruteForce,2,DDoS,0.011948372416348989,0.02963427032553307,0.017791320728001596
4,8,2,False,1,BruteForce,3,DoS,0.006943202415757567,0.018215010032388432,0.01686477535592938
4,8,2,False,1,BruteForce,4,Mirai,0.384924166913382,0.09306446538076962,0.34946964266103686
4,8,2,False,1,BruteForce,5,Recon,0.3285896484030854,0.06762551137475262,0.38500319043422254
4,8,2,False,1,BruteForce,6,Spoofing,0.030332300438104125,0.1473460176208846,0.03336265034182514
4,8,2,False,1,BruteForce,7,Web-Based,0.03458351518136951,0.04459019092416167,0.027813425475015124
4,8,2,False,2,DDoS,0,Benign,0.0473167569056951,0.20084941105521895,0.09243642996206623
4,8,2,False,2,DDoS,1,BruteForce,0.01039064318626848,0.012841655200556327,0.024709175856203476
4,8,2,False,2,DDoS,2,DDoS,0.6299679551609253,0.5811750041118277,0.45204813066914906
4,8,2,False,2,DDoS,3,DoS,0.01011030669564752,0.022078267457550642,0.02210006079565015
4,8,2,False,2,DDoS,4,Mirai,0.16357136354234977,0.06619267127279874,0.18417335762347684
4,8,2,False,2,DDoS,5,Recon,0.11829807467035211,0.05331775282090341,0.17897191068459242
4,8,2,False,2,DDoS,6,Spoofing,0.009768331031699901,0.04537578462849867,0.02380177489314433
4,8,2,False,2,DDoS,7,Web-Based,0.010576568807061874,0.018169453452645555,0.021759159515717497
4,8,2,False,3,DoS,0,Benign,0.02315890981596459,0.11358857932800359,0.07423245721019542
4,8,2,False,3,DoS,1,BruteForce,0.014842207909633576,0.017807263485206122,0.030443967390512406
4,8,2,False,3,DoS,2,DDoS,0.1611507654090763,0.13733925163845762,0.12209621095118063
4,8,2,False,3,DoS,3,DoS,0.5552053727532403,0.5655772044810046,0.2235281468682234
4,8,2,False,3,DoS,4,Mirai,0.13408587960959947,0.055903104552225635,0.24700607328376994
4,8,2,False,3,DoS,5,Recon,0.0863033806574077,0.03887847163019709,0.24790555799165553
4,8,2,False,3,DoS,6,Spoofing,0.014296880819935614,0.05107053752336112,0.029631423152986853
4,8,2,False,3,DoS,7,Web-Based,0.010956603025142396,0.019835587361544213,0.025156163151475817
4,8,2,False,4,Mirai,0,Benign,0.13937691358940613,0.5506156180992189,0.1493377915779523
4,8,2,False,4,Mirai,1,BruteForce,0.017097697115664823,0.021788918087998464,0.01927501948970061
4,8,2,False,4,Mirai,2,DDoS,0.017458828838364415,0.047942545604530123,0.02255940543558527
4,8,2,False,4,Mirai,3,DoS,0.0068163291153697046,0.019328550821707754,0.020264412532864148
4,8,2,False,4,Mirai,4,Mirai,0.57693884476562,0.13739290074261945,0.41690692612713565
4,8,2,False,4,Mirai,5,Recon,0.20068553572391903,0.05418631076318499,0.3150578115032778
4,8,2,False,4,Mirai,6,Spoofing,0.02397632158227632,0.1390451569067893,0.03463700112605171
4,8,2,False,4,Mirai,7,Web-Based,0.017649529269379724,0.029699998973951085,0.021961632207432438
4,8,2,False,5,Recon,0,Benign,0.14436219576701978,0.5701026459847316,0.13991036853333705
4,8,2,False,5,Recon,1,BruteForce,0.027631394046488764,0.0275640247863426,0.022959709159566802
4,8,2,False,5,Recon,2,DDoS,0.010655349055840825,0.027897664944122075,0.01759819314837628
4,8,2,False,5,Recon,3,DoS,0.007121737337704425,0.01906796650545415,0.016998861128553096
4,8,2,False,5,Recon,4,Mirai,0.3273407481730442,0.08052682902227133,0.3418745355520832
4,8,2,False,5,Recon,5,Recon,0.42347690477941485,0.09621758092365754,0.40087168660804506
4,8,2,False,5,Recon,6,Spoofing,0.028443278278679186,0.13369979785013023,0.032696458412240906
4,8,2,False,5,Recon,7,Web-Based,0.030968392561807796,0.044923489983290606,0.027090187457797683
4,8,2,False,6,Spoofing,0,Benign,0.15176112349475637,0.5530281907362112,0.14999845851380175
4,8,2,False,6,Spoofing,1,BruteForce,0.02104365494068042,0.021461655155365165,0.020894841280412003
4,8,2,False,6,Spoofing,2,DDoS,0.009843866793548673,0.026535686179311745,0.01908801949955038
4,8,2,False,6,Spoofing,3,DoS,0.007185723135607878,0.019396810279261816,0.01990548896326303
4,8,2,False,6,Spoofing,4,Mirai,0.33857470159391195,0.07592480154568029,0.31733955553989673
4,8,2,False,6,Spoofing,5,Recon,0.4179716463843422,0.08451829859353915,0.4104761713150622
4,8,2,False,6,Spoofing,6,Spoofing,0.028645866034275328,0.18087025120025496,0.03817166657681523
4,8,2,False,6,Spoofing,7,Web-Based,0.024973417622877244,0.03826430631037567,0.024125798311198696
4,8,2,False,7,Web-Based,0,Benign,0.15657404959284993,0.5757512628813554,0.15534963756362322
4,8,2,False,7,Web-Based,1,BruteForce,0.01926661904576167,0.022118020008432524,0.01998890373401627
4,8,2,False,7,Web-Based,2,DDoS,0.011370470464400848,0.029588035753110427,0.019995455457424424
4,8,2,False,7,Web-Based,3,DoS,0.006736299286345009,0.01753649507384226,0.017779293256949942
4,8,2,False,7,Web-Based,4,Mirai,0.44190234858750305,0.09446256007015516,0.3703569074777412
4,8,2,False,7,Web-Based,5,Recon,0.31368059721188596,0.07824527055186115,0.3576040454011711
4,8,2,False,7,Web-Based,6,Spoofing,0.02665316086435341,0.14677908264148776,0.03456511848490651
4,8,2,False,7,Web-Based,7,Web-Based,0.023816454946900274,0.03551927301975526,0.024360638624167468
4,8,3,False,0,Benign,0,Benign,0.1414256825767731,0.5812135157407318,0.11885254276976849
4,8,3,False,0,Benign,1,BruteForce,0.3899754141007974,0.019535500391291594,0.34183347738017056
4,8,3,False,0,Benign,2,DDoS,0.1063720567946778,0.04511327051084117,0.12378352278465309
4,8,3,False,0,Benign,3,DoS,0.025357128581499296,0.02113868237168974,0.044653900704609784
4,8,3,False,0,Benign,4,Mirai,0.18582873993812546,0.07380933370592493,0.22325900240316113
4,8,3,False,0,Benign,5,Recon,0.09184060337806281,0.07914093355919725,0.09131375981835803
4,8,3,False,0,Benign,6,Spoofing,0.023546103482718243,0.1493417295864574,0.02743729080595953
4,8,3,False,0,Benign,7,Web-Based,0.035654271147345866,0.030707034133866197,0.02886650333331943
4,8,3,False,1,BruteForce,0,Benign,0.09293072257506088,0.5718429195340481,0.10422845740096678
4,8,3,False,1,BruteForce,1,BruteForce,0.5474861052211445,0.02768161480746199,0.4420364598311267
4,8,3,False,1,BruteForce,2,DDoS,0.06286336969865472,0.02963427032553307,0.06434640405943129
4,8,3,False,1,BruteForce,3,DoS,0.026994049927999385,0.018215010032388432,0.04339879802482092
4,8,3,False,1,BruteForce,4,Mirai,0.15659689257232745,0.09306446538076962,0.20464662397004163
4,8,3,False,1,BruteForce,5,Recon,0.04985307250919362,0.06762551137475262,0.08160172798012294
4,8,3,False,1,BruteForce,6,Spoofing,0.023598922892168892,0.1473460176208846,0.028321106426362385
4,8,3,False,1,BruteForce,7,Web-Based,0.039676864603450594,0.04459019092416167,0.03142042230712738
4,8,3,False,2,DDoS,0,Benign,0.038632160914052645,0.20084941105521895,0.05418656669811476
4,8,3,False,2,DDoS,1,BruteForce,0.11919863922303053,0.012841655200556327,0.13362710600047714
4,8,3,False,2,DDoS,2,DDoS,0.6737044715872564,0.5811750041118277,0.6084341304810735
4,8,3,False,2,DDoS,3,DoS,0.018953729859846714,0.022078267457550642,0.029694312183729966
4,8,3,False,2,DDoS,4,Mirai,0.07336538734893551,0.06619267127279874,0.0876212099996208
4,8,3,False,2,DDoS,5,Recon,0.053410053370021957,0.05331775282090341,0.05046877631761053
4,8,3,False,2,DDoS,6,Spoofing,0.009064573804293017,0.04537578462849867,0.016799953749613523
4,8,3,False,2,DDoS,7,Web-Based,0.013670983892563333,0.018169453452645555,0.01916794456975978
4,8,3,False,3,DoS,0,Benign,0.020236620178294924,0.11358857932800359,0.049824806740559134
4,8,3,False,3,DoS,1,BruteForce,0.09546584047669833,0.017807263485206122,0.15871638978004346
4,8,3,False,3,DoS,2,DDoS,0.2733251024767441,0.13733925163845762,0.2739374321325671
4,8,3,False,3,DoS,3,DoS,0.5120280214977827,0.5655772044810046,0.2839548812108047
4,8,3,False,3,DoS,4,Mirai,0.056917924011851695,0.055903104552225635,0.14274198998363813
4,8,3,False,3,DoS,5,Recon,0.019819424341660775,0.03887847163019709,0.046865274202214556
4,8,3,False,3,DoS,6,Spoofing,0.010622117866327156,0.05107053752336112,0.018854402550887935
4,8,3,False,3,DoS,7,Web-Based,0.011584949150640319,0.019835587361544213,0.02510482339928486
4,8,3,False,4,Mirai,0,Benign,0.09405842539072258,0.5506156180992189,0.10394801873029945
4,8,3,False,4,Mirai,1,BruteForce,0.39781056326093395,0.021788918087998464,0.3662581022185664
4,8,3,False,4,Mirai,2,DDoS,0.11097371195972926,0.047942545604530123,0.10740728079125414
4,8,3,False,4,Mirai,3,DoS,0.02270221475237981,0.019328550821707754,0.04208730839404158
4,8,3,False,4,Mirai,4,Mirai,0.269289444071523,0.13739290074261945,0.25034116343665686
4,8,3,False,4,Mirai,5,Recon,0.050153480510823585,0.05418631076318499,0.07377720890383144
4,8,3,False,4,Mirai,6,Spoofing,0.022670635290985133,0.1390451569067893,0.027117561978776256
4,8,3,False,4,Mirai,7,Web-Based,0.03234152476290268,0.029699998973951085,0.029063355546573952
4,8,3,False,5,Recon,0,Benign,0.08685578625471159,0.5701026459847316,0.09756590563366478
4,8,3,False,5,Recon,1,BruteForce,0.5470160912364066,0.0275640247863426,0.4393565922828682
4,8,3,False,5,Recon,2,DDoS,0.059946554122683904,0.027897664944122075,0.06267543526401637
4,8,3,False,5,Recon,3,DoS,0.027781730740474738,0.01906796650545415,0.04463156907363983
4,8,3,False,5,Recon,4,Mirai,0.14110554487764582,0.08052682902227133,0.20565759171174258
4,8,3,False,5,Recon,5,Recon,0.07563075356354419,0.09621758092365754,0.0917340051966015
4,8,3,False,5,Recon,6,Spoofing,0.021849150383797783,0.13369979785013023,0.02682067240807345
4,8,3,False,5,Recon,7,Web-Based,0.03981438882073551,0.044923489983290606,0.03155822842939329
4,8,3,False,6,Spoofing,0,Benign,0.13603222714059696,0.5530281907362112,0.12262083379026725
4,8,3,False,6,Spoofing,1,BruteForce,0.4351321898916658,0.021461655155365165,0.3671513011785513
4,8,3,False,6,Spoofing,2,DDoS,0.055068325524225796,0.026535686179311745,0.07061394487219584
4,8,3,False,6,Spoofing,3,DoS,0.023687889265584777,0.019396810279261816,0.04085530223639366
4,8,3,False,6,Spoofing,4,Mirai,0.18335057921279155,0.07592480154568029,0.2393203767527391
4,8,3,False,6,Spoofing,5,Recon,0.09796748385471322,0.08451829859353915,0.09944266369448852
4,8,3,False,6,Spoofing,6,Spoofing,0.026482956715942047,0.18087025120025496,0.030191004562158057
4,8,3,False,6,Spoofing,7,Web-Based,0.04227834839447988,0.03826430631037567,0.029804572913206245
4,8,3,False,7,Web-Based,0,Benign,0.12498277657265199,0.5757512628813554,0.12166781308232819
4,8,3,False,7,Web-Based,1,BruteForce,0.43183622575723657,0.022118020008432524,0.381819740473302
4,8,3,False,7,Web-Based,2,DDoS,0.0685462724645697,0.029588035753110427,0.08681887661962281
4,8,3,False,7,Web-Based,3,DoS,0.025074801911590203,0.01753649507384226,0.03828257697757771
4,8,3,False,7,Web-Based,4,Mirai,0.2013146287147675,0.09446256007015516,0.22489869579251326
4,8,3,False,7,Web-Based,5,Recon,0.08391435190731412,0.07824527055186115,0.08862106663524917
4,8,3,False,7,Web-Based,6,Spoofing,0.024485450860893637,0.14677908264148776,0.027871303862086062
4,8,3,False,7,Web-Based,7,Web-Based,0.03984549181097643,0.03551927301975526,0.030019926557320668
4,8,4,False,0,Benign,0,Benign,0.5383115766266183,0.5812135157407318,0.5079957351917117
4,8,4,False,0,Benign,1,BruteForce,0.01806564391555049,0.019535500391291594,0.01748946183137613
4,8,4,False,0,Benign,2,DDoS,0.014923088139692035,0.04511327051084117,0.021068978105766273
4,8,4,False,0,Benign,3,DoS,0.05816238334854683,0.02113868237168974,0.11805400248392045
4,8,4,False,0,Benign,4,Mirai,0.06212643828940627,0.07380933370592493,0.051857750097300044
4,8,4,False,0,Benign,5,Recon,0.041344655194460664,0.07914093355919725,0.044870356461185056
4,8,4,False,0,Benign,6,Spoofing,0.13637550046826777,0.1493417295864574,0.12974401873056032
4,8,4,False,0,Benign,7,Web-Based,0.1306907140174577,0.030707034133866197,0.10891969709817997
4,8,4,False,1,BruteForce,0,Benign,0.49307576711489537,0.5718429195340481,0.5389955761261209
4,8,4,False,1,BruteForce,1,BruteForce,0.0244303440025446,0.02768161480746199,0.017308943523206857
4,8,4,False,1,BruteForce,2,DDoS,0.015165168437501248,0.02963427032553307,0.019094587480338956
4,8,4,False,1,BruteForce,3,DoS,0.026306716741065644,0.018215010032388432,0.046011712086405
4,8,4,False,1,BruteForce,4,Mirai,0.07846009259133005,0.09306446538076962,0.05660047445349295
4,8,4,False,1,BruteForce,5,Recon,0.037236804238225854,0.06762551137475262,0.04878325819914148
4,8,4,False,1,BruteForce,6,Spoofing,0.13949236783828725,0.1473460176208846,0.13701215473952064
4,8,4,False,1,BruteForce,7,Web-Based,0.18583273903615005,0.04459019092416167,0.13619329339177316
4,8,4,False,2,DDoS,0,Benign,0.1509648976112589,0.20084941105521895,0.24393959575792235
4,8,4,False,2,DDoS,1,BruteForce,0.014140967484565956,0.012841655200556327,0.022141041236417712
4,8,4,False,2,DDoS,2,DDoS,0.5937216964630723,0.5811750041118277,0.4235565978710404
4,8,4,False,2,DDoS,3,DoS,0.07064409391441864,0.022078267457550642,0.10550288890410102
4,8,4,False,2,DDoS,4,Mirai,0.038957863655112265,0.06619267127279874,0.038561222616288644
4,8,4,False,2,DDoS,5,Recon,0.023810081210232825,0.05331775282090341,0.031050563041224537
4,8,4,False,2,DDoS,6,Spoofing,0.04363992566509134,0.04537578462849867,0.06882433656623298
4,8,4,False,2,DDoS,7,Web-Based,0.06412047399624786,0.018169453452645555,0.06642375400677236
4,8,4,False,3,DoS,0,Benign,0.05771233854891858,0.11358857932800359,0.07787514820812906
4,8,4,False,3,DoS,1,BruteForce,0.007551707906915107,0.017807263485206122,0.018979474854902208
4,8,4,False,3,DoS,2,DDoS,0.02385072070210772,0.13733925163845762,0.028906935572254794
4,8,4,False,3,DoS,3,DoS,0.8432294576543641,0.5655772044810046,0.7484607123074821
4,8,4,False,3,DoS,4,Mirai,0.012333728120461893,0.055903104552225635,0.023447361734180414
4,8,4,False,3,DoS,5,Recon,0.008347224613838777,0.03887847163019709,0.01725485135104091
4,8,4,False,3,DoS,6,Spoofing,0.02542790943012675,0.05107053752336112,0.04805986709779222
4,8,4,False,3,DoS,7,Web-Based,0.02154691302326707,0.019835587361544213,0.03701564887421835
4,8,4,False,4,Mirai,0,Benign,0.48204088856663646,0.5506156180992189,0.4965879247066158
4,8,4,False,4,Mirai,1,BruteForce,0.020134527130164125,0.021788918087998464,0.01775053418160157
4,8,4,False,4,Mirai,2,DDoS,0.015142419672169963,0.047942545604530123,0.01977268644247351
4,8,4,False,4,Mirai,3,DoS,0.059151271042465196,0.019328550821707754,0.12263830614322681
4,8,4,False,4,Mirai,4,Mirai,0.11483668228635814,0.13739290074261945,0.05638430205370269
4,8,4,False,4,Mirai,5,Recon,0.0307804537818569,0.05418631076318499,0.04138758345937428
4,8,4,False,4,Mirai,6,Spoofing,0.14050372994556792,0.1390451569067893,0.1311358886537027
4,8,4,False,4,Mirai,7,Web-Based,0.13741002757478132,0.029699998973951085,0.11434277435930258
4,8,4,False,5,Recon,0,Benign,0.49640285589326627,0.5701026459847316,0.5312455447983859
4,8,4,False,5,Recon,1,BruteForce,0.023720421786496828,0.0275640247863426,0.0175746854967464
4,8,4,False,5,Recon,2,DDoS,0.014635985842041769,0.027897664944122075,0.019201740904951983
4,8,4,False,5,Recon,3,DoS,0.028845666133636316,0.01906796650545415,0.051801502990743445
4,8,4,False,5,Recon,4,Mirai,0.06640876538918385,0.08052682902227133,0.05578130400813185
4,8,4,False,5,Recon,5,Recon,0.055377938628496166,0.09621758092365754,0.0544097450669764
4,8,4,False,5,Recon,6,Spoofing,0.12592514868690044,0.13369979785013023,0.13279172107750647
4,8,4,False,5,Recon,7,Web-Based,0.1886832176399785,0.044923489983290606,0.13719375565655736
4,8,4,False,6,Spoofing,0,Benign,0.5218522907526343,0.5530281907362112,0.5367291950120796
4,8,4,False,6,Spoofing,1,BruteForce,0.019110083510138744,0.021461655155365165,0.017387891299526708
4,8,4,False,6,Spoofing,2,DDoS,0.013484192445518559,0.026535686179311745,0.019919672538647067
4,8,4,False,6,Spoofing,3,DoS,0.02600623836349591,0.019396810279261816,0.07140899313666473
4,8,4,False,6,Spoofing,4,Mirai,0.06322225959032282,0.07592480154568029,0.05230154226277583
4,8,4,False,6,Spoofing,5,Recon,0.041226775153405754,0.08451829859353915,0.04718666696582754
4,8,4,False,6,Spoofing,6,Spoofing,0.1707303808094175,0.18087025120025496,0.1407045503825967
4,8,4,False,6,Spoofing,7,Web-Based,0.14436777937506637,0.03826430631037567,0.11436148840188197
4,8,4,False,7,Web-Based,0,Benign,0.5209919892925735,0.5757512628813554,0.5452923947553538
4,8,4,False,7,Web-Based,1,BruteForce,0.020066852609010203,0.022118020008432524,0.017324480126832013
4,8,4,False,7,Web-Based,2,DDoS,0.014051513030306747,0.029588035753110427,0.020624852395507213
4,8,4,False,7,Web-Based,3,DoS,0.028300219900894204,0.01753649507384226,0.051402003499636945
4,8,4,False,7,Web-Based,4,Mirai,0.08093181952744215,0.09446256007015516,0.05589367899116845
4,8,4,False,7,Web-Based,5,Recon,0.03794236098305981,0.07824527055186115,0.04665063687173556
4,8,4,False,7,Web-Based,6,Spoofing,0.13855145262066085,0.14677908264148776,0.134926452910806
4,8,4,False,7,Web-Based,7,Web-Based,0.1591637920360524,0.03551927301975526,0.12788550044896002
4,8,5,False,0,Benign,0,Benign,0.4797769415414595,0.5812135157407318,0.3783280723088211
4,8,5,False,0,Benign,1,BruteForce,0.008666109607024231,0.019535500391291594,0.017547510079094965
4,8,5,False,0,Benign,2,DDoS,0.037263307340015595,0.04511327051084117,0.051107934128251306
4,8,5,False,0,Benign,3,DoS,0.009402176949150298,0.02113868237168974,0.01959878619832978
4,8,5,False,0,Benign,4,Mirai,0.02135801019710267,0.07380933370592493,0.02363074014508072
4,8,5,False,0,Benign,5,Recon,0.05826781787373659,0.07914093355919725,0.0744806952042887
4,8,5,False,0,Benign,6,Spoofing,0.3723064698709594,0.1493417295864574,0.41640980896830043
4,8,5,False,0,Benign,7,Web-Based,0.01295916662055176,0.030707034133866197,0.018896452967833058
4,8,5,False,1,BruteForce,0,Benign,0.4927859356064481,0.5718429195340481,0.4220793397155259
4,8,5,False,1,BruteForce,1,BruteForce,0.01054013016833496,0.02768161480746199,0.017452424571843622
4,8,5,False,1,BruteForce,2,DDoS,0.0168517321079168,0.02963427032553307,0.030756218001764053
4,8,5,False,1,BruteForce,3,DoS,0.007448516515757945,0.018215010032388432,0.019057952971509008
4,8,5,False,1,BruteForce,4,Mirai,0.02298882627533394,0.09306446538076962,0.02385929989556012
4,8,5,False,1,BruteForce,5,Recon,0.051138840021241416,0.06762551137475262,0.0768380145216068
4,8,5,False,1,BruteForce,6,Spoofing,0.38393347915742465,0.1473460176208846,0.3907260856561628
4,8,5,False,1,BruteForce,7,Web-Based,0.014312540147542073,0.04459019092416167,0.019230664666027766
4,8,5,False,2,DDoS,0,Benign,0.1483786514935734,0.20084941105521895,0.15728459891530153
4,8,5,False,2,DDoS,1,BruteForce,0.008062490371293281,0.012841655200556327,0.020081329595853403
4,8,5,False,2,DDoS,2,DDoS,0.6559437215969207,0.5811750041118277,0.5617724981376889
4,8,5,False,2,DDoS,3,DoS,0.0070474648440344975,0.022078267457550642,0.012859254036653837
4,8,5,False,2,DDoS,4,Mirai,0.011524572387467152,0.06619267127279874,0.019400251437496654
4,8,5,False,2,DDoS,5,Recon,0.04189610148179179,0.05331775282090341,0.04233680995181692
4,8,5,False,2,DDoS,6,Spoofing,0.11989430178413306,0.04537578462849867,0.17072499753583964
4,8,5,False,2,DDoS,7,Web-Based,0.007252696040786147,0.018169453452645555,0.01554026038934899
4,8,5,False,3,DoS,0,Benign,0.0817126188424777,0.11358857932800359,0.1521870865087781
4,8,5,False,3,DoS,1,BruteForce,0.012402288346424113,0.017807263485206122,0.02707200618051485
4,8,5,False,3,DoS,2,DDoS,0.16541848916951954,0.13733925163845762,0.14666000047508393
4,8,5,False,3,DoS,3,DoS,0.45397064419157895,0.5655772044810046,0.18098746353411105
4,8,5,False,3,DoS,4,Mirai,0.010170521723962538,0.055903104552225635,0.0225941413864522
4,8,5,False,3,DoS,5,Recon,0.019949841405856258,0.03887847163019709,0.047561405360367064
4,8,5,False,3,DoS,6,Spoofing,0.2477538898841442,0.05107053752336112,0.40015524914078443
4,8,5,False,3,DoS,7,Web-Based,0.008621706436036733,0.019835587361544213,0.02278264741390845
4,8,5,False,4,Mirai,0,Benign,0.4517752944297528,0.5506156180992189,0.3881948853418603
4,8,5,False,4,Mirai,1,BruteForce,0.00999147109543015,0.021788918087998464,0.017591480932306197
4,8,5,False,4,Mirai,2,DDoS,0.03621837258706686,0.047942545604530123,0.04069487135055433
4,8,5,False,4,Mirai,3,DoS,0.008681636937375066,0.019328550821707754,0.019884109120460344
4,8,5,False,4,Mirai,4,Mirai,0.026710151723811925,0.13739290074261945,0.024656434139932532
4,8,5,False,4,Mirai,5,Recon,0.043164506139373914,0.05418631076318499,0.0680386101742592
4,8,5,False,4,Mirai,6,Spoofing,0.41062152969590154,0.1390451569067893,0.422302547286838
4,8,5,False,4,Mirai,7,Web-Based,0.012837037391287748,0.029699998973951085,0.01863706165378906
4,8,5,False,5,Recon,0,Benign,0.5045432063372294,0.5701026459847316,0.4165851513257524
4,8,5,False,5,Recon,1,BruteForce,0.010150641472492802,0.0275640247863426,0.017232907660537707
4,8,5,False,5,Recon,2,DDoS,0.01624802498285215,0.027897664944122075,0.030855083847475456
4,8,5,False,5,Recon,3,DoS,0.007613299260495906,0.01906796650545415,0.01930504435685354
4,8,5,False,5,Recon,4,Mirai,0.021758224563360903,0.08052682902227133,0.023053352050397432
4,8,5,False,5,Recon,5,Recon,0.08208513695359439,0.09621758092365754,0.09082699923357593
4,8,5,False,5,Recon,6,Spoofing,0.34277264052162,0.13369979785013023,0.3830407149459981
4,8,5,False,5,Recon,7,Web-Based,0.014828825908354595,0.044923489983290606,0.019100746579409494
4,8,5,False,6,Spoofing,0,Benign,0.45261994376504683,0.5530281907362112,0.384339731543249
4,8,5,False,6,Spoofing,1,BruteForce,0.008636279635483126,0.021461655155365165,0.017071650158905514
4,8,5,False,6,Spoofing,2,DDoS,0.015602422045153825,0.026535686179311745,0.03154310353527155
4,8,5,False,6,Spoofing,3,DoS,0.007488646562377234,0.019396810279261816,0.01963870014916002
4,8,5,False,6,Spoofing,4,Mirai,0.021140654019737855,0.07592480154568029,0.02363134532308709
4,8,5,False,6,Spoofing,5,Recon,0.05653269454482548,0.08451829859353915,0.07216007608053722
4,8,5,False,6,Spoofing,6,Spoofing,0.4250498625934363,0.18087025120025496,0.4330544183475924
4,8,5,False,6,Spoofing,7,Web-Based,0.01292949683393947,0.03826430631037567,0.018560974862197207
4,8,5,False,7,Web-Based,0,Benign,0.49491417631003537,0.5757512628813554,0.4216269510220606
4,8,5,False,7,Web-Based,1,BruteForce,0.009268507666334018,0.022118020008432524,0.01734601397073613
4,8,5,False,7,Web-Based,2,DDoS,0.016625751398008523,0.029588035753110427,0.033328462487528146
4,8,5,False,7,Web-Based,3,DoS,0.007596130144287709,0.01753649507384226,0.019046315251843134
4,8,5,False,7,Web-Based,4,Mirai,0.02368323401094739,0.09446256007015516,0.02389689832549251
4,8,5,False,7,Web-Based,5,Recon,0.051591431717127524,0.07824527055186115,0.07154520334700588
4,8,5,False,7,Web-Based,6,Spoofing,0.38278713893674066,0.14677908264148776,0.3943679879536759
4,8,5,False,7,Web-Based,7,Web-Based,0.013533629816518985,0.03551927301975526,0.018842167641657553
4,8,6,False,0,Benign,0,Benign,0.5891734169899753,0.5812135157407318,0.5635906685768259
4,8,6,False,0,Benign,1,BruteForce,0.07409327783591961,0.019535500391291594,0.07299659075803594
4,8,6,False,0,Benign,2,DDoS,0.014232449052735017,0.04511327051084117,0.022728536544494627
4,8,6,False,0,Benign,3,DoS,0.010301858704829463,0.02113868237168974,0.031804090117990215
4,8,6,False,0,Benign,4,Mirai,0.2716934151455216,0.07380933370592493,0.2587297366439052
4,8,6,False,0,Benign,5,Recon,0.015321517559219724,0.07914093355919725,0.018895481360983485
4,8,6,False,0,Benign,6,Spoofing,0.01418376536197769,0.1493417295864574,0.0177701765605472
4,8,6,False,0,Benign,7,Web-Based,0.011000299349821645,0.030707034133866197,0.01348471943721746
4,8,6,False,1,BruteForce,0,Benign,0.5335113623768727,0.5718429195340481,0.5549714020686299
4,8,6,False,1,BruteForce,1,BruteForce,0.1078686459461493,0.02768161480746199,0.08560280046420034
4,8,6,False,1,BruteForce,2,DDoS,0.01647357345433288,0.02963427032553307,0.021062767913920828
4,8,6,False,1,BruteForce,3,DoS,0.009107913329461561,0.018215010032388432,0.02567387307698594
4,8,6,False,1,BruteForce,4,Mirai,0.2902141852808481,0.09306446538076962,0.26100076552171436
4,8,6,False,1,BruteForce,5,Recon,0.014017953111141913,0.06762551137475262,0.019051100528756047
4,8,6,False,1,BruteForce,6,Spoofing,0.015372993145184874,0.1473460176208846,0.018381569423341976
4,8,6,False,1,BruteForce,7,Web-Based,0.013433373356008735,0.04459019092416167,0.014255721002450587
4,8,6,False,2,DDoS,0,Benign,0.2568720425259597,0.20084941105521895,0.4202436186435445
4,8,6,False,2,DDoS,1,BruteForce,0.04209918894964438,0.012841655200556327,0.05236872798432571
4,8,6,False,2,DDoS,2,DDoS,0.32935231394432823,0.5811750041118277,0.18140853702907217
4,8,6,False,2,DDoS,3,DoS,0.023906512441487043,0.022078267457550642,0.03450566219496077
4,8,6,False,2,DDoS,4,Mirai,0.31450439163806837,0.06619267127279874,0.2590831465024586
4,8,6,False,2,DDoS,5,Recon,0.012211047367233585,0.05331775282090341,0.018087462278336484
4,8,6,False,2,DDoS,6,Spoofing,0.010885623648948517,0.04537578462849867,0.017904361348387392
4,8,6,False,2,DDoS,7,Web-Based,0.010168879484330163,0.018169453452645555,0.016398484018914375
4,8,6,False,3,DoS,0,Benign,0.11772269004898538,0.11358857932800359,0.25688272991575484
4,8,6,False,3,DoS,1,BruteForce,0.05406729637301498,0.017807263485206122,0.06691429012445817
4,8,6,False,3,DoS,2,DDoS,0.031089796676517394,0.13733925163845762,0.040240292913036796
4,8,6,False,3,DoS,3,DoS,0.6171676573630355,0.5655772044810046,0.3115024818327052
4,8,6,False,3,DoS,4,Mirai,0.14793930466579558,0.055903104552225635,0.26550556668029934
4,8,6,False,3,DoS,5,Recon,0.009966693618956048,0.03887847163019709,0.02110137052285292
4,8,6,False,3,DoS,6,Spoofing,0.011828736923236443,0.05107053752336112,0.018396588269915543
4,8,6,False,3,DoS,7,Web-Based,0.01021782433045885,0.019835587361544213,0.019456679740977197
4,8,6,False,4,Mirai,0,Benign,0.44909504703618364,0.5506156180992189,0.5069725828697176
4,8,6,False,4,Mirai,1,BruteForce,0.07917249255487402,0.021788918087998464,0.07708283150685984
4,8,6,False,4,Mirai,2,DDoS,0.01664137389795475,0.047942545604530123,0.023175436673754362
4,8,6,False,4,Mirai,3,DoS,0.009697959954378764,0.019328550821707754,0.029480894384506
4,8,6,False,4,Mirai,4,Mirai,0.407364829270168,0.13739290074261945,0.31307240406737114
4,8,6,False,4,Mirai,5,Recon,0.012453440382539593,0.05418631076318499,0.018484869990236578
4,8,6,False,4,Mirai,6,Spoofing,0.014227834435509441,0.1390451569067893,0.017907721722121184
4,8,6,False,4,Mirai,7,Web-Based,0.011347022468391723,0.029699998973951085,0.013823258785433315
4,8,6,False,5,Recon,0,Benign,0.5437399628915316,0.5701026459847316,0.5511247022879678
4,8,6,False,5,Recon,1,BruteForce,0.11209801348699218,0.0275640247863426,0.08735828671699891
4,8,6,False,5,Recon,2,DDoS,0.01666316587575992,0.027897664944122075,0.021377815255414247
4,8,6,False,5,Recon,3,DoS,0.010131574736328237,0.01906796650545415,0.026286416125428317
4,8,6,False,5,Recon,4,Mirai,0.2710434399153154,0.08052682902227133,0.2618948779018005
4,8,6,False,5,Recon,5,Recon,0.017485129462579973,0.09621758092365754,0.019279064524510857
4,8,6,False,5,Recon,6,Spoofing,0.015135147912760348,0.13369979785013023,0.018291903731509438
4,8,6,False,5,Recon,7,Web-Based,0.013703565718732285,0.044923489983290606,0.014386933456370042
4,8,6,False,6,Spoofing,0,Benign,0.5675352466645324,0.5530281907362112,0.574631586254015
4,8,6,False,6,Spoofing,1,BruteForce,0.08090347792627899,0.021461655155365165,0.07334502540275967
4,8,6,False,6,Spoofing,2,DDoS,0.014161810074574515,0.026535686179311745,0.02158222435786873
4,8,6,False,6,Spoofing,3,DoS,0.008630213756622398,0.019396810279261816,0.026679753006541466
4,8,6,False,6,Spoofing,4,Mirai,0.28781431226740667,0.07592480154568029,0.2542762647531606
4,8,6,False,6,Spoofing,5,Recon,0.015064437358064535,0.08451829859353915,0.01860513125670131
4,8,6,False,6,Spoofing,6,Spoofing,0.01414116901206474,0.18087025120025496,0.017691682519896265
4,8,6,False,6,Spoofing,7,Web-Based,0.011749332940455945,0.03826430631037567,0.013188332449056994
4,8,6,False,7,Web-Based,0,Benign,0.5349302295405793,0.5757512628813554,0.5607980975870772
4,8,6,False,7,Web-Based,1,BruteForce,0.07964855869801636,0.022118020008432524,0.07829739978430017
4,8,6,False,7,Web-Based,2,DDoS,0.014426023459296534,0.029588035753110427,0.021601190255963076
4,8,6,False,7,Web-Based,3,DoS,0.008405522107242203,0.01753649507384226,0.024415889745459884
4,8,6,False,7,Web-Based,4,Mirai,0.3225907822689088,0.09446256007015516,0.26472536396730617
4,8,6,False,7,Web-Based,5,Recon,0.01415417677001324,0.07824527055186115,0.01866916262239674
4,8,6,False,7,Web-Based,6,Spoofing,0.014152365478412799,0.14677908264148776,0.01774326431444597
4,8,6,False,7,Web-Based,7,Web-Based,0.011692341677530764,0.03551927301975526,0.013749631723050777
4,8,7,True,0,Benign,0,Benign,0.5257963284516545,0.5812135157407318,0.1612130099482367
4,8,7,True,0,Benign,1,BruteForce,0.0158018718739547,0.019535500391291594,0.021549698594711935
4,8,7,True,0,Benign,2,DDoS,0.2082518489413724,0.04511327051084117,0.21755281072488927
4,8,7,True,0,Benign,3,DoS,0.014136505220408057,0.02113868237168974,0.0507713524334422
4,8,7,True,0,Benign,4,Mirai,0.039213160341857234,0.07380933370592493,0.10149800229687622
4,8,7,True,0,Benign,5,Recon,0.029060230219387792,0.07914093355919725,0.08915834590119735
4,8,7,True,0,Benign,6,Spoofing,0.13825629423764144,0.1493417295864574,0.2752811876886586
4,8,7,True,0,Benign,7,Web-Based,0.029483760713724043,0.030707034133866197,0.0829755924119876
4,8,7,True,1,BruteForce,0,Benign,0.49930022737310353,0.5718429195340481,0.17216505788819655
4,8,7,True,1,BruteForce,1,BruteForce,0.02036330558507838,0.02768161480746199,0.023489184260006412
4,8,7,True,1,BruteForce,2,DDoS,0.20806836976162948,0.02963427032553307,0.1782194383822207
4,8,7,True,1,BruteForce,3,DoS,0.01285899284804931,0.018215010032388432,0.02107490955539629
4,8,7,True,1,BruteForce,4,Mirai,0.04303134728245627,0.09306446538076962,0.11609453677926099
4,8,7,True,1,BruteForce,5,Recon,0.02523934290917999,0.06762551137475262,0.10624656030471129
4,8,7,True,1,BruteForce,6,Spoofing,0.15570213964793667,0.1473460176208846,0.27772178577655626
4,8,7,True,1,BruteForce,7,Web-Based,0.03543627459256642,0.04459019092416167,0.10498852705365155
4,8,7,True,2,DDoS,0,Benign,0.3920790349373843,0.20084941105521895,0.05957168728630258
4,8,7,True,2,DDoS,1,BruteForce,0.009579929899224746,0.012841655200556327,0.018248559763005344
4,8,7,True,2,DDoS,2,DDoS,0.462037606144533,0.5811750041118277,0.6887717265507326
4,8,7,True,2,DDoS,3,DoS,0.012708125798744361,0.022078267457550642,0.027932282682672043
4,8,7,True,2,DDoS,4,Mirai,0.032984091785546565,0.06619267127279874,0.04457647051358587
4,8,7,True,2,DDoS,5,Recon,0.021781300423692918,0.05331775282090341,0.04837520167158278
4,8,7,True,2,DDoS,6,Spoofing,0.052519612420159976,0.04537578462849867,0.07689998253077296
4,8,7,True,2,DDoS,7,Web-Based,0.01631029859071418,0.018169453452645555,0.03562408900134586
4,8,7,True,3,DoS,0,Benign,0.46112216126708794,0.11358857932800359,0.042044694103497406
4,8,7,True,3,DoS,1,BruteForce,0.01205378467512972,0.017807263485206122,0.022903262186133883
4,8,7,True,3,DoS,2,DDoS,0.2656347948380629,0.13733925163845762,0.29928914497879966
4,8,7,True,3,DoS,3,DoS,0.13829948846795873,0.5655772044810046,0.39409129704328877
4,8,7,True,3,DoS,4,Mirai,0.025415141207128466,0.055903104552225635,0.046517135311820994
4,8,7,True,3,DoS,5,Recon,0.027610905421522832,0.03887847163019709,0.03586961341078116
4,8,7,True,3,DoS,6,Spoofing,0.050803203337786686,0.05107053752336112,0.11958088099153534
4,8,7,True,3,DoS,7,Web-Based,0.01906052078532275,0.019835587361544213,0.03970397197414285
4,8,7,True,4,Mirai,0,Benign,0.5007238812970976,0.5506156180992189,0.15803829928626134
4,8,7,True,4,Mirai,1,BruteForce,0.01771184170443426,0.021788918087998464,0.02324967474085569
4,8,7,True,4,Mirai,2,DDoS,0.23285736112528796,0.047942545604530123,0.21429951582599055
4,8,7,True,4,Mirai,3,DoS,0.013388305391082043,0.019328550821707754,0.04786313847895252
4,8,7,True,4,Mirai,4,Mirai,0.04606206674201314,0.13739290074261945,0.12158082011883178
4,8,7,True,4,Mirai,5,Recon,0.022805830644846394,0.05418631076318499,0.07913860738665386
4,8,7,True,4,Mirai,6,Spoofing,0.13783220656169562,0.1390451569067893,0.2673355405055664
4,8,7,True,4,Mirai,7,Web-Based,0.028618506533543014,0.029699998973951085,0.08849440365688792
4,8,7,True,5,Recon,0,Benign,0.5036331136578854,0.5701026459847316,0.16933151293432142
4,8,7,True,5,Recon,1,BruteForce,0.02043464784516638,0.0275640247863426,0.023268371573153347
4,8,7,True,5,Recon,2,DDoS,0.20497748806993854,0.027897664944122075,0.17770704044744995
4,8,7,True,5,Recon,3,DoS,0.013229500375563306,0.01906796650545415,0.021267034241298704
4,8,7,True,5,Recon,4,Mirai,0.04084830418846248,0.08052682902227133,0.11627460050720387
4,8,7,True,5,Recon,5,Recon,0.027507890442116156,0.09621758092365754,0.12369832313348705
4,8,7,True,5,Recon,6,Spoofing,0.1531355523154185,0.13369979785013023,0.26291838932884415
4,8,7,True,5,Recon,7,Web-Based,0.036233503105449434,0.044923489983290606,0.10553472783424149
4,8,7,True,6,Spoofing,0,Benign,0.5219177776691775,0.5530281907362112,0.17501644461271487
4,8,7,True,6,Spoofing,1,BruteForce,0.01694895887366631,0.021461655155365165,0.021484065384614778
4,8,7,True,6,Spoofing,2,DDoS,0.18677155070033086,0.026535686179311745,0.15969167991808367
4,8,7,True,6,Spoofing,3,DoS,0.013252459582181134,0.019396810279261816,0.040222036031223
4,8,7,True,6,Spoofing,4,Mirai,0.038977161117198976,0.07592480154568029,0.10437302873967663
4,8,7,True,6,Spoofing,5,Recon,0.030463533298103494,0.08451829859353915,0.09595536247509695
4,8,7,True,6,Spoofing,6,Spoofing,0.15908701587210258,0.18087025120025496,0.3146634533266313
4,8,7,True,6,Spoofing,7,Web-Based,0.0325815428872393,0.03826430631037567,0.0885939295119589
4,8,7,True,7,Web-Based,0,Benign,0.5112564732988746,0.5757512628813554,0.1783952917633801
4,8,7,True,7,Web-Based,1,BruteForce,0.018005367019810422,0.022118020008432524,0.02330923188089099
4,8,7,True,7,Web-Based,2,DDoS,0.20640646857927797,0.029588035753110427,0.1826001336201361
4,8,7,True,7,Web-Based,3,DoS,0.012497455674623117,0.01753649507384226,0.024411332109139233
4,8,7,True,7,Web-Based,4,Mirai,0.044005648871056714,0.09446256007015516,0.11430485638861031
4,8,7,True,7,Web-Based,5,Recon,0.027220485814504442,0.07824527055186115,0.09879631550710012
4,8,7,True,7,Web-Based,6,Spoofing,0.14810542739292437,0.14677908264148776,0.28042700437631257
4,8,7,True,7,Web-Based,7,Web-Based,0.03250267334892844,0.03551927301975526,0.09775583435443067
4,8,8,True,0,Benign,0,Benign,0.48860815712031846,0.5812135157407318,0.019132850159553263
4,8,8,True,0,Benign,1,BruteForce,0.007342163229647668,0.019535500391291594,0.016068908819353574
4,8,8,True,0,Benign,2,DDoS,0.025113807203935395,0.04511327051084117,0.04439965505164727
4,8,8,True,0,Benign,3,DoS,0.017226405973171623,0.02113868237168974,0.056110536479231185
4,8,8,True,0,Benign,4,Mirai,0.026709757541348186,0.07380933370592493,0.02349910412323074
4,8,8,True,0,Benign,5,Recon,0.022313226185504905,0.07914093355919725,0.03706211308079212
4,8,8,True,0,Benign,6,Spoofing,0.40112298193802576,0.1493417295864574,0.7847352431503148
4,8,8,True,0,Benign,7,Web-Based,0.011563500808048077,0.030707034133866197,0.0189915891358769
4,8,8,True,1,BruteForce,0,Benign,0.45820740019539785,0.5718429195340481,0.017743662669092622
4,8,8,True,1,BruteForce,1,BruteForce,0.008251721317976569,0.02768161480746199,0.012867881546379339
4,8,8,True,1,BruteForce,2,DDoS,0.021210390889794248,0.02963427032553307,0.021160047750757877
4,8,8,True,1,BruteForce,3,DoS,0.012864936131993836,0.018215010032388432,0.028157277884586593
4,8,8,True,1,BruteForce,4,Mirai,0.026689515073350604,0.09306446538076962,0.02336187849024363
4,8,8,True,1,BruteForce,5,Recon,0.018421735809359276,0.06762551137475262,0.03457158621983451
4,8,8,True,1,BruteForce,6,Spoofing,0.44268963092573216,0.1473460176208846,0.8435205502423192
4,8,8,True,1,BruteForce,7,Web-Based,0.011664669656395513,0.04459019092416167,0.018617115196786365
4,8,8,True,2,DDoS,0,Benign,0.46432488542172073,0.20084941105521895,0.024591890673603345
4,8,8,True,2,DDoS,1,BruteForce,0.007473732201902698,0.012841655200556327,0.020488245038388166
4,8,8,True,2,DDoS,2,DDoS,0.2680311974751807,0.5811750041118277,0.5738390966700034
4,8,8,True,2,DDoS,3,DoS,0.020830768928847835,0.022078267457550642,0.03673158361827515
4,8,8,True,2,DDoS,4,Mirai,0.02894898910745509,0.06619267127279874,0.020919818015688825
4,8,8,True,2,DDoS,5,Recon,0.024470575690288276,0.05331775282090341,0.0387585856693685
4,8,8,True,2,DDoS,6,Spoofing,0.17276187717526448,0.04537578462849867,0.2685450562657869
4,8,8,True,2,DDoS,7,Web-Based,0.013157973999340227,0.018169453452645555,0.016125724048885598
4,8,8,True,3,DoS,0,Benign,0.5433522783471899,0.11358857932800359,0.016584975605900075
4,8,8,True,3,DoS,1,BruteForce,0.010349424773372935,0.017807263485206122,0.02787357350144254
4,8,8,True,3,DoS,2,DDoS,0.058085352523616504,0.13733925163845762,0.12449545436992798
4,8,8,True,3,DoS,3,DoS,0.1594920691915628,0.5655772044810046,0.412110294493304
4,8,8,True,3,DoS,4,Mirai,0.026098285651354473,0.055903104552225635,0.023082992246806874
4,8,8,True,3,DoS,5,Recon,0.0260937998118802,0.03887847163019709,0.026149152840062008
4,8,8,True,3,DoS,6,Spoofing,0.16328521574101276,0.05107053752336112,0.35010463360183147
4,8,8,True,3,DoS,7,Web-Based,0.013243573960010408,0.019835587361544213,0.019598923340725164
4,8,8,True,4,Mirai,0,Benign,0.475598726544545,0.5506156180992189,0.017301721504134907
4,8,8,True,4,Mirai,1,BruteForce,0.007937575384118845,0.021788918087998464,0.014990765983382903
4,8,8,True,4,Mirai,2,DDoS,0.024098391408998304,0.047942545604530123,0.03027142230568031
4,8,8,True,4,Mirai,3,DoS,0.015280275332361525,0.019328550821707754,0.053350498446353464
4,8,8,True,4,Mirai,4,Mirai,0.0294673565051068,0.13739290074261945,0.02456751041949872
4,8,8,True,4,Mirai,5,Recon,0.018812463154394943,0.05418631076318499,0.029649843710601795
4,8,8,True,4,Mirai,6,Spoofing,0.4175474264867694,0.1390451569067893,0.8112694934879471
4,8,8,True,4,Mirai,7,Web-Based,0.011257785183705205,0.029699998973951085,0.018598744142400783
4,8,8,True,5,Recon,0,Benign,0.4598724488296689,0.5701026459847316,0.017602542741750285
4,8,8,True,5,Recon,1,BruteForce,0.008093267124220616,0.0275640247863426,0.01298889133185358
4,8,8,True,5,Recon,2,DDoS,0.020997497373711035,0.027897664944122075,0.021295275993342844
4,8,8,True,5,Recon,3,DoS,0.013452138864428323,0.01906796650545415,0.029473546456429113
4,8,8,True,5,Recon,4,Mirai,0.02561776981008156,0.08052682902227133,0.02327832259421718
4,8,8,True,5,Recon,5,Recon,0.019587838136483463,0.09621758092365754,0.04548564476427263
4,8,8,True,5,Recon,6,Spoofing,0.44063894390129804,0.13369979785013023,0.8312604056001496
4,8,8,True,5,Recon,7,Web-Based,0.01174009596010809,0.044923489983290606,0.01861537051798485
4,8,8,True,6,Spoofing,0,Benign,0.46384762214711117,0.5530281907362112,0.017410521247189895
4,8,8,True,6,Spoofing,1,BruteForce,0.007372965524845462,0.021461655155365165,0.013890804576603797
4,8,8,True,6,Spoofing,2,DDoS,0.020353889988630545,0.026535686179311745,0.023166008602391583
4,8,8,True,6,Spoofing,3,DoS,0.013709045278484936,0.019396810279261816,0.04595798976193486
4,8,8,True,6,Spoofing,4,Mirai,0.025765033432137183,0.07592480154568029,0.02247485021861084
4,8,8,True,6,Spoofing,5,Recon,0.021764918884544633,0.08451829859353915,0.03455568325209396
4,8,8,True,6,Spoofing,6,Spoofing,0.43572365281249376,0.18087025120025496,0.8245215541322589
4,8,8,True,6,Spoofing,7,Web-Based,0.0114628719317524,0.03826430631037567,0.018022588208916227
4,8,8,True,7,Web-Based,0,Benign,0.45811933307412317,0.5757512628813554,0.018232554288658505
4,8,8,True,7,Web-Based,1,BruteForce,0.007666129731593144,0.022118020008432524,0.01344827549494716
4,8,8,True,7,Web-Based,2,DDoS,0.02069797572910676,0.029588035753110427,0.02607464544333082
4,8,8,True,7,Web-Based,3,DoS,0.012898227167873819,0.01753649507384226,0.03205878397403811
4,8,8,True,7,Web-Based,4,Mirai,0.027010837778059942,0.09446256007015516,0.02303780961405717
4,8,8,True,7,Web-Based,5,Recon,0.020183928625114277,0.07824527055186115,0.03465418902166594
4,8,8,True,7,Web-Based,6,Spoofing,0.44191384532548345,0.14677908264148776,0.8337732576626405
4,8,8,True,7,Web-Based,7,Web-Based,0.011509722568645428,0.03551927301975526,0.01872048450066193
4,8,9,False,0,Benign,0,Benign,0.25311772131594185,0.5812135157407318,0.212708631315114
4,8,9,False,0,Benign,1,BruteForce,0.0030228533269272104,0.019535500391291594,0.0057487095059489636
4,8,9,False,0,Benign,2,DDoS,0.011837357411941094,0.04511327051084117,0.012474645677882902
4,8,9,False,0,Benign,3,DoS,0.0029548478532762518,0.02113868237168974,0.006082180136627195
4,8,9,False,0,Benign,4,Mirai,0.5079847439525961,0.07380933370592493,0.5442726249294527
4,8,9,False,0,Benign,5,Recon,0.12572918973234812,0.07914093355919725,0.12353066180708568
4,8,9,False,0,Benign,6,Spoofing,0.09162963290097705,0.1493417295864574,0.08814688706657811
4,8,9,False,0,Benign,7,Web-Based,0.003723653505992301,0.030707034133866197,0.007035659561310454
4,8,9,False,1,BruteForce,0,Benign,0.21600424158631074,0.5718429195340481,0.19643140381446048
4,8,9,False,1,BruteForce,1,BruteForce,0.003162674518517586,0.02768161480746199,0.005420658974589235
4,8,9,False,1,BruteForce,2,DDoS,0.004352906656490337,0.02963427032553307,0.006972007456531547
4,8,9,False,1,BruteForce,3,DoS,0.0024937003324660687,0.018215010032388432,0.005533962313056571
4,8,9,False,1,BruteForce,4,Mirai,0.5586084704357236,0.09306446538076962,0.5796708218206121
4,8,9,False,1,BruteForce,5,Recon,0.1213906693417952,0.06762551137475262,0.11622772955673638
4,8,9,False,1,BruteForce,6,Spoofing,0.09012113629867387,0.1473460176208846,0.0831422568850313
4,8,9,False,1,BruteForce,7,Web-Based,0.0038662008300226597,0.04459019092416167,0.006601159178982361
4,8,9,False,2,DDoS,0,Benign,0.061085725617776636,0.20084941105521895,0.07378109127923523
4,8,9,False,2,DDoS,1,BruteForce,0.004396420965881771,0.012841655200556327,0.010804158511400564
4,8,9,False,2,DDoS,2,DDoS,0.6104853877630201,0.5811750041118277,0.5145861140339755
4,8,9,False,2,DDoS,3,DoS,0.0036740765222505176,0.022078267457550642,0.007623311259983734
4,8,9,False,2,DDoS,4,Mirai,0.23413610945040386,0.06619267127279874,0.265180145327734
4,8,9,False,2,DDoS,5,Recon,0.04606793551168356,0.05331775282090341,0.06938093456303068
4,8,9,False,2,DDoS,6,Spoofing,0.03644793250368624,0.04537578462849867,0.04814830975089366
4,8,9,False,2,DDoS,7,Web-Based,0.003706411665297373,0.018169453452645555,0.010495935273746787
4,8,9,False,3,DoS,0,Benign,0.04848956349236044,0.11358857932800359,0.06597761485226326
4,8,9,False,3,DoS,1,BruteForce,0.011775788503911916,0.017807263485206122,0.007601240551088666
4,8,9,False,3,DoS,2,DDoS,0.07725890443590505,0.13733925163845762,0.0885159228871596
4,8,9,False,3,DoS,3,DoS,0.2695189448185361,0.5655772044810046,0.010185430516659743
4,8,9,False,3,DoS,4,Mirai,0.31044819167569215,0.055903104552225635,0.6278306998648712
4,8,9,False,3,DoS,5,Recon,0.029061088494091284,0.03887847163019709,0.04921960120497947
4,8,9,False,3,DoS,6,Spoofing,0.24372297456788078,0.05107053752336112,0.1410816114877004
4,8,9,False,3,DoS,7,Web-Based,0.00972454401162229,0.019835587361544213,0.009587878635277698
4,8,9,False,4,Mirai,0,Benign,0.1504047541285097,0.5506156180992189,0.15665054209698429
4,8,9,False,4,Mirai,1,BruteForce,0.0022267660671499248,0.021788918087998464,0.004262151925292362
4,8,9,False,4,Mirai,2,DDoS,0.00551388270411709,0.047942545604530123,0.007815598967478177
4,8,9,False,4,Mirai,3,DoS,0.0024386035749801335,0.019328550821707754,0.004755756169192422
4,8,9,False,4,Mirai,4,Mirai,0.7288778547533871,0.13739290074261945,0.7019238838520995
4,8,9,False,4,Mirai,5,Recon,0.04275417596393436,0.05418631076318499,0.054753709471234764
4,8,9,False,4,Mirai,6,Spoofing,0.06472651796653141,0.1390451569067893,0.06372590334822469
4,8,9,False,4,Mirai,7,Web-Based,0.003057444841390318,0.029699998973951085,0.006112454169493804
4,8,9,False,5,Recon,0,Benign,0.18924627094617663,0.5701026459847316,0.18533707283203812
4,8,9,False,5,Recon,1,BruteForce,0.003301259418519747,0.0275640247863426,0.005850890664782675
4,8,9,False,5,Recon,2,DDoS,0.004004017006568429,0.027897664944122075,0.006644792733948009
4,8,9,False,5,Recon,3,DoS,0.0025437769898974246,0.01906796650545415,0.005533990742806916
4,8,9,False,5,Recon,4,Mirai,0.4740078313006519,0.08052682902227133,0.5104705615668697
4,8,9,False,5,Recon,5,Recon,0.23561952092539773,0.09621758092365754,0.20107210707856
4,8,9,False,5,Recon,6,Spoofing,0.08751409083451306,0.13369979785013023,0.07872758222176585
4,8,9,False,5,Recon,7,Web-Based,0.0037632325782751015,0.044923489983290606,0.0063630021592289395
4,8,9,False,6,Spoofing,0,Benign,0.2130054238849418,0.5530281907362112,0.2129752411877739
4,8,9,False,6,Spoofing,1,BruteForce,0.0030340089524625246,0.021461655155365165,0.005594561604115943
4,8,9,False,6,Spoofing,2,DDoS,0.004265991506080978,0.026535686179311745,0.007003732231253415
4,8,9,False,6,Spoofing,3,DoS,0.0028872323373715426,0.019396810279261816,0.005646586458114659
4,8,9,False,6,Spoofing,4,Mirai,0.4960668420905796,0.07592480154568029,0.5270247029692076
4,8,9,False,6,Spoofing,5,Recon,0.13622404227137438,0.08451829859353915,0.13388392227429521
4,8,9,False,6,Spoofing,6,Spoofing,0.1403869019790277,0.18087025120025496,0.10103837489641995
4,8,9,False,6,Spoofing,7,Web-Based,0.004129556978161495,0.03826430631037567,0.006832878378819363
4,8,9,False,7,Web-Based,0,Benign,0.18737325092659393,0.5757512628813554,0.20573941393174097
4,8,9,False,7,Web-Based,1,BruteForce,0.002481300252221437,0.022118020008432524,0.004988285031987422
4,8,9,False,7,Web-Based,2,DDoS,0.0044015515027647015,0.029588035753110427,0.0078520559200081
4,8,9,False,7,Web-Based,3,DoS,0.002635659654991077,0.01753649507384226,0.0050920035248949455
4,8,9,False,7,Web-Based,4,Mirai,0.6125961184598847,0.09446256007015516,0.5967359652309505
4,8,9,False,7,Web-Based,5,Recon,0.0874811103314244,0.07824527055186115,0.09912271282795135
4,8,9,False,7,Web-Based,6,Spoofing,0.09951456171864699,0.14677908264148776,0.07408300743614007
4,8,9,False,7,Web-Based,7,Web-Based,0.0035164471534726545,0.03551927301975526,0.006386556096326617
4,8,10,True,0,Benign,0,Benign,0.37335331868708826,0.5812135157407318,0.022270045567745377
4,8,10,True,0,Benign,1,BruteForce,0.022931207979421733,0.019535500391291594,0.019048116147505827
4,8,10,True,0,Benign,2,DDoS,0.04197475398536283,0.04511327051084117,0.058264932055389435
4,8,10,True,0,Benign,3,DoS,0.01698113923043744,0.02113868237168974,0.04369451153948292
4,8,10,True,0,Benign,4,Mirai,0.0522513563850524,0.07380933370592493,0.07935026555243353
4,8,10,True,0,Benign,5,Recon,0.07550465611346895,0.07914093355919725,0.13568543610090097
4,8,10,True,0,Benign,6,Spoofing,0.20822295386094092,0.1493417295864574,0.3294301928385613
4,8,10,True,0,Benign,7,Web-Based,0.20878061375822754,0.030707034133866197,0.3122565001979806
4,8,10,True,1,BruteForce,0,Benign,0.31704094993675463,0.5718429195340481,0.021395882591181345
4,8,10,True,1,BruteForce,1,BruteForce,0.030339933227957694,0.02768161480746199,0.01820485343619936
4,8,10,True,1,BruteForce,2,DDoS,0.038820586543010745,0.02963427032553307,0.027800501153444554
4,8,10,True,1,BruteForce,3,DoS,0.01618577051543451,0.018215010032388432,0.030508297120172185
4,8,10,True,1,BruteForce,4,Mirai,0.058915245324329124,0.09306446538076962,0.09075246456452916
4,8,10,True,1,BruteForce,5,Recon,0.07079403337755322,0.06762551137475262,0.1355921528596097
4,8,10,True,1,BruteForce,6,Spoofing,0.2047789256924271,0.1473460176208846,0.2919583863509789
4,8,10,True,1,BruteForce,7,Web-Based,0.26312455538253293,0.04459019092416167,0.38378746192388474
4,8,10,True,2,DDoS,0,Benign,0.39592119593985625,0.20084941105521895,0.02146354989899178
4,8,10,True,2,DDoS,1,BruteForce,0.013657711059631414,0.012841655200556327,0.021106456308982644
4,8,10,True,2,DDoS,2,DDoS,0.2877421677653909,0.5811750041118277,0.6022786062618589
4,8,10,True,2,DDoS,3,DoS,0.016039783016193007,0.022078267457550642,0.024344013283275748
4,8,10,True,2,DDoS,4,Mirai,0.04854767476924818,0.06619267127279874,0.040499910327815074
4,8,10,True,2,DDoS,5,Recon,0.049243604244654515,0.05331775282090341,0.05963832227706456
4,8,10,True,2,DDoS,6,Spoofing,0.0899844588282034,0.04537578462849867,0.10744966039347457
4,8,10,True,2,DDoS,7,Web-Based,0.09886340437682227,0.018169453452645555,0.12321948124853671
4,8,10,True,3,DoS,0,Benign,0.4462111080416731,0.11358857932800359,0.016524256399403355
4,8,10,True,3,DoS,1,BruteForce,0.0167098958933849,0.017807263485206122,0.024251685421476613
4,8,10,True,3,DoS,2,DDoS,0.08913706699153057,0.13733925163845762,0.1921524231437968
4,8,10,True,3,DoS,3,DoS,0.16428953884047284,0.5655772044810046,0.3432196650431296
4,8,10,True,3,DoS,4,Mirai,0.037079031690162856,0.055903104552225635,0.04899223425140833
4,8,10,True,3,DoS,5,Recon,0.05334508884445905,0.03887847163019709,0.06773421950960029
4,8,10,True,3,DoS,6,Spoofing,0.09217922767433091,0.05107053752336112,0.18115959177665295
4,8,10,True,3,DoS,7,Web-Based,0.10104904202398592,0.019835587361544213,0.12596592445453203
4,8,10,True,4,Mirai,0,Benign,0.358193412890133,0.5506156180992189,0.020906360869143853
4,8,10,True,4,Mirai,1,BruteForce,0.025461306605302835,0.021788918087998464,0.018484991654150906
4,8,10,True,4,Mirai,2,DDoS,0.04453513668837806,0.047942545604530123,0.04526853483889094
4,8,10,True,4,Mirai,3,DoS,0.01618262439891779,0.019328550821707754,0.04057060523043271
4,8,10,True,4,Mirai,4,Mirai,0.06268953998420296,0.13739290074261945,0.0930199027442174
4,8,10,True,4,Mirai,5,Recon,0.06237934350651808,0.05418631076318499,0.1230947051897784
4,8,10,True,4,Mirai,6,Spoofing,0.21664677725089865,0.1390451569067893,0.32823821797470715
4,8,10,True,4,Mirai,7,Web-Based,0.21391185867564863,0.029699998973951085,0.33041668149867864
4,8,10,True,5,Recon,0,Benign,0.3120126686542367,0.5701026459847316,0.021000630285856473
4,8,10,True,5,Recon,1,BruteForce,0.030078435632155932,0.0275640247863426,0.01812983451842123
4,8,10,True,5,Recon,2,DDoS,0.037489387010326045,0.027897664944122075,0.027754586994734036
4,8,10,True,5,Recon,3,DoS,0.01677319463110615,0.01906796650545415,0.031053758674665574
4,8,10,True,5,Recon,4,Mirai,0.0559398819716975,0.08052682902227133,0.08863199214013308
4,8,10,True,5,Recon,5,Recon,0.08164943394795897,0.09621758092365754,0.1505426834996439
4,8,10,True,5,Recon,6,Spoofing,0.19365897489511086,0.13369979785013023,0.2842386896914777
4,8,10,True,5,Recon,7,Web-Based,0.2723980232574079,0.044923489983290606,0.37864782419506804
4,8,10,True,6,Spoofing,0,Benign,0.3425466234270069,0.5530281907362112,0.0219464716626074
4,8,10,True,6,Spoofing,1,BruteForce,0.024723072237560706,0.021461655155365165,0.017590292229546802
4,8,10,True,6,Spoofing,2,DDoS,0.03620619743416461,0.026535686179311745,0.02732242244704799
4,8,10,True,6,Spoofing,3,DoS,0.015723279882046973,0.019396810279261816,0.03497819372947385
4,8,10,True,6,Spoofing,4,Mirai,0.053734791832309746,0.07592480154568029,0.08108459950483436
4,8,10,True,6,Spoofing,5,Recon,0.0771186069411164,0.08451829859353915,0.13512999372248
4,8,10,True,6,Spoofing,6,Spoofing,0.22163261354354413,0.18087025120025496,0.34700179629198724
4,8,10,True,6,Spoofing,7,Web-Based,0.22831481470225054,0.03826430631037567,0.33494623041202237
4,8,10,True,7,Web-Based,0,Benign,0.3317621807559519,0.5757512628813554,0.02233567399325899
4,8,10,True,7,Web-Based,1,BruteForce,0.02672501128015674,0.022118020008432524,0.017738799278910797
4,8,10,True,7,Web-Based,2,DDoS,0.03805390850107376,0.029588035753110427,0.02980222971691401
4,8,10,True,7,Web-Based,3,DoS,0.015664443409133505,0.01753649507384226,0.031205773506683104
4,8,10,True,7,Web-Based,4,Mirai,0.05904444182536902,0.09446256007015516,0.08933694551850077
4,8,10,True,7,Web-Based,5,Recon,0.07373556737200192,0.07824527055186115,0.13496437980333795
4,8,10,True,7,Web-Based,6,Spoofing,0.20810717958608543,0.14677908264148776,0.30979530381561704
4,8,10,True,7,Web-Based,7,Web-Based,0.24690726727022763,0.03551927301975526,0.3648208943667773
4,8,11,False,0,Benign,0,Benign,0.5266164459206829,0.5812135157407318,0.5054759344795156
4,8,11,False,0,Benign,1,BruteForce,0.004740662760360985,0.019535500391291594,0.007462605127298825
4,8,11,False,0,Benign,2,DDoS,0.004975051299137634,0.04511327051084117,0.010640381605379423
4,8,11,False,0,Benign,3,DoS,0.007760460536920191,0.02113868237168974,0.014780983180301552
4,8,11,False,0,Benign,4,Mirai,0.07981937561090133,0.07380933370592493,0.08417180931879836
4,8,11,False,0,Benign,5,Recon,0.13325471085601492,0.07914093355919725,0.1373969726142291
4,8,11,False,0,Benign,6,Spoofing,0.23795027619371695,0.1493417295864574,0.23190462746669555
4,8,11,False,0,Benign,7,Web-Based,0.004883016822265095,0.030707034133866197,0.008166686207781701
4,8,11,False,1,BruteForce,0,Benign,0.4547204435982822,0.5718429195340481,0.5106147524192624
4,8,11,False,1,BruteForce,1,BruteForce,0.005569414829634897,0.02768161480746199,0.007222023432318588
4,8,11,False,1,BruteForce,2,DDoS,0.004574800713641464,0.02963427032553307,0.009715753075438184
4,8,11,False,1,BruteForce,3,DoS,0.003628353460616946,0.018215010032388432,0.00845695820506947
4,8,11,False,1,BruteForce,4,Mirai,0.10496819866933381,0.09306446538076962,0.08771126418285896
4,8,11,False,1,BruteForce,5,Recon,0.14210780945064574,0.06762551137475262,0.13823024944282974
4,8,11,False,1,BruteForce,6,Spoofing,0.2789104041845855,0.1473460176208846,0.23020952939325387
4,8,11,False,1,BruteForce,7,Web-Based,0.005520575093259314,0.04459019092416167,0.00783946984896885
4,8,11,False,2,DDoS,0,Benign,0.16913133843992278,0.20084941105521895,0.391693033549768
4,8,11,False,2,DDoS,1,BruteForce,0.006998278224932847,0.012841655200556327,0.012270970192291
4,8,11,False,2,DDoS,2,DDoS,0.4541768942914446,0.5811750041118277,0.14293445703506732
4,8,11,False,2,DDoS,3,DoS,0.014650592587991134,0.022078267457550642,0.0346928188460991
4,8,11,False,2,DDoS,4,Mirai,0.17299485256868008,0.06619267127279874,0.08264899631452405
4,8,11,False,2,DDoS,5,Recon,0.061211381240554745,0.05331775282090341,0.10654715777236783
4,8,11,False,2,DDoS,6,Spoofing,0.11410015022582361,0.04537578462849867,0.2163560792426348
4,8,11,False,2,DDoS,7,Web-Based,0.00673651242065031,0.018169453452645555,0.012856487047247967
4,8,11,False,3,DoS,0,Benign,0.05546623427376089,0.11358857932800359,0.10309353673587984
4,8,11,False,3,DoS,1,BruteForce,0.007198351668658579,0.017807263485206122,0.016412016849813423
4,8,11,False,3,DoS,2,DDoS,0.01188041899952869,0.13733925163845762,0.01715386702274042
4,8,11,False,3,DoS,3,DoS,0.6313051532055942,0.5655772044810046,0.4905930896630506
4,8,11,False,3,DoS,4,Mirai,0.05990258436481547,0.055903104552225635,0.06735126521196996
4,8,11,False,3,DoS,5,Recon,0.023073634994285996,0.03887847163019709,0.03254476557324266
4,8,11,False,3,DoS,6,Spoofing,0.2063164415597745,0.05107053752336112,0.2576296574068613
4,8,11,False,3,DoS,7,Web-Based,0.004857180933581739,0.019835587361544213,0.015221801536441816
4,8,11,False,4,Mirai,0,Benign,0.4284023951833545,0.5506156180992189,0.4930178028074896
4,8,11,False,4,Mirai,1,BruteForce,0.005034850190649368,0.021788918087998464,0.007418595071505128
4,8,11,False,4,Mirai,2,DDoS,0.0058147374678030285,0.047942545604530123,0.010673475310734544
4,8,11,False,4,Mirai,3,DoS,0.008156433210489053,0.019328550821707754,0.017015575176746667
4,8,11,False,4,Mirai,4,Mirai,0.2127392036049062,0.13739290074261945,0.12286600958710883
4,8,11,False,4,Mirai,5,Recon,0.0759860409679245,0.05418631076318499,0.08906886765228121
4,8,11,False,4,Mirai,6,Spoofing,0.258687546037487,0.1390451569067893,0.2510653933064498
4,8,11,False,4,Mirai,7,Web-Based,0.005178793337386412,0.029699998973951085,0.008874281087684113
4,8,11,False,5,Recon,0,Benign,0.43282661964790053,0.5701026459847316,0.4927068831424751
4,8,11,False,5,Recon,1,BruteForce,0.00524013646405882,0.0275640247863426,0.00742554195106978
4,8,11,False,5,Recon,2,DDoS,0.004066162781608837,0.027897664944122075,0.009624595886530429
4,8,11,False,5,Recon,3,DoS,0.003634912772648246,0.01906796650545415,0.008328389430311143
4,8,11,False,5,Recon,4,Mirai,0.07617874183316536,0.08052682902227133,0.08341663457695307
4,8,11,False,5,Recon,5,Recon,0.2282221877233835,0.09621758092365754,0.18752957396487546
4,8,11,False,5,Recon,6,Spoofing,0.24434662174753288,0.13369979785013023,0.20326917878805226
4,8,11,False,5,Recon,7,Web-Based,0.0054846170297017036,0.044923489983290606,0.0076992022597328095
4,8,11,False,6,Spoofing,0,Benign,0.4479675086456789,0.5530281907362112,0.48286301836284756
4,8,11,False,6,Spoofing,1,BruteForce,0.0048002061923449494,0.021461655155365165,0.007235802502337834
4,8,11,False,6,Spoofing,2,DDoS,0.004568242525375936,0.026535686179311745,0.009895507549570342
4,8,11,False,6,Spoofing,3,DoS,0.003879553072759093,0.019396810279261816,0.009983399578093499
4,8,11,False,6,Spoofing,4,Mirai,0.08230688239339103,0.07592480154568029,0.0785594528290734
4,8,11,False,6,Spoofing,5,Recon,0.1403526702403508,0.08451829859353915,0.12942968868645746
4,8,11,False,6,Spoofing,6,Spoofing,0.31076287432360966,0.18087025120025496,0.2740407670468335
4,8,11,False,6,Spoofing,7,Web-Based,0.005362062606489673,0.03826430631037567,0.007992363444786446
4,8,11,False,7,Web-Based,0,Benign,0.48852200443956634,0.5757512628813554,0.5289669156973816
4,8,11,False,7,Web-Based,1,BruteForce,0.004698172288523865,0.022118020008432524,0.006997340482420253
4,8,11,False,7,Web-Based,2,DDoS,0.00477885433372122,0.029588035753110427,0.009770151186618404
4,8,11,False,7,Web-Based,3,DoS,0.004089184692140526,0.01753649507384226,0.009807038889836544
4,8,11,False,7,Web-Based,4,Mirai,0.12264073358967705,0.09446256007015516,0.09178229978131258
4,8,11,False,7,Web-Based,5,Recon,0.10839054226115767,0.07824527055186115,0.12418983171646154
4,8,11,False,7,Web-Based,6,Spoofing,0.2615733103383454,0.14677908264148776,0.2204966630762761
4,8,11,False,7,Web-Based,7,Web-Based,0.005307198056868038,0.03551927301975526,0.007989759169692986
4,8,12,False,0,Benign,0,Benign,0.022828244858077176,0.5812135157407318,0.026462665550044947
4,8,12,False,0,Benign,1,BruteForce,0.008518603173307077,0.019535500391291594,0.012055694095309408
4,8,12,False,0,Benign,2,DDoS,0.009729212202628772,0.04511327051084117,0.014718325348589106
4,8,12,False,0,Benign,3,DoS,0.052625626060144544,0.02113868237168974,0.09649944847369452
4,8,12,False,0,Benign,4,Mirai,0.5557782036691574,0.07380933370592493,0.497085396462591
4,8,12,False,0,Benign,5,Recon,0.12443953786464641,0.07914093355919725,0.12355267580960916
4,8,12,False,0,Benign,6,Spoofing,0.1630832828248972,0.1493417295864574,0.18046671219629276
4,8,12,False,0,Benign,7,Web-Based,0.06299728934714148,0.030707034133866197,0.04915908206386924
4,8,12,False,1,BruteForce,0,Benign,0.022672242929693893,0.5718429195340481,0.025107642284793254
4,8,12,False,1,BruteForce,1,BruteForce,0.011085254918407105,0.02768161480746199,0.01200549613060556
4,8,12,False,1,BruteForce,2,DDoS,0.009040021922903927,0.02963427032553307,0.013128686943424587
4,8,12,False,1,BruteForce,3,DoS,0.015652075337455114,0.018215010032388432,0.029005819762036804
4,8,12,False,1,BruteForce,4,Mirai,0.6011130718007525,0.09306446538076962,0.5528058772746978
4,8,12,False,1,BruteForce,5,Recon,0.10409625577198965,0.06762551137475262,0.13472743978366244
4,8,12,False,1,BruteForce,6,Spoofing,0.15472394783270949,0.1473460176208846,0.17409356481768265
4,8,12,False,1,BruteForce,7,Web-Based,0.08161712948608832,0.04459019092416167,0.059125473003096875
4,8,12,False,2,DDoS,0,Benign,0.012362506340819965,0.20084941105521895,0.030003869943939145
4,8,12,False,2,DDoS,1,BruteForce,0.00902257860549981,0.012841655200556327,0.017771132103718997
4,8,12,False,2,DDoS,2,DDoS,0.49678936717331545,0.5811750041118277,0.3171184497345759
4,8,12,False,2,DDoS,3,DoS,0.08360946613717968,0.022078267457550642,0.10086297956612204
4,8,12,False,2,DDoS,4,Mirai,0.2577913857236454,0.06619267127279874,0.3132603556709456
4,8,12,False,2,DDoS,5,Recon,0.06301012182141212,0.05331775282090341,0.09257944457817051
4,8,12,False,2,DDoS,6,Spoofing,0.04398902460661638,0.04537578462849867,0.08977983377810282
4,8,12,False,2,DDoS,7,Web-Based,0.033425549591511214,0.018169453452645555,0.03862393462442499
4,8,12,False,3,DoS,0,Benign,0.005059434367841439,0.11358857932800359,0.010999057746118568
4,8,12,False,3,DoS,1,BruteForce,0.006554335637755435,0.017807263485206122,0.0175514269892811
4,8,12,False,3,DoS,2,DDoS,0.011101964659608426,0.13733925163845762,0.020152437677119866
4,8,12,False,3,DoS,3,DoS,0.8316906191461498,0.5655772044810046,0.7022069929548109
4,8,12,False,3,DoS,4,Mirai,0.07240020689108533,0.055903104552225635,0.11680458200945516
4,8,12,False,3,DoS,5,Recon,0.026328442957338643,0.03887847163019709,0.03703591624944796
4,8,12,False,3,DoS,6,Spoofing,0.032589004532047675,0.05107053752336112,0.07279207348035582
4,8,12,False,3,DoS,7,Web-Based,0.01427599180817334,0.019835587361544213,0.022457512893410584
4,8,12,False,4,Mirai,0,Benign,0.01922213619389866,0.5506156180992189,0.02594305074139693
4,8,12,False,4,Mirai,1,BruteForce,0.007157832396893497,0.021788918087998464,0.010684721840303734
4,8,12,False,4,Mirai,2,DDoS,0.009606712854423919,0.047942545604530123,0.015048815664166753
4,8,12,False,4,Mirai,3,DoS,0.022012554860953493,0.019328550821707754,0.0529732702800002
4,8,12,False,4,Mirai,4,Mirai,0.710197718158351,0.13739290074261945,0.6064310047794048
4,8,12,False,4,Mirai,5,Recon,0.07479055198835875,0.05418631076318499,0.095220632058516
4,8,12,False,4,Mirai,6,Spoofing,0.10969956365974132,0.1390451569067893,0.14817769204580464
4,8,12,False,4,Mirai,7,Web-Based,0.04731292988737944,0.029699998973951085,0.045520812590406794
4,8,12,False,5,Recon,0,Benign,0.021582463111688457,0.5701026459847316,0.023632525474858623
4,8,12,False,5,Recon,1,BruteForce,0.011071965106058441,0.0275640247863426,0.012284384474508312
4,8,12,False,5,Recon,2,DDoS,0.009091697582448863,0.027897664944122075,0.01318532466708884
4,8,12,False,5,Recon,3,DoS,0.019015062429581186,0.01906796650545415,0.0314168214343716
4,8,12,False,5,Recon,4,Mirai,0.5537947933198685,0.08052682902227133,0.5370038599406017
4,8,12,False,5,Recon,5,Recon,0.1501810033400477,0.09621758092365754,0.16281062096259766
4,8,12,False,5,Recon,6,Spoofing,0.14675971282935144,0.13369979785013023,0.1625838537369057
4,8,12,False,5,Recon,7,Web-Based,0.08850330228095543,0.044923489983290606,0.05708260930906753
4,8,12,False,6,Spoofing,0,Benign,0.023311928270170108,0.5530281907362112,0.026469107199742777
4,8,12,False,6,Spoofing,1,BruteForce,0.009319396644248816,0.021461655155365165,0.011622460802595755
4,8,12,False,6,Spoofing,2,DDoS,0.008589011119893079,0.026535686179311745,0.013628173719736776
4,8,12,False,6,Spoofing,3,DoS,0.0278286671709456,0.019396810279261816,0.05960305714089781
4,8,12,False,6,Spoofing,4,Mirai,0.5268471668227493,0.07592480154568029,0.49415070750533713
4,8,12,False,6,Spoofing,5,Recon,0.13062249029866424,0.08451829859353915,0.1245803767133329
4,8,12,False,6,Spoofing,6,Spoofing,0.19839069759845132,0.18087025120025496,0.2142325937076371
4,8,12,False,6,Spoofing,7,Web-Based,0.07509064207487746,0.03826430631037567,0.05571352321071982
4,8,12,False,7,Web-Based,0,Benign,0.021869031713669163,0.5757512628813554,0.02641490311951378
4,8,12,False,7,Web-Based,1,BruteForce,0.008557256913317934,0.022118020008432524,0.011202996129719044
4,8,12,False,7,Web-Based,2,DDoS,0.008861842305494513,0.029588035753110427,0.013888644164304482
4,8,12,False,7,Web-Based,3,DoS,0.021514301776777163,0.01753649507384226,0.03456977866360679
4,8,12,False,7,Web-Based,4,Mirai,0.6105612248569589,0.09446256007015516,0.5575893799557168
4,8,12,False,7,Web-Based,5,Recon,0.11631420717959774,0.07824527055186115,0.13010916216150645
4,8,12,False,7,Web-Based,6,Spoofing,0.1419624788101822,0.14677908264148776,0.1695661573199577
4,8,12,False,7,Web-Based,7,Web-Based,0.07035965644400244,0.03551927301975526,0.056658978485675054
4,8,13,False,0,Benign,0,Benign,0.06369441955922697,0.5812135157407318,0.06055386004083888
4,8,13,False,0,Benign,1,BruteForce,0.09678959255735867,0.019535500391291594,0.09363316921225759
4,8,13,False,0,Benign,2,DDoS,0.05640628453542338,0.04511327051084117,0.06796401271045555
4,8,13,False,0,Benign,3,DoS,0.008838110404041942,0.02113868237168974,0.01536906606727667
4,8,13,False,0,Benign,4,Mirai,0.05524549281239256,0.07380933370592493,0.05432285348042039
4,8,13,False,0,Benign,5,Recon,0.38122244656415766,0.07914093355919725,0.39795739412411263
4,8,13,False,0,Benign,6,Spoofing,0.1270902336282704,0.1493417295864574,0.1273448450201094
4,8,13,False,0,Benign,7,Web-Based,0.21071341993912845,0.030707034133866197,0.18285479934452892
4,8,13,False,1,BruteForce,0,Benign,0.06998046028000576,0.5718429195340481,0.06219007911701284
4,8,13,False,1,BruteForce,1,BruteForce,0.1446292937196843,0.02768161480746199,0.11360017528602807
4,8,13,False,1,BruteForce,2,DDoS,0.028263352944382595,0.02963427032553307,0.024879683051240126
4,8,13,False,1,BruteForce,3,DoS,0.010095479038024005,0.018215010032388432,0.01628907518567972
4,8,13,False,1,BruteForce,4,Mirai,0.0647514177833533,0.09306446538076962,0.05909321433342645
4,8,13,False,1,BruteForce,5,Recon,0.3093846065008755,0.06762551137475262,0.39380068182300615
4,8,13,False,1,BruteForce,6,Spoofing,0.10778108606359141,0.1473460176208846,0.1127826349398934
4,8,13,False,1,BruteForce,7,Web-Based,0.26511430367008326,0.04459019092416167,0.21736445626371323
4,8,13,False,2,DDoS,0,Benign,0.021943456492364562,0.20084941105521895,0.029645218230663097
4,8,13,False,2,DDoS,1,BruteForce,0.038348231874673636,0.012841655200556327,0.044390003608591314
4,8,13,False,2,DDoS,2,DDoS,0.6803108046424876,0.5811750041118277,0.6352909363725004
4,8,13,False,2,DDoS,3,DoS,0.004889046964363113,0.022078267457550642,0.010503117844130891
4,8,13,False,2,DDoS,4,Mirai,0.030224982525762747,0.06619267127279874,0.02860493938647318
4,8,13,False,2,DDoS,5,Recon,0.12576620103631334,0.05331775282090341,0.13708271084685927
4,8,13,False,2,DDoS,6,Spoofing,0.03410715957936428,0.04537578462849867,0.05030055513476766
4,8,13,False,2,DDoS,7,Web-Based,0.06441011688467077,0.018169453452645555,0.06418251857601417
4,8,13,False,3,DoS,0,Benign,0.0158865105596286,0.11358857932800359,0.03233971978002759
4,8,13,False,3,DoS,1,BruteForce,0.055547541473253775,0.017807263485206122,0.05300713177743538
4,8,13,False,3,DoS,2,DDoS,0.29791627139464083,0.13733925163845762,0.2691257299968779
4,8,13,False,3,DoS,3,DoS,0.3307018130443339,0.5655772044810046,0.05076355300514008
4,8,13,False,3,DoS,4,Mirai,0.059627126780481536,0.055903104552225635,0.061014517512999064
4,8,13,False,3,DoS,5,Recon,0.07748377378082576,0.03887847163019709,0.29218726986237215
4,8,13,False,3,DoS,6,Spoofing,0.09764830397515611,0.05107053752336112,0.11358387417877497
4,8,13,False,3,DoS,7,Web-Based,0.06518865899167962,0.019835587361544213,0.12797820388637293
4,8,13,False,4,Mirai,0,Benign,0.06813300554417699,0.5506156180992189,0.06505704215425251
4,8,13,False,4,Mirai,1,BruteForce,0.13837414406166618,0.021788918087998464,0.10857552825100836
4,8,13,False,4,Mirai,2,DDoS,0.07203980202879866,0.047942545604530123,0.054829259904598894
4,8,13,False,4,Mirai,3,DoS,0.010032530128586618,0.019328550821707754,0.01631967809243778
4,8,13,False,4,Mirai,4,Mirai,0.10995387093891501,0.13739290074261945,0.06634550226409335
4,8,13,False,4,Mirai,5,Recon,0.262801486008001,0.05418631076318499,0.36094686593090997
4,8,13,False,4,Mirai,6,Spoofing,0.11784775535392482,0.1390451569067893,0.12982506029211566
4,8,13,False,4,Mirai,7,Web-Based,0.22081740593593083,0.029699998973951085,0.19810106311058343
4,8,13,False,5,Recon,0,Benign,0.06309581827937281,0.5701026459847316,0.058890944199925195
4,8,13,False,5,Recon,1,BruteForce,0.12352154291817678,0.0275640247863426,0.10996258594731881
4,8,13,False,5,Recon,2,DDoS,0.02483231059229377,0.027897664944122075,0.024575459907588162
4,8,13,False,5,Recon,3,DoS,0.009429143415495651,0.01906796650545415,0.016073495926865418
4,8,13,False,5,Recon,4,Mirai,0.05708472487473181,0.08052682902227133,0.05682780049595466
4,8,13,False,5,Recon,5,Recon,0.37852980624749744,0.09621758092365754,0.4166202590929207
4,8,13,False,5,Recon,6,Spoofing,0.09652305586821854,0.13369979785013023,0.10761596507282863
4,8,13,False,5,Recon,7,Web-Based,0.24698359780421328,0.044923489983290606,0.20943348935659842
4,8,13,False,6,Spoofing,0,Benign,0.06167310284465268,0.5530281907362112,0.05824697724820248
4,8,13,False,6,Spoofing,1,BruteForce,0.10120516632544041,0.021461655155365165,0.09347761890614228
4,8,13,False,6,Spoofing,2,DDoS,0.022687102053573886,0.026535686179311745,0.023553621414356338
4,8,13,False,6,Spoofing,3,DoS,0.009079179187604758,0.019396810279261816,0.015169114494199247
4,8,13,False,6,Spoofing,4,Mirai,0.05648922314170068,0.07592480154568029,0.05348185281645945
4,8,13,False,6,Spoofing,5,Recon,0.391793998969212,0.08451829859353915,0.4310847366068133
4,8,13,False,6,Spoofing,6,Spoofing,0.12860242243214068,0.18087025120025496,0.12784485484416347
4,8,13,False,6,Spoofing,7,Web-Based,0.2284698050456749,0.03826430631037567,0.19714122366966352
4,8,13,False,7,Web-Based,0,Benign,0.06877767544040803,0.5757512628813554,0.06390660193207431
4,8,13,False,7,Web-Based,1,BruteForce,0.11564232174125649,0.022118020008432524,0.10607394555793523
4,8,13,False,7,Web-Based,2,DDoS,0.02819488136237872,0.029588035753110427,0.030251013981192044
4,8,13,False,7,Web-Based,3,DoS,0.009277622634199718,0.01753649507384226,0.015764724610940636
4,8,13,False,7,Web-Based,4,Mirai,0.07092521214284832,0.09446256007015516,0.05832549336769389
4,8,13,False,7,Web-Based,5,Recon,0.3448516316523824,0.07824527055186115,0.40326458703784607
4,8,13,False,7,Web-Based,6,Spoofing,0.117361130682116,0.14677908264148776,0.11685334765521006
4,8,13,False,7,Web-Based,7,Web-Based,0.2449695243444103,0.03551927301975526,0.20556028585710787
4,8,14,True,0,Benign,0,Benign,0.611844856493349,0.5812135157407318,0.1480594796370353
4,8,14,True,0,Benign,1,BruteForce,0.05560709588141056,0.019535500391291594,0.09103057403818236
4,8,14,True,0,Benign,2,DDoS,0.09356703820446341,0.04511327051084117,0.13501037934870694
4,8,14,True,0,Benign,3,DoS,0.02565419149131045,0.02113868237168974,0.08956857574426136
4,8,14,True,0,Benign,4,Mirai,0.05818326194392996,0.07380933370592493,0.15442565169066882
4,8,14,True,0,Benign,5,Recon,0.05794812981446307,0.07914093355919725,0.16030056009055077
4,8,14,True,0,Benign,6,Spoofing,0.027556508274942396,0.1493417295864574,0.031531698583245976
4,8,14,True,0,Benign,7,Web-Based,0.0696389178961312,0.030707034133866197,0.19007308086734842
4,8,14,True,1,BruteForce,0,Benign,0.5407566723250716,0.5718429195340481,0.15016749450818784
4,8,14,True,1,BruteForce,1,BruteForce,0.08108799520520504,0.02768161480746199,0.11283321346819068
4,8,14,True,1,BruteForce,2,DDoS,0.10216373702726654,0.02963427032553307,0.09277722713760264
4,8,14,True,1,BruteForce,3,DoS,0.020141687337652935,0.018215010032388432,0.04227046551479721
4,8,14,True,1,BruteForce,4,Mirai,0.07138285958212526,0.09306446538076962,0.1726806064477769
4,8,14,True,1,BruteForce,5,Recon,0.05844355804944849,0.06762551137475262,0.15484809839740113
4,8,14,True,1,BruteForce,6,Spoofing,0.030403537794837347,0.1473460176208846,0.03177492365119014
4,8,14,True,1,BruteForce,7,Web-Based,0.09561995267839278,0.04459019092416167,0.24264797087485346
4,8,14,True,2,DDoS,0,Benign,0.4794358654253703,0.20084941105521895,0.05504383470168419
4,8,14,True,2,DDoS,1,BruteForce,0.025369207774753336,0.012841655200556327,0.04343006115053119
4,8,14,True,2,DDoS,2,DDoS,0.3236412314859854,0.5811750041118277,0.6399708418223041
4,8,14,True,2,DDoS,3,DoS,0.02086600298584881,0.022078267457550642,0.049627131916077385
4,8,14,True,2,DDoS,4,Mirai,0.05276849966816976,0.06619267127279874,0.06286634217661555
4,8,14,True,2,DDoS,5,Recon,0.03986427884809608,0.05331775282090341,0.059088950315579924
4,8,14,True,2,DDoS,6,Spoofing,0.02292403803090243,0.04537578462849867,0.016241914274441712
4,8,14,True,2,DDoS,7,Web-Based,0.03513087578087399,0.018169453452645555,0.07373092364276607
4,8,14,True,3,DoS,0,Benign,0.5054509640094286,0.11358857932800359,0.036745108652393624
4,8,14,True,3,DoS,1,BruteForce,0.023599405109866328,0.017807263485206122,0.04923689543867314
4,8,14,True,3,DoS,2,DDoS,0.1523701313253644,0.13733925163845762,0.2189361691991132
4,8,14,True,3,DoS,3,DoS,0.18657685243229785,0.5655772044810046,0.4824966946835219
4,8,14,True,3,DoS,4,Mirai,0.03672108818238332,0.055903104552225635,0.06901901062078761
4,8,14,True,3,DoS,5,Recon,0.041654977764180715,0.03887847163019709,0.05468298899091042
4,8,14,True,3,DoS,6,Spoofing,0.021391591709760682,0.05107053752336112,0.018572282182331694
4,8,14,True,3,DoS,7,Web-Based,0.0322349894667182,0.019835587361544213,0.07031085023226843
4,8,14,True,4,Mirai,0,Benign,0.5769530463368789,0.5506156180992189,0.14558260732719783
4,8,14,True,4,Mirai,1,BruteForce,0.064003423448064,0.021788918087998464,0.10089984082769843
4,8,14,True,4,Mirai,2,DDoS,0.11450954224391206,0.047942545604530123,0.132365923533683
4,8,14,True,4,Mirai,3,DoS,0.021237694767897917,0.019328550821707754,0.07981239993660168
4,8,14,True,4,Mirai,4,Mirai,0.0807871605951761,0.13739290074261945,0.1897777612426273
4,8,14,True,4,Mirai,5,Recon,0.04549051684839314,0.05418631076318499,0.12823493531298275
4,8,14,True,4,Mirai,6,Spoofing,0.02713398479280398,0.1390451569067893,0.03008714133987326
4,8,14,True,4,Mirai,7,Web-Based,0.06988463096687385,0.029699998973951085,0.1932393904793358
4,8,14,True,5,Recon,0,Benign,0.5357174732223964,0.5701026459847316,0.14467575747633607
4,8,14,True,5,Recon,1,BruteForce,0.08148317834540814,0.0275640247863426,0.1141463146584827
4,8,14,True,5,Recon,2,DDoS,0.10114316594443476,0.027897664944122075,0.09065836586990135
4,8,14,True,5,Recon,3,DoS,0.02134929204171499,0.01906796650545415,0.0434782976751668
4,8,14,True,5,Recon,4,Mirai,0.06522284129586338,0.08052682902227133,0.16795692760821904
4,8,14,True,5,Recon,5,Recon,0.06637856546485352,0.09621758092365754,0.16936905507596675
4,8,14,True,5,Recon,6,Spoofing,0.029303046582170953,0.13369979785013023,0.03200187725743563
4,8,14,True,5,Recon,7,Web-Based,0.09940243710315795,0.044923489983290606,0.2377134043784918
4,8,14,True,6,Spoofing,0,Benign,0.5988861564896287,0.5530281907362112,0.15515672168342898
4,8,14,True,6,Spoofing,1,BruteForce,0.061991874527502266,0.021461655155365165,0.09402456146783492
4,8,14,True,6,Spoofing,2,DDoS,0.08655263809433773,0.026535686179311745,0.08721759719181094
4,8,14,True,6,Spoofing,3,DoS,0.021556759136382497,0.019396810279261816,0.07751984771762219
4,8,14,True,6,Spoofing,4,Mirai,0.05964306115106834,0.07592480154568029,0.15508192804945162
4,8,14,True,6,Spoofing,5,Recon,0.06282163111326168,0.08451829859353915,0.17753370357063722
4,8,14,True,6,Spoofing,6,Spoofing,0.02892510917695468,0.18087025120025496,0.03393015712444098
4,8,14,True,6,Spoofing,7,Web-Based,0.07962277031086411,0.03826430631037567,0.21953548319477323
4,8,14,True,7,Web-Based,0,Benign,0.5747449436707559,0.5757512628813554,0.16189355912712247
4,8,14,True,7,Web-Based,1,BruteForce,0.06897457706076776,0.022118020008432524,0.10210076203622208
4,8,14,True,7,Web-Based,2,DDoS,0.09621897528050954,0.029588035753110427,0.10510760822241653
4,8,14,True,7,Web-Based,3,DoS,0.019550990773636787,0.01753649507384226,0.046255614517100856
4,8,14,True,7,Web-Based,4,Mirai,0.07076268552631912,0.09446256007015516,0.17585135880458092
4,8,14,True,7,Web-Based,5,Recon,0.05803305115033507,0.07824527055186115,0.15516483640281217
4,8,14,True,7,Web-Based,6,Spoofing,0.028418440429258295,0.14677908264148776,0.032388845509535816
4,8,14,True,7,Web-Based,7,Web-Based,0.08329633610841759,0.03551927301975526,0.22123741538020916
4,8,15,True,0,Benign,0,Benign,0.7572076604214292,0.5812135157407318,0.049839407048369984
4,8,15,True,0,Benign,1,BruteForce,0.015556766847761734,0.019535500391291594,0.031952746373506424
4,8,15,True,0,Benign,2,DDoS,0.04271829707454362,0.04511327051084117,0.5022519274526185
4,8,15,True,0,Benign,3,DoS,0.01941649230338528,0.02113868237168974,0.2867873313995385
4,8,15,True,0,Benign,4,Mirai,0.0525342922267454,0.07380933370592493,0.03710599221636177
4,8,15,True,0,Benign,5,Recon,0.04586141528620876,0.07914093355919725,0.023070707372011598
4,8,15,True,0,Benign,6,Spoofing,0.04681199214299457,0.1493417295864574,0.03884810561062139
4,8,15,True,0,Benign,7,Web-Based,0.019893083696931376,0.030707034133866197,0.03014378252697195
4,8,15,True,1,BruteForce,0,Benign,0.7330302408938173,0.5718429195340481,0.05207551206555742
4,8,15,True,1,BruteForce,1,BruteForce,0.02206586189878847,0.02768161480746199,0.033464480183938446
4,8,15,True,1,BruteForce,2,DDoS,0.052968454199437166,0.02963427032553307,0.5329504797880963
4,8,15,True,1,BruteForce,3,DoS,0.015613142244880439,0.018215010032388432,0.2504226473607079
4,8,15,True,1,BruteForce,4,Mirai,0.06605436725251289,0.09306446538076962,0.03849186840165198
4,8,15,True,1,BruteForce,5,Recon,0.033776546906421206,0.06762551137475262,0.02265328635101351
4,8,15,True,1,BruteForce,6,Spoofing,0.05172858943038588,0.1473460176208846,0.03799244616487405
4,8,15,True,1,BruteForce,7,Web-Based,0.02476279717375676,0.04459019092416167,0.0319492796841605
4,8,15,True,2,DDoS,0,Benign,0.5379508807688456,0.20084941105521895,0.037558931196428384
4,8,15,True,2,DDoS,1,BruteForce,0.010795617924802332,0.012841655200556327,0.02688383215724133
4,8,15,True,2,DDoS,2,DDoS,0.2852571234811052,0.5811750041118277,0.7419043758520436
4,8,15,True,2,DDoS,3,DoS,0.022582433015297998,0.022078267457550642,0.10634900120256495
4,8,15,True,2,DDoS,4,Mirai,0.05643667640321675,0.06619267127279874,0.027500291863635604
4,8,15,True,2,DDoS,5,Recon,0.03960056547445677,0.05331775282090341,0.016731122419306972
4,8,15,True,2,DDoS,6,Spoofing,0.031071583348978377,0.04537578462849867,0.021729241659544984
4,8,15,True,2,DDoS,7,Web-Based,0.016305119583296952,0.018169453452645555,0.0213432036492342
4,8,15,True,3,DoS,0,Benign,0.47963295699936664,0.11358857932800359,0.02093062169185039
4,8,15,True,3,DoS,1,BruteForce,0.013878679137847868,0.017807263485206122,0.03937447271880717
4,8,15,True,3,DoS,2,DDoS,0.07308038822768749,0.13733925163845762,0.230983461552189
4,8,15,True,3,DoS,3,DoS,0.30318708532125627,0.5655772044810046,0.6203742998024961
4,8,15,True,3,DoS,4,Mirai,0.04073829379199439,0.055903104552225635,0.02558702906097365
4,8,15,True,3,DoS,5,Recon,0.03949935172567056,0.03887847163019709,0.016732501945439
4,8,15,True,3,DoS,6,Spoofing,0.033196289955171335,0.05107053752336112,0.022870721632670718
4,8,15,True,3,DoS,7,Web-Based,0.016786954841005466,0.019835587361544213,0.02314689159557398
4,8,15,True,4,Mirai,0,Benign,0.7224851323998986,0.5506156180992189,0.04918618415140519
4,8,15,True,4,Mirai,1,BruteForce,0.017937328847374222,0.021788918087998464,0.03309853823094742
4,8,15,True,4,Mirai,2,DDoS,0.05255897285246185,0.047942545604530123,0.5135747760258506
4,8,15,True,4,Mirai,3,DoS,0.018484145393748864,0.019328550821707754,0.2778038421421814
4,8,15,True,4,Mirai,4,Mirai,0.08820596199464464,0.13739290074261945,0.039747188923165984
4,8,15,True,4,Mirai,5,Recon,0.032178999557984235,0.05418631076318499,0.018826301336706326
4,8,15,True,4,Mirai,6,Spoofing,0.04849946011828833,0.1390451569067893,0.03737634189122307
4,8,15,True,4,Mirai,7,Web-Based,0.019649998835599286,0.029699998973951085,0.030386827298520075
4,8,15,True,5,Recon,0,Benign,0.730894149861532,0.5701026459847316,0.05231090400242893
4,8,15,True,5,Recon,1,BruteForce,0.022209874430152352,0.0275640247863426,0.03487046593706778
4,8,15,True,5,Recon,2,DDoS,0.05409063067523627,0.027897664944122075,0.5151354536604092
4,8,15,True,5,Recon,3,DoS,0.018630841114970143,0.01906796650545415,0.26560072345031455
4,8,15,True,5,Recon,4,Mirai,0.05572946760358613,0.08052682902227133,0.0376412932965182
4,8,15,True,5,Recon,5,Recon,0.04235707211948011,0.09621758092365754,0.022822761923066533
4,8,15,True,5,Recon,6,Spoofing,0.05014616948730468,0.13369979785013023,0.039236306790337246
4,8,15,True,5,Recon,7,Web-Based,0.025941794707738337,0.044923489983290606,0.03238209093985765
4,8,15,True,6,Spoofing,0,Benign,0.7514438606938059,0.5530281907362112,0.04989348536388863
4,8,15,True,6,Spoofing,1,BruteForce,0.016900564263909207,0.021461655155365165,0.03188649971154166
4,8,15,True,6,Spoofing,2,DDoS,0.040514830278265176,0.026535686179311745,0.48386588385254226
4,8,15,True,6,Spoofing,3,DoS,0.016822311675406532,0.019396810279261816,0.30516149358828903
4,8,15,True,6,Spoofing,4,Mirai,0.052356228450933004,0.07592480154568029,0.03665031104580393
4,8,15,True,6,Spoofing,5,Recon,0.049492710826707025,0.08451829859353915,0.021957736856461973
4,8,15,True,6,Spoofing,6,Spoofing,0.05083773718521414,0.18087025120025496,0.0405992718729204
4,8,15,True,6,Spoofing,7,Web-Based,0.021631756625759082,0.03826430631037567,0.029985317708552225
4,8,15,True,7,Web-Based,0,Benign,0.7370340371833127,0.5757512628813554,0.055652764274874436
4,8,15,True,7,Web-Based,1,BruteForce,0.017859791040971306,0.022118020008432524,0.030874757337916416
4,8,15,True,7,Web-Based,2,DDoS,0.04689672590744359,0.029588035753110427,0.5642708408093295
4,8,15,True,7,Web-Based,3,DoS,0.015526135464339114,0.01753649507384226,0.21004699373683333
4,8,15,True,7,Web-Based,4,Mirai,0.0701797741687971,0.09446256007015516,0.039571216454673305
4,8,15,True,7,Web-Based,5,Recon,0.04105645036530198,0.07824527055186115,0.02516263858178125
4,8,15,True,7,Web-Based,6,Spoofing,0.049566236282171834,0.14677908264148776,0.0418851396147757
4,8,15,True,7,Web-Based,7,Web-Based,0.021880849587662468,0.03551927301975526,0.032535649189816065
4,8,16,False,0,Benign,0,Benign,0.5534238702869202,0.5812135157407318,0.5289869720531107
4,8,16,False,0,Benign,1,BruteForce,0.021123526863768893,0.019535500391291594,0.022867332490681114
4,8,16,False,0,Benign,2,DDoS,0.14208787621546626,0.04511327051084117,0.16887718426678153
4,8,16,False,0,Benign,3,DoS,0.02653897174875222,0.02113868237168974,0.051841357131975206
4,8,16,False,0,Benign,4,Mirai,0.01732330996482445,0.07380933370592493,0.01948582065520686
4,8,16,False,0,Benign,5,Recon,0.024693468307971266,0.07914093355919725,0.023208244931691616
4,8,16,False,0,Benign,6,Spoofing,0.12534313729431656,0.1493417295864574,0.1089540888176844
4,8,16,False,0,Benign,7,Web-Based,0.08946583931798009,0.030707034133866197,0.07577899965286862
4,8,16,False,1,BruteForce,0,Benign,0.5445168871373883,0.5718429195340481,0.5744545563340866
4,8,16,False,1,BruteForce,1,BruteForce,0.02956566963678926,0.02768161480746199,0.023981889028737272
4,8,16,False,1,BruteForce,2,DDoS,0.12087065659967107,0.02963427032553307,0.12414438639312116
4,8,16,False,1,BruteForce,3,DoS,0.019215157268205628,0.018215010032388432,0.031614801917984124
4,8,16,False,1,BruteForce,4,Mirai,0.018935637798780564,0.09306446538076962,0.0186004018028425
4,8,16,False,1,BruteForce,5,Recon,0.021565053721381396,0.06762551137475262,0.023643384612350504
4,8,16,False,1,BruteForce,6,Spoofing,0.13098280094918507,0.1473460176208846,0.11807850717401792
4,8,16,False,1,BruteForce,7,Web-Based,0.11434813688859863,0.04459019092416167,0.08548207273686008
4,8,16,False,2,DDoS,0,Benign,0.1622315583334086,0.20084941105521895,0.1741260159576502
4,8,16,False,2,DDoS,1,BruteForce,0.012317305706789296,0.012841655200556327,0.020852015820541595
4,8,16,False,2,DDoS,2,DDoS,0.7139955254801309,0.5811750041118277,0.6737905432890671
4,8,16,False,2,DDoS,3,DoS,0.017051531218215697,0.022078267457550642,0.028548930532557998
4,8,16,False,2,DDoS,4,Mirai,0.008917231316386148,0.06619267127279874,0.014523519766539204
4,8,16,False,2,DDoS,5,Recon,0.010353159551688817,0.05331775282090341,0.012179546227798073
4,8,16,False,2,DDoS,6,Spoofing,0.03841338453412353,0.04537578462849867,0.04110077740829184
4,8,16,False,2,DDoS,7,Web-Based,0.03672030385925707,0.018169453452645555,0.03487865099755404
4,8,16,False,3,DoS,0,Benign,0.07587829703792798,0.11358857932800359,0.14296338459993616
4,8,16,False,3,DoS,1,BruteForce,0.012298161144027946,0.017807263485206122,0.028642659897336577
4,8,16,False,3,DoS,2,DDoS,0.2691665918570967,0.13733925163845762,0.3066166315495205
4,8,16,False,3,DoS,3,DoS,0.5638624116565161,0.5655772044810046,0.39191929596958774
4,8,16,False,3,DoS,4,Mirai,0.0077597683701882076,0.055903104552225635,0.017658223094010092
4,8,16,False,3,DoS,5,Recon,0.00863603037346758,0.03887847163019709,0.013790035974995387
4,8,16,False,3,DoS,6,Spoofing,0.037658128952301737,0.05107053752336112,0.05532115693381596
4,8,16,False,3,DoS,7,Web-Based,0.024740610608473764,0.019835587361544213,0.0430886119807976
4,8,16,False,4,Mirai,0,Benign,0.5022678756632233,0.5506156180992189,0.5206070171457508
4,8,16,False,4,Mirai,1,BruteForce,0.024282491425350067,0.021788918087998464,0.023978315131557546
4,8,16,False,4,Mirai,2,DDoS,0.18946300892042045,0.047942545604530123,0.1769630014019333
4,8,16,False,4,Mirai,3,DoS,0.040376347181220504,0.019328550821707754,0.05453570918791254
4,8,16,False,4,Mirai,4,Mirai,0.018347590337521553,0.13739290074261945,0.01941199305439611
4,8,16,False,4,Mirai,5,Recon,0.019641581500707796,0.05418631076318499,0.02135227064962333
4,8,16,False,4,Mirai,6,Spoofing,0.11779427026785415,0.1390451569067893,0.1063665389238147
4,8,16,False,4,Mirai,7,Web-Based,0.08782683470370223,0.029699998973951085,0.07678515450501171
4,8,16,False,5,Recon,0,Benign,0.5460048070992549,0.5701026459847316,0.5716181821311552
4,8,16,False,5,Recon,1,BruteForce,0.028778563958321082,0.0275640247863426,0.024593033053676886
4,8,16,False,5,Recon,2,DDoS,0.11484688508706876,0.027897664944122075,0.12484120043291991
4,8,16,False,5,Recon,3,DoS,0.02152073960827778,0.01906796650545415,0.03375637061389429
4,8,16,False,5,Recon,4,Mirai,0.018176655375536817,0.08052682902227133,0.01840659021605707
4,8,16,False,5,Recon,5,Recon,0.031278605139974804,0.09621758092365754,0.02445099893113418
4,8,16,False,5,Recon,6,Spoofing,0.12202670472910077,0.13369979785013023,0.1158587790935409
4,8,16,False,5,Recon,7,Web-Based,0.11736703900246506,0.044923489983290606,0.08647484552762154
4,8,16,False,6,Spoofing,0,Benign,0.5550825880750203,0.5530281907362112,0.5684098316127797
4,8,16,False,6,Spoofing,1,BruteForce,0.022841644339097036,0.021461655155365165,0.022899105575981814
4,8,16,False,6,Spoofing,2,DDoS,0.10129781154632346,0.026535686179311745,0.11984449504853653
4,8,16,False,6,Spoofing,3,DoS,0.018628778766303273,0.019396810279261816,0.04571222361566175
4,8,16,False,6,Spoofing,4,Mirai,0.018220495361032037,0.07592480154568029,0.019652787043212223
4,8,16,False,6,Spoofing,5,Recon,0.025163345338441914,0.08451829859353915,0.02456865175624679
4,8,16,False,6,Spoofing,6,Spoofing,0.1618241058853098,0.18087025120025496,0.11996086300199292
4,8,16,False,6,Spoofing,7,Web-Based,0.09694123068847219,0.03826430631037567,0.0789520423455883
4,8,16,False,7,Web-Based,0,Benign,0.5663777334366158,0.5757512628813554,0.5714476609725303
4,8,16,False,7,Web-Based,1,BruteForce,0.024062241463178757,0.022118020008432524,0.023310026981546425
4,8,16,False,7,Web-Based,2,DDoS,0.11447977362403151,0.029588035753110427,0.1346747131750776
4,8,16,False,7,Web-Based,3,DoS,0.018702030304231666,0.01753649507384226,0.03355962287673245
4,8,16,False,7,Web-Based,4,Mirai,0.01907294154669104,0.09446256007015516,0.019237949411600824
4,8,16,False,7,Web-Based,5,Recon,0.02316832591482833,0.07824527055186115,0.02394913990804512
4,8,16,False,7,Web-Based,6,Spoofing,0.12982156561676894,0.14677908264148776,0.11199076947497222
4,8,16,False,7,Web-Based,7,Web-Based,0.10431538809365402,0.03551927301975526,0.08183011719949508
4,8,17,True,0,Benign,0,Benign,0.6373729373092119,0.5812135157407318,0.286889015939312
4,8,17,True,0,Benign,1,BruteForce,0.011332987722249938,0.019535500391291594,0.014141176556226539
4,8,17,True,0,Benign,2,DDoS,0.025795437739200767,0.04511327051084117,0.03934222345283236
4,8,17,True,0,Benign,3,DoS,0.045098896336194946,0.02113868237168974,0.07510850393543397
4,8,17,True,0,Benign,4,Mirai,0.21635633065579593,0.07380933370592493,0.4623639116782699
4,8,17,True,0,Benign,5,Recon,0.010102612292239212,0.07914093355919725,0.012580999550135604
4,8,17,True,0,Benign,6,Spoofing,0.01550801879782983,0.1493417295864574,0.01989494697695438
4,8,17,True,0,Benign,7,Web-Based,0.03843277914727759,0.030707034133866197,0.08967922191083538
4,8,17,True,1,BruteForce,0,Benign,0.6134688911156564,0.5718429195340481,0.26788477225842416
4,8,17,True,1,BruteForce,1,BruteForce,0.013763110767780576,0.02768161480746199,0.01355950147760995
4,8,17,True,1,BruteForce,2,DDoS,0.021082711100438436,0.02963427032553307,0.023824451384301438
4,8,17,True,1,BruteForce,3,DoS,0.018519571296655924,0.018215010032388432,0.021147476688527626
4,8,17,True,1,BruteForce,4,Mirai,0.2586651755780807,0.09306446538076962,0.5076466959494363
4,8,17,True,1,BruteForce,5,Recon,0.00815297668286259,0.06762551137475262,0.01194216929091869
4,8,17,True,1,BruteForce,6,Spoofing,0.016492693416546307,0.1473460176208846,0.021224212398854504
4,8,17,True,1,BruteForce,7,Web-Based,0.04985487004197914,0.04459019092416167,0.1327707205519274
4,8,17,True,2,DDoS,0,Benign,0.43059706563009414,0.20084941105521895,0.09965223464425019
4,8,17,True,2,DDoS,1,BruteForce,0.01103058588197737,0.012841655200556327,0.016912555800301876
4,8,17,True,2,DDoS,2,DDoS,0.3476321781955178,0.5811750041118277,0.5916063038604549
4,8,17,True,2,DDoS,3,DoS,0.035537115076483564,0.022078267457550642,0.059647025808189195
4,8,17,True,2,DDoS,4,Mirai,0.1193633380249125,0.06619267127279874,0.16515504529755384
4,8,17,True,2,DDoS,5,Recon,0.012417830941176143,0.05331775282090341,0.010300366663951063
4,8,17,True,2,DDoS,6,Spoofing,0.015100910043530265,0.04537578462849867,0.011752445730340406
4,8,17,True,2,DDoS,7,Web-Based,0.028320976206308277,0.018169453452645555,0.04497402219495862
4,8,17,True,3,DoS,0,Benign,0.5052683646069909,0.11358857932800359,0.05992432340690582
4,8,17,True,3,DoS,1,BruteForce,0.013323856448272033,0.017807263485206122,0.02264921063857181
4,8,17,True,3,DoS,2,DDoS,0.0831251622442667,0.13733925163845762,0.09107857185936827
4,8,17,True,3,DoS,3,DoS,0.2621305996849258,0.5655772044810046,0.6004928338303238
4,8,17,True,3,DoS,4,Mirai,0.07268032444945444,0.055903104552225635,0.16149540713187366
4,8,17,True,3,DoS,5,Recon,0.017098234535605647,0.03887847163019709,0.011963184394358726
4,8,17,True,3,DoS,6,Spoofing,0.0156767919257592,0.05107053752336112,0.014793874814484666
4,8,17,True,3,DoS,7,Web-Based,0.0306966661047254,0.019835587361544213,0.037602593924113276
4,8,17,True,4,Mirai,0,Benign,0.6078370875075094,0.5506156180992189,0.24452659773493632
4,8,17,True,4,Mirai,1,BruteForce,0.011594477587453517,0.021788918087998464,0.012452768444411106
4,8,17,True,4,Mirai,2,DDoS,0.024728371183251236,0.047942545604530123,0.02989616356771772
4,8,17,True,4,Mirai,3,DoS,0.031835524910933874,0.019328550821707754,0.03160659118771453
4,8,17,True,4,Mirai,4,Mirai,0.2641670911086959,0.13739290074261945,0.5618601648015825
4,8,17,True,4,Mirai,5,Recon,0.008558115429495437,0.05418631076318499,0.011154268779432132
4,8,17,True,4,Mirai,6,Spoofing,0.01541898435127744,0.1390451569067893,0.01860752929236095
4,8,17,True,4,Mirai,7,Web-Based,0.03586034792138326,0.029699998973951085,0.0898959161918447
4,8,17,True,5,Recon,0,Benign,0.6142212503912909,0.5701026459847316,0.25952094279778837
4,8,17,True,5,Recon,1,BruteForce,0.013887331528028094,0.0275640247863426,0.013930722871897163
4,8,17,True,5,Recon,2,DDoS,0.021851627207593274,0.027897664944122075,0.02460110721417558
4,8,17,True,5,Recon,3,DoS,0.022056053844448694,0.01906796650545415,0.026782891227141448
4,8,17,True,5,Recon,4,Mirai,0.2529640436617746,0.08052682902227133,0.5082181784870103
4,8,17,True,5,Recon,5,Recon,0.008454691339634115,0.09621758092365754,0.011940778991640274
4,8,17,True,5,Recon,6,Spoofing,0.01596568133272199,0.13369979785013023,0.02098337634349378
4,8,17,True,5,Recon,7,Web-Based,0.050599320694508156,0.044923489983290606,0.1340220020668531
4,8,17,True,6,Spoofing,0,Benign,0.6338820618849098,0.5530281907362112,0.302606185767156
4,8,17,True,6,Spoofing,1,BruteForce,0.01218827851232427,0.021461655155365165,0.013507241985149722
4,8,17,True,6,Spoofing,2,DDoS,0.021249066831314445,0.026535686179311745,0.025089976437142267
4,8,17,True,6,Spoofing,3,DoS,0.03567986263716411,0.019396810279261816,0.04117615354337931
4,8,17,True,6,Spoofing,4,Mirai,0.22828176748111417,0.07592480154568029,0.48033069048874455
4,8,17,True,6,Spoofing,5,Recon,0.00993769066550408,0.08451829859353915,0.013000229641819839
4,8,17,True,6,Spoofing,6,Spoofing,0.01565294218009478,0.18087025120025496,0.021249318788605573
4,8,17,True,6,Spoofing,7,Web-Based,0.04312832980757439,0.03826430631037567,0.10304020334800273
4,8,17,True,7,Web-Based,0,Benign,0.6172240296958347,0.5757512628813554,0.28968093350244056
4,8,17,True,7,Web-Based,1,BruteForce,0.012121004844043414,0.022118020008432524,0.013761211173983294
4,8,17,True,7,Web-Based,2,DDoS,0.02163272570548565,0.029588035753110427,0.027595103491214332
4,8,17,True,7,Web-Based,3,DoS,0.023648698982415114,0.01753649507384226,0.021580846561655005
4,8,17,True,7,Web-Based,4,Mirai,0.25747382661282675,0.09446256007015516,0.5045295700101171
4,8,17,True,7,Web-Based,5,Recon,0.008899806267490434,0.07824527055186115,0.012630118921325022
4,8,17,True,7,Web-Based,6,Spoofing,0.01578424906013037,0.14677908264148776,0.020622524472812886
4,8,17,True,7,Web-Based,7,Web-Based,0.043215658831773585,0.03551927301975526,0.10959969186645173
4,8,18,True,0,Benign,0,Benign,0.5162506491877428,0.5812135157407318,0.06003669693124527
4,8,18,True,0,Benign,1,BruteForce,0.017219121187320552,0.019535500391291594,0.015925282420627428
4,8,18,True,0,Benign,2,DDoS,0.2045910758636074,0.04511327051084117,0.1752512081883567
4,8,18,True,0,Benign,3,DoS,0.018504456811957084,0.02113868237168974,0.05925209115095998
4,8,18,True,0,Benign,4,Mirai,0.10776230357472491,0.07380933370592493,0.2680656923199855
4,8,18,True,0,Benign,5,Recon,0.028893716604313006,0.07914093355919725,0.10830681306316478
4,8,18,True,0,Benign,6,Spoofing,0.06772955504554322,0.1493417295864574,0.1953149492678493
4,8,18,True,0,Benign,7,Web-Based,0.03904912172479097,0.030707034133866197,0.11784726665781116
4,8,18,True,1,BruteForce,0,Benign,0.4720599343970637,0.5718429195340481,0.05985143394031293
4,8,18,True,1,BruteForce,1,BruteForce,0.022790253366068568,0.02768161480746199,0.015592786599150038
4,8,18,True,1,BruteForce,2,DDoS,0.21098148151988452,0.02963427032553307,0.1289359280752761
4,8,18,True,1,BruteForce,3,DoS,0.013903003949852886,0.018215010032388432,0.02215712225230054
4,8,18,True,1,BruteForce,4,Mirai,0.13147379727225536,0.09306446538076962,0.317016468517998
4,8,18,True,1,BruteForce,5,Recon,0.024657818249430596,0.06762551137475262,0.11847456578080608
4,8,18,True,1,BruteForce,6,Spoofing,0.07469623212660491,0.1473460176208846,0.18611693944709506
4,8,18,True,1,BruteForce,7,Web-Based,0.04943747911883959,0.04459019092416167,0.15185475538706122
4,8,18,True,2,DDoS,0,Benign,0.4135827648676425,0.20084941105521895,0.029062631855855094
4,8,18,True,2,DDoS,1,BruteForce,0.010344133260380856,0.012841655200556327,0.016288194304989984
4,8,18,True,2,DDoS,2,DDoS,0.4129814344106623,0.5811750041118277,0.6648201106739219
4,8,18,True,2,DDoS,3,DoS,0.017471164901029693,0.022078267457550642,0.034976272066712825
4,8,18,True,2,DDoS,4,Mirai,0.06506429147015262,0.06619267127279874,0.096397978138924
4,8,18,True,2,DDoS,5,Recon,0.024739257374563662,0.05331775282090341,0.05429758367867338
4,8,18,True,2,DDoS,6,Spoofing,0.03423465517855794,0.04537578462849867,0.056696095005218945
4,8,18,True,2,DDoS,7,Web-Based,0.021582298537010384,0.018169453452645555,0.047461134275703955
4,8,18,True,3,DoS,0,Benign,0.45921250366315025,0.11358857932800359,0.02066310555668643
4,8,18,True,3,DoS,1,BruteForce,0.012303214429993612,0.017807263485206122,0.023275818268509742
4,8,18,True,3,DoS,2,DDoS,0.25243734180242217,0.13733925163845762,0.258822317646216
4,8,18,True,3,DoS,3,DoS,0.15355746461755385,0.5655772044810046,0.4234930144571863
4,8,18,True,3,DoS,4,Mirai,0.04048001076870679,0.055903104552225635,0.09426692062515364
4,8,18,True,3,DoS,5,Recon,0.028689993766263563,0.03887847163019709,0.039583359254818457
4,8,18,True,3,DoS,6,Spoofing,0.030095098497532363,0.05107053752336112,0.08592159588391285
4,8,18,True,3,DoS,7,Web-Based,0.023224372454377414,0.019835587361544213,0.05397386830751663
4,8,18,True,4,Mirai,0,Benign,0.48324762597755094,0.5506156180992189,0.05628407963491555
4,8,18,True,4,Mirai,1,BruteForce,0.018983308023252588,0.021788918087998464,0.01544059660104304
4,8,18,True,4,Mirai,2,DDoS,0.22311345640921046,0.047942545604530123,0.15448560210473708
4,8,18,True,4,Mirai,3,DoS,0.015441102946309642,0.019328550821707754,0.04912073475735243
4,8,18,True,4,Mirai,4,Mirai,0.13369408017563883,0.13739290074261945,0.3346982396821286
4,8,18,True,4,Mirai,5,Recon,0.022070397446794496,0.05418631076318499,0.09483282830803735
4,8,18,True,4,Mirai,6,Spoofing,0.06686609197591159,0.1390451569067893,0.17399327749416404
4,8,18,True,4,Mirai,7,Web-Based,0.03658393704533141,0.029699998973951085,0.12114464141762199
4,8,18,True,5,Recon,0,Benign,0.4770986523899017,0.5701026459847316,0.05812312447001411
4,8,18,True,5,Recon,1,BruteForce,0.02284711978390347,0.0275640247863426,0.015691333544148797
4,8,18,True,5,Recon,2,DDoS,0.21041062125143897,0.027897664944122075,0.122115431082052
4,8,18,True,5,Recon,3,DoS,0.01439588402012719,0.01906796650545415,0.022574914676715394
4,8,18,True,5,Recon,4,Mirai,0.12703726462146345,0.08052682902227133,0.3151549157088511
4,8,18,True,5,Recon,5,Recon,0.02717072441209051,0.09621758092365754,0.13887600447012433
4,8,18,True,5,Recon,6,Spoofing,0.07094149544571117,0.13369979785013023,0.17694869786890408
4,8,18,True,5,Recon,7,Web-Based,0.050098238075363594,0.044923489983290606,0.15051557817919023
4,8,18,True,6,Spoofing,0,Benign,0.510577778606341,0.5530281907362112,0.06170834865848539
4,8,18,True,6,Spoofing,1,BruteForce,0.018585939266277527,0.021461655155365165,0.015800834351637857
4,8,18,True,6,Spoofing,2,DDoS,0.19033812712039708,0.026535686179311745,0.1232908717829644
4,8,18,True,6,Spoofing,3,DoS,0.01639277419317081,0.019396810279261816,0.04271692378464614
4,8,18,True,6,Spoofing,4,Mirai,0.11189376263956172,0.07592480154568029,0.2729913861731602
4,8,18,True,6,Spoofing,5,Recon,0.03062210694590477,0.08451829859353915,0.11501973307918247
4,8,18,True,6,Spoofing,6,Spoofing,0.07710048752984208,0.18087025120025496,0.23591856384237125
4,8,18,True,6,Spoofing,7,Web-Based,0.044489023698505055,0.03826430631037567,0.13255333832755234
4,8,18,True,7,Web-Based,0,Benign,0.49190771260636407,0.5757512628813554,0.06290869206457517
4,8,18,True,7,Web-Based,1,BruteForce,0.01924239147607019,0.022118020008432524,0.015319260554912553
4,8,18,True,7,Web-Based,2,DDoS,0.20095497952416078,0.029588035753110427,0.14188922350994165
4,8,18,True,7,Web-Based,3,DoS,0.01400612525003066,0.01753649507384226,0.02459099334319162
4,8,18,True,7,Web-Based,4,Mirai,0.1330336763845466,0.09446256007015516,0.31275061179402036
4,8,18,True,7,Web-Based,5,Recon,0.026661127501541027,0.07824527055186115,0.11708161224186986
4,8,18,True,7,Web-Based,6,Spoofing,0.07218442980523619,0.14677908264148776,0.1881912653758733
4,8,18,True,7,Web-Based,7,Web-Based,0.04200955745205054,0.03551927301975526,0.13726834111561545
4,8,19,False,0,Benign,0,Benign,0.10074223944250517,0.5812135157407318,0.08823387665806656
4,8,19,False,0,Benign,1,BruteForce,0.01119221199088658,0.019535500391291594,0.01888932090882132
4,8,19,False,0,Benign,2,DDoS,0.27231334994040823,0.04511327051084117,0.2429632693628746
4,8,19,False,0,Benign,3,DoS,0.05750782239937565,0.02113868237168974,0.08348141086570714
4,8,19,False,0,Benign,4,Mirai,0.01569763133038961,0.07380933370592493,0.019610591700312093
4,8,19,False,0,Benign,5,Recon,0.15930797173476244,0.07914093355919725,0.17813600008336025
4,8,19,False,0,Benign,6,Spoofing,0.3678967071860746,0.1493417295864574,0.3497237577388485
4,8,19,False,0,Benign,7,Web-Based,0.015342065975597763,0.030707034133866197,0.018961772682009412
4,8,19,False,1,BruteForce,0,Benign,0.10743254293232118,0.5718429195340481,0.09913790567731263
4,8,19,False,1,BruteForce,1,BruteForce,0.013188880388861094,0.02768161480746199,0.018064839186361405
4,8,19,False,1,BruteForce,2,DDoS,0.2818876541555083,0.02963427032553307,0.20349844104536582
4,8,19,False,1,BruteForce,3,DoS,0.017281744257382187,0.018215010032388432,0.02784390523462867
4,8,19,False,1,BruteForce,4,Mirai,0.017813104382143553,0.09306446538076962,0.01950739318485699
4,8,19,False,1,BruteForce,5,Recon,0.1359969003422458,0.06762551137475262,0.2187069857341637
4,8,19,False,1,BruteForce,6,Spoofing,0.4100134488896761,0.1473460176208846,0.3939871007678026
4,8,19,False,1,BruteForce,7,Web-Based,0.016385724651861767,0.04459019092416167,0.019253429169508115
4,8,19,False,2,DDoS,0,Benign,0.030095519976466267,0.20084941105521895,0.03767276258733159
4,8,19,False,2,DDoS,1,BruteForce,0.007450667139250934,0.012841655200556327,0.016056824115162807
4,8,19,False,2,DDoS,2,DDoS,0.7575056358858245,0.5811750041118277,0.6882905537192153
4,8,19,False,2,DDoS,3,DoS,0.03633068379737588,0.022078267457550642,0.048163516725315256
4,8,19,False,2,DDoS,4,Mirai,0.007711646366022369,0.06619267127279874,0.016534657503638764
4,8,19,False,2,DDoS,5,Recon,0.0662134427088605,0.05331775282090341,0.07958947246139361
4,8,19,False,2,DDoS,6,Spoofing,0.08826247079990061,0.04537578462849867,0.10282389900793108
4,8,19,False,2,DDoS,7,Web-Based,0.006429933326298847,0.018169453452645555,0.010868313880011578
4,8,19,False,3,DoS,0,Benign,0.01434535126292718,0.11358857932800359,0.020026217259025727
4,8,19,False,3,DoS,1,BruteForce,0.010045879036761593,0.017807263485206122,0.025034336214780212
4,8,19,False,3,DoS,2,DDoS,0.1839817492577538,0.13733925163845762,0.20879855364634697
4,8,19,False,3,DoS,3,DoS,0.6873209558056325,0.5655772044810046,0.5733914465592493
4,8,19,False,3,DoS,4,Mirai,0.005648873921796328,0.055903104552225635,0.015936369513321242
4,8,19,False,3,DoS,5,Recon,0.03412378671761795,0.03887847163019709,0.0464978550774566
4,8,19,False,3,DoS,6,Spoofing,0.059110875730977654,0.05107053752336112,0.09841889403122607
4,8,19,False,3,DoS,7,Web-Based,0.005422528266532985,0.019835587361544213,0.011896327698594002
4,8,19,False,4,Mirai,0,Benign,0.09436443500662801,0.5506156180992189,0.09167101573892925
4,8,19,False,4,Mirai,1,BruteForce,0.012339105462098038,0.021788918087998464,0.019798226119701657
4,8,19,False,4,Mirai,2,DDoS,0.3744012731542665,0.047942545604530123,0.2596567372868506
4,8,19,False,4,Mirai,3,DoS,0.04617640666575517,0.019328550821707754,0.07104045203391178
4,8,19,False,4,Mirai,4,Mirai,0.01794623666711044,0.13739290074261945,0.021280885764181936
4,8,19,False,4,Mirai,5,Recon,0.11036830015365097,0.05418631076318499,0.16300272388462222
4,8,19,False,4,Mirai,6,Spoofing,0.3305451897431969,0.1390451569067893,0.35435016413821613
4,8,19,False,4,Mirai,7,Web-Based,0.013859053147293932,0.029699998973951085,0.019199795033586476
4,8,19,False,5,Recon,0,Benign,0.1088861192152244,0.5701026459847316,0.09760074570728806
4,8,19,False,5,Recon,1,BruteForce,0.01247284719507092,0.0275640247863426,0.01785633303978797
4,8,19,False,5,Recon,2,DDoS,0.2611628608423821,0.027897664944122075,0.1952643830935358
4,8,19,False,5,Recon,3,DoS,0.020178006927724566,0.01906796650545415,0.02951280555912488
4,8,19,False,5,Recon,4,Mirai,0.016270195238157727,0.08052682902227133,0.019269203289343086
4,8,19,False,5,Recon,5,Recon,0.20872168485589693,0.09621758092365754,0.24910730652688962
4,8,19,False,5,Recon,6,Spoofing,0.3550584371126686,0.13369979785013023,0.37247809202891285
4,8,19,False,5,Recon,7,Web-Based,0.017249848612874843,0.044923489983290606,0.018911130755117668
4,8,19,False,6,Spoofing,0,Benign,0.10372439337332752,0.5530281907362112,0.09459257177217283
4,8,19,False,6,Spoofing,1,BruteForce,0.010775111304143867,0.021461655155365165,0.018608910498152272
4,8,19,False,6,Spoofing,2,DDoS,0.22453505044636232,0.026535686179311745,0.18479530680509787
4,8,19,False,6,Spoofing,3,DoS,0.02688008439626429,0.019396810279261816,0.06258030746707754
4,8,19,False,6,Spoofing,4,Mirai,0.015666665923880732,0.07592480154568029,0.01943747529338753
4,8,19,False,6,Spoofing,5,Recon,0.1800945022682538,0.08451829859353915,0.19519971533553404
4,8,19,False,6,Spoofing,6,Spoofing,0.4225253213957773,0.18087025120025496,0.405441605634872
4,8,19,False,6,Spoofing,7,Web-Based,0.015798870891990186,0.03826430631037567,0.01934410719370588
4,8,19,False,7,Web-Based,0,Benign,0.10932051789672638,0.5757512628813554,0.1007990821887821
4,8,19,False,7,Web-Based,1,BruteForce,0.011512565367259905,0.022118020008432524,0.018501421292924862
4,8,19,False,7,Web-Based,2,DDoS,0.29935125639274435,0.029588035753110427,0.2250672477616476
4,8,19,False,7,Web-Based,3,DoS,0.019607587980771,0.01753649507384226,0.03364515979787337
4,8,19,False,7,Web-Based,4,Mirai,0.01772383357788838,0.09446256007015516,0.019942477727555873
4,8,19,False,7,Web-Based,5,Recon,0.16090447010000122,0.07824527055186115,0.2106561159097662
4,8,19,False,7,Web-Based,6,Spoofing,0.36518593825535123,0.14677908264148776,0.37142243101012146
4,8,19,False,7,Web-Based,7,Web-Based,0.016393830429257576,0.03551927301975526,0.01996606431132858
