monitoring_round,global_round,client_id,actual_malicious,source_id,source_name,target_id,target_name,local_probability,round_consensus_probability,frozen_profile_probability
1,5,0,False,0,Benign,0,Benign,0.2975935648050732,0.2007658346495211,0.26278178160925625
1,5,0,False,0,Benign,1,BruteForce,0.08062141837964887,0.13044727891135416,0.05988172549568824
1,5,0,False,0,Benign,2,DDoS,0.010686906990807892,0.08196280912396325,0.017071578120114936
1,5,0,False,0,Benign,3,DoS,0.14465084042701198,0.06153865047401969,0.1844970353632558
1,5,0,False,0,Benign,4,Mirai,0.3073654124465107,0.115442038937813,0.2918442271356306
1,5,0,False,0,Benign,5,Recon,0.11829569811879079,0.11913076067078215,0.14228985307871034
1,5,0,False,0,Benign,6,Spoofing,0.0214177069945849,0.1468200974926887,0.020855983251581833
1,5,0,False,0,Benign,7,Web-Based,0.01936845183757168,0.14389252973985792,0.020777815945762
1,5,0,False,1,BruteForce,0,Benign,0.2667013460798181,0.16180810726704514,0.2656430290659468
1,5,0,False,1,BruteForce,1,BruteForce,0.15123467050097084,0.18486695939945982,0.08753372719811156
1,5,0,False,1,BruteForce,2,DDoS,0.012676779661397884,0.06963051237706532,0.012764178493417473
1,5,0,False,1,BruteForce,3,DoS,0.06246094757607568,0.04023823397933591,0.07678476689708104
1,5,0,False,1,BruteForce,4,Mirai,0.3613546766280145,0.11629501065780959,0.3325634123379524
1,5,0,False,1,BruteForce,5,Recon,0.0969808647946292,0.10531575839268961,0.17508103946245743
1,5,0,False,1,BruteForce,6,Spoofing,0.02150451485559178,0.14628561270287055,0.022715882767572422
1,5,0,False,1,BruteForce,7,Web-Based,0.02708619990350207,0.175559805223724,0.026913963777460977
1,5,0,False,2,DDoS,0,Benign,0.07317859487430367,0.07443679092609701,0.10478185413533818
1,5,0,False,2,DDoS,1,BruteForce,0.03128867959908676,0.05308735998196655,0.03363773507810239
1,5,0,False,2,DDoS,2,DDoS,0.5038021403725307,0.5605953662650159,0.4555644832146435
1,5,0,False,2,DDoS,3,DoS,0.17191981865614306,0.06422052360697965,0.16267828503382503
1,5,0,False,2,DDoS,4,Mirai,0.13923142581122266,0.07155919398496972,0.13805545173557351
1,5,0,False,2,DDoS,5,Recon,0.057846164753231816,0.06566450848624819,0.07114814746332884
1,5,0,False,2,DDoS,6,Spoofing,0.010853901568623215,0.05878185110891081,0.014144695575032938
1,5,0,False,2,DDoS,7,Web-Based,0.011879274364858127,0.051654405639812224,0.019989347764155587
1,5,0,False,3,DoS,0,Benign,0.02242749485416545,0.054378118645655955,0.031183219318431078
1,5,0,False,3,DoS,1,BruteForce,0.016992259712495083,0.07384577101325505,0.016828722475000998
1,5,0,False,3,DoS,2,DDoS,0.01556672979136483,0.14834068436625114,0.02177625241987036
1,5,0,False,3,DoS,3,DoS,0.890166537797726,0.4674321373158705,0.8446218761534362
1,5,0,False,3,DoS,4,Mirai,0.029001454214028843,0.09698287781420406,0.0431461770917808
1,5,0,False,3,DoS,5,Recon,0.015075129968997805,0.0438638321920747,0.026358258254224377
1,5,0,False,3,DoS,6,Spoofing,0.006214542013289015,0.07925057346817085,0.00856158772017071
1,5,0,False,3,DoS,7,Web-Based,0.004555851647933012,0.035906005184517725,0.007523906567085566
1,5,0,False,4,Mirai,0,Benign,0.23349580140546525,0.16400180329138195,0.25716740971373475
1,5,0,False,4,Mirai,1,BruteForce,0.07373916104467487,0.1492807085303768,0.06214343396007815
1,5,0,False,4,Mirai,2,DDoS,0.013185380428115193,0.0816057552767693,0.01386823720359379
1,5,0,False,4,Mirai,3,DoS,0.09653405202428504,0.0638989259542355,0.149772069756984
1,5,0,False,4,Mirai,4,Mirai,0.48118618690643267,0.15508071342833102,0.3716587945662579
1,5,0,False,4,Mirai,5,Recon,0.06500896914655215,0.08922834803187274,0.10328053476161966
1,5,0,False,4,Mirai,6,Spoofing,0.020154647071316076,0.1477687501855558,0.02136984537726492
1,5,0,False,4,Mirai,7,Web-Based,0.01669580197315881,0.14913499530147695,0.020739674660466896
1,5,0,False,5,Recon,0,Benign,0.25237842092436086,0.15701166528815172,0.24724985801781527
1,5,0,False,5,Recon,1,BruteForce,0.1398351883139675,0.17552485103484256,0.0851020256366411
1,5,0,False,5,Recon,2,DDoS,0.012023799992794619,0.06963788585252075,0.012058303129683059
1,5,0,False,5,Recon,3,DoS,0.0944496304785754,0.04180333410732831,0.0998195894281689
1,5,0,False,5,Recon,4,Mirai,0.3102745033617927,0.11572998825210658,0.3057203541264973
1,5,0,False,5,Recon,5,Recon,0.14317765214723152,0.12234747576902287,0.20288978965026663
1,5,0,False,5,Recon,6,Spoofing,0.020678489230793375,0.1407141427287992,0.021513182207612613
1,5,0,False,5,Recon,7,Web-Based,0.027182315550483987,0.17723065696722798,0.025646897803315197
1,5,0,False,6,Spoofing,0,Benign,0.2962819316889081,0.18969382901416618,0.27290338038420653
1,5,0,False,6,Spoofing,1,BruteForce,0.09826680257170146,0.13356671171644138,0.06470870055203756
1,5,0,False,6,Spoofing,2,DDoS,0.010986746163201002,0.06999039149032314,0.012183481902706246
1,5,0,False,6,Spoofing,3,DoS,0.09245930131933765,0.04487543744786329,0.14846015901941642
1,5,0,False,6,Spoofing,4,Mirai,0.3093027825898929,0.11520759982211017,0.2955883962719409
1,5,0,False,6,Spoofing,5,Recon,0.1440619644621172,0.12208859600051152,0.16073231861293877
1,5,0,False,6,Spoofing,6,Spoofing,0.024908604767185937,0.17346306786001778,0.022702443629196753
1,5,0,False,6,Spoofing,7,Web-Based,0.023731866437655767,0.15111436664856656,0.02272111962755682
1,5,0,False,7,Web-Based,0,Benign,0.27845188607725585,0.1887291231593687,0.2828623583119801
1,5,0,False,7,Web-Based,1,BruteForce,0.08608327884364833,0.1441857519009644,0.06785994904824477
1,5,0,False,7,Web-Based,2,DDoS,0.011787640232950225,0.07236753045376358,0.014249287961015595
1,5,0,False,7,Web-Based,3,DoS,0.07528884933707175,0.03783124306648626,0.10621673236144319
1,5,0,False,7,Web-Based,4,Mirai,0.4048162654794107,0.12595594472498736,0.34482029681020887
1,5,0,False,7,Web-Based,5,Recon,0.10076805296705947,0.11387126975217021,0.13843233178161277
1,5,0,False,7,Web-Based,6,Spoofing,0.021716287184626475,0.14849745866252143,0.022295377231029485
1,5,0,False,7,Web-Based,7,Web-Based,0.021087739877977248,0.16856167827973806,0.023263666494465214
1,5,1,True,0,Benign,0,Benign,0.05071610849722983,0.2007658346495211,0.013568399554844724
1,5,1,True,0,Benign,1,BruteForce,0.2045471944544757,0.13044727891135416,0.008605934639372665
1,5,1,True,0,Benign,2,DDoS,0.06365795736740759,0.08196280912396325,0.07444771125811747
1,5,1,True,0,Benign,3,DoS,0.05937698725946372,0.06153865047401969,0.018250106949369942
1,5,1,True,0,Benign,4,Mirai,0.08400938356755144,0.115442038937813,0.10807574100270502
1,5,1,True,0,Benign,5,Recon,0.15527828079830874,0.11913076067078215,0.2907260211972004
1,5,1,True,0,Benign,6,Spoofing,0.2045036332268917,0.1468200974926887,0.47608512375763967
1,5,1,True,0,Benign,7,Web-Based,0.17791045482867132,0.14389252973985792,0.010240961640750088
1,5,1,True,1,BruteForce,0,Benign,0.049713433746107503,0.16180810726704514,0.012838263384921755
1,5,1,True,1,BruteForce,1,BruteForce,0.20301957371767973,0.18486695939945982,0.008322975190072216
1,5,1,True,1,BruteForce,2,DDoS,0.053733466037197676,0.06963051237706532,0.0486947483017159
1,5,1,True,1,BruteForce,3,DoS,0.04881045729708527,0.04023823397933591,0.011921294151150431
1,5,1,True,1,BruteForce,4,Mirai,0.08883019678844799,0.11629501065780959,0.1105990736221884
1,5,1,True,1,BruteForce,5,Recon,0.16819050125197085,0.10531575839268961,0.29782863486713473
1,5,1,True,1,BruteForce,6,Spoofing,0.2106032065915497,0.14628561270287055,0.5004098369481974
1,5,1,True,1,BruteForce,7,Web-Based,0.17709916456996133,0.175559805223724,0.00938517353461923
1,5,1,True,2,DDoS,0,Benign,0.04805852546799792,0.07443679092609701,0.010789170177697706
1,5,1,True,2,DDoS,1,BruteForce,0.19814401383565586,0.05308735998196655,0.008010163860307824
1,5,1,True,2,DDoS,2,DDoS,0.26769182628715427,0.5605953662650159,0.6681850151860528
1,5,1,True,2,DDoS,3,DoS,0.05557809183198983,0.06422052360697965,0.02380207038049753
1,5,1,True,2,DDoS,4,Mirai,0.05874740763335618,0.07155919398496972,0.04539266732934675
1,5,1,True,2,DDoS,5,Recon,0.09185801597612617,0.06566450848624819,0.10933311795857123
1,5,1,True,2,DDoS,6,Spoofing,0.09743654141927106,0.05878185110891081,0.12801525908105618
1,5,1,True,2,DDoS,7,Web-Based,0.1824855775484486,0.051654405639812224,0.006472536026470069
1,5,1,True,3,DoS,0,Benign,0.04148102186382677,0.054378118645655955,0.010252218338446022
1,5,1,True,3,DoS,1,BruteForce,0.19087849459743167,0.07384577101325505,0.015216404503898918
1,5,1,True,3,DoS,2,DDoS,0.10152139890992129,0.14834068436625114,0.17155529533872457
1,5,1,True,3,DoS,3,DoS,0.20684254867885787,0.4674321373158705,0.5166624340617575
1,5,1,True,3,DoS,4,Mirai,0.07174069630197,0.09698287781420406,0.050020635236841596
1,5,1,True,3,DoS,5,Recon,0.08743526116180073,0.0438638321920747,0.05898538021733843
1,5,1,True,3,DoS,6,Spoofing,0.1266898471259645,0.07925057346817085,0.16568625965394038
1,5,1,True,3,DoS,7,Web-Based,0.1734107313602272,0.035906005184517725,0.011621372649052655
1,5,1,True,4,Mirai,0,Benign,0.049177792744750086,0.16400180329138195,0.014618137705013036
1,5,1,True,4,Mirai,1,BruteForce,0.20464381959483366,0.1492807085303768,0.009102412497405885
1,5,1,True,4,Mirai,2,DDoS,0.06140329800289707,0.0816057552767693,0.08760477884375821
1,5,1,True,4,Mirai,3,DoS,0.05793896264236972,0.0638989259542355,0.02267124101393727
1,5,1,True,4,Mirai,4,Mirai,0.09064096854754605,0.15508071342833102,0.15230992245626365
1,5,1,True,4,Mirai,5,Recon,0.14124122240432513,0.08922834803187274,0.21313913990613298
1,5,1,True,4,Mirai,6,Spoofing,0.21642116127403255,0.1477687501855558,0.4892664164272418
1,5,1,True,4,Mirai,7,Web-Based,0.17853277478924567,0.14913499530147695,0.011287951150247227
1,5,1,True,5,Recon,0,Benign,0.04929603710375753,0.15701166528815172,0.011824808752694154
1,5,1,True,5,Recon,1,BruteForce,0.2008356493561563,0.17552485103484256,0.007794146199475564
1,5,1,True,5,Recon,2,DDoS,0.052126822893154685,0.06963788585252075,0.043844228754022566
1,5,1,True,5,Recon,3,DoS,0.04946049977379139,0.04180333410732831,0.011222183207049409
1,5,1,True,5,Recon,4,Mirai,0.08808774080165221,0.11572998825210658,0.10642451725044536
1,5,1,True,5,Recon,5,Recon,0.1873173627403863,0.12234747576902287,0.38581164237960236
1,5,1,True,5,Recon,6,Spoofing,0.19764470961930083,0.1407141427287992,0.42455073847402264
1,5,1,True,5,Recon,7,Web-Based,0.1752311777118006,0.17723065696722798,0.00852773498268801
1,5,1,True,6,Spoofing,0,Benign,0.049881969410420966,0.18969382901416618,0.012756547625364765
1,5,1,True,6,Spoofing,1,BruteForce,0.20254658361507785,0.13356671171644138,0.00793767673279992
1,5,1,True,6,Spoofing,2,DDoS,0.0548652083653304,0.06999039149032314,0.04094354636442861
1,5,1,True,6,Spoofing,3,DoS,0.05718210489583892,0.04487543744786329,0.013276564153364187
1,5,1,True,6,Spoofing,4,Mirai,0.0858976814903366,0.11520759982211017,0.10214290260601923
1,5,1,True,6,Spoofing,5,Recon,0.15891001957314912,0.12208859600051152,0.30987281749361173
1,5,1,True,6,Spoofing,6,Spoofing,0.21714234908661686,0.17346306786001778,0.5035233321847596
1,5,1,True,6,Spoofing,7,Web-Based,0.17357408356322934,0.15111436664856656,0.009546612839651922
1,5,1,True,7,Web-Based,0,Benign,0.04986635248069023,0.1887291231593687,0.013734158361343934
1,5,1,True,7,Web-Based,1,BruteForce,0.2016776068638492,0.1441857519009644,0.008298821415736183
1,5,1,True,7,Web-Based,2,DDoS,0.05736696144161071,0.07236753045376358,0.05452670758696665
1,5,1,True,7,Web-Based,3,DoS,0.05090745494748166,0.03783124306648626,0.012572142659275492
1,5,1,True,7,Web-Based,4,Mirai,0.08896092252781705,0.12595594472498736,0.12680239855305564
1,5,1,True,7,Web-Based,5,Recon,0.16215158397688387,0.11387126975217021,0.29510931665947837
1,5,1,True,7,Web-Based,6,Spoofing,0.20980220535608016,0.14849745866252143,0.47882548768979566
1,5,1,True,7,Web-Based,7,Web-Based,0.17926691240558712,0.16856167827973806,0.010130967074348123
1,5,2,False,0,Benign,0,Benign,0.17754109849380192,0.2007658346495211,0.15516749217397513
1,5,2,False,0,Benign,1,BruteForce,0.01962901532486193,0.13044727891135416,0.02020697169099876
1,5,2,False,0,Benign,2,DDoS,0.02091029734660536,0.08196280912396325,0.02483690992421998
1,5,2,False,0,Benign,3,DoS,0.010695526948761441,0.06153865047401969,0.021903132373728325
1,5,2,False,0,Benign,4,Mirai,0.3357035731244751,0.115442038937813,0.3359140225651714
1,5,2,False,0,Benign,5,Recon,0.371165427821605,0.11913076067078215,0.38273503638041545
1,5,2,False,0,Benign,6,Spoofing,0.03828698278353157,0.1468200974926887,0.03607525256740638
1,5,2,False,0,Benign,7,Web-Based,0.02606807815635768,0.14389252973985792,0.02316118232408474
1,5,2,False,1,BruteForce,0,Benign,0.1664117653319619,0.16180810726704514,0.1467095370191094
1,5,2,False,1,BruteForce,1,BruteForce,0.026084663304170048,0.18486695939945982,0.022985457984859892
1,5,2,False,1,BruteForce,2,DDoS,0.016774674365884305,0.06963051237706532,0.017791320728001596
1,5,2,False,1,BruteForce,3,DoS,0.008499678779666254,0.04023823397933591,0.01686477535592938
1,5,2,False,1,BruteForce,4,Mirai,0.3479889732251588,0.11629501065780959,0.34946964266103686
1,5,2,False,1,BruteForce,5,Recon,0.3623148359092567,0.10531575839268961,0.38500319043422254
1,5,2,False,1,BruteForce,6,Spoofing,0.03709558898673354,0.14628561270287055,0.03336265034182514
1,5,2,False,1,BruteForce,7,Web-Based,0.034829820097168444,0.175559805223724,0.027813425475015124
1,5,2,False,2,DDoS,0,Benign,0.05712775443313953,0.07443679092609701,0.09243642996206623
1,5,2,False,2,DDoS,1,BruteForce,0.013717673627276052,0.05308735998196655,0.024709175856203476
1,5,2,False,2,DDoS,2,DDoS,0.6022629574491695,0.5605953662650159,0.45204813066914906
1,5,2,False,2,DDoS,3,DoS,0.01160532347335824,0.06422052360697965,0.02210006079565015
1,5,2,False,2,DDoS,4,Mirai,0.1569738725119968,0.07155919398496972,0.18417335762347684
1,5,2,False,2,DDoS,5,Recon,0.12882671579184005,0.06566450848624819,0.17897191068459242
1,5,2,False,2,DDoS,6,Spoofing,0.014672961331878821,0.05878185110891081,0.02380177489314433
1,5,2,False,2,DDoS,7,Web-Based,0.014812741381341137,0.051654405639812224,0.021759159515717497
1,5,2,False,3,DoS,0,Benign,0.03745364313270821,0.054378118645655955,0.07423245721019542
1,5,2,False,3,DoS,1,BruteForce,0.0193729082405269,0.07384577101325505,0.030443967390512406
1,5,2,False,3,DoS,2,DDoS,0.1923149888068293,0.14834068436625114,0.12209621095118063
1,5,2,False,3,DoS,3,DoS,0.3959042538140565,0.4674321373158705,0.2235281468682234
1,5,2,False,3,DoS,4,Mirai,0.20693109785848998,0.09698287781420406,0.24700607328376994
1,5,2,False,3,DoS,5,Recon,0.10900160185791012,0.0438638321920747,0.24790555799165553
1,5,2,False,3,DoS,6,Spoofing,0.02071495574956698,0.07925057346817085,0.029631423152986853
1,5,2,False,3,DoS,7,Web-Based,0.018306550539912005,0.035906005184517725,0.025156163151475817
1,5,2,False,4,Mirai,0,Benign,0.146049816636657,0.16400180329138195,0.1493377915779523
1,5,2,False,4,Mirai,1,BruteForce,0.018459567554939323,0.1492807085303768,0.01927501948970061
1,5,2,False,4,Mirai,2,DDoS,0.021939454355496872,0.0816057552767693,0.02255940543558527
1,5,2,False,4,Mirai,3,DoS,0.009259750617200361,0.0638989259542355,0.020264412532864148
1,5,2,False,4,Mirai,4,Mirai,0.49883065678945365,0.15508071342833102,0.41690692612713565
1,5,2,False,4,Mirai,5,Recon,0.2480759832656258,0.08922834803187274,0.3150578115032778
1,5,2,False,4,Mirai,6,Spoofing,0.033123905397956586,0.1477687501855558,0.03463700112605171
1,5,2,False,4,Mirai,7,Web-Based,0.024260865382670287,0.14913499530147695,0.021961632207432438
1,5,2,False,5,Recon,0,Benign,0.15310027532105616,0.15701166528815172,0.13991036853333705
1,5,2,False,5,Recon,1,BruteForce,0.02566089592269145,0.17552485103484256,0.022959709159566802
1,5,2,False,5,Recon,2,DDoS,0.016002519085836626,0.06963788585252075,0.01759819314837628
1,5,2,False,5,Recon,3,DoS,0.008894169570729488,0.04180333410732831,0.016998861128553096
1,5,2,False,5,Recon,4,Mirai,0.3045861129991593,0.11572998825210658,0.3418745355520832
1,5,2,False,5,Recon,5,Recon,0.4202738588887208,0.12234747576902287,0.40087168660804506
1,5,2,False,5,Recon,6,Spoofing,0.03808661226121682,0.1407141427287992,0.032696458412240906
1,5,2,False,5,Recon,7,Web-Based,0.033395555950589406,0.17723065696722798,0.027090187457797683
1,5,2,False,6,Spoofing,0,Benign,0.16693908038814534,0.18969382901416618,0.14999845851380175
1,5,2,False,6,Spoofing,1,BruteForce,0.021300185201275943,0.13356671171644138,0.020894841280412003
1,5,2,False,6,Spoofing,2,DDoS,0.01503575668223251,0.06999039149032314,0.01908801949955038
1,5,2,False,6,Spoofing,3,DoS,0.009389606752928544,0.04487543744786329,0.01990548896326303
1,5,2,False,6,Spoofing,4,Mirai,0.2985043125282221,0.11520759982211017,0.31733955553989673
1,5,2,False,6,Spoofing,5,Recon,0.42122911718796074,0.12208859600051152,0.4104761713150622
1,5,2,False,6,Spoofing,6,Spoofing,0.03929940629749646,0.17346306786001778,0.03817166657681523
1,5,2,False,6,Spoofing,7,Web-Based,0.02830253496173828,0.15111436664856656,0.024125798311198696
1,5,2,False,7,Web-Based,0,Benign,0.16657681186220505,0.1887291231593687,0.15534963756362322
1,5,2,False,7,Web-Based,1,BruteForce,0.02107010538783159,0.1441857519009644,0.01998890373401627
1,5,2,False,7,Web-Based,2,DDoS,0.016641905276433805,0.07236753045376358,0.019995455457424424
1,5,2,False,7,Web-Based,3,DoS,0.008648307170565141,0.03783124306648626,0.017779293256949942
1,5,2,False,7,Web-Based,4,Mirai,0.37387046263896906,0.12595594472498736,0.3703569074777412
1,5,2,False,7,Web-Based,5,Recon,0.3491560155333859,0.11387126975217021,0.3576040454011711
1,5,2,False,7,Web-Based,6,Spoofing,0.03539420599341787,0.14849745866252143,0.03456511848490651
1,5,2,False,7,Web-Based,7,Web-Based,0.028642186137191526,0.16856167827973806,0.024360638624167468
1,5,3,False,0,Benign,0,Benign,0.14869131955902334,0.2007658346495211,0.11885254276976849
1,5,3,False,0,Benign,1,BruteForce,0.3535897596857199,0.13044727891135416,0.34183347738017056
1,5,3,False,0,Benign,2,DDoS,0.09170467969959235,0.08196280912396325,0.12378352278465309
1,5,3,False,0,Benign,3,DoS,0.030096191367810735,0.06153865047401969,0.044653900704609784
1,5,3,False,0,Benign,4,Mirai,0.2181597371447507,0.115442038937813,0.22325900240316113
1,5,3,False,0,Benign,5,Recon,0.09223013322461314,0.11913076067078215,0.09131375981835803
1,5,3,False,0,Benign,6,Spoofing,0.027147228157065505,0.1468200974926887,0.02743729080595953
1,5,3,False,0,Benign,7,Web-Based,0.03838095116142441,0.14389252973985792,0.02886650333331943
1,5,3,False,1,BruteForce,0,Benign,0.11140788695901706,0.16180810726704514,0.10422845740096678
1,5,3,False,1,BruteForce,1,BruteForce,0.4815459306675301,0.18486695939945982,0.4420364598311267
1,5,3,False,1,BruteForce,2,DDoS,0.05983768109694582,0.06963051237706532,0.06434640405943129
1,5,3,False,1,BruteForce,3,DoS,0.030760674973764893,0.04023823397933591,0.04339879802482092
1,5,3,False,1,BruteForce,4,Mirai,0.17855393648510196,0.11629501065780959,0.20464662397004163
1,5,3,False,1,BruteForce,5,Recon,0.06513192524178917,0.10531575839268961,0.08160172798012294
1,5,3,False,1,BruteForce,6,Spoofing,0.02789262105094266,0.14628561270287055,0.028321106426362385
1,5,3,False,1,BruteForce,7,Web-Based,0.04486934352490821,0.175559805223724,0.03142042230712738
1,5,3,False,2,DDoS,0,Benign,0.04542456273873141,0.07443679092609701,0.05418656669811476
1,5,3,False,2,DDoS,1,BruteForce,0.12050808167887873,0.05308735998196655,0.13362710600047714
1,5,3,False,2,DDoS,2,DDoS,0.6445061468272508,0.5605953662650159,0.6084341304810735
1,5,3,False,2,DDoS,3,DoS,0.025198578432699938,0.06422052360697965,0.029694312183729966
1,5,3,False,2,DDoS,4,Mirai,0.08366828224663304,0.07155919398496972,0.0876212099996208
1,5,3,False,2,DDoS,5,Recon,0.05263683336373299,0.06566450848624819,0.05046877631761053
1,5,3,False,2,DDoS,6,Spoofing,0.0115173782118889,0.05878185110891081,0.016799953749613523
1,5,3,False,2,DDoS,7,Web-Based,0.01654013650018405,0.051654405639812224,0.01916794456975978
1,5,3,False,3,DoS,0,Benign,0.029779664297992618,0.054378118645655955,0.049824806740559134
1,5,3,False,3,DoS,1,BruteForce,0.11305246982234399,0.07384577101325505,0.15871638978004346
1,5,3,False,3,DoS,2,DDoS,0.25064399037156193,0.14834068436625114,0.2739374321325671
1,5,3,False,3,DoS,3,DoS,0.42579901166424844,0.4674321373158705,0.2839548812108047
1,5,3,False,3,DoS,4,Mirai,0.12111648821115185,0.09698287781420406,0.14274198998363813
1,5,3,False,3,DoS,5,Recon,0.027666820756832734,0.0438638321920747,0.046865274202214556
1,5,3,False,3,DoS,6,Spoofing,0.015354881149490896,0.07925057346817085,0.018854402550887935
1,5,3,False,3,DoS,7,Web-Based,0.016586673726377614,0.035906005184517725,0.02510482339928486
1,5,3,False,4,Mirai,0,Benign,0.1067337102748769,0.16400180329138195,0.10394801873029945
1,5,3,False,4,Mirai,1,BruteForce,0.364705204015696,0.1492807085303768,0.3662581022185664
1,5,3,False,4,Mirai,2,DDoS,0.0953556569842432,0.0816057552767693,0.10740728079125414
1,5,3,False,4,Mirai,3,DoS,0.028148105740053175,0.0638989259542355,0.04208730839404158
1,5,3,False,4,Mirai,4,Mirai,0.28671469928961013,0.15508071342833102,0.25034116343665686
1,5,3,False,4,Mirai,5,Recon,0.05574688147012382,0.08922834803187274,0.07377720890383144
1,5,3,False,4,Mirai,6,Spoofing,0.026273705492293367,0.1477687501855558,0.027117561978776256
1,5,3,False,4,Mirai,7,Web-Based,0.03632203673310346,0.14913499530147695,0.029063355546573952
1,5,3,False,5,Recon,0,Benign,0.1048576402911111,0.15701166528815172,0.09756590563366478
1,5,3,False,5,Recon,1,BruteForce,0.47855179229157563,0.17552485103484256,0.4393565922828682
1,5,3,False,5,Recon,2,DDoS,0.05850838673061442,0.06963788585252075,0.06267543526401637
1,5,3,False,5,Recon,3,DoS,0.03151476550271875,0.04180333410732831,0.04463156907363983
1,5,3,False,5,Recon,4,Mirai,0.16868160707568872,0.11572998825210658,0.20565759171174258
1,5,3,False,5,Recon,5,Recon,0.0873031949969819,0.12234747576902287,0.0917340051966015
1,5,3,False,5,Recon,6,Spoofing,0.02619228000711427,0.1407141427287992,0.02682067240807345
1,5,3,False,5,Recon,7,Web-Based,0.044390333104195295,0.17723065696722798,0.03155822842939329
1,5,3,False,6,Spoofing,0,Benign,0.14173027376766395,0.18969382901416618,0.12262083379026725
1,5,3,False,6,Spoofing,1,BruteForce,0.3897305421452865,0.13356671171644138,0.3671513011785513
1,5,3,False,6,Spoofing,2,DDoS,0.05190885785773798,0.06999039149032314,0.07061394487219584
1,5,3,False,6,Spoofing,3,DoS,0.028354293341470754,0.04487543744786329,0.04085530223639366
1,5,3,False,6,Spoofing,4,Mirai,0.21640386443768497,0.11520759982211017,0.2393203767527391
1,5,3,False,6,Spoofing,5,Recon,0.09948443090657118,0.12208859600051152,0.09944266369448852
1,5,3,False,6,Spoofing,6,Spoofing,0.029461868864237444,0.17346306786001778,0.030191004562158057
1,5,3,False,6,Spoofing,7,Web-Based,0.04292586867934729,0.15111436664856656,0.029804572913206245
1,5,3,False,7,Web-Based,0,Benign,0.1375510184302929,0.1887291231593687,0.12166781308232819
1,5,3,False,7,Web-Based,1,BruteForce,0.396409542128435,0.1441857519009644,0.381819740473302
1,5,3,False,7,Web-Based,2,DDoS,0.06215107405854208,0.07236753045376358,0.08681887661962281
1,5,3,False,7,Web-Based,3,DoS,0.027295070359164644,0.03783124306648626,0.03828257697757771
1,5,3,False,7,Web-Based,4,Mirai,0.21927003776114648,0.12595594472498736,0.22489869579251326
1,5,3,False,7,Web-Based,5,Recon,0.08793850989828926,0.11387126975217021,0.08862106663524917
1,5,3,False,7,Web-Based,6,Spoofing,0.027467128221733198,0.14849745866252143,0.027871303862086062
1,5,3,False,7,Web-Based,7,Web-Based,0.041917619142396605,0.16856167827973806,0.030019926557320668
1,5,4,False,0,Benign,0,Benign,0.5192865674536868,0.2007658346495211,0.5079957351917117
1,5,4,False,0,Benign,1,BruteForce,0.01653710049640663,0.13044727891135416,0.01748946183137613
1,5,4,False,0,Benign,2,DDoS,0.015794801851013396,0.08196280912396325,0.021068978105766273
1,5,4,False,0,Benign,3,DoS,0.048323840762524356,0.06153865047401969,0.11805400248392045
1,5,4,False,0,Benign,4,Mirai,0.05841381936389936,0.115442038937813,0.051857750097300044
1,5,4,False,0,Benign,5,Recon,0.05448173187132087,0.11913076067078215,0.044870356461185056
1,5,4,False,0,Benign,6,Spoofing,0.14907494414150424,0.1468200974926887,0.12974401873056032
1,5,4,False,0,Benign,7,Web-Based,0.13808719405964437,0.14389252973985792,0.10891969709817997
1,5,4,False,1,BruteForce,0,Benign,0.4866684617816397,0.16180810726704514,0.5389955761261209
1,5,4,False,1,BruteForce,1,BruteForce,0.0196741106396605,0.18486695939945982,0.017308943523206857
1,5,4,False,1,BruteForce,2,DDoS,0.015629728471716633,0.06963051237706532,0.019094587480338956
1,5,4,False,1,BruteForce,3,DoS,0.030364507013589892,0.04023823397933591,0.046011712086405
1,5,4,False,1,BruteForce,4,Mirai,0.06333233165871505,0.11629501065780959,0.05660047445349295
1,5,4,False,1,BruteForce,5,Recon,0.05663569520789241,0.10531575839268961,0.04878325819914148
1,5,4,False,1,BruteForce,6,Spoofing,0.14596975430691553,0.14628561270287055,0.13701215473952064
1,5,4,False,1,BruteForce,7,Web-Based,0.18172541091987035,0.175559805223724,0.13619329339177316
1,5,4,False,2,DDoS,0,Benign,0.16169786302369152,0.07443679092609701,0.24393959575792235
1,5,4,False,2,DDoS,1,BruteForce,0.01778219047634298,0.05308735998196655,0.022141041236417712
1,5,4,False,2,DDoS,2,DDoS,0.5664021135921583,0.5605953662650159,0.4235565978710404
1,5,4,False,2,DDoS,3,DoS,0.07471770143784377,0.06422052360697965,0.10550288890410102
1,5,4,False,2,DDoS,4,Mirai,0.03223675152258298,0.07155919398496972,0.038561222616288644
1,5,4,False,2,DDoS,5,Recon,0.026050939022374108,0.06566450848624819,0.031050563041224537
1,5,4,False,2,DDoS,6,Spoofing,0.05690328168297893,0.05878185110891081,0.06882433656623298
1,5,4,False,2,DDoS,7,Web-Based,0.06420915924202754,0.051654405639812224,0.06642375400677236
1,5,4,False,3,DoS,0,Benign,0.061029159311606754,0.054378118645655955,0.07787514820812906
1,5,4,False,3,DoS,1,BruteForce,0.01177124418336943,0.07384577101325505,0.018979474854902208
1,5,4,False,3,DoS,2,DDoS,0.027999071130547875,0.14834068436625114,0.028906935572254794
1,5,4,False,3,DoS,3,DoS,0.7945207096573779,0.4674321373158705,0.7484607123074821
1,5,4,False,3,DoS,4,Mirai,0.019059946838564136,0.09698287781420406,0.023447361734180414
1,5,4,False,3,DoS,5,Recon,0.011776982428789317,0.0438638321920747,0.01725485135104091
1,5,4,False,3,DoS,6,Spoofing,0.045705547433883456,0.07925057346817085,0.04805986709779222
1,5,4,False,3,DoS,7,Web-Based,0.02813733901586122,0.035906005184517725,0.03701564887421835
1,5,4,False,4,Mirai,0,Benign,0.4837823842511088,0.16400180329138195,0.4965879247066158
1,5,4,False,4,Mirai,1,BruteForce,0.01787998976234919,0.1492807085303768,0.01775053418160157
1,5,4,False,4,Mirai,2,DDoS,0.01663908822162137,0.0816057552767693,0.01977268644247351
1,5,4,False,4,Mirai,3,DoS,0.06693086192207931,0.0638989259542355,0.12263830614322681
1,5,4,False,4,Mirai,4,Mirai,0.07847645838621703,0.15508071342833102,0.05638430205370269
1,5,4,False,4,Mirai,5,Recon,0.04499932996927299,0.08922834803187274,0.04138758345937428
1,5,4,False,4,Mirai,6,Spoofing,0.1485265047403413,0.1477687501855558,0.1311358886537027
1,5,4,False,4,Mirai,7,Web-Based,0.1427653827470099,0.14913499530147695,0.11434277435930258
1,5,4,False,5,Recon,0,Benign,0.47661098011837455,0.15701166528815172,0.5312455447983859
1,5,4,False,5,Recon,1,BruteForce,0.019914305642671895,0.17552485103484256,0.0175746854967464
1,5,4,False,5,Recon,2,DDoS,0.015654966452491086,0.06963788585252075,0.019201740904951983
1,5,4,False,5,Recon,3,DoS,0.031581666742172804,0.04180333410732831,0.051801502990743445
1,5,4,False,5,Recon,4,Mirai,0.05933152274281787,0.11572998825210658,0.05578130400813185
1,5,4,False,5,Recon,5,Recon,0.07332494833275369,0.12234747576902287,0.0544097450669764
1,5,4,False,5,Recon,6,Spoofing,0.13505657919072953,0.1407141427287992,0.13279172107750647
1,5,4,False,5,Recon,7,Web-Based,0.1885250307779886,0.17723065696722798,0.13719375565655736
1,5,4,False,6,Spoofing,0,Benign,0.5129373098042047,0.18969382901416618,0.5367291950120796
1,5,4,False,6,Spoofing,1,BruteForce,0.016806260780945347,0.13356671171644138,0.017387891299526708
1,5,4,False,6,Spoofing,2,DDoS,0.015204583175179991,0.06999039149032314,0.019919672538647067
1,5,4,False,6,Spoofing,3,DoS,0.03200792147685581,0.04487543744786329,0.07140899313666473
1,5,4,False,6,Spoofing,4,Mirai,0.058194657802241964,0.11520759982211017,0.05230154226277583
1,5,4,False,6,Spoofing,5,Recon,0.0551936740515744,0.12208859600051152,0.04718666696582754
1,5,4,False,6,Spoofing,6,Spoofing,0.16176743877989735,0.17346306786001778,0.1407045503825967
1,5,4,False,6,Spoofing,7,Web-Based,0.1478881541291004,0.15111436664856656,0.11436148840188197
1,5,4,False,7,Web-Based,0,Benign,0.5126345839876542,0.1887291231593687,0.5452923947553538
1,5,4,False,7,Web-Based,1,BruteForce,0.01789638873883006,0.1441857519009644,0.017324480126832013
1,5,4,False,7,Web-Based,2,DDoS,0.015523536644122544,0.07236753045376358,0.020624852395507213
1,5,4,False,7,Web-Based,3,DoS,0.02831301498934696,0.03783124306648626,0.051402003499636945
1,5,4,False,7,Web-Based,4,Mirai,0.06479504381374239,0.12595594472498736,0.05589367899116845
1,5,4,False,7,Web-Based,5,Recon,0.054348984273133144,0.11387126975217021,0.04665063687173556
1,5,4,False,7,Web-Based,6,Spoofing,0.14106544062274842,0.14849745866252143,0.134926452910806
1,5,4,False,7,Web-Based,7,Web-Based,0.1654230069304223,0.16856167827973806,0.12788550044896002
1,5,5,False,0,Benign,0,Benign,0.4334180728760686,0.2007658346495211,0.3783280723088211
1,5,5,False,0,Benign,1,BruteForce,0.012607479724028516,0.13044727891135416,0.017547510079094965
1,5,5,False,0,Benign,2,DDoS,0.040693434848790434,0.08196280912396325,0.051107934128251306
1,5,5,False,0,Benign,3,DoS,0.011794475009035887,0.06153865047401969,0.01959878619832978
1,5,5,False,0,Benign,4,Mirai,0.019638790708675528,0.115442038937813,0.02363074014508072
1,5,5,False,0,Benign,5,Recon,0.08418826710469351,0.11913076067078215,0.0744806952042887
1,5,5,False,0,Benign,6,Spoofing,0.3804700124485296,0.1468200974926887,0.41640980896830043
1,5,5,False,0,Benign,7,Web-Based,0.017189467280177905,0.14389252973985792,0.018896452967833058
1,5,5,False,1,BruteForce,0,Benign,0.44833992287524105,0.16180810726704514,0.4220793397155259
1,5,5,False,1,BruteForce,1,BruteForce,0.013662549870156731,0.18486695939945982,0.017452424571843622
1,5,5,False,1,BruteForce,2,DDoS,0.023899295190232088,0.06963051237706532,0.030756218001764053
1,5,5,False,1,BruteForce,3,DoS,0.011055609018693418,0.04023823397933591,0.019057952971509008
1,5,5,False,1,BruteForce,4,Mirai,0.019383351006942825,0.11629501065780959,0.02385929989556012
1,5,5,False,1,BruteForce,5,Recon,0.08903375364330796,0.10531575839268961,0.0768380145216068
1,5,5,False,1,BruteForce,6,Spoofing,0.37612621091607756,0.14628561270287055,0.3907260856561628
1,5,5,False,1,BruteForce,7,Web-Based,0.018499307479348408,0.175559805223724,0.019230664666027766
1,5,5,False,2,DDoS,0,Benign,0.1392401389578293,0.07443679092609701,0.15728459891530153
1,5,5,False,2,DDoS,1,BruteForce,0.011849684843951058,0.05308735998196655,0.020081329595853403
1,5,5,False,2,DDoS,2,DDoS,0.6366387084445,0.5605953662650159,0.5617724981376889
1,5,5,False,2,DDoS,3,DoS,0.008023866598386636,0.06422052360697965,0.012859254036653837
1,5,5,False,2,DDoS,4,Mirai,0.012608678919798822,0.07155919398496972,0.019400251437496654
1,5,5,False,2,DDoS,5,Recon,0.046754644322036354,0.06566450848624819,0.04233680995181692
1,5,5,False,2,DDoS,6,Spoofing,0.1349843447411154,0.05878185110891081,0.17072499753583964
1,5,5,False,2,DDoS,7,Web-Based,0.009899933172382538,0.051654405639812224,0.01554026038934899
1,5,5,False,3,DoS,0,Benign,0.10148329963705165,0.054378118645655955,0.1521870865087781
1,5,5,False,3,DoS,1,BruteForce,0.02013518691720377,0.07384577101325505,0.02707200618051485
1,5,5,False,3,DoS,2,DDoS,0.17171311561698696,0.14834068436625114,0.14666000047508393
1,5,5,False,3,DoS,3,DoS,0.3466921099442142,0.4674321373158705,0.18098746353411105
1,5,5,False,3,DoS,4,Mirai,0.015695520605249005,0.09698287781420406,0.0225941413864522
1,5,5,False,3,DoS,5,Recon,0.03212372517317878,0.0438638321920747,0.047561405360367064
1,5,5,False,3,DoS,6,Spoofing,0.2987558950151334,0.07925057346817085,0.40015524914078443
1,5,5,False,3,DoS,7,Web-Based,0.013401147090982226,0.035906005184517725,0.02278264741390845
1,5,5,False,4,Mirai,0,Benign,0.4151815433035801,0.16400180329138195,0.3881948853418603
1,5,5,False,4,Mirai,1,BruteForce,0.013126447247112897,0.1492807085303768,0.017591480932306197
1,5,5,False,4,Mirai,2,DDoS,0.033566821994270975,0.0816057552767693,0.04069487135055433
1,5,5,False,4,Mirai,3,DoS,0.01158835462983327,0.0638989259542355,0.019884109120460344
1,5,5,False,4,Mirai,4,Mirai,0.021562478102791077,0.15508071342833102,0.024656434139932532
1,5,5,False,4,Mirai,5,Recon,0.07058926227886854,0.08922834803187274,0.0680386101742592
1,5,5,False,4,Mirai,6,Spoofing,0.41728025502390415,0.1477687501855558,0.422302547286838
1,5,5,False,4,Mirai,7,Web-Based,0.01710483741963917,0.14913499530147695,0.01863706165378906
1,5,5,False,5,Recon,0,Benign,0.44769079061604744,0.15701166528815172,0.4165851513257524
1,5,5,False,5,Recon,1,BruteForce,0.013916590652720407,0.17552485103484256,0.017232907660537707
1,5,5,False,5,Recon,2,DDoS,0.02409499748427527,0.06963788585252075,0.030855083847475456
1,5,5,False,5,Recon,3,DoS,0.011447114843871835,0.04180333410732831,0.01930504435685354
1,5,5,False,5,Recon,4,Mirai,0.01832776802030587,0.11572998825210658,0.023053352050397432
1,5,5,False,5,Recon,5,Recon,0.124248064382557,0.12234747576902287,0.09082699923357593
1,5,5,False,5,Recon,6,Spoofing,0.34138041101254013,0.1407141427287992,0.3830407149459981
1,5,5,False,5,Recon,7,Web-Based,0.018894262987682122,0.17723065696722798,0.019100746579409494
1,5,5,False,6,Spoofing,0,Benign,0.41894205747800184,0.18969382901416618,0.384339731543249
1,5,5,False,6,Spoofing,1,BruteForce,0.012403884263512162,0.13356671171644138,0.017071650158905514
1,5,5,False,6,Spoofing,2,DDoS,0.02318915352523118,0.06999039149032314,0.03154310353527155
1,5,5,False,6,Spoofing,3,DoS,0.011465403567643515,0.04487543744786329,0.01963870014916002
1,5,5,False,6,Spoofing,4,Mirai,0.019240793945151508,0.11520759982211017,0.02363134532308709
1,5,5,False,6,Spoofing,5,Recon,0.08573591595145941,0.12208859600051152,0.07216007608053722
1,5,5,False,6,Spoofing,6,Spoofing,0.4117905076989898,0.17346306786001778,0.4330544183475924
1,5,5,False,6,Spoofing,7,Web-Based,0.017232283570010533,0.15111436664856656,0.018560974862197207
1,5,5,False,7,Web-Based,0,Benign,0.45842224773182205,0.1887291231593687,0.4216269510220606
1,5,5,False,7,Web-Based,1,BruteForce,0.01290281034490137,0.1441857519009644,0.01734601397073613
1,5,5,False,7,Web-Based,2,DDoS,0.024764745027464397,0.07236753045376358,0.033328462487528146
1,5,5,False,7,Web-Based,3,DoS,0.011132897777731077,0.03783124306648626,0.019046315251843134
1,5,5,False,7,Web-Based,4,Mirai,0.019987713758065427,0.12595594472498736,0.02389689832549251
1,5,5,False,7,Web-Based,5,Recon,0.0828772673386354,0.11387126975217021,0.07154520334700588
1,5,5,False,7,Web-Based,6,Spoofing,0.37203849917327597,0.14849745866252143,0.3943679879536759
1,5,5,False,7,Web-Based,7,Web-Based,0.017873818848104354,0.16856167827973806,0.018842167641657553
1,5,6,False,0,Benign,0,Benign,0.5907848435405947,0.2007658346495211,0.5635906685768259
1,5,6,False,0,Benign,1,BruteForce,0.08926282506802655,0.13044727891135416,0.07299659075803594
1,5,6,False,0,Benign,2,DDoS,0.017801005043221844,0.08196280912396325,0.022728536544494627
1,5,6,False,0,Benign,3,DoS,0.024748197505074346,0.06153865047401969,0.031804090117990215
1,5,6,False,0,Benign,4,Mirai,0.22934857395773758,0.115442038937813,0.2587297366439052
1,5,6,False,0,Benign,5,Recon,0.018405451088688525,0.11913076067078215,0.018895481360983485
1,5,6,False,0,Benign,6,Spoofing,0.015514386742268639,0.1468200974926887,0.0177701765605472
1,5,6,False,0,Benign,7,Web-Based,0.014134717054387845,0.14389252973985792,0.01348471943721746
1,5,6,False,1,BruteForce,0,Benign,0.5661359518241476,0.16180810726704514,0.5549714020686299
1,5,6,False,1,BruteForce,1,BruteForce,0.1129045615419723,0.18486695939945982,0.08560280046420034
1,5,6,False,1,BruteForce,2,DDoS,0.018126457364395093,0.06963051237706532,0.021062767913920828
1,5,6,False,1,BruteForce,3,DoS,0.015396593928644254,0.04023823397933591,0.02567387307698594
1,5,6,False,1,BruteForce,4,Mirai,0.23777889933040966,0.11629501065780959,0.26100076552171436
1,5,6,False,1,BruteForce,5,Recon,0.01779526517089713,0.10531575839268961,0.019051100528756047
1,5,6,False,1,BruteForce,6,Spoofing,0.01600864348510618,0.14628561270287055,0.018381569423341976
1,5,6,False,1,BruteForce,7,Web-Based,0.015853627354427833,0.175559805223724,0.014255721002450587
1,5,6,False,2,DDoS,0,Benign,0.3153589807327374,0.07443679092609701,0.4202436186435445
1,5,6,False,2,DDoS,1,BruteForce,0.05554453634875416,0.05308735998196655,0.05236872798432571
1,5,6,False,2,DDoS,2,DDoS,0.31832765916348654,0.5605953662650159,0.18140853702907217
1,5,6,False,2,DDoS,3,DoS,0.036822986599162943,0.06422052360697965,0.03450566219496077
1,5,6,False,2,DDoS,4,Mirai,0.23129465916571668,0.07155919398496972,0.2590831465024586
1,5,6,False,2,DDoS,5,Recon,0.015559604980290888,0.06566450848624819,0.018087462278336484
1,5,6,False,2,DDoS,6,Spoofing,0.01354564806577468,0.05878185110891081,0.017904361348387392
1,5,6,False,2,DDoS,7,Web-Based,0.013545924944076798,0.051654405639812224,0.016398484018914375
1,5,6,False,3,DoS,0,Benign,0.16027307880899233,0.054378118645655955,0.25688272991575484
1,5,6,False,3,DoS,1,BruteForce,0.05951626029226148,0.07384577101325505,0.06691429012445817
1,5,6,False,3,DoS,2,DDoS,0.035525800933859736,0.14834068436625114,0.040240292913036796
1,5,6,False,3,DoS,3,DoS,0.5379249736319811,0.4674321373158705,0.3115024818327052
1,5,6,False,3,DoS,4,Mirai,0.16107613045618832,0.09698287781420406,0.26550556668029934
1,5,6,False,3,DoS,5,Recon,0.015121769408404248,0.0438638321920747,0.02110137052285292
1,5,6,False,3,DoS,6,Spoofing,0.015623646501654891,0.07925057346817085,0.018396588269915543
1,5,6,False,3,DoS,7,Web-Based,0.014938339966657992,0.035906005184517725,0.019456679740977197
1,5,6,False,4,Mirai,0,Benign,0.499808254715342,0.16400180329138195,0.5069725828697176
1,5,6,False,4,Mirai,1,BruteForce,0.09548545640776947,0.1492807085303768,0.07708283150685984
1,5,6,False,4,Mirai,2,DDoS,0.019572658121126983,0.0816057552767693,0.023175436673754362
1,5,6,False,4,Mirai,3,DoS,0.020649814103673142,0.0638989259542355,0.029480894384506
1,5,6,False,4,Mirai,4,Mirai,0.31818182405382717,0.15508071342833102,0.31307240406737114
1,5,6,False,4,Mirai,5,Recon,0.01635486882478969,0.08922834803187274,0.018484869990236578
1,5,6,False,4,Mirai,6,Spoofing,0.015479081541674973,0.1477687501855558,0.017907721722121184
1,5,6,False,4,Mirai,7,Web-Based,0.014468042231796525,0.14913499530147695,0.013823258785433315
1,5,6,False,5,Recon,0,Benign,0.569218060678424,0.15701166528815172,0.5511247022879678
1,5,6,False,5,Recon,1,BruteForce,0.11852299146383871,0.17552485103484256,0.08735828671699891
1,5,6,False,5,Recon,2,DDoS,0.018519792632595403,0.06963788585252075,0.021377815255414247
1,5,6,False,5,Recon,3,DoS,0.016265421711857162,0.04180333410732831,0.026286416125428317
1,5,6,False,5,Recon,4,Mirai,0.2263098991282851,0.11572998825210658,0.2618948779018005
1,5,6,False,5,Recon,5,Recon,0.019280755603651726,0.12234747576902287,0.019279064524510857
1,5,6,False,5,Recon,6,Spoofing,0.015549623399531682,0.1407141427287992,0.018291903731509438
1,5,6,False,5,Recon,7,Web-Based,0.01633345538181624,0.17723065696722798,0.014386933456370042
1,5,6,False,6,Spoofing,0,Benign,0.5983628124810291,0.18969382901416618,0.574631586254015
1,5,6,False,6,Spoofing,1,BruteForce,0.0927333943193585,0.13356671171644138,0.07334502540275967
1,5,6,False,6,Spoofing,2,DDoS,0.0171170013473379,0.06999039149032314,0.02158222435786873
1,5,6,False,6,Spoofing,3,DoS,0.017801430996309067,0.04487543744786329,0.026679753006541466
1,5,6,False,6,Spoofing,4,Mirai,0.22584416807508742,0.11520759982211017,0.2542762647531606
1,5,6,False,6,Spoofing,5,Recon,0.018557213717466717,0.12208859600051152,0.01860513125670131
1,5,6,False,6,Spoofing,6,Spoofing,0.015271221062155305,0.17346306786001778,0.017691682519896265
1,5,6,False,6,Spoofing,7,Web-Based,0.014312758001256068,0.15111436664856656,0.013188332449056994
1,5,6,False,7,Web-Based,0,Benign,0.5710117272334458,0.1887291231593687,0.5607980975870772
1,5,6,False,7,Web-Based,1,BruteForce,0.09865887451369214,0.1441857519009644,0.07829739978430017
1,5,6,False,7,Web-Based,2,DDoS,0.01717979542471538,0.07236753045376358,0.021601190255963076
1,5,6,False,7,Web-Based,3,DoS,0.015119158675051833,0.03783124306648626,0.024415889745459884
1,5,6,False,7,Web-Based,4,Mirai,0.2503361116449907,0.12595594472498736,0.26472536396730617
1,5,6,False,7,Web-Based,5,Recon,0.01781886062503152,0.11387126975217021,0.01866916262239674
1,5,6,False,7,Web-Based,6,Spoofing,0.015243999228197417,0.14849745866252143,0.01774326431444597
1,5,6,False,7,Web-Based,7,Web-Based,0.014631472654875145,0.16856167827973806,0.013749631723050777
1,5,7,True,0,Benign,0,Benign,0.09540868849847785,0.2007658346495211,0.1612130099482367
1,5,7,True,0,Benign,1,BruteForce,0.27388191820347574,0.13044727891135416,0.021549698594711935
1,5,7,True,0,Benign,2,DDoS,0.14366763969768684,0.08196280912396325,0.21755281072488927
1,5,7,True,0,Benign,3,DoS,0.042295410765528195,0.06153865047401969,0.0507713524334422
1,5,7,True,0,Benign,4,Mirai,0.0669472979917598,0.115442038937813,0.10149800229687622
1,5,7,True,0,Benign,5,Recon,0.06730484532317728,0.11913076067078215,0.08915834590119735
1,5,7,True,0,Benign,6,Spoofing,0.10129676452017966,0.1468200974926887,0.2752811876886586
1,5,7,True,0,Benign,7,Web-Based,0.2091974349997147,0.14389252973985792,0.0829755924119876
1,5,7,True,1,BruteForce,0,Benign,0.09215582542683531,0.16180810726704514,0.17216505788819655
1,5,7,True,1,BruteForce,1,BruteForce,0.28551906535079963,0.18486695939945982,0.023489184260006412
1,5,7,True,1,BruteForce,2,DDoS,0.13201555879272894,0.06963051237706532,0.1782194383822207
1,5,7,True,1,BruteForce,3,DoS,0.03976151161003711,0.04023823397933591,0.02107490955539629
1,5,7,True,1,BruteForce,4,Mirai,0.06979574725793547,0.11629501065780959,0.11609453677926099
1,5,7,True,1,BruteForce,5,Recon,0.0662321180056967,0.10531575839268961,0.10624656030471129
1,5,7,True,1,BruteForce,6,Spoofing,0.09931838674790965,0.14628561270287055,0.27772178577655626
1,5,7,True,1,BruteForce,7,Web-Based,0.2152017868080572,0.175559805223724,0.10498852705365155
1,5,7,True,2,DDoS,0,Benign,0.07162567666484541,0.07443679092609701,0.05957168728630258
1,5,7,True,2,DDoS,1,BruteForce,0.2525362901453381,0.05308735998196655,0.018248559763005344
1,5,7,True,2,DDoS,2,DDoS,0.24137933117367774,0.5605953662650159,0.6887717265507326
1,5,7,True,2,DDoS,3,DoS,0.05903036529969849,0.06422052360697965,0.027932282682672043
1,5,7,True,2,DDoS,4,Mirai,0.05602428872170937,0.07155919398496972,0.04457647051358587
1,5,7,True,2,DDoS,5,Recon,0.05933923927704064,0.06566450848624819,0.04837520167158278
1,5,7,True,2,DDoS,6,Spoofing,0.07012237329410917,0.05878185110891081,0.07689998253077296
1,5,7,True,2,DDoS,7,Web-Based,0.18994243542358116,0.051654405639812224,0.03562408900134586
1,5,7,True,3,DoS,0,Benign,0.05994391077164287,0.054378118645655955,0.042044694103497406
1,5,7,True,3,DoS,1,BruteForce,0.25384506113311733,0.07384577101325505,0.022903262186133883
1,5,7,True,3,DoS,2,DDoS,0.18489844751767823,0.14834068436625114,0.29928914497879966
1,5,7,True,3,DoS,3,DoS,0.08935077739442313,0.4674321373158705,0.39409129704328877
1,5,7,True,3,DoS,4,Mirai,0.07242512669486612,0.09698287781420406,0.046517135311820994
1,5,7,True,3,DoS,5,Recon,0.04795130939723866,0.0438638321920747,0.03586961341078116
1,5,7,True,3,DoS,6,Spoofing,0.07999809690312826,0.07925057346817085,0.11958088099153534
1,5,7,True,3,DoS,7,Web-Based,0.21158727018790527,0.035906005184517725,0.03970397197414285
1,5,7,True,4,Mirai,0,Benign,0.09026943937575595,0.16400180329138195,0.15803829928626134
1,5,7,True,4,Mirai,1,BruteForce,0.27916430137816434,0.1492807085303768,0.02324967474085569
1,5,7,True,4,Mirai,2,DDoS,0.14389640493371025,0.0816057552767693,0.21429951582599055
1,5,7,True,4,Mirai,3,DoS,0.04192830487075629,0.0638989259542355,0.04786313847895252
1,5,7,True,4,Mirai,4,Mirai,0.07284613774178335,0.15508071342833102,0.12158082011883178
1,5,7,True,4,Mirai,5,Recon,0.0618230850228688,0.08922834803187274,0.07913860738665386
1,5,7,True,4,Mirai,6,Spoofing,0.10087817152562616,0.1477687501855558,0.2673355405055664
1,5,7,True,4,Mirai,7,Web-Based,0.2091941551513349,0.14913499530147695,0.08849440365688792
1,5,7,True,5,Recon,0,Benign,0.09171425830018735,0.15701166528815172,0.16933151293432142
1,5,7,True,5,Recon,1,BruteForce,0.2840855980507623,0.17552485103484256,0.023268371573153347
1,5,7,True,5,Recon,2,DDoS,0.13162743842168453,0.06963788585252075,0.17770704044744995
1,5,7,True,5,Recon,3,DoS,0.03974140990319195,0.04180333410732831,0.021267034241298704
1,5,7,True,5,Recon,4,Mirai,0.06984417721157031,0.11572998825210658,0.11627460050720387
1,5,7,True,5,Recon,5,Recon,0.0681423392683933,0.12234747576902287,0.12369832313348705
1,5,7,True,5,Recon,6,Spoofing,0.09785980728245719,0.1407141427287992,0.26291838932884415
1,5,7,True,5,Recon,7,Web-Based,0.2169849715617531,0.17723065696722798,0.10553472783424149
1,5,7,True,6,Spoofing,0,Benign,0.09555951292758551,0.18969382901416618,0.17501644461271487
1,5,7,True,6,Spoofing,1,BruteForce,0.2730704823010569,0.13356671171644138,0.021484065384614778
1,5,7,True,6,Spoofing,2,DDoS,0.1329274982899774,0.06999039149032314,0.15969167991808367
1,5,7,True,6,Spoofing,3,DoS,0.04101379732321779,0.04487543744786329,0.040222036031223
1,5,7,True,6,Spoofing,4,Mirai,0.06983904110687734,0.11520759982211017,0.10437302873967663
1,5,7,True,6,Spoofing,5,Recon,0.06874250604808325,0.12208859600051152,0.09595536247509695
1,5,7,True,6,Spoofing,6,Spoofing,0.1062624107308628,0.17346306786001778,0.3146634533266313
1,5,7,True,6,Spoofing,7,Web-Based,0.21258475127233892,0.15111436664856656,0.0885939295119589
1,5,7,True,7,Web-Based,0,Benign,0.0962927836541184,0.1887291231593687,0.1783952917633801
1,5,7,True,7,Web-Based,1,BruteForce,0.2742800942911732,0.1441857519009644,0.02330923188089099
1,5,7,True,7,Web-Based,2,DDoS,0.1349176256828594,0.07236753045376358,0.1826001336201361
1,5,7,True,7,Web-Based,3,DoS,0.04039498908590774,0.03783124306648626,0.024411332109139233
1,5,7,True,7,Web-Based,4,Mirai,0.06958382602021325,0.12595594472498736,0.11430485638861031
1,5,7,True,7,Web-Based,5,Recon,0.06760328924472102,0.11387126975217021,0.09879631550710012
1,5,7,True,7,Web-Based,6,Spoofing,0.1010266241182548,0.14849745866252143,0.28042700437631257
1,5,7,True,7,Web-Based,7,Web-Based,0.21590076790275212,0.16856167827973806,0.09775583435443067
1,5,8,True,0,Benign,0,Benign,0.05641581876278293,0.2007658346495211,0.019132850159553263
1,5,8,True,0,Benign,1,BruteForce,0.26103982320543795,0.13044727891135416,0.016068908819353574
1,5,8,True,0,Benign,2,DDoS,0.0646604117777872,0.08196280912396325,0.04439965505164727
1,5,8,True,0,Benign,3,DoS,0.07107850960001617,0.06153865047401969,0.056110536479231185
1,5,8,True,0,Benign,4,Mirai,0.06906305043301761,0.115442038937813,0.02349910412323074
1,5,8,True,0,Benign,5,Recon,0.051727915817499644,0.11913076067078215,0.03706211308079212
1,5,8,True,0,Benign,6,Spoofing,0.22600305883207378,0.1468200974926887,0.7847352431503148
1,5,8,True,0,Benign,7,Web-Based,0.20001141157138483,0.14389252973985792,0.0189915891358769
1,5,8,True,1,BruteForce,0,Benign,0.05530465393115536,0.16180810726704514,0.017743662669092622
1,5,8,True,1,BruteForce,1,BruteForce,0.2755111023908256,0.18486695939945982,0.012867881546379339
1,5,8,True,1,BruteForce,2,DDoS,0.06004341233090079,0.06963051237706532,0.021160047750757877
1,5,8,True,1,BruteForce,3,DoS,0.06998750213120096,0.04023823397933591,0.028157277884586593
1,5,8,True,1,BruteForce,4,Mirai,0.06869216755569843,0.11629501065780959,0.02336187849024363
1,5,8,True,1,BruteForce,5,Recon,0.0512711833968438,0.10531575839268961,0.03457158621983451
1,5,8,True,1,BruteForce,6,Spoofing,0.21789450128011187,0.14628561270287055,0.8435205502423192
1,5,8,True,1,BruteForce,7,Web-Based,0.20129547698326322,0.175559805223724,0.018617115196786365
1,5,8,True,2,DDoS,0,Benign,0.046608139159449585,0.07443679092609701,0.024591890673603345
1,5,8,True,2,DDoS,1,BruteForce,0.24543055538636963,0.05308735998196655,0.020488245038388166
1,5,8,True,2,DDoS,2,DDoS,0.19877163010431279,0.5605953662650159,0.5738390966700034
1,5,8,True,2,DDoS,3,DoS,0.07588377956126305,0.06422052360697965,0.03673158361827515
1,5,8,True,2,DDoS,4,Mirai,0.057884460718951994,0.07155919398496972,0.020919818015688825
1,5,8,True,2,DDoS,5,Recon,0.04378385291332837,0.06566450848624819,0.0387585856693685
1,5,8,True,2,DDoS,6,Spoofing,0.16094296695647484,0.05878185110891081,0.2685450562657869
1,5,8,True,2,DDoS,7,Web-Based,0.17069461519984985,0.051654405639812224,0.016125724048885598
1,5,8,True,3,DoS,0,Benign,0.040111661827241823,0.054378118645655955,0.016584975605900075
1,5,8,True,3,DoS,1,BruteForce,0.22066426622895885,0.07384577101325505,0.02787357350144254
1,5,8,True,3,DoS,2,DDoS,0.07923727888662659,0.14834068436625114,0.12449545436992798
1,5,8,True,3,DoS,3,DoS,0.16942309277200698,0.4674321373158705,0.412110294493304
1,5,8,True,3,DoS,4,Mirai,0.07688013089877194,0.09698287781420406,0.023082992246806874
1,5,8,True,3,DoS,5,Recon,0.0392579571758605,0.0438638321920747,0.026149152840062008
1,5,8,True,3,DoS,6,Spoofing,0.16418410171498918,0.07925057346817085,0.35010463360183147
1,5,8,True,3,DoS,7,Web-Based,0.2102415104955442,0.035906005184517725,0.019598923340725164
1,5,8,True,4,Mirai,0,Benign,0.0534523662869604,0.16400180329138195,0.017301721504134907
1,5,8,True,4,Mirai,1,BruteForce,0.264421529141476,0.1492807085303768,0.014990765983382903
1,5,8,True,4,Mirai,2,DDoS,0.06484347180068593,0.0816057552767693,0.03027142230568031
1,5,8,True,4,Mirai,3,DoS,0.07220959243106939,0.0638989259542355,0.053350498446353464
1,5,8,True,4,Mirai,4,Mirai,0.07466314506332905,0.15508071342833102,0.02456751041949872
1,5,8,True,4,Mirai,5,Recon,0.04714088200957665,0.08922834803187274,0.029649843710601795
1,5,8,True,4,Mirai,6,Spoofing,0.223102940024477,0.1477687501855558,0.8112694934879471
1,5,8,True,4,Mirai,7,Web-Based,0.20016607324242564,0.14913499530147695,0.018598744142400783
1,5,8,True,5,Recon,0,Benign,0.05419792353688071,0.15701166528815172,0.017602542741750285
1,5,8,True,5,Recon,1,BruteForce,0.27812356880283073,0.17552485103484256,0.01298889133185358
1,5,8,True,5,Recon,2,DDoS,0.05971995735800421,0.06963788585252075,0.021295275993342844
1,5,8,True,5,Recon,3,DoS,0.07125822326734753,0.04180333410732831,0.029473546456429113
1,5,8,True,5,Recon,4,Mirai,0.06860992606925646,0.11572998825210658,0.02327832259421718
1,5,8,True,5,Recon,5,Recon,0.05216135523413872,0.12234747576902287,0.04548564476427263
1,5,8,True,5,Recon,6,Spoofing,0.2148266939832729,0.1407141427287992,0.8312604056001496
1,5,8,True,5,Recon,7,Web-Based,0.20110235174826882,0.17723065696722798,0.01861537051798485
1,5,8,True,6,Spoofing,0,Benign,0.05591577159698377,0.18969382901416618,0.017410521247189895
1,5,8,True,6,Spoofing,1,BruteForce,0.2591253261229087,0.13356671171644138,0.013890804576603797
1,5,8,True,6,Spoofing,2,DDoS,0.061512450629809805,0.06999039149032314,0.023166008602391583
1,5,8,True,6,Spoofing,3,DoS,0.06984828880182371,0.04487543744786329,0.04595798976193486
1,5,8,True,6,Spoofing,4,Mirai,0.07141977534545227,0.11520759982211017,0.02247485021861084
1,5,8,True,6,Spoofing,5,Recon,0.05229421956226175,0.12208859600051152,0.03455568325209396
1,5,8,True,6,Spoofing,6,Spoofing,0.22696022312573336,0.17346306786001778,0.8245215541322589
1,5,8,True,6,Spoofing,7,Web-Based,0.2029239448150267,0.15111436664856656,0.018022588208916227
1,5,8,True,7,Web-Based,0,Benign,0.05566669384079285,0.1887291231593687,0.018232554288658505
1,5,8,True,7,Web-Based,1,BruteForce,0.2663365387014447,0.1441857519009644,0.01344827549494716
1,5,8,True,7,Web-Based,2,DDoS,0.06247766730206413,0.07236753045376358,0.02607464544333082
1,5,8,True,7,Web-Based,3,DoS,0.06976302548581288,0.03783124306648626,0.03205878397403811
1,5,8,True,7,Web-Based,4,Mirai,0.06990700220879854,0.12595594472498736,0.02303780961405717
1,5,8,True,7,Web-Based,5,Recon,0.05085066838837841,0.11387126975217021,0.03465418902166594
1,5,8,True,7,Web-Based,6,Spoofing,0.2222218138972707,0.14849745866252143,0.8337732576626405
1,5,8,True,7,Web-Based,7,Web-Based,0.20277659017543784,0.16856167827973806,0.01872048450066193
1,5,9,False,0,Benign,0,Benign,0.2713242715800428,0.2007658346495211,0.212708631315114
1,5,9,False,0,Benign,1,BruteForce,0.004399602078218246,0.13044727891135416,0.0057487095059489636
1,5,9,False,0,Benign,2,DDoS,0.014003653794882514,0.08196280912396325,0.012474645677882902
1,5,9,False,0,Benign,3,DoS,0.004245504022482712,0.06153865047401969,0.006082180136627195
1,5,9,False,0,Benign,4,Mirai,0.4817509202786548,0.115442038937813,0.5442726249294527
1,5,9,False,0,Benign,5,Recon,0.12176691719817528,0.11913076067078215,0.12353066180708568
1,5,9,False,0,Benign,6,Spoofing,0.09709325224222831,0.1468200974926887,0.08814688706657811
1,5,9,False,0,Benign,7,Web-Based,0.005415878805315268,0.14389252973985792,0.007035659561310454
1,5,9,False,1,BruteForce,0,Benign,0.2569936535781332,0.16180810726704514,0.19643140381446048
1,5,9,False,1,BruteForce,1,BruteForce,0.004317615697172865,0.18486695939945982,0.005420658974589235
1,5,9,False,1,BruteForce,2,DDoS,0.005226842941392386,0.06963051237706532,0.006972007456531547
1,5,9,False,1,BruteForce,3,DoS,0.003768312058001929,0.04023823397933591,0.005533962313056571
1,5,9,False,1,BruteForce,4,Mirai,0.507121692746521,0.11629501065780959,0.5796708218206121
1,5,9,False,1,BruteForce,5,Recon,0.1275561359656416,0.10531575839268961,0.11622772955673638
1,5,9,False,1,BruteForce,6,Spoofing,0.08955404660473056,0.14628561270287055,0.0831422568850313
1,5,9,False,1,BruteForce,7,Web-Based,0.005461700408406461,0.175559805223724,0.006601159178982361
1,5,9,False,2,DDoS,0,Benign,0.07022630299335895,0.07443679092609701,0.07378109127923523
1,5,9,False,2,DDoS,1,BruteForce,0.0070083199812839975,0.05308735998196655,0.010804158511400564
1,5,9,False,2,DDoS,2,DDoS,0.5819602051947488,0.5605953662650159,0.5145861140339755
1,5,9,False,2,DDoS,3,DoS,0.005176929012517922,0.06422052360697965,0.007623311259983734
1,5,9,False,2,DDoS,4,Mirai,0.23773942918461213,0.07155919398496972,0.265180145327734
1,5,9,False,2,DDoS,5,Recon,0.052855074532911356,0.06566450848624819,0.06938093456303068
1,5,9,False,2,DDoS,6,Spoofing,0.038919434168410295,0.05878185110891081,0.04814830975089366
1,5,9,False,2,DDoS,7,Web-Based,0.006114304932156561,0.051654405639812224,0.010495935273746787
1,5,9,False,3,DoS,0,Benign,0.057988928773364895,0.054378118645655955,0.06597761485226326
1,5,9,False,3,DoS,1,BruteForce,0.00703059720746816,0.07384577101325505,0.007601240551088666
1,5,9,False,3,DoS,2,DDoS,0.12669613564432883,0.14834068436625114,0.0885159228871596
1,5,9,False,3,DoS,3,DoS,0.013133888670474297,0.4674321373158705,0.010185430516659743
1,5,9,False,3,DoS,4,Mirai,0.5966902481006565,0.09698287781420406,0.6278306998648712
1,5,9,False,3,DoS,5,Recon,0.03788491377945225,0.0438638321920747,0.04921960120497947
1,5,9,False,3,DoS,6,Spoofing,0.1529518183813191,0.07925057346817085,0.1410816114877004
1,5,9,False,3,DoS,7,Web-Based,0.007623469442935942,0.035906005184517725,0.009587878635277698
1,5,9,False,4,Mirai,0,Benign,0.1825738098332291,0.16400180329138195,0.15665054209698429
1,5,9,False,4,Mirai,1,BruteForce,0.003228709138957331,0.1492807085303768,0.004262151925292362
1,5,9,False,4,Mirai,2,DDoS,0.006167433538213245,0.0816057552767693,0.007815598967478177
1,5,9,False,4,Mirai,3,DoS,0.0033800416884745992,0.0638989259542355,0.004755756169192422
1,5,9,False,4,Mirai,4,Mirai,0.6830990071744093,0.15508071342833102,0.7019238838520995
1,5,9,False,4,Mirai,5,Recon,0.04703653481161008,0.08922834803187274,0.054753709471234764
1,5,9,False,4,Mirai,6,Spoofing,0.0700039256345845,0.1477687501855558,0.06372590334822469
1,5,9,False,4,Mirai,7,Web-Based,0.004510538180521898,0.14913499530147695,0.006112454169493804
1,5,9,False,5,Recon,0,Benign,0.24167622045980988,0.15701166528815172,0.18533707283203812
1,5,9,False,5,Recon,1,BruteForce,0.0047426221044716745,0.17552485103484256,0.005850890664782675
1,5,9,False,5,Recon,2,DDoS,0.004765418617833981,0.06963788585252075,0.006644792733948009
1,5,9,False,5,Recon,3,DoS,0.0038909625521087003,0.04180333410732831,0.005533990742806916
1,5,9,False,5,Recon,4,Mirai,0.4076719435537071,0.11572998825210658,0.5104705615668697
1,5,9,False,5,Recon,5,Recon,0.23789852043555929,0.12234747576902287,0.20107210707856
1,5,9,False,5,Recon,6,Spoofing,0.09403496304733425,0.1407141427287992,0.07872758222176585
1,5,9,False,5,Recon,7,Web-Based,0.005319349229175112,0.17723065696722798,0.0063630021592289395
1,5,9,False,6,Spoofing,0,Benign,0.2559714088038011,0.18969382901416618,0.2129752411877739
1,5,9,False,6,Spoofing,1,BruteForce,0.004413710200704377,0.13356671171644138,0.005594561604115943
1,5,9,False,6,Spoofing,2,DDoS,0.005183346729081038,0.06999039149032314,0.007003732231253415
1,5,9,False,6,Spoofing,3,DoS,0.004097741510624477,0.04487543744786329,0.005646586458114659
1,5,9,False,6,Spoofing,4,Mirai,0.4516164729339823,0.11520759982211017,0.5270247029692076
1,5,9,False,6,Spoofing,5,Recon,0.14192574286686252,0.12208859600051152,0.13388392227429521
1,5,9,False,6,Spoofing,6,Spoofing,0.1310967117331378,0.17346306786001778,0.10103837489641995
1,5,9,False,6,Spoofing,7,Web-Based,0.005694865221806429,0.15111436664856656,0.006832878378819363
1,5,9,False,7,Web-Based,0,Benign,0.23271907199918657,0.1887291231593687,0.20573941393174097
1,5,9,False,7,Web-Based,1,BruteForce,0.00378145149473563,0.1441857519009644,0.004988285031987422
1,5,9,False,7,Web-Based,2,DDoS,0.005432236606621205,0.07236753045376358,0.0078520559200081
1,5,9,False,7,Web-Based,3,DoS,0.0036827559031679755,0.03783124306648626,0.0050920035248949455
1,5,9,False,7,Web-Based,4,Mirai,0.5598307385125908,0.12595594472498736,0.5967359652309505
1,5,9,False,7,Web-Based,5,Recon,0.09383464458819482,0.11387126975217021,0.09912271282795135
1,5,9,False,7,Web-Based,6,Spoofing,0.09565511413053282,0.14849745866252143,0.07408300743614007
1,5,9,False,7,Web-Based,7,Web-Based,0.005063986764970202,0.16856167827973806,0.006386556096326617
1,5,10,True,0,Benign,0,Benign,0.05032437064569681,0.2007658346495211,0.022270045567745377
1,5,10,True,0,Benign,1,BruteForce,0.24686543116299864,0.13044727891135416,0.019048116147505827
1,5,10,True,0,Benign,2,DDoS,0.05703705883360383,0.08196280912396325,0.058264932055389435
1,5,10,True,0,Benign,3,DoS,0.05792045531349871,0.06153865047401969,0.04369451153948292
1,5,10,True,0,Benign,4,Mirai,0.0745717142213375,0.115442038937813,0.07935026555243353
1,5,10,True,0,Benign,5,Recon,0.08154356443468486,0.11913076067078215,0.13568543610090097
1,5,10,True,0,Benign,6,Spoofing,0.14627526147264366,0.1468200974926887,0.3294301928385613
1,5,10,True,0,Benign,7,Web-Based,0.2854621439155361,0.14389252973985792,0.3122565001979806
1,5,10,True,1,BruteForce,0,Benign,0.04832052356338223,0.16180810726704514,0.021395882591181345
1,5,10,True,1,BruteForce,1,BruteForce,0.25108406967336033,0.18486695939945982,0.01820485343619936
1,5,10,True,1,BruteForce,2,DDoS,0.05302335308786255,0.06963051237706532,0.027800501153444554
1,5,10,True,1,BruteForce,3,DoS,0.055919437973577624,0.04023823397933591,0.030508297120172185
1,5,10,True,1,BruteForce,4,Mirai,0.07566027582256442,0.11629501065780959,0.09075246456452916
1,5,10,True,1,BruteForce,5,Recon,0.08109388784024753,0.10531575839268961,0.1355921528596097
1,5,10,True,1,BruteForce,6,Spoofing,0.13785432529660688,0.14628561270287055,0.2919583863509789
1,5,10,True,1,BruteForce,7,Web-Based,0.2970441267423985,0.175559805223724,0.38378746192388474
1,5,10,True,2,DDoS,0,Benign,0.04244900422483281,0.07443679092609701,0.02146354989899178
1,5,10,True,2,DDoS,1,BruteForce,0.25001478625791035,0.05308735998196655,0.021106456308982644
1,5,10,True,2,DDoS,2,DDoS,0.15841281453803238,0.5605953662650159,0.6022786062618589
1,5,10,True,2,DDoS,3,DoS,0.07280478655131227,0.06422052360697965,0.024344013283275748
1,5,10,True,2,DDoS,4,Mirai,0.06280710875047006,0.07155919398496972,0.040499910327815074
1,5,10,True,2,DDoS,5,Recon,0.06768571966378735,0.06566450848624819,0.05963832227706456
1,5,10,True,2,DDoS,6,Spoofing,0.10429825986271328,0.05878185110891081,0.10744966039347457
1,5,10,True,2,DDoS,7,Web-Based,0.24152752015094145,0.051654405639812224,0.12321948124853671
1,5,10,True,3,DoS,0,Benign,0.03326040665211192,0.054378118645655955,0.016524256399403355
1,5,10,True,3,DoS,1,BruteForce,0.22077171785450087,0.07384577101325505,0.024251685421476613
1,5,10,True,3,DoS,2,DDoS,0.07254660725705268,0.14834068436625114,0.1921524231437968
1,5,10,True,3,DoS,3,DoS,0.1820807096032645,0.4674321373158705,0.3432196650431296
1,5,10,True,3,DoS,4,Mirai,0.07463149253329904,0.09698287781420406,0.04899223425140833
1,5,10,True,3,DoS,5,Recon,0.056802230807638084,0.0438638321920747,0.06773421950960029
1,5,10,True,3,DoS,6,Spoofing,0.1242850057433057,0.07925057346817085,0.18115959177665295
1,5,10,True,3,DoS,7,Web-Based,0.23562182954882727,0.035906005184517725,0.12596592445453203
1,5,10,True,4,Mirai,0,Benign,0.04773299348573959,0.16400180329138195,0.020906360869143853
1,5,10,True,4,Mirai,1,BruteForce,0.24897445571729024,0.1492807085303768,0.018484991654150906
1,5,10,True,4,Mirai,2,DDoS,0.05677915365674527,0.0816057552767693,0.04526853483889094
1,5,10,True,4,Mirai,3,DoS,0.05864399128339406,0.0638989259542355,0.04057060523043271
1,5,10,True,4,Mirai,4,Mirai,0.08128338127307709,0.15508071342833102,0.0930199027442174
1,5,10,True,4,Mirai,5,Recon,0.07480291682302025,0.08922834803187274,0.1230947051897784
1,5,10,True,4,Mirai,6,Spoofing,0.1461845793246033,0.1477687501855558,0.32823821797470715
1,5,10,True,4,Mirai,7,Web-Based,0.28559852843613026,0.14913499530147695,0.33041668149867864
1,5,10,True,5,Recon,0,Benign,0.04721906536914685,0.15701166528815172,0.021000630285856473
1,5,10,True,5,Recon,1,BruteForce,0.24971467332552033,0.17552485103484256,0.01812983451842123
1,5,10,True,5,Recon,2,DDoS,0.05298206950021053,0.06963788585252075,0.027754586994734036
1,5,10,True,5,Recon,3,DoS,0.056232803766775856,0.04180333410732831,0.031053758674665574
1,5,10,True,5,Recon,4,Mirai,0.07520159868757544,0.11572998825210658,0.08863199214013308
1,5,10,True,5,Recon,5,Recon,0.08473389410219805,0.12234747576902287,0.1505426834996439
1,5,10,True,5,Recon,6,Spoofing,0.13563100254586438,0.1407141427287992,0.2842386896914777
1,5,10,True,5,Recon,7,Web-Based,0.2982848927027086,0.17723065696722798,0.37864782419506804
1,5,10,True,6,Spoofing,0,Benign,0.050051289588607266,0.18969382901416618,0.0219464716626074
1,5,10,True,6,Spoofing,1,BruteForce,0.24396638352440314,0.13356671171644138,0.017590292229546802
1,5,10,True,6,Spoofing,2,DDoS,0.05374691480540761,0.06999039149032314,0.02732242244704799
1,5,10,True,6,Spoofing,3,DoS,0.0566021176692309,0.04487543744786329,0.03497819372947385
1,5,10,True,6,Spoofing,4,Mirai,0.07654343486765249,0.11520759982211017,0.08108459950483436
1,5,10,True,6,Spoofing,5,Recon,0.08259157326493764,0.12208859600051152,0.13512999372248
1,5,10,True,6,Spoofing,6,Spoofing,0.14919657342273293,0.17346306786001778,0.34700179629198724
1,5,10,True,6,Spoofing,7,Web-Based,0.28730171285702805,0.15111436664856656,0.33494623041202237
1,5,10,True,7,Web-Based,0,Benign,0.04970379996269698,0.1887291231593687,0.02233567399325899
1,5,10,True,7,Web-Based,1,BruteForce,0.24564570123103802,0.1441857519009644,0.017738799278910797
1,5,10,True,7,Web-Based,2,DDoS,0.054405726659619354,0.07236753045376358,0.02980222971691401
1,5,10,True,7,Web-Based,3,DoS,0.055286755698088635,0.03783124306648626,0.031205773506683104
1,5,10,True,7,Web-Based,4,Mirai,0.07632503361331068,0.12595594472498736,0.08933694551850077
1,5,10,True,7,Web-Based,5,Recon,0.08232270666467643,0.11387126975217021,0.13496437980333795
1,5,10,True,7,Web-Based,6,Spoofing,0.1413494811795867,0.14849745866252143,0.30979530381561704
1,5,10,True,7,Web-Based,7,Web-Based,0.2949607949909832,0.16856167827973806,0.3648208943667773
1,5,11,False,0,Benign,0,Benign,0.48785516909202054,0.2007658346495211,0.5054759344795156
1,5,11,False,0,Benign,1,BruteForce,0.006241608540251591,0.13044727891135416,0.007462605127298825
1,5,11,False,0,Benign,2,DDoS,0.008155106156843605,0.08196280912396325,0.010640381605379423
1,5,11,False,0,Benign,3,DoS,0.011371609731422547,0.06153865047401969,0.014780983180301552
1,5,11,False,0,Benign,4,Mirai,0.08130579025106288,0.115442038937813,0.08417180931879836
1,5,11,False,0,Benign,5,Recon,0.14361602172165264,0.11913076067078215,0.1373969726142291
1,5,11,False,0,Benign,6,Spoofing,0.2539858579362773,0.1468200974926887,0.23190462746669555
1,5,11,False,0,Benign,7,Web-Based,0.007468836570468982,0.14389252973985792,0.008166686207781701
1,5,11,False,1,BruteForce,0,Benign,0.45102186756489115,0.16180810726704514,0.5106147524192624
1,5,11,False,1,BruteForce,1,BruteForce,0.00656859904943432,0.18486695939945982,0.007222023432318588
1,5,11,False,1,BruteForce,2,DDoS,0.006886574904599038,0.06963051237706532,0.009715753075438184
1,5,11,False,1,BruteForce,3,DoS,0.006408730032657879,0.04023823397933591,0.00845695820506947
1,5,11,False,1,BruteForce,4,Mirai,0.08333374858606393,0.11629501065780959,0.08771126418285896
1,5,11,False,1,BruteForce,5,Recon,0.15689378752868682,0.10531575839268961,0.13823024944282974
1,5,11,False,1,BruteForce,6,Spoofing,0.28109727318616873,0.14628561270287055,0.23020952939325387
1,5,11,False,1,BruteForce,7,Web-Based,0.007789419147498277,0.175559805223724,0.00783946984896885
1,5,11,False,2,DDoS,0,Benign,0.1944257823420306,0.07443679092609701,0.391693033549768
1,5,11,False,2,DDoS,1,BruteForce,0.011525548560807166,0.05308735998196655,0.012270970192291
1,5,11,False,2,DDoS,2,DDoS,0.4855332167089059,0.5605953662650159,0.14293445703506732
1,5,11,False,2,DDoS,3,DoS,0.019589061490551413,0.06422052360697965,0.0346928188460991
1,5,11,False,2,DDoS,4,Mirai,0.07648589057392786,0.07155919398496972,0.08264899631452405
1,5,11,False,2,DDoS,5,Recon,0.0676288928379735,0.06566450848624819,0.10654715777236783
1,5,11,False,2,DDoS,6,Spoofing,0.13532016501269173,0.05878185110891081,0.2163560792426348
1,5,11,False,2,DDoS,7,Web-Based,0.009491442473111905,0.051654405639812224,0.012856487047247967
1,5,11,False,3,DoS,0,Benign,0.06285855237449182,0.054378118645655955,0.10309353673587984
1,5,11,False,3,DoS,1,BruteForce,0.01124126480943724,0.07384577101325505,0.016412016849813423
1,5,11,False,3,DoS,2,DDoS,0.01851231350154504,0.14834068436625114,0.01715386702274042
1,5,11,False,3,DoS,3,DoS,0.5670932023940316,0.4674321373158705,0.4905930896630506
1,5,11,False,3,DoS,4,Mirai,0.059005841175025144,0.09698287781420406,0.06735126521196996
1,5,11,False,3,DoS,5,Recon,0.028331728331501025,0.0438638321920747,0.03254476557324266
1,5,11,False,3,DoS,6,Spoofing,0.24400710807171722,0.07925057346817085,0.2576296574068613
1,5,11,False,3,DoS,7,Web-Based,0.008949989342250863,0.035906005184517725,0.015221801536441816
1,5,11,False,4,Mirai,0,Benign,0.45566074959321123,0.16400180329138195,0.4930178028074896
1,5,11,False,4,Mirai,1,BruteForce,0.0062920198804577955,0.1492807085303768,0.007418595071505128
1,5,11,False,4,Mirai,2,DDoS,0.008459070033862091,0.0816057552767693,0.010673475310734544
1,5,11,False,4,Mirai,3,DoS,0.013723992091813407,0.0638989259542355,0.017015575176746667
1,5,11,False,4,Mirai,4,Mirai,0.15835527906333866,0.15508071342833102,0.12286600958710883
1,5,11,False,4,Mirai,5,Recon,0.07900264163847265,0.08922834803187274,0.08906886765228121
1,5,11,False,4,Mirai,6,Spoofing,0.2707012358864915,0.1477687501855558,0.2510653933064498
1,5,11,False,4,Mirai,7,Web-Based,0.007805011812352585,0.14913499530147695,0.008874281087684113
1,5,11,False,5,Recon,0,Benign,0.41321348504552285,0.15701166528815172,0.4927068831424751
1,5,11,False,5,Recon,1,BruteForce,0.006519718482015301,0.17552485103484256,0.00742554195106978
1,5,11,False,5,Recon,2,DDoS,0.006501640731753343,0.06963788585252075,0.009624595886530429
1,5,11,False,5,Recon,3,DoS,0.005903552060133565,0.04180333410732831,0.008328389430311143
1,5,11,False,5,Recon,4,Mirai,0.06555762245968016,0.11572998825210658,0.08341663457695307
1,5,11,False,5,Recon,5,Recon,0.2593484657971639,0.12234747576902287,0.18752957396487546
1,5,11,False,5,Recon,6,Spoofing,0.23544900770530933,0.1407141427287992,0.20326917878805226
1,5,11,False,5,Recon,7,Web-Based,0.007506507718421558,0.17723065696722798,0.0076992022597328095
1,5,11,False,6,Spoofing,0,Benign,0.4317093070459979,0.18969382901416618,0.48286301836284756
1,5,11,False,6,Spoofing,1,BruteForce,0.0060093509812546774,0.13356671171644138,0.007235802502337834
1,5,11,False,6,Spoofing,2,DDoS,0.007199703964997322,0.06999039149032314,0.009895507549570342
1,5,11,False,6,Spoofing,3,DoS,0.007026444912379524,0.04487543744786329,0.009983399578093499
1,5,11,False,6,Spoofing,4,Mirai,0.07260429024075807,0.11520759982211017,0.0785594528290734
1,5,11,False,6,Spoofing,5,Recon,0.1542865925025618,0.12208859600051152,0.12942968868645746
1,5,11,False,6,Spoofing,6,Spoofing,0.3137579737246628,0.17346306786001778,0.2740407670468335
1,5,11,False,6,Spoofing,7,Web-Based,0.007406336627387982,0.15111436664856656,0.007992363444786446
1,5,11,False,7,Web-Based,0,Benign,0.488187017610379,0.1887291231593687,0.5289669156973816
1,5,11,False,7,Web-Based,1,BruteForce,0.005976772451931906,0.1441857519009644,0.006997340482420253
1,5,11,False,7,Web-Based,2,DDoS,0.00731364433578143,0.07236753045376358,0.009770151186618404
1,5,11,False,7,Web-Based,3,DoS,0.007213848934680799,0.03783124306648626,0.009807038889836544
1,5,11,False,7,Web-Based,4,Mirai,0.09859824771472289,0.12595594472498736,0.09178229978131258
1,5,11,False,7,Web-Based,5,Recon,0.12262576141908951,0.11387126975217021,0.12418983171646154
1,5,11,False,7,Web-Based,6,Spoofing,0.2626174100151717,0.14849745866252143,0.2204966630762761
1,5,11,False,7,Web-Based,7,Web-Based,0.007467297518242703,0.16856167827973806,0.007989759169692986
1,5,12,False,0,Benign,0,Benign,0.026416871360758324,0.2007658346495211,0.026462665550044947
1,5,12,False,0,Benign,1,BruteForce,0.009079666233518056,0.13044727891135416,0.012055694095309408
1,5,12,False,0,Benign,2,DDoS,0.010907454852506429,0.08196280912396325,0.014718325348589106
1,5,12,False,0,Benign,3,DoS,0.03385268480679072,0.06153865047401969,0.09649944847369452
1,5,12,False,0,Benign,4,Mirai,0.5278492406812528,0.115442038937813,0.497085396462591
1,5,12,False,0,Benign,5,Recon,0.12728431865657908,0.11913076067078215,0.12355267580960916
1,5,12,False,0,Benign,6,Spoofing,0.2024899372383623,0.1468200974926887,0.18046671219629276
1,5,12,False,0,Benign,7,Web-Based,0.062119826170232345,0.14389252973985792,0.04915908206386924
1,5,12,False,1,BruteForce,0,Benign,0.024441050775457475,0.16180810726704514,0.025107642284793254
1,5,12,False,1,BruteForce,1,BruteForce,0.00984459728695997,0.18486695939945982,0.01200549613060556
1,5,12,False,1,BruteForce,2,DDoS,0.010145140792195945,0.06963051237706532,0.013128686943424587
1,5,12,False,1,BruteForce,3,DoS,0.016760977703262382,0.04023823397933591,0.029005819762036804
1,5,12,False,1,BruteForce,4,Mirai,0.5715375170127457,0.11629501065780959,0.5528058772746978
1,5,12,False,1,BruteForce,5,Recon,0.10583670052906456,0.10531575839268961,0.13472743978366244
1,5,12,False,1,BruteForce,6,Spoofing,0.17808274014104214,0.14628561270287055,0.17409356481768265
1,5,12,False,1,BruteForce,7,Web-Based,0.08335127575927193,0.175559805223724,0.059125473003096875
1,5,12,False,2,DDoS,0,Benign,0.016511013399464664,0.07443679092609701,0.030003869943939145
1,5,12,False,2,DDoS,1,BruteForce,0.012992474176100255,0.05308735998196655,0.017771132103718997
1,5,12,False,2,DDoS,2,DDoS,0.5282769239618877,0.5605953662650159,0.3171184497345759
1,5,12,False,2,DDoS,3,DoS,0.0738561326816826,0.06422052360697965,0.10086297956612204
1,5,12,False,2,DDoS,4,Mirai,0.2175399076410179,0.07155919398496972,0.3132603556709456
1,5,12,False,2,DDoS,5,Recon,0.06740609669970919,0.06566450848624819,0.09257944457817051
1,5,12,False,2,DDoS,6,Spoofing,0.05718103373901759,0.05878185110891081,0.08977983377810282
1,5,12,False,2,DDoS,7,Web-Based,0.0262364177011202,0.051654405639812224,0.03862393462442499
1,5,12,False,3,DoS,0,Benign,0.007334919727271866,0.054378118645655955,0.010999057746118568
1,5,12,False,3,DoS,1,BruteForce,0.011699304343589827,0.07384577101325505,0.0175514269892811
1,5,12,False,3,DoS,2,DDoS,0.021808684192331604,0.14834068436625114,0.020152437677119866
1,5,12,False,3,DoS,3,DoS,0.8028966385774184,0.4674321373158705,0.7022069929548109
1,5,12,False,3,DoS,4,Mirai,0.0769046196740896,0.09698287781420406,0.11680458200945516
1,5,12,False,3,DoS,5,Recon,0.024717787737561815,0.0438638321920747,0.03703591624944796
1,5,12,False,3,DoS,6,Spoofing,0.039170861228931014,0.07925057346817085,0.07279207348035582
1,5,12,False,3,DoS,7,Web-Based,0.015467184518805929,0.035906005184517725,0.022457512893410584
1,5,12,False,4,Mirai,0,Benign,0.02296444466235051,0.16400180329138195,0.02594305074139693
1,5,12,False,4,Mirai,1,BruteForce,0.00746394948173293,0.1492807085303768,0.010684721840303734
1,5,12,False,4,Mirai,2,DDoS,0.01147093252108097,0.0816057552767693,0.015048815664166753
1,5,12,False,4,Mirai,3,DoS,0.02290615701114728,0.0638989259542355,0.0529732702800002
1,5,12,False,4,Mirai,4,Mirai,0.6834215013338877,0.15508071342833102,0.6064310047794048
1,5,12,False,4,Mirai,5,Recon,0.06326944727504212,0.08922834803187274,0.095220632058516
1,5,12,False,4,Mirai,6,Spoofing,0.14229984516504057,0.1477687501855558,0.14817769204580464
1,5,12,False,4,Mirai,7,Web-Based,0.04620372254971794,0.14913499530147695,0.045520812590406794
1,5,12,False,5,Recon,0,Benign,0.023162842543187137,0.15701166528815172,0.023632525474858623
1,5,12,False,5,Recon,1,BruteForce,0.010167352496657598,0.17552485103484256,0.012284384474508312
1,5,12,False,5,Recon,2,DDoS,0.010153686584848717,0.06963788585252075,0.01318532466708884
1,5,12,False,5,Recon,3,DoS,0.018589928240160526,0.04180333410732831,0.0314168214343716
1,5,12,False,5,Recon,4,Mirai,0.5198884679111152,0.11572998825210658,0.5370038599406017
1,5,12,False,5,Recon,5,Recon,0.15942782486963725,0.12234747576902287,0.16281062096259766
1,5,12,False,5,Recon,6,Spoofing,0.16960099043916316,0.1407141427287992,0.1625838537369057
1,5,12,False,5,Recon,7,Web-Based,0.08900890691523046,0.17723065696722798,0.05708260930906753
1,5,12,False,6,Spoofing,0,Benign,0.025653940037132773,0.18969382901416618,0.026469107199742777
1,5,12,False,6,Spoofing,1,BruteForce,0.009243417587567547,0.13356671171644138,0.011622460802595755
1,5,12,False,6,Spoofing,2,DDoS,0.009747835513881786,0.06999039149032314,0.013628173719736776
1,5,12,False,6,Spoofing,3,DoS,0.02865279281370063,0.04487543744786329,0.05960305714089781
1,5,12,False,6,Spoofing,4,Mirai,0.4922495270828577,0.11520759982211017,0.49415070750533713
1,5,12,False,6,Spoofing,5,Recon,0.12656394194737372,0.12208859600051152,0.1245803767133329
1,5,12,False,6,Spoofing,6,Spoofing,0.2363457666942609,0.17346306786001778,0.2142325937076371
1,5,12,False,6,Spoofing,7,Web-Based,0.071542778323225,0.15111436664856656,0.05571352321071982
1,5,12,False,7,Web-Based,0,Benign,0.024525084492537496,0.1887291231593687,0.02641490311951378
1,5,12,False,7,Web-Based,1,BruteForce,0.008581886423242214,0.1441857519009644,0.011202996129719044
1,5,12,False,7,Web-Based,2,DDoS,0.010185239418930219,0.07236753045376358,0.013888644164304482
1,5,12,False,7,Web-Based,3,DoS,0.02407469142607833,0.03783124306648626,0.03456977866360679
1,5,12,False,7,Web-Based,4,Mirai,0.5838145867064742,0.12595594472498736,0.5575893799557168
1,5,12,False,7,Web-Based,5,Recon,0.10641301009857144,0.11387126975217021,0.13010916216150645
1,5,12,False,7,Web-Based,6,Spoofing,0.17530677744930134,0.14849745866252143,0.1695661573199577
1,5,12,False,7,Web-Based,7,Web-Based,0.06709872398486484,0.16856167827973806,0.056658978485675054
1,5,13,False,0,Benign,0,Benign,0.060613056551156015,0.2007658346495211,0.06055386004083888
1,5,13,False,0,Benign,1,BruteForce,0.10282840032874446,0.13044727891135416,0.09363316921225759
1,5,13,False,0,Benign,2,DDoS,0.06451543999233951,0.08196280912396325,0.06796401271045555
1,5,13,False,0,Benign,3,DoS,0.012117954061318386,0.06153865047401969,0.01536906606727667
1,5,13,False,0,Benign,4,Mirai,0.05216869506215313,0.115442038937813,0.05432285348042039
1,5,13,False,0,Benign,5,Recon,0.3776420707107686,0.11913076067078215,0.39795739412411263
1,5,13,False,0,Benign,6,Spoofing,0.1385161859129467,0.1468200974926887,0.1273448450201094
1,5,13,False,0,Benign,7,Web-Based,0.19159819738057315,0.14389252973985792,0.18285479934452892
1,5,13,False,1,BruteForce,0,Benign,0.06466812681620954,0.16180810726704514,0.06219007911701284
1,5,13,False,1,BruteForce,1,BruteForce,0.13690845386827272,0.18486695939945982,0.11360017528602807
1,5,13,False,1,BruteForce,2,DDoS,0.023821375663307384,0.06963051237706532,0.024879683051240126
1,5,13,False,1,BruteForce,3,DoS,0.013793922715815884,0.04023823397933591,0.01628907518567972
1,5,13,False,1,BruteForce,4,Mirai,0.059817734021712456,0.11629501065780959,0.05909321433342645
1,5,13,False,1,BruteForce,5,Recon,0.33435281486440904,0.10531575839268961,0.39380068182300615
1,5,13,False,1,BruteForce,6,Spoofing,0.12298738228481725,0.14628561270287055,0.1127826349398934
1,5,13,False,1,BruteForce,7,Web-Based,0.24365018976545563,0.175559805223724,0.21736445626371323
1,5,13,False,2,DDoS,0,Benign,0.0228874961947262,0.07443679092609701,0.029645218230663097
1,5,13,False,2,DDoS,1,BruteForce,0.039195588443166195,0.05308735998196655,0.044390003608591314
1,5,13,False,2,DDoS,2,DDoS,0.6688077243417495,0.5605953662650159,0.6352909363725004
1,5,13,False,2,DDoS,3,DoS,0.006891065712427139,0.06422052360697965,0.010503117844130891
1,5,13,False,2,DDoS,4,Mirai,0.025461363073573464,0.07155919398496972,0.02860493938647318
1,5,13,False,2,DDoS,5,Recon,0.13486456467251778,0.06566450848624819,0.13708271084685927
1,5,13,False,2,DDoS,6,Spoofing,0.04131977430705775,0.05878185110891081,0.05030055513476766
1,5,13,False,2,DDoS,7,Web-Based,0.06057242325478195,0.051654405639812224,0.06418251857601417
1,5,13,False,3,DoS,0,Benign,0.018866593011644568,0.054378118645655955,0.03233971978002759
1,5,13,False,3,DoS,1,BruteForce,0.057580218303580205,0.07384577101325505,0.05300713177743538
1,5,13,False,3,DoS,2,DDoS,0.35404095280975323,0.14834068436625114,0.2691257299968779
1,5,13,False,3,DoS,3,DoS,0.1899716372968128,0.4674321373158705,0.05076355300514008
1,5,13,False,3,DoS,4,Mirai,0.08303997568039397,0.09698287781420406,0.061014517512999064
1,5,13,False,3,DoS,5,Recon,0.1065198477586704,0.0438638321920747,0.29218726986237215
1,5,13,False,3,DoS,6,Spoofing,0.11186571786532583,0.07925057346817085,0.11358387417877497
1,5,13,False,3,DoS,7,Web-Based,0.078115057273819,0.035906005184517725,0.12797820388637293
1,5,13,False,4,Mirai,0,Benign,0.06322398878943737,0.16400180329138195,0.06505704215425251
1,5,13,False,4,Mirai,1,BruteForce,0.12589259346530035,0.1492807085303768,0.10857552825100836
1,5,13,False,4,Mirai,2,DDoS,0.07027101987669616,0.0816057552767693,0.054829259904598894
1,5,13,False,4,Mirai,3,DoS,0.01374329151823832,0.0638989259542355,0.01631967809243778
1,5,13,False,4,Mirai,4,Mirai,0.08587063155118634,0.15508071342833102,0.06634550226409335
1,5,13,False,4,Mirai,5,Recon,0.3018971027244953,0.08922834803187274,0.36094686593090997
1,5,13,False,4,Mirai,6,Spoofing,0.1355326690152031,0.1477687501855558,0.12982506029211566
1,5,13,False,4,Mirai,7,Web-Based,0.203568703059443,0.14913499530147695,0.19810106311058343
1,5,13,False,5,Recon,0,Benign,0.05969950855985227,0.15701166528815172,0.058890944199925195
1,5,13,False,5,Recon,1,BruteForce,0.1250956385473552,0.17552485103484256,0.10996258594731881
1,5,13,False,5,Recon,2,DDoS,0.02234433394023949,0.06963788585252075,0.024575459907588162
1,5,13,False,5,Recon,3,DoS,0.013209736751042337,0.04180333410732831,0.016073495926865418
1,5,13,False,5,Recon,4,Mirai,0.054487433166828685,0.11572998825210658,0.05682780049595466
1,5,13,False,5,Recon,5,Recon,0.3811883284038103,0.12234747576902287,0.4166202590929207
1,5,13,False,5,Recon,6,Spoofing,0.11452900241847107,0.1407141427287992,0.10761596507282863
1,5,13,False,5,Recon,7,Web-Based,0.2294460182124006,0.17723065696722798,0.20943348935659842
1,5,13,False,6,Spoofing,0,Benign,0.058653092765261816,0.18969382901416618,0.05824697724820248
1,5,13,False,6,Spoofing,1,BruteForce,0.10336221861226162,0.13356671171644138,0.09347761890614228
1,5,13,False,6,Spoofing,2,DDoS,0.02076941045125574,0.06999039149032314,0.023553621414356338
1,5,13,False,6,Spoofing,3,DoS,0.012357993005561537,0.04487543744786329,0.015169114494199247
1,5,13,False,6,Spoofing,4,Mirai,0.051650816732320186,0.11520759982211017,0.05348185281645945
1,5,13,False,6,Spoofing,5,Recon,0.4017735913023069,0.12208859600051152,0.4310847366068133
1,5,13,False,6,Spoofing,6,Spoofing,0.14250728668929127,0.17346306786001778,0.12784485484416347
1,5,13,False,6,Spoofing,7,Web-Based,0.20892559044174086,0.15111436664856656,0.19714122366966352
1,5,13,False,7,Web-Based,0,Benign,0.06438070634416669,0.1887291231593687,0.06390660193207431
1,5,13,False,7,Web-Based,1,BruteForce,0.11604603716307059,0.1441857519009644,0.10607394555793523
1,5,13,False,7,Web-Based,2,DDoS,0.026258372504932428,0.07236753045376358,0.030251013981192044
1,5,13,False,7,Web-Based,3,DoS,0.01265170344787058,0.03783124306648626,0.015764724610940636
1,5,13,False,7,Web-Based,4,Mirai,0.0627595170043588,0.12595594472498736,0.05832549336769389
1,5,13,False,7,Web-Based,5,Recon,0.3715564103049363,0.11387126975217021,0.40326458703784607
1,5,13,False,7,Web-Based,6,Spoofing,0.12721535290574337,0.14849745866252143,0.11685334765521006
1,5,13,False,7,Web-Based,7,Web-Based,0.21913190032492127,0.16856167827973806,0.20556028585710787
1,5,14,True,0,Benign,0,Benign,0.10758124628465375,0.2007658346495211,0.1480594796370353
1,5,14,True,0,Benign,1,BruteForce,0.28129573335521596,0.13044727891135416,0.09103057403818236
1,5,14,True,0,Benign,2,DDoS,0.08106008435563021,0.08196280912396325,0.13501037934870694
1,5,14,True,0,Benign,3,DoS,0.05665058759931635,0.06153865047401969,0.08956857574426136
1,5,14,True,0,Benign,4,Mirai,0.08598575091843212,0.115442038937813,0.15442565169066882
1,5,14,True,0,Benign,5,Recon,0.08135065793789953,0.11913076067078215,0.16030056009055077
1,5,14,True,0,Benign,6,Spoofing,0.04378590549642327,0.1468200974926887,0.031531698583245976
1,5,14,True,0,Benign,7,Web-Based,0.26229003405242884,0.14389252973985792,0.19007308086734842
1,5,14,True,1,BruteForce,0,Benign,0.09787971490419363,0.16180810726704514,0.15016749450818784
1,5,14,True,1,BruteForce,1,BruteForce,0.3073470430968225,0.18486695939945982,0.11283321346819068
1,5,14,True,1,BruteForce,2,DDoS,0.07789676949776979,0.06963051237706532,0.09277722713760264
1,5,14,True,1,BruteForce,3,DoS,0.05014634908280541,0.04023823397933591,0.04227046551479721
1,5,14,True,1,BruteForce,4,Mirai,0.08783147515099468,0.11629501065780959,0.1726806064477769
1,5,14,True,1,BruteForce,5,Recon,0.07733344661930626,0.10531575839268961,0.15484809839740113
1,5,14,True,1,BruteForce,6,Spoofing,0.04034362526082026,0.14628561270287055,0.03177492365119014
1,5,14,True,1,BruteForce,7,Web-Based,0.2612215763872876,0.175559805223724,0.24264797087485346
1,5,14,True,2,DDoS,0,Benign,0.07783993291248244,0.07443679092609701,0.05504383470168419
1,5,14,True,2,DDoS,1,BruteForce,0.24689854617827586,0.05308735998196655,0.04343006115053119
1,5,14,True,2,DDoS,2,DDoS,0.18459285023182956,0.5605953662650159,0.6399708418223041
1,5,14,True,2,DDoS,3,DoS,0.08932057714108678,0.06422052360697965,0.049627131916077385
1,5,14,True,2,DDoS,4,Mirai,0.06489799789729377,0.07155919398496972,0.06286634217661555
1,5,14,True,2,DDoS,5,Recon,0.06405937517611825,0.06566450848624819,0.059088950315579924
1,5,14,True,2,DDoS,6,Spoofing,0.047999277258547766,0.05878185110891081,0.016241914274441712
1,5,14,True,2,DDoS,7,Web-Based,0.22439144320436563,0.051654405639812224,0.07373092364276607
1,5,14,True,3,DoS,0,Benign,0.05337352457511146,0.054378118645655955,0.036745108652393624
1,5,14,True,3,DoS,1,BruteForce,0.21556985579629603,0.07384577101325505,0.04923689543867314
1,5,14,True,3,DoS,2,DDoS,0.10852615987029651,0.14834068436625114,0.2189361691991132
1,5,14,True,3,DoS,3,DoS,0.1749907286431908,0.4674321373158705,0.4824966946835219
1,5,14,True,3,DoS,4,Mirai,0.09546681767676811,0.09698287781420406,0.06901901062078761
1,5,14,True,3,DoS,5,Recon,0.050710914526227426,0.0438638321920747,0.05468298899091042
1,5,14,True,3,DoS,6,Spoofing,0.04460583269015858,0.07925057346817085,0.018572282182331694
1,5,14,True,3,DoS,7,Web-Based,0.25675616622195124,0.035906005184517725,0.07031085023226843
1,5,14,True,4,Mirai,0,Benign,0.09777628273759989,0.16400180329138195,0.14558260732719783
1,5,14,True,4,Mirai,1,BruteForce,0.28998167560182386,0.1492807085303768,0.10089984082769843
1,5,14,True,4,Mirai,2,DDoS,0.08379404590441854,0.0816057552767693,0.132365923533683
1,5,14,True,4,Mirai,3,DoS,0.054985157145071295,0.0638989259542355,0.07981239993660168
1,5,14,True,4,Mirai,4,Mirai,0.09825623775500802,0.15508071342833102,0.1897777612426273
1,5,14,True,4,Mirai,5,Recon,0.07069766197017234,0.08922834803187274,0.12823493531298275
1,5,14,True,4,Mirai,6,Spoofing,0.04222299288919554,0.1477687501855558,0.03008714133987326
1,5,14,True,4,Mirai,7,Web-Based,0.2622859459967106,0.14913499530147695,0.1932393904793358
1,5,14,True,5,Recon,0,Benign,0.09649372069940801,0.15701166528815172,0.14467575747633607
1,5,14,True,5,Recon,1,BruteForce,0.3050687270671031,0.17552485103484256,0.1141463146584827
1,5,14,True,5,Recon,2,DDoS,0.07811287246263006,0.06963788585252075,0.09065836586990135
1,5,14,True,5,Recon,3,DoS,0.050671029023488995,0.04180333410732831,0.0434782976751668
1,5,14,True,5,Recon,4,Mirai,0.0865908947278291,0.11572998825210658,0.16795692760821904
1,5,14,True,5,Recon,5,Recon,0.08175429945913512,0.12234747576902287,0.16936905507596675
1,5,14,True,5,Recon,6,Spoofing,0.039047465008285556,0.1407141427287992,0.03200187725743563
1,5,14,True,5,Recon,7,Web-Based,0.2622609915521202,0.17723065696722798,0.2377134043784918
1,5,14,True,6,Spoofing,0,Benign,0.10671206583855164,0.18969382901416618,0.15515672168342898
1,5,14,True,6,Spoofing,1,BruteForce,0.2811830908613959,0.13356671171644138,0.09402456146783492
1,5,14,True,6,Spoofing,2,DDoS,0.07429234914093469,0.06999039149032314,0.08721759719181094
1,5,14,True,6,Spoofing,3,DoS,0.05306870506364486,0.04487543744786329,0.07751984771762219
1,5,14,True,6,Spoofing,4,Mirai,0.08801687616082997,0.11520759982211017,0.15508192804945162
1,5,14,True,6,Spoofing,5,Recon,0.08525824539880854,0.12208859600051152,0.17753370357063722
1,5,14,True,6,Spoofing,6,Spoofing,0.04583731279356862,0.17346306786001778,0.03393015712444098
1,5,14,True,6,Spoofing,7,Web-Based,0.2656313547422658,0.15111436664856656,0.21953548319477323
1,5,14,True,7,Web-Based,0,Benign,0.10645584813520836,0.1887291231593687,0.16189355912712247
1,5,14,True,7,Web-Based,1,BruteForce,0.2876790374649885,0.1441857519009644,0.10210076203622208
1,5,14,True,7,Web-Based,2,DDoS,0.0771133311376838,0.07236753045376358,0.10510760822241653
1,5,14,True,7,Web-Based,3,DoS,0.05102747973256372,0.03783124306648626,0.046255614517100856
1,5,14,True,7,Web-Based,4,Mirai,0.08875332657938391,0.12595594472498736,0.17585135880458092
1,5,14,True,7,Web-Based,5,Recon,0.08197943403918738,0.11387126975217021,0.15516483640281217
1,5,14,True,7,Web-Based,6,Spoofing,0.042047872924810215,0.14849745866252143,0.032388845509535816
1,5,14,True,7,Web-Based,7,Web-Based,0.2649436699861741,0.16856167827973806,0.22123741538020916
1,5,15,True,0,Benign,0,Benign,0.18187601248762011,0.2007658346495211,0.049839407048369984
1,5,15,True,0,Benign,1,BruteForce,0.12013667101935521,0.13044727891135416,0.031952746373506424
1,5,15,True,0,Benign,2,DDoS,0.12139220408032109,0.08196280912396325,0.5022519274526185
1,5,15,True,0,Benign,3,DoS,0.06331381051247688,0.06153865047401969,0.2867873313995385
1,5,15,True,0,Benign,4,Mirai,0.11635043106246629,0.115442038937813,0.03710599221636177
1,5,15,True,0,Benign,5,Recon,0.0912387252456097,0.11913076067078215,0.023070707372011598
1,5,15,True,0,Benign,6,Spoofing,0.09777010530329179,0.1468200974926887,0.03884810561062139
1,5,15,True,0,Benign,7,Web-Based,0.20792204028885886,0.14389252973985792,0.03014378252697195
1,5,15,True,1,BruteForce,0,Benign,0.16525989204482702,0.16180810726704514,0.05207551206555742
1,5,15,True,1,BruteForce,1,BruteForce,0.14391963969428187,0.18486695939945982,0.033464480183938446
1,5,15,True,1,BruteForce,2,DDoS,0.128653139430868,0.06963051237706532,0.5329504797880963
1,5,15,True,1,BruteForce,3,DoS,0.03984143775248073,0.04023823397933591,0.2504226473607079
1,5,15,True,1,BruteForce,4,Mirai,0.12606090028332628,0.11629501065780959,0.03849186840165198
1,5,15,True,1,BruteForce,5,Recon,0.07888939823526334,0.10531575839268961,0.02265328635101351
1,5,15,True,1,BruteForce,6,Spoofing,0.09136985513276702,0.14628561270287055,0.03799244616487405
1,5,15,True,1,BruteForce,7,Web-Based,0.22600573742618588,0.175559805223724,0.0319492796841605
1,5,15,True,2,DDoS,0,Benign,0.06261418603913554,0.07443679092609701,0.037558931196428384
1,5,15,True,2,DDoS,1,BruteForce,0.09642989847339613,0.05308735998196655,0.02688383215724133
1,5,15,True,2,DDoS,2,DDoS,0.4966408083022828,0.5605953662650159,0.7419043758520436
1,5,15,True,2,DDoS,3,DoS,0.06631565977517016,0.06422052360697965,0.10634900120256495
1,5,15,True,2,DDoS,4,Mirai,0.06139397785316659,0.07155919398496972,0.027500291863635604
1,5,15,True,2,DDoS,5,Recon,0.05114507673666485,0.06566450848624819,0.016731122419306972
1,5,15,True,2,DDoS,6,Spoofing,0.044721793838191526,0.05878185110891081,0.021729241659544984
1,5,15,True,2,DDoS,7,Web-Based,0.12073859898199235,0.051654405639812224,0.0213432036492342
1,5,15,True,3,DoS,0,Benign,0.03447853992846775,0.054378118645655955,0.02093062169185039
1,5,15,True,3,DoS,1,BruteForce,0.0835655970278122,0.07384577101325505,0.03937447271880717
1,5,15,True,3,DoS,2,DDoS,0.1372138910830083,0.14834068436625114,0.230983461552189
1,5,15,True,3,DoS,3,DoS,0.39451021635273376,0.4674321373158705,0.6203742998024961
1,5,15,True,3,DoS,4,Mirai,0.1089854722219729,0.09698287781420406,0.02558702906097365
1,5,15,True,3,DoS,5,Recon,0.034531998194786626,0.0438638321920747,0.016732501945439
1,5,15,True,3,DoS,6,Spoofing,0.05908939999179046,0.07925057346817085,0.022870721632670718
1,5,15,True,3,DoS,7,Web-Based,0.14762488519942799,0.035906005184517725,0.02314689159557398
1,5,15,True,4,Mirai,0,Benign,0.15250601883560916,0.16400180329138195,0.04918618415140519
1,5,15,True,4,Mirai,1,BruteForce,0.12070468924768853,0.1492807085303768,0.03309853823094742
1,5,15,True,4,Mirai,2,DDoS,0.13971049151876494,0.0816057552767693,0.5135747760258506
1,5,15,True,4,Mirai,3,DoS,0.05819530045930048,0.0638989259542355,0.2778038421421814
1,5,15,True,4,Mirai,4,Mirai,0.16962010245097073,0.15508071342833102,0.039747188923165984
1,5,15,True,4,Mirai,5,Recon,0.06421261445600107,0.08922834803187274,0.018826301336706326
1,5,15,True,4,Mirai,6,Spoofing,0.08919157671712154,0.1477687501855558,0.03737634189122307
1,5,15,True,4,Mirai,7,Web-Based,0.2058592063145436,0.14913499530147695,0.030386827298520075
1,5,15,True,5,Recon,0,Benign,0.16315005376252367,0.15701166528815172,0.05231090400242893
1,5,15,True,5,Recon,1,BruteForce,0.1443806890470731,0.17552485103484256,0.03487046593706778
1,5,15,True,5,Recon,2,DDoS,0.12605902673774932,0.06963788585252075,0.5151354536604092
1,5,15,True,5,Recon,3,DoS,0.04037756038106115,0.04180333410732831,0.26560072345031455
1,5,15,True,5,Recon,4,Mirai,0.11705601181428908,0.11572998825210658,0.0376412932965182
1,5,15,True,5,Recon,5,Recon,0.0973636355331783,0.12234747576902287,0.022822761923066533
1,5,15,True,5,Recon,6,Spoofing,0.08434938472317674,0.1407141427287992,0.039236306790337246
1,5,15,True,5,Recon,7,Web-Based,0.2272636380009488,0.17723065696722798,0.03238209093985765
1,5,15,True,6,Spoofing,0,Benign,0.17528729851243394,0.18969382901416618,0.04989348536388863
1,5,15,True,6,Spoofing,1,BruteForce,0.1203440415188669,0.13356671171644138,0.03188649971154166
1,5,15,True,6,Spoofing,2,DDoS,0.10473698732642482,0.06999039149032314,0.48386588385254226
1,5,15,True,6,Spoofing,3,DoS,0.04954373852165683,0.04487543744786329,0.30516149358828903
1,5,15,True,6,Spoofing,4,Mirai,0.11975049357982546,0.11520759982211017,0.03665031104580393
1,5,15,True,6,Spoofing,5,Recon,0.09856602420237058,0.12208859600051152,0.021957736856461973
1,5,15,True,6,Spoofing,6,Spoofing,0.11380792760767482,0.17346306786001778,0.0405992718729204
1,5,15,True,6,Spoofing,7,Web-Based,0.21796348873074653,0.15111436664856656,0.029985317708552225
1,5,15,True,7,Web-Based,0,Benign,0.1833098710817297,0.1887291231593687,0.055652764274874436
1,5,15,True,7,Web-Based,1,BruteForce,0.12571209185890547,0.1441857519009644,0.030874757337916416
1,5,15,True,7,Web-Based,2,DDoS,0.12062651448099511,0.07236753045376358,0.5642708408093295
1,5,15,True,7,Web-Based,3,DoS,0.045938473098321046,0.03783124306648626,0.21004699373683333
1,5,15,True,7,Web-Based,4,Mirai,0.12916678727449424,0.12595594472498736,0.039571216454673305
1,5,15,True,7,Web-Based,5,Recon,0.0866867886955101,0.11387126975217021,0.02516263858178125
1,5,15,True,7,Web-Based,6,Spoofing,0.09175972784390539,0.14849745866252143,0.0418851396147757
1,5,15,True,7,Web-Based,7,Web-Based,0.2167997456661389,0.16856167827973806,0.032535649189816065
1,5,16,False,0,Benign,0,Benign,0.5538529910784843,0.2007658346495211,0.5289869720531107
1,5,16,False,0,Benign,1,BruteForce,0.0212847880862554,0.13044727891135416,0.022867332490681114
1,5,16,False,0,Benign,2,DDoS,0.17259089102524286,0.08196280912396325,0.16887718426678153
1,5,16,False,0,Benign,3,DoS,0.025530707741045086,0.06153865047401969,0.051841357131975206
1,5,16,False,0,Benign,4,Mirai,0.015587448550542818,0.115442038937813,0.01948582065520686
1,5,16,False,0,Benign,5,Recon,0.022445835219894728,0.11913076067078215,0.023208244931691616
1,5,16,False,0,Benign,6,Spoofing,0.11490439103944909,0.1468200974926887,0.1089540888176844
1,5,16,False,0,Benign,7,Web-Based,0.0738029472590857,0.14389252973985792,0.07577899965286862
1,5,16,False,1,BruteForce,0,Benign,0.5524381140781768,0.16180810726704514,0.5744545563340866
1,5,16,False,1,BruteForce,1,BruteForce,0.025844078169420165,0.18486695939945982,0.023981889028737272
1,5,16,False,1,BruteForce,2,DDoS,0.15158734887797803,0.06963051237706532,0.12414438639312116
1,5,16,False,1,BruteForce,3,DoS,0.02007616832260934,0.04023823397933591,0.031614801917984124
1,5,16,False,1,BruteForce,4,Mirai,0.01591390220311813,0.11629501065780959,0.0186004018028425
1,5,16,False,1,BruteForce,5,Recon,0.021648318218912044,0.10531575839268961,0.023643384612350504
1,5,16,False,1,BruteForce,6,Spoofing,0.12290147268197067,0.14628561270287055,0.11807850717401792
1,5,16,False,1,BruteForce,7,Web-Based,0.08959059744781485,0.175559805223724,0.08548207273686008
1,5,16,False,2,DDoS,0,Benign,0.16723400465969385,0.07443679092609701,0.1741260159576502
1,5,16,False,2,DDoS,1,BruteForce,0.014496977458112764,0.05308735998196655,0.020852015820541595
1,5,16,False,2,DDoS,2,DDoS,0.7084100734431498,0.5605953662650159,0.6737905432890671
1,5,16,False,2,DDoS,3,DoS,0.017479649136874977,0.06422052360697965,0.028548930532557998
1,5,16,False,2,DDoS,4,Mirai,0.009850820079305116,0.07155919398496972,0.014523519766539204
1,5,16,False,2,DDoS,5,Recon,0.010708417170772548,0.06566450848624819,0.012179546227798073
1,5,16,False,2,DDoS,6,Spoofing,0.04020961822928433,0.05878185110891081,0.04110077740829184
1,5,16,False,2,DDoS,7,Web-Based,0.03161043982280677,0.051654405639812224,0.03487865099755404
1,5,16,False,3,DoS,0,Benign,0.10042911000438128,0.054378118645655955,0.14296338459993616
1,5,16,False,3,DoS,1,BruteForce,0.018278697422222438,0.07384577101325505,0.028642659897336577
1,5,16,False,3,DoS,2,DDoS,0.2823746340720469,0.14834068436625114,0.3066166315495205
1,5,16,False,3,DoS,3,DoS,0.49800565816117265,0.4674321373158705,0.39191929596958774
1,5,16,False,3,DoS,4,Mirai,0.010637409769771134,0.09698287781420406,0.017658223094010092
1,5,16,False,3,DoS,5,Recon,0.009255758474736156,0.0438638321920747,0.013790035974995387
1,5,16,False,3,DoS,6,Spoofing,0.052220288468048305,0.07925057346817085,0.05532115693381596
1,5,16,False,3,DoS,7,Web-Based,0.02879844362762115,0.035906005184517725,0.0430886119807976
1,5,16,False,4,Mirai,0,Benign,0.5029385561359646,0.16400180329138195,0.5206070171457508
1,5,16,False,4,Mirai,1,BruteForce,0.023870384066968293,0.1492807085303768,0.023978315131557546
1,5,16,False,4,Mirai,2,DDoS,0.21452794240057657,0.0816057552767693,0.1769630014019333
1,5,16,False,4,Mirai,3,DoS,0.03623881813153165,0.0638989259542355,0.05453570918791254
1,5,16,False,4,Mirai,4,Mirai,0.016766291652586647,0.15508071342833102,0.01941199305439611
1,5,16,False,4,Mirai,5,Recon,0.01932193079670043,0.08922834803187274,0.02135227064962333
1,5,16,False,4,Mirai,6,Spoofing,0.1131223375852992,0.1477687501855558,0.1063665389238147
1,5,16,False,4,Mirai,7,Web-Based,0.07321373923037258,0.14913499530147695,0.07678515450501171
1,5,16,False,5,Recon,0,Benign,0.5487550670255482,0.15701166528815172,0.5716181821311552
1,5,16,False,5,Recon,1,BruteForce,0.025998213614980035,0.17552485103484256,0.024593033053676886
1,5,16,False,5,Recon,2,DDoS,0.14463649014320368,0.06963788585252075,0.12484120043291991
1,5,16,False,5,Recon,3,DoS,0.02155631017669804,0.04180333410732831,0.03375637061389429
1,5,16,False,5,Recon,4,Mirai,0.015496736488757108,0.11572998825210658,0.01840659021605707
1,5,16,False,5,Recon,5,Recon,0.030839470639347413,0.12234747576902287,0.02445099893113418
1,5,16,False,5,Recon,6,Spoofing,0.12044338132243555,0.1407141427287992,0.1158587790935409
1,5,16,False,5,Recon,7,Web-Based,0.09227433058903012,0.17723065696722798,0.08647484552762154
1,5,16,False,6,Spoofing,0,Benign,0.5769009415912545,0.18969382901416618,0.5684098316127797
1,5,16,False,6,Spoofing,1,BruteForce,0.021848424096162004,0.13356671171644138,0.022899105575981814
1,5,16,False,6,Spoofing,2,DDoS,0.12943222264482285,0.06999039149032314,0.11984449504853653
1,5,16,False,6,Spoofing,3,DoS,0.021423928314110125,0.04487543744786329,0.04571222361566175
1,5,16,False,6,Spoofing,4,Mirai,0.01573748633785332,0.11520759982211017,0.019652787043212223
1,5,16,False,6,Spoofing,5,Recon,0.023667754978275734,0.12208859600051152,0.02456865175624679
1,5,16,False,6,Spoofing,6,Spoofing,0.13075886691159336,0.17346306786001778,0.11996086300199292
1,5,16,False,6,Spoofing,7,Web-Based,0.08023037512592807,0.15111436664856656,0.0789520423455883
1,5,16,False,7,Web-Based,0,Benign,0.5679413960369815,0.1887291231593687,0.5714476609725303
1,5,16,False,7,Web-Based,1,BruteForce,0.023388570715479447,0.1441857519009644,0.023310026981546425
1,5,16,False,7,Web-Based,2,DDoS,0.14368274612016443,0.07236753045376358,0.1346747131750776
1,5,16,False,7,Web-Based,3,DoS,0.0206917950557355,0.03783124306648626,0.03355962287673245
1,5,16,False,7,Web-Based,4,Mirai,0.016237727322640096,0.12595594472498736,0.019237949411600824
1,5,16,False,7,Web-Based,5,Recon,0.02237923406186247,0.11387126975217021,0.02394913990804512
1,5,16,False,7,Web-Based,6,Spoofing,0.12009878755390312,0.14849745866252143,0.11199076947497222
1,5,16,False,7,Web-Based,7,Web-Based,0.08557974313323345,0.16856167827973806,0.08183011719949508
1,5,17,True,0,Benign,0,Benign,0.14694807987865463,0.2007658346495211,0.286889015939312
1,5,17,True,0,Benign,1,BruteForce,0.21954661771993525,0.13044727891135416,0.014141176556226539
1,5,17,True,0,Benign,2,DDoS,0.05582922400261897,0.08196280912396325,0.03934222345283236
1,5,17,True,0,Benign,3,DoS,0.07850440714854784,0.06153865047401969,0.07510850393543397
1,5,17,True,0,Benign,4,Mirai,0.18141038367127835,0.115442038937813,0.4623639116782699
1,5,17,True,0,Benign,5,Recon,0.04179577855069896,0.11913076067078215,0.012580999550135604
1,5,17,True,0,Benign,6,Spoofing,0.04363499832783838,0.1468200974926887,0.01989494697695438
1,5,17,True,0,Benign,7,Web-Based,0.23233051070042757,0.14389252973985792,0.08967922191083538
1,5,17,True,1,BruteForce,0,Benign,0.13439191650171103,0.16180810726704514,0.26788477225842416
1,5,17,True,1,BruteForce,1,BruteForce,0.21658859379013237,0.18486695939945982,0.01355950147760995
1,5,17,True,1,BruteForce,2,DDoS,0.05275111363218809,0.06963051237706532,0.023824451384301438
1,5,17,True,1,BruteForce,3,DoS,0.06638845486565857,0.04023823397933591,0.021147476688527626
1,5,17,True,1,BruteForce,4,Mirai,0.2002274557177046,0.11629501065780959,0.5076466959494363
1,5,17,True,1,BruteForce,5,Recon,0.041960114439263,0.10531575839268961,0.01194216929091869
1,5,17,True,1,BruteForce,6,Spoofing,0.04283669025206871,0.14628561270287055,0.021224212398854504
1,5,17,True,1,BruteForce,7,Web-Based,0.24485566080127363,0.175559805223724,0.1327707205519274
1,5,17,True,2,DDoS,0,Benign,0.12184675872556605,0.07443679092609701,0.09965223464425019
1,5,17,True,2,DDoS,1,BruteForce,0.2599326816055729,0.05308735998196655,0.016912555800301876
1,5,17,True,2,DDoS,2,DDoS,0.12123738669161756,0.5605953662650159,0.5916063038604549
1,5,17,True,2,DDoS,3,DoS,0.09780570617891171,0.06422052360697965,0.059647025808189195
1,5,17,True,2,DDoS,4,Mirai,0.12230143165662265,0.07155919398496972,0.16515504529755384
1,5,17,True,2,DDoS,5,Recon,0.04113134245786597,0.06566450848624819,0.010300366663951063
1,5,17,True,2,DDoS,6,Spoofing,0.038940607467486295,0.05878185110891081,0.011752445730340406
1,5,17,True,2,DDoS,7,Web-Based,0.19680408521635684,0.051654405639812224,0.04497402219495862
1,5,17,True,3,DoS,0,Benign,0.08944921420162116,0.054378118645655955,0.05992432340690582
1,5,17,True,3,DoS,1,BruteForce,0.24818721122495055,0.07384577101325505,0.02264921063857181
1,5,17,True,3,DoS,2,DDoS,0.07269975630361136,0.14834068436625114,0.09107857185936827
1,5,17,True,3,DoS,3,DoS,0.18099225794232843,0.4674321373158705,0.6004928338303238
1,5,17,True,3,DoS,4,Mirai,0.12331933534769772,0.09698287781420406,0.16149540713187366
1,5,17,True,3,DoS,5,Recon,0.03502242878098319,0.0438638321920747,0.011963184394358726
1,5,17,True,3,DoS,6,Spoofing,0.0497658679469142,0.07925057346817085,0.014793874814484666
1,5,17,True,3,DoS,7,Web-Based,0.20056392825189343,0.035906005184517725,0.037602593924113276
1,5,17,True,4,Mirai,0,Benign,0.13077570464129665,0.16400180329138195,0.24452659773493632
1,5,17,True,4,Mirai,1,BruteForce,0.21914358562039832,0.1492807085303768,0.012452768444411106
1,5,17,True,4,Mirai,2,DDoS,0.055077115163084285,0.0816057552767693,0.02989616356771772
1,5,17,True,4,Mirai,3,DoS,0.07559224903591184,0.0638989259542355,0.03160659118771453
1,5,17,True,4,Mirai,4,Mirai,0.201466161220105,0.15508071342833102,0.5618601648015825
1,5,17,True,4,Mirai,5,Recon,0.040735564743795846,0.08922834803187274,0.011154268779432132
1,5,17,True,4,Mirai,6,Spoofing,0.04366930047681503,0.1477687501855558,0.01860752929236095
1,5,17,True,4,Mirai,7,Web-Based,0.23354031909859313,0.14913499530147695,0.0898959161918447
1,5,17,True,5,Recon,0,Benign,0.13213005727090552,0.15701166528815172,0.25952094279778837
1,5,17,True,5,Recon,1,BruteForce,0.2152231579120574,0.17552485103484256,0.013930722871897163
1,5,17,True,5,Recon,2,DDoS,0.05324893280706656,0.06963788585252075,0.02460110721417558
1,5,17,True,5,Recon,3,DoS,0.06694117603948366,0.04180333410732831,0.026782891227141448
1,5,17,True,5,Recon,4,Mirai,0.20204156079494975,0.11572998825210658,0.5082181784870103
1,5,17,True,5,Recon,5,Recon,0.04209103815834329,0.12234747576902287,0.011940778991640274
1,5,17,True,5,Recon,6,Spoofing,0.04190135550945317,0.1407141427287992,0.02098337634349378
1,5,17,True,5,Recon,7,Web-Based,0.2464227215077407,0.17723065696722798,0.1340220020668531
1,5,17,True,6,Spoofing,0,Benign,0.1446268625071544,0.18969382901416618,0.302606185767156
1,5,17,True,6,Spoofing,1,BruteForce,0.21881239216629242,0.13356671171644138,0.013507241985149722
1,5,17,True,6,Spoofing,2,DDoS,0.054589398030958816,0.06999039149032314,0.025089976437142267
1,5,17,True,6,Spoofing,3,DoS,0.07555172892327479,0.04487543744786329,0.04117615354337931
1,5,17,True,6,Spoofing,4,Mirai,0.1830132566051493,0.11520759982211017,0.48033069048874455
1,5,17,True,6,Spoofing,5,Recon,0.04297014423539339,0.12208859600051152,0.013000229641819839
1,5,17,True,6,Spoofing,6,Spoofing,0.04515202564157016,0.17346306786001778,0.021249318788605573
1,5,17,True,6,Spoofing,7,Web-Based,0.23528419189020683,0.15111436664856656,0.10304020334800273
1,5,17,True,7,Web-Based,0,Benign,0.14348278126579272,0.1887291231593687,0.28968093350244056
1,5,17,True,7,Web-Based,1,BruteForce,0.21150640017763164,0.1441857519009644,0.013761211173983294
1,5,17,True,7,Web-Based,2,DDoS,0.05335571321561162,0.07236753045376358,0.027595103491214332
1,5,17,True,7,Web-Based,3,DoS,0.06840761206994432,0.03783124306648626,0.021580846561655005
1,5,17,True,7,Web-Based,4,Mirai,0.1977126692055927,0.12595594472498736,0.5045295700101171
1,5,17,True,7,Web-Based,5,Recon,0.042411511208632374,0.11387126975217021,0.012630118921325022
1,5,17,True,7,Web-Based,6,Spoofing,0.04268398515368229,0.14849745866252143,0.020622524472812886
1,5,17,True,7,Web-Based,7,Web-Based,0.24043932770311224,0.16856167827973806,0.10959969186645173
1,5,18,True,0,Benign,0,Benign,0.07007352016595898,0.2007658346495211,0.06003669693124527
1,5,18,True,0,Benign,1,BruteForce,0.24006473312850893,0.13044727891135416,0.015925282420627428
1,5,18,True,0,Benign,2,DDoS,0.11749889769143605,0.08196280912396325,0.1752512081883567
1,5,18,True,0,Benign,3,DoS,0.051244599290928866,0.06153865047401969,0.05925209115095998
1,5,18,True,0,Benign,4,Mirai,0.11462714814853459,0.115442038937813,0.2680656923199855
1,5,18,True,0,Benign,5,Recon,0.0764253985420968,0.11913076067078215,0.10830681306316478
1,5,18,True,0,Benign,6,Spoofing,0.07881287897329478,0.1468200974926887,0.1953149492678493
1,5,18,True,0,Benign,7,Web-Based,0.25125282405924104,0.14389252973985792,0.11784726665781116
1,5,18,True,1,BruteForce,0,Benign,0.06510080973827663,0.16180810726704514,0.05985143394031293
1,5,18,True,1,BruteForce,1,BruteForce,0.24861136298188322,0.18486695939945982,0.015592786599150038
1,5,18,True,1,BruteForce,2,DDoS,0.10623691812446477,0.06963051237706532,0.1289359280752761
1,5,18,True,1,BruteForce,3,DoS,0.04721926705768242,0.04023823397933591,0.02215712225230054
1,5,18,True,1,BruteForce,4,Mirai,0.12080898828088525,0.11629501065780959,0.317016468517998
1,5,18,True,1,BruteForce,5,Recon,0.07623159785740216,0.10531575839268961,0.11847456578080608
1,5,18,True,1,BruteForce,6,Spoofing,0.07600922982101038,0.14628561270287055,0.18611693944709506
1,5,18,True,1,BruteForce,7,Web-Based,0.25978182613839523,0.175559805223724,0.15185475538706122
1,5,18,True,2,DDoS,0,Benign,0.06145391347348022,0.07443679092609701,0.029062631855855094
1,5,18,True,2,DDoS,1,BruteForce,0.2315515339978965,0.05308735998196655,0.016288194304989984
1,5,18,True,2,DDoS,2,DDoS,0.21369015861277893,0.5605953662650159,0.6648201106739219
1,5,18,True,2,DDoS,3,DoS,0.06845682124792422,0.06422052360697965,0.034976272066712825
1,5,18,True,2,DDoS,4,Mirai,0.07755424377888748,0.07155919398496972,0.096397978138924
1,5,18,True,2,DDoS,5,Recon,0.06851119636238341,0.06566450848624819,0.05429758367867338
1,5,18,True,2,DDoS,6,Spoofing,0.06980260527541109,0.05878185110891081,0.056696095005218945
1,5,18,True,2,DDoS,7,Web-Based,0.20897952725123825,0.051654405639812224,0.047461134275703955
1,5,18,True,3,DoS,0,Benign,0.04474580086012112,0.054378118645655955,0.02066310555668643
1,5,18,True,3,DoS,1,BruteForce,0.22115204270215252,0.07384577101325505,0.023275818268509742
1,5,18,True,3,DoS,2,DDoS,0.15199854255219375,0.14834068436625114,0.258822317646216
1,5,18,True,3,DoS,3,DoS,0.13839256106415052,0.4674321373158705,0.4234930144571863
1,5,18,True,3,DoS,4,Mirai,0.09986014912276203,0.09698287781420406,0.09426692062515364
1,5,18,True,3,DoS,5,Recon,0.054072065509427836,0.0438638321920747,0.039583359254818457
1,5,18,True,3,DoS,6,Spoofing,0.07389642582604504,0.07925057346817085,0.08592159588391285
1,5,18,True,3,DoS,7,Web-Based,0.21588241236314717,0.035906005184517725,0.05397386830751663
1,5,18,True,4,Mirai,0,Benign,0.06515683900161348,0.16400180329138195,0.05628407963491555
1,5,18,True,4,Mirai,1,BruteForce,0.24394820557260852,0.1492807085303768,0.01544059660104304
1,5,18,True,4,Mirai,2,DDoS,0.1207152024911839,0.0816057552767693,0.15448560210473708
1,5,18,True,4,Mirai,3,DoS,0.05061090026345869,0.0638989259542355,0.04912073475735243
1,5,18,True,4,Mirai,4,Mirai,0.12633354584453124,0.15508071342833102,0.3346982396821286
1,5,18,True,4,Mirai,5,Recon,0.06890473678047426,0.08922834803187274,0.09483282830803735
1,5,18,True,4,Mirai,6,Spoofing,0.07649364718907363,0.1477687501855558,0.17399327749416404
1,5,18,True,4,Mirai,7,Web-Based,0.24783692285705639,0.14913499530147695,0.12114464141762199
1,5,18,True,5,Recon,0,Benign,0.06380041952217969,0.15701166528815172,0.05812312447001411
1,5,18,True,5,Recon,1,BruteForce,0.24646669866504262,0.17552485103484256,0.015691333544148797
1,5,18,True,5,Recon,2,DDoS,0.1059618585258976,0.06963788585252075,0.122115431082052
1,5,18,True,5,Recon,3,DoS,0.047128160421238637,0.04180333410732831,0.022574914676715394
1,5,18,True,5,Recon,4,Mirai,0.12094798398440017,0.11572998825210658,0.3151549157088511
1,5,18,True,5,Recon,5,Recon,0.08047894095664161,0.12234747576902287,0.13887600447012433
1,5,18,True,5,Recon,6,Spoofing,0.07303203292297668,0.1407141427287992,0.17694869786890408
1,5,18,True,5,Recon,7,Web-Based,0.26218390500162303,0.17723065696722798,0.15051557817919023
1,5,18,True,6,Spoofing,0,Benign,0.06895303192848211,0.18969382901416618,0.06170834865848539
1,5,18,True,6,Spoofing,1,BruteForce,0.2386439269192103,0.13356671171644138,0.015800834351637857
1,5,18,True,6,Spoofing,2,DDoS,0.1073223347270149,0.06999039149032314,0.1232908717829644
1,5,18,True,6,Spoofing,3,DoS,0.04846940829688951,0.04487543744786329,0.04271692378464614
1,5,18,True,6,Spoofing,4,Mirai,0.11826791204900926,0.11520759982211017,0.2729913861731602
1,5,18,True,6,Spoofing,5,Recon,0.07953111497166762,0.12208859600051152,0.11501973307918247
1,5,18,True,6,Spoofing,6,Spoofing,0.08305536402017417,0.17346306786001778,0.23591856384237125
1,5,18,True,6,Spoofing,7,Web-Based,0.2557569070875521,0.15111436664856656,0.13255333832755234
1,5,18,True,7,Web-Based,0,Benign,0.06888842220085707,0.1887291231593687,0.06290869206457517
1,5,18,True,7,Web-Based,1,BruteForce,0.23909915979473462,0.1441857519009644,0.015319260554912553
1,5,18,True,7,Web-Based,2,DDoS,0.110813454497191,0.07236753045376358,0.14188922350994165
1,5,18,True,7,Web-Based,3,DoS,0.04725895716752188,0.03783124306648626,0.02459099334319162
1,5,18,True,7,Web-Based,4,Mirai,0.12139310246528333,0.12595594472498736,0.31275061179402036
1,5,18,True,7,Web-Based,5,Recon,0.0768204941892701,0.11387126975217021,0.11708161224186986
1,5,18,True,7,Web-Based,6,Spoofing,0.07678664026633426,0.14849745866252143,0.1881912653758733
1,5,18,True,7,Web-Based,7,Web-Based,0.2589397694188078,0.16856167827973806,0.13726834111561545
1,5,19,False,0,Benign,0,Benign,0.09532868972279156,0.2007658346495211,0.08823387665806656
1,5,19,False,0,Benign,1,BruteForce,0.0125683040130827,0.13044727891135416,0.01888932090882132
1,5,19,False,0,Benign,2,DDoS,0.18774055078075455,0.08196280912396325,0.2429632693628746
1,5,19,False,0,Benign,3,DoS,0.052580412140412265,0.06153865047401969,0.08348141086570714
1,5,19,False,0,Benign,4,Mirai,0.015772035440237735,0.115442038937813,0.019610591700312093
1,5,19,False,0,Benign,5,Recon,0.13742511831115026,0.11913076067078215,0.17813600008336025
1,5,19,False,0,Benign,6,Spoofing,0.48344150316968965,0.1468200974926887,0.3497237577388485
1,5,19,False,0,Benign,7,Web-Based,0.01514338642188138,0.14389252973985792,0.018961772682009412
1,5,19,False,1,BruteForce,0,Benign,0.10084912942544372,0.16180810726704514,0.09913790567731263
1,5,19,False,1,BruteForce,1,BruteForce,0.012813491013914838,0.18486695939945982,0.018064839186361405
1,5,19,False,1,BruteForce,2,DDoS,0.17459597848736053,0.06963051237706532,0.20349844104536582
1,5,19,False,1,BruteForce,3,DoS,0.019446250155410457,0.04023823397933591,0.02784390523462867
1,5,19,False,1,BruteForce,4,Mirai,0.016094486995236107,0.11629501065780959,0.01950739318485699
1,5,19,False,1,BruteForce,5,Recon,0.126028756804033,0.10531575839268961,0.2187069857341637
1,5,19,False,1,BruteForce,6,Spoofing,0.5346167046091821,0.14628561270287055,0.3939871007678026
1,5,19,False,1,BruteForce,7,Web-Based,0.015555202509419259,0.175559805223724,0.019253429169508115
1,5,19,False,2,DDoS,0,Benign,0.03081386060428862,0.07443679092609701,0.03767276258733159
1,5,19,False,2,DDoS,1,BruteForce,0.00946221663281649,0.05308735998196655,0.016056824115162807
1,5,19,False,2,DDoS,2,DDoS,0.7164360287233742,0.5605953662650159,0.6882905537192153
1,5,19,False,2,DDoS,3,DoS,0.035369487909726285,0.06422052360697965,0.048163516725315256
1,5,19,False,2,DDoS,4,Mirai,0.0101272402444118,0.07155919398496972,0.016534657503638764
1,5,19,False,2,DDoS,5,Recon,0.06463817252353374,0.06566450848624819,0.07958947246139361
1,5,19,False,2,DDoS,6,Spoofing,0.1260943468271958,0.05878185110891081,0.10282389900793108
1,5,19,False,2,DDoS,7,Web-Based,0.007058646534653134,0.051654405639812224,0.010868313880011578
1,5,19,False,3,DoS,0,Benign,0.013924175914767117,0.054378118645655955,0.020026217259025727
1,5,19,False,3,DoS,1,BruteForce,0.0141921474587065,0.07384577101325505,0.025034336214780212
1,5,19,False,3,DoS,2,DDoS,0.19775150786047843,0.14834068436625114,0.20879855364634697
1,5,19,False,3,DoS,3,DoS,0.6641684950249958,0.4674321373158705,0.5733914465592493
1,5,19,False,3,DoS,4,Mirai,0.009061160703927955,0.09698287781420406,0.015936369513321242
1,5,19,False,3,DoS,5,Recon,0.027865359985073657,0.0438638321920747,0.0464978550774566
1,5,19,False,3,DoS,6,Spoofing,0.06657741819551141,0.07925057346817085,0.09841889403122607
1,5,19,False,3,DoS,7,Web-Based,0.006459734856539252,0.035906005184517725,0.011896327698594002
1,5,19,False,4,Mirai,0,Benign,0.09062812276135063,0.16400180329138195,0.09167101573892925
1,5,19,False,4,Mirai,1,BruteForce,0.013108924950112998,0.1492807085303768,0.019798226119701657
1,5,19,False,4,Mirai,2,DDoS,0.25532800051275967,0.0816057552767693,0.2596567372868506
1,5,19,False,4,Mirai,3,DoS,0.05187463774895688,0.0638989259542355,0.07104045203391178
1,5,19,False,4,Mirai,4,Mirai,0.018361657233880443,0.15508071342833102,0.021280885764181936
1,5,19,False,4,Mirai,5,Recon,0.1023478648723977,0.08922834803187274,0.16300272388462222
1,5,19,False,4,Mirai,6,Spoofing,0.45380640562924374,0.1477687501855558,0.35435016413821613
1,5,19,False,4,Mirai,7,Web-Based,0.014544386291297902,0.14913499530147695,0.019199795033586476
1,5,19,False,5,Recon,0,Benign,0.10005696499270754,0.15701166528815172,0.09760074570728806
1,5,19,False,5,Recon,1,BruteForce,0.012314208721942147,0.17552485103484256,0.01785633303978797
1,5,19,False,5,Recon,2,DDoS,0.16823284537493677,0.06963788585252075,0.1952643830935358
1,5,19,False,5,Recon,3,DoS,0.02046113837050296,0.04180333410732831,0.02951280555912488
1,5,19,False,5,Recon,4,Mirai,0.014670997550623918,0.11572998825210658,0.019269203289343086
1,5,19,False,5,Recon,5,Recon,0.18445459843399328,0.12234747576902287,0.24910730652688962
1,5,19,False,5,Recon,6,Spoofing,0.48455094448350916,0.1407141427287992,0.37247809202891285
1,5,19,False,5,Recon,7,Web-Based,0.015258302071784304,0.17723065696722798,0.018911130755117668
1,5,19,False,6,Spoofing,0,Benign,0.09791260478159033,0.18969382901416618,0.09459257177217283
1,5,19,False,6,Spoofing,1,BruteForce,0.011503830341254783,0.13356671171644138,0.018608910498152272
1,5,19,False,6,Spoofing,2,DDoS,0.13983956640811535,0.06999039149032314,0.18479530680509787
1,5,19,False,6,Spoofing,3,DoS,0.03573493459512646,0.04487543744786329,0.06258030746707754
1,5,19,False,6,Spoofing,4,Mirai,0.01512948958613208,0.11520759982211017,0.01943747529338753
1,5,19,False,6,Spoofing,5,Recon,0.1559169117694419,0.12208859600051152,0.19519971533553404
1,5,19,False,6,Spoofing,6,Spoofing,0.5291521472350861,0.17346306786001778,0.405441605634872
1,5,19,False,6,Spoofing,7,Web-Based,0.014810515283253113,0.15111436664856656,0.01934410719370588
1,5,19,False,7,Web-Based,0,Benign,0.10504936535286664,0.1887291231593687,0.1007990821887821
1,5,19,False,7,Web-Based,1,BruteForce,0.012001269943949143,0.1441857519009644,0.018501421292924862
1,5,19,False,7,Web-Based,2,DDoS,0.17968293110157452,0.07236753045376358,0.2250672477616476
1,5,19,False,7,Web-Based,3,DoS,0.028020940301818984,0.03783124306648626,0.03364515979787337
1,5,19,False,7,Web-Based,4,Mirai,0.01598307027368236,0.12595594472498736,0.019942477727555873
1,5,19,False,7,Web-Based,5,Recon,0.1439009112672107,0.11387126975217021,0.2106561159097662
1,5,19,False,7,Web-Based,6,Spoofing,0.49961743194052766,0.14849745866252143,0.37142243101012146
1,5,19,False,7,Web-Based,7,Web-Based,0.015744079818370053,0.16856167827973806,0.01996606431132858
2,6,0,False,0,Benign,0,Benign,0.27905524132237225,0.18952027418263825,0.26278178160925625
2,6,0,False,0,Benign,1,BruteForce,0.09023320588065675,0.14172541766050675,0.05988172549568824
2,6,0,False,0,Benign,2,DDoS,0.009152605189962824,0.08056786686925038,0.017071578120114936
2,6,0,False,0,Benign,3,DoS,0.1485874049106819,0.07199359462999952,0.1844970353632558
2,6,0,False,0,Benign,4,Mirai,0.29208060881841685,0.11908196338723288,0.2918442271356306
2,6,0,False,0,Benign,5,Recon,0.13807372113531163,0.10715818962683209,0.14228985307871034
2,6,0,False,0,Benign,6,Spoofing,0.0228307546601759,0.15894148369807623,0.020855983251581833
2,6,0,False,0,Benign,7,Web-Based,0.019986458082421964,0.13101120994546378,0.020777815945762
2,6,0,False,1,BruteForce,0,Benign,0.23618873237296356,0.15043397127460426,0.2656430290659468
2,6,0,False,1,BruteForce,1,BruteForce,0.17235419612270264,0.21479597255655963,0.08753372719811156
2,6,0,False,1,BruteForce,2,DDoS,0.010250089943337114,0.0689521776594241,0.012764178493417473
2,6,0,False,1,BruteForce,3,DoS,0.06394810176154328,0.040587759335762294,0.07678476689708104
2,6,0,False,1,BruteForce,4,Mirai,0.3318260111232483,0.12119158101451255,0.3325634123379524
2,6,0,False,1,BruteForce,5,Recon,0.13273167905206715,0.09072782194560802,0.17508103946245743
2,6,0,False,1,BruteForce,6,Spoofing,0.023445144492445398,0.14804730659383145,0.022715882767572422
2,6,0,False,1,BruteForce,7,Web-Based,0.029256045131692623,0.16526340961969768,0.026913963777460977
2,6,0,False,2,DDoS,0,Benign,0.07112032338158868,0.07511178552154103,0.10478185413533818
2,6,0,False,2,DDoS,1,BruteForce,0.03269594404468893,0.05300925109809527,0.03363773507810239
2,6,0,False,2,DDoS,2,DDoS,0.5792369483583906,0.5651822454739117,0.4555644832146435
2,6,0,False,2,DDoS,3,DoS,0.10959604903514074,0.06341417011164818,0.16267828503382503
2,6,0,False,2,DDoS,4,Mirai,0.127638132105069,0.08215265259995945,0.13805545173557351
2,6,0,False,2,DDoS,5,Recon,0.059582441714641075,0.06639690986373802,0.07114814746332884
2,6,0,False,2,DDoS,6,Spoofing,0.009686101780072998,0.047436555828443035,0.014144695575032938
2,6,0,False,2,DDoS,7,Web-Based,0.010444059580408054,0.04729642950266336,0.019989347764155587
2,6,0,False,3,DoS,0,Benign,0.020421637951703334,0.06153587355404883,0.031183219318431078
2,6,0,False,3,DoS,1,BruteForce,0.016216360221796518,0.07692081369701595,0.016828722475000998
2,6,0,False,3,DoS,2,DDoS,0.02330831793780394,0.15699948739224048,0.02177625241987036
2,6,0,False,3,DoS,3,DoS,0.8885103997116736,0.45437094396738714,0.8446218761534362
2,6,0,False,3,DoS,4,Mirai,0.024641639692109907,0.09677559926731887,0.0431461770917808
2,6,0,False,3,DoS,5,Recon,0.017399557198880977,0.04653674779353243,0.026358258254224377
2,6,0,False,3,DoS,6,Spoofing,0.005432120471578445,0.07626451196762317,0.00856158772017071
2,6,0,False,3,DoS,7,Web-Based,0.004069966814453165,0.03059602236083317,0.007523906567085566
2,6,0,False,4,Mirai,0,Benign,0.22883863989235442,0.15681481384469428,0.25716740971373475
2,6,0,False,4,Mirai,1,BruteForce,0.08469641507399096,0.1664900849783366,0.06214343396007815
2,6,0,False,4,Mirai,2,DDoS,0.011201813194180704,0.0826229558644489,0.01386823720359379
2,6,0,False,4,Mirai,3,DoS,0.07371286205578753,0.06637953618879103,0.149772069756984
2,6,0,False,4,Mirai,4,Mirai,0.4873493819033725,0.14364043263005666,0.3716587945662579
2,6,0,False,4,Mirai,5,Recon,0.07410741333039374,0.0900391182003194,0.10328053476161966
2,6,0,False,4,Mirai,6,Spoofing,0.022972719569427143,0.15136456922110517,0.02136984537726492
2,6,0,False,4,Mirai,7,Web-Based,0.017120754980493046,0.14264848907224803,0.020739674660466896
2,6,0,False,5,Recon,0,Benign,0.2141830861179658,0.14755852638067524,0.24724985801781527
2,6,0,False,5,Recon,1,BruteForce,0.15203106528186833,0.19876691246881717,0.0851020256366411
2,6,0,False,5,Recon,2,DDoS,0.009539742905675814,0.07037175679328701,0.012058303129683059
2,6,0,False,5,Recon,3,DoS,0.08771727719811791,0.04290241040215955,0.0998195894281689
2,6,0,False,5,Recon,4,Mirai,0.27012695973434553,0.11893735139943745,0.3057203541264973
2,6,0,False,5,Recon,5,Recon,0.21403031206988074,0.10627850279163158,0.20288978965026663
2,6,0,False,5,Recon,6,Spoofing,0.022400217490746777,0.14359158715902282,0.021513182207612613
2,6,0,False,5,Recon,7,Web-Based,0.029971339201399064,0.17159295260496918,0.025646897803315197
2,6,0,False,6,Spoofing,0,Benign,0.2692184524218051,0.17523862172659074,0.27290338038420653
2,6,0,False,6,Spoofing,1,BruteForce,0.11245990717224845,0.1549571181488955,0.06470870055203756
2,6,0,False,6,Spoofing,2,DDoS,0.008956703371650864,0.06981201233885982,0.012183481902706246
2,6,0,False,6,Spoofing,3,DoS,0.09058541180951978,0.0493047069546855,0.14846015901941642
2,6,0,False,6,Spoofing,4,Mirai,0.3026230098654793,0.1199787543097685,0.2955883962719409
2,6,0,False,6,Spoofing,5,Recon,0.1624642467045454,0.10759700563665735,0.16073231861293877
2,6,0,False,6,Spoofing,6,Spoofing,0.02871003580261386,0.1831346250553199,0.022702443629196753
2,6,0,False,6,Spoofing,7,Web-Based,0.02498223285213717,0.13997715582922263,0.02272111962755682
2,6,0,False,7,Web-Based,0,Benign,0.2654787583921394,0.17643507339479875,0.2828623583119801
2,6,0,False,7,Web-Based,1,BruteForce,0.09900750873989152,0.15920144366918396,0.06785994904824477
2,6,0,False,7,Web-Based,2,DDoS,0.010663138090315025,0.07537103425481713,0.014249287961015595
2,6,0,False,7,Web-Based,3,DoS,0.07074388435440108,0.04060343462677343,0.10621673236144319
2,6,0,False,7,Web-Based,4,Mirai,0.3852044915768301,0.12799477553773667,0.34482029681020887
2,6,0,False,7,Web-Based,5,Recon,0.12147542413900463,0.10568820739870051,0.13843233178161277
2,6,0,False,7,Web-Based,6,Spoofing,0.025043449157428514,0.15789957719041145,0.022295377231029485
2,6,0,False,7,Web-Based,7,Web-Based,0.022383345549989817,0.15680645392757805,0.023263666494465214
2,6,1,True,0,Benign,0,Benign,0.04744463638647887,0.18952027418263825,0.013568399554844724
2,6,1,True,0,Benign,1,BruteForce,0.21900284734183076,0.14172541766050675,0.008605934639372665
2,6,1,True,0,Benign,2,DDoS,0.06273042289562579,0.08056786686925038,0.07444771125811747
2,6,1,True,0,Benign,3,DoS,0.05683726182549966,0.07199359462999952,0.018250106949369942
2,6,1,True,0,Benign,4,Mirai,0.08783489023025211,0.11908196338723288,0.10807574100270502
2,6,1,True,0,Benign,5,Recon,0.1507486905998457,0.10715818962683209,0.2907260211972004
2,6,1,True,0,Benign,6,Spoofing,0.20165573890131294,0.15894148369807623,0.47608512375763967
2,6,1,True,0,Benign,7,Web-Based,0.17374551181915418,0.13101120994546378,0.010240961640750088
2,6,1,True,1,BruteForce,0,Benign,0.04637609908532958,0.15043397127460426,0.012838263384921755
2,6,1,True,1,BruteForce,1,BruteForce,0.21327086533500703,0.21479597255655963,0.008322975190072216
2,6,1,True,1,BruteForce,2,DDoS,0.053581927179510096,0.0689521776594241,0.0486947483017159
2,6,1,True,1,BruteForce,3,DoS,0.047067339343697744,0.040587759335762294,0.011921294151150431
2,6,1,True,1,BruteForce,4,Mirai,0.09358244621384094,0.12119158101451255,0.1105990736221884
2,6,1,True,1,BruteForce,5,Recon,0.16435964251658522,0.09072782194560802,0.29782863486713473
2,6,1,True,1,BruteForce,6,Spoofing,0.2066196058411347,0.14804730659383145,0.5004098369481974
2,6,1,True,1,BruteForce,7,Web-Based,0.1751420744848947,0.16526340961969768,0.00938517353461923
2,6,1,True,2,DDoS,0,Benign,0.05261511110172314,0.07511178552154103,0.010789170177697706
2,6,1,True,2,DDoS,1,BruteForce,0.21833969793269828,0.05300925109809527,0.008010163860307824
2,6,1,True,2,DDoS,2,DDoS,0.25214313624289997,0.5651822454739117,0.6681850151860528
2,6,1,True,2,DDoS,3,DoS,0.056914275484752974,0.06341417011164818,0.02380207038049753
2,6,1,True,2,DDoS,4,Mirai,0.06569958660424313,0.08215265259995945,0.04539266732934675
2,6,1,True,2,DDoS,5,Recon,0.08901601543013911,0.06639690986373802,0.10933311795857123
2,6,1,True,2,DDoS,6,Spoofing,0.09408893576863354,0.047436555828443035,0.12801525908105618
2,6,1,True,2,DDoS,7,Web-Based,0.1711832414349098,0.04729642950266336,0.006472536026470069
2,6,1,True,3,DoS,0,Benign,0.04144611984148471,0.06153587355404883,0.010252218338446022
2,6,1,True,3,DoS,1,BruteForce,0.21108970398572413,0.07692081369701595,0.015216404503898918
2,6,1,True,3,DoS,2,DDoS,0.10262400661990806,0.15699948739224048,0.17155529533872457
2,6,1,True,3,DoS,3,DoS,0.1975462315132541,0.45437094396738714,0.5166624340617575
2,6,1,True,3,DoS,4,Mirai,0.07403169206770437,0.09677559926731887,0.050020635236841596
2,6,1,True,3,DoS,5,Recon,0.08815117404351551,0.04653674779353243,0.05898538021733843
2,6,1,True,3,DoS,6,Spoofing,0.1137852368046184,0.07626451196762317,0.16568625965394038
2,6,1,True,3,DoS,7,Web-Based,0.17132583512379077,0.03059602236083317,0.011621372649052655
2,6,1,True,4,Mirai,0,Benign,0.04602621207734572,0.15681481384469428,0.014618137705013036
2,6,1,True,4,Mirai,1,BruteForce,0.21835190890911663,0.1664900849783366,0.009102412497405885
2,6,1,True,4,Mirai,2,DDoS,0.06068717917681107,0.0826229558644489,0.08760477884375821
2,6,1,True,4,Mirai,3,DoS,0.05532033816541007,0.06637953618879103,0.02267124101393727
2,6,1,True,4,Mirai,4,Mirai,0.09576711777312126,0.14364043263005666,0.15230992245626365
2,6,1,True,4,Mirai,5,Recon,0.1358762910057845,0.0900391182003194,0.21313913990613298
2,6,1,True,4,Mirai,6,Spoofing,0.21197120164319297,0.15136456922110517,0.4892664164272418
2,6,1,True,4,Mirai,7,Web-Based,0.17599975124921777,0.14264848907224803,0.011287951150247227
2,6,1,True,5,Recon,0,Benign,0.04607971062214381,0.14755852638067524,0.011824808752694154
2,6,1,True,5,Recon,1,BruteForce,0.21072877895631956,0.19876691246881717,0.007794146199475564
2,6,1,True,5,Recon,2,DDoS,0.052632953145584284,0.07037175679328701,0.043844228754022566
2,6,1,True,5,Recon,3,DoS,0.046824405140222174,0.04290241040215955,0.011222183207049409
2,6,1,True,5,Recon,4,Mirai,0.09313669804967246,0.11893735139943745,0.10642451725044536
2,6,1,True,5,Recon,5,Recon,0.18020792490337278,0.10627850279163158,0.38581164237960236
2,6,1,True,5,Recon,6,Spoofing,0.1964390462158279,0.14359158715902282,0.42455073847402264
2,6,1,True,5,Recon,7,Web-Based,0.1739504829668571,0.17159295260496918,0.00852773498268801
2,6,1,True,6,Spoofing,0,Benign,0.04632028269945935,0.17523862172659074,0.012756547625364765
2,6,1,True,6,Spoofing,1,BruteForce,0.21391244912914084,0.1549571181488955,0.00793767673279992
2,6,1,True,6,Spoofing,2,DDoS,0.054450767603718996,0.06981201233885982,0.04094354636442861
2,6,1,True,6,Spoofing,3,DoS,0.05421280241222251,0.0493047069546855,0.013276564153364187
2,6,1,True,6,Spoofing,4,Mirai,0.09055872326336616,0.1199787543097685,0.10214290260601923
2,6,1,True,6,Spoofing,5,Recon,0.15418192860621752,0.10759700563665735,0.30987281749361173
2,6,1,True,6,Spoofing,6,Spoofing,0.21404166285466122,0.1831346250553199,0.5035233321847596
2,6,1,True,6,Spoofing,7,Web-Based,0.17232138343121348,0.13997715582922263,0.009546612839651922
2,6,1,True,7,Web-Based,0,Benign,0.046527318931468775,0.17643507339479875,0.013734158361343934
2,6,1,True,7,Web-Based,1,BruteForce,0.21303061351958286,0.15920144366918396,0.008298821415736183
2,6,1,True,7,Web-Based,2,DDoS,0.05690027430485021,0.07537103425481713,0.05452670758696665
2,6,1,True,7,Web-Based,3,DoS,0.04886284902103921,0.04060343462677343,0.012572142659275492
2,6,1,True,7,Web-Based,4,Mirai,0.09357431236996246,0.12799477553773667,0.12680239855305564
2,6,1,True,7,Web-Based,5,Recon,0.15621395576345168,0.10568820739870051,0.29510931665947837
2,6,1,True,7,Web-Based,6,Spoofing,0.20877899651122767,0.15789957719041145,0.47882548768979566
2,6,1,True,7,Web-Based,7,Web-Based,0.17611167957841722,0.15680645392757805,0.010130967074348123
2,6,2,False,0,Benign,0,Benign,0.1520999419522059,0.18952027418263825,0.15516749217397513
2,6,2,False,0,Benign,1,BruteForce,0.020150203777868594,0.14172541766050675,0.02020697169099876
2,6,2,False,0,Benign,2,DDoS,0.016685140119125627,0.08056786686925038,0.02483690992421998
2,6,2,False,0,Benign,3,DoS,0.011713042715376053,0.07199359462999952,0.021903132373728325
2,6,2,False,0,Benign,4,Mirai,0.2539511823497861,0.11908196338723288,0.3359140225651714
2,6,2,False,0,Benign,5,Recon,0.49513217625619704,0.10715818962683209,0.38273503638041545
2,6,2,False,0,Benign,6,Spoofing,0.028892560153326988,0.15894148369807623,0.03607525256740638
2,6,2,False,0,Benign,7,Web-Based,0.021375752676113496,0.13101120994546378,0.02316118232408474
2,6,2,False,1,BruteForce,0,Benign,0.14022048064451056,0.15043397127460426,0.1467095370191094
2,6,2,False,1,BruteForce,1,BruteForce,0.02879395186964719,0.21479597255655963,0.022985457984859892
2,6,2,False,1,BruteForce,2,DDoS,0.011155539925866959,0.0689521776594241,0.017791320728001596
2,6,2,False,1,BruteForce,3,DoS,0.008649675365126482,0.040587759335762294,0.01686477535592938
2,6,2,False,1,BruteForce,4,Mirai,0.26836135421115787,0.12119158101451255,0.34946964266103686
2,6,2,False,1,BruteForce,5,Recon,0.4852605019118042,0.09072782194560802,0.38500319043422254
2,6,2,False,1,BruteForce,6,Spoofing,0.02721056879939517,0.14804730659383145,0.03336265034182514
2,6,2,False,1,BruteForce,7,Web-Based,0.030347927272491592,0.16526340961969768,0.027813425475015124
2,6,2,False,2,DDoS,0,Benign,0.04628083498172893,0.07511178552154103,0.09243642996206623
2,6,2,False,2,DDoS,1,BruteForce,0.013403401648301333,0.05300925109809527,0.024709175856203476
2,6,2,False,2,DDoS,2,DDoS,0.6173696991997498,0.5651822454739117,0.45204813066914906
2,6,2,False,2,DDoS,3,DoS,0.01369732494323116,0.06341417011164818,0.02210006079565015
2,6,2,False,2,DDoS,4,Mirai,0.12599757815091056,0.08215265259995945,0.18417335762347684
2,6,2,False,2,DDoS,5,Recon,0.15977821497967584,0.06639690986373802,0.17897191068459242
2,6,2,False,2,DDoS,6,Spoofing,0.011254242181327164,0.047436555828443035,0.02380177489314433
2,6,2,False,2,DDoS,7,Web-Based,0.012218703915075254,0.04729642950266336,0.021759159515717497
2,6,2,False,3,DoS,0,Benign,0.02273259734709741,0.06153587355404883,0.07423245721019542
2,6,2,False,3,DoS,1,BruteForce,0.018586328844998435,0.07692081369701595,0.030443967390512406
2,6,2,False,3,DoS,2,DDoS,0.17549198105424926,0.15699948739224048,0.12209621095118063
2,6,2,False,3,DoS,3,DoS,0.5060112587773602,0.45437094396738714,0.2235281468682234
2,6,2,False,3,DoS,4,Mirai,0.1342595260614667,0.09677559926731887,0.24700607328376994
2,6,2,False,3,DoS,5,Recon,0.1138211321315058,0.04653674779353243,0.24790555799165553
2,6,2,False,3,DoS,6,Spoofing,0.01633114578454852,0.07626451196762317,0.029631423152986853
2,6,2,False,3,DoS,7,Web-Based,0.012766029998773748,0.03059602236083317,0.025156163151475817
2,6,2,False,4,Mirai,0,Benign,0.1305444790667903,0.15681481384469428,0.1493377915779523
2,6,2,False,4,Mirai,1,BruteForce,0.020275767648087185,0.1664900849783366,0.01927501948970061
2,6,2,False,4,Mirai,2,DDoS,0.017473482058714178,0.0826229558644489,0.02255940543558527
2,6,2,False,4,Mirai,3,DoS,0.010030599471626093,0.06637953618879103,0.020264412532864148
2,6,2,False,4,Mirai,4,Mirai,0.43940216333465937,0.14364043263005666,0.41690692612713565
2,6,2,False,4,Mirai,5,Recon,0.33663284741834204,0.0900391182003194,0.3150578115032778
2,6,2,False,4,Mirai,6,Spoofing,0.025339497410018712,0.15136456922110517,0.03463700112605171
2,6,2,False,4,Mirai,7,Web-Based,0.02030116359176206,0.14264848907224803,0.021961632207432438
2,6,2,False,5,Recon,0,Benign,0.11896245375860502,0.14755852638067524,0.13991036853333705
2,6,2,False,5,Recon,1,BruteForce,0.026671098370906723,0.19876691246881717,0.022959709159566802
2,6,2,False,5,Recon,2,DDoS,0.010426746787810394,0.07037175679328701,0.01759819314837628
2,6,2,False,5,Recon,3,DoS,0.009439431795300606,0.04290241040215955,0.016998861128553096
2,6,2,False,5,Recon,4,Mirai,0.21370236984485755,0.11893735139943745,0.3418745355520832
2,6,2,False,5,Recon,5,Recon,0.5644310747268936,0.10627850279163158,0.40087168660804506
2,6,2,False,5,Recon,6,Spoofing,0.028634458586931352,0.14359158715902282,0.032696458412240906
2,6,2,False,5,Recon,7,Web-Based,0.027732366128694706,0.17159295260496918,0.027090187457797683
2,6,2,False,6,Spoofing,0,Benign,0.13083791474204906,0.17523862172659074,0.14999845851380175
2,6,2,False,6,Spoofing,1,BruteForce,0.02195450158378158,0.1549571181488955,0.020894841280412003
2,6,2,False,6,Spoofing,2,DDoS,0.009983681289739317,0.06981201233885982,0.01908801949955038
2,6,2,False,6,Spoofing,3,DoS,0.009424725738450537,0.0493047069546855,0.01990548896326303
2,6,2,False,6,Spoofing,4,Mirai,0.22514183546820984,0.1199787543097685,0.31733955553989673
2,6,2,False,6,Spoofing,5,Recon,0.5510404361565204,0.10759700563665735,0.4104761713150622
2,6,2,False,6,Spoofing,6,Spoofing,0.028002121422718875,0.1831346250553199,0.03817166657681523
2,6,2,False,6,Spoofing,7,Web-Based,0.023614783598530364,0.13997715582922263,0.024125798311198696
2,6,2,False,7,Web-Based,0,Benign,0.13717995925391477,0.17643507339479875,0.15534963756362322
2,6,2,False,7,Web-Based,1,BruteForce,0.022393064736020922,0.15920144366918396,0.01998890373401627
2,6,2,False,7,Web-Based,2,DDoS,0.011395148654957004,0.07537103425481713,0.019995455457424424
2,6,2,False,7,Web-Based,3,DoS,0.008933586421946096,0.04060343462677343,0.017779293256949942
2,6,2,False,7,Web-Based,4,Mirai,0.292875630797328,0.12799477553773667,0.3703569074777412
2,6,2,False,7,Web-Based,5,Recon,0.4758805134099712,0.10568820739870051,0.3576040454011711
2,6,2,False,7,Web-Based,6,Spoofing,0.0266691122595395,0.15789957719041145,0.03456511848490651
2,6,2,False,7,Web-Based,7,Web-Based,0.0246729844663225,0.15680645392757805,0.024360638624167468
2,6,3,False,0,Benign,0,Benign,0.142821405538002,0.18952027418263825,0.11885254276976849
2,6,3,False,0,Benign,1,BruteForce,0.3916498495392561,0.14172541766050675,0.34183347738017056
2,6,3,False,0,Benign,2,DDoS,0.10020410764163432,0.08056786686925038,0.12378352278465309
2,6,3,False,0,Benign,3,DoS,0.030470645072716667,0.07199359462999952,0.044653900704609784
2,6,3,False,0,Benign,4,Mirai,0.17397232727676976,0.11908196338723288,0.22325900240316113
2,6,3,False,0,Benign,5,Recon,0.09536914755485847,0.10715818962683209,0.09131375981835803
2,6,3,False,0,Benign,6,Spoofing,0.027020648284639633,0.15894148369807623,0.02743729080595953
2,6,3,False,0,Benign,7,Web-Based,0.03849186909212295,0.13101120994546378,0.02886650333331943
2,6,3,False,1,BruteForce,0,Benign,0.10473386511442735,0.15043397127460426,0.10422845740096678
2,6,3,False,1,BruteForce,1,BruteForce,0.5334517771349764,0.21479597255655963,0.4420364598311267
2,6,3,False,1,BruteForce,2,DDoS,0.05723575692271324,0.0689521776594241,0.06434640405943129
2,6,3,False,1,BruteForce,3,DoS,0.03072038026442131,0.040587759335762294,0.04339879802482092
2,6,3,False,1,BruteForce,4,Mirai,0.13911825002742143,0.12119158101451255,0.20464662397004163
2,6,3,False,1,BruteForce,5,Recon,0.062152057039784915,0.09072782194560802,0.08160172798012294
2,6,3,False,1,BruteForce,6,Spoofing,0.02750009118533442,0.14804730659383145,0.028321106426362385
2,6,3,False,1,BruteForce,7,Web-Based,0.04508782231092088,0.16526340961969768,0.03142042230712738
2,6,3,False,2,DDoS,0,Benign,0.04073556666833832,0.07511178552154103,0.05418656669811476
2,6,3,False,2,DDoS,1,BruteForce,0.12581966818962895,0.05300925109809527,0.13362710600047714
2,6,3,False,2,DDoS,2,DDoS,0.6638922957188156,0.5651822454739117,0.6084341304810735
2,6,3,False,2,DDoS,3,DoS,0.023764890848342952,0.06341417011164818,0.029694312183729966
2,6,3,False,2,DDoS,4,Mirai,0.06450684196383133,0.08215265259995945,0.0876212099996208
2,6,3,False,2,DDoS,5,Recon,0.0549475016835578,0.06639690986373802,0.05046877631761053
2,6,3,False,2,DDoS,6,Spoofing,0.010683751202727264,0.047436555828443035,0.016799953749613523
2,6,3,False,2,DDoS,7,Web-Based,0.015649483724757742,0.04729642950266336,0.01916794456975978
2,6,3,False,3,DoS,0,Benign,0.02425377003705426,0.06153587355404883,0.049824806740559134
2,6,3,False,3,DoS,1,BruteForce,0.10210994793414373,0.07692081369701595,0.15871638978004346
2,6,3,False,3,DoS,2,DDoS,0.2690552049862245,0.15699948739224048,0.2739374321325671
2,6,3,False,3,DoS,3,DoS,0.4748242930207607,0.45437094396738714,0.2839548812108047
2,6,3,False,3,DoS,4,Mirai,0.07781872051915073,0.09677559926731887,0.14274198998363813
2,6,3,False,3,DoS,5,Recon,0.02510309927631782,0.04653674779353243,0.046865274202214556
2,6,3,False,3,DoS,6,Spoofing,0.013140642195108779,0.07626451196762317,0.018854402550887935
2,6,3,False,3,DoS,7,Web-Based,0.01369432203123948,0.03059602236083317,0.02510482339928486
2,6,3,False,4,Mirai,0,Benign,0.10061817494880843,0.15681481384469428,0.10394801873029945
2,6,3,False,4,Mirai,1,BruteForce,0.4075107396603699,0.1664900849783366,0.3662581022185664
2,6,3,False,4,Mirai,2,DDoS,0.10736432049150713,0.0826229558644489,0.10740728079125414
2,6,3,False,4,Mirai,3,DoS,0.02804988868493793,0.06637953618879103,0.04208730839404158
2,6,3,False,4,Mirai,4,Mirai,0.23919758912178768,0.14364043263005666,0.25034116343665686
2,6,3,False,4,Mirai,5,Recon,0.05510841061122132,0.0900391182003194,0.07377720890383144
2,6,3,False,4,Mirai,6,Spoofing,0.0260023569825058,0.15136456922110517,0.027117561978776256
2,6,3,False,4,Mirai,7,Web-Based,0.03614851949886188,0.14264848907224803,0.029063355546573952
2,6,3,False,5,Recon,0,Benign,0.09854901244430138,0.14755852638067524,0.09756590563366478
2,6,3,False,5,Recon,1,BruteForce,0.5274799695428424,0.19876691246881717,0.4393565922828682
2,6,3,False,5,Recon,2,DDoS,0.05500357487719366,0.07037175679328701,0.06267543526401637
2,6,3,False,5,Recon,3,DoS,0.031127769807804146,0.04290241040215955,0.04463156907363983
2,6,3,False,5,Recon,4,Mirai,0.12835447980108006,0.11893735139943745,0.20565759171174258
2,6,3,False,5,Recon,5,Recon,0.08781910491233803,0.10627850279163158,0.0917340051966015
2,6,3,False,5,Recon,6,Spoofing,0.02630683689388226,0.14359158715902282,0.02682067240807345
2,6,3,False,5,Recon,7,Web-Based,0.04535925172055794,0.17159295260496918,0.03155822842939329
2,6,3,False,6,Spoofing,0,Benign,0.13731625209610626,0.17523862172659074,0.12262083379026725
2,6,3,False,6,Spoofing,1,BruteForce,0.43021145498553987,0.1549571181488955,0.3671513011785513
2,6,3,False,6,Spoofing,2,DDoS,0.05104584222959488,0.06981201233885982,0.07061394487219584
2,6,3,False,6,Spoofing,3,DoS,0.027815120264500334,0.0493047069546855,0.04085530223639366
2,6,3,False,6,Spoofing,4,Mirai,0.17469395905861307,0.1199787543097685,0.2393203767527391
2,6,3,False,6,Spoofing,5,Recon,0.10498209359561873,0.10759700563665735,0.09944266369448852
2,6,3,False,6,Spoofing,6,Spoofing,0.029699202928377782,0.1831346250553199,0.030191004562158057
2,6,3,False,6,Spoofing,7,Web-Based,0.04423607484164907,0.13997715582922263,0.029804572913206245
2,6,3,False,7,Web-Based,0,Benign,0.1295630211049482,0.17643507339479875,0.12166781308232819
2,6,3,False,7,Web-Based,1,BruteForce,0.44052298094154346,0.15920144366918396,0.381819740473302
2,6,3,False,7,Web-Based,2,DDoS,0.06407296117646523,0.07537103425481713,0.08681887661962281
2,6,3,False,7,Web-Based,3,DoS,0.027768789327273474,0.04060343462677343,0.03828257697757771
2,6,3,False,7,Web-Based,4,Mirai,0.17626815853568512,0.12799477553773667,0.22489869579251326
2,6,3,False,7,Web-Based,5,Recon,0.09202129119304044,0.10568820739870051,0.08862106663524917
2,6,3,False,7,Web-Based,6,Spoofing,0.02710262464959242,0.15789957719041145,0.027871303862086062
2,6,3,False,7,Web-Based,7,Web-Based,0.04268017307145183,0.15680645392757805,0.030019926557320668
2,6,4,False,0,Benign,0,Benign,0.5445483802399939,0.18952027418263825,0.5079957351917117
2,6,4,False,0,Benign,1,BruteForce,0.017720826529877068,0.14172541766050675,0.01748946183137613
2,6,4,False,0,Benign,2,DDoS,0.015400782039622135,0.08056786686925038,0.021068978105766273
2,6,4,False,0,Benign,3,DoS,0.07873564794400402,0.07199359462999952,0.11805400248392045
2,6,4,False,0,Benign,4,Mirai,0.051109487525242255,0.11908196338723288,0.051857750097300044
2,6,4,False,0,Benign,5,Recon,0.04304495290896335,0.10715818962683209,0.044870356461185056
2,6,4,False,0,Benign,6,Spoofing,0.13687436168354966,0.15894148369807623,0.12974401873056032
2,6,4,False,0,Benign,7,Web-Based,0.11256556112874766,0.13101120994546378,0.10891969709817997
2,6,4,False,1,BruteForce,0,Benign,0.5221506019833514,0.15043397127460426,0.5389955761261209
2,6,4,False,1,BruteForce,1,BruteForce,0.02209297541683694,0.21479597255655963,0.017308943523206857
2,6,4,False,1,BruteForce,2,DDoS,0.015574920196697796,0.0689521776594241,0.019094587480338956
2,6,4,False,1,BruteForce,3,DoS,0.03262965910286746,0.040587759335762294,0.046011712086405
2,6,4,False,1,BruteForce,4,Mirai,0.06074888434973986,0.12119158101451255,0.05660047445349295
2,6,4,False,1,BruteForce,5,Recon,0.039928938977071386,0.09072782194560802,0.04878325819914148
2,6,4,False,1,BruteForce,6,Spoofing,0.148138958785109,0.14804730659383145,0.13701215473952064
2,6,4,False,1,BruteForce,7,Web-Based,0.1587350611883262,0.16526340961969768,0.13619329339177316
2,6,4,False,2,DDoS,0,Benign,0.1532407772219805,0.07511178552154103,0.24393959575792235
2,6,4,False,2,DDoS,1,BruteForce,0.015365719295828037,0.05300925109809527,0.022141041236417712
2,6,4,False,2,DDoS,2,DDoS,0.5946329827220164,0.5651822454739117,0.4235565978710404
2,6,4,False,2,DDoS,3,DoS,0.08416627954069884,0.06341417011164818,0.10550288890410102
2,6,4,False,2,DDoS,4,Mirai,0.028651001730239087,0.08215265259995945,0.038561222616288644
2,6,4,False,2,DDoS,5,Recon,0.02578652830962212,0.06639690986373802,0.031050563041224537
2,6,4,False,2,DDoS,6,Spoofing,0.046203898740719264,0.047436555828443035,0.06882433656623298
2,6,4,False,2,DDoS,7,Web-Based,0.05195281243889582,0.04729642950266336,0.06642375400677236
2,6,4,False,3,DoS,0,Benign,0.06005350955006072,0.06153587355404883,0.07787514820812906
2,6,4,False,3,DoS,1,BruteForce,0.009364875899168082,0.07692081369701595,0.018979474854902208
2,6,4,False,3,DoS,2,DDoS,0.027962897729793604,0.15699948739224048,0.028906935572254794
2,6,4,False,3,DoS,3,DoS,0.8298914407697938,0.45437094396738714,0.7484607123074821
2,6,4,False,3,DoS,4,Mirai,0.013104750260974376,0.09677559926731887,0.023447361734180414
2,6,4,False,3,DoS,5,Recon,0.009652447371730665,0.04653674779353243,0.01725485135104091
2,6,4,False,3,DoS,6,Spoofing,0.029454526596015763,0.07626451196762317,0.04805986709779222
2,6,4,False,3,DoS,7,Web-Based,0.020515551822463136,0.03059602236083317,0.03701564887421835
2,6,4,False,4,Mirai,0,Benign,0.5006936637936952,0.15681481384469428,0.4965879247066158
2,6,4,False,4,Mirai,1,BruteForce,0.019298931542054767,0.1664900849783366,0.01775053418160157
2,6,4,False,4,Mirai,2,DDoS,0.01600817760133074,0.0826229558644489,0.01977268644247351
2,6,4,False,4,Mirai,3,DoS,0.08483091565906933,0.06637953618879103,0.12263830614322681
2,6,4,False,4,Mirai,4,Mirai,0.0769787126056161,0.14364043263005666,0.05638430205370269
2,6,4,False,4,Mirai,5,Recon,0.033496007606527316,0.0900391182003194,0.04138758345937428
2,6,4,False,4,Mirai,6,Spoofing,0.1444153777659166,0.15136456922110517,0.1311358886537027
2,6,4,False,4,Mirai,7,Web-Based,0.12427821342579003,0.14264848907224803,0.11434277435930258
2,6,4,False,5,Recon,0,Benign,0.5215751936846503,0.14755852638067524,0.5312455447983859
2,6,4,False,5,Recon,1,BruteForce,0.022058387628341405,0.19876691246881717,0.0175746854967464
2,6,4,False,5,Recon,2,DDoS,0.015550837108349655,0.07037175679328701,0.019201740904951983
2,6,4,False,5,Recon,3,DoS,0.03394889591711958,0.04290241040215955,0.051801502990743445
2,6,4,False,5,Recon,4,Mirai,0.05608167402376042,0.11893735139943745,0.05578130400813185
2,6,4,False,5,Recon,5,Recon,0.05609900648288429,0.10627850279163158,0.0544097450669764
2,6,4,False,5,Recon,6,Spoofing,0.1350515117299472,0.14359158715902282,0.13279172107750647
2,6,4,False,5,Recon,7,Web-Based,0.159634493424947,0.17159295260496918,0.13719375565655736
2,6,4,False,6,Spoofing,0,Benign,0.5425759269426765,0.17523862172659074,0.5367291950120796
2,6,4,False,6,Spoofing,1,BruteForce,0.018328400423227587,0.1549571181488955,0.017387891299526708
2,6,4,False,6,Spoofing,2,DDoS,0.014418972758000205,0.06981201233885982,0.019919672538647067
2,6,4,False,6,Spoofing,3,DoS,0.03534863409453631,0.0493047069546855,0.07140899313666473
2,6,4,False,6,Spoofing,4,Mirai,0.052551854866806455,0.1199787543097685,0.05230154226277583
2,6,4,False,6,Spoofing,5,Recon,0.044598736659032995,0.10759700563665735,0.04718666696582754
2,6,4,False,6,Spoofing,6,Spoofing,0.16671209803309786,0.1831346250553199,0.1407045503825967
2,6,4,False,6,Spoofing,7,Web-Based,0.12546537622262205,0.13997715582922263,0.11436148840188197
2,6,4,False,7,Web-Based,0,Benign,0.5435019731445688,0.17643507339479875,0.5452923947553538
2,6,4,False,7,Web-Based,1,BruteForce,0.0195682250618761,0.15920144366918396,0.017324480126832013
2,6,4,False,7,Web-Based,2,DDoS,0.01497772148668306,0.07537103425481713,0.020624852395507213
2,6,4,False,7,Web-Based,3,DoS,0.031988880328770626,0.04060343462677343,0.051402003499636945
2,6,4,False,7,Web-Based,4,Mirai,0.06283602143335514,0.12799477553773667,0.05589367899116845
2,6,4,False,7,Web-Based,5,Recon,0.041150911522998906,0.10568820739870051,0.04665063687173556
2,6,4,False,7,Web-Based,6,Spoofing,0.14558067768666677,0.15789957719041145,0.134926452910806
2,6,4,False,7,Web-Based,7,Web-Based,0.14039558933508064,0.15680645392757805,0.12788550044896002
2,6,5,False,0,Benign,0,Benign,0.4283409670007636,0.18952027418263825,0.3783280723088211
2,6,5,False,0,Benign,1,BruteForce,0.010865492499584966,0.14172541766050675,0.017547510079094965
2,6,5,False,0,Benign,2,DDoS,0.04263303035897781,0.08056786686925038,0.051107934128251306
2,6,5,False,0,Benign,3,DoS,0.01173561855352504,0.07199359462999952,0.01959878619832978
2,6,5,False,0,Benign,4,Mirai,0.022638805904464404,0.11908196338723288,0.02363074014508072
2,6,5,False,0,Benign,5,Recon,0.062626458910741,0.10715818962683209,0.0744806952042887
2,6,5,False,0,Benign,6,Spoofing,0.4050089898663776,0.15894148369807623,0.41640980896830043
2,6,5,False,0,Benign,7,Web-Based,0.01615063690556559,0.13101120994546378,0.018896452967833058
2,6,5,False,1,BruteForce,0,Benign,0.44725453634585755,0.15043397127460426,0.4220793397155259
2,6,5,False,1,BruteForce,1,BruteForce,0.01205064652329193,0.21479597255655963,0.017452424571843622
2,6,5,False,1,BruteForce,2,DDoS,0.02268633767611242,0.0689521776594241,0.030756218001764053
2,6,5,False,1,BruteForce,3,DoS,0.009091676987104365,0.040587759335762294,0.019057952971509008
2,6,5,False,1,BruteForce,4,Mirai,0.023760886607557152,0.12119158101451255,0.02385929989556012
2,6,5,False,1,BruteForce,5,Recon,0.05333006259858058,0.09072782194560802,0.0768380145216068
2,6,5,False,1,BruteForce,6,Spoofing,0.4144538628936794,0.14804730659383145,0.3907260856561628
2,6,5,False,1,BruteForce,7,Web-Based,0.017371990367816618,0.16526340961969768,0.019230664666027766
2,6,5,False,2,DDoS,0,Benign,0.1361303645794942,0.07511178552154103,0.15728459891530153
2,6,5,False,2,DDoS,1,BruteForce,0.010322746886845823,0.05300925109809527,0.020081329595853403
2,6,5,False,2,DDoS,2,DDoS,0.6542328935755103,0.5651822454739117,0.5617724981376889
2,6,5,False,2,DDoS,3,DoS,0.008184722285824389,0.06341417011164818,0.012859254036653837
2,6,5,False,2,DDoS,4,Mirai,0.012668200096449743,0.08215265259995945,0.019400251437496654
2,6,5,False,2,DDoS,5,Recon,0.03745619263348381,0.06639690986373802,0.04233680995181692
2,6,5,False,2,DDoS,6,Spoofing,0.1320518023830535,0.047436555828443035,0.17072499753583964
2,6,5,False,2,DDoS,7,Web-Based,0.008953077559338348,0.04729642950266336,0.01554026038934899
2,6,5,False,3,DoS,0,Benign,0.08658317163141456,0.06153587355404883,0.1521870865087781
2,6,5,False,3,DoS,1,BruteForce,0.016681188686110907,0.07692081369701595,0.02707200618051485
2,6,5,False,3,DoS,2,DDoS,0.1903514529722013,0.15699948739224048,0.14666000047508393
2,6,5,False,3,DoS,3,DoS,0.42208141942836586,0.45437094396738714,0.18098746353411105
2,6,5,False,3,DoS,4,Mirai,0.011987555605143184,0.09677559926731887,0.0225941413864522
2,6,5,False,3,DoS,5,Recon,0.023747800874459622,0.04653674779353243,0.047561405360367064
2,6,5,False,3,DoS,6,Spoofing,0.23770522313942172,0.07626451196762317,0.40015524914078443
2,6,5,False,3,DoS,7,Web-Based,0.010862187662882885,0.03059602236083317,0.02278264741390845
2,6,5,False,4,Mirai,0,Benign,0.41054187141423565,0.15681481384469428,0.3881948853418603
2,6,5,False,4,Mirai,1,BruteForce,0.011807122436292184,0.1664900849783366,0.017591480932306197
2,6,5,False,4,Mirai,2,DDoS,0.03885316917506477,0.0826229558644489,0.04069487135055433
2,6,5,False,4,Mirai,3,DoS,0.01086854596631895,0.06637953618879103,0.019884109120460344
2,6,5,False,4,Mirai,4,Mirai,0.02597494307717629,0.14364043263005666,0.024656434139932532
2,6,5,False,4,Mirai,5,Recon,0.04979014868822815,0.0900391182003194,0.0680386101742592
2,6,5,False,4,Mirai,6,Spoofing,0.43611712769888333,0.15136456922110517,0.422302547286838
2,6,5,False,4,Mirai,7,Web-Based,0.016047071543800705,0.14264848907224803,0.01863706165378906
2,6,5,False,5,Recon,0,Benign,0.45460859876404647,0.14755852638067524,0.4165851513257524
2,6,5,False,5,Recon,1,BruteForce,0.011890672736282049,0.19876691246881717,0.017232907660537707
2,6,5,False,5,Recon,2,DDoS,0.022378088859577972,0.07037175679328701,0.030855083847475456
2,6,5,False,5,Recon,3,DoS,0.009358286032536507,0.04290241040215955,0.01930504435685354
2,6,5,False,5,Recon,4,Mirai,0.022646226998831218,0.11893735139943745,0.023053352050397432
2,6,5,False,5,Recon,5,Recon,0.07951251204928184,0.10627850279163158,0.09082699923357593
2,6,5,False,5,Recon,6,Spoofing,0.38192864033010987,0.14359158715902282,0.3830407149459981
2,6,5,False,5,Recon,7,Web-Based,0.01767697422933416,0.17159295260496918,0.019100746579409494
2,6,5,False,6,Spoofing,0,Benign,0.4110997057640035,0.17523862172659074,0.384339731543249
2,6,5,False,6,Spoofing,1,BruteForce,0.010554743953871468,0.1549571181488955,0.017071650158905514
2,6,5,False,6,Spoofing,2,DDoS,0.021298570914440113,0.06981201233885982,0.03154310353527155
2,6,5,False,6,Spoofing,3,DoS,0.009682373126618623,0.0493047069546855,0.01963870014916002
2,6,5,False,6,Spoofing,4,Mirai,0.022340686551650463,0.1199787543097685,0.02363134532308709
2,6,5,False,6,Spoofing,5,Recon,0.060534045423920047,0.10759700563665735,0.07216007608053722
2,6,5,False,6,Spoofing,6,Spoofing,0.44849972814446,0.1831346250553199,0.4330544183475924
2,6,5,False,6,Spoofing,7,Web-Based,0.01599014612103584,0.13997715582922263,0.018560974862197207
2,6,5,False,7,Web-Based,0,Benign,0.44813771752805004,0.17643507339479875,0.4216269510220606
2,6,5,False,7,Web-Based,1,BruteForce,0.011230626443805757,0.15920144366918396,0.01734601397073613
2,6,5,False,7,Web-Based,2,DDoS,0.02316760906845713,0.07537103425481713,0.033328462487528146
2,6,5,False,7,Web-Based,3,DoS,0.009386739764563353,0.04060343462677343,0.019046315251843134
2,6,5,False,7,Web-Based,4,Mirai,0.024592889389801087,0.12799477553773667,0.02389689832549251
2,6,5,False,7,Web-Based,5,Recon,0.056006120331524974,0.10568820739870051,0.07154520334700588
2,6,5,False,7,Web-Based,6,Spoofing,0.4106231931537025,0.15789957719041145,0.3943679879536759
2,6,5,False,7,Web-Based,7,Web-Based,0.016855104320095102,0.15680645392757805,0.018842167641657553
2,6,6,False,0,Benign,0,Benign,0.5748829045474334,0.18952027418263825,0.5635906685768259
2,6,6,False,0,Benign,1,BruteForce,0.0857427447729575,0.14172541766050675,0.07299659075803594
2,6,6,False,0,Benign,2,DDoS,0.017852258945724276,0.08056786686925038,0.022728536544494627
2,6,6,False,0,Benign,3,DoS,0.017798090415186717,0.07199359462999952,0.031804090117990215
2,6,6,False,0,Benign,4,Mirai,0.2599170473829236,0.11908196338723288,0.2587297366439052
2,6,6,False,0,Benign,5,Recon,0.016256106756542366,0.10715818962683209,0.018895481360983485
2,6,6,False,0,Benign,6,Spoofing,0.014649507231652792,0.15894148369807623,0.0177701765605472
2,6,6,False,0,Benign,7,Web-Based,0.012901339947579355,0.13101120994546378,0.01348471943721746
2,6,6,False,1,BruteForce,0,Benign,0.5378255597730255,0.15043397127460426,0.5549714020686299
2,6,6,False,1,BruteForce,1,BruteForce,0.11428765706540983,0.21479597255655963,0.08560280046420034
2,6,6,False,1,BruteForce,2,DDoS,0.019125035355697147,0.0689521776594241,0.021062767913920828
2,6,6,False,1,BruteForce,3,DoS,0.012033902553541857,0.040587759335762294,0.02567387307698594
2,6,6,False,1,BruteForce,4,Mirai,0.2709718840768505,0.12119158101451255,0.26100076552171436
2,6,6,False,1,BruteForce,5,Recon,0.014994535905988343,0.09072782194560802,0.019051100528756047
2,6,6,False,1,BruteForce,6,Spoofing,0.01584919150663943,0.14804730659383145,0.018381569423341976
2,6,6,False,1,BruteForce,7,Web-Based,0.014912233762847319,0.16526340961969768,0.014255721002450587
2,6,6,False,2,DDoS,0,Benign,0.2508171968611053,0.07511178552154103,0.4202436186435445
2,6,6,False,2,DDoS,1,BruteForce,0.050698947069024364,0.05300925109809527,0.05236872798432571
2,6,6,False,2,DDoS,2,DDoS,0.35570372997738486,0.5651822454739117,0.18140853702907217
2,6,6,False,2,DDoS,3,DoS,0.030137918907751315,0.06341417011164818,0.03450566219496077
2,6,6,False,2,DDoS,4,Mirai,0.2759940320520123,0.08215265259995945,0.2590831465024586
2,6,6,False,2,DDoS,5,Recon,0.013599518817948757,0.06639690986373802,0.018087462278336484
2,6,6,False,2,DDoS,6,Spoofing,0.011457692369046875,0.047436555828443035,0.017904361348387392
2,6,6,False,2,DDoS,7,Web-Based,0.01159096394572621,0.04729642950266336,0.016398484018914375
2,6,6,False,3,DoS,0,Benign,0.11695312500067216,0.06153587355404883,0.25688272991575484
2,6,6,False,3,DoS,1,BruteForce,0.05760711199724992,0.07692081369701595,0.06691429012445817
2,6,6,False,3,DoS,2,DDoS,0.03483730004057655,0.15699948739224048,0.040240292913036796
2,6,6,False,3,DoS,3,DoS,0.5998098428373152,0.45437094396738714,0.3115024818327052
2,6,6,False,3,DoS,4,Mirai,0.1548196523485177,0.09677559926731887,0.26550556668029934
2,6,6,False,3,DoS,5,Recon,0.011943227705853146,0.04653674779353243,0.02110137052285292
2,6,6,False,3,DoS,6,Spoofing,0.01265838175845526,0.07626451196762317,0.018396588269915543
2,6,6,False,3,DoS,7,Web-Based,0.011371358311360104,0.03059602236083317,0.019456679740977197
2,6,6,False,4,Mirai,0,Benign,0.4657236133408089,0.15681481384469428,0.5069725828697176
2,6,6,False,4,Mirai,1,BruteForce,0.08987802465539123,0.1664900849783366,0.07708283150685984
2,6,6,False,4,Mirai,2,DDoS,0.01963187823298216,0.0826229558644489,0.023175436673754362
2,6,6,False,4,Mirai,3,DoS,0.013535500494479463,0.06637953618879103,0.029480894384506
2,6,6,False,4,Mirai,4,Mirai,0.36973180368520014,0.14364043263005666,0.31307240406737114
2,6,6,False,4,Mirai,5,Recon,0.013853121528717073,0.0900391182003194,0.018484869990236578
2,6,6,False,4,Mirai,6,Spoofing,0.014534054622541428,0.15136456922110517,0.017907721722121184
2,6,6,False,4,Mirai,7,Web-Based,0.013112003439879545,0.14264848907224803,0.013823258785433315
2,6,6,False,5,Recon,0,Benign,0.5507549403033989,0.14755852638067524,0.5511247022879678
2,6,6,False,5,Recon,1,BruteForce,0.1203637090588725,0.19876691246881717,0.08735828671699891
2,6,6,False,5,Recon,2,DDoS,0.01949307793584573,0.07037175679328701,0.021377815255414247
2,6,6,False,5,Recon,3,DoS,0.012899471237241266,0.04290241040215955,0.026286416125428317
2,6,6,False,5,Recon,4,Mirai,0.2494568803681618,0.11893735139943745,0.2618948779018005
2,6,6,False,5,Recon,5,Recon,0.01601598294981735,0.10627850279163158,0.019279064524510857
2,6,6,False,5,Recon,6,Spoofing,0.015670178819044374,0.14359158715902282,0.018291903731509438
2,6,6,False,5,Recon,7,Web-Based,0.015345759327618171,0.17159295260496918,0.014386933456370042
2,6,6,False,6,Spoofing,0,Benign,0.570797724747282,0.17523862172659074,0.574631586254015
2,6,6,False,6,Spoofing,1,BruteForce,0.0896253094101676,0.1549571181488955,0.07334502540275967
2,6,6,False,6,Spoofing,2,DDoS,0.01702583996809312,0.06981201233885982,0.02158222435786873
2,6,6,False,6,Spoofing,3,DoS,0.011803905799483377,0.0493047069546855,0.026679753006541466
2,6,6,False,6,Spoofing,4,Mirai,0.26694240028851524,0.1199787543097685,0.2542762647531606
2,6,6,False,6,Spoofing,5,Recon,0.016021301451354646,0.10759700563665735,0.01860513125670131
2,6,6,False,6,Spoofing,6,Spoofing,0.014583367644172887,0.1831346250553199,0.017691682519896265
2,6,6,False,6,Spoofing,7,Web-Based,0.013200150690931266,0.13997715582922263,0.013188332449056994
2,6,6,False,7,Web-Based,0,Benign,0.5462707724244217,0.17643507339479875,0.5607980975870772
2,6,6,False,7,Web-Based,1,BruteForce,0.0929179404256282,0.15920144366918396,0.07829739978430017
2,6,6,False,7,Web-Based,2,DDoS,0.01743196580591492,0.07537103425481713,0.021601190255963076
2,6,6,False,7,Web-Based,3,DoS,0.01133170286030695,0.04060343462677343,0.024415889745459884
2,6,6,False,7,Web-Based,4,Mirai,0.288622834318003,0.12799477553773667,0.26472536396730617
2,6,6,False,7,Web-Based,5,Recon,0.015323762558373451,0.10568820739870051,0.01866916262239674
2,6,6,False,7,Web-Based,6,Spoofing,0.014526998719104534,0.15789957719041145,0.01774326431444597
2,6,6,False,7,Web-Based,7,Web-Based,0.013574022888247297,0.15680645392757805,0.013749631723050777
2,6,7,True,0,Benign,0,Benign,0.08205084563564288,0.18952027418263825,0.1612130099482367
2,6,7,True,0,Benign,1,BruteForce,0.25938375168718664,0.14172541766050675,0.021549698594711935
2,6,7,True,0,Benign,2,DDoS,0.1419652148266164,0.08056786686925038,0.21755281072488927
2,6,7,True,0,Benign,3,DoS,0.050076579308907604,0.07199359462999952,0.0507713524334422
2,6,7,True,0,Benign,4,Mirai,0.06424710181383017,0.11908196338723288,0.10149800229687622
2,6,7,True,0,Benign,5,Recon,0.06686585992838309,0.10715818962683209,0.08915834590119735
2,6,7,True,0,Benign,6,Spoofing,0.10458872055272563,0.15894148369807623,0.2752811876886586
2,6,7,True,0,Benign,7,Web-Based,0.23082192624670772,0.13101120994546378,0.0829755924119876
2,6,7,True,1,BruteForce,0,Benign,0.07939204148754057,0.15043397127460426,0.17216505788819655
2,6,7,True,1,BruteForce,1,BruteForce,0.2710548276276006,0.21479597255655963,0.023489184260006412
2,6,7,True,1,BruteForce,2,DDoS,0.12789803298117444,0.0689521776594241,0.1782194383822207
2,6,7,True,1,BruteForce,3,DoS,0.04665689494476762,0.040587759335762294,0.02107490955539629
2,6,7,True,1,BruteForce,4,Mirai,0.06642671518968964,0.12119158101451255,0.11609453677926099
2,6,7,True,1,BruteForce,5,Recon,0.06586691267458265,0.09072782194560802,0.10624656030471129
2,6,7,True,1,BruteForce,6,Spoofing,0.10490434999117197,0.14804730659383145,0.27772178577655626
2,6,7,True,1,BruteForce,7,Web-Based,0.23780022510347257,0.16526340961969768,0.10498852705365155
2,6,7,True,2,DDoS,0,Benign,0.06748428447393744,0.07511178552154103,0.05957168728630258
2,6,7,True,2,DDoS,1,BruteForce,0.23947468646008363,0.05300925109809527,0.018248559763005344
2,6,7,True,2,DDoS,2,DDoS,0.23390575029446767,0.5651822454739117,0.6887717265507326
2,6,7,True,2,DDoS,3,DoS,0.06554300376462492,0.06341417011164818,0.027932282682672043
2,6,7,True,2,DDoS,4,Mirai,0.05760256484564796,0.08215265259995945,0.04457647051358587
2,6,7,True,2,DDoS,5,Recon,0.05927938320974576,0.06639690986373802,0.04837520167158278
2,6,7,True,2,DDoS,6,Spoofing,0.06912062868560638,0.047436555828443035,0.07689998253077296
2,6,7,True,2,DDoS,7,Web-Based,0.20758969826588633,0.04729642950266336,0.03562408900134586
2,6,7,True,3,DoS,0,Benign,0.05332103442741536,0.06153587355404883,0.042044694103497406
2,6,7,True,3,DoS,1,BruteForce,0.23843499684104047,0.07692081369701595,0.022903262186133883
2,6,7,True,3,DoS,2,DDoS,0.1871045286952568,0.15699948739224048,0.29928914497879966
2,6,7,True,3,DoS,3,DoS,0.12171387068717855,0.45437094396738714,0.39409129704328877
2,6,7,True,3,DoS,4,Mirai,0.06528314196451791,0.09677559926731887,0.046517135311820994
2,6,7,True,3,DoS,5,Recon,0.047582327606803046,0.04653674779353243,0.03586961341078116
2,6,7,True,3,DoS,6,Spoofing,0.07622366461739861,0.07626451196762317,0.11958088099153534
2,6,7,True,3,DoS,7,Web-Based,0.21033643516038916,0.03059602236083317,0.03970397197414285
2,6,7,True,4,Mirai,0,Benign,0.07757084573119165,0.15681481384469428,0.15803829928626134
2,6,7,True,4,Mirai,1,BruteForce,0.2643287011746665,0.1664900849783366,0.02324967474085569
2,6,7,True,4,Mirai,2,DDoS,0.14254315724162178,0.0826229558644489,0.21429951582599055
2,6,7,True,4,Mirai,3,DoS,0.05022916884101449,0.06637953618879103,0.04786313847895252
2,6,7,True,4,Mirai,4,Mirai,0.07044609435400044,0.14364043263005666,0.12158082011883178
2,6,7,True,4,Mirai,5,Recon,0.0603182025524173,0.0900391182003194,0.07913860738665386
2,6,7,True,4,Mirai,6,Spoofing,0.10468650824442793,0.15136456922110517,0.2673355405055664
2,6,7,True,4,Mirai,7,Web-Based,0.2298773218606598,0.14264848907224803,0.08849440365688792
2,6,7,True,5,Recon,0,Benign,0.07880792978146427,0.14755852638067524,0.16933151293432142
2,6,7,True,5,Recon,1,BruteForce,0.27257234725428353,0.19876691246881717,0.023268371573153347
2,6,7,True,5,Recon,2,DDoS,0.12727912791524496,0.07037175679328701,0.17770704044744995
2,6,7,True,5,Recon,3,DoS,0.046444804068899614,0.04290241040215955,0.021267034241298704
2,6,7,True,5,Recon,4,Mirai,0.06584422574778544,0.11893735139943745,0.11627460050720387
2,6,7,True,5,Recon,5,Recon,0.06809701735202218,0.10627850279163158,0.12369832313348705
2,6,7,True,5,Recon,6,Spoofing,0.10232504255028907,0.14359158715902282,0.26291838932884415
2,6,7,True,5,Recon,7,Web-Based,0.23862950533001093,0.17159295260496918,0.10553472783424149
2,6,7,True,6,Spoofing,0,Benign,0.08107686346532936,0.17523862172659074,0.17501644461271487
2,6,7,True,6,Spoofing,1,BruteForce,0.25820338658592473,0.1549571181488955,0.021484065384614778
2,6,7,True,6,Spoofing,2,DDoS,0.13233549895338878,0.06981201233885982,0.15969167991808367
2,6,7,True,6,Spoofing,3,DoS,0.048345663854917315,0.0493047069546855,0.040222036031223
2,6,7,True,6,Spoofing,4,Mirai,0.06696421345515574,0.1199787543097685,0.10437302873967663
2,6,7,True,6,Spoofing,5,Recon,0.06788302053463886,0.10759700563665735,0.09595536247509695
2,6,7,True,6,Spoofing,6,Spoofing,0.11102809835669077,0.1831346250553199,0.3146634533266313
2,6,7,True,6,Spoofing,7,Web-Based,0.23416325479395442,0.13997715582922263,0.0885939295119589
2,6,7,True,7,Web-Based,0,Benign,0.0823282177187661,0.17643507339479875,0.1783952917633801
2,6,7,True,7,Web-Based,1,BruteForce,0.26078409268022323,0.15920144366918396,0.02330923188089099
2,6,7,True,7,Web-Based,2,DDoS,0.1321899321983131,0.07537103425481713,0.1826001336201361
2,6,7,True,7,Web-Based,3,DoS,0.04746759250808904,0.04060343462677343,0.024411332109139233
2,6,7,True,7,Web-Based,4,Mirai,0.06695253680345174,0.12799477553773667,0.11430485638861031
2,6,7,True,7,Web-Based,5,Recon,0.06685401810323542,0.10568820739870051,0.09879631550710012
2,6,7,True,7,Web-Based,6,Spoofing,0.10556291322446805,0.15789957719041145,0.28042700437631257
2,6,7,True,7,Web-Based,7,Web-Based,0.23786069676345345,0.15680645392757805,0.09775583435443067
2,6,8,True,0,Benign,0,Benign,0.05944397183160707,0.18952027418263825,0.019132850159553263
2,6,8,True,0,Benign,1,BruteForce,0.2514172495209186,0.14172541766050675,0.016068908819353574
2,6,8,True,0,Benign,2,DDoS,0.06100165375413742,0.08056786686925038,0.04439965505164727
2,6,8,True,0,Benign,3,DoS,0.06249232622518837,0.07199359462999952,0.056110536479231185
2,6,8,True,0,Benign,4,Mirai,0.06933230115458891,0.11908196338723288,0.02349910412323074
2,6,8,True,0,Benign,5,Recon,0.06006986462727366,0.10715818962683209,0.03706211308079212
2,6,8,True,0,Benign,6,Spoofing,0.23405101271546036,0.15894148369807623,0.7847352431503148
2,6,8,True,0,Benign,7,Web-Based,0.20219162017082576,0.13101120994546378,0.0189915891358769
2,6,8,True,1,BruteForce,0,Benign,0.05727451762346806,0.15043397127460426,0.017743662669092622
2,6,8,True,1,BruteForce,1,BruteForce,0.2649945325903696,0.21479597255655963,0.012867881546379339
2,6,8,True,1,BruteForce,2,DDoS,0.05654044041139538,0.0689521776594241,0.021160047750757877
2,6,8,True,1,BruteForce,3,DoS,0.06222229002722213,0.040587759335762294,0.028157277884586593
2,6,8,True,1,BruteForce,4,Mirai,0.06881081985751529,0.12119158101451255,0.02336187849024363
2,6,8,True,1,BruteForce,5,Recon,0.05928893431250932,0.09072782194560802,0.03457158621983451
2,6,8,True,1,BruteForce,6,Spoofing,0.22604733557267354,0.14804730659383145,0.8435205502423192
2,6,8,True,1,BruteForce,7,Web-Based,0.2048211296048467,0.16526340961969768,0.018617115196786365
2,6,8,True,2,DDoS,0,Benign,0.05389781438634028,0.07511178552154103,0.024591890673603345
2,6,8,True,2,DDoS,1,BruteForce,0.24948717653796204,0.05300925109809527,0.020488245038388166
2,6,8,True,2,DDoS,2,DDoS,0.1744006161564944,0.5651822454739117,0.5738390966700034
2,6,8,True,2,DDoS,3,DoS,0.06768133031033464,0.06341417011164818,0.03673158361827515
2,6,8,True,2,DDoS,4,Mirai,0.06224404823163806,0.08215265259995945,0.020919818015688825
2,6,8,True,2,DDoS,5,Recon,0.0498587544651041,0.06639690986373802,0.0387585856693685
2,6,8,True,2,DDoS,6,Spoofing,0.16853622623412648,0.047436555828443035,0.2685450562657869
2,6,8,True,2,DDoS,7,Web-Based,0.17389403367800005,0.04729642950266336,0.016125724048885598
2,6,8,True,3,DoS,0,Benign,0.04345087739635221,0.06153587355404883,0.016584975605900075
2,6,8,True,3,DoS,1,BruteForce,0.23378186558549266,0.07692081369701595,0.02787357350144254
2,6,8,True,3,DoS,2,DDoS,0.08118511260799297,0.15699948739224048,0.12449545436992798
2,6,8,True,3,DoS,3,DoS,0.14510218161294788,0.45437094396738714,0.412110294493304
2,6,8,True,3,DoS,4,Mirai,0.08677895218454702,0.09677559926731887,0.023082992246806874
2,6,8,True,3,DoS,5,Recon,0.04461622572263066,0.04653674779353243,0.026149152840062008
2,6,8,True,3,DoS,6,Spoofing,0.1536978998367262,0.07626451196762317,0.35010463360183147
2,6,8,True,3,DoS,7,Web-Based,0.2113868850533104,0.03059602236083317,0.019598923340725164
2,6,8,True,4,Mirai,0,Benign,0.0559701277347163,0.15681481384469428,0.017301721504134907
2,6,8,True,4,Mirai,1,BruteForce,0.2553065925249528,0.1664900849783366,0.014990765983382903
2,6,8,True,4,Mirai,2,DDoS,0.0612219585328189,0.0826229558644489,0.03027142230568031
2,6,8,True,4,Mirai,3,DoS,0.06407085221428886,0.06637953618879103,0.053350498446353464
2,6,8,True,4,Mirai,4,Mirai,0.07629326802442692,0.14364043263005666,0.02456751041949872
2,6,8,True,4,Mirai,5,Recon,0.054957891602587704,0.0900391182003194,0.029649843710601795
2,6,8,True,4,Mirai,6,Spoofing,0.22989062355727308,0.15136456922110517,0.8112694934879471
2,6,8,True,4,Mirai,7,Web-Based,0.20228868580893541,0.14264848907224803,0.018598744142400783
2,6,8,True,5,Recon,0,Benign,0.056293821868260756,0.14755852638067524,0.017602542741750285
2,6,8,True,5,Recon,1,BruteForce,0.27027654746597196,0.19876691246881717,0.01298889133185358
2,6,8,True,5,Recon,2,DDoS,0.056477140885466674,0.07037175679328701,0.021295275993342844
2,6,8,True,5,Recon,3,DoS,0.0629472083033013,0.04290241040215955,0.029473546456429113
2,6,8,True,5,Recon,4,Mirai,0.06864155522909356,0.11893735139943745,0.02327832259421718
2,6,8,True,5,Recon,5,Recon,0.060345493601651506,0.10627850279163158,0.04548564476427263
2,6,8,True,5,Recon,6,Spoofing,0.21979045916416592,0.14359158715902282,0.8312604056001496
2,6,8,True,5,Recon,7,Web-Based,0.2052277734820884,0.17159295260496918,0.01861537051798485
2,6,8,True,6,Spoofing,0,Benign,0.05821591524486321,0.17523862172659074,0.017410521247189895
2,6,8,True,6,Spoofing,1,BruteForce,0.2493443738358926,0.1549571181488955,0.013890804576603797
2,6,8,True,6,Spoofing,2,DDoS,0.05779340123820964,0.06981201233885982,0.023166008602391583
2,6,8,True,6,Spoofing,3,DoS,0.06144394738460351,0.0493047069546855,0.04595798976193486
2,6,8,True,6,Spoofing,4,Mirai,0.07176500071361756,0.1199787543097685,0.02247485021861084
2,6,8,True,6,Spoofing,5,Recon,0.06077655568961221,0.10759700563665735,0.03455568325209396
2,6,8,True,6,Spoofing,6,Spoofing,0.2357612435588405,0.1831346250553199,0.8245215541322589
2,6,8,True,6,Spoofing,7,Web-Based,0.2048995623343607,0.13997715582922263,0.018022588208916227
2,6,8,True,7,Web-Based,0,Benign,0.05795026062058667,0.17643507339479875,0.018232554288658505
2,6,8,True,7,Web-Based,1,BruteForce,0.25484353700294,0.15920144366918396,0.01344827549494716
2,6,8,True,7,Web-Based,2,DDoS,0.058190465586148384,0.07537103425481713,0.02607464544333082
2,6,8,True,7,Web-Based,3,DoS,0.06155160092850126,0.04060343462677343,0.03205878397403811
2,6,8,True,7,Web-Based,4,Mirai,0.07110575755304259,0.12799477553773667,0.02303780961405717
2,6,8,True,7,Web-Based,5,Recon,0.0592691516316245,0.10568820739870051,0.03465418902166594
2,6,8,True,7,Web-Based,6,Spoofing,0.23029906211338677,0.15789957719041145,0.8337732576626405
2,6,8,True,7,Web-Based,7,Web-Based,0.20679016456376983,0.15680645392757805,0.01872048450066193
2,6,9,False,0,Benign,0,Benign,0.22501113593888808,0.18952027418263825,0.212708631315114
2,6,9,False,0,Benign,1,BruteForce,0.0038676270124729127,0.14172541766050675,0.0057487095059489636
2,6,9,False,0,Benign,2,DDoS,0.01718944085646559,0.08056786686925038,0.012474645677882902
2,6,9,False,0,Benign,3,DoS,0.0034605161508041667,0.07199359462999952,0.006082180136627195
2,6,9,False,0,Benign,4,Mirai,0.510243962997707,0.11908196338723288,0.5442726249294527
2,6,9,False,0,Benign,5,Recon,0.13716507397760555,0.10715818962683209,0.12353066180708568
2,6,9,False,0,Benign,6,Spoofing,0.09854838169594933,0.15894148369807623,0.08814688706657811
2,6,9,False,0,Benign,7,Web-Based,0.004513861370107202,0.13101120994546378,0.007035659561310454
2,6,9,False,1,BruteForce,0,Benign,0.20082604595816092,0.15043397127460426,0.19643140381446048
2,6,9,False,1,BruteForce,1,BruteForce,0.0038441277616717063,0.21479597255655963,0.005420658974589235
2,6,9,False,1,BruteForce,2,DDoS,0.004779733581063305,0.0689521776594241,0.006972007456531547
2,6,9,False,1,BruteForce,3,DoS,0.0028034863865083505,0.040587759335762294,0.005533962313056571
2,6,9,False,1,BruteForce,4,Mirai,0.5528899683306823,0.12119158101451255,0.5796708218206121
2,6,9,False,1,BruteForce,5,Recon,0.13771496592754975,0.09072782194560802,0.11622772955673638
2,6,9,False,1,BruteForce,6,Spoofing,0.09261590906205722,0.14804730659383145,0.0831422568850313
2,6,9,False,1,BruteForce,7,Web-Based,0.004525762992306577,0.16526340961969768,0.006601159178982361
2,6,9,False,2,DDoS,0,Benign,0.06124901960479702,0.07511178552154103,0.07378109127923523
2,6,9,False,2,DDoS,1,BruteForce,0.00586740947287972,0.05300925109809527,0.010804158511400564
2,6,9,False,2,DDoS,2,DDoS,0.6111139041796032,0.5651822454739117,0.5145861140339755
2,6,9,False,2,DDoS,3,DoS,0.004316214511984538,0.06341417011164818,0.007623311259983734
2,6,9,False,2,DDoS,4,Mirai,0.22147437312782023,0.08215265259995945,0.265180145327734
2,6,9,False,2,DDoS,5,Recon,0.055360867184412126,0.06639690986373802,0.06938093456303068
2,6,9,False,2,DDoS,6,Spoofing,0.03576091169767194,0.047436555828443035,0.04814830975089366
2,6,9,False,2,DDoS,7,Web-Based,0.0048573002208312805,0.04729642950266336,0.010495935273746787
2,6,9,False,3,DoS,0,Benign,0.05002615326470166,0.06153587355404883,0.06597761485226326
2,6,9,False,3,DoS,1,BruteForce,0.011567673660982549,0.07692081369701595,0.007601240551088666
2,6,9,False,3,DoS,2,DDoS,0.11655238986254977,0.15699948739224048,0.0885159228871596
2,6,9,False,3,DoS,3,DoS,0.08854956715659655,0.45437094396738714,0.010185430516659743
2,6,9,False,3,DoS,4,Mirai,0.4528225648235302,0.09677559926731887,0.6278306998648712
2,6,9,False,3,DoS,5,Recon,0.04219504136242929,0.04653674779353243,0.04921960120497947
2,6,9,False,3,DoS,6,Spoofing,0.2283665862186206,0.07626451196762317,0.1410816114877004
2,6,9,False,3,DoS,7,Web-Based,0.009920023650589494,0.03059602236083317,0.009587878635277698
2,6,9,False,4,Mirai,0,Benign,0.14721059856622148,0.15681481384469428,0.15665054209698429
2,6,9,False,4,Mirai,1,BruteForce,0.0028460392707190777,0.1664900849783366,0.004262151925292362
2,6,9,False,4,Mirai,2,DDoS,0.005972667511877599,0.0826229558644489,0.007815598967478177
2,6,9,False,4,Mirai,3,DoS,0.002611003412209289,0.06637953618879103,0.004755756169192422
2,6,9,False,4,Mirai,4,Mirai,0.7085294666006592,0.14364043263005666,0.7019238838520995
2,6,9,False,4,Mirai,5,Recon,0.06688119803676659,0.0900391182003194,0.054753709471234764
2,6,9,False,4,Mirai,6,Spoofing,0.06234412234283174,0.15136456922110517,0.06372590334822469
2,6,9,False,4,Mirai,7,Web-Based,0.0036049042587150415,0.14264848907224803,0.006112454169493804
2,6,9,False,5,Recon,0,Benign,0.18612582760551666,0.14755852638067524,0.18533707283203812
2,6,9,False,5,Recon,1,BruteForce,0.00420817601140557,0.19876691246881717,0.005850890664782675
2,6,9,False,5,Recon,2,DDoS,0.004451689735312762,0.07037175679328701,0.006644792733948009
2,6,9,False,5,Recon,3,DoS,0.0028966281386742713,0.04290241040215955,0.005533990742806916
2,6,9,False,5,Recon,4,Mirai,0.481953927338531,0.11893735139943745,0.5104705615668697
2,6,9,False,5,Recon,5,Recon,0.22346424906317433,0.10627850279163158,0.20107210707856
2,6,9,False,5,Recon,6,Spoofing,0.09233636249052915,0.14359158715902282,0.07872758222176585
2,6,9,False,5,Recon,7,Web-Based,0.004563139616856241,0.17159295260496918,0.0063630021592289395
2,6,9,False,6,Spoofing,0,Benign,0.20345180993985693,0.17523862172659074,0.2129752411877739
2,6,9,False,6,Spoofing,1,BruteForce,0.003969553644075502,0.1549571181488955,0.005594561604115943
2,6,9,False,6,Spoofing,2,DDoS,0.004886739172912217,0.06981201233885982,0.007003732231253415
2,6,9,False,6,Spoofing,3,DoS,0.0032968309476535374,0.0493047069546855,0.005646586458114659
2,6,9,False,6,Spoofing,4,Mirai,0.49037397017892564,0.1199787543097685,0.5270247029692076
2,6,9,False,6,Spoofing,5,Recon,0.15072169304337232,0.10759700563665735,0.13388392227429521
2,6,9,False,6,Spoofing,6,Spoofing,0.13837658969429528,0.1831346250553199,0.10103837489641995
2,6,9,False,6,Spoofing,7,Web-Based,0.004922813378908436,0.13997715582922263,0.006832878378819363
2,6,9,False,7,Web-Based,0,Benign,0.18732316441356262,0.17643507339479875,0.20573941393174097
2,6,9,False,7,Web-Based,1,BruteForce,0.0034297199380312095,0.15920144366918396,0.004988285031987422
2,6,9,False,7,Web-Based,2,DDoS,0.005077174966719941,0.07537103425481713,0.0078520559200081
2,6,9,False,7,Web-Based,3,DoS,0.002969873887610655,0.04060343462677343,0.0050920035248949455
2,6,9,False,7,Web-Based,4,Mirai,0.5843907011911635,0.12799477553773667,0.5967359652309505
2,6,9,False,7,Web-Based,5,Recon,0.11489780052945903,0.10568820739870051,0.09912271282795135
2,6,9,False,7,Web-Based,6,Spoofing,0.09765520850107468,0.15789957719041145,0.07408300743614007
2,6,9,False,7,Web-Based,7,Web-Based,0.004256356572378399,0.15680645392757805,0.006386556096326617
2,6,10,True,0,Benign,0,Benign,0.05305865660382802,0.18952027418263825,0.022270045567745377
2,6,10,True,0,Benign,1,BruteForce,0.226820466271063,0.14172541766050675,0.019048116147505827
2,6,10,True,0,Benign,2,DDoS,0.058525934573575474,0.08056786686925038,0.058264932055389435
2,6,10,True,0,Benign,3,DoS,0.0605216820248543,0.07199359462999952,0.04369451153948292
2,6,10,True,0,Benign,4,Mirai,0.07641113405310752,0.11908196338723288,0.07935026555243353
2,6,10,True,0,Benign,5,Recon,0.08123186501221795,0.10715818962683209,0.13568543610090097
2,6,10,True,0,Benign,6,Spoofing,0.14288597996374017,0.15894148369807623,0.3294301928385613
2,6,10,True,0,Benign,7,Web-Based,0.30054428149761364,0.13101120994546378,0.3122565001979806
2,6,10,True,1,BruteForce,0,Benign,0.04935196415876492,0.15043397127460426,0.021395882591181345
2,6,10,True,1,BruteForce,1,BruteForce,0.22918152307025952,0.21479597255655963,0.01820485343619936
2,6,10,True,1,BruteForce,2,DDoS,0.05403976075476344,0.0689521776594241,0.027800501153444554
2,6,10,True,1,BruteForce,3,DoS,0.060607149870537565,0.040587759335762294,0.030508297120172185
2,6,10,True,1,BruteForce,4,Mirai,0.07769879892866256,0.12119158101451255,0.09075246456452916
2,6,10,True,1,BruteForce,5,Recon,0.07803502883447937,0.09072782194560802,0.1355921528596097
2,6,10,True,1,BruteForce,6,Spoofing,0.13268032227099077,0.14804730659383145,0.2919583863509789
2,6,10,True,1,BruteForce,7,Web-Based,0.3184054521115419,0.16526340961969768,0.38378746192388474
2,6,10,True,2,DDoS,0,Benign,0.055817317754759795,0.07511178552154103,0.02146354989899178
2,6,10,True,2,DDoS,1,BruteForce,0.23309107768524062,0.05300925109809527,0.021106456308982644
2,6,10,True,2,DDoS,2,DDoS,0.12236191128795447,0.5651822454739117,0.6022786062618589
2,6,10,True,2,DDoS,3,DoS,0.06446807188088559,0.06341417011164818,0.024344013283275748
2,6,10,True,2,DDoS,4,Mirai,0.0750907102537146,0.08215265259995945,0.040499910327815074
2,6,10,True,2,DDoS,5,Recon,0.07343383752380699,0.06639690986373802,0.05963832227706456
2,6,10,True,2,DDoS,6,Spoofing,0.11201428705516642,0.047436555828443035,0.10744966039347457
2,6,10,True,2,DDoS,7,Web-Based,0.2637227865584715,0.04729642950266336,0.12321948124853671
2,6,10,True,3,DoS,0,Benign,0.036947832340796655,0.06153587355404883,0.016524256399403355
2,6,10,True,3,DoS,1,BruteForce,0.20950441419643567,0.07692081369701595,0.024251685421476613
2,6,10,True,3,DoS,2,DDoS,0.07945692565754614,0.15699948739224048,0.1921524231437968
2,6,10,True,3,DoS,3,DoS,0.1870237959855561,0.45437094396738714,0.3432196650431296
2,6,10,True,3,DoS,4,Mirai,0.0778243496311226,0.09677559926731887,0.04899223425140833
2,6,10,True,3,DoS,5,Recon,0.05601476825195151,0.04653674779353243,0.06773421950960029
2,6,10,True,3,DoS,6,Spoofing,0.11170568480121881,0.07626451196762317,0.18115959177665295
2,6,10,True,3,DoS,7,Web-Based,0.2415222291353725,0.03059602236083317,0.12596592445453203
2,6,10,True,4,Mirai,0,Benign,0.04954569890953214,0.15681481384469428,0.020906360869143853
2,6,10,True,4,Mirai,1,BruteForce,0.22964324748240675,0.1664900849783366,0.018484991654150906
2,6,10,True,4,Mirai,2,DDoS,0.05866198170396895,0.0826229558644489,0.04526853483889094
2,6,10,True,4,Mirai,3,DoS,0.062154678427818376,0.06637953618879103,0.04057060523043271
2,6,10,True,4,Mirai,4,Mirai,0.08451287865044378,0.14364043263005666,0.0930199027442174
2,6,10,True,4,Mirai,5,Recon,0.07270145387644755,0.0900391182003194,0.1230947051897784
2,6,10,True,4,Mirai,6,Spoofing,0.14027893863127158,0.15136456922110517,0.32823821797470715
2,6,10,True,4,Mirai,7,Web-Based,0.3025011223181108,0.14264848907224803,0.33041668149867864
2,6,10,True,5,Recon,0,Benign,0.0480291001923786,0.14755852638067524,0.021000630285856473
2,6,10,True,5,Recon,1,BruteForce,0.22903706968731338,0.19876691246881717,0.01812983451842123
2,6,10,True,5,Recon,2,DDoS,0.05411068317658032,0.07037175679328701,0.027754586994734036
2,6,10,True,5,Recon,3,DoS,0.06148644123329244,0.04290241040215955,0.031053758674665574
2,6,10,True,5,Recon,4,Mirai,0.0771006675291983,0.11893735139943745,0.08863199214013308
2,6,10,True,5,Recon,5,Recon,0.08103358319574319,0.10627850279163158,0.1505426834996439
2,6,10,True,5,Recon,6,Spoofing,0.1287963335186023,0.14359158715902282,0.2842386896914777
2,6,10,True,5,Recon,7,Web-Based,0.32040612146689146,0.17159295260496918,0.37864782419506804
2,6,10,True,6,Spoofing,0,Benign,0.05175096551156505,0.17523862172659074,0.0219464716626074
2,6,10,True,6,Spoofing,1,BruteForce,0.22368588785569965,0.1549571181488955,0.017590292229546802
2,6,10,True,6,Spoofing,2,DDoS,0.05569307724026001,0.06981201233885982,0.02732242244704799
2,6,10,True,6,Spoofing,3,DoS,0.05979034383219636,0.0493047069546855,0.03497819372947385
2,6,10,True,6,Spoofing,4,Mirai,0.07850528018820872,0.1199787543097685,0.08108459950483436
2,6,10,True,6,Spoofing,5,Recon,0.08163901296863864,0.10759700563665735,0.13512999372248
2,6,10,True,6,Spoofing,6,Spoofing,0.14551326173953308,0.1831346250553199,0.34700179629198724
2,6,10,True,6,Spoofing,7,Web-Based,0.30342217066389854,0.13997715582922263,0.33494623041202237
2,6,10,True,7,Web-Based,0,Benign,0.05127947297810489,0.17643507339479875,0.02233567399325899
2,6,10,True,7,Web-Based,1,BruteForce,0.22409518447772714,0.15920144366918396,0.017738799278910797
2,6,10,True,7,Web-Based,2,DDoS,0.05532122683901606,0.07537103425481713,0.02980222971691401
2,6,10,True,7,Web-Based,3,DoS,0.05899801513346053,0.04060343462677343,0.031205773506683104
2,6,10,True,7,Web-Based,4,Mirai,0.07950801780950265,0.12799477553773667,0.08933694551850077
2,6,10,True,7,Web-Based,5,Recon,0.07992366634524636,0.10568820739870051,0.13496437980333795
2,6,10,True,7,Web-Based,6,Spoofing,0.13604020674360234,0.15789957719041145,0.30979530381561704
2,6,10,True,7,Web-Based,7,Web-Based,0.3148342096733401,0.15680645392757805,0.3648208943667773
2,6,11,False,0,Benign,0,Benign,0.5152481199614857,0.18952027418263825,0.5054759344795156
2,6,11,False,0,Benign,1,BruteForce,0.005669553894725334,0.14172541766050675,0.007462605127298825
2,6,11,False,0,Benign,2,DDoS,0.005827520119344912,0.08056786686925038,0.010640381605379423
2,6,11,False,0,Benign,3,DoS,0.008127922775971314,0.07199359462999952,0.014780983180301552
2,6,11,False,0,Benign,4,Mirai,0.08171470905796831,0.11908196338723288,0.08417180931879836
2,6,11,False,0,Benign,5,Recon,0.11393141858491321,0.10715818962683209,0.1373969726142291
2,6,11,False,0,Benign,6,Spoofing,0.2634451292498132,0.15894148369807623,0.23190462746669555
2,6,11,False,0,Benign,7,Web-Based,0.006035626355778066,0.13101120994546378,0.008166686207781701
2,6,11,False,1,BruteForce,0,Benign,0.49630558453679635,0.15043397127460426,0.5106147524192624
2,6,11,False,1,BruteForce,1,BruteForce,0.006149919829641523,0.21479597255655963,0.007222023432318588
2,6,11,False,1,BruteForce,2,DDoS,0.004739274333104733,0.0689521776594241,0.009715753075438184
2,6,11,False,1,BruteForce,3,DoS,0.005486989447028892,0.040587759335762294,0.00845695820506947
2,6,11,False,1,BruteForce,4,Mirai,0.09911213353893412,0.12119158101451255,0.08771126418285896
2,6,11,False,1,BruteForce,5,Recon,0.1141095979378261,0.09072782194560802,0.13823024944282974
2,6,11,False,1,BruteForce,6,Spoofing,0.2676524967488975,0.14804730659383145,0.23020952939325387
2,6,11,False,1,BruteForce,7,Web-Based,0.006444003627770875,0.16526340961969768,0.00783946984896885
2,6,11,False,2,DDoS,0,Benign,0.15777651413876426,0.07511178552154103,0.391693033549768
2,6,11,False,2,DDoS,1,BruteForce,0.00929240647008239,0.05300925109809527,0.012270970192291
2,6,11,False,2,DDoS,2,DDoS,0.5142136715394401,0.5651822454739117,0.14293445703506732
2,6,11,False,2,DDoS,3,DoS,0.022330308355166625,0.06341417011164818,0.0346928188460991
2,6,11,False,2,DDoS,4,Mirai,0.1001027511820487,0.08215265259995945,0.08264899631452405
2,6,11,False,2,DDoS,5,Recon,0.07000241337687191,0.06639690986373802,0.10654715777236783
2,6,11,False,2,DDoS,6,Spoofing,0.11795590500387526,0.047436555828443035,0.2163560792426348
2,6,11,False,2,DDoS,7,Web-Based,0.008326029933750936,0.04729642950266336,0.012856487047247967
2,6,11,False,3,DoS,0,Benign,0.060882041504604203,0.06153587355404883,0.10309353673587984
2,6,11,False,3,DoS,1,BruteForce,0.010191641603333284,0.07692081369701595,0.016412016849813423
2,6,11,False,3,DoS,2,DDoS,0.015066920108911657,0.15699948739224048,0.01715386702274042
2,6,11,False,3,DoS,3,DoS,0.6330495350131781,0.45437094396738714,0.4905930896630506
2,6,11,False,3,DoS,4,Mirai,0.04681274944827818,0.09677559926731887,0.06735126521196996
2,6,11,False,3,DoS,5,Recon,0.02112107854588221,0.04653674779353243,0.03254476557324266
2,6,11,False,3,DoS,6,Spoofing,0.2060537562993774,0.07626451196762317,0.2576296574068613
2,6,11,False,3,DoS,7,Web-Based,0.00682227747643506,0.03059602236083317,0.015221801536441816
2,6,11,False,4,Mirai,0,Benign,0.45670569386278226,0.15681481384469428,0.4930178028074896
2,6,11,False,4,Mirai,1,BruteForce,0.00568056839039391,0.1664900849783366,0.007418595071505128
2,6,11,False,4,Mirai,2,DDoS,0.0062998666834462175,0.0826229558644489,0.010673475310734544
2,6,11,False,4,Mirai,3,DoS,0.009205251517734072,0.06637953618879103,0.017015575176746667
2,6,11,False,4,Mirai,4,Mirai,0.17002054466672517,0.14364043263005666,0.12286600958710883
2,6,11,False,4,Mirai,5,Recon,0.07684296487423846,0.0900391182003194,0.08906886765228121
2,6,11,False,4,Mirai,6,Spoofing,0.2686231260689853,0.15136456922110517,0.2510653933064498
2,6,11,False,4,Mirai,7,Web-Based,0.00662198393569456,0.14264848907224803,0.008874281087684113
2,6,11,False,5,Recon,0,Benign,0.49802407685424993,0.14755852638067524,0.4927068831424751
2,6,11,False,5,Recon,1,BruteForce,0.006067104655750963,0.19876691246881717,0.00742554195106978
2,6,11,False,5,Recon,2,DDoS,0.004430838743568142,0.07037175679328701,0.009624595886530429
2,6,11,False,5,Recon,3,DoS,0.005111639317528239,0.04290241040215955,0.008328389430311143
2,6,11,False,5,Recon,4,Mirai,0.07857468166534556,0.11893735139943745,0.08341663457695307
2,6,11,False,5,Recon,5,Recon,0.17647267534131042,0.10627850279163158,0.18752957396487546
2,6,11,False,5,Recon,6,Spoofing,0.22507640777668336,0.14359158715902282,0.20326917878805226
2,6,11,False,5,Recon,7,Web-Based,0.006242575645563411,0.17159295260496918,0.0076992022597328095
2,6,11,False,6,Spoofing,0,Benign,0.4656897432127662,0.17523862172659074,0.48286301836284756
2,6,11,False,6,Spoofing,1,BruteForce,0.0055686685172141245,0.1549571181488955,0.007235802502337834
2,6,11,False,6,Spoofing,2,DDoS,0.005122483280107369,0.06981201233885982,0.009895507549570342
2,6,11,False,6,Spoofing,3,DoS,0.0056449656286948965,0.0493047069546855,0.009983399578093499
2,6,11,False,6,Spoofing,4,Mirai,0.07232820341037426,0.1199787543097685,0.0785594528290734
2,6,11,False,6,Spoofing,5,Recon,0.11097915350483567,0.10759700563665735,0.12942968868645746
2,6,11,False,6,Spoofing,6,Spoofing,0.3285310669956117,0.1831346250553199,0.2740407670468335
2,6,11,False,6,Spoofing,7,Web-Based,0.006135715450395859,0.13997715582922263,0.007992363444786446
2,6,11,False,7,Web-Based,0,Benign,0.5102555446777294,0.17643507339479875,0.5289669156973816
2,6,11,False,7,Web-Based,1,BruteForce,0.005547146455636756,0.15920144366918396,0.006997340482420253
2,6,11,False,7,Web-Based,2,DDoS,0.005248150123126481,0.07537103425481713,0.009770151186618404
2,6,11,False,7,Web-Based,3,DoS,0.006016928763224562,0.04060343462677343,0.009807038889836544
2,6,11,False,7,Web-Based,4,Mirai,0.10814474405169967,0.12799477553773667,0.09178229978131258
2,6,11,False,7,Web-Based,5,Recon,0.09850928018462661,0.10568820739870051,0.12418983171646154
2,6,11,False,7,Web-Based,6,Spoofing,0.25989415860566983,0.15789957719041145,0.2204966630762761
2,6,11,False,7,Web-Based,7,Web-Based,0.006384047138286607,0.15680645392757805,0.007989759169692986
2,6,12,False,0,Benign,0,Benign,0.022742416222216486,0.18952027418263825,0.026462665550044947
2,6,12,False,0,Benign,1,BruteForce,0.010294260881422924,0.14172541766050675,0.012055694095309408
2,6,12,False,0,Benign,2,DDoS,0.010708158973446813,0.08056786686925038,0.014718325348589106
2,6,12,False,0,Benign,3,DoS,0.0783138709063943,0.07199359462999952,0.09649944847369452
2,6,12,False,0,Benign,4,Mirai,0.5298384594003213,0.11908196338723288,0.497085396462591
2,6,12,False,0,Benign,5,Recon,0.1419060411724854,0.10715818962683209,0.12355267580960916
2,6,12,False,0,Benign,6,Spoofing,0.15133649644245223,0.15894148369807623,0.18046671219629276
2,6,12,False,0,Benign,7,Web-Based,0.05486029600126067,0.13101120994546378,0.04915908206386924
2,6,12,False,1,BruteForce,0,Benign,0.023434888807109665,0.15043397127460426,0.025107642284793254
2,6,12,False,1,BruteForce,1,BruteForce,0.01281965656031643,0.21479597255655963,0.01200549613060556
2,6,12,False,1,BruteForce,2,DDoS,0.009762163088075638,0.0689521776594241,0.013128686943424587
2,6,12,False,1,BruteForce,3,DoS,0.017049735405385943,0.040587759335762294,0.029005819762036804
2,6,12,False,1,BruteForce,4,Mirai,0.5789891680047052,0.12119158101451255,0.5528058772746978
2,6,12,False,1,BruteForce,5,Recon,0.12887819460000122,0.09072782194560802,0.13472743978366244
2,6,12,False,1,BruteForce,6,Spoofing,0.15041678523950397,0.14804730659383145,0.17409356481768265
2,6,12,False,1,BruteForce,7,Web-Based,0.07864940829490201,0.16526340961969768,0.059125473003096875
2,6,12,False,2,DDoS,0,Benign,0.014120705703836554,0.07511178552154103,0.030003869943939145
2,6,12,False,2,DDoS,1,BruteForce,0.011840182921664655,0.05300925109809527,0.017771132103718997
2,6,12,False,2,DDoS,2,DDoS,0.49755921442405,0.5651822454739117,0.3171184497345759
2,6,12,False,2,DDoS,3,DoS,0.09734259584850515,0.06341417011164818,0.10086297956612204
2,6,12,False,2,DDoS,4,Mirai,0.22970960677543611,0.08215265259995945,0.3132603556709456
2,6,12,False,2,DDoS,5,Recon,0.08129759629776268,0.06639690986373802,0.09257944457817051
2,6,12,False,2,DDoS,6,Spoofing,0.0416887227484048,0.047436555828443035,0.08977983377810282
2,6,12,False,2,DDoS,7,Web-Based,0.02644137528034016,0.04729642950266336,0.03862393462442499
2,6,12,False,3,DoS,0,Benign,0.005505195741273762,0.06153587355404883,0.010999057746118568
2,6,12,False,3,DoS,1,BruteForce,0.009659309617622453,0.07692081369701595,0.0175514269892811
2,6,12,False,3,DoS,2,DDoS,0.016621423999939204,0.15699948739224048,0.020152437677119866
2,6,12,False,3,DoS,3,DoS,0.8221801212623504,0.45437094396738714,0.7022069929548109
2,6,12,False,3,DoS,4,Mirai,0.06884662642026868,0.09677559926731887,0.11680458200945516
2,6,12,False,3,DoS,5,Recon,0.028548702238617333,0.04653674779353243,0.03703591624944796
2,6,12,False,3,DoS,6,Spoofing,0.034757071420235305,0.07626451196762317,0.07279207348035582
2,6,12,False,3,DoS,7,Web-Based,0.013881549299692899,0.03059602236083317,0.022457512893410584
2,6,12,False,4,Mirai,0,Benign,0.019890139063858565,0.15681481384469428,0.02594305074139693
2,6,12,False,4,Mirai,1,BruteForce,0.009054973287593382,0.1664900849783366,0.010684721840303734
2,6,12,False,4,Mirai,2,DDoS,0.011462390956806554,0.0826229558644489,0.015048815664166753
2,6,12,False,4,Mirai,3,DoS,0.03153537363913957,0.06637953618879103,0.0529732702800002
2,6,12,False,4,Mirai,4,Mirai,0.6739675792511016,0.14364043263005666,0.6064310047794048
2,6,12,False,4,Mirai,5,Recon,0.09563877180568207,0.0900391182003194,0.095220632058516
2,6,12,False,4,Mirai,6,Spoofing,0.1118223708351415,0.15136456922110517,0.14817769204580464
2,6,12,False,4,Mirai,7,Web-Based,0.046628401160676715,0.14264848907224803,0.045520812590406794
2,6,12,False,5,Recon,0,Benign,0.022342429430289138,0.14755852638067524,0.023632525474858623
2,6,12,False,5,Recon,1,BruteForce,0.012823140447198976,0.19876691246881717,0.012284384474508312
2,6,12,False,5,Recon,2,DDoS,0.009675324531014958,0.07037175679328701,0.01318532466708884
2,6,12,False,5,Recon,3,DoS,0.020082572982344202,0.04290241040215955,0.0314168214343716
2,6,12,False,5,Recon,4,Mirai,0.5445482365305165,0.11893735139943745,0.5370038599406017
2,6,12,False,5,Recon,5,Recon,0.16740730206390553,0.10627850279163158,0.16281062096259766
2,6,12,False,5,Recon,6,Spoofing,0.1436392297023196,0.14359158715902282,0.1625838537369057
2,6,12,False,5,Recon,7,Web-Based,0.07948176431241114,0.17159295260496918,0.05708260930906753
2,6,12,False,6,Spoofing,0,Benign,0.0229993584730419,0.17523862172659074,0.026469107199742777
2,6,12,False,6,Spoofing,1,BruteForce,0.010820468909769962,0.1549571181488955,0.011622460802595755
2,6,12,False,6,Spoofing,2,DDoS,0.009575902797790598,0.06981201233885982,0.013628173719736776
2,6,12,False,6,Spoofing,3,DoS,0.03438739731986603,0.0493047069546855,0.05960305714089781
2,6,12,False,6,Spoofing,4,Mirai,0.5132411553719788,0.1199787543097685,0.49415070750533713
2,6,12,False,6,Spoofing,5,Recon,0.15530637624898797,0.10759700563665735,0.1245803767133329
2,6,12,False,6,Spoofing,6,Spoofing,0.18732822809975694,0.1831346250553199,0.2142325937076371
2,6,12,False,6,Spoofing,7,Web-Based,0.06634111277880803,0.13997715582922263,0.05571352321071982
2,6,12,False,7,Web-Based,0,Benign,0.022625859692711386,0.17643507339479875,0.02641490311951378
2,6,12,False,7,Web-Based,1,BruteForce,0.010363037995480958,0.15920144366918396,0.011202996129719044
2,6,12,False,7,Web-Based,2,DDoS,0.00982509429912123,0.07537103425481713,0.013888644164304482
2,6,12,False,7,Web-Based,3,DoS,0.02846641832095082,0.04060343462677343,0.03456977866360679
2,6,12,False,7,Web-Based,4,Mirai,0.5783777100280645,0.12799477553773667,0.5575893799557168
2,6,12,False,7,Web-Based,5,Recon,0.14282042140457823,0.10568820739870051,0.13010916216150645
2,6,12,False,7,Web-Based,6,Spoofing,0.142389007238536,0.15789957719041145,0.1695661573199577
2,6,12,False,7,Web-Based,7,Web-Based,0.0651324510205569,0.15680645392757805,0.056658978485675054
2,6,13,False,0,Benign,0,Benign,0.058650824066285925,0.18952027418263825,0.06055386004083888
2,6,13,False,0,Benign,1,BruteForce,0.11882879796472119,0.14172541766050675,0.09363316921225759
2,6,13,False,0,Benign,2,DDoS,0.05726527904873505,0.08056786686925038,0.06796401271045555
2,6,13,False,0,Benign,3,DoS,0.011575896402898663,0.07199359462999952,0.01536906606727667
2,6,13,False,0,Benign,4,Mirai,0.0543700711218273,0.11908196338723288,0.05432285348042039
2,6,13,False,0,Benign,5,Recon,0.35013629901766996,0.10715818962683209,0.39795739412411263
2,6,13,False,0,Benign,6,Spoofing,0.13914339301017137,0.15894148369807623,0.1273448450201094
2,6,13,False,0,Benign,7,Web-Based,0.21002943936769058,0.13101120994546378,0.18285479934452892
2,6,13,False,1,BruteForce,0,Benign,0.06329493464211784,0.15043397127460426,0.06219007911701284
2,6,13,False,1,BruteForce,1,BruteForce,0.16290287497665154,0.21479597255655963,0.11360017528602807
2,6,13,False,1,BruteForce,2,DDoS,0.024987412049588358,0.0689521776594241,0.024879683051240126
2,6,13,False,1,BruteForce,3,DoS,0.012946129921730049,0.040587759335762294,0.01628907518567972
2,6,13,False,1,BruteForce,4,Mirai,0.06242899099162344,0.12119158101451255,0.05909321433342645
2,6,13,False,1,BruteForce,5,Recon,0.2816604832637401,0.09072782194560802,0.39380068182300615
2,6,13,False,1,BruteForce,6,Spoofing,0.12617031031106687,0.14804730659383145,0.1127826349398934
2,6,13,False,1,BruteForce,7,Web-Based,0.26560886384348176,0.16526340961969768,0.21736445626371323
2,6,13,False,2,DDoS,0,Benign,0.021523127583661022,0.07511178552154103,0.029645218230663097
2,6,13,False,2,DDoS,1,BruteForce,0.04419667889196277,0.05300925109809527,0.044390003608591314
2,6,13,False,2,DDoS,2,DDoS,0.6688743268982779,0.5651822454739117,0.6352909363725004
2,6,13,False,2,DDoS,3,DoS,0.006279236037548433,0.06341417011164818,0.010503117844130891
2,6,13,False,2,DDoS,4,Mirai,0.02911356212871934,0.08215265259995945,0.02860493938647318
2,6,13,False,2,DDoS,5,Recon,0.12320295231264106,0.06639690986373802,0.13708271084685927
2,6,13,False,2,DDoS,6,Spoofing,0.041091890232820026,0.047436555828443035,0.05030055513476766
2,6,13,False,2,DDoS,7,Web-Based,0.06571822591436947,0.04729642950266336,0.06418251857601417
2,6,13,False,3,DoS,0,Benign,0.017399089081566045,0.06153587355404883,0.03233971978002759
2,6,13,False,3,DoS,1,BruteForce,0.06308919352646056,0.07692081369701595,0.05300713177743538
2,6,13,False,3,DoS,2,DDoS,0.30421113469217903,0.15699948739224048,0.2691257299968779
2,6,13,False,3,DoS,3,DoS,0.2733134886871957,0.45437094396738714,0.05076355300514008
2,6,13,False,3,DoS,4,Mirai,0.07310688102420802,0.09677559926731887,0.061014517512999064
2,6,13,False,3,DoS,5,Recon,0.08808271428841835,0.04653674779353243,0.29218726986237215
2,6,13,False,3,DoS,6,Spoofing,0.10485593315979884,0.07626451196762317,0.11358387417877497
2,6,13,False,3,DoS,7,Web-Based,0.07594156554017355,0.03059602236083317,0.12797820388637293
2,6,13,False,4,Mirai,0,Benign,0.060675243808697994,0.15681481384469428,0.06505704215425251
2,6,13,False,4,Mirai,1,BruteForce,0.14826609230679583,0.1664900849783366,0.10857552825100836
2,6,13,False,4,Mirai,2,DDoS,0.058681623654202084,0.0826229558644489,0.054829259904598894
2,6,13,False,4,Mirai,3,DoS,0.012839591346559508,0.06637953618879103,0.01631967809243778
2,6,13,False,4,Mirai,4,Mirai,0.09923102136761594,0.14364043263005666,0.06634550226409335
2,6,13,False,4,Mirai,5,Recon,0.2599516471662808,0.0900391182003194,0.36094686593090997
2,6,13,False,4,Mirai,6,Spoofing,0.1388441514969589,0.15136456922110517,0.12982506029211566
2,6,13,False,4,Mirai,7,Web-Based,0.22151062885288908,0.14264848907224803,0.19810106311058343
2,6,13,False,5,Recon,0,Benign,0.05942680965797829,0.14755852638067524,0.058890944199925195
2,6,13,False,5,Recon,1,BruteForce,0.14946919539479728,0.19876691246881717,0.10996258594731881
2,6,13,False,5,Recon,2,DDoS,0.022957924517566355,0.07037175679328701,0.024575459907588162
2,6,13,False,5,Recon,3,DoS,0.01229983518593268,0.04290241040215955,0.016073495926865418
2,6,13,False,5,Recon,4,Mirai,0.05566217481414485,0.11893735139943745,0.05682780049595466
2,6,13,False,5,Recon,5,Recon,0.33452853840537106,0.10627850279163158,0.4166202590929207
2,6,13,False,5,Recon,6,Spoofing,0.1154823400854571,0.14359158715902282,0.10761596507282863
2,6,13,False,5,Recon,7,Web-Based,0.2501731819387524,0.17159295260496918,0.20943348935659842
2,6,13,False,6,Spoofing,0,Benign,0.05657922186455292,0.17523862172659074,0.05824697724820248
2,6,13,False,6,Spoofing,1,BruteForce,0.12170395785000628,0.1549571181488955,0.09347761890614228
2,6,13,False,6,Spoofing,2,DDoS,0.021416292417588634,0.06981201233885982,0.023553621414356338
2,6,13,False,6,Spoofing,3,DoS,0.011959877071181598,0.0493047069546855,0.015169114494199247
2,6,13,False,6,Spoofing,4,Mirai,0.0549564606669396,0.1199787543097685,0.05348185281645945
2,6,13,False,6,Spoofing,5,Recon,0.3647552063168495,0.10759700563665735,0.4310847366068133
2,6,13,False,6,Spoofing,6,Spoofing,0.1383677905228765,0.1831346250553199,0.12784485484416347
2,6,13,False,6,Spoofing,7,Web-Based,0.2302611932900049,0.13997715582922263,0.19714122366966352
2,6,13,False,7,Web-Based,0,Benign,0.061999671250634644,0.17643507339479875,0.06390660193207431
2,6,13,False,7,Web-Based,1,BruteForce,0.1380308332367498,0.15920144366918396,0.10607394555793523
2,6,13,False,7,Web-Based,2,DDoS,0.02637282529256917,0.07537103425481713,0.030251013981192044
2,6,13,False,7,Web-Based,3,DoS,0.012044139843009592,0.04060343462677343,0.015764724610940636
2,6,13,False,7,Web-Based,4,Mirai,0.06690003221214016,0.12799477553773667,0.05832549336769389
2,6,13,False,7,Web-Based,5,Recon,0.3229647961681741,0.10568820739870051,0.40326458703784607
2,6,13,False,7,Web-Based,6,Spoofing,0.12953705266404897,0.15789957719041145,0.11685334765521006
2,6,13,False,7,Web-Based,7,Web-Based,0.24215064933267352,0.15680645392757805,0.20556028585710787
2,6,14,True,0,Benign,0,Benign,0.10547956500730861,0.18952027418263825,0.1480594796370353
2,6,14,True,0,Benign,1,BruteForce,0.29006763397047497,0.14172541766050675,0.09103057403818236
2,6,14,True,0,Benign,2,DDoS,0.08682648188424501,0.08056786686925038,0.13501037934870694
2,6,14,True,0,Benign,3,DoS,0.0570664876167677,0.07199359462999952,0.08956857574426136
2,6,14,True,0,Benign,4,Mirai,0.08782530042949448,0.11908196338723288,0.15442565169066882
2,6,14,True,0,Benign,5,Recon,0.07683932801465751,0.10715818962683209,0.16030056009055077
2,6,14,True,0,Benign,6,Spoofing,0.04564088249091914,0.15894148369807623,0.031531698583245976
2,6,14,True,0,Benign,7,Web-Based,0.2502543205861327,0.13101120994546378,0.19007308086734842
2,6,14,True,1,BruteForce,0,Benign,0.09211414458647421,0.15043397127460426,0.15016749450818784
2,6,14,True,1,BruteForce,1,BruteForce,0.3113123645514401,0.21479597255655963,0.11283321346819068
2,6,14,True,1,BruteForce,2,DDoS,0.07955201981705788,0.0689521776594241,0.09277722713760264
2,6,14,True,1,BruteForce,3,DoS,0.05433570468381104,0.040587759335762294,0.04227046551479721
2,6,14,True,1,BruteForce,4,Mirai,0.08961062667507909,0.12119158101451255,0.1726806064477769
2,6,14,True,1,BruteForce,5,Recon,0.07117026414347766,0.09072782194560802,0.15484809839740113
2,6,14,True,1,BruteForce,6,Spoofing,0.043395842592486765,0.14804730659383145,0.03177492365119014
2,6,14,True,1,BruteForce,7,Web-Based,0.2585090329501732,0.16526340961969768,0.24264797087485346
2,6,14,True,2,DDoS,0,Benign,0.0959491844950879,0.07511178552154103,0.05504383470168419
2,6,14,True,2,DDoS,1,BruteForce,0.2502765091634968,0.05300925109809527,0.04343006115053119
2,6,14,True,2,DDoS,2,DDoS,0.18344197778647056,0.5651822454739117,0.6399708418223041
2,6,14,True,2,DDoS,3,DoS,0.07271275391225127,0.06341417011164818,0.049627131916077385
2,6,14,True,2,DDoS,4,Mirai,0.07677200261740084,0.08215265259995945,0.06286634217661555
2,6,14,True,2,DDoS,5,Recon,0.06954302788957613,0.06639690986373802,0.059088950315579924
2,6,14,True,2,DDoS,6,Spoofing,0.03886333130786582,0.047436555828443035,0.016241914274441712
2,6,14,True,2,DDoS,7,Web-Based,0.21244121282785064,0.04729642950266336,0.07373092364276607
2,6,14,True,3,DoS,0,Benign,0.0584008642326182,0.06153587355404883,0.036745108652393624
2,6,14,True,3,DoS,1,BruteForce,0.22384508170111436,0.07692081369701595,0.04923689543867314
2,6,14,True,3,DoS,2,DDoS,0.12979521342723319,0.15699948739224048,0.2189361691991132
2,6,14,True,3,DoS,3,DoS,0.16619062683099475,0.45437094396738714,0.4824966946835219
2,6,14,True,3,DoS,4,Mirai,0.108875290740357,0.09677559926731887,0.06901901062078761
2,6,14,True,3,DoS,5,Recon,0.04959422521573845,0.04653674779353243,0.05468298899091042
2,6,14,True,3,DoS,6,Spoofing,0.0408636706164942,0.07626451196762317,0.018572282182331694
2,6,14,True,3,DoS,7,Web-Based,0.22243502723544992,0.03059602236083317,0.07031085023226843
2,6,14,True,4,Mirai,0,Benign,0.09299092435195666,0.15681481384469428,0.14558260732719783
2,6,14,True,4,Mirai,1,BruteForce,0.2970481622537404,0.1664900849783366,0.10089984082769843
2,6,14,True,4,Mirai,2,DDoS,0.08918287463282291,0.0826229558644489,0.132365923533683
2,6,14,True,4,Mirai,3,DoS,0.058078140968341796,0.06637953618879103,0.07981239993660168
2,6,14,True,4,Mirai,4,Mirai,0.10312552057940692,0.14364043263005666,0.1897777612426273
2,6,14,True,4,Mirai,5,Recon,0.06542984495057418,0.0900391182003194,0.12823493531298275
2,6,14,True,4,Mirai,6,Spoofing,0.04382451681789224,0.15136456922110517,0.03008714133987326
2,6,14,True,4,Mirai,7,Web-Based,0.25032001544526494,0.14264848907224803,0.1932393904793358
2,6,14,True,5,Recon,0,Benign,0.09034671775258152,0.14755852638067524,0.14467575747633607
2,6,14,True,5,Recon,1,BruteForce,0.31115384217431685,0.19876691246881717,0.1141463146584827
2,6,14,True,5,Recon,2,DDoS,0.07934454436131452,0.07037175679328701,0.09065836586990135
2,6,14,True,5,Recon,3,DoS,0.05536797142251467,0.04290241040215955,0.0434782976751668
2,6,14,True,5,Recon,4,Mirai,0.08727382403230775,0.11893735139943745,0.16795692760821904
2,6,14,True,5,Recon,5,Recon,0.07547331447890927,0.10627850279163158,0.16936905507596675
2,6,14,True,5,Recon,6,Spoofing,0.04204622255064039,0.14359158715902282,0.03200187725743563
2,6,14,True,5,Recon,7,Web-Based,0.25899356322741507,0.17159295260496918,0.2377134043784918
2,6,14,True,6,Spoofing,0,Benign,0.1020751514908299,0.17523862172659074,0.15515672168342898
2,6,14,True,6,Spoofing,1,BruteForce,0.2865949831172369,0.1549571181488955,0.09402456146783492
2,6,14,True,6,Spoofing,2,DDoS,0.08018229201959559,0.06981201233885982,0.08721759719181094
2,6,14,True,6,Spoofing,3,DoS,0.053348613703124964,0.0493047069546855,0.07751984771762219
2,6,14,True,6,Spoofing,4,Mirai,0.0907474933554484,0.1199787543097685,0.15508192804945162
2,6,14,True,6,Spoofing,5,Recon,0.08095649090806144,0.10759700563665735,0.17753370357063722
2,6,14,True,6,Spoofing,6,Spoofing,0.0480588549444804,0.1831346250553199,0.03393015712444098
2,6,14,True,6,Spoofing,7,Web-Based,0.2580361204612223,0.13997715582922263,0.21953548319477323
2,6,14,True,7,Web-Based,0,Benign,0.10115031071261282,0.17643507339479875,0.16189355912712247
2,6,14,True,7,Web-Based,1,BruteForce,0.2944860160194512,0.15920144366918396,0.10210076203622208
2,6,14,True,7,Web-Based,2,DDoS,0.080081650065301,0.07537103425481713,0.10510760822241653
2,6,14,True,7,Web-Based,3,DoS,0.05350077793585231,0.04060343462677343,0.046255614517100856
2,6,14,True,7,Web-Based,4,Mirai,0.0911844032930345,0.12799477553773667,0.17585135880458092
2,6,14,True,7,Web-Based,5,Recon,0.07743770470066594,0.10568820739870051,0.15516483640281217
2,6,14,True,7,Web-Based,6,Spoofing,0.044232565384186344,0.15789957719041145,0.032388845509535816
2,6,14,True,7,Web-Based,7,Web-Based,0.25792657188889584,0.15680645392757805,0.22123741538020916
2,6,15,True,0,Benign,0,Benign,0.2682171858880609,0.18952027418263825,0.049839407048369984
2,6,15,True,0,Benign,1,BruteForce,0.16872727387614883,0.14172541766050675,0.031952746373506424
2,6,15,True,0,Benign,2,DDoS,0.08152484722434783,0.08056786686925038,0.5022519274526185
2,6,15,True,0,Benign,3,DoS,0.050562458023851224,0.07199359462999952,0.2867873313995385
2,6,15,True,0,Benign,4,Mirai,0.1310776457377238,0.11908196338723288,0.03710599221636177
2,6,15,True,0,Benign,5,Recon,0.07408067739068325,0.10715818962683209,0.023070707372011598
2,6,15,True,0,Benign,6,Spoofing,0.07976180827129618,0.15894148369807623,0.03884810561062139
2,6,15,True,0,Benign,7,Web-Based,0.14604810358788792,0.13101120994546378,0.03014378252697195
2,6,15,True,1,BruteForce,0,Benign,0.2284612622236698,0.15043397127460426,0.05207551206555742
2,6,15,True,1,BruteForce,1,BruteForce,0.21094874090187254,0.21479597255655963,0.033464480183938446
2,6,15,True,1,BruteForce,2,DDoS,0.08684652485912571,0.0689521776594241,0.5329504797880963
2,6,15,True,1,BruteForce,3,DoS,0.033248057216733976,0.040587759335762294,0.2504226473607079
2,6,15,True,1,BruteForce,4,Mirai,0.14053825444223936,0.12119158101451255,0.03849186840165198
2,6,15,True,1,BruteForce,5,Recon,0.05893709446342354,0.09072782194560802,0.02265328635101351
2,6,15,True,1,BruteForce,6,Spoofing,0.07634284767621903,0.14804730659383145,0.03799244616487405
2,6,15,True,1,BruteForce,7,Web-Based,0.16467721821671608,0.16526340961969768,0.0319492796841605
2,6,15,True,2,DDoS,0,Benign,0.10488664516662477,0.07511178552154103,0.037558931196428384
2,6,15,True,2,DDoS,1,BruteForce,0.1163127864811062,0.05300925109809527,0.02688383215724133
2,6,15,True,2,DDoS,2,DDoS,0.4638702209427014,0.5651822454739117,0.7419043758520436
2,6,15,True,2,DDoS,3,DoS,0.05660793512722839,0.06341417011164818,0.10634900120256495
2,6,15,True,2,DDoS,4,Mirai,0.07704482694325528,0.08215265259995945,0.027500291863635604
2,6,15,True,2,DDoS,5,Recon,0.05057491895491203,0.06639690986373802,0.016731122419306972
2,6,15,True,2,DDoS,6,Spoofing,0.04041362003128175,0.047436555828443035,0.021729241659544984
2,6,15,True,2,DDoS,7,Web-Based,0.09028904635289016,0.04729642950266336,0.0213432036492342
2,6,15,True,3,DoS,0,Benign,0.05670832644268085,0.06153587355404883,0.02093062169185039
2,6,15,True,3,DoS,1,BruteForce,0.10235084169450799,0.07692081369701595,0.03937447271880717
2,6,15,True,3,DoS,2,DDoS,0.14372094791059656,0.15699948739224048,0.230983461552189
2,6,15,True,3,DoS,3,DoS,0.290871182583851,0.45437094396738714,0.6203742998024961
2,6,15,True,3,DoS,4,Mirai,0.1954916183234375,0.09677559926731887,0.02558702906097365
2,6,15,True,3,DoS,5,Recon,0.035394494211004095,0.04653674779353243,0.016732501945439
2,6,15,True,3,DoS,6,Spoofing,0.061073498369091046,0.07626451196762317,0.022870721632670718
2,6,15,True,3,DoS,7,Web-Based,0.11438909046483098,0.03059602236083317,0.02314689159557398
2,6,15,True,4,Mirai,0,Benign,0.2170539291733609,0.15681481384469428,0.04918618415140519
2,6,15,True,4,Mirai,1,BruteForce,0.1701688376698047,0.1664900849783366,0.03309853823094742
2,6,15,True,4,Mirai,2,DDoS,0.09569441598504856,0.0826229558644489,0.5135747760258506
2,6,15,True,4,Mirai,3,DoS,0.0447188037790732,0.06637953618879103,0.2778038421421814
2,6,15,True,4,Mirai,4,Mirai,0.21683051015919833,0.14364043263005666,0.039747188923165984
2,6,15,True,4,Mirai,5,Recon,0.04612014980186039,0.0900391182003194,0.018826301336706326
2,6,15,True,4,Mirai,6,Spoofing,0.07175021305523858,0.15136456922110517,0.03737634189122307
2,6,15,True,4,Mirai,7,Web-Based,0.13766314037641525,0.14264848907224803,0.030386827298520075
2,6,15,True,5,Recon,0,Benign,0.220393752159605,0.14755852638067524,0.05231090400242893
2,6,15,True,5,Recon,1,BruteForce,0.21872032128261368,0.19876691246881717,0.03487046593706778
2,6,15,True,5,Recon,2,DDoS,0.08534410577012125,0.07037175679328701,0.5151354536604092
2,6,15,True,5,Recon,3,DoS,0.03498909967479225,0.04290241040215955,0.26560072345031455
2,6,15,True,5,Recon,4,Mirai,0.12306073069209322,0.11893735139943745,0.0376412932965182
2,6,15,True,5,Recon,5,Recon,0.0801753217372124,0.10627850279163158,0.022822761923066533
2,6,15,True,5,Recon,6,Spoofing,0.06864597899705586,0.14359158715902282,0.039236306790337246
2,6,15,True,5,Recon,7,Web-Based,0.1686706896865064,0.17159295260496918,0.03238209093985765
2,6,15,True,6,Spoofing,0,Benign,0.2472476530891751,0.17523862172659074,0.04989348536388863
2,6,15,True,6,Spoofing,1,BruteForce,0.17621503483834647,0.1549571181488955,0.03188649971154166
2,6,15,True,6,Spoofing,2,DDoS,0.07200613601997677,0.06981201233885982,0.48386588385254226
2,6,15,True,6,Spoofing,3,DoS,0.03915830616234851,0.0493047069546855,0.30516149358828903
2,6,15,True,6,Spoofing,4,Mirai,0.13309609800355474,0.1199787543097685,0.03665031104580393
2,6,15,True,6,Spoofing,5,Recon,0.07984533680038872,0.10759700563665735,0.021957736856461973
2,6,15,True,6,Spoofing,6,Spoofing,0.09642160176097335,0.1831346250553199,0.0405992718729204
2,6,15,True,6,Spoofing,7,Web-Based,0.15600983332523635,0.13997715582922263,0.029985317708552225
2,6,15,True,7,Web-Based,0,Benign,0.2563932853811994,0.17643507339479875,0.055652764274874436
2,6,15,True,7,Web-Based,1,BruteForce,0.18066828431032064,0.15920144366918396,0.030874757337916416
2,6,15,True,7,Web-Based,2,DDoS,0.07943301331561319,0.07537103425481713,0.5642708408093295
2,6,15,True,7,Web-Based,3,DoS,0.03678573315444985,0.04060343462677343,0.21004699373683333
2,6,15,True,7,Web-Based,4,Mirai,0.15002698757668173,0.12799477553773667,0.039571216454673305
2,6,15,True,7,Web-Based,5,Recon,0.06645256637024488,0.10568820739870051,0.02516263858178125
2,6,15,True,7,Web-Based,6,Spoofing,0.0749776467516671,0.15789957719041145,0.0418851396147757
2,6,15,True,7,Web-Based,7,Web-Based,0.15526248313982338,0.15680645392757805,0.032535649189816065
2,6,16,False,0,Benign,0,Benign,0.5221873900399562,0.18952027418263825,0.5289869720531107
2,6,16,False,0,Benign,1,BruteForce,0.023425371552244344,0.14172541766050675,0.022867332490681114
2,6,16,False,0,Benign,2,DDoS,0.17382187176073002,0.08056786686925038,0.16887718426678153
2,6,16,False,0,Benign,3,DoS,0.028217437023970098,0.07199359462999952,0.051841357131975206
2,6,16,False,0,Benign,4,Mirai,0.017007581683399546,0.11908196338723288,0.01948582065520686
2,6,16,False,0,Benign,5,Recon,0.02477960041808538,0.10715818962683209,0.023208244931691616
2,6,16,False,0,Benign,6,Spoofing,0.12986904732398732,0.15894148369807623,0.1089540888176844
2,6,16,False,0,Benign,7,Web-Based,0.08069170019762709,0.13101120994546378,0.07577899965286862
2,6,16,False,1,BruteForce,0,Benign,0.5144658542377342,0.15043397127460426,0.5744545563340866
2,6,16,False,1,BruteForce,1,BruteForce,0.0295626109553251,0.21479597255655963,0.023981889028737272
2,6,16,False,1,BruteForce,2,DDoS,0.1607219073824346,0.0689521776594241,0.12414438639312116
2,6,16,False,1,BruteForce,3,DoS,0.021250222611154102,0.040587759335762294,0.031614801917984124
2,6,16,False,1,BruteForce,4,Mirai,0.018220654839873857,0.12119158101451255,0.0186004018028425
2,6,16,False,1,BruteForce,5,Recon,0.021722143060939638,0.09072782194560802,0.023643384612350504
2,6,16,False,1,BruteForce,6,Spoofing,0.13484583229426766,0.14804730659383145,0.11807850717401792
2,6,16,False,1,BruteForce,7,Web-Based,0.09921077461827092,0.16526340961969768,0.08548207273686008
2,6,16,False,2,DDoS,0,Benign,0.15727638160610416,0.07511178552154103,0.1741260159576502
2,6,16,False,2,DDoS,1,BruteForce,0.014125700062597129,0.05300925109809527,0.020852015820541595
2,6,16,False,2,DDoS,2,DDoS,0.7144810108476625,0.5651822454739117,0.6737905432890671
2,6,16,False,2,DDoS,3,DoS,0.017969402917886484,0.06341417011164818,0.028548930532557998
2,6,16,False,2,DDoS,4,Mirai,0.009448106639234385,0.08215265259995945,0.014523519766539204
2,6,16,False,2,DDoS,5,Recon,0.010752686611096173,0.06639690986373802,0.012179546227798073
2,6,16,False,2,DDoS,6,Spoofing,0.04323082554785784,0.047436555828443035,0.04110077740829184
2,6,16,False,2,DDoS,7,Web-Based,0.03271588576756141,0.04729642950266336,0.03487865099755404
2,6,16,False,3,DoS,0,Benign,0.08528133334820409,0.06153587355404883,0.14296338459993616
2,6,16,False,3,DoS,1,BruteForce,0.01654637941244073,0.07692081369701595,0.028642659897336577
2,6,16,False,3,DoS,2,DDoS,0.2810246494840068,0.15699948739224048,0.3066166315495205
2,6,16,False,3,DoS,3,DoS,0.5225537478513181,0.45437094396738714,0.39191929596958774
2,6,16,False,3,DoS,4,Mirai,0.009321997630831417,0.09677559926731887,0.017658223094010092
2,6,16,False,3,DoS,5,Recon,0.009655799482268567,0.04653674779353243,0.013790035974995387
2,6,16,False,3,DoS,6,Spoofing,0.0481234829054439,0.07626451196762317,0.05532115693381596
2,6,16,False,3,DoS,7,Web-Based,0.027492609885486356,0.03059602236083317,0.0430886119807976
2,6,16,False,4,Mirai,0,Benign,0.46579335922179527,0.15681481384469428,0.5206070171457508
2,6,16,False,4,Mirai,1,BruteForce,0.026394854816018037,0.1664900849783366,0.023978315131557546
2,6,16,False,4,Mirai,2,DDoS,0.22267957568646266,0.0826229558644489,0.1769630014019333
2,6,16,False,4,Mirai,3,DoS,0.04289410711616725,0.06637953618879103,0.05453570918791254
2,6,16,False,4,Mirai,4,Mirai,0.018256508694416213,0.14364043263005666,0.01941199305439611
2,6,16,False,4,Mirai,5,Recon,0.019769431306382663,0.0900391182003194,0.02135227064962333
2,6,16,False,4,Mirai,6,Spoofing,0.12444880575754702,0.15136456922110517,0.1063665389238147
2,6,16,False,4,Mirai,7,Web-Based,0.079763357401211,0.14264848907224803,0.07678515450501171
2,6,16,False,5,Recon,0,Benign,0.5172917250629606,0.14755852638067524,0.5716181821311552
2,6,16,False,5,Recon,1,BruteForce,0.029520431299553736,0.19876691246881717,0.024593033053676886
2,6,16,False,5,Recon,2,DDoS,0.15286386809236466,0.07037175679328701,0.12484120043291991
2,6,16,False,5,Recon,3,DoS,0.02253228904565157,0.04290241040215955,0.03375637061389429
2,6,16,False,5,Recon,4,Mirai,0.017746209284625915,0.11893735139943745,0.01840659021605707
2,6,16,False,5,Recon,5,Recon,0.028714037920472908,0.10627850279163158,0.02445099893113418
2,6,16,False,5,Recon,6,Spoofing,0.13068458459105098,0.14359158715902282,0.1158587790935409
2,6,16,False,5,Recon,7,Web-Based,0.10064685470331972,0.17159295260496918,0.08647484552762154
2,6,16,False,6,Spoofing,0,Benign,0.5321851524055574,0.17523862172659074,0.5684098316127797
2,6,16,False,6,Spoofing,1,BruteForce,0.024357152722354072,0.1549571181488955,0.022899105575981814
2,6,16,False,6,Spoofing,2,DDoS,0.13357142745471723,0.06981201233885982,0.11984449504853653
2,6,16,False,6,Spoofing,3,DoS,0.021661755071812595,0.0493047069546855,0.04571222361566175
2,6,16,False,6,Spoofing,4,Mirai,0.017448356390953698,0.1199787543097685,0.019652787043212223
2,6,16,False,6,Spoofing,5,Recon,0.025595269635508643,0.10759700563665735,0.02456865175624679
2,6,16,False,6,Spoofing,6,Spoofing,0.15911940778763228,0.1831346250553199,0.11996086300199292
2,6,16,False,6,Spoofing,7,Web-Based,0.08606147853146423,0.13997715582922263,0.0789520423455883
2,6,16,False,7,Web-Based,0,Benign,0.5319948295297173,0.17643507339479875,0.5714476609725303
2,6,16,False,7,Web-Based,1,BruteForce,0.02629087468850401,0.15920144366918396,0.023310026981546425
2,6,16,False,7,Web-Based,2,DDoS,0.1484763144523028,0.07537103425481713,0.1346747131750776
2,6,16,False,7,Web-Based,3,DoS,0.022688570488881246,0.04060343462677343,0.03355962287673245
2,6,16,False,7,Web-Based,4,Mirai,0.018275975609069416,0.12799477553773667,0.019237949411600824
2,6,16,False,7,Web-Based,5,Recon,0.02369598448813508,0.10568820739870051,0.02394913990804512
2,6,16,False,7,Web-Based,6,Spoofing,0.13550064816055504,0.15789957719041145,0.11199076947497222
2,6,16,False,7,Web-Based,7,Web-Based,0.09307680258283507,0.15680645392757805,0.08183011719949508
2,6,17,True,0,Benign,0,Benign,0.13674374899806205,0.18952027418263825,0.286889015939312
2,6,17,True,0,Benign,1,BruteForce,0.21848923085961594,0.14172541766050675,0.014141176556226539
2,6,17,True,0,Benign,2,DDoS,0.060321340469077535,0.08056786686925038,0.03934222345283236
2,6,17,True,0,Benign,3,DoS,0.07876081870709105,0.07199359462999952,0.07510850393543397
2,6,17,True,0,Benign,4,Mirai,0.16859032619502087,0.11908196338723288,0.4623639116782699
2,6,17,True,0,Benign,5,Recon,0.04756149836641118,0.10715818962683209,0.012580999550135604
2,6,17,True,0,Benign,6,Spoofing,0.04471995534738319,0.15894148369807623,0.01989494697695438
2,6,17,True,0,Benign,7,Web-Based,0.24481308105733815,0.13101120994546378,0.08967922191083538
2,6,17,True,1,BruteForce,0,Benign,0.1278091314468653,0.15043397127460426,0.26788477225842416
2,6,17,True,1,BruteForce,1,BruteForce,0.21393990832787926,0.21479597255655963,0.01355950147760995
2,6,17,True,1,BruteForce,2,DDoS,0.056650046694619226,0.0689521776594241,0.023824451384301438
2,6,17,True,1,BruteForce,3,DoS,0.06588127366179077,0.040587759335762294,0.021147476688527626
2,6,17,True,1,BruteForce,4,Mirai,0.18344815630646008,0.12119158101451255,0.5076466959494363
2,6,17,True,1,BruteForce,5,Recon,0.04798515337612424,0.09072782194560802,0.01194216929091869
2,6,17,True,1,BruteForce,6,Spoofing,0.04393424071467084,0.14804730659383145,0.021224212398854504
2,6,17,True,1,BruteForce,7,Web-Based,0.2603520894715902,0.16526340961969768,0.1327707205519274
2,6,17,True,2,DDoS,0,Benign,0.12739682935560928,0.07511178552154103,0.09965223464425019
2,6,17,True,2,DDoS,1,BruteForce,0.2476608708492376,0.05300925109809527,0.016912555800301876
2,6,17,True,2,DDoS,2,DDoS,0.10539670488943424,0.5651822454739117,0.5916063038604549
2,6,17,True,2,DDoS,3,DoS,0.09619515688822594,0.06341417011164818,0.059647025808189195
2,6,17,True,2,DDoS,4,Mirai,0.12512849068856627,0.08215265259995945,0.16515504529755384
2,6,17,True,2,DDoS,5,Recon,0.0447656741219738,0.06639690986373802,0.010300366663951063
2,6,17,True,2,DDoS,6,Spoofing,0.04049922694116312,0.047436555828443035,0.011752445730340406
2,6,17,True,2,DDoS,7,Web-Based,0.21295704626578973,0.04729642950266336,0.04497402219495862
2,6,17,True,3,DoS,0,Benign,0.08934551020083059,0.06153587355404883,0.05992432340690582
2,6,17,True,3,DoS,1,BruteForce,0.23700155899130193,0.07692081369701595,0.02264921063857181
2,6,17,True,3,DoS,2,DDoS,0.07608665383395034,0.15699948739224048,0.09107857185936827
2,6,17,True,3,DoS,3,DoS,0.1918748410124915,0.45437094396738714,0.6004928338303238
2,6,17,True,3,DoS,4,Mirai,0.12147582690778876,0.09677559926731887,0.16149540713187366
2,6,17,True,3,DoS,5,Recon,0.036462487476615055,0.04653674779353243,0.011963184394358726
2,6,17,True,3,DoS,6,Spoofing,0.04392270395348361,0.07626451196762317,0.014793874814484666
2,6,17,True,3,DoS,7,Web-Based,0.20383041762353818,0.03059602236083317,0.037602593924113276
2,6,17,True,4,Mirai,0,Benign,0.12368662599170202,0.15681481384469428,0.24452659773493632
2,6,17,True,4,Mirai,1,BruteForce,0.2163789073444889,0.1664900849783366,0.012452768444411106
2,6,17,True,4,Mirai,2,DDoS,0.05950061445147949,0.0826229558644489,0.02989616356771772
2,6,17,True,4,Mirai,3,DoS,0.07478513105092738,0.06637953618879103,0.03160659118771453
2,6,17,True,4,Mirai,4,Mirai,0.1873928101758166,0.14364043263005666,0.5618601648015825
2,6,17,True,4,Mirai,5,Recon,0.04593280786530637,0.0900391182003194,0.011154268779432132
2,6,17,True,4,Mirai,6,Spoofing,0.044232766711221914,0.15136456922110517,0.01860752929236095
2,6,17,True,4,Mirai,7,Web-Based,0.24809033640905723,0.14264848907224803,0.0898959161918447
2,6,17,True,5,Recon,0,Benign,0.12563029641696172,0.14755852638067524,0.25952094279778837
2,6,17,True,5,Recon,1,BruteForce,0.21276878922764178,0.19876691246881717,0.013930722871897163
2,6,17,True,5,Recon,2,DDoS,0.0568656014351106,0.07037175679328701,0.02460110721417558
2,6,17,True,5,Recon,3,DoS,0.06607353680340772,0.04290241040215955,0.026782891227141448
2,6,17,True,5,Recon,4,Mirai,0.18441459770851293,0.11893735139943745,0.5082181784870103
2,6,17,True,5,Recon,5,Recon,0.04822393616131321,0.10627850279163158,0.011940778991640274
2,6,17,True,5,Recon,6,Spoofing,0.042974575713031295,0.14359158715902282,0.02098337634349378
2,6,17,True,5,Recon,7,Web-Based,0.2630486665340208,0.17159295260496918,0.1340220020668531
2,6,17,True,6,Spoofing,0,Benign,0.133974398850683,0.17523862172659074,0.302606185767156
2,6,17,True,6,Spoofing,1,BruteForce,0.2179351356060697,0.1549571181488955,0.013507241985149722
2,6,17,True,6,Spoofing,2,DDoS,0.05895505140917374,0.06981201233885982,0.025089976437142267
2,6,17,True,6,Spoofing,3,DoS,0.07502751442511334,0.0493047069546855,0.04117615354337931
2,6,17,True,6,Spoofing,4,Mirai,0.17117785801577604,0.1199787543097685,0.48033069048874455
2,6,17,True,6,Spoofing,5,Recon,0.04899216447182031,0.10759700563665735,0.013000229641819839
2,6,17,True,6,Spoofing,6,Spoofing,0.04643279124589863,0.1831346250553199,0.021249318788605573
2,6,17,True,6,Spoofing,7,Web-Based,0.24750508597546528,0.13997715582922263,0.10304020334800273
2,6,17,True,7,Web-Based,0,Benign,0.13313483074955376,0.17643507339479875,0.28968093350244056
2,6,17,True,7,Web-Based,1,BruteForce,0.21017399101231385,0.15920144366918396,0.013761211173983294
2,6,17,True,7,Web-Based,2,DDoS,0.057937510868078766,0.07537103425481713,0.027595103491214332
2,6,17,True,7,Web-Based,3,DoS,0.06756806386828589,0.04060343462677343,0.021580846561655005
2,6,17,True,7,Web-Based,4,Mirai,0.18349018090833688,0.12799477553773667,0.5045295700101171
2,6,17,True,7,Web-Based,5,Recon,0.04863998405446451,0.10568820739870051,0.012630118921325022
2,6,17,True,7,Web-Based,6,Spoofing,0.04411072807389808,0.15789957719041145,0.020622524472812886
2,6,17,True,7,Web-Based,7,Web-Based,0.25494471046506834,0.15680645392757805,0.10959969186645173
2,6,18,True,0,Benign,0,Benign,0.07469197986530633,0.18952027418263825,0.06003669693124527
2,6,18,True,0,Benign,1,BruteForce,0.276944783111081,0.14172541766050675,0.015925282420627428
2,6,18,True,0,Benign,2,DDoS,0.12419026875368407,0.08056786686925038,0.1752512081883567
2,6,18,True,0,Benign,3,DoS,0.05563673620560906,0.07199359462999952,0.05925209115095998
2,6,18,True,0,Benign,4,Mirai,0.09133119140589042,0.11908196338723288,0.2680656923199855
2,6,18,True,0,Benign,5,Recon,0.07246465249744836,0.10715818962683209,0.10830681306316478
2,6,18,True,0,Benign,6,Spoofing,0.07840039254306268,0.15894148369807623,0.1953149492678493
2,6,18,True,0,Benign,7,Web-Based,0.22633999561791804,0.13101120994546378,0.11784726665781116
2,6,18,True,1,BruteForce,0,Benign,0.06906388791924664,0.15043397127460426,0.05985143394031293
2,6,18,True,1,BruteForce,1,BruteForce,0.2892112098517642,0.21479597255655963,0.015592786599150038
2,6,18,True,1,BruteForce,2,DDoS,0.11270089424814729,0.0689521776594241,0.1289359280752761
2,6,18,True,1,BruteForce,3,DoS,0.051839848598141496,0.040587759335762294,0.02215712225230054
2,6,18,True,1,BruteForce,4,Mirai,0.09557535786056678,0.12119158101451255,0.317016468517998
2,6,18,True,1,BruteForce,5,Recon,0.07043920595354133,0.09072782194560802,0.11847456578080608
2,6,18,True,1,BruteForce,6,Spoofing,0.07628894293082017,0.14804730659383145,0.18611693944709506
2,6,18,True,1,BruteForce,7,Web-Based,0.23488065263777197,0.16526340961969768,0.15185475538706122
2,6,18,True,2,DDoS,0,Benign,0.06697865843623252,0.07511178552154103,0.029062631855855094
2,6,18,True,2,DDoS,1,BruteForce,0.2506804171526883,0.05300925109809527,0.016288194304989984
2,6,18,True,2,DDoS,2,DDoS,0.21328178826718996,0.5651822454739117,0.6648201106739219
2,6,18,True,2,DDoS,3,DoS,0.07408660022090055,0.06341417011164818,0.034976272066712825
2,6,18,True,2,DDoS,4,Mirai,0.07197658896924677,0.08215265259995945,0.096397978138924
2,6,18,True,2,DDoS,5,Recon,0.06463321513537253,0.06639690986373802,0.05429758367867338
2,6,18,True,2,DDoS,6,Spoofing,0.059700735339560676,0.047436555828443035,0.056696095005218945
2,6,18,True,2,DDoS,7,Web-Based,0.19866199647880872,0.04729642950266336,0.047461134275703955
2,6,18,True,3,DoS,0,Benign,0.04652967133178229,0.06153587355404883,0.02066310555668643
2,6,18,True,3,DoS,1,BruteForce,0.2442239187835903,0.07692081369701595,0.023275818268509742
2,6,18,True,3,DoS,2,DDoS,0.1673025154171797,0.15699948739224048,0.258822317646216
2,6,18,True,3,DoS,3,DoS,0.15327239411622384,0.45437094396738714,0.4234930144571863
2,6,18,True,3,DoS,4,Mirai,0.08352036952590532,0.09677559926731887,0.09426692062515364
2,6,18,True,3,DoS,5,Recon,0.04971694798792161,0.04653674779353243,0.039583359254818457
2,6,18,True,3,DoS,6,Spoofing,0.0640115801333141,0.07626451196762317,0.08592159588391285
2,6,18,True,3,DoS,7,Web-Based,0.19142260270408287,0.03059602236083317,0.05397386830751663
2,6,18,True,4,Mirai,0,Benign,0.06829274293759222,0.15681481384469428,0.05628407963491555
2,6,18,True,4,Mirai,1,BruteForce,0.2821330683587379,0.1664900849783366,0.01544059660104304
2,6,18,True,4,Mirai,2,DDoS,0.12695712916645774,0.0826229558644489,0.15448560210473708
2,6,18,True,4,Mirai,3,DoS,0.05658967303220227,0.06637953618879103,0.04912073475735243
2,6,18,True,4,Mirai,4,Mirai,0.10233490664785005,0.14364043263005666,0.3346982396821286
2,6,18,True,4,Mirai,5,Recon,0.06336032473826393,0.0900391182003194,0.09483282830803735
2,6,18,True,4,Mirai,6,Spoofing,0.07688751818806887,0.15136456922110517,0.17399327749416404
2,6,18,True,4,Mirai,7,Web-Based,0.22344463693082695,0.14264848907224803,0.12114464141762199
2,6,18,True,5,Recon,0,Benign,0.06775864370921757,0.14755852638067524,0.05812312447001411
2,6,18,True,5,Recon,1,BruteForce,0.2888356410201155,0.19876691246881717,0.015691333544148797
2,6,18,True,5,Recon,2,DDoS,0.11276761456597505,0.07037175679328701,0.122115431082052
2,6,18,True,5,Recon,3,DoS,0.05226552893036538,0.04290241040215955,0.022574914676715394
2,6,18,True,5,Recon,4,Mirai,0.09526831850465207,0.11893735139943745,0.3151549157088511
2,6,18,True,5,Recon,5,Recon,0.07382264373497509,0.10627850279163158,0.13887600447012433
2,6,18,True,5,Recon,6,Spoofing,0.07328863083411716,0.14359158715902282,0.17694869786890408
2,6,18,True,5,Recon,7,Web-Based,0.23599297870058214,0.17159295260496918,0.15051557817919023
2,6,18,True,6,Spoofing,0,Benign,0.07233567575026477,0.17523862172659074,0.06170834865848539
2,6,18,True,6,Spoofing,1,BruteForce,0.27492332050062096,0.1549571181488955,0.015800834351637857
2,6,18,True,6,Spoofing,2,DDoS,0.11490447076190037,0.06981201233885982,0.1232908717829644
2,6,18,True,6,Spoofing,3,DoS,0.05281187849816451,0.0493047069546855,0.04271692378464614
2,6,18,True,6,Spoofing,4,Mirai,0.0950685868647535,0.1199787543097685,0.2729913861731602
2,6,18,True,6,Spoofing,5,Recon,0.07467479394331906,0.10759700563665735,0.11501973307918247
2,6,18,True,6,Spoofing,6,Spoofing,0.08335762808566627,0.1831346250553199,0.23591856384237125
2,6,18,True,6,Spoofing,7,Web-Based,0.23192364559531067,0.13997715582922263,0.13255333832755234
2,6,18,True,7,Web-Based,0,Benign,0.07239914851665935,0.17643507339479875,0.06290869206457517
2,6,18,True,7,Web-Based,1,BruteForce,0.2777015246511714,0.15920144366918396,0.015319260554912553
2,6,18,True,7,Web-Based,2,DDoS,0.11690716404361447,0.07537103425481713,0.14188922350994165
2,6,18,True,7,Web-Based,3,DoS,0.05220355527349868,0.04060343462677343,0.02459099334319162
2,6,18,True,7,Web-Based,4,Mirai,0.09699977210996497,0.12799477553773667,0.31275061179402036
2,6,18,True,7,Web-Based,5,Recon,0.07244528280888711,0.10568820739870051,0.11708161224186986
2,6,18,True,7,Web-Based,6,Spoofing,0.07726608441243656,0.15789957719041145,0.1881912653758733
2,6,18,True,7,Web-Based,7,Web-Based,0.23407746818376743,0.15680645392757805,0.13726834111561545
2,6,19,False,0,Benign,0,Benign,0.09584858786549151,0.18952027418263825,0.08823387665806656
2,6,19,False,0,Benign,1,BruteForce,0.012983615072423049,0.14172541766050675,0.01888932090882132
2,6,19,False,0,Benign,2,DDoS,0.22984475541960636,0.08056786686925038,0.2429632693628746
2,6,19,False,0,Benign,3,DoS,0.0699131844961129,0.07199359462999952,0.08348141086570714
2,6,19,False,0,Benign,4,Mirai,0.014678830178205218,0.11908196338723288,0.019610591700312093
2,6,19,False,0,Benign,5,Recon,0.17688016152269267,0.10715818962683209,0.17813600008336025
2,6,19,False,0,Benign,6,Spoofing,0.3842471016248572,0.15894148369807623,0.3497237577388485
2,6,19,False,0,Benign,7,Web-Based,0.015603763820611105,0.13101120994546378,0.018961772682009412
2,6,19,False,1,BruteForce,0,Benign,0.10699067416908037,0.15043397127460426,0.09913790567731263
2,6,19,False,1,BruteForce,1,BruteForce,0.01401734738423195,0.21479597255655963,0.018064839186361405
2,6,19,False,1,BruteForce,2,DDoS,0.227413214663904,0.0689521776594241,0.20349844104536582
2,6,19,False,1,BruteForce,3,DoS,0.01894270069260094,0.040587759335762294,0.02784390523462867
2,6,19,False,1,BruteForce,4,Mirai,0.015665338742865208,0.12119158101451255,0.01950739318485699
2,6,19,False,1,BruteForce,5,Recon,0.1676758059690008,0.09072782194560802,0.2187069857341637
2,6,19,False,1,BruteForce,6,Spoofing,0.4332598370055856,0.14804730659383145,0.3939871007678026
2,6,19,False,1,BruteForce,7,Web-Based,0.016035081372731266,0.16526340961969768,0.019253429169508115
2,6,19,False,2,DDoS,0,Benign,0.031180481087256906,0.07511178552154103,0.03767276258733159
2,6,19,False,2,DDoS,1,BruteForce,0.008896430557509456,0.05300925109809527,0.016056824115162807
2,6,19,False,2,DDoS,2,DDoS,0.7384762712130356,0.5651822454739117,0.6882905537192153
2,6,19,False,2,DDoS,3,DoS,0.036247970207386015,0.06341417011164818,0.048163516725315256
2,6,19,False,2,DDoS,4,Mirai,0.00855673936751819,0.08215265259995945,0.016534657503638764
2,6,19,False,2,DDoS,5,Recon,0.07378421121224266,0.06639690986373802,0.07958947246139361
2,6,19,False,2,DDoS,6,Spoofing,0.0960019423682611,0.047436555828443035,0.10282389900793108
2,6,19,False,2,DDoS,7,Web-Based,0.006855953986790027,0.04729642950266336,0.010868313880011578
2,6,19,False,3,DoS,0,Benign,0.014273640095832305,0.06153587355404883,0.020026217259025727
2,6,19,False,3,DoS,1,BruteForce,0.013170930473531803,0.07692081369701595,0.025034336214780212
2,6,19,False,3,DoS,2,DDoS,0.18428828100948155,0.15699948739224048,0.20879855364634697
2,6,19,False,3,DoS,3,DoS,0.6798096406570794,0.45437094396738714,0.5733914465592493
2,6,19,False,3,DoS,4,Mirai,0.0069078714568422605,0.09677559926731887,0.015936369513321242
2,6,19,False,3,DoS,5,Recon,0.03655823682165047,0.04653674779353243,0.0464978550774566
2,6,19,False,3,DoS,6,Spoofing,0.058593005333248356,0.07626451196762317,0.09841889403122607
2,6,19,False,3,DoS,7,Web-Based,0.006398394152333853,0.03059602236083317,0.011896327698594002
2,6,19,False,4,Mirai,0,Benign,0.09369923400634324,0.15681481384469428,0.09167101573892925
2,6,19,False,4,Mirai,1,BruteForce,0.013799246566908502,0.1664900849783366,0.019798226119701657
2,6,19,False,4,Mirai,2,DDoS,0.3187423509677216,0.0826229558644489,0.2596567372868506
2,6,19,False,4,Mirai,3,DoS,0.050568718749567386,0.06637953618879103,0.07104045203391178
2,6,19,False,4,Mirai,4,Mirai,0.01668379832875932,0.14364043263005666,0.021280885764181936
2,6,19,False,4,Mirai,5,Recon,0.1293560500707869,0.0900391182003194,0.16300272388462222
2,6,19,False,4,Mirai,6,Spoofing,0.3629072832246762,0.15136456922110517,0.35435016413821613
2,6,19,False,4,Mirai,7,Web-Based,0.014243318085236859,0.14264848907224803,0.019199795033586476
2,6,19,False,5,Recon,0,Benign,0.10486219399718137,0.14755852638067524,0.09760074570728806
2,6,19,False,5,Recon,1,BruteForce,0.013416614925971791,0.19876691246881717,0.01785633303978797
2,6,19,False,5,Recon,2,DDoS,0.21264842506095324,0.07037175679328701,0.1952643830935358
2,6,19,False,5,Recon,3,DoS,0.02118392364416373,0.04290241040215955,0.02951280555912488
2,6,19,False,5,Recon,4,Mirai,0.014124722379339592,0.11893735139943745,0.019269203289343086
2,6,19,False,5,Recon,5,Recon,0.24061210218010307,0.10627850279163158,0.24910730652688962
2,6,19,False,5,Recon,6,Spoofing,0.3771821513113977,0.14359158715902282,0.37247809202891285
2,6,19,False,5,Recon,7,Web-Based,0.015969866500889614,0.17159295260496918,0.018911130755117668
2,6,19,False,6,Spoofing,0,Benign,0.0996536664390237,0.17523862172659074,0.09459257177217283
2,6,19,False,6,Spoofing,1,BruteForce,0.012344516644109857,0.1549571181488955,0.018608910498152272
2,6,19,False,6,Spoofing,2,DDoS,0.18254711453193898,0.06981201233885982,0.18479530680509787
2,6,19,False,6,Spoofing,3,DoS,0.04135255902218285,0.0493047069546855,0.06258030746707754
2,6,19,False,6,Spoofing,4,Mirai,0.014253196344198167,0.1199787543097685,0.01943747529338753
2,6,19,False,6,Spoofing,5,Recon,0.20201690152666946,0.10759700563665735,0.19519971533553404
2,6,19,False,6,Spoofing,6,Spoofing,0.43206630865781454,0.1831346250553199,0.405441605634872
2,6,19,False,6,Spoofing,7,Web-Based,0.01576573683406253,0.13997715582922263,0.01934410719370588
2,6,19,False,7,Web-Based,0,Benign,0.10892957176743524,0.17643507339479875,0.1007990821887821
2,6,19,False,7,Web-Based,1,BruteForce,0.013045074333218698,0.15920144366918396,0.018501421292924862
2,6,19,False,7,Web-Based,2,DDoS,0.25010711338739927,0.07537103425481713,0.2250672477616476
2,6,19,False,7,Web-Based,3,DoS,0.022899005298527637,0.04060343462677343,0.03364515979787337
2,6,19,False,7,Web-Based,4,Mirai,0.015542249441528976,0.12799477553773667,0.019942477727555873
2,6,19,False,7,Web-Based,5,Recon,0.18354661548742135,0.10568820739870051,0.2106561159097662
2,6,19,False,7,Web-Based,6,Spoofing,0.3896100044096133,0.15789957719041145,0.37142243101012146
2,6,19,False,7,Web-Based,7,Web-Based,0.016320365874855584,0.15680645392757805,0.01996606431132858
3,7,0,False,0,Benign,0,Benign,0.2905665813199424,0.19778817751981578,0.26278178160925625
3,7,0,False,0,Benign,1,BruteForce,0.07484365311629704,0.13562613339849747,0.05988172549568824
3,7,0,False,0,Benign,2,DDoS,0.009158905599321815,0.08137735639287488,0.017071578120114936
3,7,0,False,0,Benign,3,DoS,0.13541869679832674,0.05766874589002005,0.1844970353632558
3,7,0,False,0,Benign,4,Mirai,0.3029523306705794,0.11223119259845729,0.2918442271356306
3,7,0,False,0,Benign,5,Recon,0.14423458437530104,0.11555506529633569,0.14228985307871034
3,7,0,False,0,Benign,6,Spoofing,0.02274416885640676,0.1571363164745094,0.020855983251581833
3,7,0,False,0,Benign,7,Web-Based,0.02008107926382488,0.14261701242948946,0.020777815945762
3,7,0,False,1,BruteForce,0,Benign,0.2339392933268575,0.1516245156841889,0.2656430290659468
3,7,0,False,1,BruteForce,1,BruteForce,0.1501976749219448,0.20833206625365927,0.08753372719811156
3,7,0,False,1,BruteForce,2,DDoS,0.011597705921449174,0.06867529214652254,0.012764178493417473
3,7,0,False,1,BruteForce,3,DoS,0.07728308146450313,0.03492441736258583,0.07678476689708104
3,7,0,False,1,BruteForce,4,Mirai,0.36627638662173423,0.12209322276636507,0.3325634123379524
3,7,0,False,1,BruteForce,5,Recon,0.10846224245617779,0.09677681745206883,0.17508103946245743
3,7,0,False,1,BruteForce,6,Spoofing,0.022700443385279778,0.14245644504453656,0.022715882767572422
3,7,0,False,1,BruteForce,7,Web-Based,0.029543171902053512,0.17511722329007304,0.026913963777460977
3,7,0,False,2,DDoS,0,Benign,0.06917200282788125,0.07451837486952151,0.10478185413533818
3,7,0,False,2,DDoS,1,BruteForce,0.029463695529096143,0.05069154969371543,0.03363773507810239
3,7,0,False,2,DDoS,2,DDoS,0.5497765426806829,0.5640673094402808,0.4555644832146435
3,7,0,False,2,DDoS,3,DoS,0.1401410300238706,0.06783354548319369,0.16267828503382503
3,7,0,False,2,DDoS,4,Mirai,0.1368989973407583,0.07463613180755525,0.13805545173557351
3,7,0,False,2,DDoS,5,Recon,0.05474172863266031,0.06329653537920413,0.07114814746332884
3,7,0,False,2,DDoS,6,Spoofing,0.009730669171116946,0.053946980031421156,0.014144695575032938
3,7,0,False,2,DDoS,7,Web-Based,0.01007533379393361,0.05100957329510804,0.019989347764155587
3,7,0,False,3,DoS,0,Benign,0.020347824588055702,0.061637060715694636,0.031183219318431078
3,7,0,False,3,DoS,1,BruteForce,0.014825694358386035,0.05875400784336707,0.016828722475000998
3,7,0,False,3,DoS,2,DDoS,0.015790639619501508,0.13910429273946,0.02177625241987036
3,7,0,False,3,DoS,3,DoS,0.9024041335481161,0.5038545430715076,0.8446218761534362
3,7,0,False,3,DoS,4,Mirai,0.023575827681782603,0.08689728981293973,0.0431461770917808
3,7,0,False,3,DoS,5,Recon,0.014079021322996394,0.0432025579497008,0.026358258254224377
3,7,0,False,3,DoS,6,Spoofing,0.0050438171748308745,0.07762577189241976,0.00856158772017071
3,7,0,False,3,DoS,7,Web-Based,0.0039330417063306805,0.02892447597491041,0.007523906567085566
3,7,0,False,4,Mirai,0,Benign,0.2132372081094536,0.15235713003054904,0.25716740971373475
3,7,0,False,4,Mirai,1,BruteForce,0.06846042004882939,0.1689889186692507,0.06214343396007815
3,7,0,False,4,Mirai,2,DDoS,0.011626821513736322,0.08798770510348525,0.01386823720359379
3,7,0,False,4,Mirai,3,DoS,0.08673093988042914,0.05929658675147397,0.149772069756984
3,7,0,False,4,Mirai,4,Mirai,0.5093904709897964,0.14782524243475662,0.3716587945662579
3,7,0,False,4,Mirai,5,Recon,0.0729701104616217,0.08271870922543392,0.10328053476161966
3,7,0,False,4,Mirai,6,Spoofing,0.021596212901541317,0.15486021016471826,0.02136984537726492
3,7,0,False,4,Mirai,7,Web-Based,0.015987816094592194,0.14596549762033226,0.020739674660466896
3,7,0,False,5,Recon,0,Benign,0.22343663195811658,0.15436086667987933,0.24724985801781527
3,7,0,False,5,Recon,1,BruteForce,0.13466093504030013,0.18611179210249335,0.0851020256366411
3,7,0,False,5,Recon,2,DDoS,0.010499350801869879,0.0682772306876649,0.012058303129683059
3,7,0,False,5,Recon,3,DoS,0.10269516170356408,0.03687887960612283,0.0998195894281689
3,7,0,False,5,Recon,4,Mirai,0.30854047529865186,0.11220778015176276,0.3057203541264973
3,7,0,False,5,Recon,5,Recon,0.16567684691304588,0.11914700605800639,0.20288978965026663
3,7,0,False,5,Recon,6,Spoofing,0.022944632324614498,0.14005190342357704,0.021513182207612613
3,7,0,False,5,Recon,7,Web-Based,0.031545965959837115,0.1829645412904934,0.025646897803315197
3,7,0,False,6,Spoofing,0,Benign,0.2605367784737111,0.18878664771675194,0.27290338038420653
3,7,0,False,6,Spoofing,1,BruteForce,0.09429958774246307,0.1440383183511768,0.06470870055203756
3,7,0,False,6,Spoofing,2,DDoS,0.009508689709360866,0.07126531063187903,0.012183481902706246
3,7,0,False,6,Spoofing,3,DoS,0.09299450122009156,0.034306715587797874,0.14846015901941642
3,7,0,False,6,Spoofing,4,Mirai,0.32914044898177625,0.1154544708525091,0.2955883962719409
3,7,0,False,6,Spoofing,5,Recon,0.15967443690050184,0.12049882549520163,0.16073231861293877
3,7,0,False,6,Spoofing,6,Spoofing,0.027497897578057217,0.1716283897535243,0.022702443629196753
3,7,0,False,6,Spoofing,7,Web-Based,0.026347659394038117,0.15402132161115933,0.02272111962755682
3,7,0,False,7,Web-Based,0,Benign,0.25726626252257273,0.17835506905371412,0.2828623583119801
3,7,0,False,7,Web-Based,1,BruteForce,0.07455009340073603,0.15375818852587497,0.06785994904824477
3,7,0,False,7,Web-Based,2,DDoS,0.010115553152271072,0.07477339169223995,0.014249287961015595
3,7,0,False,7,Web-Based,3,DoS,0.07633185535051205,0.035164966663017605,0.10621673236144319
3,7,0,False,7,Web-Based,4,Mirai,0.4212452318176363,0.13017615680592765,0.34482029681020887
3,7,0,False,7,Web-Based,5,Recon,0.11496303832274979,0.11094426755994734,0.13843233178161277
3,7,0,False,7,Web-Based,6,Spoofing,0.023704811047920275,0.1513388817296513,0.022295377231029485
3,7,0,False,7,Web-Based,7,Web-Based,0.021823154385601878,0.16548907796962706,0.023263666494465214
3,7,1,True,0,Benign,0,Benign,0.04821748185026823,0.19778817751981578,0.013568399554844724
3,7,1,True,0,Benign,1,BruteForce,0.20707323479917372,0.13562613339849747,0.008605934639372665
3,7,1,True,0,Benign,2,DDoS,0.06663297667960724,0.08137735639287488,0.07444771125811747
3,7,1,True,0,Benign,3,DoS,0.05897141663292516,0.05766874589002005,0.018250106949369942
3,7,1,True,0,Benign,4,Mirai,0.0877497567753947,0.11223119259845729,0.10807574100270502
3,7,1,True,0,Benign,5,Recon,0.14759185451926754,0.11555506529633569,0.2907260211972004
3,7,1,True,0,Benign,6,Spoofing,0.20075319650826545,0.1571363164745094,0.47608512375763967
3,7,1,True,0,Benign,7,Web-Based,0.18301008223509807,0.14261701242948946,0.010240961640750088
3,7,1,True,1,BruteForce,0,Benign,0.04564790214706893,0.1516245156841889,0.012838263384921755
3,7,1,True,1,BruteForce,1,BruteForce,0.20737732573503542,0.20833206625365927,0.008322975190072216
3,7,1,True,1,BruteForce,2,DDoS,0.05358841962929825,0.06867529214652254,0.0486947483017159
3,7,1,True,1,BruteForce,3,DoS,0.05255757401195895,0.03492441736258583,0.011921294151150431
3,7,1,True,1,BruteForce,4,Mirai,0.09221660338882409,0.12209322276636507,0.1105990736221884
3,7,1,True,1,BruteForce,5,Recon,0.16226889462295493,0.09677681745206883,0.29782863486713473
3,7,1,True,1,BruteForce,6,Spoofing,0.2063472148553375,0.14245644504453656,0.5004098369481974
3,7,1,True,1,BruteForce,7,Web-Based,0.17999606560952197,0.17511722329007304,0.00938517353461923
3,7,1,True,2,DDoS,0,Benign,0.05076392833626079,0.07451837486952151,0.010789170177697706
3,7,1,True,2,DDoS,1,BruteForce,0.196532801262314,0.05069154969371543,0.008010163860307824
3,7,1,True,2,DDoS,2,DDoS,0.25961213435766367,0.5640673094402808,0.6681850151860528
3,7,1,True,2,DDoS,3,DoS,0.06422450324959711,0.06783354548319369,0.02380207038049753
3,7,1,True,2,DDoS,4,Mirai,0.06457970733143942,0.07463613180755525,0.04539266732934675
3,7,1,True,2,DDoS,5,Recon,0.09246614136756127,0.06329653537920413,0.10933311795857123
3,7,1,True,2,DDoS,6,Spoofing,0.09387673905637979,0.053946980031421156,0.12801525908105618
3,7,1,True,2,DDoS,7,Web-Based,0.1779440450387839,0.05100957329510804,0.006472536026470069
3,7,1,True,3,DoS,0,Benign,0.044880924994849546,0.061637060715694636,0.010252218338446022
3,7,1,True,3,DoS,1,BruteForce,0.1995891885442719,0.05875400784336707,0.015216404503898918
3,7,1,True,3,DoS,2,DDoS,0.11102493174585149,0.13910429273946,0.17155529533872457
3,7,1,True,3,DoS,3,DoS,0.18617880753771474,0.5038545430715076,0.5166624340617575
3,7,1,True,3,DoS,4,Mirai,0.07157322133087989,0.08689728981293973,0.050020635236841596
3,7,1,True,3,DoS,5,Recon,0.08885704223522167,0.0432025579497008,0.05898538021733843
3,7,1,True,3,DoS,6,Spoofing,0.11336829062024616,0.07762577189241976,0.16568625965394038
3,7,1,True,3,DoS,7,Web-Based,0.18452759299096458,0.02892447597491041,0.011621372649052655
3,7,1,True,4,Mirai,0,Benign,0.045893173723600245,0.15235713003054904,0.014618137705013036
3,7,1,True,4,Mirai,1,BruteForce,0.20777135552506285,0.1689889186692507,0.009102412497405885
3,7,1,True,4,Mirai,2,DDoS,0.06375155652644031,0.08798770510348525,0.08760477884375821
3,7,1,True,4,Mirai,3,DoS,0.05959735916761533,0.05929658675147397,0.02267124101393727
3,7,1,True,4,Mirai,4,Mirai,0.09527938877734372,0.14782524243475662,0.15230992245626365
3,7,1,True,4,Mirai,5,Recon,0.1326834023663521,0.08271870922543392,0.21313913990613298
3,7,1,True,4,Mirai,6,Spoofing,0.21133272947837523,0.15486021016471826,0.4892664164272418
3,7,1,True,4,Mirai,7,Web-Based,0.1836910344352103,0.14596549762033226,0.011287951150247227
3,7,1,True,5,Recon,0,Benign,0.04509786975867114,0.15436086667987933,0.011824808752694154
3,7,1,True,5,Recon,1,BruteForce,0.2049070245229728,0.18611179210249335,0.007794146199475564
3,7,1,True,5,Recon,2,DDoS,0.05181408529259679,0.0682772306876649,0.043844228754022566
3,7,1,True,5,Recon,3,DoS,0.053148038981053546,0.03687887960612283,0.011222183207049409
3,7,1,True,5,Recon,4,Mirai,0.09154899478135142,0.11220778015176276,0.10642451725044536
3,7,1,True,5,Recon,5,Recon,0.17905129211113535,0.11914700605800639,0.38581164237960236
3,7,1,True,5,Recon,6,Spoofing,0.1940267614227429,0.14005190342357704,0.42455073847402264
3,7,1,True,5,Recon,7,Web-Based,0.18040593312947614,0.1829645412904934,0.00852773498268801
3,7,1,True,6,Spoofing,0,Benign,0.04673370517059872,0.18878664771675194,0.012756547625364765
3,7,1,True,6,Spoofing,1,BruteForce,0.20309098803383022,0.1440383183511768,0.00793767673279992
3,7,1,True,6,Spoofing,2,DDoS,0.057117844789919624,0.07126531063187903,0.04094354636442861
3,7,1,True,6,Spoofing,3,DoS,0.05856960797883904,0.034306715587797874,0.013276564153364187
3,7,1,True,6,Spoofing,4,Mirai,0.09065371404874883,0.1154544708525091,0.10214290260601923
3,7,1,True,6,Spoofing,5,Recon,0.1481059192731566,0.12049882549520163,0.30987281749361173
3,7,1,True,6,Spoofing,6,Spoofing,0.2150113167608134,0.1716283897535243,0.5035233321847596
3,7,1,True,6,Spoofing,7,Web-Based,0.18071690394409365,0.15402132161115933,0.009546612839651922
3,7,1,True,7,Web-Based,0,Benign,0.04626993160866323,0.17835506905371412,0.013734158361343934
3,7,1,True,7,Web-Based,1,BruteForce,0.20404301173305797,0.15375818852587497,0.008298821415736183
3,7,1,True,7,Web-Based,2,DDoS,0.05831253478369762,0.07477339169223995,0.05452670758696665
3,7,1,True,7,Web-Based,3,DoS,0.05485113607653552,0.035164966663017605,0.012572142659275492
3,7,1,True,7,Web-Based,4,Mirai,0.0934150412326944,0.13017615680592765,0.12680239855305564
3,7,1,True,7,Web-Based,5,Recon,0.15166959490536575,0.11094426755994734,0.29510931665947837
3,7,1,True,7,Web-Based,6,Spoofing,0.2071574962550046,0.1513388817296513,0.47882548768979566
3,7,1,True,7,Web-Based,7,Web-Based,0.18428125340498097,0.16548907796962706,0.010130967074348123
3,7,2,False,0,Benign,0,Benign,0.17422090933040077,0.19778817751981578,0.15516749217397513
3,7,2,False,0,Benign,1,BruteForce,0.022730140562347217,0.13562613339849747,0.02020697169099876
3,7,2,False,0,Benign,2,DDoS,0.01664465125765326,0.08137735639287488,0.02483690992421998
3,7,2,False,0,Benign,3,DoS,0.008497111183366615,0.05766874589002005,0.021903132373728325
3,7,2,False,0,Benign,4,Mirai,0.2942745728556141,0.11223119259845729,0.3359140225651714
3,7,2,False,0,Benign,5,Recon,0.4238261498701023,0.11555506529633569,0.38273503638041545
3,7,2,False,0,Benign,6,Spoofing,0.03423088046322959,0.1571363164745094,0.03607525256740638
3,7,2,False,0,Benign,7,Web-Based,0.025575584477286008,0.14261701242948946,0.02316118232408474
3,7,2,False,1,BruteForce,0,Benign,0.1515337101370959,0.1516245156841889,0.1467095370191094
3,7,2,False,1,BruteForce,1,BruteForce,0.034248990775583806,0.20833206625365927,0.022985457984859892
3,7,2,False,1,BruteForce,2,DDoS,0.01311478660659141,0.06867529214652254,0.017791320728001596
3,7,2,False,1,BruteForce,3,DoS,0.007322488542343753,0.03492441736258583,0.01686477535592938
3,7,2,False,1,BruteForce,4,Mirai,0.31045565830645777,0.12209322276636507,0.34946964266103686
3,7,2,False,1,BruteForce,5,Recon,0.409326507870908,0.09677681745206883,0.38500319043422254
3,7,2,False,1,BruteForce,6,Spoofing,0.03594657699100155,0.14245644504453656,0.03336265034182514
3,7,2,False,1,BruteForce,7,Web-Based,0.03805128077001776,0.17511722329007304,0.027813425475015124
3,7,2,False,2,DDoS,0,Benign,0.04823585630869937,0.07451837486952151,0.09243642996206623
3,7,2,False,2,DDoS,1,BruteForce,0.012406871880932785,0.05069154969371543,0.024709175856203476
3,7,2,False,2,DDoS,2,DDoS,0.6220381612456298,0.5640673094402808,0.45204813066914906
3,7,2,False,2,DDoS,3,DoS,0.008614185304283739,0.06783354548319369,0.02210006079565015
3,7,2,False,2,DDoS,4,Mirai,0.1425874749916342,0.07463613180755525,0.18417335762347684
3,7,2,False,2,DDoS,5,Recon,0.14150743482986344,0.06329653537920413,0.17897191068459242
3,7,2,False,2,DDoS,6,Spoofing,0.01184878176444957,0.053946980031421156,0.02380177489314433
3,7,2,False,2,DDoS,7,Web-Based,0.012761233674507206,0.05100957329510804,0.021759159515717497
3,7,2,False,3,DoS,0,Benign,0.028882051932457662,0.061637060715694636,0.07423245721019542
3,7,2,False,3,DoS,1,BruteForce,0.016354731177617165,0.05875400784336707,0.030443967390512406
3,7,2,False,3,DoS,2,DDoS,0.19737520974778888,0.13910429273946,0.12209621095118063
3,7,2,False,3,DoS,3,DoS,0.46221055587187837,0.5038545430715076,0.2235281468682234
3,7,2,False,3,DoS,4,Mirai,0.1664802390787479,0.08689728981293973,0.24700607328376994
3,7,2,False,3,DoS,5,Recon,0.10044940679081266,0.0432025579497008,0.24790555799165553
3,7,2,False,3,DoS,6,Spoofing,0.013979679046130553,0.07762577189241976,0.029631423152986853
3,7,2,False,3,DoS,7,Web-Based,0.014268126354566845,0.02892447597491041,0.025156163151475817
3,7,2,False,4,Mirai,0,Benign,0.12388134681086976,0.15235713003054904,0.1493377915779523
3,7,2,False,4,Mirai,1,BruteForce,0.022154516191264146,0.1689889186692507,0.01927501948970061
3,7,2,False,4,Mirai,2,DDoS,0.018989446303381934,0.08798770510348525,0.02255940543558527
3,7,2,False,4,Mirai,3,DoS,0.007233539849668826,0.05929658675147397,0.020264412532864148
3,7,2,False,4,Mirai,4,Mirai,0.4826316242765863,0.14782524243475662,0.41690692612713565
3,7,2,False,4,Mirai,5,Recon,0.2913491440885113,0.08271870922543392,0.3150578115032778
3,7,2,False,4,Mirai,6,Spoofing,0.029783427464883206,0.15486021016471826,0.03463700112605171
3,7,2,False,4,Mirai,7,Web-Based,0.02397695501483458,0.14596549762033226,0.021961632207432438
3,7,2,False,5,Recon,0,Benign,0.13667755898941883,0.15436086667987933,0.13991036853333705
3,7,2,False,5,Recon,1,BruteForce,0.03277824719922491,0.18611179210249335,0.022959709159566802
3,7,2,False,5,Recon,2,DDoS,0.011853689716445395,0.0682772306876649,0.01759819314837628
3,7,2,False,5,Recon,3,DoS,0.007438750872513239,0.03687887960612283,0.016998861128553096
3,7,2,False,5,Recon,4,Mirai,0.25903279918887206,0.11220778015176276,0.3418745355520832
3,7,2,False,5,Recon,5,Recon,0.480832782693832,0.11914700605800639,0.40087168660804506
3,7,2,False,5,Recon,6,Spoofing,0.03560786512766366,0.14005190342357704,0.032696458412240906
3,7,2,False,5,Recon,7,Web-Based,0.03577830621202985,0.1829645412904934,0.027090187457797683
3,7,2,False,6,Spoofing,0,Benign,0.1528440448603625,0.18878664771675194,0.14999845851380175
3,7,2,False,6,Spoofing,1,BruteForce,0.025483154619026244,0.1440383183511768,0.020894841280412003
3,7,2,False,6,Spoofing,2,DDoS,0.010828292113861158,0.07126531063187903,0.01908801949955038
3,7,2,False,6,Spoofing,3,DoS,0.0074919662348699465,0.034306715587797874,0.01990548896326303
3,7,2,False,6,Spoofing,4,Mirai,0.25932988598207024,0.1154544708525091,0.31733955553989673
3,7,2,False,6,Spoofing,5,Recon,0.47838491405419853,0.12049882549520163,0.4104761713150622
3,7,2,False,6,Spoofing,6,Spoofing,0.03639601834093317,0.1716283897535243,0.03817166657681523
3,7,2,False,6,Spoofing,7,Web-Based,0.029241723794678293,0.15402132161115933,0.024125798311198696
3,7,2,False,7,Web-Based,0,Benign,0.1483859507957234,0.17835506905371412,0.15534963756362322
3,7,2,False,7,Web-Based,1,BruteForce,0.0253707972368665,0.15375818852587497,0.01998890373401627
3,7,2,False,7,Web-Based,2,DDoS,0.012482473178431652,0.07477339169223995,0.019995455457424424
3,7,2,False,7,Web-Based,3,DoS,0.0072090735374623375,0.035164966663017605,0.017779293256949942
3,7,2,False,7,Web-Based,4,Mirai,0.33536131061029667,0.13017615680592765,0.3703569074777412
3,7,2,False,7,Web-Based,5,Recon,0.4075205069291931,0.11094426755994734,0.3576040454011711
3,7,2,False,7,Web-Based,6,Spoofing,0.0336447161167062,0.1513388817296513,0.03456511848490651
3,7,2,False,7,Web-Based,7,Web-Based,0.03002517159532024,0.16548907796962706,0.024360638624167468
3,7,3,False,0,Benign,0,Benign,0.14724144666352093,0.19778817751981578,0.11885254276976849
3,7,3,False,0,Benign,1,BruteForce,0.3900860883910232,0.13562613339849747,0.34183347738017056
3,7,3,False,0,Benign,2,DDoS,0.08810355243164038,0.08137735639287488,0.12378352278465309
3,7,3,False,0,Benign,3,DoS,0.027304047149109986,0.05766874589002005,0.044653900704609784
3,7,3,False,0,Benign,4,Mirai,0.18205499662445748,0.11223119259845729,0.22325900240316113
3,7,3,False,0,Benign,5,Recon,0.10383194501257811,0.11555506529633569,0.09131375981835803
3,7,3,False,0,Benign,6,Spoofing,0.022848122382440553,0.1571363164745094,0.02743729080595953
3,7,3,False,0,Benign,7,Web-Based,0.038529801345229354,0.14261701242948946,0.02886650333331943
3,7,3,False,1,BruteForce,0,Benign,0.09566553338832026,0.1516245156841889,0.10422845740096678
3,7,3,False,1,BruteForce,1,BruteForce,0.5375184699247457,0.20833206625365927,0.4420364598311267
3,7,3,False,1,BruteForce,2,DDoS,0.060526275071367756,0.06867529214652254,0.06434640405943129
3,7,3,False,1,BruteForce,3,DoS,0.02863732756525014,0.03492441736258583,0.04339879802482092
3,7,3,False,1,BruteForce,4,Mirai,0.1423776024435828,0.12209322276636507,0.20464662397004163
3,7,3,False,1,BruteForce,5,Recon,0.06636627531412291,0.09677681745206883,0.08160172798012294
3,7,3,False,1,BruteForce,6,Spoofing,0.023245152414821963,0.14245644504453656,0.028321106426362385
3,7,3,False,1,BruteForce,7,Web-Based,0.04566336387778855,0.17511722329007304,0.03142042230712738
3,7,3,False,2,DDoS,0,Benign,0.039803677478073195,0.07451837486952151,0.05418656669811476
3,7,3,False,2,DDoS,1,BruteForce,0.12348260451353459,0.05069154969371543,0.13362710600047714
3,7,3,False,2,DDoS,2,DDoS,0.6593016846241971,0.5640673094402808,0.6084341304810735
3,7,3,False,2,DDoS,3,DoS,0.019999742902098792,0.06783354548319369,0.029694312183729966
3,7,3,False,2,DDoS,4,Mirai,0.07093000830859626,0.07463613180755525,0.0876212099996208
3,7,3,False,2,DDoS,5,Recon,0.062115937353226576,0.06329653537920413,0.05046877631761053
3,7,3,False,2,DDoS,6,Spoofing,0.009249384117758537,0.053946980031421156,0.016799953749613523
3,7,3,False,2,DDoS,7,Web-Based,0.015116960702514963,0.05100957329510804,0.01916794456975978
3,7,3,False,3,DoS,0,Benign,0.022262980603771344,0.061637060715694636,0.049824806740559134
3,7,3,False,3,DoS,1,BruteForce,0.09897441881684788,0.05875400784336707,0.15871638978004346
3,7,3,False,3,DoS,2,DDoS,0.24062403690825518,0.13910429273946,0.2739374321325671
3,7,3,False,3,DoS,3,DoS,0.5168061071568643,0.5038545430715076,0.2839548812108047
3,7,3,False,3,DoS,4,Mirai,0.07056966559882422,0.08689728981293973,0.14274198998363813
3,7,3,False,3,DoS,5,Recon,0.0258366915599049,0.0432025579497008,0.046865274202214556
3,7,3,False,3,DoS,6,Spoofing,0.011553006176170876,0.07762577189241976,0.018854402550887935
3,7,3,False,3,DoS,7,Web-Based,0.013373093179361426,0.02892447597491041,0.02510482339928486
3,7,3,False,4,Mirai,0,Benign,0.09431072532507095,0.15235713003054904,0.10394801873029945
3,7,3,False,4,Mirai,1,BruteForce,0.40658336605051265,0.1689889186692507,0.3662581022185664
3,7,3,False,4,Mirai,2,DDoS,0.09158596779513672,0.08798770510348525,0.10740728079125414
3,7,3,False,4,Mirai,3,DoS,0.025991691283070967,0.05929658675147397,0.04208730839404158
3,7,3,False,4,Mirai,4,Mirai,0.25998628820904557,0.14782524243475662,0.25034116343665686
3,7,3,False,4,Mirai,5,Recon,0.06248437448831436,0.08271870922543392,0.07377720890383144
3,7,3,False,4,Mirai,6,Spoofing,0.022189178105338114,0.15486021016471826,0.027117561978776256
3,7,3,False,4,Mirai,7,Web-Based,0.03686840874351075,0.14596549762033226,0.029063355546573952
3,7,3,False,5,Recon,0,Benign,0.0908503265220148,0.15436086667987933,0.09756590563366478
3,7,3,False,5,Recon,1,BruteForce,0.5283895048991054,0.18611179210249335,0.4393565922828682
3,7,3,False,5,Recon,2,DDoS,0.05762720911932964,0.0682772306876649,0.06267543526401637
3,7,3,False,5,Recon,3,DoS,0.029214488977165252,0.03687887960612283,0.04463156907363983
3,7,3,False,5,Recon,4,Mirai,0.12998479664109386,0.11220778015176276,0.20565759171174258
3,7,3,False,5,Recon,5,Recon,0.09623245305866412,0.11914700605800639,0.0917340051966015
3,7,3,False,5,Recon,6,Spoofing,0.02200020743425613,0.14005190342357704,0.02682067240807345
3,7,3,False,5,Recon,7,Web-Based,0.045701013348370935,0.1829645412904934,0.03155822842939329
3,7,3,False,6,Spoofing,0,Benign,0.13875718399912795,0.18878664771675194,0.12262083379026725
3,7,3,False,6,Spoofing,1,BruteForce,0.4257314246117269,0.1440383183511768,0.3671513011785513
3,7,3,False,6,Spoofing,2,DDoS,0.052371804260620915,0.07126531063187903,0.07061394487219584
3,7,3,False,6,Spoofing,3,DoS,0.025020757175431948,0.034306715587797874,0.04085530223639366
3,7,3,False,6,Spoofing,4,Mirai,0.17615619588309386,0.1154544708525091,0.2393203767527391
3,7,3,False,6,Spoofing,5,Recon,0.11228730024312689,0.12049882549520163,0.09944266369448852
3,7,3,False,6,Spoofing,6,Spoofing,0.025131424659495707,0.1716283897535243,0.030191004562158057
3,7,3,False,6,Spoofing,7,Web-Based,0.044543909167375835,0.15402132161115933,0.029804572913206245
3,7,3,False,7,Web-Based,0,Benign,0.1271006154838432,0.17835506905371412,0.12166781308232819
3,7,3,False,7,Web-Based,1,BruteForce,0.4342829546429949,0.15375818852587497,0.381819740473302
3,7,3,False,7,Web-Based,2,DDoS,0.061398085663853325,0.07477339169223995,0.08681887661962281
3,7,3,False,7,Web-Based,3,DoS,0.025448822686501,0.035164966663017605,0.03828257697757771
3,7,3,False,7,Web-Based,4,Mirai,0.18231286536062308,0.13017615680592765,0.22489869579251326
3,7,3,False,7,Web-Based,5,Recon,0.10294353113038492,0.11094426755994734,0.08862106663524917
3,7,3,False,7,Web-Based,6,Spoofing,0.023020561469928508,0.1513388817296513,0.027871303862086062
3,7,3,False,7,Web-Based,7,Web-Based,0.043492563561871096,0.16548907796962706,0.030019926557320668
3,7,4,False,0,Benign,0,Benign,0.5269842097385494,0.19778817751981578,0.5079957351917117
3,7,4,False,0,Benign,1,BruteForce,0.018031905663565023,0.13562613339849747,0.01748946183137613
3,7,4,False,0,Benign,2,DDoS,0.015074931652967125,0.08137735639287488,0.021068978105766273
3,7,4,False,0,Benign,3,DoS,0.04370173570610129,0.05766874589002005,0.11805400248392045
3,7,4,False,0,Benign,4,Mirai,0.058131194469956494,0.11223119259845729,0.051857750097300044
3,7,4,False,0,Benign,5,Recon,0.050539501728030414,0.11555506529633569,0.044870356461185056
3,7,4,False,0,Benign,6,Spoofing,0.1594537917410012,0.1571363164745094,0.12974401873056032
3,7,4,False,0,Benign,7,Web-Based,0.12808272929982917,0.14261701242948946,0.10891969709817997
3,7,4,False,1,BruteForce,0,Benign,0.4897342294068774,0.1516245156841889,0.5389955761261209
3,7,4,False,1,BruteForce,1,BruteForce,0.02352521647229838,0.20833206625365927,0.017308943523206857
3,7,4,False,1,BruteForce,2,DDoS,0.015309263646771211,0.06867529214652254,0.019094587480338956
3,7,4,False,1,BruteForce,3,DoS,0.025412814686394076,0.03492441736258583,0.046011712086405
3,7,4,False,1,BruteForce,4,Mirai,0.0631010038569134,0.12209322276636507,0.05660047445349295
3,7,4,False,1,BruteForce,5,Recon,0.05165172541081034,0.09677681745206883,0.04878325819914148
3,7,4,False,1,BruteForce,6,Spoofing,0.1613428363977645,0.14245644504453656,0.13701215473952064
3,7,4,False,1,BruteForce,7,Web-Based,0.16992291012217067,0.17511722329007304,0.13619329339177316
3,7,4,False,2,DDoS,0,Benign,0.15226691771199757,0.07451837486952151,0.24393959575792235
3,7,4,False,2,DDoS,1,BruteForce,0.014920696868073768,0.05069154969371543,0.022141041236417712
3,7,4,False,2,DDoS,2,DDoS,0.591984620753434,0.5640673094402808,0.4235565978710404
3,7,4,False,2,DDoS,3,DoS,0.07058071570888123,0.06783354548319369,0.10550288890410102
3,7,4,False,2,DDoS,4,Mirai,0.03340639997825853,0.07463613180755525,0.038561222616288644
3,7,4,False,2,DDoS,5,Recon,0.024622012096076406,0.06329653537920413,0.031050563041224537
3,7,4,False,2,DDoS,6,Spoofing,0.05380651358055792,0.053946980031421156,0.06882433656623298
3,7,4,False,2,DDoS,7,Web-Based,0.058412123302720505,0.05100957329510804,0.06642375400677236
3,7,4,False,3,DoS,0,Benign,0.05442476519165023,0.061637060715694636,0.07787514820812906
3,7,4,False,3,DoS,1,BruteForce,0.008874995437484143,0.05875400784336707,0.018979474854902208
3,7,4,False,3,DoS,2,DDoS,0.02653144728778956,0.13910429273946,0.028906935572254794
3,7,4,False,3,DoS,3,DoS,0.830728605548693,0.5038545430715076,0.7484607123074821
3,7,4,False,3,DoS,4,Mirai,0.01496341505019603,0.08689728981293973,0.023447361734180414
3,7,4,False,3,DoS,5,Recon,0.009398126166890319,0.0432025579497008,0.01725485135104091
3,7,4,False,3,DoS,6,Spoofing,0.03437826792484484,0.07762577189241976,0.04805986709779222
3,7,4,False,3,DoS,7,Web-Based,0.0207003773924519,0.02892447597491041,0.03701564887421835
3,7,4,False,4,Mirai,0,Benign,0.4789900470435935,0.15235713003054904,0.4965879247066158
3,7,4,False,4,Mirai,1,BruteForce,0.019538751142820682,0.1689889186692507,0.01775053418160157
3,7,4,False,4,Mirai,2,DDoS,0.01601424358659848,0.08798770510348525,0.01977268644247351
3,7,4,False,4,Mirai,3,DoS,0.05136863206581536,0.05929658675147397,0.12263830614322681
3,7,4,False,4,Mirai,4,Mirai,0.10615889097562577,0.14782524243475662,0.05638430205370269
3,7,4,False,4,Mirai,5,Recon,0.041105675175439206,0.08271870922543392,0.04138758345937428
3,7,4,False,4,Mirai,6,Spoofing,0.15718246228683638,0.15486021016471826,0.1311358886537027
3,7,4,False,4,Mirai,7,Web-Based,0.12964129772327074,0.14596549762033226,0.11434277435930258
3,7,4,False,5,Recon,0,Benign,0.4825928288459867,0.15436086667987933,0.5312455447983859
3,7,4,False,5,Recon,1,BruteForce,0.02355977075417168,0.18611179210249335,0.0175746854967464
3,7,4,False,5,Recon,2,DDoS,0.015033416973366555,0.0682772306876649,0.019201740904951983
3,7,4,False,5,Recon,3,DoS,0.02702576541047429,0.03687887960612283,0.051801502990743445
3,7,4,False,5,Recon,4,Mirai,0.056928888891475876,0.11220778015176276,0.05578130400813185
3,7,4,False,5,Recon,5,Recon,0.0714698130986355,0.11914700605800639,0.0544097450669764
3,7,4,False,5,Recon,6,Spoofing,0.14725850793162634,0.14005190342357704,0.13279172107750647
3,7,4,False,5,Recon,7,Web-Based,0.1761310080942631,0.1829645412904934,0.13719375565655736
3,7,4,False,6,Spoofing,0,Benign,0.5069143499537286,0.18878664771675194,0.5367291950120796
3,7,4,False,6,Spoofing,1,BruteForce,0.019094207938916558,0.1440383183511768,0.017387891299526708
3,7,4,False,6,Spoofing,2,DDoS,0.014423637431211235,0.07126531063187903,0.019919672538647067
3,7,4,False,6,Spoofing,3,DoS,0.025896502108215123,0.034306715587797874,0.07140899313666473
3,7,4,False,6,Spoofing,4,Mirai,0.058594451331671266,0.1154544708525091,0.05230154226277583
3,7,4,False,6,Spoofing,5,Recon,0.05124002177702755,0.12049882549520163,0.04718666696582754
3,7,4,False,6,Spoofing,6,Spoofing,0.18406759761469918,0.1716283897535243,0.1407045503825967
3,7,4,False,6,Spoofing,7,Web-Based,0.13976923184453047,0.15402132161115933,0.11436148840188197
3,7,4,False,7,Web-Based,0,Benign,0.509354109648134,0.17835506905371412,0.5452923947553538
3,7,4,False,7,Web-Based,1,BruteForce,0.02011280007610732,0.15375818852587497,0.017324480126832013
3,7,4,False,7,Web-Based,2,DDoS,0.014907662954833032,0.07477339169223995,0.020624852395507213
3,7,4,False,7,Web-Based,3,DoS,0.027002086785652354,0.035164966663017605,0.051402003499636945
3,7,4,False,7,Web-Based,4,Mirai,0.07078589452536399,0.13017615680592765,0.05589367899116845
3,7,4,False,7,Web-Based,5,Recon,0.04956478966279594,0.11094426755994734,0.04665063687173556
3,7,4,False,7,Web-Based,6,Spoofing,0.15506887194593846,0.1513388817296513,0.134926452910806
3,7,4,False,7,Web-Based,7,Web-Based,0.15320378440117505,0.16548907796962706,0.12788550044896002
3,7,5,False,0,Benign,0,Benign,0.34478026733332934,0.19778817751981578,0.3783280723088211
3,7,5,False,0,Benign,1,BruteForce,0.010099758028002602,0.13562613339849747,0.017547510079094965
3,7,5,False,0,Benign,2,DDoS,0.03255899511842057,0.08137735639287488,0.051107934128251306
3,7,5,False,0,Benign,3,DoS,0.01003496882842297,0.05766874589002005,0.01959878619832978
3,7,5,False,0,Benign,4,Mirai,0.019689848253760286,0.11223119259845729,0.02363074014508072
3,7,5,False,0,Benign,5,Recon,0.0732018914724933,0.11555506529633569,0.0744806952042887
3,7,5,False,0,Benign,6,Spoofing,0.4956069665547382,0.1571363164745094,0.41640980896830043
3,7,5,False,0,Benign,7,Web-Based,0.014027304410832659,0.14261701242948946,0.018896452967833058
3,7,5,False,1,BruteForce,0,Benign,0.33427357463614255,0.1516245156841889,0.4220793397155259
3,7,5,False,1,BruteForce,1,BruteForce,0.011782834277764168,0.20833206625365927,0.017452424571843622
3,7,5,False,1,BruteForce,2,DDoS,0.016250537690766908,0.06867529214652254,0.030756218001764053
3,7,5,False,1,BruteForce,3,DoS,0.009256846435759709,0.03492441736258583,0.019057952971509008
3,7,5,False,1,BruteForce,4,Mirai,0.020124840540402915,0.12209322276636507,0.02385929989556012
3,7,5,False,1,BruteForce,5,Recon,0.07338179146593862,0.09677681745206883,0.0768380145216068
3,7,5,False,1,BruteForce,6,Spoofing,0.5193338263033095,0.14245644504453656,0.3907260856561628
3,7,5,False,1,BruteForce,7,Web-Based,0.015595748649915647,0.17511722329007304,0.019230664666027766
3,7,5,False,2,DDoS,0,Benign,0.1052686886765722,0.07451837486952151,0.15728459891530153
3,7,5,False,2,DDoS,1,BruteForce,0.008967840166254829,0.05069154969371543,0.020081329595853403
3,7,5,False,2,DDoS,2,DDoS,0.6408544900211799,0.5640673094402808,0.5617724981376889
3,7,5,False,2,DDoS,3,DoS,0.006953117504823857,0.06783354548319369,0.012859254036653837
3,7,5,False,2,DDoS,4,Mirai,0.010939296273175664,0.07463613180755525,0.019400251437496654
3,7,5,False,2,DDoS,5,Recon,0.048774086368062436,0.06329653537920413,0.04233680995181692
3,7,5,False,2,DDoS,6,Spoofing,0.17050525456208807,0.053946980031421156,0.17072499753583964
3,7,5,False,2,DDoS,7,Web-Based,0.007737226427843067,0.05100957329510804,0.01554026038934899
3,7,5,False,3,DoS,0,Benign,0.06708483625966283,0.061637060715694636,0.1521870865087781
3,7,5,False,3,DoS,1,BruteForce,0.014101857591665828,0.05875400784336707,0.02707200618051485
3,7,5,False,3,DoS,2,DDoS,0.09891819617940192,0.13910429273946,0.14666000047508393
3,7,5,False,3,DoS,3,DoS,0.4174242755137962,0.5038545430715076,0.18098746353411105
3,7,5,False,3,DoS,4,Mirai,0.010879966314354297,0.08689728981293973,0.0225941413864522
3,7,5,False,3,DoS,5,Recon,0.024432755394565814,0.0432025579497008,0.047561405360367064
3,7,5,False,3,DoS,6,Spoofing,0.35770085228459303,0.07762577189241976,0.40015524914078443
3,7,5,False,3,DoS,7,Web-Based,0.009457260461960198,0.02892447597491041,0.02278264741390845
3,7,5,False,4,Mirai,0,Benign,0.30963575390401377,0.15235713003054904,0.3881948853418603
3,7,5,False,4,Mirai,1,BruteForce,0.010895353733357224,0.1689889186692507,0.017591480932306197
3,7,5,False,4,Mirai,2,DDoS,0.03277700299959474,0.08798770510348525,0.04069487135055433
3,7,5,False,4,Mirai,3,DoS,0.009944329668230119,0.05929658675147397,0.019884109120460344
3,7,5,False,4,Mirai,4,Mirai,0.02361241967735,0.14782524243475662,0.024656434139932532
3,7,5,False,4,Mirai,5,Recon,0.058199051342901424,0.08271870922543392,0.0680386101742592
3,7,5,False,4,Mirai,6,Spoofing,0.5409431452090061,0.15486021016471826,0.422302547286838
3,7,5,False,4,Mirai,7,Web-Based,0.01399294346554664,0.14596549762033226,0.01863706165378906
3,7,5,False,5,Recon,0,Benign,0.34448465527788213,0.15436086667987933,0.4165851513257524
3,7,5,False,5,Recon,1,BruteForce,0.011949926498066275,0.18611179210249335,0.017232907660537707
3,7,5,False,5,Recon,2,DDoS,0.016148078123523462,0.0682772306876649,0.030855083847475456
3,7,5,False,5,Recon,3,DoS,0.009573902453961823,0.03687887960612283,0.01930504435685354
3,7,5,False,5,Recon,4,Mirai,0.01946535919472026,0.11220778015176276,0.023053352050397432
3,7,5,False,5,Recon,5,Recon,0.11325434994623412,0.11914700605800639,0.09082699923357593
3,7,5,False,5,Recon,6,Spoofing,0.4685473817939045,0.14005190342357704,0.3830407149459981
3,7,5,False,5,Recon,7,Web-Based,0.0165763467117075,0.1829645412904934,0.019100746579409494
3,7,5,False,6,Spoofing,0,Benign,0.321377380803416,0.18878664771675194,0.384339731543249
3,7,5,False,6,Spoofing,1,BruteForce,0.0100821804976693,0.1440383183511768,0.017071650158905514
3,7,5,False,6,Spoofing,2,DDoS,0.015821263847644814,0.07126531063187903,0.03154310353527155
3,7,5,False,6,Spoofing,3,DoS,0.009329202952146448,0.034306715587797874,0.01963870014916002
3,7,5,False,6,Spoofing,4,Mirai,0.01921448675786107,0.1154544708525091,0.02363134532308709
3,7,5,False,6,Spoofing,5,Recon,0.0716677712870042,0.12049882549520163,0.07216007608053722
3,7,5,False,6,Spoofing,6,Spoofing,0.5385084447080947,0.1716283897535243,0.4330544183475924
3,7,5,False,6,Spoofing,7,Web-Based,0.013999269146163505,0.15402132161115933,0.018560974862197207
3,7,5,False,7,Web-Based,0,Benign,0.35040275809957117,0.17835506905371412,0.4216269510220606
3,7,5,False,7,Web-Based,1,BruteForce,0.010740665858437443,0.15375818852587497,0.01734601397073613
3,7,5,False,7,Web-Based,2,DDoS,0.01725662475912891,0.07477339169223995,0.033328462487528146
3,7,5,False,7,Web-Based,3,DoS,0.00948284140567271,0.035164966663017605,0.019046315251843134
3,7,5,False,7,Web-Based,4,Mirai,0.021754090268940495,0.13017615680592765,0.02389689832549251
3,7,5,False,7,Web-Based,5,Recon,0.06978278190986213,0.11094426755994734,0.07154520334700588
3,7,5,False,7,Web-Based,6,Spoofing,0.5056616219484845,0.1513388817296513,0.3943679879536759
3,7,5,False,7,Web-Based,7,Web-Based,0.014918615749902593,0.16548907796962706,0.018842167641657553
3,7,6,False,0,Benign,0,Benign,0.605339955736098,0.19778817751981578,0.5635906685768259
3,7,6,False,0,Benign,1,BruteForce,0.08358067040040126,0.13562613339849747,0.07299659075803594
3,7,6,False,0,Benign,2,DDoS,0.015592909112637943,0.08137735639287488,0.022728536544494627
3,7,6,False,0,Benign,3,DoS,0.02098801879621469,0.05766874589002005,0.031804090117990215
3,7,6,False,0,Benign,4,Mirai,0.2274438015190578,0.11223119259845729,0.2587297366439052
3,7,6,False,0,Benign,5,Recon,0.019025788708879287,0.11555506529633569,0.018895481360983485
3,7,6,False,0,Benign,6,Spoofing,0.014937898108043949,0.1571363164745094,0.0177701765605472
3,7,6,False,0,Benign,7,Web-Based,0.013090957618667135,0.14261701242948946,0.01348471943721746
3,7,6,False,1,BruteForce,0,Benign,0.557436826162865,0.1516245156841889,0.5549714020686299
3,7,6,False,1,BruteForce,1,BruteForce,0.11560865293615481,0.20833206625365927,0.08560280046420034
3,7,6,False,1,BruteForce,2,DDoS,0.017395023355550297,0.06867529214652254,0.021062767913920828
3,7,6,False,1,BruteForce,3,DoS,0.011823169161854385,0.03492441736258583,0.02567387307698594
3,7,6,False,1,BruteForce,4,Mirai,0.24851061208809935,0.12209322276636507,0.26100076552171436
3,7,6,False,1,BruteForce,5,Recon,0.018147905301743147,0.09677681745206883,0.019051100528756047
3,7,6,False,1,BruteForce,6,Spoofing,0.015571060712722636,0.14245644504453656,0.018381569423341976
3,7,6,False,1,BruteForce,7,Web-Based,0.015506750281010461,0.17511722329007304,0.014255721002450587
3,7,6,False,2,DDoS,0,Benign,0.2752721152171762,0.07451837486952151,0.4202436186435445
3,7,6,False,2,DDoS,1,BruteForce,0.04669616956546192,0.05069154969371543,0.05236872798432571
3,7,6,False,2,DDoS,2,DDoS,0.35700427651962857,0.5640673094402808,0.18140853702907217
3,7,6,False,2,DDoS,3,DoS,0.03946436441888561,0.06783354548319369,0.03450566219496077
3,7,6,False,2,DDoS,4,Mirai,0.2440614771633711,0.07463613180755525,0.2590831465024586
3,7,6,False,2,DDoS,5,Recon,0.014138684922364248,0.06329653537920413,0.018087462278336484
3,7,6,False,2,DDoS,6,Spoofing,0.011621466119418018,0.053946980031421156,0.017904361348387392
3,7,6,False,2,DDoS,7,Web-Based,0.011741446073694279,0.05100957329510804,0.016398484018914375
3,7,6,False,3,DoS,0,Benign,0.11586340322480518,0.061637060715694636,0.25688272991575484
3,7,6,False,3,DoS,1,BruteForce,0.03911766846455602,0.05875400784336707,0.06691429012445817
3,7,6,False,3,DoS,2,DDoS,0.02103708721533975,0.13910429273946,0.040240292913036796
3,7,6,False,3,DoS,3,DoS,0.6737627107161736,0.5038545430715076,0.3115024818327052
3,7,6,False,3,DoS,4,Mirai,0.11905197043065387,0.08689728981293973,0.26550556668029934
3,7,6,False,3,DoS,5,Recon,0.009960879274748344,0.0432025579497008,0.02110137052285292
3,7,6,False,3,DoS,6,Spoofing,0.011007086935266808,0.07762577189241976,0.018396588269915543
3,7,6,False,3,DoS,7,Web-Based,0.010199193738456607,0.02892447597491041,0.019456679740977197
3,7,6,False,4,Mirai,0,Benign,0.4835413600646311,0.15235713003054904,0.5069725828697176
3,7,6,False,4,Mirai,1,BruteForce,0.09013644159292326,0.1689889186692507,0.07708283150685984
3,7,6,False,4,Mirai,2,DDoS,0.01813281510694187,0.08798770510348525,0.023175436673754362
3,7,6,False,4,Mirai,3,DoS,0.015528157181742991,0.05929658675147397,0.029480894384506
3,7,6,False,4,Mirai,4,Mirai,0.3483530196704591,0.14782524243475662,0.31307240406737114
3,7,6,False,4,Mirai,5,Recon,0.01613845847937109,0.08271870922543392,0.018484869990236578
3,7,6,False,4,Mirai,6,Spoofing,0.014782146118380825,0.15486021016471826,0.017907721722121184
3,7,6,False,4,Mirai,7,Web-Based,0.013387601785549662,0.14596549762033226,0.013823258785433315
3,7,6,False,5,Recon,0,Benign,0.5597652405750241,0.15436086667987933,0.5511247022879678
3,7,6,False,5,Recon,1,BruteForce,0.12051012687434745,0.18611179210249335,0.08735828671699891
3,7,6,False,5,Recon,2,DDoS,0.01769930538317266,0.0682772306876649,0.021377815255414247
3,7,6,False,5,Recon,3,DoS,0.013078728548377704,0.03687887960612283,0.026286416125428317
3,7,6,False,5,Recon,4,Mirai,0.23571061963502976,0.11220778015176276,0.2618948779018005
3,7,6,False,5,Recon,5,Recon,0.021904407259620746,0.11914700605800639,0.019279064524510857
3,7,6,False,5,Recon,6,Spoofing,0.015354474649801967,0.14005190342357704,0.018291903731509438
3,7,6,False,5,Recon,7,Web-Based,0.015977097074625746,0.1829645412904934,0.014386933456370042
3,7,6,False,6,Spoofing,0,Benign,0.6029763596802388,0.18878664771675194,0.574631586254015
3,7,6,False,6,Spoofing,1,BruteForce,0.08948574034714912,0.1440383183511768,0.07334502540275967
3,7,6,False,6,Spoofing,2,DDoS,0.015123527219011812,0.07126531063187903,0.02158222435786873
3,7,6,False,6,Spoofing,3,DoS,0.012371741966742664,0.034306715587797874,0.026679753006541466
3,7,6,False,6,Spoofing,4,Mirai,0.23301029710061663,0.1154544708525091,0.2542762647531606
3,7,6,False,6,Spoofing,5,Recon,0.018875728951924256,0.12049882549520163,0.01860513125670131
3,7,6,False,6,Spoofing,6,Spoofing,0.014588552354940248,0.1716283897535243,0.017691682519896265
3,7,6,False,6,Spoofing,7,Web-Based,0.01356805237937657,0.15402132161115933,0.013188332449056994
3,7,6,False,7,Web-Based,0,Benign,0.565441953560308,0.17835506905371412,0.5607980975870772
3,7,6,False,7,Web-Based,1,BruteForce,0.0922504989029053,0.15375818852587497,0.07829739978430017
3,7,6,False,7,Web-Based,2,DDoS,0.015586715202369804,0.07477339169223995,0.021601190255963076
3,7,6,False,7,Web-Based,3,DoS,0.011766746413519531,0.035164966663017605,0.024415889745459884
3,7,6,False,7,Web-Based,4,Mirai,0.2688132200597399,0.13017615680592765,0.26472536396730617
3,7,6,False,7,Web-Based,5,Recon,0.01787023699181473,0.11094426755994734,0.01866916262239674
3,7,6,False,7,Web-Based,6,Spoofing,0.014541091454785939,0.1513388817296513,0.01774326431444597
3,7,6,False,7,Web-Based,7,Web-Based,0.013729537414556752,0.16548907796962706,0.013749631723050777
3,7,7,True,0,Benign,0,Benign,0.08672916370455246,0.19778817751981578,0.1612130099482367
3,7,7,True,0,Benign,1,BruteForce,0.25393164704704235,0.13562613339849747,0.021549698594711935
3,7,7,True,0,Benign,2,DDoS,0.1653350423726734,0.08137735639287488,0.21755281072488927
3,7,7,True,0,Benign,3,DoS,0.04401970308344128,0.05766874589002005,0.0507713524334422
3,7,7,True,0,Benign,4,Mirai,0.06573063998860472,0.11223119259845729,0.10149800229687622
3,7,7,True,0,Benign,5,Recon,0.061563008602593304,0.11555506529633569,0.08915834590119735
3,7,7,True,0,Benign,6,Spoofing,0.09858159896863583,0.1571363164745094,0.2752811876886586
3,7,7,True,0,Benign,7,Web-Based,0.22410919623245676,0.14261701242948946,0.0829755924119876
3,7,7,True,1,BruteForce,0,Benign,0.08381567649840604,0.1516245156841889,0.17216505788819655
3,7,7,True,1,BruteForce,1,BruteForce,0.26870807251328804,0.20833206625365927,0.023489184260006412
3,7,7,True,1,BruteForce,2,DDoS,0.1510242849229813,0.06867529214652254,0.1782194383822207
3,7,7,True,1,BruteForce,3,DoS,0.04295342267961439,0.03492441736258583,0.02107490955539629
3,7,7,True,1,BruteForce,4,Mirai,0.06713390099465827,0.12209322276636507,0.11609453677926099
3,7,7,True,1,BruteForce,5,Recon,0.06043875912301322,0.09677681745206883,0.10624656030471129
3,7,7,True,1,BruteForce,6,Spoofing,0.09657912745448839,0.14245644504453656,0.27772178577655626
3,7,7,True,1,BruteForce,7,Web-Based,0.22934675581355032,0.17511722329007304,0.10498852705365155
3,7,7,True,2,DDoS,0,Benign,0.07030742288808275,0.07451837486952151,0.05957168728630258
3,7,7,True,2,DDoS,1,BruteForce,0.2257944242277157,0.05069154969371543,0.018248559763005344
3,7,7,True,2,DDoS,2,DDoS,0.24985549479965374,0.5640673094402808,0.6887717265507326
3,7,7,True,2,DDoS,3,DoS,0.05968339068003287,0.06783354548319369,0.027932282682672043
3,7,7,True,2,DDoS,4,Mirai,0.05629118457950734,0.07463613180755525,0.04457647051358587
3,7,7,True,2,DDoS,5,Recon,0.05859096792602043,0.06329653537920413,0.04837520167158278
3,7,7,True,2,DDoS,6,Spoofing,0.0723917127789904,0.053946980031421156,0.07689998253077296
3,7,7,True,2,DDoS,7,Web-Based,0.20708540211999688,0.05100957329510804,0.03562408900134586
3,7,7,True,3,DoS,0,Benign,0.05762142763475234,0.061637060715694636,0.042044694103497406
3,7,7,True,3,DoS,1,BruteForce,0.23752804331922547,0.05875400784336707,0.022903262186133883
3,7,7,True,3,DoS,2,DDoS,0.21928809629580037,0.13910429273946,0.29928914497879966
3,7,7,True,3,DoS,3,DoS,0.10006025848161598,0.5038545430715076,0.39409129704328877
3,7,7,True,3,DoS,4,Mirai,0.06082184237701029,0.08689728981293973,0.046517135311820994
3,7,7,True,3,DoS,5,Recon,0.04668570980779984,0.0432025579497008,0.03586961341078116
3,7,7,True,3,DoS,6,Spoofing,0.07411237492512522,0.07762577189241976,0.11958088099153534
3,7,7,True,3,DoS,7,Web-Based,0.20388224715867054,0.02892447597491041,0.03970397197414285
3,7,7,True,4,Mirai,0,Benign,0.08175944225956167,0.15235713003054904,0.15803829928626134
3,7,7,True,4,Mirai,1,BruteForce,0.2613329555692059,0.1689889186692507,0.02324967474085569
3,7,7,True,4,Mirai,2,DDoS,0.16650341126801385,0.08798770510348525,0.21429951582599055
3,7,7,True,4,Mirai,3,DoS,0.04459356193360481,0.05929658675147397,0.04786313847895252
3,7,7,True,4,Mirai,4,Mirai,0.0712102626711481,0.14782524243475662,0.12158082011883178
3,7,7,True,4,Mirai,5,Recon,0.057107583353255956,0.08271870922543392,0.07913860738665386
3,7,7,True,4,Mirai,6,Spoofing,0.09778803590078808,0.15486021016471826,0.2673355405055664
3,7,7,True,4,Mirai,7,Web-Based,0.2197047470444217,0.14596549762033226,0.08849440365688792
3,7,7,True,5,Recon,0,Benign,0.08303135902500139,0.15436086667987933,0.16933151293432142
3,7,7,True,5,Recon,1,BruteForce,0.26885661203004785,0.18611179210249335,0.023268371573153347
3,7,7,True,5,Recon,2,DDoS,0.150194650163215,0.0682772306876649,0.17770704044744995
3,7,7,True,5,Recon,3,DoS,0.04303123967536748,0.03687887960612283,0.021267034241298704
3,7,7,True,5,Recon,4,Mirai,0.06619489544697725,0.11220778015176276,0.11627460050720387
3,7,7,True,5,Recon,5,Recon,0.062474515905801276,0.11914700605800639,0.12369832313348705
3,7,7,True,5,Recon,6,Spoofing,0.09573680595037837,0.14005190342357704,0.26291838932884415
3,7,7,True,5,Recon,7,Web-Based,0.23047992180321136,0.1829645412904934,0.10553472783424149
3,7,7,True,6,Spoofing,0,Benign,0.08625120847516526,0.18878664771675194,0.17501644461271487
3,7,7,True,6,Spoofing,1,BruteForce,0.25542183427179055,0.1440383183511768,0.021484065384614778
3,7,7,True,6,Spoofing,2,DDoS,0.15398690547713348,0.07126531063187903,0.15969167991808367
3,7,7,True,6,Spoofing,3,DoS,0.042738150547247666,0.034306715587797874,0.040222036031223
3,7,7,True,6,Spoofing,4,Mirai,0.06869150197775699,0.1154544708525091,0.10437302873967663
3,7,7,True,6,Spoofing,5,Recon,0.06236584553544777,0.12049882549520163,0.09595536247509695
3,7,7,True,6,Spoofing,6,Spoofing,0.10368310440773415,0.1716283897535243,0.3146634533266313
3,7,7,True,6,Spoofing,7,Web-Based,0.2268614493077242,0.15402132161115933,0.0885939295119589
3,7,7,True,7,Web-Based,0,Benign,0.08656435771025583,0.17835506905371412,0.1783952917633801
3,7,7,True,7,Web-Based,1,BruteForce,0.2571945247885603,0.15375818852587497,0.02330923188089099
3,7,7,True,7,Web-Based,2,DDoS,0.1542169820573365,0.07477339169223995,0.1826001336201361
3,7,7,True,7,Web-Based,3,DoS,0.04281748738225385,0.035164966663017605,0.024411332109139233
3,7,7,True,7,Web-Based,4,Mirai,0.06826315619882942,0.13017615680592765,0.11430485638861031
3,7,7,True,7,Web-Based,5,Recon,0.06191381492403888,0.11094426755994734,0.09879631550710012
3,7,7,True,7,Web-Based,6,Spoofing,0.09844925567617008,0.1513388817296513,0.28042700437631257
3,7,7,True,7,Web-Based,7,Web-Based,0.2305804212625552,0.16548907796962706,0.09775583435443067
3,7,8,True,0,Benign,0,Benign,0.0565028898362707,0.19778817751981578,0.019132850159553263
3,7,8,True,0,Benign,1,BruteForce,0.24769589216605595,0.13562613339849747,0.016068908819353574
3,7,8,True,0,Benign,2,DDoS,0.062416929787492505,0.08137735639287488,0.04439965505164727
3,7,8,True,0,Benign,3,DoS,0.05524052596911013,0.05766874589002005,0.056110536479231185
3,7,8,True,0,Benign,4,Mirai,0.06870683211755964,0.11223119259845729,0.02349910412323074
3,7,8,True,0,Benign,5,Recon,0.06102216997353852,0.11555506529633569,0.03706211308079212
3,7,8,True,0,Benign,6,Spoofing,0.22138631423219998,0.1571363164745094,0.7847352431503148
3,7,8,True,0,Benign,7,Web-Based,0.22702844591777263,0.14261701242948946,0.0189915891358769
3,7,8,True,1,BruteForce,0,Benign,0.054607264058473916,0.1516245156841889,0.017743662669092622
3,7,8,True,1,BruteForce,1,BruteForce,0.26056803550321983,0.20833206625365927,0.012867881546379339
3,7,8,True,1,BruteForce,2,DDoS,0.05664450428598242,0.06867529214652254,0.021160047750757877
3,7,8,True,1,BruteForce,3,DoS,0.05525639842586313,0.03492441736258583,0.028157277884586593
3,7,8,True,1,BruteForce,4,Mirai,0.06858884972812831,0.12209322276636507,0.02336187849024363
3,7,8,True,1,BruteForce,5,Recon,0.060458103717854345,0.09677681745206883,0.03457158621983451
3,7,8,True,1,BruteForce,6,Spoofing,0.21336680021013107,0.14245644504453656,0.8435205502423192
3,7,8,True,1,BruteForce,7,Web-Based,0.23051004407034706,0.17511722329007304,0.018617115196786365
3,7,8,True,2,DDoS,0,Benign,0.044935097940466316,0.07451837486952151,0.024591890673603345
3,7,8,True,2,DDoS,1,BruteForce,0.23368570654730492,0.05069154969371543,0.020488245038388166
3,7,8,True,2,DDoS,2,DDoS,0.20899277356930934,0.5640673094402808,0.5738390966700034
3,7,8,True,2,DDoS,3,DoS,0.07264445510580729,0.06783354548319369,0.03673158361827515
3,7,8,True,2,DDoS,4,Mirai,0.058065326924955724,0.07463613180755525,0.020919818015688825
3,7,8,True,2,DDoS,5,Recon,0.04812428928812889,0.06329653537920413,0.0387585856693685
3,7,8,True,2,DDoS,6,Spoofing,0.14568611046859506,0.053946980031421156,0.2685450562657869
3,7,8,True,2,DDoS,7,Web-Based,0.1878662401554325,0.05100957329510804,0.016125724048885598
3,7,8,True,3,DoS,0,Benign,0.039863427658810645,0.061637060715694636,0.016584975605900075
3,7,8,True,3,DoS,1,BruteForce,0.23814652255735003,0.05875400784336707,0.02787357350144254
3,7,8,True,3,DoS,2,DDoS,0.08253000499272968,0.13910429273946,0.12449545436992798
3,7,8,True,3,DoS,3,DoS,0.12827727807081737,0.5038545430715076,0.412110294493304
3,7,8,True,3,DoS,4,Mirai,0.07945867323949052,0.08689728981293973,0.023082992246806874
3,7,8,True,3,DoS,5,Recon,0.044675571379901684,0.0432025579497008,0.026149152840062008
3,7,8,True,3,DoS,6,Spoofing,0.1541312866394676,0.07762577189241976,0.35010463360183147
3,7,8,True,3,DoS,7,Web-Based,0.2329172354614325,0.02892447597491041,0.019598923340725164
3,7,8,True,4,Mirai,0,Benign,0.05281407647972439,0.15235713003054904,0.017301721504134907
3,7,8,True,4,Mirai,1,BruteForce,0.25095604400447535,0.1689889186692507,0.014990765983382903
3,7,8,True,4,Mirai,2,DDoS,0.0635548446167288,0.08798770510348525,0.03027142230568031
3,7,8,True,4,Mirai,3,DoS,0.056623694746124005,0.05929658675147397,0.053350498446353464
3,7,8,True,4,Mirai,4,Mirai,0.07682976249147039,0.14782524243475662,0.02456751041949872
3,7,8,True,4,Mirai,5,Recon,0.05597236542228432,0.08271870922543392,0.029649843710601795
3,7,8,True,4,Mirai,6,Spoofing,0.21683715532682238,0.15486021016471826,0.8112694934879471
3,7,8,True,4,Mirai,7,Web-Based,0.22641205691237046,0.14596549762033226,0.018598744142400783
3,7,8,True,5,Recon,0,Benign,0.053356465727095355,0.15436086667987933,0.017602542741750285
3,7,8,True,5,Recon,1,BruteForce,0.2634172309335953,0.18611179210249335,0.01298889133185358
3,7,8,True,5,Recon,2,DDoS,0.055947179665758136,0.0682772306876649,0.021295275993342844
3,7,8,True,5,Recon,3,DoS,0.05595137080226315,0.03687887960612283,0.029473546456429113
3,7,8,True,5,Recon,4,Mirai,0.06833057930628031,0.11220778015176276,0.02327832259421718
3,7,8,True,5,Recon,5,Recon,0.062262831871295894,0.11914700605800639,0.04548564476427263
3,7,8,True,5,Recon,6,Spoofing,0.20897930792151445,0.14005190342357704,0.8312604056001496
3,7,8,True,5,Recon,7,Web-Based,0.23175503377219733,0.1829645412904934,0.01861537051798485
3,7,8,True,6,Spoofing,0,Benign,0.0552503718661957,0.18878664771675194,0.017410521247189895
3,7,8,True,6,Spoofing,1,BruteForce,0.24653058876864686,0.1440383183511768,0.013890804576603797
3,7,8,True,6,Spoofing,2,DDoS,0.05786794086096461,0.07126531063187903,0.023166008602391583
3,7,8,True,6,Spoofing,3,DoS,0.0544602416852329,0.034306715587797874,0.04595798976193486
3,7,8,True,6,Spoofing,4,Mirai,0.07132707556058758,0.1154544708525091,0.02247485021861084
3,7,8,True,6,Spoofing,5,Recon,0.061274783181713595,0.12049882549520163,0.03455568325209396
3,7,8,True,6,Spoofing,6,Spoofing,0.22333279768165956,0.1716283897535243,0.8245215541322589
3,7,8,True,6,Spoofing,7,Web-Based,0.22995620039499923,0.15402132161115933,0.018022588208916227
3,7,8,True,7,Web-Based,0,Benign,0.05467366194613664,0.17835506905371412,0.018232554288658505
3,7,8,True,7,Web-Based,1,BruteForce,0.2501354773557054,0.15375818852587497,0.01344827549494716
3,7,8,True,7,Web-Based,2,DDoS,0.058712949158236764,0.07477339169223995,0.02607464544333082
3,7,8,True,7,Web-Based,3,DoS,0.055531087732756265,0.035164966663017605,0.03205878397403811
3,7,8,True,7,Web-Based,4,Mirai,0.0705979054685307,0.13017615680592765,0.02303780961405717
3,7,8,True,7,Web-Based,5,Recon,0.05997775562252354,0.11094426755994734,0.03465418902166594
3,7,8,True,7,Web-Based,6,Spoofing,0.21631345978503272,0.1513388817296513,0.8337732576626405
3,7,8,True,7,Web-Based,7,Web-Based,0.2340577029310779,0.16548907796962706,0.01872048450066193
3,7,9,False,0,Benign,0,Benign,0.2578360814244414,0.19778817751981578,0.212708631315114
3,7,9,False,0,Benign,1,BruteForce,0.0034496506135789696,0.13562613339849747,0.0057487095059489636
3,7,9,False,0,Benign,2,DDoS,0.008337052461814409,0.08137735639287488,0.012474645677882902
3,7,9,False,0,Benign,3,DoS,0.0030927958796526955,0.05766874589002005,0.006082180136627195
3,7,9,False,0,Benign,4,Mirai,0.5193496882720828,0.11223119259845729,0.5442726249294527
3,7,9,False,0,Benign,5,Recon,0.116958380745875,0.11555506529633569,0.12353066180708568
3,7,9,False,0,Benign,6,Spoofing,0.08687407823488134,0.1571363164745094,0.08814688706657811
3,7,9,False,0,Benign,7,Web-Based,0.004102272367673357,0.14261701242948946,0.007035659561310454
3,7,9,False,1,BruteForce,0,Benign,0.23078772130802552,0.1516245156841889,0.19643140381446048
3,7,9,False,1,BruteForce,1,BruteForce,0.0035859223365356588,0.20833206625365927,0.005420658974589235
3,7,9,False,1,BruteForce,2,DDoS,0.004530642124200693,0.06867529214652254,0.006972007456531547
3,7,9,False,1,BruteForce,3,DoS,0.0026256510360671147,0.03492441736258583,0.005533962313056571
3,7,9,False,1,BruteForce,4,Mirai,0.5619037370094865,0.12209322276636507,0.5796708218206121
3,7,9,False,1,BruteForce,5,Recon,0.11476557628638935,0.09677681745206883,0.11622772955673638
3,7,9,False,1,BruteForce,6,Spoofing,0.07761257503819788,0.14245644504453656,0.0831422568850313
3,7,9,False,1,BruteForce,7,Web-Based,0.004188174861097483,0.17511722329007304,0.006601159178982361
3,7,9,False,2,DDoS,0,Benign,0.06049050252118398,0.07451837486952151,0.07378109127923523
3,7,9,False,2,DDoS,1,BruteForce,0.005002613289029561,0.05069154969371543,0.010804158511400564
3,7,9,False,2,DDoS,2,DDoS,0.5570358608796199,0.5640673094402808,0.5145861140339755
3,7,9,False,2,DDoS,3,DoS,0.004212868206301037,0.06783354548319369,0.007623311259983734
3,7,9,False,2,DDoS,4,Mirai,0.29234236218421694,0.07463613180755525,0.265180145327734
3,7,9,False,2,DDoS,5,Recon,0.04813781570823342,0.06329653537920413,0.06938093456303068
3,7,9,False,2,DDoS,6,Spoofing,0.02829278334223026,0.053946980031421156,0.04814830975089366
3,7,9,False,2,DDoS,7,Web-Based,0.004485193869185047,0.05100957329510804,0.010495935273746787
3,7,9,False,3,DoS,0,Benign,0.05488597898227283,0.061637060715694636,0.06597761485226326
3,7,9,False,3,DoS,1,BruteForce,0.007278092375663748,0.05875400784336707,0.007601240551088666
3,7,9,False,3,DoS,2,DDoS,0.11357057335399537,0.13910429273946,0.0885159228871596
3,7,9,False,3,DoS,3,DoS,0.035271363471424,0.5038545430715076,0.010185430516659743
3,7,9,False,3,DoS,4,Mirai,0.6028027061475983,0.08689728981293973,0.6278306998648712
3,7,9,False,3,DoS,5,Recon,0.03469244566950184,0.0432025579497008,0.04921960120497947
3,7,9,False,3,DoS,6,Spoofing,0.14361406635953072,0.07762577189241976,0.1410816114877004
3,7,9,False,3,DoS,7,Web-Based,0.007884773640013283,0.02892447597491041,0.009587878635277698
3,7,9,False,4,Mirai,0,Benign,0.15552265662053444,0.15235713003054904,0.15665054209698429
3,7,9,False,4,Mirai,1,BruteForce,0.002522639666402822,0.1689889186692507,0.004262151925292362
3,7,9,False,4,Mirai,2,DDoS,0.005338436470500915,0.08798770510348525,0.007815598967478177
3,7,9,False,4,Mirai,3,DoS,0.0024581173303957777,0.05929658675147397,0.004755756169192422
3,7,9,False,4,Mirai,4,Mirai,0.7327470025964586,0.14782524243475662,0.7019238838520995
3,7,9,False,4,Mirai,5,Recon,0.04363977893028362,0.08271870922543392,0.054753709471234764
3,7,9,False,4,Mirai,6,Spoofing,0.05447666947164713,0.15486021016471826,0.06372590334822469
3,7,9,False,4,Mirai,7,Web-Based,0.0032946989137767166,0.14596549762033226,0.006112454169493804
3,7,9,False,5,Recon,0,Benign,0.2167342291433838,0.15436086667987933,0.18533707283203812
3,7,9,False,5,Recon,1,BruteForce,0.00398655822491283,0.18611179210249335,0.005850890664782675
3,7,9,False,5,Recon,2,DDoS,0.004123209991207022,0.0682772306876649,0.006644792733948009
3,7,9,False,5,Recon,3,DoS,0.0027084026540025825,0.03687887960612283,0.005533990742806916
3,7,9,False,5,Recon,4,Mirai,0.4598048093381096,0.11220778015176276,0.5104705615668697
3,7,9,False,5,Recon,5,Recon,0.2285600202121585,0.11914700605800639,0.20107210707856
3,7,9,False,5,Recon,6,Spoofing,0.07985130226078166,0.14005190342357704,0.07872758222176585
3,7,9,False,5,Recon,7,Web-Based,0.004231468175443999,0.1829645412904934,0.0063630021592289395
3,7,9,False,6,Spoofing,0,Benign,0.2256142336796974,0.18878664771675194,0.2129752411877739
3,7,9,False,6,Spoofing,1,BruteForce,0.003521058989933209,0.1440383183511768,0.005594561604115943
3,7,9,False,6,Spoofing,2,DDoS,0.004561403435995552,0.07126531063187903,0.007003732231253415
3,7,9,False,6,Spoofing,3,DoS,0.0029466021350491424,0.034306715587797874,0.005646586458114659
3,7,9,False,6,Spoofing,4,Mirai,0.5020009164631372,0.1154544708525091,0.5270247029692076
3,7,9,False,6,Spoofing,5,Recon,0.1395277971393793,0.12049882549520163,0.13388392227429521
3,7,9,False,6,Spoofing,6,Spoofing,0.11733843364383273,0.1716283897535243,0.10103837489641995
3,7,9,False,6,Spoofing,7,Web-Based,0.004489554512975557,0.15402132161115933,0.006832878378819363
3,7,9,False,7,Web-Based,0,Benign,0.18754764711195582,0.17835506905371412,0.20573941393174097
3,7,9,False,7,Web-Based,1,BruteForce,0.002842531119890563,0.15375818852587497,0.004988285031987422
3,7,9,False,7,Web-Based,2,DDoS,0.004673486233067496,0.07477339169223995,0.0078520559200081
3,7,9,False,7,Web-Based,3,DoS,0.00265876570224489,0.035164966663017605,0.0050920035248949455
3,7,9,False,7,Web-Based,4,Mirai,0.6236148834234522,0.13017615680592765,0.5967359652309505
3,7,9,False,7,Web-Based,5,Recon,0.08926115112178644,0.11094426755994734,0.09912271282795135
3,7,9,False,7,Web-Based,6,Spoofing,0.08566539059569289,0.1513388817296513,0.07408300743614007
3,7,9,False,7,Web-Based,7,Web-Based,0.0037361446919097776,0.16548907796962706,0.006386556096326617
3,7,10,True,0,Benign,0,Benign,0.050771631181153624,0.19778817751981578,0.022270045567745377
3,7,10,True,0,Benign,1,BruteForce,0.23448678065341746,0.13562613339849747,0.019048116147505827
3,7,10,True,0,Benign,2,DDoS,0.056493412887196254,0.08137735639287488,0.058264932055389435
3,7,10,True,0,Benign,3,DoS,0.0540288124253171,0.05766874589002005,0.04369451153948292
3,7,10,True,0,Benign,4,Mirai,0.07438399637952624,0.11223119259845729,0.07935026555243353
3,7,10,True,0,Benign,5,Recon,0.08434524182877419,0.11555506529633569,0.13568543610090097
3,7,10,True,0,Benign,6,Spoofing,0.1340195585996142,0.1571363164745094,0.3294301928385613
3,7,10,True,0,Benign,7,Web-Based,0.31147056604500095,0.14261701242948946,0.3122565001979806
3,7,10,True,1,BruteForce,0,Benign,0.04851456455215478,0.1516245156841889,0.021395882591181345
3,7,10,True,1,BruteForce,1,BruteForce,0.24051466264981228,0.20833206625365927,0.01820485343619936
3,7,10,True,1,BruteForce,2,DDoS,0.052695652948224515,0.06867529214652254,0.027800501153444554
3,7,10,True,1,BruteForce,3,DoS,0.05346754080554403,0.03492441736258583,0.030508297120172185
3,7,10,True,1,BruteForce,4,Mirai,0.07556741732559198,0.12209322276636507,0.09075246456452916
3,7,10,True,1,BruteForce,5,Recon,0.08208372115502065,0.09677681745206883,0.1355921528596097
3,7,10,True,1,BruteForce,6,Spoofing,0.12389101065494347,0.14245644504453656,0.2919583863509789
3,7,10,True,1,BruteForce,7,Web-Based,0.3232654299087083,0.17511722329007304,0.38378746192388474
3,7,10,True,2,DDoS,0,Benign,0.04938082630641658,0.07451837486952151,0.02146354989899178
3,7,10,True,2,DDoS,1,BruteForce,0.23380535432638103,0.05069154969371543,0.021106456308982644
3,7,10,True,2,DDoS,2,DDoS,0.12253373463528733,0.5640673094402808,0.6022786062618589
3,7,10,True,2,DDoS,3,DoS,0.06900142235729306,0.06783354548319369,0.024344013283275748
3,7,10,True,2,DDoS,4,Mirai,0.06794487204025544,0.07463613180755525,0.040499910327815074
3,7,10,True,2,DDoS,5,Recon,0.07632287536646619,0.06329653537920413,0.05963832227706456
3,7,10,True,2,DDoS,6,Spoofing,0.10070107322560061,0.053946980031421156,0.10744966039347457
3,7,10,True,2,DDoS,7,Web-Based,0.28030984174229984,0.05100957329510804,0.12321948124853671
3,7,10,True,3,DoS,0,Benign,0.03582822089356049,0.061637060715694636,0.016524256399403355
3,7,10,True,3,DoS,1,BruteForce,0.22758877397707367,0.05875400784336707,0.024251685421476613
3,7,10,True,3,DoS,2,DDoS,0.07512717958324679,0.13910429273946,0.1921524231437968
3,7,10,True,3,DoS,3,DoS,0.16896027389918514,0.5038545430715076,0.3432196650431296
3,7,10,True,3,DoS,4,Mirai,0.0697332705147255,0.08689728981293973,0.04899223425140833
3,7,10,True,3,DoS,5,Recon,0.0607141755181226,0.0432025579497008,0.06773421950960029
3,7,10,True,3,DoS,6,Spoofing,0.11458296161906878,0.07762577189241976,0.18115959177665295
3,7,10,True,3,DoS,7,Web-Based,0.24746514399501707,0.02892447597491041,0.12596592445453203
3,7,10,True,4,Mirai,0,Benign,0.047428452113675176,0.15235713003054904,0.020906360869143853
3,7,10,True,4,Mirai,1,BruteForce,0.23680776865010392,0.1689889186692507,0.018484991654150906
3,7,10,True,4,Mirai,2,DDoS,0.05717270247310484,0.08798770510348525,0.04526853483889094
3,7,10,True,4,Mirai,3,DoS,0.05525741410538464,0.05929658675147397,0.04057060523043271
3,7,10,True,4,Mirai,4,Mirai,0.08305903150176218,0.14782524243475662,0.0930199027442174
3,7,10,True,4,Mirai,5,Recon,0.07645280449040703,0.08271870922543392,0.1230947051897784
3,7,10,True,4,Mirai,6,Spoofing,0.13149709411702712,0.15486021016471826,0.32823821797470715
3,7,10,True,4,Mirai,7,Web-Based,0.312324732548535,0.14596549762033226,0.33041668149867864
3,7,10,True,5,Recon,0,Benign,0.04720415679427931,0.15436086667987933,0.021000630285856473
3,7,10,True,5,Recon,1,BruteForce,0.23940013182139785,0.18611179210249335,0.01812983451842123
3,7,10,True,5,Recon,2,DDoS,0.05230862298296313,0.0682772306876649,0.027754586994734036
3,7,10,True,5,Recon,3,DoS,0.05385912077181777,0.03687887960612283,0.031053758674665574
3,7,10,True,5,Recon,4,Mirai,0.07508410019885355,0.11220778015176276,0.08863199214013308
3,7,10,True,5,Recon,5,Recon,0.08522654891033155,0.11914700605800639,0.1505426834996439
3,7,10,True,5,Recon,6,Spoofing,0.12115560759773705,0.14005190342357704,0.2842386896914777
3,7,10,True,5,Recon,7,Web-Based,0.32576171092261985,0.1829645412904934,0.37864782419506804
3,7,10,True,6,Spoofing,0,Benign,0.04973359213712286,0.18878664771675194,0.0219464716626074
3,7,10,True,6,Spoofing,1,BruteForce,0.23174632534528777,0.1440383183511768,0.017590292229546802
3,7,10,True,6,Spoofing,2,DDoS,0.05339857443058958,0.07126531063187903,0.02732242244704799
3,7,10,True,6,Spoofing,3,DoS,0.05306228189197066,0.034306715587797874,0.03497819372947385
3,7,10,True,6,Spoofing,4,Mirai,0.07663231138471954,0.1154544708525091,0.08108459950483436
3,7,10,True,6,Spoofing,5,Recon,0.08410243458003665,0.12049882549520163,0.13512999372248
3,7,10,True,6,Spoofing,6,Spoofing,0.13738858034707363,0.1716283897535243,0.34700179629198724
3,7,10,True,6,Spoofing,7,Web-Based,0.3139358998831994,0.15402132161115933,0.33494623041202237
3,7,10,True,7,Web-Based,0,Benign,0.049297517051524076,0.17835506905371412,0.02233567399325899
3,7,10,True,7,Web-Based,1,BruteForce,0.23211315244891143,0.15375818852587497,0.017738799278910797
3,7,10,True,7,Web-Based,2,DDoS,0.053217000738375576,0.07477339169223995,0.02980222971691401
3,7,10,True,7,Web-Based,3,DoS,0.05253223289201845,0.035164966663017605,0.031205773506683104
3,7,10,True,7,Web-Based,4,Mirai,0.07744320329215228,0.13017615680592765,0.08933694551850077
3,7,10,True,7,Web-Based,5,Recon,0.08320648429248033,0.11094426755994734,0.13496437980333795
3,7,10,True,7,Web-Based,6,Spoofing,0.1272828504078939,0.1513388817296513,0.30979530381561704
3,7,10,True,7,Web-Based,7,Web-Based,0.3249075588766441,0.16548907796962706,0.3648208943667773
3,7,11,False,0,Benign,0,Benign,0.5788242966553905,0.19778817751981578,0.5054759344795156
3,7,11,False,0,Benign,1,BruteForce,0.004502318708829187,0.13562613339849747,0.007462605127298825
3,7,11,False,0,Benign,2,DDoS,0.005844872505337883,0.08137735639287488,0.010640381605379423
3,7,11,False,0,Benign,3,DoS,0.006327482889804367,0.05766874589002005,0.014780983180301552
3,7,11,False,0,Benign,4,Mirai,0.07742808907694389,0.11223119259845729,0.08417180931879836
3,7,11,False,0,Benign,5,Recon,0.08604804592420044,0.11555506529633569,0.1373969726142291
3,7,11,False,0,Benign,6,Spoofing,0.23583699064229982,0.1571363164745094,0.23190462746669555
3,7,11,False,0,Benign,7,Web-Based,0.005187903597194009,0.14261701242948946,0.008166686207781701
3,7,11,False,1,BruteForce,0,Benign,0.555602625043334,0.1516245156841889,0.5106147524192624
3,7,11,False,1,BruteForce,1,BruteForce,0.005064682364196704,0.20833206625365927,0.007222023432318588
3,7,11,False,1,BruteForce,2,DDoS,0.005100015691903141,0.06867529214652254,0.009715753075438184
3,7,11,False,1,BruteForce,3,DoS,0.004498807931386921,0.03492441736258583,0.00845695820506947
3,7,11,False,1,BruteForce,4,Mirai,0.0967387624221837,0.12209322276636507,0.08771126418285896
3,7,11,False,1,BruteForce,5,Recon,0.08042540261224594,0.09677681745206883,0.13823024944282974
3,7,11,False,1,BruteForce,6,Spoofing,0.2470028358997565,0.14245644504453656,0.23020952939325387
3,7,11,False,1,BruteForce,7,Web-Based,0.00556686803499313,0.17511722329007304,0.00783946984896885
3,7,11,False,2,DDoS,0,Benign,0.20764379605354807,0.07451837486952151,0.391693033549768
3,7,11,False,2,DDoS,1,BruteForce,0.007996166191374734,0.05069154969371543,0.012270970192291
3,7,11,False,2,DDoS,2,DDoS,0.5094228307873961,0.5640673094402808,0.14293445703506732
3,7,11,False,2,DDoS,3,DoS,0.020893956058050365,0.06783354548319369,0.0346928188460991
3,7,11,False,2,DDoS,4,Mirai,0.09704990010086599,0.07463613180755525,0.08264899631452405
3,7,11,False,2,DDoS,5,Recon,0.052742622277962205,0.06329653537920413,0.10654715777236783
3,7,11,False,2,DDoS,6,Spoofing,0.09710216155886219,0.053946980031421156,0.2163560792426348
3,7,11,False,2,DDoS,7,Web-Based,0.007148566971940184,0.05100957329510804,0.012856487047247967
3,7,11,False,3,DoS,0,Benign,0.07187087599667952,0.061637060715694636,0.10309353673587984
3,7,11,False,3,DoS,1,BruteForce,0.008700633442957623,0.05875400784336707,0.016412016849813423
3,7,11,False,3,DoS,2,DDoS,0.01415491295810626,0.13910429273946,0.01715386702274042
3,7,11,False,3,DoS,3,DoS,0.659201409669974,0.5038545430715076,0.4905930896630506
3,7,11,False,3,DoS,4,Mirai,0.052163187427961895,0.08689728981293973,0.06735126521196996
3,7,11,False,3,DoS,5,Recon,0.02052285729271696,0.0432025579497008,0.03254476557324266
3,7,11,False,3,DoS,6,Spoofing,0.1677040249920562,0.07762577189241976,0.2576296574068613
3,7,11,False,3,DoS,7,Web-Based,0.005682098219547497,0.02892447597491041,0.015221801536441816
3,7,11,False,4,Mirai,0,Benign,0.51665889297918,0.15235713003054904,0.4930178028074896
3,7,11,False,4,Mirai,1,BruteForce,0.004744801117189349,0.1689889186692507,0.007418595071505128
3,7,11,False,4,Mirai,2,DDoS,0.0063533102276048135,0.08798770510348525,0.010673475310734544
3,7,11,False,4,Mirai,3,DoS,0.006857641436409242,0.05929658675147397,0.017015575176746667
3,7,11,False,4,Mirai,4,Mirai,0.17332343202797226,0.14782524243475662,0.12286600958710883
3,7,11,False,4,Mirai,5,Recon,0.049551557614624646,0.08271870922543392,0.08906886765228121
3,7,11,False,4,Mirai,6,Spoofing,0.2369483440228863,0.15486021016471826,0.2510653933064498
3,7,11,False,4,Mirai,7,Web-Based,0.005562020574133395,0.14596549762033226,0.008874281087684113
3,7,11,False,5,Recon,0,Benign,0.5272330634545522,0.15436086667987933,0.4927068831424751
3,7,11,False,5,Recon,1,BruteForce,0.004916795442333892,0.18611179210249335,0.00742554195106978
3,7,11,False,5,Recon,2,DDoS,0.004641030433755983,0.0682772306876649,0.009624595886530429
3,7,11,False,5,Recon,3,DoS,0.004379673548416135,0.03687887960612283,0.008328389430311143
3,7,11,False,5,Recon,4,Mirai,0.07420803462722957,0.11220778015176276,0.08341663457695307
3,7,11,False,5,Recon,5,Recon,0.16010050195157421,0.11914700605800639,0.18752957396487546
3,7,11,False,5,Recon,6,Spoofing,0.21904753982003977,0.14005190342357704,0.20326917878805226
3,7,11,False,5,Recon,7,Web-Based,0.005473360722098169,0.1829645412904934,0.0076992022597328095
3,7,11,False,6,Spoofing,0,Benign,0.508258063488157,0.18878664771675194,0.48286301836284756
3,7,11,False,6,Spoofing,1,BruteForce,0.0044965615819509185,0.1440383183511768,0.007235802502337834
3,7,11,False,6,Spoofing,2,DDoS,0.005268848821621976,0.07126531063187903,0.009895507549570342
3,7,11,False,6,Spoofing,3,DoS,0.004857789703789388,0.034306715587797874,0.009983399578093499
3,7,11,False,6,Spoofing,4,Mirai,0.07313099733626892,0.1154544708525091,0.0785594528290734
3,7,11,False,6,Spoofing,5,Recon,0.09336733711570082,0.12049882549520163,0.12942968868645746
3,7,11,False,6,Spoofing,6,Spoofing,0.3051010855106229,0.1716283897535243,0.2740407670468335
3,7,11,False,6,Spoofing,7,Web-Based,0.005519316441888065,0.15402132161115933,0.007992363444786446
3,7,11,False,7,Web-Based,0,Benign,0.5586189188198917,0.17835506905371412,0.5289669156973816
3,7,11,False,7,Web-Based,1,BruteForce,0.0044484413167654524,0.15375818852587497,0.006997340482420253
3,7,11,False,7,Web-Based,2,DDoS,0.005508939208422274,0.07477339169223995,0.009770151186618404
3,7,11,False,7,Web-Based,3,DoS,0.005143839649031814,0.035164966663017605,0.009807038889836544
3,7,11,False,7,Web-Based,4,Mirai,0.10627863713181461,0.13017615680592765,0.09178229978131258
3,7,11,False,7,Web-Based,5,Recon,0.06962348262561431,0.11094426755994734,0.12418983171646154
3,7,11,False,7,Web-Based,6,Spoofing,0.24481785507546686,0.1513388817296513,0.2204966630762761
3,7,11,False,7,Web-Based,7,Web-Based,0.0055598861729930045,0.16548907796962706,0.007989759169692986
3,7,12,False,0,Benign,0,Benign,0.025825692765030495,0.19778817751981578,0.026462665550044947
3,7,12,False,0,Benign,1,BruteForce,0.008028026301255308,0.13562613339849747,0.012055694095309408
3,7,12,False,0,Benign,2,DDoS,0.008905008335313151,0.08137735639287488,0.014718325348589106
3,7,12,False,0,Benign,3,DoS,0.04133449518167582,0.05766874589002005,0.09649944847369452
3,7,12,False,0,Benign,4,Mirai,0.5139994328604643,0.11223119259845729,0.497085396462591
3,7,12,False,0,Benign,5,Recon,0.11318754253929637,0.11555506529633569,0.12355267580960916
3,7,12,False,0,Benign,6,Spoofing,0.22594674622662778,0.1571363164745094,0.18046671219629276
3,7,12,False,0,Benign,7,Web-Based,0.0627730557903367,0.14261701242948946,0.04915908206386924
3,7,12,False,1,BruteForce,0,Benign,0.02246614211956551,0.1516245156841889,0.025107642284793254
3,7,12,False,1,BruteForce,1,BruteForce,0.00995579736590445,0.20833206625365927,0.01200549613060556
3,7,12,False,1,BruteForce,2,DDoS,0.008543888319341183,0.06867529214652254,0.013128686943424587
3,7,12,False,1,BruteForce,3,DoS,0.01756609416358187,0.03492441736258583,0.029005819762036804
3,7,12,False,1,BruteForce,4,Mirai,0.5525102476359391,0.12209322276636507,0.5528058772746978
3,7,12,False,1,BruteForce,5,Recon,0.08211063497747684,0.09677681745206883,0.13472743978366244
3,7,12,False,1,BruteForce,6,Spoofing,0.2208893392514089,0.14245644504453656,0.17409356481768265
3,7,12,False,1,BruteForce,7,Web-Based,0.0859578561667821,0.17511722329007304,0.059125473003096875
3,7,12,False,2,DDoS,0,Benign,0.013855214341071556,0.07451837486952151,0.030003869943939145
3,7,12,False,2,DDoS,1,BruteForce,0.01123731992848928,0.05069154969371543,0.017771132103718997
3,7,12,False,2,DDoS,2,DDoS,0.5003192536543034,0.5640673094402808,0.3171184497345759
3,7,12,False,2,DDoS,3,DoS,0.10564845098900026,0.06783354548319369,0.10086297956612204
3,7,12,False,2,DDoS,4,Mirai,0.22594707040878226,0.07463613180755525,0.3132603556709456
3,7,12,False,2,DDoS,5,Recon,0.05786194167594428,0.06329653537920413,0.09257944457817051
3,7,12,False,2,DDoS,6,Spoofing,0.05803584940148457,0.053946980031421156,0.08977983377810282
3,7,12,False,2,DDoS,7,Web-Based,0.027094899600924382,0.05100957329510804,0.03862393462442499
3,7,12,False,3,DoS,0,Benign,0.005395810012277377,0.061637060715694636,0.010999057746118568
3,7,12,False,3,DoS,1,BruteForce,0.007461218355259927,0.05875400784336707,0.0175514269892811
3,7,12,False,3,DoS,2,DDoS,0.012255035443979172,0.13910429273946,0.020152437677119866
3,7,12,False,3,DoS,3,DoS,0.8542348423492818,0.5038545430715076,0.7022069929548109
3,7,12,False,3,DoS,4,Mirai,0.05874160803368311,0.08689728981293973,0.11680458200945516
3,7,12,False,3,DoS,5,Recon,0.020814948181575813,0.0432025579497008,0.03703591624944796
3,7,12,False,3,DoS,6,Spoofing,0.02947895937800613,0.07762577189241976,0.07279207348035582
3,7,12,False,3,DoS,7,Web-Based,0.011617578245936675,0.02892447597491041,0.022457512893410584
3,7,12,False,4,Mirai,0,Benign,0.020290786433538443,0.15235713003054904,0.02594305074139693
3,7,12,False,4,Mirai,1,BruteForce,0.006685094965734968,0.1689889186692507,0.010684721840303734
3,7,12,False,4,Mirai,2,DDoS,0.009659774530586127,0.08798770510348525,0.015048815664166753
3,7,12,False,4,Mirai,3,DoS,0.02125988012466365,0.05929658675147397,0.0529732702800002
3,7,12,False,4,Mirai,4,Mirai,0.6766373659144725,0.14782524243475662,0.6064310047794048
3,7,12,False,4,Mirai,5,Recon,0.05644116916447669,0.08271870922543392,0.095220632058516
3,7,12,False,4,Mirai,6,Spoofing,0.1628865140970641,0.15486021016471826,0.14817769204580464
3,7,12,False,4,Mirai,7,Web-Based,0.04613941476946342,0.14596549762033226,0.045520812590406794
3,7,12,False,5,Recon,0,Benign,0.022084452749900882,0.15436086667987933,0.023632525474858623
3,7,12,False,5,Recon,1,BruteForce,0.010154516198106159,0.18611179210249335,0.012284384474508312
3,7,12,False,5,Recon,2,DDoS,0.008471704814150879,0.0682772306876649,0.01318532466708884
3,7,12,False,5,Recon,3,DoS,0.020229293147129204,0.03687887960612283,0.0314168214343716
3,7,12,False,5,Recon,4,Mirai,0.5016657675548006,0.11220778015176276,0.5370038599406017
3,7,12,False,5,Recon,5,Recon,0.12896479988345189,0.11914700605800639,0.16281062096259766
3,7,12,False,5,Recon,6,Spoofing,0.21182377968500918,0.14005190342357704,0.1625838537369057
3,7,12,False,5,Recon,7,Web-Based,0.09660568596745119,0.1829645412904934,0.05708260930906753
3,7,12,False,6,Spoofing,0,Benign,0.023976400087631414,0.18878664771675194,0.026469107199742777
3,7,12,False,6,Spoofing,1,BruteForce,0.008405302357172417,0.1440383183511768,0.011622460802595755
3,7,12,False,6,Spoofing,2,DDoS,0.007944544532950322,0.07126531063187903,0.013628173719736776
3,7,12,False,6,Spoofing,3,DoS,0.02005213869937376,0.034306715587797874,0.05960305714089781
3,7,12,False,6,Spoofing,4,Mirai,0.48221793211686775,0.1154544708525091,0.49415070750533713
3,7,12,False,6,Spoofing,5,Recon,0.1158270111539022,0.12049882549520163,0.1245803767133329
3,7,12,False,6,Spoofing,6,Spoofing,0.2668833693211344,0.1716283897535243,0.2142325937076371
3,7,12,False,6,Spoofing,7,Web-Based,0.0746933017309678,0.15402132161115933,0.05571352321071982
3,7,12,False,7,Web-Based,0,Benign,0.022361417941991615,0.17835506905371412,0.02641490311951378
3,7,12,False,7,Web-Based,1,BruteForce,0.00767863989689186,0.15375818852587497,0.011202996129719044
3,7,12,False,7,Web-Based,2,DDoS,0.008522328449112158,0.07477339169223995,0.013888644164304482
3,7,12,False,7,Web-Based,3,DoS,0.019320346330775333,0.035164966663017605,0.03456977866360679
3,7,12,False,7,Web-Based,4,Mirai,0.5757875018193436,0.13017615680592765,0.5575893799557168
3,7,12,False,7,Web-Based,5,Recon,0.09811459113647858,0.11094426755994734,0.13010916216150645
3,7,12,False,7,Web-Based,6,Spoofing,0.19891670986976337,0.1513388817296513,0.1695661573199577
3,7,12,False,7,Web-Based,7,Web-Based,0.06929846455564356,0.16548907796962706,0.056658978485675054
3,7,13,False,0,Benign,0,Benign,0.05692654415080217,0.19778817751981578,0.06055386004083888
3,7,13,False,0,Benign,1,BruteForce,0.11640868286359905,0.13562613339849747,0.09363316921225759
3,7,13,False,0,Benign,2,DDoS,0.05760409838458631,0.08137735639287488,0.06796401271045555
3,7,13,False,0,Benign,3,DoS,0.011900138527065797,0.05766874589002005,0.01536906606727667
3,7,13,False,0,Benign,4,Mirai,0.0452144057945788,0.11223119259845729,0.05432285348042039
3,7,13,False,0,Benign,5,Recon,0.36343129449849737,0.11555506529633569,0.39795739412411263
3,7,13,False,0,Benign,6,Spoofing,0.14885014537089492,0.1571363164745094,0.1273448450201094
3,7,13,False,0,Benign,7,Web-Based,0.19966469040997556,0.14261701242948946,0.18285479934452892
3,7,13,False,1,BruteForce,0,Benign,0.060652369928450724,0.1516245156841889,0.06219007911701284
3,7,13,False,1,BruteForce,1,BruteForce,0.17222367572461963,0.20833206625365927,0.11360017528602807
3,7,13,False,1,BruteForce,2,DDoS,0.029356683392931498,0.06867529214652254,0.024879683051240126
3,7,13,False,1,BruteForce,3,DoS,0.014571645803451896,0.03492441736258583,0.01628907518567972
3,7,13,False,1,BruteForce,4,Mirai,0.05216621951646594,0.12209322276636507,0.05909321433342645
3,7,13,False,1,BruteForce,5,Recon,0.28886020931130035,0.09677681745206883,0.39380068182300615
3,7,13,False,1,BruteForce,6,Spoofing,0.12645501180938437,0.14245644504453656,0.1127826349398934
3,7,13,False,1,BruteForce,7,Web-Based,0.2557141845133956,0.17511722329007304,0.21736445626371323
3,7,13,False,2,DDoS,0,Benign,0.01974723615946377,0.07451837486952151,0.029645218230663097
3,7,13,False,2,DDoS,1,BruteForce,0.04404724029834146,0.05069154969371543,0.044390003608591314
3,7,13,False,2,DDoS,2,DDoS,0.676724521357676,0.5640673094402808,0.6352909363725004
3,7,13,False,2,DDoS,3,DoS,0.0061020983421342994,0.06783354548319369,0.010503117844130891
3,7,13,False,2,DDoS,4,Mirai,0.022216646413121856,0.07463613180755525,0.02860493938647318
3,7,13,False,2,DDoS,5,Recon,0.12835834652329114,0.06329653537920413,0.13708271084685927
3,7,13,False,2,DDoS,6,Spoofing,0.04120791722016988,0.053946980031421156,0.05030055513476766
3,7,13,False,2,DDoS,7,Web-Based,0.061595993685801584,0.05100957329510804,0.06418251857601417
3,7,13,False,3,DoS,0,Benign,0.016399163086572684,0.061637060715694636,0.03233971978002759
3,7,13,False,3,DoS,1,BruteForce,0.055745587070893644,0.05875400784336707,0.05300713177743538
3,7,13,False,3,DoS,2,DDoS,0.2994536273611083,0.13910429273946,0.2691257299968779
3,7,13,False,3,DoS,3,DoS,0.2955762459518585,0.5038545430715076,0.05076355300514008
3,7,13,False,3,DoS,4,Mirai,0.05862141715713762,0.08689728981293973,0.061014517512999064
3,7,13,False,3,DoS,5,Recon,0.08904389788691368,0.0432025579497008,0.29218726986237215
3,7,13,False,3,DoS,6,Spoofing,0.12162887167454638,0.07762577189241976,0.11358387417877497
3,7,13,False,3,DoS,7,Web-Based,0.06353118981096921,0.02892447597491041,0.12797820388637293
3,7,13,False,4,Mirai,0,Benign,0.05646007195721764,0.15235713003054904,0.06505704215425251
3,7,13,False,4,Mirai,1,BruteForce,0.15187417074312282,0.1689889186692507,0.10857552825100836
3,7,13,False,4,Mirai,2,DDoS,0.07013513113058516,0.08798770510348525,0.054829259904598894
3,7,13,False,4,Mirai,3,DoS,0.013899419051412976,0.05929658675147397,0.01631967809243778
3,7,13,False,4,Mirai,4,Mirai,0.08718147887091623,0.14782524243475662,0.06634550226409335
3,7,13,False,4,Mirai,5,Recon,0.2738333849106993,0.08271870922543392,0.36094686593090997
3,7,13,False,4,Mirai,6,Spoofing,0.13815523451971445,0.15486021016471826,0.12982506029211566
3,7,13,False,4,Mirai,7,Web-Based,0.20846110881633154,0.14596549762033226,0.19810106311058343
3,7,13,False,5,Recon,0,Benign,0.056000440217135676,0.15436086667987933,0.058890944199925195
3,7,13,False,5,Recon,1,BruteForce,0.14915936113393413,0.18611179210249335,0.10996258594731881
3,7,13,False,5,Recon,2,DDoS,0.026124337044115608,0.0682772306876649,0.024575459907588162
3,7,13,False,5,Recon,3,DoS,0.013621124001021676,0.03687887960612283,0.016073495926865418
3,7,13,False,5,Recon,4,Mirai,0.04728614629860056,0.11220778015176276,0.05682780049595466
3,7,13,False,5,Recon,5,Recon,0.3491084182942041,0.11914700605800639,0.4166202590929207
3,7,13,False,5,Recon,6,Spoofing,0.1178422062142805,0.14005190342357704,0.10761596507282863
3,7,13,False,5,Recon,7,Web-Based,0.24085796679670776,0.1829645412904934,0.20943348935659842
3,7,13,False,6,Spoofing,0,Benign,0.0551973368384755,0.18878664771675194,0.05824697724820248
3,7,13,False,6,Spoofing,1,BruteForce,0.11947885990572629,0.1440383183511768,0.09347761890614228
3,7,13,False,6,Spoofing,2,DDoS,0.023554682722624877,0.07126531063187903,0.023553621414356338
3,7,13,False,6,Spoofing,3,DoS,0.012052952688080938,0.034306715587797874,0.015169114494199247
3,7,13,False,6,Spoofing,4,Mirai,0.04565613578653541,0.1154544708525091,0.05348185281645945
3,7,13,False,6,Spoofing,5,Recon,0.37934868511669007,0.12049882549520163,0.4310847366068133
3,7,13,False,6,Spoofing,6,Spoofing,0.1500940201985326,0.1716283897535243,0.12784485484416347
3,7,13,False,6,Spoofing,7,Web-Based,0.21461732674333445,0.15402132161115933,0.19714122366966352
3,7,13,False,7,Web-Based,0,Benign,0.058549028980372904,0.17835506905371412,0.06390660193207431
3,7,13,False,7,Web-Based,1,BruteForce,0.1370901657494097,0.15375818852587497,0.10607394555793523
3,7,13,False,7,Web-Based,2,DDoS,0.028956222502561715,0.07477339169223995,0.030251013981192044
3,7,13,False,7,Web-Based,3,DoS,0.012706706992979181,0.035164966663017605,0.015764724610940636
3,7,13,False,7,Web-Based,4,Mirai,0.0568641273893634,0.13017615680592765,0.05832549336769389
3,7,13,False,7,Web-Based,5,Recon,0.338943234932671,0.11094426755994734,0.40326458703784607
3,7,13,False,7,Web-Based,6,Spoofing,0.13429105494447305,0.1513388817296513,0.11685334765521006
3,7,13,False,7,Web-Based,7,Web-Based,0.23259945850816918,0.16548907796962706,0.20556028585710787
3,7,14,True,0,Benign,0,Benign,0.10600795517643455,0.19778817751981578,0.1480594796370353
3,7,14,True,0,Benign,1,BruteForce,0.30908251849681295,0.13562613339849747,0.09103057403818236
3,7,14,True,0,Benign,2,DDoS,0.0780760362221875,0.08137735639287488,0.13501037934870694
3,7,14,True,0,Benign,3,DoS,0.05175940250768957,0.05766874589002005,0.08956857574426136
3,7,14,True,0,Benign,4,Mirai,0.07774226943952939,0.11223119259845729,0.15442565169066882
3,7,14,True,0,Benign,5,Recon,0.08432762701113244,0.11555506529633569,0.16030056009055077
3,7,14,True,0,Benign,6,Spoofing,0.041599045005841294,0.1571363164745094,0.031531698583245976
3,7,14,True,0,Benign,7,Web-Based,0.25140514614037235,0.14261701242948946,0.19007308086734842
3,7,14,True,1,BruteForce,0,Benign,0.0933312929245173,0.1516245156841889,0.15016749450818784
3,7,14,True,1,BruteForce,1,BruteForce,0.34011817627861846,0.20833206625365927,0.11283321346819068
3,7,14,True,1,BruteForce,2,DDoS,0.07203424416645694,0.06867529214652254,0.09277722713760264
3,7,14,True,1,BruteForce,3,DoS,0.04750464994617576,0.03492441736258583,0.04227046551479721
3,7,14,True,1,BruteForce,4,Mirai,0.08149076319878966,0.12209322276636507,0.1726806064477769
3,7,14,True,1,BruteForce,5,Recon,0.07639309799433416,0.09677681745206883,0.15484809839740113
3,7,14,True,1,BruteForce,6,Spoofing,0.03874017439661279,0.14245644504453656,0.03177492365119014
3,7,14,True,1,BruteForce,7,Web-Based,0.25038760109449487,0.17511722329007304,0.24264797087485346
3,7,14,True,2,DDoS,0,Benign,0.07912924669862391,0.07451837486952151,0.05504383470168419
3,7,14,True,2,DDoS,1,BruteForce,0.2351701161602152,0.05069154969371543,0.04343006115053119
3,7,14,True,2,DDoS,2,DDoS,0.18791925272224785,0.5640673094402808,0.6399708418223041
3,7,14,True,2,DDoS,3,DoS,0.08803048188746397,0.06783354548319369,0.049627131916077385
3,7,14,True,2,DDoS,4,Mirai,0.06566195474218756,0.07463613180755525,0.06286634217661555
3,7,14,True,2,DDoS,5,Recon,0.07785657430492936,0.06329653537920413,0.059088950315579924
3,7,14,True,2,DDoS,6,Spoofing,0.036908065611485394,0.053946980031421156,0.016241914274441712
3,7,14,True,2,DDoS,7,Web-Based,0.22932430787284683,0.05100957329510804,0.07373092364276607
3,7,14,True,3,DoS,0,Benign,0.05961257405394044,0.061637060715694636,0.036745108652393624
3,7,14,True,3,DoS,1,BruteForce,0.24212755733971697,0.05875400784336707,0.04923689543867314
3,7,14,True,3,DoS,2,DDoS,0.11841032404293611,0.13910429273946,0.2189361691991132
3,7,14,True,3,DoS,3,DoS,0.1727186941772844,0.5038545430715076,0.4824966946835219
3,7,14,True,3,DoS,4,Mirai,0.07275293210844463,0.08689728981293973,0.06901901062078761
3,7,14,True,3,DoS,5,Recon,0.060136447159305315,0.0432025579497008,0.05468298899091042
3,7,14,True,3,DoS,6,Spoofing,0.04276122464293156,0.07762577189241976,0.018572282182331694
3,7,14,True,3,DoS,7,Web-Based,0.23148024647544063,0.02892447597491041,0.07031085023226843
3,7,14,True,4,Mirai,0,Benign,0.09381050782321775,0.15235713003054904,0.14558260732719783
3,7,14,True,4,Mirai,1,BruteForce,0.32343008413188706,0.1689889186692507,0.10089984082769843
3,7,14,True,4,Mirai,2,DDoS,0.081596425224535,0.08798770510348525,0.132365923533683
3,7,14,True,4,Mirai,3,DoS,0.05105786197924012,0.05929658675147397,0.07981239993660168
3,7,14,True,4,Mirai,4,Mirai,0.09032485101063203,0.14782524243475662,0.1897777612426273
3,7,14,True,4,Mirai,5,Recon,0.07339123256912607,0.08271870922543392,0.12823493531298275
3,7,14,True,4,Mirai,6,Spoofing,0.03954865413024095,0.15486021016471826,0.03008714133987326
3,7,14,True,4,Mirai,7,Web-Based,0.24684038313112103,0.14596549762033226,0.1932393904793358
3,7,14,True,5,Recon,0,Benign,0.09200925458186238,0.15436086667987933,0.14467575747633607
3,7,14,True,5,Recon,1,BruteForce,0.33985010798420645,0.18611179210249335,0.1141463146584827
3,7,14,True,5,Recon,2,DDoS,0.07068996226532781,0.0682772306876649,0.09065836586990135
3,7,14,True,5,Recon,3,DoS,0.048050866948804026,0.03687887960612283,0.0434782976751668
3,7,14,True,5,Recon,4,Mirai,0.07956775733819371,0.11220778015176276,0.16795692760821904
3,7,14,True,5,Recon,5,Recon,0.08056308762584717,0.11914700605800639,0.16936905507596675
3,7,14,True,5,Recon,6,Spoofing,0.03766764241287423,0.14005190342357704,0.03200187725743563
3,7,14,True,5,Recon,7,Web-Based,0.2516013208428843,0.1829645412904934,0.2377134043784918
3,7,14,True,6,Spoofing,0,Benign,0.10335479479848934,0.18878664771675194,0.15515672168342898
3,7,14,True,6,Spoofing,1,BruteForce,0.3115796019772608,0.1440383183511768,0.09402456146783492
3,7,14,True,6,Spoofing,2,DDoS,0.07193383079155165,0.07126531063187903,0.08721759719181094
3,7,14,True,6,Spoofing,3,DoS,0.04770660547739027,0.034306715587797874,0.07751984771762219
3,7,14,True,6,Spoofing,4,Mirai,0.08070122702128389,0.1154544708525091,0.15508192804945162
3,7,14,True,6,Spoofing,5,Recon,0.08625504763628049,0.12049882549520163,0.17753370357063722
3,7,14,True,6,Spoofing,6,Spoofing,0.04398265947828506,0.1716283897535243,0.03393015712444098
3,7,14,True,6,Spoofing,7,Web-Based,0.25448623281945854,0.15402132161115933,0.21953548319477323
3,7,14,True,7,Web-Based,0,Benign,0.10122982228436483,0.17835506905371412,0.16189355912712247
3,7,14,True,7,Web-Based,1,BruteForce,0.31913062875825865,0.15375818852587497,0.10210076203622208
3,7,14,True,7,Web-Based,2,DDoS,0.07197580880562232,0.07477339169223995,0.10510760822241653
3,7,14,True,7,Web-Based,3,DoS,0.047715376234759604,0.035164966663017605,0.046255614517100856
3,7,14,True,7,Web-Based,4,Mirai,0.08264902508099287,0.13017615680592765,0.17585135880458092
3,7,14,True,7,Web-Based,5,Recon,0.08307799972566797,0.11094426755994734,0.15516483640281217
3,7,14,True,7,Web-Based,6,Spoofing,0.0401751286057129,0.1513388817296513,0.032388845509535816
3,7,14,True,7,Web-Based,7,Web-Based,0.2540462105046209,0.16548907796962706,0.22123741538020916
3,7,15,True,0,Benign,0,Benign,0.20839984978793533,0.19778817751981578,0.049839407048369984
3,7,15,True,0,Benign,1,BruteForce,0.19029849307698896,0.13562613339849747,0.031952746373506424
3,7,15,True,0,Benign,2,DDoS,0.09548824070007043,0.08137735639287488,0.5022519274526185
3,7,15,True,0,Benign,3,DoS,0.043824722038344976,0.05766874589002005,0.2867873313995385
3,7,15,True,0,Benign,4,Mirai,0.11122733332918157,0.11223119259845729,0.03710599221636177
3,7,15,True,0,Benign,5,Recon,0.08911367381199144,0.11555506529633569,0.023070707372011598
3,7,15,True,0,Benign,6,Spoofing,0.09794916475571526,0.1571363164745094,0.03884810561062139
3,7,15,True,0,Benign,7,Web-Based,0.1636985224997721,0.14261701242948946,0.03014378252697195
3,7,15,True,1,BruteForce,0,Benign,0.1719725842997302,0.1516245156841889,0.05207551206555742
3,7,15,True,1,BruteForce,1,BruteForce,0.2433099004505502,0.20833206625365927,0.033464480183938446
3,7,15,True,1,BruteForce,2,DDoS,0.09729280852167148,0.06867529214652254,0.5329504797880963
3,7,15,True,1,BruteForce,3,DoS,0.03259218178343889,0.03492441736258583,0.2504226473607079
3,7,15,True,1,BruteForce,4,Mirai,0.12571269191986736,0.12209322276636507,0.03849186840165198
3,7,15,True,1,BruteForce,5,Recon,0.07033245590118826,0.09677681745206883,0.02265328635101351
3,7,15,True,1,BruteForce,6,Spoofing,0.08167637648306512,0.14245644504453656,0.03799244616487405
3,7,15,True,1,BruteForce,7,Web-Based,0.17711100064048843,0.17511722329007304,0.0319492796841605
3,7,15,True,2,DDoS,0,Benign,0.07592075129746978,0.07451837486952151,0.037558931196428384
3,7,15,True,2,DDoS,1,BruteForce,0.11294163873646576,0.05069154969371543,0.02688383215724133
3,7,15,True,2,DDoS,2,DDoS,0.4862783814186556,0.5640673094402808,0.7419043758520436
3,7,15,True,2,DDoS,3,DoS,0.061746063686392356,0.06783354548319369,0.10634900120256495
3,7,15,True,2,DDoS,4,Mirai,0.06321450082059994,0.07463613180755525,0.027500291863635604
3,7,15,True,2,DDoS,5,Recon,0.05544576912749841,0.06329653537920413,0.016731122419306972
3,7,15,True,2,DDoS,6,Spoofing,0.04088868592618064,0.053946980031421156,0.021729241659544984
3,7,15,True,2,DDoS,7,Web-Based,0.10356420898673752,0.05100957329510804,0.0213432036492342
3,7,15,True,3,DoS,0,Benign,0.046508197748211855,0.061637060715694636,0.02093062169185039
3,7,15,True,3,DoS,1,BruteForce,0.10798017193598772,0.05875400784336707,0.03937447271880717
3,7,15,True,3,DoS,2,DDoS,0.14344888099986777,0.13910429273946,0.230983461552189
3,7,15,True,3,DoS,3,DoS,0.3960909896833105,0.5038545430715076,0.6203742998024961
3,7,15,True,3,DoS,4,Mirai,0.09483199837753317,0.08689728981293973,0.02558702906097365
3,7,15,True,3,DoS,5,Recon,0.03956336969386493,0.0432025579497008,0.016732501945439
3,7,15,True,3,DoS,6,Spoofing,0.057349732461992035,0.07762577189241976,0.022870721632670718
3,7,15,True,3,DoS,7,Web-Based,0.11422665909923187,0.02892447597491041,0.02314689159557398
3,7,15,True,4,Mirai,0,Benign,0.16106282256420446,0.15235713003054904,0.04918618415140519
3,7,15,True,4,Mirai,1,BruteForce,0.19679290420083295,0.1689889186692507,0.03309853823094742
3,7,15,True,4,Mirai,2,DDoS,0.11788082154471809,0.08798770510348525,0.5135747760258506
3,7,15,True,4,Mirai,3,DoS,0.04103695683367881,0.05929658675147397,0.2778038421421814
3,7,15,True,4,Mirai,4,Mirai,0.1827416893984568,0.14782524243475662,0.039747188923165984
3,7,15,True,4,Mirai,5,Recon,0.06026318647090404,0.08271870922543392,0.018826301336706326
3,7,15,True,4,Mirai,6,Spoofing,0.08482623910558547,0.15486021016471826,0.03737634189122307
3,7,15,True,4,Mirai,7,Web-Based,0.15539537988161933,0.14596549762033226,0.030386827298520075
3,7,15,True,5,Recon,0,Benign,0.167815630200895,0.15436086667987933,0.05231090400242893
3,7,15,True,5,Recon,1,BruteForce,0.2470275771762452,0.18611179210249335,0.03487046593706778
3,7,15,True,5,Recon,2,DDoS,0.09411994440020204,0.0682772306876649,0.5151354536604092
3,7,15,True,5,Recon,3,DoS,0.034487488382981595,0.03687887960612283,0.26560072345031455
3,7,15,True,5,Recon,4,Mirai,0.11508298868723582,0.11220778015176276,0.0376412932965182
3,7,15,True,5,Recon,5,Recon,0.08546661160368522,0.11914700605800639,0.022822761923066533
3,7,15,True,5,Recon,6,Spoofing,0.07681735608151911,0.14005190342357704,0.039236306790337246
3,7,15,True,5,Recon,7,Web-Based,0.17918240346723593,0.1829645412904934,0.03238209093985765
3,7,15,True,6,Spoofing,0,Benign,0.1960837241779468,0.18878664771675194,0.04989348536388863
3,7,15,True,6,Spoofing,1,BruteForce,0.19625358197337706,0.1440383183511768,0.03188649971154166
3,7,15,True,6,Spoofing,2,DDoS,0.08062281643728189,0.07126531063187903,0.48386588385254226
3,7,15,True,6,Spoofing,3,DoS,0.032449868688993445,0.034306715587797874,0.30516149358828903
3,7,15,True,6,Spoofing,4,Mirai,0.11655356101117668,0.1154544708525091,0.03665031104580393
3,7,15,True,6,Spoofing,5,Recon,0.0925866116712742,0.12049882549520163,0.021957736856461973
3,7,15,True,6,Spoofing,6,Spoofing,0.11423295537557666,0.1716283897535243,0.0405992718729204
3,7,15,True,6,Spoofing,7,Web-Based,0.1712168806643732,0.15402132161115933,0.029985317708552225
3,7,15,True,7,Web-Based,0,Benign,0.1928745221393291,0.17835506905371412,0.055652764274874436
3,7,15,True,7,Web-Based,1,BruteForce,0.2056677640928252,0.15375818852587497,0.030874757337916416
3,7,15,True,7,Web-Based,2,DDoS,0.08985695380315877,0.07477339169223995,0.5642708408093295
3,7,15,True,7,Web-Based,3,DoS,0.03433160370524283,0.035164966663017605,0.21004699373683333
3,7,15,True,7,Web-Based,4,Mirai,0.13418874018715626,0.13017615680592765,0.039571216454673305
3,7,15,True,7,Web-Based,5,Recon,0.08240282640464754,0.11094426755994734,0.02516263858178125
3,7,15,True,7,Web-Based,6,Spoofing,0.08891489365960764,0.1513388817296513,0.0418851396147757
3,7,15,True,7,Web-Based,7,Web-Based,0.17176269600803265,0.16548907796962706,0.032535649189816065
3,7,16,False,0,Benign,0,Benign,0.5385204827294922,0.19778817751981578,0.5289869720531107
3,7,16,False,0,Benign,1,BruteForce,0.020364514759875465,0.13562613339849747,0.022867332490681114
3,7,16,False,0,Benign,2,DDoS,0.1563375204626485,0.08137735639287488,0.16887718426678153
3,7,16,False,0,Benign,3,DoS,0.026846165617814513,0.05766874589002005,0.051841357131975206
3,7,16,False,0,Benign,4,Mirai,0.016431991052679788,0.11223119259845729,0.01948582065520686
3,7,16,False,0,Benign,5,Recon,0.026158319687904618,0.11555506529633569,0.023208244931691616
3,7,16,False,0,Benign,6,Spoofing,0.13312588629668223,0.1571363164745094,0.1089540888176844
3,7,16,False,0,Benign,7,Web-Based,0.08221511939290274,0.14261701242948946,0.07577899965286862
3,7,16,False,1,BruteForce,0,Benign,0.5322951524774278,0.1516245156841889,0.5744545563340866
3,7,16,False,1,BruteForce,1,BruteForce,0.027271064143236455,0.20833206625365927,0.023981889028737272
3,7,16,False,1,BruteForce,2,DDoS,0.13915863425036368,0.06867529214652254,0.12414438639312116
3,7,16,False,1,BruteForce,3,DoS,0.0209965593923283,0.03492441736258583,0.031614801917984124
3,7,16,False,1,BruteForce,4,Mirai,0.017331831100981628,0.12209322276636507,0.0186004018028425
3,7,16,False,1,BruteForce,5,Recon,0.024530816469641246,0.09677681745206883,0.023643384612350504
3,7,16,False,1,BruteForce,6,Spoofing,0.13732185202518177,0.14245644504453656,0.11807850717401792
3,7,16,False,1,BruteForce,7,Web-Based,0.10109409014083927,0.17511722329007304,0.08548207273686008
3,7,16,False,2,DDoS,0,Benign,0.16251314199625022,0.07451837486952151,0.1741260159576502
3,7,16,False,2,DDoS,1,BruteForce,0.012435708255492487,0.05069154969371543,0.020852015820541595
3,7,16,False,2,DDoS,2,DDoS,0.712721040308958,0.5640673094402808,0.6737905432890671
3,7,16,False,2,DDoS,3,DoS,0.016804980167894137,0.06783354548319369,0.028548930532557998
3,7,16,False,2,DDoS,4,Mirai,0.009083764736398381,0.07463613180755525,0.014523519766539204
3,7,16,False,2,DDoS,5,Recon,0.01077630889068938,0.06329653537920413,0.012179546227798073
3,7,16,False,2,DDoS,6,Spoofing,0.04276447210608746,0.053946980031421156,0.04110077740829184
3,7,16,False,2,DDoS,7,Web-Based,0.03290058353822991,0.05100957329510804,0.03487865099755404
3,7,16,False,3,DoS,0,Benign,0.08299968612314286,0.061637060715694636,0.14296338459993616
3,7,16,False,3,DoS,1,BruteForce,0.013761312190983236,0.05875400784336707,0.028642659897336577
3,7,16,False,3,DoS,2,DDoS,0.26515377214234614,0.13910429273946,0.3066166315495205
3,7,16,False,3,DoS,3,DoS,0.5497331108400809,0.5038545430715076,0.39191929596958774
3,7,16,False,3,DoS,4,Mirai,0.008359092371644897,0.08689728981293973,0.017658223094010092
3,7,16,False,3,DoS,5,Recon,0.009052842890580854,0.0432025579497008,0.013790035974995387
3,7,16,False,3,DoS,6,Spoofing,0.04493957725223261,0.07762577189241976,0.05532115693381596
3,7,16,False,3,DoS,7,Web-Based,0.026000606188988418,0.02892447597491041,0.0430886119807976
3,7,16,False,4,Mirai,0,Benign,0.47983946651914333,0.15235713003054904,0.5206070171457508
3,7,16,False,4,Mirai,1,BruteForce,0.023153733177107345,0.1689889186692507,0.023978315131557546
3,7,16,False,4,Mirai,2,DDoS,0.211139645067313,0.08798770510348525,0.1769630014019333
3,7,16,False,4,Mirai,3,DoS,0.04388224013005027,0.05929658675147397,0.05453570918791254
3,7,16,False,4,Mirai,4,Mirai,0.01710161743894449,0.14782524243475662,0.01941199305439611
3,7,16,False,4,Mirai,5,Recon,0.02149731913498896,0.08271870922543392,0.02135227064962333
3,7,16,False,4,Mirai,6,Spoofing,0.12398872072669688,0.15486021016471826,0.1063665389238147
3,7,16,False,4,Mirai,7,Web-Based,0.07939725780575568,0.14596549762033226,0.07678515450501171
3,7,16,False,5,Recon,0,Benign,0.5321457762974073,0.15436086667987933,0.5716181821311552
3,7,16,False,5,Recon,1,BruteForce,0.026624478683726353,0.18611179210249335,0.024593033053676886
3,7,16,False,5,Recon,2,DDoS,0.12994229248969197,0.0682772306876649,0.12484120043291991
3,7,16,False,5,Recon,3,DoS,0.022185440671852914,0.03687887960612283,0.03375637061389429
3,7,16,False,5,Recon,4,Mirai,0.016851878770289843,0.11220778015176276,0.01840659021605707
3,7,16,False,5,Recon,5,Recon,0.036068024970525504,0.11914700605800639,0.02445099893113418
3,7,16,False,5,Recon,6,Spoofing,0.13329237436624922,0.14005190342357704,0.1158587790935409
3,7,16,False,5,Recon,7,Web-Based,0.10288973375025674,0.1829645412904934,0.08647484552762154
3,7,16,False,6,Spoofing,0,Benign,0.5488201974839677,0.18878664771675194,0.5684098316127797
3,7,16,False,6,Spoofing,1,BruteForce,0.02162261601223049,0.1440383183511768,0.022899105575981814
3,7,16,False,6,Spoofing,2,DDoS,0.11615096852997436,0.07126531063187903,0.11984449504853653
3,7,16,False,6,Spoofing,3,DoS,0.02103758760054312,0.034306715587797874,0.04571222361566175
3,7,16,False,6,Spoofing,4,Mirai,0.01693016336662472,0.1154544708525091,0.019652787043212223
3,7,16,False,6,Spoofing,5,Recon,0.02726810108943405,0.12049882549520163,0.02456865175624679
3,7,16,False,6,Spoofing,6,Spoofing,0.1593446001550852,0.1716283897535243,0.11996086300199292
3,7,16,False,6,Spoofing,7,Web-Based,0.08882576576214042,0.15402132161115933,0.0789520423455883
3,7,16,False,7,Web-Based,0,Benign,0.549343470538685,0.17835506905371412,0.5714476609725303
3,7,16,False,7,Web-Based,1,BruteForce,0.023141807828538107,0.15375818852587497,0.023310026981546425
3,7,16,False,7,Web-Based,2,DDoS,0.13366253597457173,0.07477339169223995,0.1346747131750776
3,7,16,False,7,Web-Based,3,DoS,0.0233168332959819,0.035164966663017605,0.03355962287673245
3,7,16,False,7,Web-Based,4,Mirai,0.017711591506699726,0.13017615680592765,0.019237949411600824
3,7,16,False,7,Web-Based,5,Recon,0.025404268600451915,0.11094426755994734,0.02394913990804512
3,7,16,False,7,Web-Based,6,Spoofing,0.1337852025470025,0.1513388817296513,0.11199076947497222
3,7,16,False,7,Web-Based,7,Web-Based,0.09363428970806902,0.16548907796962706,0.08183011719949508
3,7,17,True,0,Benign,0,Benign,0.14440979129687248,0.19778817751981578,0.286889015939312
3,7,17,True,0,Benign,1,BruteForce,0.2210932122733199,0.13562613339849747,0.014141176556226539
3,7,17,True,0,Benign,2,DDoS,0.06239198546399599,0.08137735639287488,0.03934222345283236
3,7,17,True,0,Benign,3,DoS,0.08216325316322987,0.05766874589002005,0.07510850393543397
3,7,17,True,0,Benign,4,Mirai,0.17221552273724938,0.11223119259845729,0.4623639116782699
3,7,17,True,0,Benign,5,Recon,0.044209114237724056,0.11555506529633569,0.012580999550135604
3,7,17,True,0,Benign,6,Spoofing,0.040897898086250835,0.1571363164745094,0.01989494697695438
3,7,17,True,0,Benign,7,Web-Based,0.23261922274135752,0.14261701242948946,0.08967922191083538
3,7,17,True,1,BruteForce,0,Benign,0.13293374451939824,0.1516245156841889,0.26788477225842416
3,7,17,True,1,BruteForce,1,BruteForce,0.21882669570139815,0.20833206625365927,0.01355950147760995
3,7,17,True,1,BruteForce,2,DDoS,0.05940981361327779,0.06867529214652254,0.023824451384301438
3,7,17,True,1,BruteForce,3,DoS,0.0752776689845259,0.03492441736258583,0.021147476688527626
3,7,17,True,1,BruteForce,4,Mirai,0.1880105423480232,0.12209322276636507,0.5076466959494363
3,7,17,True,1,BruteForce,5,Recon,0.04421131730814901,0.09677681745206883,0.01194216929091869
3,7,17,True,1,BruteForce,6,Spoofing,0.03937951058472106,0.14245644504453656,0.021224212398854504
3,7,17,True,1,BruteForce,7,Web-Based,0.24195070694050666,0.17511722329007304,0.1327707205519274
3,7,17,True,2,DDoS,0,Benign,0.11781561670490838,0.07451837486952151,0.09965223464425019
3,7,17,True,2,DDoS,1,BruteForce,0.2542931853911639,0.05069154969371543,0.016912555800301876
3,7,17,True,2,DDoS,2,DDoS,0.10978964737369984,0.5640673094402808,0.5916063038604549
3,7,17,True,2,DDoS,3,DoS,0.1179913002213659,0.06783354548319369,0.059647025808189195
3,7,17,True,2,DDoS,4,Mirai,0.11828696776586343,0.07463613180755525,0.16515504529755384
3,7,17,True,2,DDoS,5,Recon,0.041911987798604,0.06329653537920413,0.010300366663951063
3,7,17,True,2,DDoS,6,Spoofing,0.040189664444034726,0.053946980031421156,0.011752445730340406
3,7,17,True,2,DDoS,7,Web-Based,0.19972163030035991,0.05100957329510804,0.04497402219495862
3,7,17,True,3,DoS,0,Benign,0.09146371457135498,0.061637060715694636,0.05992432340690582
3,7,17,True,3,DoS,1,BruteForce,0.24348495818840313,0.05875400784336707,0.02264921063857181
3,7,17,True,3,DoS,2,DDoS,0.08291376645384325,0.13910429273946,0.09107857185936827
3,7,17,True,3,DoS,3,DoS,0.18578528881279918,0.5038545430715076,0.6004928338303238
3,7,17,True,3,DoS,4,Mirai,0.11632125404108379,0.08689728981293973,0.16149540713187366
3,7,17,True,3,DoS,5,Recon,0.035061694430920505,0.0432025579497008,0.011963184394358726
3,7,17,True,3,DoS,6,Spoofing,0.046547743128552616,0.07762577189241976,0.014793874814484666
3,7,17,True,3,DoS,7,Web-Based,0.19842158037304256,0.02892447597491041,0.037602593924113276
3,7,17,True,4,Mirai,0,Benign,0.12790442743217953,0.15235713003054904,0.24452659773493632
3,7,17,True,4,Mirai,1,BruteForce,0.21906579997455414,0.1689889186692507,0.012452768444411106
3,7,17,True,4,Mirai,2,DDoS,0.0624531715172461,0.08798770510348525,0.02989616356771772
3,7,17,True,4,Mirai,3,DoS,0.08038426329166481,0.05929658675147397,0.03160659118771453
3,7,17,True,4,Mirai,4,Mirai,0.19313095755931484,0.14782524243475662,0.5618601648015825
3,7,17,True,4,Mirai,5,Recon,0.0429713611084564,0.08271870922543392,0.011154268779432132
3,7,17,True,4,Mirai,6,Spoofing,0.04020880993598253,0.15486021016471826,0.01860752929236095
3,7,17,True,4,Mirai,7,Web-Based,0.23388120918060165,0.14596549762033226,0.0898959161918447
3,7,17,True,5,Recon,0,Benign,0.13108520695140338,0.15436086667987933,0.25952094279778837
3,7,17,True,5,Recon,1,BruteForce,0.2169257313486788,0.18611179210249335,0.013930722871897163
3,7,17,True,5,Recon,2,DDoS,0.05949381898678016,0.0682772306876649,0.02460110721417558
3,7,17,True,5,Recon,3,DoS,0.07507342823230553,0.03687887960612283,0.026782891227141448
3,7,17,True,5,Recon,4,Mirai,0.1892370475308404,0.11220778015176276,0.5082181784870103
3,7,17,True,5,Recon,5,Recon,0.044667493658598685,0.11914700605800639,0.011940778991640274
3,7,17,True,5,Recon,6,Spoofing,0.038404242672688986,0.14005190342357704,0.02098337634349378
3,7,17,True,5,Recon,7,Web-Based,0.24511303061870415,0.1829645412904934,0.1340220020668531
3,7,17,True,6,Spoofing,0,Benign,0.14143573235522414,0.18878664771675194,0.302606185767156
3,7,17,True,6,Spoofing,1,BruteForce,0.2203582061987909,0.1440383183511768,0.013507241985149722
3,7,17,True,6,Spoofing,2,DDoS,0.0609447910907318,0.07126531063187903,0.025089976437142267
3,7,17,True,6,Spoofing,3,DoS,0.0790494628304677,0.034306715587797874,0.04117615354337931
3,7,17,True,6,Spoofing,4,Mirai,0.1750131772014587,0.1154544708525091,0.48033069048874455
3,7,17,True,6,Spoofing,5,Recon,0.04514469940549448,0.12049882549520163,0.013000229641819839
3,7,17,True,6,Spoofing,6,Spoofing,0.04255433805026795,0.1716283897535243,0.021249318788605573
3,7,17,True,6,Spoofing,7,Web-Based,0.23549959286756436,0.15402132161115933,0.10304020334800273
3,7,17,True,7,Web-Based,0,Benign,0.1389279484128032,0.17835506905371412,0.28968093350244056
3,7,17,True,7,Web-Based,1,BruteForce,0.21283874606104142,0.15375818852587497,0.013761211173983294
3,7,17,True,7,Web-Based,2,DDoS,0.06004845805598748,0.07477339169223995,0.027595103491214332
3,7,17,True,7,Web-Based,3,DoS,0.07508479464728217,0.035164966663017605,0.021580846561655005
3,7,17,True,7,Web-Based,4,Mirai,0.18886005056877855,0.13017615680592765,0.5045295700101171
3,7,17,True,7,Web-Based,5,Recon,0.04476159946989551,0.11094426755994734,0.012630118921325022
3,7,17,True,7,Web-Based,6,Spoofing,0.039639676934151796,0.1513388817296513,0.020622524472812886
3,7,17,True,7,Web-Based,7,Web-Based,0.23983872585006,0.16548907796962706,0.10959969186645173
3,7,18,True,0,Benign,0,Benign,0.07662288654419132,0.19778817751981578,0.06003669693124527
3,7,18,True,0,Benign,1,BruteForce,0.2626251014108315,0.13562613339849747,0.015925282420627428
3,7,18,True,0,Benign,2,DDoS,0.12385793051449064,0.08137735639287488,0.1752512081883567
3,7,18,True,0,Benign,3,DoS,0.051771821229192105,0.05766874589002005,0.05925209115095998
3,7,18,True,0,Benign,4,Mirai,0.09476789086617966,0.11223119259845729,0.2680656923199855
3,7,18,True,0,Benign,5,Recon,0.06931352922440846,0.11555506529633569,0.10830681306316478
3,7,18,True,0,Benign,6,Spoofing,0.07485959813300709,0.1571363164745094,0.1953149492678493
3,7,18,True,0,Benign,7,Web-Based,0.2461812420776992,0.14261701242948946,0.11784726665781116
3,7,18,True,1,BruteForce,0,Benign,0.07138362239281276,0.1516245156841889,0.05985143394031293
3,7,18,True,1,BruteForce,1,BruteForce,0.2774436476137337,0.20833206625365927,0.015592786599150038
3,7,18,True,1,BruteForce,2,DDoS,0.11365292635351389,0.06867529214652254,0.1289359280752761
3,7,18,True,1,BruteForce,3,DoS,0.04995710582482939,0.03492441736258583,0.02215712225230054
3,7,18,True,1,BruteForce,4,Mirai,0.09920967597896901,0.12209322276636507,0.317016468517998
3,7,18,True,1,BruteForce,5,Recon,0.06611332087191069,0.09677681745206883,0.11847456578080608
3,7,18,True,1,BruteForce,6,Spoofing,0.07161415113478341,0.14245644504453656,0.18611693944709506
3,7,18,True,1,BruteForce,7,Web-Based,0.2506255498294473,0.17511722329007304,0.15185475538706122
3,7,18,True,2,DDoS,0,Benign,0.06422402617550656,0.07451837486952151,0.029062631855855094
3,7,18,True,2,DDoS,1,BruteForce,0.24017114411780688,0.05069154969371543,0.016288194304989984
3,7,18,True,2,DDoS,2,DDoS,0.19855490584235563,0.5640673094402808,0.6648201106739219
3,7,18,True,2,DDoS,3,DoS,0.07613602754136063,0.06783354548319369,0.034976272066712825
3,7,18,True,2,DDoS,4,Mirai,0.07479563485503644,0.07463613180755525,0.096397978138924
3,7,18,True,2,DDoS,5,Recon,0.06550183592419662,0.06329653537920413,0.05429758367867338
3,7,18,True,2,DDoS,6,Spoofing,0.05777255036632846,0.053946980031421156,0.056696095005218945
3,7,18,True,2,DDoS,7,Web-Based,0.2228438751774088,0.05100957329510804,0.047461134275703955
3,7,18,True,3,DoS,0,Benign,0.05300998757652022,0.061637060715694636,0.02066310555668643
3,7,18,True,3,DoS,1,BruteForce,0.24640160117985124,0.05875400784336707,0.023275818268509742
3,7,18,True,3,DoS,2,DDoS,0.16405583226136225,0.13910429273946,0.258822317646216
3,7,18,True,3,DoS,3,DoS,0.12509256974092794,0.5038545430715076,0.4234930144571863
3,7,18,True,3,DoS,4,Mirai,0.08002049839257823,0.08689728981293973,0.09426692062515364
3,7,18,True,3,DoS,5,Recon,0.052972025519302246,0.0432025579497008,0.039583359254818457
3,7,18,True,3,DoS,6,Spoofing,0.0679835631797021,0.07762577189241976,0.08592159588391285
3,7,18,True,3,DoS,7,Web-Based,0.21046392214975582,0.02892447597491041,0.05397386830751663
3,7,18,True,4,Mirai,0,Benign,0.0706696240735782,0.15235713003054904,0.05628407963491555
3,7,18,True,4,Mirai,1,BruteForce,0.2683128251329493,0.1689889186692507,0.01544059660104304
3,7,18,True,4,Mirai,2,DDoS,0.12617031457125183,0.08798770510348525,0.15448560210473708
3,7,18,True,4,Mirai,3,DoS,0.05255887446142048,0.05929658675147397,0.04912073475735243
3,7,18,True,4,Mirai,4,Mirai,0.10554302251125897,0.14782524243475662,0.3346982396821286
3,7,18,True,4,Mirai,5,Recon,0.06266778709786386,0.08271870922543392,0.09483282830803735
3,7,18,True,4,Mirai,6,Spoofing,0.0718983337643026,0.15486021016471826,0.17399327749416404
3,7,18,True,4,Mirai,7,Web-Based,0.24217921838737483,0.14596549762033226,0.12114464141762199
3,7,18,True,5,Recon,0,Benign,0.07022763306479403,0.15436086667987933,0.05812312447001411
3,7,18,True,5,Recon,1,BruteForce,0.2776564951094643,0.18611179210249335,0.015691333544148797
3,7,18,True,5,Recon,2,DDoS,0.1130073239337107,0.0682772306876649,0.122115431082052
3,7,18,True,5,Recon,3,DoS,0.05020698034556148,0.03687887960612283,0.022574914676715394
3,7,18,True,5,Recon,4,Mirai,0.09898384794931327,0.11220778015176276,0.3151549157088511
3,7,18,True,5,Recon,5,Recon,0.06789303172448752,0.11914700605800639,0.13887600447012433
3,7,18,True,5,Recon,6,Spoofing,0.06949208941911018,0.14005190342357704,0.17694869786890408
3,7,18,True,5,Recon,7,Web-Based,0.2525325984535586,0.1829645412904934,0.15051557817919023
3,7,18,True,6,Spoofing,0,Benign,0.07535178362283128,0.18878664771675194,0.06170834865848539
3,7,18,True,6,Spoofing,1,BruteForce,0.261588736678278,0.1440383183511768,0.015800834351637857
3,7,18,True,6,Spoofing,2,DDoS,0.11618385141520443,0.07126531063187903,0.1232908717829644
3,7,18,True,6,Spoofing,3,DoS,0.049427262730119124,0.034306715587797874,0.04271692378464614
3,7,18,True,6,Spoofing,4,Mirai,0.09866746616506739,0.1154544708525091,0.2729913861731602
3,7,18,True,6,Spoofing,5,Recon,0.0709119617112688,0.12049882549520163,0.11501973307918247
3,7,18,True,6,Spoofing,6,Spoofing,0.07889854805689087,0.1716283897535243,0.23591856384237125
3,7,18,True,6,Spoofing,7,Web-Based,0.24897038962034013,0.15402132161115933,0.13255333832755234
3,7,18,True,7,Web-Based,0,Benign,0.07457580851176947,0.17835506905371412,0.06290869206457517
3,7,18,True,7,Web-Based,1,BruteForce,0.2647777347175339,0.15375818852587497,0.015319260554912553
3,7,18,True,7,Web-Based,2,DDoS,0.11677162727807378,0.07477339169223995,0.14188922350994165
3,7,18,True,7,Web-Based,3,DoS,0.04961307591432031,0.035164966663017605,0.02459099334319162
3,7,18,True,7,Web-Based,4,Mirai,0.10075143932994161,0.13017615680592765,0.31275061179402036
3,7,18,True,7,Web-Based,5,Recon,0.06883387209432056,0.11094426755994734,0.11708161224186986
3,7,18,True,7,Web-Based,6,Spoofing,0.07287145443292962,0.1513388817296513,0.1881912653758733
3,7,18,True,7,Web-Based,7,Web-Based,0.2518049877211107,0.16548907796962706,0.13726834111561545
3,7,19,False,0,Benign,0,Benign,0.09778857783267632,0.19778817751981578,0.08823387665806656
3,7,19,False,0,Benign,1,BruteForce,0.01209692894752302,0.13562613339849747,0.01888932090882132
3,7,19,False,0,Benign,2,DDoS,0.20911790925391846,0.08137735639287488,0.2429632693628746
3,7,19,False,0,Benign,3,DoS,0.03295565099996223,0.05766874589002005,0.08348141086570714
3,7,19,False,0,Benign,4,Mirai,0.015416539321926428,0.11223119259845729,0.019610591700312093
3,7,19,False,0,Benign,5,Recon,0.1590665553105667,0.11555506529633569,0.17813600008336025
3,7,19,False,0,Benign,6,Spoofing,0.45885182948636993,0.1571363164745094,0.3497237577388485
3,7,19,False,0,Benign,7,Web-Based,0.01470600884705687,0.14261701242948946,0.018961772682009412
3,7,19,False,1,BruteForce,0,Benign,0.10172519213466429,0.1516245156841889,0.09913790567731263
3,7,19,False,1,BruteForce,1,BruteForce,0.013689284005855937,0.20833206625365927,0.018064839186361405
3,7,19,False,1,BruteForce,2,DDoS,0.19818655045267775,0.06867529214652254,0.20349844104536582
3,7,19,False,1,BruteForce,3,DoS,0.01569684283046328,0.03492441736258583,0.02784390523462867
3,7,19,False,1,BruteForce,4,Mirai,0.016610895826343026,0.12209322276636507,0.01950739318485699
3,7,19,False,1,BruteForce,5,Recon,0.1521070906328377,0.09677681745206883,0.2187069857341637
3,7,19,False,1,BruteForce,6,Spoofing,0.4860932238458575,0.14245644504453656,0.3939871007678026
3,7,19,False,1,BruteForce,7,Web-Based,0.015890920271300513,0.17511722329007304,0.019253429169508115
3,7,19,False,2,DDoS,0,Benign,0.030589286018863005,0.07451837486952151,0.03767276258733159
3,7,19,False,2,DDoS,1,BruteForce,0.007967680580413515,0.05069154969371543,0.016056824115162807
3,7,19,False,2,DDoS,2,DDoS,0.7343092483751209,0.5640673094402808,0.6882905537192153
3,7,19,False,2,DDoS,3,DoS,0.03225850936742814,0.06783354548319369,0.048163516725315256
3,7,19,False,2,DDoS,4,Mirai,0.008592959810472102,0.07463613180755525,0.016534657503638764
3,7,19,False,2,DDoS,5,Recon,0.06391963293589076,0.06329653537920413,0.07958947246139361
3,7,19,False,2,DDoS,6,Spoofing,0.11587842021912381,0.053946980031421156,0.10282389900793108
3,7,19,False,2,DDoS,7,Web-Based,0.006484262692687766,0.05100957329510804,0.010868313880011578
3,7,19,False,3,DoS,0,Benign,0.013402709001651468,0.061637060715694636,0.020026217259025727
3,7,19,False,3,DoS,1,BruteForce,0.01150225360897201,0.05875400784336707,0.025034336214780212
3,7,19,False,3,DoS,2,DDoS,0.18397915039440102,0.13910429273946,0.20879855364634697
3,7,19,False,3,DoS,3,DoS,0.6779794721251488,0.5038545430715076,0.5733914465592493
3,7,19,False,3,DoS,4,Mirai,0.006666814235635688,0.08689728981293973,0.015936369513321242
3,7,19,False,3,DoS,5,Recon,0.026651204612442764,0.0432025579497008,0.0464978550774566
3,7,19,False,3,DoS,6,Spoofing,0.07449390478388686,0.07762577189241976,0.09841889403122607
3,7,19,False,3,DoS,7,Web-Based,0.005324491237861523,0.02892447597491041,0.011896327698594002
3,7,19,False,4,Mirai,0,Benign,0.09030821423118741,0.15235713003054904,0.09167101573892925
3,7,19,False,4,Mirai,1,BruteForce,0.013039482964311323,0.1689889186692507,0.019798226119701657
3,7,19,False,4,Mirai,2,DDoS,0.3138548920552638,0.08798770510348525,0.2596567372868506
3,7,19,False,4,Mirai,3,DoS,0.0289135059199028,0.05929658675147397,0.07104045203391178
3,7,19,False,4,Mirai,4,Mirai,0.018928449918530377,0.14782524243475662,0.021280885764181936
3,7,19,False,4,Mirai,5,Recon,0.11528612657138922,0.08271870922543392,0.16300272388462222
3,7,19,False,4,Mirai,6,Spoofing,0.4058315907056362,0.15486021016471826,0.35435016413821613
3,7,19,False,4,Mirai,7,Web-Based,0.01383773763377899,0.14596549762033226,0.019199795033586476
3,7,19,False,5,Recon,0,Benign,0.10431495981861995,0.15436086667987933,0.09760074570728806
3,7,19,False,5,Recon,1,BruteForce,0.013289356518393336,0.18611179210249335,0.01785633303978797
3,7,19,False,5,Recon,2,DDoS,0.18625641331306164,0.0682772306876649,0.1952643830935358
3,7,19,False,5,Recon,3,DoS,0.017052438680706637,0.03687887960612283,0.02951280555912488
3,7,19,False,5,Recon,4,Mirai,0.015545940581670381,0.11220778015176276,0.019269203289343086
3,7,19,False,5,Recon,5,Recon,0.21756074484286023,0.11914700605800639,0.24910730652688962
3,7,19,False,5,Recon,6,Spoofing,0.4295333077560435,0.14005190342357704,0.37247809202891285
3,7,19,False,5,Recon,7,Web-Based,0.016446838488644467,0.1829645412904934,0.018911130755117668
3,7,19,False,6,Spoofing,0,Benign,0.09865256801766963,0.18878664771675194,0.09459257177217283
3,7,19,False,6,Spoofing,1,BruteForce,0.011512815191485799,0.1440383183511768,0.018608910498152272
3,7,19,False,6,Spoofing,2,DDoS,0.15956844773260148,0.07126531063187903,0.18479530680509787
3,7,19,False,6,Spoofing,3,DoS,0.01933771920924604,0.034306715587797874,0.06258030746707754
3,7,19,False,6,Spoofing,4,Mirai,0.01518593134564119,0.1154544708525091,0.01943747529338753
3,7,19,False,6,Spoofing,5,Recon,0.1705577208276714,0.12049882549520163,0.19519971533553404
3,7,19,False,6,Spoofing,6,Spoofing,0.5105488174256306,0.1716283897535243,0.405441605634872
3,7,19,False,6,Spoofing,7,Web-Based,0.014635980250053705,0.15402132161115933,0.01934410719370588
3,7,19,False,7,Web-Based,0,Benign,0.10573976957927078,0.17835506905371412,0.1007990821887821
3,7,19,False,7,Web-Based,1,BruteForce,0.012493595877241805,0.15375818852587497,0.018501421292924862
3,7,19,False,7,Web-Based,2,DDoS,0.20713606547247293,0.07477339169223995,0.2250672477616476
3,7,19,False,7,Web-Based,3,DoS,0.019059400132637145,0.035164966663017605,0.03364515979787337
3,7,19,False,7,Web-Based,4,Mirai,0.01701908383583011,0.13017615680592765,0.019942477727555873
3,7,19,False,7,Web-Based,5,Recon,0.16567535539884148,0.11094426755994734,0.2106561159097662
3,7,19,False,7,Web-Based,6,Spoofing,0.45700696820375014,0.1513388817296513,0.37142243101012146
3,7,19,False,7,Web-Based,7,Web-Based,0.01586976149995542,0.16548907796962706,0.01996606431132858
4,8,0,False,0,Benign,0,Benign,0.3272313204348733,0.1945718238935019,0.26278178160925625
4,8,0,False,0,Benign,1,BruteForce,0.08057362265916827,0.11931008759433895,0.05988172549568824
4,8,0,False,0,Benign,2,DDoS,0.009340458609627175,0.07601443428882075,0.017071578120114936
4,8,0,False,0,Benign,3,DoS,0.14632470698853298,0.06744835922433437,0.1844970353632558
4,8,0,False,0,Benign,4,Mirai,0.2523608363853023,0.11077546651384518,0.2918442271356306
4,8,0,False,0,Benign,5,Recon,0.1381648244199476,0.12003562133455215,0.14228985307871034
4,8,0,False,0,Benign,6,Spoofing,0.023583676468402284,0.1637475590894407,0.020855983251581833
4,8,0,False,0,Benign,7,Web-Based,0.022420554034146032,0.14809664806116604,0.020777815945762
4,8,0,False,1,BruteForce,0,Benign,0.25066487475920185,0.15512929810588272,0.2656430290659468
4,8,0,False,1,BruteForce,1,BruteForce,0.1775142142565249,0.20572569869628482,0.08753372719811156
4,8,0,False,1,BruteForce,2,DDoS,0.010150979643472516,0.06643465432296566,0.012764178493417473
4,8,0,False,1,BruteForce,3,DoS,0.07487722281952171,0.03403867280432937,0.07678476689708104
4,8,0,False,1,BruteForce,4,Mirai,0.283317670736226,0.11564811182879077,0.3325634123379524
4,8,0,False,1,BruteForce,5,Recon,0.14127730426978738,0.09732164838465947,0.17508103946245743
4,8,0,False,1,BruteForce,6,Spoofing,0.025378731178069724,0.1435552255142566,0.022715882767572422
4,8,0,False,1,BruteForce,7,Web-Based,0.036819002337196,0.18214669034283062,0.026913963777460977
4,8,0,False,2,DDoS,0,Benign,0.0789058750155272,0.08030927534953192,0.10478185413533818
4,8,0,False,2,DDoS,1,BruteForce,0.0340450107147512,0.045953753099180844,0.03363773507810239
4,8,0,False,2,DDoS,2,DDoS,0.5750817953689155,0.5446805117883593,0.4555644832146435
4,8,0,False,2,DDoS,3,DoS,0.12245258060529826,0.06333216978694231,0.16267828503382503
4,8,0,False,2,DDoS,4,Mirai,0.11742472763137805,0.09059734636461099,0.13805545173557351
4,8,0,False,2,DDoS,5,Recon,0.051618977079775814,0.06883947887842555,0.07114814746332884
4,8,0,False,2,DDoS,6,Spoofing,0.010113974168619148,0.04868447186607993,0.014144695575032938
4,8,0,False,2,DDoS,7,Web-Based,0.010357059415734792,0.05760299286686921,0.019989347764155587
4,8,0,False,3,DoS,0,Benign,0.023602623871739763,0.06345799236587453,0.031183219318431078
4,8,0,False,3,DoS,1,BruteForce,0.014345057379223515,0.06904312408127762,0.016828722475000998
4,8,0,False,3,DoS,2,DDoS,0.015393529599378397,0.13862400058863433,0.02177625241987036
4,8,0,False,3,DoS,3,DoS,0.9062205133445933,0.49424182795472027,0.8446218761534362
4,8,0,False,3,DoS,4,Mirai,0.016522250839561273,0.08950130808505849,0.0431461770917808
4,8,0,False,3,DoS,5,Recon,0.015482952298249142,0.04322985267383383,0.026358258254224377
4,8,0,False,3,DoS,6,Spoofing,0.004323603313282986,0.07274676069100555,0.00856158772017071
4,8,0,False,3,DoS,7,Web-Based,0.0041094693539717245,0.02915513355959535,0.007523906567085566
4,8,0,False,4,Mirai,0,Benign,0.255570998648478,0.15568547020712065,0.25716740971373475
4,8,0,False,4,Mirai,1,BruteForce,0.08764901568845695,0.1550515815324804,0.06214343396007815
4,8,0,False,4,Mirai,2,DDoS,0.01291273807321546,0.07885286748095853,0.01386823720359379
4,8,0,False,4,Mirai,3,DoS,0.07362414560354894,0.05937507193865227,0.149772069756984
4,8,0,False,4,Mirai,4,Mirai,0.45054777454617,0.1542060151254957,0.3716587945662579
4,8,0,False,4,Mirai,5,Recon,0.07399893671992723,0.08625634915683929,0.10328053476161966
4,8,0,False,4,Mirai,6,Spoofing,0.025722290473784066,0.1560604620267986,0.02136984537726492
4,8,0,False,4,Mirai,7,Web-Based,0.019974100246419373,0.1545121825316546,0.020739674660466896
4,8,0,False,5,Recon,0,Benign,0.23196315659489536,0.15987852494837979,0.24724985801781527
4,8,0,False,5,Recon,1,BruteForce,0.1503880495117137,0.18126571898482907,0.0851020256366411
4,8,0,False,5,Recon,2,DDoS,0.009129118997095474,0.06725977487377587,0.012058303129683059
4,8,0,False,5,Recon,3,DoS,0.09972022520722625,0.03747442985682336,0.0998195894281689
4,8,0,False,5,Recon,4,Mirai,0.22621049537904195,0.10764253173119581,0.3057203541264973
4,8,0,False,5,Recon,5,Recon,0.22241996608277886,0.11269867923056881,0.20288978965026663
4,8,0,False,5,Recon,6,Spoofing,0.022969186728530377,0.1396449335086082,0.021513182207612613
4,8,0,False,5,Recon,7,Web-Based,0.03719980149871807,0.1941354068658191,0.025646897803315197
4,8,0,False,6,Spoofing,0,Benign,0.3121745023626083,0.18488344028302267,0.27290338038420653
4,8,0,False,6,Spoofing,1,BruteForce,0.10812039562605118,0.1381709875604367,0.06470870055203756
4,8,0,False,6,Spoofing,2,DDoS,0.008085541572828843,0.07019780364669184,0.012183481902706246
4,8,0,False,6,Spoofing,3,DoS,0.08469322691323809,0.036111988243422044,0.14846015901941642
4,8,0,False,6,Spoofing,4,Mirai,0.257387731240928,0.11187625740513675,0.2955883962719409
4,8,0,False,6,Spoofing,5,Recon,0.16623242663930815,0.12192333253898392,0.16073231861293877
4,8,0,False,6,Spoofing,6,Spoofing,0.0325320165935615,0.17755366449568477,0.022702443629196753
4,8,0,False,6,Spoofing,7,Web-Based,0.03077415905147606,0.15928252582662128,0.02272111962755682
4,8,0,False,7,Web-Based,0,Benign,0.30607217458067126,0.17919720404090597,0.2828623583119801
4,8,0,False,7,Web-Based,1,BruteForce,0.093565754542365,0.14049015374866622,0.06785994904824477
4,8,0,False,7,Web-Based,2,DDoS,0.008341638868518226,0.07044210987298179,0.014249287961015595
4,8,0,False,7,Web-Based,3,DoS,0.07452263046835023,0.035843095323951434,0.10621673236144319
4,8,0,False,7,Web-Based,4,Mirai,0.34119630922729455,0.12366795294031935,0.34482029681020887
4,8,0,False,7,Web-Based,5,Recon,0.11937749318376362,0.11435963320320845,0.13843233178161277
4,8,0,False,7,Web-Based,6,Spoofing,0.02961059025701228,0.1590648530268987,0.022295377231029485
4,8,0,False,7,Web-Based,7,Web-Based,0.027313408872024943,0.17693499784306804,0.023263666494465214
4,8,1,True,0,Benign,0,Benign,0.05118886472373811,0.1945718238935019,0.013568399554844724
4,8,1,True,0,Benign,1,BruteForce,0.21698512234074166,0.11931008759433895,0.008605934639372665
4,8,1,True,0,Benign,2,DDoS,0.06341187543954617,0.07601443428882075,0.07444771125811747
4,8,1,True,0,Benign,3,DoS,0.05111258361809127,0.06744835922433437,0.018250106949369942
4,8,1,True,0,Benign,4,Mirai,0.08788745306789832,0.11077546651384518,0.10807574100270502
4,8,1,True,0,Benign,5,Recon,0.1382304207128346,0.12003562133455215,0.2907260211972004
4,8,1,True,0,Benign,6,Spoofing,0.20637105128626346,0.1637475590894407,0.47608512375763967
4,8,1,True,0,Benign,7,Web-Based,0.18481262881088645,0.14809664806116604,0.010240961640750088
4,8,1,True,1,BruteForce,0,Benign,0.04932928779978946,0.15512929810588272,0.012838263384921755
4,8,1,True,1,BruteForce,1,BruteForce,0.21414705766909292,0.20572569869628482,0.008322975190072216
4,8,1,True,1,BruteForce,2,DDoS,0.052523178126156776,0.06643465432296566,0.0486947483017159
4,8,1,True,1,BruteForce,3,DoS,0.04370710520948932,0.03403867280432937,0.011921294151150431
4,8,1,True,1,BruteForce,4,Mirai,0.09374131416039978,0.11564811182879077,0.1105990736221884
4,8,1,True,1,BruteForce,5,Recon,0.14770690166393005,0.09732164838465947,0.29782863486713473
4,8,1,True,1,BruteForce,6,Spoofing,0.21726324011287257,0.1435552255142566,0.5004098369481974
4,8,1,True,1,BruteForce,7,Web-Based,0.18158191525826917,0.18214669034283062,0.00938517353461923
4,8,1,True,2,DDoS,0,Benign,0.05074436671718872,0.08030927534953192,0.010789170177697706
4,8,1,True,2,DDoS,1,BruteForce,0.21496186099784897,0.045953753099180844,0.008010163860307824
4,8,1,True,2,DDoS,2,DDoS,0.24825060017981682,0.5446805117883593,0.6681850151860528
4,8,1,True,2,DDoS,3,DoS,0.057024159501479044,0.06333216978694231,0.02380207038049753
4,8,1,True,2,DDoS,4,Mirai,0.0660185335305067,0.09059734636461099,0.04539266732934675
4,8,1,True,2,DDoS,5,Recon,0.08397220404917609,0.06883947887842555,0.10933311795857123
4,8,1,True,2,DDoS,6,Spoofing,0.09592151171728501,0.04868447186607993,0.12801525908105618
4,8,1,True,2,DDoS,7,Web-Based,0.18310676330669862,0.05760299286686921,0.006472536026470069
4,8,1,True,3,DoS,0,Benign,0.04551554261836214,0.06345799236587453,0.010252218338446022
4,8,1,True,3,DoS,1,BruteForce,0.21293732282273972,0.06904312408127762,0.015216404503898918
4,8,1,True,3,DoS,2,DDoS,0.10479013022554867,0.13862400058863433,0.17155529533872457
4,8,1,True,3,DoS,3,DoS,0.19432978470675863,0.49424182795472027,0.5166624340617575
4,8,1,True,3,DoS,4,Mirai,0.0696946288122282,0.08950130808505849,0.050020635236841596
4,8,1,True,3,DoS,5,Recon,0.08474660064923052,0.04322985267383383,0.05898538021733843
4,8,1,True,3,DoS,6,Spoofing,0.1076660641754844,0.07274676069100555,0.16568625965394038
4,8,1,True,3,DoS,7,Web-Based,0.18031992598964766,0.02915513355959535,0.011621372649052655
4,8,1,True,4,Mirai,0,Benign,0.0494010082864908,0.15568547020712065,0.014618137705013036
4,8,1,True,4,Mirai,1,BruteForce,0.21583025912662887,0.1550515815324804,0.009102412497405885
4,8,1,True,4,Mirai,2,DDoS,0.06171795025621879,0.07885286748095853,0.08760477884375821
4,8,1,True,4,Mirai,3,DoS,0.050253173812102016,0.05937507193865227,0.02267124101393727
4,8,1,True,4,Mirai,4,Mirai,0.09637993792402154,0.1542060151254957,0.15230992245626365
4,8,1,True,4,Mirai,5,Recon,0.12131933016833274,0.08625634915683929,0.21313913990613298
4,8,1,True,4,Mirai,6,Spoofing,0.22034375944682769,0.1560604620267986,0.4892664164272418
4,8,1,True,4,Mirai,7,Web-Based,0.1847545809793776,0.1545121825316546,0.011287951150247227
4,8,1,True,5,Recon,0,Benign,0.04864715686652602,0.15987852494837979,0.011824808752694154
4,8,1,True,5,Recon,1,BruteForce,0.21262980546907306,0.18126571898482907,0.007794146199475564
4,8,1,True,5,Recon,2,DDoS,0.05046717684779817,0.06725977487377587,0.043844228754022566
4,8,1,True,5,Recon,3,DoS,0.043860276419330414,0.03747442985682336,0.011222183207049409
4,8,1,True,5,Recon,4,Mirai,0.09270463632313193,0.10764253173119581,0.10642451725044536
4,8,1,True,5,Recon,5,Recon,0.1646499292585202,0.11269867923056881,0.38581164237960236
4,8,1,True,5,Recon,6,Spoofing,0.2061499364477792,0.1396449335086082,0.42455073847402264
4,8,1,True,5,Recon,7,Web-Based,0.18089108236784093,0.1941354068658191,0.00852773498268801
4,8,1,True,6,Spoofing,0,Benign,0.05019604608922114,0.18488344028302267,0.012756547625364765
4,8,1,True,6,Spoofing,1,BruteForce,0.2124790680735218,0.1381709875604367,0.00793767673279992
4,8,1,True,6,Spoofing,2,DDoS,0.054671080204020436,0.07019780364669184,0.04094354636442861
4,8,1,True,6,Spoofing,3,DoS,0.04885628917918267,0.036111988243422044,0.013276564153364187
4,8,1,True,6,Spoofing,4,Mirai,0.09021413444169923,0.11187625740513675,0.10214290260601923
4,8,1,True,6,Spoofing,5,Recon,0.1400108845806372,0.12192333253898392,0.30987281749361173
4,8,1,True,6,Spoofing,6,Spoofing,0.22242740198108862,0.17755366449568477,0.5035233321847596
4,8,1,True,6,Spoofing,7,Web-Based,0.18114509545062898,0.15928252582662128,0.009546612839651922
4,8,1,True,7,Web-Based,0,Benign,0.049842498533092305,0.17919720404090597,0.013734158361343934
4,8,1,True,7,Web-Based,1,BruteForce,0.21143044982052014,0.14049015374866622,0.008298821415736183
4,8,1,True,7,Web-Based,2,DDoS,0.056597240136047965,0.07044210987298179,0.05452670758696665
4,8,1,True,7,Web-Based,3,DoS,0.04549133853351194,0.035843095323951434,0.012572142659275492
4,8,1,True,7,Web-Based,4,Mirai,0.0942943294536887,0.12366795294031935,0.12680239855305564
4,8,1,True,7,Web-Based,5,Recon,0.1406219885771406,0.11435963320320845,0.29510931665947837
4,8,1,True,7,Web-Based,6,Spoofing,0.21676517939110881,0.1590648530268987,0.47882548768979566
4,8,1,True,7,Web-Based,7,Web-Based,0.18495697555488969,0.17693499784306804,0.010130967074348123
4,8,2,False,0,Benign,0,Benign,0.18003734258637566,0.1945718238935019,0.15516749217397513
4,8,2,False,0,Benign,1,BruteForce,0.017823015410828594,0.11931008759433895,0.02020697169099876
4,8,2,False,0,Benign,2,DDoS,0.015258478178033018,0.07601443428882075,0.02483690992421998
4,8,2,False,0,Benign,3,DoS,0.008541900975878678,0.06744835922433437,0.021903132373728325
4,8,2,False,0,Benign,4,Mirai,0.3484719040478078,0.11077546651384518,0.3359140225651714
4,8,2,False,0,Benign,5,Recon,0.38119619539923166,0.12003562133455215,0.38273503638041545
4,8,2,False,0,Benign,6,Spoofing,0.027889382591356607,0.1637475590894407,0.03607525256740638
4,8,2,False,0,Benign,7,Web-Based,0.020781780810488017,0.14809664806116604,0.02316118232408474
4,8,2,False,1,BruteForce,0,Benign,0.17120605052782226,0.15512929810588272,0.1467095370191094
4,8,2,False,1,BruteForce,1,BruteForce,0.03147274370413016,0.20572569869628482,0.022985457984859892
4,8,2,False,1,BruteForce,2,DDoS,0.011948372416348989,0.06643465432296566,0.017791320728001596
4,8,2,False,1,BruteForce,3,DoS,0.006943202415757567,0.03403867280432937,0.01686477535592938
4,8,2,False,1,BruteForce,4,Mirai,0.384924166913382,0.11564811182879077,0.34946964266103686
4,8,2,False,1,BruteForce,5,Recon,0.3285896484030854,0.09732164838465947,0.38500319043422254
4,8,2,False,1,BruteForce,6,Spoofing,0.030332300438104125,0.1435552255142566,0.03336265034182514
4,8,2,False,1,BruteForce,7,Web-Based,0.03458351518136951,0.18214669034283062,0.027813425475015124
4,8,2,False,2,DDoS,0,Benign,0.0473167569056951,0.08030927534953192,0.09243642996206623
4,8,2,False,2,DDoS,1,BruteForce,0.01039064318626848,0.045953753099180844,0.024709175856203476
4,8,2,False,2,DDoS,2,DDoS,0.6299679551609253,0.5446805117883593,0.45204813066914906
4,8,2,False,2,DDoS,3,DoS,0.01011030669564752,0.06333216978694231,0.02210006079565015
4,8,2,False,2,DDoS,4,Mirai,0.16357136354234977,0.09059734636461099,0.18417335762347684
4,8,2,False,2,DDoS,5,Recon,0.11829807467035211,0.06883947887842555,0.17897191068459242
4,8,2,False,2,DDoS,6,Spoofing,0.009768331031699901,0.04868447186607993,0.02380177489314433
4,8,2,False,2,DDoS,7,Web-Based,0.010576568807061874,0.05760299286686921,0.021759159515717497
4,8,2,False,3,DoS,0,Benign,0.02315890981596459,0.06345799236587453,0.07423245721019542
4,8,2,False,3,DoS,1,BruteForce,0.014842207909633576,0.06904312408127762,0.030443967390512406
4,8,2,False,3,DoS,2,DDoS,0.1611507654090763,0.13862400058863433,0.12209621095118063
4,8,2,False,3,DoS,3,DoS,0.5552053727532403,0.49424182795472027,0.2235281468682234
4,8,2,False,3,DoS,4,Mirai,0.13408587960959947,0.08950130808505849,0.24700607328376994
4,8,2,False,3,DoS,5,Recon,0.0863033806574077,0.04322985267383383,0.24790555799165553
4,8,2,False,3,DoS,6,Spoofing,0.014296880819935614,0.07274676069100555,0.029631423152986853
4,8,2,False,3,DoS,7,Web-Based,0.010956603025142396,0.02915513355959535,0.025156163151475817
4,8,2,False,4,Mirai,0,Benign,0.13937691358940613,0.15568547020712065,0.1493377915779523
4,8,2,False,4,Mirai,1,BruteForce,0.017097697115664823,0.1550515815324804,0.01927501948970061
4,8,2,False,4,Mirai,2,DDoS,0.017458828838364415,0.07885286748095853,0.02255940543558527
4,8,2,False,4,Mirai,3,DoS,0.0068163291153697046,0.05937507193865227,0.020264412532864148
4,8,2,False,4,Mirai,4,Mirai,0.57693884476562,0.1542060151254957,0.41690692612713565
4,8,2,False,4,Mirai,5,Recon,0.20068553572391903,0.08625634915683929,0.3150578115032778
4,8,2,False,4,Mirai,6,Spoofing,0.02397632158227632,0.1560604620267986,0.03463700112605171
4,8,2,False,4,Mirai,7,Web-Based,0.017649529269379724,0.1545121825316546,0.021961632207432438
4,8,2,False,5,Recon,0,Benign,0.14436219576701978,0.15987852494837979,0.13991036853333705
4,8,2,False,5,Recon,1,BruteForce,0.027631394046488764,0.18126571898482907,0.022959709159566802
4,8,2,False,5,Recon,2,DDoS,0.010655349055840825,0.06725977487377587,0.01759819314837628
4,8,2,False,5,Recon,3,DoS,0.007121737337704425,0.03747442985682336,0.016998861128553096
4,8,2,False,5,Recon,4,Mirai,0.3273407481730442,0.10764253173119581,0.3418745355520832
4,8,2,False,5,Recon,5,Recon,0.42347690477941485,0.11269867923056881,0.40087168660804506
4,8,2,False,5,Recon,6,Spoofing,0.028443278278679186,0.1396449335086082,0.032696458412240906
4,8,2,False,5,Recon,7,Web-Based,0.030968392561807796,0.1941354068658191,0.027090187457797683
4,8,2,False,6,Spoofing,0,Benign,0.15176112349475637,0.18488344028302267,0.14999845851380175
4,8,2,False,6,Spoofing,1,BruteForce,0.02104365494068042,0.1381709875604367,0.020894841280412003
4,8,2,False,6,Spoofing,2,DDoS,0.009843866793548673,0.07019780364669184,0.01908801949955038
4,8,2,False,6,Spoofing,3,DoS,0.007185723135607878,0.036111988243422044,0.01990548896326303
4,8,2,False,6,Spoofing,4,Mirai,0.33857470159391195,0.11187625740513675,0.31733955553989673
4,8,2,False,6,Spoofing,5,Recon,0.4179716463843422,0.12192333253898392,0.4104761713150622
4,8,2,False,6,Spoofing,6,Spoofing,0.028645866034275328,0.17755366449568477,0.03817166657681523
4,8,2,False,6,Spoofing,7,Web-Based,0.024973417622877244,0.15928252582662128,0.024125798311198696
4,8,2,False,7,Web-Based,0,Benign,0.15657404959284993,0.17919720404090597,0.15534963756362322
4,8,2,False,7,Web-Based,1,BruteForce,0.01926661904576167,0.14049015374866622,0.01998890373401627
4,8,2,False,7,Web-Based,2,DDoS,0.011370470464400848,0.07044210987298179,0.019995455457424424
4,8,2,False,7,Web-Based,3,DoS,0.006736299286345009,0.035843095323951434,0.017779293256949942
4,8,2,False,7,Web-Based,4,Mirai,0.44190234858750305,0.12366795294031935,0.3703569074777412
4,8,2,False,7,Web-Based,5,Recon,0.31368059721188596,0.11435963320320845,0.3576040454011711
4,8,2,False,7,Web-Based,6,Spoofing,0.02665316086435341,0.1590648530268987,0.03456511848490651
4,8,2,False,7,Web-Based,7,Web-Based,0.023816454946900274,0.17693499784306804,0.024360638624167468
4,8,3,False,0,Benign,0,Benign,0.1414256825767731,0.1945718238935019,0.11885254276976849
4,8,3,False,0,Benign,1,BruteForce,0.3899754141007974,0.11931008759433895,0.34183347738017056
4,8,3,False,0,Benign,2,DDoS,0.1063720567946778,0.07601443428882075,0.12378352278465309
4,8,3,False,0,Benign,3,DoS,0.025357128581499296,0.06744835922433437,0.044653900704609784
4,8,3,False,0,Benign,4,Mirai,0.18582873993812546,0.11077546651384518,0.22325900240316113
4,8,3,False,0,Benign,5,Recon,0.09184060337806281,0.12003562133455215,0.09131375981835803
4,8,3,False,0,Benign,6,Spoofing,0.023546103482718243,0.1637475590894407,0.02743729080595953
4,8,3,False,0,Benign,7,Web-Based,0.035654271147345866,0.14809664806116604,0.02886650333331943
4,8,3,False,1,BruteForce,0,Benign,0.09293072257506088,0.15512929810588272,0.10422845740096678
4,8,3,False,1,BruteForce,1,BruteForce,0.5474861052211445,0.20572569869628482,0.4420364598311267
4,8,3,False,1,BruteForce,2,DDoS,0.06286336969865472,0.06643465432296566,0.06434640405943129
4,8,3,False,1,BruteForce,3,DoS,0.026994049927999385,0.03403867280432937,0.04339879802482092
4,8,3,False,1,BruteForce,4,Mirai,0.15659689257232745,0.11564811182879077,0.20464662397004163
4,8,3,False,1,BruteForce,5,Recon,0.04985307250919362,0.09732164838465947,0.08160172798012294
4,8,3,False,1,BruteForce,6,Spoofing,0.023598922892168892,0.1435552255142566,0.028321106426362385
4,8,3,False,1,BruteForce,7,Web-Based,0.039676864603450594,0.18214669034283062,0.03142042230712738
4,8,3,False,2,DDoS,0,Benign,0.038632160914052645,0.08030927534953192,0.05418656669811476
4,8,3,False,2,DDoS,1,BruteForce,0.11919863922303053,0.045953753099180844,0.13362710600047714
4,8,3,False,2,DDoS,2,DDoS,0.6737044715872564,0.5446805117883593,0.6084341304810735
4,8,3,False,2,DDoS,3,DoS,0.018953729859846714,0.06333216978694231,0.029694312183729966
4,8,3,False,2,DDoS,4,Mirai,0.07336538734893551,0.09059734636461099,0.0876212099996208
4,8,3,False,2,DDoS,5,Recon,0.053410053370021957,0.06883947887842555,0.05046877631761053
4,8,3,False,2,DDoS,6,Spoofing,0.009064573804293017,0.04868447186607993,0.016799953749613523
4,8,3,False,2,DDoS,7,Web-Based,0.013670983892563333,0.05760299286686921,0.01916794456975978
4,8,3,False,3,DoS,0,Benign,0.020236620178294924,0.06345799236587453,0.049824806740559134
4,8,3,False,3,DoS,1,BruteForce,0.09546584047669833,0.06904312408127762,0.15871638978004346
4,8,3,False,3,DoS,2,DDoS,0.2733251024767441,0.13862400058863433,0.2739374321325671
4,8,3,False,3,DoS,3,DoS,0.5120280214977827,0.49424182795472027,0.2839548812108047
4,8,3,False,3,DoS,4,Mirai,0.056917924011851695,0.08950130808505849,0.14274198998363813
4,8,3,False,3,DoS,5,Recon,0.019819424341660775,0.04322985267383383,0.046865274202214556
4,8,3,False,3,DoS,6,Spoofing,0.010622117866327156,0.07274676069100555,0.018854402550887935
4,8,3,False,3,DoS,7,Web-Based,0.011584949150640319,0.02915513355959535,0.02510482339928486
4,8,3,False,4,Mirai,0,Benign,0.09405842539072258,0.15568547020712065,0.10394801873029945
4,8,3,False,4,Mirai,1,BruteForce,0.39781056326093395,0.1550515815324804,0.3662581022185664
4,8,3,False,4,Mirai,2,DDoS,0.11097371195972926,0.07885286748095853,0.10740728079125414
4,8,3,False,4,Mirai,3,DoS,0.02270221475237981,0.05937507193865227,0.04208730839404158
4,8,3,False,4,Mirai,4,Mirai,0.269289444071523,0.1542060151254957,0.25034116343665686
4,8,3,False,4,Mirai,5,Recon,0.050153480510823585,0.08625634915683929,0.07377720890383144
4,8,3,False,4,Mirai,6,Spoofing,0.022670635290985133,0.1560604620267986,0.027117561978776256
4,8,3,False,4,Mirai,7,Web-Based,0.03234152476290268,0.1545121825316546,0.029063355546573952
4,8,3,False,5,Recon,0,Benign,0.08685578625471159,0.15987852494837979,0.09756590563366478
4,8,3,False,5,Recon,1,BruteForce,0.5470160912364066,0.18126571898482907,0.4393565922828682
4,8,3,False,5,Recon,2,DDoS,0.059946554122683904,0.06725977487377587,0.06267543526401637
4,8,3,False,5,Recon,3,DoS,0.027781730740474738,0.03747442985682336,0.04463156907363983
4,8,3,False,5,Recon,4,Mirai,0.14110554487764582,0.10764253173119581,0.20565759171174258
4,8,3,False,5,Recon,5,Recon,0.07563075356354419,0.11269867923056881,0.0917340051966015
4,8,3,False,5,Recon,6,Spoofing,0.021849150383797783,0.1396449335086082,0.02682067240807345
4,8,3,False,5,Recon,7,Web-Based,0.03981438882073551,0.1941354068658191,0.03155822842939329
4,8,3,False,6,Spoofing,0,Benign,0.13603222714059696,0.18488344028302267,0.12262083379026725
4,8,3,False,6,Spoofing,1,BruteForce,0.4351321898916658,0.1381709875604367,0.3671513011785513
4,8,3,False,6,Spoofing,2,DDoS,0.055068325524225796,0.07019780364669184,0.07061394487219584
4,8,3,False,6,Spoofing,3,DoS,0.023687889265584777,0.036111988243422044,0.04085530223639366
4,8,3,False,6,Spoofing,4,Mirai,0.18335057921279155,0.11187625740513675,0.2393203767527391
4,8,3,False,6,Spoofing,5,Recon,0.09796748385471322,0.12192333253898392,0.09944266369448852
4,8,3,False,6,Spoofing,6,Spoofing,0.026482956715942047,0.17755366449568477,0.030191004562158057
4,8,3,False,6,Spoofing,7,Web-Based,0.04227834839447988,0.15928252582662128,0.029804572913206245
4,8,3,False,7,Web-Based,0,Benign,0.12498277657265199,0.17919720404090597,0.12166781308232819
4,8,3,False,7,Web-Based,1,BruteForce,0.43183622575723657,0.14049015374866622,0.381819740473302
4,8,3,False,7,Web-Based,2,DDoS,0.0685462724645697,0.07044210987298179,0.08681887661962281
4,8,3,False,7,Web-Based,3,DoS,0.025074801911590203,0.035843095323951434,0.03828257697757771
4,8,3,False,7,Web-Based,4,Mirai,0.2013146287147675,0.12366795294031935,0.22489869579251326
4,8,3,False,7,Web-Based,5,Recon,0.08391435190731412,0.11435963320320845,0.08862106663524917
4,8,3,False,7,Web-Based,6,Spoofing,0.024485450860893637,0.1590648530268987,0.027871303862086062
4,8,3,False,7,Web-Based,7,Web-Based,0.03984549181097643,0.17693499784306804,0.030019926557320668
4,8,4,False,0,Benign,0,Benign,0.5383115766266183,0.1945718238935019,0.5079957351917117
4,8,4,False,0,Benign,1,BruteForce,0.01806564391555049,0.11931008759433895,0.01748946183137613
4,8,4,False,0,Benign,2,DDoS,0.014923088139692035,0.07601443428882075,0.021068978105766273
4,8,4,False,0,Benign,3,DoS,0.05816238334854683,0.06744835922433437,0.11805400248392045
4,8,4,False,0,Benign,4,Mirai,0.06212643828940627,0.11077546651384518,0.051857750097300044
4,8,4,False,0,Benign,5,Recon,0.041344655194460664,0.12003562133455215,0.044870356461185056
4,8,4,False,0,Benign,6,Spoofing,0.13637550046826777,0.1637475590894407,0.12974401873056032
4,8,4,False,0,Benign,7,Web-Based,0.1306907140174577,0.14809664806116604,0.10891969709817997
4,8,4,False,1,BruteForce,0,Benign,0.49307576711489537,0.15512929810588272,0.5389955761261209
4,8,4,False,1,BruteForce,1,BruteForce,0.0244303440025446,0.20572569869628482,0.017308943523206857
4,8,4,False,1,BruteForce,2,DDoS,0.015165168437501248,0.06643465432296566,0.019094587480338956
4,8,4,False,1,BruteForce,3,DoS,0.026306716741065644,0.03403867280432937,0.046011712086405
4,8,4,False,1,BruteForce,4,Mirai,0.07846009259133005,0.11564811182879077,0.05660047445349295
4,8,4,False,1,BruteForce,5,Recon,0.037236804238225854,0.09732164838465947,0.04878325819914148
4,8,4,False,1,BruteForce,6,Spoofing,0.13949236783828725,0.1435552255142566,0.13701215473952064
4,8,4,False,1,BruteForce,7,Web-Based,0.18583273903615005,0.18214669034283062,0.13619329339177316
4,8,4,False,2,DDoS,0,Benign,0.1509648976112589,0.08030927534953192,0.24393959575792235
4,8,4,False,2,DDoS,1,BruteForce,0.014140967484565956,0.045953753099180844,0.022141041236417712
4,8,4,False,2,DDoS,2,DDoS,0.5937216964630723,0.5446805117883593,0.4235565978710404
4,8,4,False,2,DDoS,3,DoS,0.07064409391441864,0.06333216978694231,0.10550288890410102
4,8,4,False,2,DDoS,4,Mirai,0.038957863655112265,0.09059734636461099,0.038561222616288644
4,8,4,False,2,DDoS,5,Recon,0.023810081210232825,0.06883947887842555,0.031050563041224537
4,8,4,False,2,DDoS,6,Spoofing,0.04363992566509134,0.04868447186607993,0.06882433656623298
4,8,4,False,2,DDoS,7,Web-Based,0.06412047399624786,0.05760299286686921,0.06642375400677236
4,8,4,False,3,DoS,0,Benign,0.05771233854891858,0.06345799236587453,0.07787514820812906
4,8,4,False,3,DoS,1,BruteForce,0.007551707906915107,0.06904312408127762,0.018979474854902208
4,8,4,False,3,DoS,2,DDoS,0.02385072070210772,0.13862400058863433,0.028906935572254794
4,8,4,False,3,DoS,3,DoS,0.8432294576543641,0.49424182795472027,0.7484607123074821
4,8,4,False,3,DoS,4,Mirai,0.012333728120461893,0.08950130808505849,0.023447361734180414
4,8,4,False,3,DoS,5,Recon,0.008347224613838777,0.04322985267383383,0.01725485135104091
4,8,4,False,3,DoS,6,Spoofing,0.02542790943012675,0.07274676069100555,0.04805986709779222
4,8,4,False,3,DoS,7,Web-Based,0.02154691302326707,0.02915513355959535,0.03701564887421835
4,8,4,False,4,Mirai,0,Benign,0.48204088856663646,0.15568547020712065,0.4965879247066158
4,8,4,False,4,Mirai,1,BruteForce,0.020134527130164125,0.1550515815324804,0.01775053418160157
4,8,4,False,4,Mirai,2,DDoS,0.015142419672169963,0.07885286748095853,0.01977268644247351
4,8,4,False,4,Mirai,3,DoS,0.059151271042465196,0.05937507193865227,0.12263830614322681
4,8,4,False,4,Mirai,4,Mirai,0.11483668228635814,0.1542060151254957,0.05638430205370269
4,8,4,False,4,Mirai,5,Recon,0.0307804537818569,0.08625634915683929,0.04138758345937428
4,8,4,False,4,Mirai,6,Spoofing,0.14050372994556792,0.1560604620267986,0.1311358886537027
4,8,4,False,4,Mirai,7,Web-Based,0.13741002757478132,0.1545121825316546,0.11434277435930258
4,8,4,False,5,Recon,0,Benign,0.49640285589326627,0.15987852494837979,0.5312455447983859
4,8,4,False,5,Recon,1,BruteForce,0.023720421786496828,0.18126571898482907,0.0175746854967464
4,8,4,False,5,Recon,2,DDoS,0.014635985842041769,0.06725977487377587,0.019201740904951983
4,8,4,False,5,Recon,3,DoS,0.028845666133636316,0.03747442985682336,0.051801502990743445
4,8,4,False,5,Recon,4,Mirai,0.06640876538918385,0.10764253173119581,0.05578130400813185
4,8,4,False,5,Recon,5,Recon,0.055377938628496166,0.11269867923056881,0.0544097450669764
4,8,4,False,5,Recon,6,Spoofing,0.12592514868690044,0.1396449335086082,0.13279172107750647
4,8,4,False,5,Recon,7,Web-Based,0.1886832176399785,0.1941354068658191,0.13719375565655736
4,8,4,False,6,Spoofing,0,Benign,0.5218522907526343,0.18488344028302267,0.5367291950120796
4,8,4,False,6,Spoofing,1,BruteForce,0.019110083510138744,0.1381709875604367,0.017387891299526708
4,8,4,False,6,Spoofing,2,DDoS,0.013484192445518559,0.07019780364669184,0.019919672538647067
4,8,4,False,6,Spoofing,3,DoS,0.02600623836349591,0.036111988243422044,0.07140899313666473
4,8,4,False,6,Spoofing,4,Mirai,0.06322225959032282,0.11187625740513675,0.05230154226277583
4,8,4,False,6,Spoofing,5,Recon,0.041226775153405754,0.12192333253898392,0.04718666696582754
4,8,4,False,6,Spoofing,6,Spoofing,0.1707303808094175,0.17755366449568477,0.1407045503825967
4,8,4,False,6,Spoofing,7,Web-Based,0.14436777937506637,0.15928252582662128,0.11436148840188197
4,8,4,False,7,Web-Based,0,Benign,0.5209919892925735,0.17919720404090597,0.5452923947553538
4,8,4,False,7,Web-Based,1,BruteForce,0.020066852609010203,0.14049015374866622,0.017324480126832013
4,8,4,False,7,Web-Based,2,DDoS,0.014051513030306747,0.07044210987298179,0.020624852395507213
4,8,4,False,7,Web-Based,3,DoS,0.028300219900894204,0.035843095323951434,0.051402003499636945
4,8,4,False,7,Web-Based,4,Mirai,0.08093181952744215,0.12366795294031935,0.05589367899116845
4,8,4,False,7,Web-Based,5,Recon,0.03794236098305981,0.11435963320320845,0.04665063687173556
4,8,4,False,7,Web-Based,6,Spoofing,0.13855145262066085,0.1590648530268987,0.134926452910806
4,8,4,False,7,Web-Based,7,Web-Based,0.1591637920360524,0.17693499784306804,0.12788550044896002
4,8,5,False,0,Benign,0,Benign,0.4797769415414595,0.1945718238935019,0.3783280723088211
4,8,5,False,0,Benign,1,BruteForce,0.008666109607024231,0.11931008759433895,0.017547510079094965
4,8,5,False,0,Benign,2,DDoS,0.037263307340015595,0.07601443428882075,0.051107934128251306
4,8,5,False,0,Benign,3,DoS,0.009402176949150298,0.06744835922433437,0.01959878619832978
4,8,5,False,0,Benign,4,Mirai,0.02135801019710267,0.11077546651384518,0.02363074014508072
4,8,5,False,0,Benign,5,Recon,0.05826781787373659,0.12003562133455215,0.0744806952042887
4,8,5,False,0,Benign,6,Spoofing,0.3723064698709594,0.1637475590894407,0.41640980896830043
4,8,5,False,0,Benign,7,Web-Based,0.01295916662055176,0.14809664806116604,0.018896452967833058
4,8,5,False,1,BruteForce,0,Benign,0.4927859356064481,0.15512929810588272,0.4220793397155259
4,8,5,False,1,BruteForce,1,BruteForce,0.01054013016833496,0.20572569869628482,0.017452424571843622
4,8,5,False,1,BruteForce,2,DDoS,0.0168517321079168,0.06643465432296566,0.030756218001764053
4,8,5,False,1,BruteForce,3,DoS,0.007448516515757945,0.03403867280432937,0.019057952971509008
4,8,5,False,1,BruteForce,4,Mirai,0.02298882627533394,0.11564811182879077,0.02385929989556012
4,8,5,False,1,BruteForce,5,Recon,0.051138840021241416,0.09732164838465947,0.0768380145216068
4,8,5,False,1,BruteForce,6,Spoofing,0.38393347915742465,0.1435552255142566,0.3907260856561628
4,8,5,False,1,BruteForce,7,Web-Based,0.014312540147542073,0.18214669034283062,0.019230664666027766
4,8,5,False,2,DDoS,0,Benign,0.1483786514935734,0.08030927534953192,0.15728459891530153
4,8,5,False,2,DDoS,1,BruteForce,0.008062490371293281,0.045953753099180844,0.020081329595853403
4,8,5,False,2,DDoS,2,DDoS,0.6559437215969207,0.5446805117883593,0.5617724981376889
4,8,5,False,2,DDoS,3,DoS,0.0070474648440344975,0.06333216978694231,0.012859254036653837
4,8,5,False,2,DDoS,4,Mirai,0.011524572387467152,0.09059734636461099,0.019400251437496654
4,8,5,False,2,DDoS,5,Recon,0.04189610148179179,0.06883947887842555,0.04233680995181692
4,8,5,False,2,DDoS,6,Spoofing,0.11989430178413306,0.04868447186607993,0.17072499753583964
4,8,5,False,2,DDoS,7,Web-Based,0.007252696040786147,0.05760299286686921,0.01554026038934899
4,8,5,False,3,DoS,0,Benign,0.0817126188424777,0.06345799236587453,0.1521870865087781
4,8,5,False,3,DoS,1,BruteForce,0.012402288346424113,0.06904312408127762,0.02707200618051485
4,8,5,False,3,DoS,2,DDoS,0.16541848916951954,0.13862400058863433,0.14666000047508393
4,8,5,False,3,DoS,3,DoS,0.45397064419157895,0.49424182795472027,0.18098746353411105
4,8,5,False,3,DoS,4,Mirai,0.010170521723962538,0.08950130808505849,0.0225941413864522
4,8,5,False,3,DoS,5,Recon,0.019949841405856258,0.04322985267383383,0.047561405360367064
4,8,5,False,3,DoS,6,Spoofing,0.2477538898841442,0.07274676069100555,0.40015524914078443
4,8,5,False,3,DoS,7,Web-Based,0.008621706436036733,0.02915513355959535,0.02278264741390845
4,8,5,False,4,Mirai,0,Benign,0.4517752944297528,0.15568547020712065,0.3881948853418603
4,8,5,False,4,Mirai,1,BruteForce,0.00999147109543015,0.1550515815324804,0.017591480932306197
4,8,5,False,4,Mirai,2,DDoS,0.03621837258706686,0.07885286748095853,0.04069487135055433
4,8,5,False,4,Mirai,3,DoS,0.008681636937375066,0.05937507193865227,0.019884109120460344
4,8,5,False,4,Mirai,4,Mirai,0.026710151723811925,0.1542060151254957,0.024656434139932532
4,8,5,False,4,Mirai,5,Recon,0.043164506139373914,0.08625634915683929,0.0680386101742592
4,8,5,False,4,Mirai,6,Spoofing,0.41062152969590154,0.1560604620267986,0.422302547286838
4,8,5,False,4,Mirai,7,Web-Based,0.012837037391287748,0.1545121825316546,0.01863706165378906
4,8,5,False,5,Recon,0,Benign,0.5045432063372294,0.15987852494837979,0.4165851513257524
4,8,5,False,5,Recon,1,BruteForce,0.010150641472492802,0.18126571898482907,0.017232907660537707
4,8,5,False,5,Recon,2,DDoS,0.01624802498285215,0.06725977487377587,0.030855083847475456
4,8,5,False,5,Recon,3,DoS,0.007613299260495906,0.03747442985682336,0.01930504435685354
4,8,5,False,5,Recon,4,Mirai,0.021758224563360903,0.10764253173119581,0.023053352050397432
4,8,5,False,5,Recon,5,Recon,0.08208513695359439,0.11269867923056881,0.09082699923357593
4,8,5,False,5,Recon,6,Spoofing,0.34277264052162,0.1396449335086082,0.3830407149459981
4,8,5,False,5,Recon,7,Web-Based,0.014828825908354595,0.1941354068658191,0.019100746579409494
4,8,5,False,6,Spoofing,0,Benign,0.45261994376504683,0.18488344028302267,0.384339731543249
4,8,5,False,6,Spoofing,1,BruteForce,0.008636279635483126,0.1381709875604367,0.017071650158905514
4,8,5,False,6,Spoofing,2,DDoS,0.015602422045153825,0.07019780364669184,0.03154310353527155
4,8,5,False,6,Spoofing,3,DoS,0.007488646562377234,0.036111988243422044,0.01963870014916002
4,8,5,False,6,Spoofing,4,Mirai,0.021140654019737855,0.11187625740513675,0.02363134532308709
4,8,5,False,6,Spoofing,5,Recon,0.05653269454482548,0.12192333253898392,0.07216007608053722
4,8,5,False,6,Spoofing,6,Spoofing,0.4250498625934363,0.17755366449568477,0.4330544183475924
4,8,5,False,6,Spoofing,7,Web-Based,0.01292949683393947,0.15928252582662128,0.018560974862197207
4,8,5,False,7,Web-Based,0,Benign,0.49491417631003537,0.17919720404090597,0.4216269510220606
4,8,5,False,7,Web-Based,1,BruteForce,0.009268507666334018,0.14049015374866622,0.01734601397073613
4,8,5,False,7,Web-Based,2,DDoS,0.016625751398008523,0.07044210987298179,0.033328462487528146
4,8,5,False,7,Web-Based,3,DoS,0.007596130144287709,0.035843095323951434,0.019046315251843134
4,8,5,False,7,Web-Based,4,Mirai,0.02368323401094739,0.12366795294031935,0.02389689832549251
4,8,5,False,7,Web-Based,5,Recon,0.051591431717127524,0.11435963320320845,0.07154520334700588
4,8,5,False,7,Web-Based,6,Spoofing,0.38278713893674066,0.1590648530268987,0.3943679879536759
4,8,5,False,7,Web-Based,7,Web-Based,0.013533629816518985,0.17693499784306804,0.018842167641657553
4,8,6,False,0,Benign,0,Benign,0.5891734169899753,0.1945718238935019,0.5635906685768259
4,8,6,False,0,Benign,1,BruteForce,0.07409327783591961,0.11931008759433895,0.07299659075803594
4,8,6,False,0,Benign,2,DDoS,0.014232449052735017,0.07601443428882075,0.022728536544494627
4,8,6,False,0,Benign,3,DoS,0.010301858704829463,0.06744835922433437,0.031804090117990215
4,8,6,False,0,Benign,4,Mirai,0.2716934151455216,0.11077546651384518,0.2587297366439052
4,8,6,False,0,Benign,5,Recon,0.015321517559219724,0.12003562133455215,0.018895481360983485
4,8,6,False,0,Benign,6,Spoofing,0.01418376536197769,0.1637475590894407,0.0177701765605472
4,8,6,False,0,Benign,7,Web-Based,0.011000299349821645,0.14809664806116604,0.01348471943721746
4,8,6,False,1,BruteForce,0,Benign,0.5335113623768727,0.15512929810588272,0.5549714020686299
4,8,6,False,1,BruteForce,1,BruteForce,0.1078686459461493,0.20572569869628482,0.08560280046420034
4,8,6,False,1,BruteForce,2,DDoS,0.01647357345433288,0.06643465432296566,0.021062767913920828
4,8,6,False,1,BruteForce,3,DoS,0.009107913329461561,0.03403867280432937,0.02567387307698594
4,8,6,False,1,BruteForce,4,Mirai,0.2902141852808481,0.11564811182879077,0.26100076552171436
4,8,6,False,1,BruteForce,5,Recon,0.014017953111141913,0.09732164838465947,0.019051100528756047
4,8,6,False,1,BruteForce,6,Spoofing,0.015372993145184874,0.1435552255142566,0.018381569423341976
4,8,6,False,1,BruteForce,7,Web-Based,0.013433373356008735,0.18214669034283062,0.014255721002450587
4,8,6,False,2,DDoS,0,Benign,0.2568720425259597,0.08030927534953192,0.4202436186435445
4,8,6,False,2,DDoS,1,BruteForce,0.04209918894964438,0.045953753099180844,0.05236872798432571
4,8,6,False,2,DDoS,2,DDoS,0.32935231394432823,0.5446805117883593,0.18140853702907217
4,8,6,False,2,DDoS,3,DoS,0.023906512441487043,0.06333216978694231,0.03450566219496077
4,8,6,False,2,DDoS,4,Mirai,0.31450439163806837,0.09059734636461099,0.2590831465024586
4,8,6,False,2,DDoS,5,Recon,0.012211047367233585,0.06883947887842555,0.018087462278336484
4,8,6,False,2,DDoS,6,Spoofing,0.010885623648948517,0.04868447186607993,0.017904361348387392
4,8,6,False,2,DDoS,7,Web-Based,0.010168879484330163,0.05760299286686921,0.016398484018914375
4,8,6,False,3,DoS,0,Benign,0.11772269004898538,0.06345799236587453,0.25688272991575484
4,8,6,False,3,DoS,1,BruteForce,0.05406729637301498,0.06904312408127762,0.06691429012445817
4,8,6,False,3,DoS,2,DDoS,0.031089796676517394,0.13862400058863433,0.040240292913036796
4,8,6,False,3,DoS,3,DoS,0.6171676573630355,0.49424182795472027,0.3115024818327052
4,8,6,False,3,DoS,4,Mirai,0.14793930466579558,0.08950130808505849,0.26550556668029934
4,8,6,False,3,DoS,5,Recon,0.009966693618956048,0.04322985267383383,0.02110137052285292
4,8,6,False,3,DoS,6,Spoofing,0.011828736923236443,0.07274676069100555,0.018396588269915543
4,8,6,False,3,DoS,7,Web-Based,0.01021782433045885,0.02915513355959535,0.019456679740977197
4,8,6,False,4,Mirai,0,Benign,0.44909504703618364,0.15568547020712065,0.5069725828697176
4,8,6,False,4,Mirai,1,BruteForce,0.07917249255487402,0.1550515815324804,0.07708283150685984
4,8,6,False,4,Mirai,2,DDoS,0.01664137389795475,0.07885286748095853,0.023175436673754362
4,8,6,False,4,Mirai,3,DoS,0.009697959954378764,0.05937507193865227,0.029480894384506
4,8,6,False,4,Mirai,4,Mirai,0.407364829270168,0.1542060151254957,0.31307240406737114
4,8,6,False,4,Mirai,5,Recon,0.012453440382539593,0.08625634915683929,0.018484869990236578
4,8,6,False,4,Mirai,6,Spoofing,0.014227834435509441,0.1560604620267986,0.017907721722121184
4,8,6,False,4,Mirai,7,Web-Based,0.011347022468391723,0.1545121825316546,0.013823258785433315
4,8,6,False,5,Recon,0,Benign,0.5437399628915316,0.15987852494837979,0.5511247022879678
4,8,6,False,5,Recon,1,BruteForce,0.11209801348699218,0.18126571898482907,0.08735828671699891
4,8,6,False,5,Recon,2,DDoS,0.01666316587575992,0.06725977487377587,0.021377815255414247
4,8,6,False,5,Recon,3,DoS,0.010131574736328237,0.03747442985682336,0.026286416125428317
4,8,6,False,5,Recon,4,Mirai,0.2710434399153154,0.10764253173119581,0.2618948779018005
4,8,6,False,5,Recon,5,Recon,0.017485129462579973,0.11269867923056881,0.019279064524510857
4,8,6,False,5,Recon,6,Spoofing,0.015135147912760348,0.1396449335086082,0.018291903731509438
4,8,6,False,5,Recon,7,Web-Based,0.013703565718732285,0.1941354068658191,0.014386933456370042
4,8,6,False,6,Spoofing,0,Benign,0.5675352466645324,0.18488344028302267,0.574631586254015
4,8,6,False,6,Spoofing,1,BruteForce,0.08090347792627899,0.1381709875604367,0.07334502540275967
4,8,6,False,6,Spoofing,2,DDoS,0.014161810074574515,0.07019780364669184,0.02158222435786873
4,8,6,False,6,Spoofing,3,DoS,0.008630213756622398,0.036111988243422044,0.026679753006541466
4,8,6,False,6,Spoofing,4,Mirai,0.28781431226740667,0.11187625740513675,0.2542762647531606
4,8,6,False,6,Spoofing,5,Recon,0.015064437358064535,0.12192333253898392,0.01860513125670131
4,8,6,False,6,Spoofing,6,Spoofing,0.01414116901206474,0.17755366449568477,0.017691682519896265
4,8,6,False,6,Spoofing,7,Web-Based,0.011749332940455945,0.15928252582662128,0.013188332449056994
4,8,6,False,7,Web-Based,0,Benign,0.5349302295405793,0.17919720404090597,0.5607980975870772
4,8,6,False,7,Web-Based,1,BruteForce,0.07964855869801636,0.14049015374866622,0.07829739978430017
4,8,6,False,7,Web-Based,2,DDoS,0.014426023459296534,0.07044210987298179,0.021601190255963076
4,8,6,False,7,Web-Based,3,DoS,0.008405522107242203,0.035843095323951434,0.024415889745459884
4,8,6,False,7,Web-Based,4,Mirai,0.3225907822689088,0.12366795294031935,0.26472536396730617
4,8,6,False,7,Web-Based,5,Recon,0.01415417677001324,0.11435963320320845,0.01866916262239674
4,8,6,False,7,Web-Based,6,Spoofing,0.014152365478412799,0.1590648530268987,0.01774326431444597
4,8,6,False,7,Web-Based,7,Web-Based,0.011692341677530764,0.17693499784306804,0.013749631723050777
4,8,7,True,0,Benign,0,Benign,0.08418496286670556,0.1945718238935019,0.1612130099482367
4,8,7,True,0,Benign,1,BruteForce,0.24185329443428205,0.11931008759433895,0.021549698594711935
4,8,7,True,0,Benign,2,DDoS,0.15414858064953177,0.07601443428882075,0.21755281072488927
4,8,7,True,0,Benign,3,DoS,0.05033952397921607,0.06744835922433437,0.0507713524334422
4,8,7,True,0,Benign,4,Mirai,0.058237047917623325,0.11077546651384518,0.10149800229687622
4,8,7,True,0,Benign,5,Recon,0.06219995671936532,0.12003562133455215,0.08915834590119735
4,8,7,True,0,Benign,6,Spoofing,0.11807964572054945,0.1637475590894407,0.2752811876886586
4,8,7,True,0,Benign,7,Web-Based,0.23095698771272644,0.14809664806116604,0.0829755924119876
4,8,7,True,1,BruteForce,0,Benign,0.08179250435083943,0.15512929810588272,0.17216505788819655
4,8,7,True,1,BruteForce,1,BruteForce,0.2539660113571017,0.20572569869628482,0.023489184260006412
4,8,7,True,1,BruteForce,2,DDoS,0.1408934520483875,0.06643465432296566,0.1782194383822207
4,8,7,True,1,BruteForce,3,DoS,0.04905975473061517,0.03403867280432937,0.02107490955539629
4,8,7,True,1,BruteForce,4,Mirai,0.059621967546478964,0.11564811182879077,0.11609453677926099
4,8,7,True,1,BruteForce,5,Recon,0.06004046266458888,0.09732164838465947,0.10624656030471129
4,8,7,True,1,BruteForce,6,Spoofing,0.11701039224243688,0.1435552255142566,0.27772178577655626
4,8,7,True,1,BruteForce,7,Web-Based,0.23761545505955153,0.18214669034283062,0.10498852705365155
4,8,7,True,2,DDoS,0,Benign,0.07108284725297476,0.08030927534953192,0.05957168728630258
4,8,7,True,2,DDoS,1,BruteForce,0.22640904493826497,0.045953753099180844,0.018248559763005344
4,8,7,True,2,DDoS,2,DDoS,0.22672720951434983,0.5446805117883593,0.6887717265507326
4,8,7,True,2,DDoS,3,DoS,0.06970858794056065,0.06333216978694231,0.027932282682672043
4,8,7,True,2,DDoS,4,Mirai,0.05485875059548892,0.09059734636461099,0.04457647051358587
4,8,7,True,2,DDoS,5,Recon,0.05930017990891252,0.06883947887842555,0.04837520167158278
4,8,7,True,2,DDoS,6,Spoofing,0.07643851011747285,0.04868447186607993,0.07689998253077296
4,8,7,True,2,DDoS,7,Web-Based,0.2154748697319756,0.05760299286686921,0.03562408900134586
4,8,7,True,3,DoS,0,Benign,0.05236416092387865,0.06345799236587453,0.042044694103497406
4,8,7,True,3,DoS,1,BruteForce,0.23619919810023396,0.06904312408127762,0.022903262186133883
4,8,7,True,3,DoS,2,DDoS,0.19735631692145442,0.13862400058863433,0.29928914497879966
4,8,7,True,3,DoS,3,DoS,0.12805494458259437,0.49424182795472027,0.39409129704328877
4,8,7,True,3,DoS,4,Mirai,0.060213369196080724,0.08950130808505849,0.046517135311820994
4,8,7,True,3,DoS,5,Recon,0.04378137019027638,0.04322985267383383,0.03586961341078116
4,8,7,True,3,DoS,6,Spoofing,0.08180542048680724,0.07274676069100555,0.11958088099153534
4,8,7,True,3,DoS,7,Web-Based,0.20022521959867426,0.02915513355959535,0.03970397197414285
4,8,7,True,4,Mirai,0,Benign,0.07972486632262223,0.15568547020712065,0.15803829928626134
4,8,7,True,4,Mirai,1,BruteForce,0.24533810136586798,0.1550515815324804,0.02324967474085569
4,8,7,True,4,Mirai,2,DDoS,0.1556418821228529,0.07885286748095853,0.21429951582599055
4,8,7,True,4,Mirai,3,DoS,0.05149231962635762,0.05937507193865227,0.04786313847895252
4,8,7,True,4,Mirai,4,Mirai,0.06403282495334105,0.1542060151254957,0.12158082011883178
4,8,7,True,4,Mirai,5,Recon,0.05627150861872159,0.08625634915683929,0.07913860738665386
4,8,7,True,4,Mirai,6,Spoofing,0.11844073832838516,0.1560604620267986,0.2673355405055664
4,8,7,True,4,Mirai,7,Web-Based,0.2290577586618515,0.1545121825316546,0.08849440365688792
4,8,7,True,5,Recon,0,Benign,0.080726202604722,0.15987852494837979,0.16933151293432142
4,8,7,True,5,Recon,1,BruteForce,0.2564978337573953,0.18126571898482907,0.023268371573153347
4,8,7,True,5,Recon,2,DDoS,0.1400022535116507,0.06725977487377587,0.17770704044744995
4,8,7,True,5,Recon,3,DoS,0.049309404465963075,0.03747442985682336,0.021267034241298704
4,8,7,True,5,Recon,4,Mirai,0.05879495805273713,0.10764253173119581,0.11627460050720387
4,8,7,True,5,Recon,5,Recon,0.0617965748556166,0.11269867923056881,0.12369832313348705
4,8,7,True,5,Recon,6,Spoofing,0.11449360539823607,0.1396449335086082,0.26291838932884415
4,8,7,True,5,Recon,7,Web-Based,0.23837916735367917,0.1941354068658191,0.10553472783424149
4,8,7,True,6,Spoofing,0,Benign,0.08354841970491828,0.18488344028302267,0.17501644461271487
4,8,7,True,6,Spoofing,1,BruteForce,0.24330088237973094,0.1381709875604367,0.021484065384614778
4,8,7,True,6,Spoofing,2,DDoS,0.14192700404799144,0.07019780364669184,0.15969167991808367
4,8,7,True,6,Spoofing,3,DoS,0.048335707239369585,0.036111988243422044,0.040222036031223
4,8,7,True,6,Spoofing,4,Mirai,0.06031169595384182,0.11187625740513675,0.10437302873967663
4,8,7,True,6,Spoofing,5,Recon,0.06374852523274466,0.12192333253898392,0.09595536247509695
4,8,7,True,6,Spoofing,6,Spoofing,0.12475034061439409,0.17755366449568477,0.3146634533266313
4,8,7,True,6,Spoofing,7,Web-Based,0.2340774248270092,0.15928252582662128,0.0885939295119589
4,8,7,True,7,Web-Based,0,Benign,0.0841083122545574,0.17919720404090597,0.1783952917633801
4,8,7,True,7,Web-Based,1,BruteForce,0.24364527153824123,0.14049015374866622,0.02330923188089099
4,8,7,True,7,Web-Based,2,DDoS,0.14254709904375404,0.07044210987298179,0.1826001336201361
4,8,7,True,7,Web-Based,3,DoS,0.048895891141889185,0.035843095323951434,0.024411332109139233
4,8,7,True,7,Web-Based,4,Mirai,0.0604593741939361,0.12366795294031935,0.11430485638861031
4,8,7,True,7,Web-Based,5,Recon,0.062383841164093866,0.11435963320320845,0.09879631550710012
4,8,7,True,7,Web-Based,6,Spoofing,0.11950708405147627,0.1590648530268987,0.28042700437631257
4,8,7,True,7,Web-Based,7,Web-Based,0.23845312661205184,0.17693499784306804,0.09775583435443067
4,8,8,True,0,Benign,0,Benign,0.05491795351381601,0.1945718238935019,0.019132850159553263
4,8,8,True,0,Benign,1,BruteForce,0.22697336508701282,0.11931008759433895,0.016068908819353574
4,8,8,True,0,Benign,2,DDoS,0.05659475955207055,0.07601443428882075,0.04439965505164727
4,8,8,True,0,Benign,3,DoS,0.058523380084873435,0.06744835922433437,0.056110536479231185
4,8,8,True,0,Benign,4,Mirai,0.06759722945061727,0.11077546651384518,0.02349910412323074
4,8,8,True,0,Benign,5,Recon,0.05893919480877306,0.12003562133455215,0.03706211308079212
4,8,8,True,0,Benign,6,Spoofing,0.2718799447814112,0.1637475590894407,0.7847352431503148
4,8,8,True,0,Benign,7,Web-Based,0.20457417272142567,0.14809664806116604,0.0189915891358769
4,8,8,True,1,BruteForce,0,Benign,0.054073502872896965,0.15512929810588272,0.017743662669092622
4,8,8,True,1,BruteForce,1,BruteForce,0.23836214885174647,0.20572569869628482,0.012867881546379339
4,8,8,True,1,BruteForce,2,DDoS,0.052593253274557515,0.06643465432296566,0.021160047750757877
4,8,8,True,1,BruteForce,3,DoS,0.05895935511788972,0.03403867280432937,0.028157277884586593
4,8,8,True,1,BruteForce,4,Mirai,0.06574228040155435,0.11564811182879077,0.02336187849024363
4,8,8,True,1,BruteForce,5,Recon,0.05859176909258302,0.09732164838465947,0.03457158621983451
4,8,8,True,1,BruteForce,6,Spoofing,0.26805439625620864,0.1435552255142566,0.8435205502423192
4,8,8,True,1,BruteForce,7,Web-Based,0.20362329413256341,0.18214669034283062,0.018617115196786365
4,8,8,True,2,DDoS,0,Benign,0.0463609443891227,0.08030927534953192,0.024591890673603345
4,8,8,True,2,DDoS,1,BruteForce,0.22518457905264397,0.045953753099180844,0.020488245038388166
4,8,8,True,2,DDoS,2,DDoS,0.15905214646379676,0.5446805117883593,0.5738390966700034
4,8,8,True,2,DDoS,3,DoS,0.06967093534825129,0.06333216978694231,0.03673158361827515
4,8,8,True,2,DDoS,4,Mirai,0.08056610467747699,0.09059734636461099,0.020919818015688825
4,8,8,True,2,DDoS,5,Recon,0.047650694275427515,0.06883947887842555,0.0387585856693685
4,8,8,True,2,DDoS,6,Spoofing,0.1816110635023228,0.04868447186607993,0.2685450562657869
4,8,8,True,2,DDoS,7,Web-Based,0.18990353229095788,0.05760299286686921,0.016125724048885598
4,8,8,True,3,DoS,0,Benign,0.04201420893181655,0.06345799236587453,0.016584975605900075
4,8,8,True,3,DoS,1,BruteForce,0.22923928466123317,0.06904312408127762,0.02787357350144254
4,8,8,True,3,DoS,2,DDoS,0.07459479033352936,0.13862400058863433,0.12449545436992798
4,8,8,True,3,DoS,3,DoS,0.12711912641033046,0.49424182795472027,0.412110294493304
4,8,8,True,3,DoS,4,Mirai,0.08881907709214527,0.08950130808505849,0.023082992246806874
4,8,8,True,3,DoS,5,Recon,0.04492192916293287,0.04322985267383383,0.026149152840062008
4,8,8,True,3,DoS,6,Spoofing,0.17767542117208437,0.07274676069100555,0.35010463360183147
4,8,8,True,3,DoS,7,Web-Based,0.215616162235928,0.02915513355959535,0.019598923340725164
4,8,8,True,4,Mirai,0,Benign,0.05226872851274116,0.15568547020712065,0.017301721504134907
4,8,8,True,4,Mirai,1,BruteForce,0.2304851936319117,0.1550515815324804,0.014990765983382903
4,8,8,True,4,Mirai,2,DDoS,0.057538571008366894,0.07885286748095853,0.03027142230568031
4,8,8,True,4,Mirai,3,DoS,0.059722262766175864,0.05937507193865227,0.053350498446353464
4,8,8,True,4,Mirai,4,Mirai,0.07502488106538462,0.1542060151254957,0.02456751041949872
4,8,8,True,4,Mirai,5,Recon,0.05481649975602815,0.08625634915683929,0.029649843710601795
4,8,8,True,4,Mirai,6,Spoofing,0.26875456840568135,0.1560604620267986,0.8112694934879471
4,8,8,True,4,Mirai,7,Web-Based,0.2013892948537104,0.1545121825316546,0.018598744142400783
4,8,8,True,5,Recon,0,Benign,0.053168019862426134,0.15987852494837979,0.017602542741750285
4,8,8,True,5,Recon,1,BruteForce,0.2421412563805325,0.18126571898482907,0.01298889133185358
4,8,8,True,5,Recon,2,DDoS,0.05221047353051849,0.06725977487377587,0.021295275993342844
4,8,8,True,5,Recon,3,DoS,0.059767391999156795,0.03747442985682336,0.029473546456429113
4,8,8,True,5,Recon,4,Mirai,0.06546985233912155,0.10764253173119581,0.02327832259421718
4,8,8,True,5,Recon,5,Recon,0.06052540512019106,0.11269867923056881,0.04548564476427263
4,8,8,True,5,Recon,6,Spoofing,0.2610787080617575,0.1396449335086082,0.8312604056001496
4,8,8,True,5,Recon,7,Web-Based,0.205638892706296,0.1941354068658191,0.01861537051798485
4,8,8,True,6,Spoofing,0,Benign,0.05407115309045866,0.18488344028302267,0.017410521247189895
4,8,8,True,6,Spoofing,1,BruteForce,0.22568254421351552,0.1381709875604367,0.013890804576603797
4,8,8,True,6,Spoofing,2,DDoS,0.05318172332415388,0.07019780364669184,0.023166008602391583
4,8,8,True,6,Spoofing,3,DoS,0.05769797427454109,0.036111988243422044,0.04595798976193486
4,8,8,True,6,Spoofing,4,Mirai,0.06957072794113871,0.11187625740513675,0.02247485021861084
4,8,8,True,6,Spoofing,5,Recon,0.05921622206060923,0.12192333253898392,0.03455568325209396
4,8,8,True,6,Spoofing,6,Spoofing,0.27505496456069417,0.17755366449568477,0.8245215541322589
4,8,8,True,6,Spoofing,7,Web-Based,0.20552469053488875,0.15928252582662128,0.018022588208916227
4,8,8,True,7,Web-Based,0,Benign,0.05356860380314209,0.17919720404090597,0.018232554288658505
4,8,8,True,7,Web-Based,1,BruteForce,0.22692414827375798,0.14049015374866622,0.01344827549494716
4,8,8,True,7,Web-Based,2,DDoS,0.05340620858892951,0.07044210987298179,0.02607464544333082
4,8,8,True,7,Web-Based,3,DoS,0.05850271141815392,0.035843095323951434,0.03205878397403811
4,8,8,True,7,Web-Based,4,Mirai,0.06892048608162547,0.12366795294031935,0.02303780961405717
4,8,8,True,7,Web-Based,5,Recon,0.05870089867228757,0.11435963320320845,0.03465418902166594
4,8,8,True,7,Web-Based,6,Spoofing,0.27164350532475406,0.1590648530268987,0.8337732576626405
4,8,8,True,7,Web-Based,7,Web-Based,0.20833343783734942,0.17693499784306804,0.01872048450066193
4,8,9,False,0,Benign,0,Benign,0.25311772131594185,0.1945718238935019,0.212708631315114
4,8,9,False,0,Benign,1,BruteForce,0.0030228533269272104,0.11931008759433895,0.0057487095059489636
4,8,9,False,0,Benign,2,DDoS,0.011837357411941094,0.07601443428882075,0.012474645677882902
4,8,9,False,0,Benign,3,DoS,0.0029548478532762518,0.06744835922433437,0.006082180136627195
4,8,9,False,0,Benign,4,Mirai,0.5079847439525961,0.11077546651384518,0.5442726249294527
4,8,9,False,0,Benign,5,Recon,0.12572918973234812,0.12003562133455215,0.12353066180708568
4,8,9,False,0,Benign,6,Spoofing,0.09162963290097705,0.1637475590894407,0.08814688706657811
4,8,9,False,0,Benign,7,Web-Based,0.003723653505992301,0.14809664806116604,0.007035659561310454
4,8,9,False,1,BruteForce,0,Benign,0.21600424158631074,0.15512929810588272,0.19643140381446048
4,8,9,False,1,BruteForce,1,BruteForce,0.003162674518517586,0.20572569869628482,0.005420658974589235
4,8,9,False,1,BruteForce,2,DDoS,0.004352906656490337,0.06643465432296566,0.006972007456531547
4,8,9,False,1,BruteForce,3,DoS,0.0024937003324660687,0.03403867280432937,0.005533962313056571
4,8,9,False,1,BruteForce,4,Mirai,0.5586084704357236,0.11564811182879077,0.5796708218206121
4,8,9,False,1,BruteForce,5,Recon,0.1213906693417952,0.09732164838465947,0.11622772955673638
4,8,9,False,1,BruteForce,6,Spoofing,0.09012113629867387,0.1435552255142566,0.0831422568850313
4,8,9,False,1,BruteForce,7,Web-Based,0.0038662008300226597,0.18214669034283062,0.006601159178982361
4,8,9,False,2,DDoS,0,Benign,0.061085725617776636,0.08030927534953192,0.07378109127923523
4,8,9,False,2,DDoS,1,BruteForce,0.004396420965881771,0.045953753099180844,0.010804158511400564
4,8,9,False,2,DDoS,2,DDoS,0.6104853877630201,0.5446805117883593,0.5145861140339755
4,8,9,False,2,DDoS,3,DoS,0.0036740765222505176,0.06333216978694231,0.007623311259983734
4,8,9,False,2,DDoS,4,Mirai,0.23413610945040386,0.09059734636461099,0.265180145327734
4,8,9,False,2,DDoS,5,Recon,0.04606793551168356,0.06883947887842555,0.06938093456303068
4,8,9,False,2,DDoS,6,Spoofing,0.03644793250368624,0.04868447186607993,0.04814830975089366
4,8,9,False,2,DDoS,7,Web-Based,0.003706411665297373,0.05760299286686921,0.010495935273746787
4,8,9,False,3,DoS,0,Benign,0.04848956349236044,0.06345799236587453,0.06597761485226326
4,8,9,False,3,DoS,1,BruteForce,0.011775788503911916,0.06904312408127762,0.007601240551088666
4,8,9,False,3,DoS,2,DDoS,0.07725890443590505,0.13862400058863433,0.0885159228871596
4,8,9,False,3,DoS,3,DoS,0.2695189448185361,0.49424182795472027,0.010185430516659743
4,8,9,False,3,DoS,4,Mirai,0.31044819167569215,0.08950130808505849,0.6278306998648712
4,8,9,False,3,DoS,5,Recon,0.029061088494091284,0.04322985267383383,0.04921960120497947
4,8,9,False,3,DoS,6,Spoofing,0.24372297456788078,0.07274676069100555,0.1410816114877004
4,8,9,False,3,DoS,7,Web-Based,0.00972454401162229,0.02915513355959535,0.009587878635277698
4,8,9,False,4,Mirai,0,Benign,0.1504047541285097,0.15568547020712065,0.15665054209698429
4,8,9,False,4,Mirai,1,BruteForce,0.0022267660671499248,0.1550515815324804,0.004262151925292362
4,8,9,False,4,Mirai,2,DDoS,0.00551388270411709,0.07885286748095853,0.007815598967478177
4,8,9,False,4,Mirai,3,DoS,0.0024386035749801335,0.05937507193865227,0.004755756169192422
4,8,9,False,4,Mirai,4,Mirai,0.7288778547533871,0.1542060151254957,0.7019238838520995
4,8,9,False,4,Mirai,5,Recon,0.04275417596393436,0.08625634915683929,0.054753709471234764
4,8,9,False,4,Mirai,6,Spoofing,0.06472651796653141,0.1560604620267986,0.06372590334822469
4,8,9,False,4,Mirai,7,Web-Based,0.003057444841390318,0.1545121825316546,0.006112454169493804
4,8,9,False,5,Recon,0,Benign,0.18924627094617663,0.15987852494837979,0.18533707283203812
4,8,9,False,5,Recon,1,BruteForce,0.003301259418519747,0.18126571898482907,0.005850890664782675
4,8,9,False,5,Recon,2,DDoS,0.004004017006568429,0.06725977487377587,0.006644792733948009
4,8,9,False,5,Recon,3,DoS,0.0025437769898974246,0.03747442985682336,0.005533990742806916
4,8,9,False,5,Recon,4,Mirai,0.4740078313006519,0.10764253173119581,0.5104705615668697
4,8,9,False,5,Recon,5,Recon,0.23561952092539773,0.11269867923056881,0.20107210707856
4,8,9,False,5,Recon,6,Spoofing,0.08751409083451306,0.1396449335086082,0.07872758222176585
4,8,9,False,5,Recon,7,Web-Based,0.0037632325782751015,0.1941354068658191,0.0063630021592289395
4,8,9,False,6,Spoofing,0,Benign,0.2130054238849418,0.18488344028302267,0.2129752411877739
4,8,9,False,6,Spoofing,1,BruteForce,0.0030340089524625246,0.1381709875604367,0.005594561604115943
4,8,9,False,6,Spoofing,2,DDoS,0.004265991506080978,0.07019780364669184,0.007003732231253415
4,8,9,False,6,Spoofing,3,DoS,0.0028872323373715426,0.036111988243422044,0.005646586458114659
4,8,9,False,6,Spoofing,4,Mirai,0.4960668420905796,0.11187625740513675,0.5270247029692076
4,8,9,False,6,Spoofing,5,Recon,0.13622404227137438,0.12192333253898392,0.13388392227429521
4,8,9,False,6,Spoofing,6,Spoofing,0.1403869019790277,0.17755366449568477,0.10103837489641995
4,8,9,False,6,Spoofing,7,Web-Based,0.004129556978161495,0.15928252582662128,0.006832878378819363
4,8,9,False,7,Web-Based,0,Benign,0.18737325092659393,0.17919720404090597,0.20573941393174097
4,8,9,False,7,Web-Based,1,BruteForce,0.002481300252221437,0.14049015374866622,0.004988285031987422
4,8,9,False,7,Web-Based,2,DDoS,0.0044015515027647015,0.07044210987298179,0.0078520559200081
4,8,9,False,7,Web-Based,3,DoS,0.002635659654991077,0.035843095323951434,0.0050920035248949455
4,8,9,False,7,Web-Based,4,Mirai,0.6125961184598847,0.12366795294031935,0.5967359652309505
4,8,9,False,7,Web-Based,5,Recon,0.0874811103314244,0.11435963320320845,0.09912271282795135
4,8,9,False,7,Web-Based,6,Spoofing,0.09951456171864699,0.1590648530268987,0.07408300743614007
4,8,9,False,7,Web-Based,7,Web-Based,0.0035164471534726545,0.17693499784306804,0.006386556096326617
4,8,10,True,0,Benign,0,Benign,0.05197901091700378,0.1945718238935019,0.022270045567745377
4,8,10,True,0,Benign,1,BruteForce,0.2150118650100881,0.11931008759433895,0.019048116147505827
4,8,10,True,0,Benign,2,DDoS,0.056766719715689716,0.07601443428882075,0.058264932055389435
4,8,10,True,0,Benign,3,DoS,0.049927419866987684,0.06744835922433437,0.04369451153948292
4,8,10,True,0,Benign,4,Mirai,0.07368604476180036,0.11077546651384518,0.07935026555243353
4,8,10,True,0,Benign,5,Recon,0.0866011710743756,0.12003562133455215,0.13568543610090097
4,8,10,True,0,Benign,6,Spoofing,0.1456478302498709,0.1637475590894407,0.3294301928385613
4,8,10,True,0,Benign,7,Web-Based,0.3203799384041839,0.14809664806116604,0.3122565001979806
4,8,10,True,1,BruteForce,0,Benign,0.04989722598049207,0.15512929810588272,0.021395882591181345
4,8,10,True,1,BruteForce,1,BruteForce,0.2202425637619829,0.20572569869628482,0.01820485343619936
4,8,10,True,1,BruteForce,2,DDoS,0.052694471862450826,0.06643465432296566,0.027800501153444554
4,8,10,True,1,BruteForce,3,DoS,0.050402028754800605,0.03403867280432937,0.030508297120172185
4,8,10,True,1,BruteForce,4,Mirai,0.07310575801582103,0.11564811182879077,0.09075246456452916
4,8,10,True,1,BruteForce,5,Recon,0.08481534147976237,0.09732164838465947,0.1355921528596097
4,8,10,True,1,BruteForce,6,Spoofing,0.13811173526245385,0.1435552255142566,0.2919583863509789
4,8,10,True,1,BruteForce,7,Web-Based,0.33073087488223635,0.18214669034283062,0.38378746192388474
4,8,10,True,2,DDoS,0,Benign,0.05161693974688911,0.08030927534953192,0.02146354989899178
4,8,10,True,2,DDoS,1,BruteForce,0.21425589658420605,0.045953753099180844,0.021106456308982644
4,8,10,True,2,DDoS,2,DDoS,0.10679742787811834,0.5446805117883593,0.6022786062618589
4,8,10,True,2,DDoS,3,DoS,0.05866661279340648,0.06333216978694231,0.024344013283275748
4,8,10,True,2,DDoS,4,Mirai,0.08110189143275569,0.09059734636461099,0.040499910327815074
4,8,10,True,2,DDoS,5,Recon,0.08059069883699552,0.06883947887842555,0.05963832227706456
4,8,10,True,2,DDoS,6,Spoofing,0.10351843768081047,0.04868447186607993,0.10744966039347457
4,8,10,True,2,DDoS,7,Web-Based,0.3034520950468183,0.05760299286686921,0.12321948124853671
4,8,10,True,3,DoS,0,Benign,0.03732177795778198,0.06345799236587453,0.016524256399403355
4,8,10,True,3,DoS,1,BruteForce,0.21014127565154242,0.06904312408127762,0.024251685421476613
4,8,10,True,3,DoS,2,DDoS,0.0765010597555722,0.13862400058863433,0.1921524231437968
4,8,10,True,3,DoS,3,DoS,0.14826888802162802,0.49424182795472027,0.3432196650431296
4,8,10,True,3,DoS,4,Mirai,0.07975094813149274,0.08950130808505849,0.04899223425140833
4,8,10,True,3,DoS,5,Recon,0.06149302606044663,0.04322985267383383,0.06773421950960029
4,8,10,True,3,DoS,6,Spoofing,0.11110546312361975,0.07274676069100555,0.18115959177665295
4,8,10,True,3,DoS,7,Web-Based,0.27541756129791634,0.02915513355959535,0.12596592445453203
4,8,10,True,4,Mirai,0,Benign,0.049550583743690375,0.15568547020712065,0.020906360869143853
4,8,10,True,4,Mirai,1,BruteForce,0.21811211564550156,0.1550515815324804,0.018484991654150906
4,8,10,True,4,Mirai,2,DDoS,0.057407526846626485,0.07885286748095853,0.04526853483889094
4,8,10,True,4,Mirai,3,DoS,0.051138785414786246,0.05937507193865227,0.04057060523043271
4,8,10,True,4,Mirai,4,Mirai,0.08186201982672948,0.1542060151254957,0.0930199027442174
4,8,10,True,4,Mirai,5,Recon,0.07872894032904668,0.08625634915683929,0.1230947051897784
4,8,10,True,4,Mirai,6,Spoofing,0.14612236464421335,0.1560604620267986,0.32823821797470715
4,8,10,True,4,Mirai,7,Web-Based,0.3170776635494058,0.1545121825316546,0.33041668149867864
4,8,10,True,5,Recon,0,Benign,0.04845740494892079,0.15987852494837979,0.021000630285856473
4,8,10,True,5,Recon,1,BruteForce,0.21951444021763875,0.18126571898482907,0.01812983451842123
4,8,10,True,5,Recon,2,DDoS,0.052343720716865334,0.06725977487377587,0.027754586994734036
4,8,10,True,5,Recon,3,DoS,0.05102825806119236,0.03747442985682336,0.031053758674665574
4,8,10,True,5,Recon,4,Mirai,0.07223929831197613,0.10764253173119581,0.08863199214013308
4,8,10,True,5,Recon,5,Recon,0.08821319341087812,0.11269867923056881,0.1505426834996439
4,8,10,True,5,Recon,6,Spoofing,0.13395020545344927,0.1396449335086082,0.2842386896914777
4,8,10,True,5,Recon,7,Web-Based,0.3342534788790792,0.1941354068658191,0.37864782419506804
4,8,10,True,6,Spoofing,0,Benign,0.05104184081821614,0.18488344028302267,0.0219464716626074
4,8,10,True,6,Spoofing,1,BruteForce,0.21432718868259854,0.1381709875604367,0.017590292229546802
4,8,10,True,6,Spoofing,2,DDoS,0.053166179050625935,0.07019780364669184,0.02732242244704799
4,8,10,True,6,Spoofing,3,DoS,0.04927225067753485,0.036111988243422044,0.03497819372947385
4,8,10,True,6,Spoofing,4,Mirai,0.0750501214185457,0.11187625740513675,0.08108459950483436
4,8,10,True,6,Spoofing,5,Recon,0.08674329044990038,0.12192333253898392,0.13512999372248
4,8,10,True,6,Spoofing,6,Spoofing,0.14876963221597939,0.17755366449568477,0.34700179629198724
4,8,10,True,6,Spoofing,7,Web-Based,0.32162949668659924,0.15928252582662128,0.33494623041202237
4,8,10,True,7,Web-Based,0,Benign,0.05043624052722132,0.17919720404090597,0.02233567399325899
4,8,10,True,7,Web-Based,1,BruteForce,0.21222441778700807,0.14049015374866622,0.017738799278910797
4,8,10,True,7,Web-Based,2,DDoS,0.05286307050861579,0.07044210987298179,0.02980222971691401
4,8,10,True,7,Web-Based,3,DoS,0.049238651590981335,0.035843095323951434,0.031205773506683104
4,8,10,True,7,Web-Based,4,Mirai,0.07583615746791969,0.12366795294031935,0.08933694551850077
4,8,10,True,7,Web-Based,5,Recon,0.08638198722080033,0.11435963320320845,0.13496437980333795
4,8,10,True,7,Web-Based,6,Spoofing,0.14043227950911755,0.1590648530268987,0.30979530381561704
4,8,10,True,7,Web-Based,7,Web-Based,0.3325871953883359,0.17693499784306804,0.3648208943667773
4,8,11,False,0,Benign,0,Benign,0.5266164459206829,0.1945718238935019,0.5054759344795156
4,8,11,False,0,Benign,1,BruteForce,0.004740662760360985,0.11931008759433895,0.007462605127298825
4,8,11,False,0,Benign,2,DDoS,0.004975051299137634,0.07601443428882075,0.010640381605379423
4,8,11,False,0,Benign,3,DoS,0.007760460536920191,0.06744835922433437,0.014780983180301552
4,8,11,False,0,Benign,4,Mirai,0.07981937561090133,0.11077546651384518,0.08417180931879836
4,8,11,False,0,Benign,5,Recon,0.13325471085601492,0.12003562133455215,0.1373969726142291
4,8,11,False,0,Benign,6,Spoofing,0.23795027619371695,0.1637475590894407,0.23190462746669555
4,8,11,False,0,Benign,7,Web-Based,0.004883016822265095,0.14809664806116604,0.008166686207781701
4,8,11,False,1,BruteForce,0,Benign,0.4547204435982822,0.15512929810588272,0.5106147524192624
4,8,11,False,1,BruteForce,1,BruteForce,0.005569414829634897,0.20572569869628482,0.007222023432318588
4,8,11,False,1,BruteForce,2,DDoS,0.004574800713641464,0.06643465432296566,0.009715753075438184
4,8,11,False,1,BruteForce,3,DoS,0.003628353460616946,0.03403867280432937,0.00845695820506947
4,8,11,False,1,BruteForce,4,Mirai,0.10496819866933381,0.11564811182879077,0.08771126418285896
4,8,11,False,1,BruteForce,5,Recon,0.14210780945064574,0.09732164838465947,0.13823024944282974
4,8,11,False,1,BruteForce,6,Spoofing,0.2789104041845855,0.1435552255142566,0.23020952939325387
4,8,11,False,1,BruteForce,7,Web-Based,0.005520575093259314,0.18214669034283062,0.00783946984896885
4,8,11,False,2,DDoS,0,Benign,0.16913133843992278,0.08030927534953192,0.391693033549768
4,8,11,False,2,DDoS,1,BruteForce,0.006998278224932847,0.045953753099180844,0.012270970192291
4,8,11,False,2,DDoS,2,DDoS,0.4541768942914446,0.5446805117883593,0.14293445703506732
4,8,11,False,2,DDoS,3,DoS,0.014650592587991134,0.06333216978694231,0.0346928188460991
4,8,11,False,2,DDoS,4,Mirai,0.17299485256868008,0.09059734636461099,0.08264899631452405
4,8,11,False,2,DDoS,5,Recon,0.061211381240554745,0.06883947887842555,0.10654715777236783
4,8,11,False,2,DDoS,6,Spoofing,0.11410015022582361,0.04868447186607993,0.2163560792426348
4,8,11,False,2,DDoS,7,Web-Based,0.00673651242065031,0.05760299286686921,0.012856487047247967
4,8,11,False,3,DoS,0,Benign,0.05546623427376089,0.06345799236587453,0.10309353673587984
4,8,11,False,3,DoS,1,BruteForce,0.007198351668658579,0.06904312408127762,0.016412016849813423
4,8,11,False,3,DoS,2,DDoS,0.01188041899952869,0.13862400058863433,0.01715386702274042
4,8,11,False,3,DoS,3,DoS,0.6313051532055942,0.49424182795472027,0.4905930896630506
4,8,11,False,3,DoS,4,Mirai,0.05990258436481547,0.08950130808505849,0.06735126521196996
4,8,11,False,3,DoS,5,Recon,0.023073634994285996,0.04322985267383383,0.03254476557324266
4,8,11,False,3,DoS,6,Spoofing,0.2063164415597745,0.07274676069100555,0.2576296574068613
4,8,11,False,3,DoS,7,Web-Based,0.004857180933581739,0.02915513355959535,0.015221801536441816
4,8,11,False,4,Mirai,0,Benign,0.4284023951833545,0.15568547020712065,0.4930178028074896
4,8,11,False,4,Mirai,1,BruteForce,0.005034850190649368,0.1550515815324804,0.007418595071505128
4,8,11,False,4,Mirai,2,DDoS,0.0058147374678030285,0.07885286748095853,0.010673475310734544
4,8,11,False,4,Mirai,3,DoS,0.008156433210489053,0.05937507193865227,0.017015575176746667
4,8,11,False,4,Mirai,4,Mirai,0.2127392036049062,0.1542060151254957,0.12286600958710883
4,8,11,False,4,Mirai,5,Recon,0.0759860409679245,0.08625634915683929,0.08906886765228121
4,8,11,False,4,Mirai,6,Spoofing,0.258687546037487,0.1560604620267986,0.2510653933064498
4,8,11,False,4,Mirai,7,Web-Based,0.005178793337386412,0.1545121825316546,0.008874281087684113
4,8,11,False,5,Recon,0,Benign,0.43282661964790053,0.15987852494837979,0.4927068831424751
4,8,11,False,5,Recon,1,BruteForce,0.00524013646405882,0.18126571898482907,0.00742554195106978
4,8,11,False,5,Recon,2,DDoS,0.004066162781608837,0.06725977487377587,0.009624595886530429
4,8,11,False,5,Recon,3,DoS,0.003634912772648246,0.03747442985682336,0.008328389430311143
4,8,11,False,5,Recon,4,Mirai,0.07617874183316536,0.10764253173119581,0.08341663457695307
4,8,11,False,5,Recon,5,Recon,0.2282221877233835,0.11269867923056881,0.18752957396487546
4,8,11,False,5,Recon,6,Spoofing,0.24434662174753288,0.1396449335086082,0.20326917878805226
4,8,11,False,5,Recon,7,Web-Based,0.0054846170297017036,0.1941354068658191,0.0076992022597328095
4,8,11,False,6,Spoofing,0,Benign,0.4479675086456789,0.18488344028302267,0.48286301836284756
4,8,11,False,6,Spoofing,1,BruteForce,0.0048002061923449494,0.1381709875604367,0.007235802502337834
4,8,11,False,6,Spoofing,2,DDoS,0.004568242525375936,0.07019780364669184,0.009895507549570342
4,8,11,False,6,Spoofing,3,DoS,0.003879553072759093,0.036111988243422044,0.009983399578093499
4,8,11,False,6,Spoofing,4,Mirai,0.08230688239339103,0.11187625740513675,0.0785594528290734
4,8,11,False,6,Spoofing,5,Recon,0.1403526702403508,0.12192333253898392,0.12942968868645746
4,8,11,False,6,Spoofing,6,Spoofing,0.31076287432360966,0.17755366449568477,0.2740407670468335
4,8,11,False,6,Spoofing,7,Web-Based,0.005362062606489673,0.15928252582662128,0.007992363444786446
4,8,11,False,7,Web-Based,0,Benign,0.48852200443956634,0.17919720404090597,0.5289669156973816
4,8,11,False,7,Web-Based,1,BruteForce,0.004698172288523865,0.14049015374866622,0.006997340482420253
4,8,11,False,7,Web-Based,2,DDoS,0.00477885433372122,0.07044210987298179,0.009770151186618404
4,8,11,False,7,Web-Based,3,DoS,0.004089184692140526,0.035843095323951434,0.009807038889836544
4,8,11,False,7,Web-Based,4,Mirai,0.12264073358967705,0.12366795294031935,0.09178229978131258
4,8,11,False,7,Web-Based,5,Recon,0.10839054226115767,0.11435963320320845,0.12418983171646154
4,8,11,False,7,Web-Based,6,Spoofing,0.2615733103383454,0.1590648530268987,0.2204966630762761
4,8,11,False,7,Web-Based,7,Web-Based,0.005307198056868038,0.17693499784306804,0.007989759169692986
4,8,12,False,0,Benign,0,Benign,0.022828244858077176,0.1945718238935019,0.026462665550044947
4,8,12,False,0,Benign,1,BruteForce,0.008518603173307077,0.11931008759433895,0.012055694095309408
4,8,12,False,0,Benign,2,DDoS,0.009729212202628772,0.07601443428882075,0.014718325348589106
4,8,12,False,0,Benign,3,DoS,0.052625626060144544,0.06744835922433437,0.09649944847369452
4,8,12,False,0,Benign,4,Mirai,0.5557782036691574,0.11077546651384518,0.497085396462591
4,8,12,False,0,Benign,5,Recon,0.12443953786464641,0.12003562133455215,0.12355267580960916
4,8,12,False,0,Benign,6,Spoofing,0.1630832828248972,0.1637475590894407,0.18046671219629276
4,8,12,False,0,Benign,7,Web-Based,0.06299728934714148,0.14809664806116604,0.04915908206386924
4,8,12,False,1,BruteForce,0,Benign,0.022672242929693893,0.15512929810588272,0.025107642284793254
4,8,12,False,1,BruteForce,1,BruteForce,0.011085254918407105,0.20572569869628482,0.01200549613060556
4,8,12,False,1,BruteForce,2,DDoS,0.009040021922903927,0.06643465432296566,0.013128686943424587
4,8,12,False,1,BruteForce,3,DoS,0.015652075337455114,0.03403867280432937,0.029005819762036804
4,8,12,False,1,BruteForce,4,Mirai,0.6011130718007525,0.11564811182879077,0.5528058772746978
4,8,12,False,1,BruteForce,5,Recon,0.10409625577198965,0.09732164838465947,0.13472743978366244
4,8,12,False,1,BruteForce,6,Spoofing,0.15472394783270949,0.1435552255142566,0.17409356481768265
4,8,12,False,1,BruteForce,7,Web-Based,0.08161712948608832,0.18214669034283062,0.059125473003096875
4,8,12,False,2,DDoS,0,Benign,0.012362506340819965,0.08030927534953192,0.030003869943939145
4,8,12,False,2,DDoS,1,BruteForce,0.00902257860549981,0.045953753099180844,0.017771132103718997
4,8,12,False,2,DDoS,2,DDoS,0.49678936717331545,0.5446805117883593,0.3171184497345759
4,8,12,False,2,DDoS,3,DoS,0.08360946613717968,0.06333216978694231,0.10086297956612204
4,8,12,False,2,DDoS,4,Mirai,0.2577913857236454,0.09059734636461099,0.3132603556709456
4,8,12,False,2,DDoS,5,Recon,0.06301012182141212,0.06883947887842555,0.09257944457817051
4,8,12,False,2,DDoS,6,Spoofing,0.04398902460661638,0.04868447186607993,0.08977983377810282
4,8,12,False,2,DDoS,7,Web-Based,0.033425549591511214,0.05760299286686921,0.03862393462442499
4,8,12,False,3,DoS,0,Benign,0.005059434367841439,0.06345799236587453,0.010999057746118568
4,8,12,False,3,DoS,1,BruteForce,0.006554335637755435,0.06904312408127762,0.0175514269892811
4,8,12,False,3,DoS,2,DDoS,0.011101964659608426,0.13862400058863433,0.020152437677119866
4,8,12,False,3,DoS,3,DoS,0.8316906191461498,0.49424182795472027,0.7022069929548109
4,8,12,False,3,DoS,4,Mirai,0.07240020689108533,0.08950130808505849,0.11680458200945516
4,8,12,False,3,DoS,5,Recon,0.026328442957338643,0.04322985267383383,0.03703591624944796
4,8,12,False,3,DoS,6,Spoofing,0.032589004532047675,0.07274676069100555,0.07279207348035582
4,8,12,False,3,DoS,7,Web-Based,0.01427599180817334,0.02915513355959535,0.022457512893410584
4,8,12,False,4,Mirai,0,Benign,0.01922213619389866,0.15568547020712065,0.02594305074139693
4,8,12,False,4,Mirai,1,BruteForce,0.007157832396893497,0.1550515815324804,0.010684721840303734
4,8,12,False,4,Mirai,2,DDoS,0.009606712854423919,0.07885286748095853,0.015048815664166753
4,8,12,False,4,Mirai,3,DoS,0.022012554860953493,0.05937507193865227,0.0529732702800002
4,8,12,False,4,Mirai,4,Mirai,0.710197718158351,0.1542060151254957,0.6064310047794048
4,8,12,False,4,Mirai,5,Recon,0.07479055198835875,0.08625634915683929,0.095220632058516
4,8,12,False,4,Mirai,6,Spoofing,0.10969956365974132,0.1560604620267986,0.14817769204580464
4,8,12,False,4,Mirai,7,Web-Based,0.04731292988737944,0.1545121825316546,0.045520812590406794
4,8,12,False,5,Recon,0,Benign,0.021582463111688457,0.15987852494837979,0.023632525474858623
4,8,12,False,5,Recon,1,BruteForce,0.011071965106058441,0.18126571898482907,0.012284384474508312
4,8,12,False,5,Recon,2,DDoS,0.009091697582448863,0.06725977487377587,0.01318532466708884
4,8,12,False,5,Recon,3,DoS,0.019015062429581186,0.03747442985682336,0.0314168214343716
4,8,12,False,5,Recon,4,Mirai,0.5537947933198685,0.10764253173119581,0.5370038599406017
4,8,12,False,5,Recon,5,Recon,0.1501810033400477,0.11269867923056881,0.16281062096259766
4,8,12,False,5,Recon,6,Spoofing,0.14675971282935144,0.1396449335086082,0.1625838537369057
4,8,12,False,5,Recon,7,Web-Based,0.08850330228095543,0.1941354068658191,0.05708260930906753
4,8,12,False,6,Spoofing,0,Benign,0.023311928270170108,0.18488344028302267,0.026469107199742777
4,8,12,False,6,Spoofing,1,BruteForce,0.009319396644248816,0.1381709875604367,0.011622460802595755
4,8,12,False,6,Spoofing,2,DDoS,0.008589011119893079,0.07019780364669184,0.013628173719736776
4,8,12,False,6,Spoofing,3,DoS,0.0278286671709456,0.036111988243422044,0.05960305714089781
4,8,12,False,6,Spoofing,4,Mirai,0.5268471668227493,0.11187625740513675,0.49415070750533713
4,8,12,False,6,Spoofing,5,Recon,0.13062249029866424,0.12192333253898392,0.1245803767133329
4,8,12,False,6,Spoofing,6,Spoofing,0.19839069759845132,0.17755366449568477,0.2142325937076371
4,8,12,False,6,Spoofing,7,Web-Based,0.07509064207487746,0.15928252582662128,0.05571352321071982
4,8,12,False,7,Web-Based,0,Benign,0.021869031713669163,0.17919720404090597,0.02641490311951378
4,8,12,False,7,Web-Based,1,BruteForce,0.008557256913317934,0.14049015374866622,0.011202996129719044
4,8,12,False,7,Web-Based,2,DDoS,0.008861842305494513,0.07044210987298179,0.013888644164304482
4,8,12,False,7,Web-Based,3,DoS,0.021514301776777163,0.035843095323951434,0.03456977866360679
4,8,12,False,7,Web-Based,4,Mirai,0.6105612248569589,0.12366795294031935,0.5575893799557168
4,8,12,False,7,Web-Based,5,Recon,0.11631420717959774,0.11435963320320845,0.13010916216150645
4,8,12,False,7,Web-Based,6,Spoofing,0.1419624788101822,0.1590648530268987,0.1695661573199577
4,8,12,False,7,Web-Based,7,Web-Based,0.07035965644400244,0.17693499784306804,0.056658978485675054
4,8,13,False,0,Benign,0,Benign,0.06369441955922697,0.1945718238935019,0.06055386004083888
4,8,13,False,0,Benign,1,BruteForce,0.09678959255735867,0.11931008759433895,0.09363316921225759
4,8,13,False,0,Benign,2,DDoS,0.05640628453542338,0.07601443428882075,0.06796401271045555
4,8,13,False,0,Benign,3,DoS,0.008838110404041942,0.06744835922433437,0.01536906606727667
4,8,13,False,0,Benign,4,Mirai,0.05524549281239256,0.11077546651384518,0.05432285348042039
4,8,13,False,0,Benign,5,Recon,0.38122244656415766,0.12003562133455215,0.39795739412411263
4,8,13,False,0,Benign,6,Spoofing,0.1270902336282704,0.1637475590894407,0.1273448450201094
4,8,13,False,0,Benign,7,Web-Based,0.21071341993912845,0.14809664806116604,0.18285479934452892
4,8,13,False,1,BruteForce,0,Benign,0.06998046028000576,0.15512929810588272,0.06219007911701284
4,8,13,False,1,BruteForce,1,BruteForce,0.1446292937196843,0.20572569869628482,0.11360017528602807
4,8,13,False,1,BruteForce,2,DDoS,0.028263352944382595,0.06643465432296566,0.024879683051240126
4,8,13,False,1,BruteForce,3,DoS,0.010095479038024005,0.03403867280432937,0.01628907518567972
4,8,13,False,1,BruteForce,4,Mirai,0.0647514177833533,0.11564811182879077,0.05909321433342645
4,8,13,False,1,BruteForce,5,Recon,0.3093846065008755,0.09732164838465947,0.39380068182300615
4,8,13,False,1,BruteForce,6,Spoofing,0.10778108606359141,0.1435552255142566,0.1127826349398934
4,8,13,False,1,BruteForce,7,Web-Based,0.26511430367008326,0.18214669034283062,0.21736445626371323
4,8,13,False,2,DDoS,0,Benign,0.021943456492364562,0.08030927534953192,0.029645218230663097
4,8,13,False,2,DDoS,1,BruteForce,0.038348231874673636,0.045953753099180844,0.044390003608591314
4,8,13,False,2,DDoS,2,DDoS,0.6803108046424876,0.5446805117883593,0.6352909363725004
4,8,13,False,2,DDoS,3,DoS,0.004889046964363113,0.06333216978694231,0.010503117844130891
4,8,13,False,2,DDoS,4,Mirai,0.030224982525762747,0.09059734636461099,0.02860493938647318
4,8,13,False,2,DDoS,5,Recon,0.12576620103631334,0.06883947887842555,0.13708271084685927
4,8,13,False,2,DDoS,6,Spoofing,0.03410715957936428,0.04868447186607993,0.05030055513476766
4,8,13,False,2,DDoS,7,Web-Based,0.06441011688467077,0.05760299286686921,0.06418251857601417
4,8,13,False,3,DoS,0,Benign,0.0158865105596286,0.06345799236587453,0.03233971978002759
4,8,13,False,3,DoS,1,BruteForce,0.055547541473253775,0.06904312408127762,0.05300713177743538
4,8,13,False,3,DoS,2,DDoS,0.29791627139464083,0.13862400058863433,0.2691257299968779
4,8,13,False,3,DoS,3,DoS,0.3307018130443339,0.49424182795472027,0.05076355300514008
4,8,13,False,3,DoS,4,Mirai,0.059627126780481536,0.08950130808505849,0.061014517512999064
4,8,13,False,3,DoS,5,Recon,0.07748377378082576,0.04322985267383383,0.29218726986237215
4,8,13,False,3,DoS,6,Spoofing,0.09764830397515611,0.07274676069100555,0.11358387417877497
4,8,13,False,3,DoS,7,Web-Based,0.06518865899167962,0.02915513355959535,0.12797820388637293
4,8,13,False,4,Mirai,0,Benign,0.06813300554417699,0.15568547020712065,0.06505704215425251
4,8,13,False,4,Mirai,1,BruteForce,0.13837414406166618,0.1550515815324804,0.10857552825100836
4,8,13,False,4,Mirai,2,DDoS,0.07203980202879866,0.07885286748095853,0.054829259904598894
4,8,13,False,4,Mirai,3,DoS,0.010032530128586618,0.05937507193865227,0.01631967809243778
4,8,13,False,4,Mirai,4,Mirai,0.10995387093891501,0.1542060151254957,0.06634550226409335
4,8,13,False,4,Mirai,5,Recon,0.262801486008001,0.08625634915683929,0.36094686593090997
4,8,13,False,4,Mirai,6,Spoofing,0.11784775535392482,0.1560604620267986,0.12982506029211566
4,8,13,False,4,Mirai,7,Web-Based,0.22081740593593083,0.1545121825316546,0.19810106311058343
4,8,13,False,5,Recon,0,Benign,0.06309581827937281,0.15987852494837979,0.058890944199925195
4,8,13,False,5,Recon,1,BruteForce,0.12352154291817678,0.18126571898482907,0.10996258594731881
4,8,13,False,5,Recon,2,DDoS,0.02483231059229377,0.06725977487377587,0.024575459907588162
4,8,13,False,5,Recon,3,DoS,0.009429143415495651,0.03747442985682336,0.016073495926865418
4,8,13,False,5,Recon,4,Mirai,0.05708472487473181,0.10764253173119581,0.05682780049595466
4,8,13,False,5,Recon,5,Recon,0.37852980624749744,0.11269867923056881,0.4166202590929207
4,8,13,False,5,Recon,6,Spoofing,0.09652305586821854,0.1396449335086082,0.10761596507282863
4,8,13,False,5,Recon,7,Web-Based,0.24698359780421328,0.1941354068658191,0.20943348935659842
4,8,13,False,6,Spoofing,0,Benign,0.06167310284465268,0.18488344028302267,0.05824697724820248
4,8,13,False,6,Spoofing,1,BruteForce,0.10120516632544041,0.1381709875604367,0.09347761890614228
4,8,13,False,6,Spoofing,2,DDoS,0.022687102053573886,0.07019780364669184,0.023553621414356338
4,8,13,False,6,Spoofing,3,DoS,0.009079179187604758,0.036111988243422044,0.015169114494199247
4,8,13,False,6,Spoofing,4,Mirai,0.05648922314170068,0.11187625740513675,0.05348185281645945
4,8,13,False,6,Spoofing,5,Recon,0.391793998969212,0.12192333253898392,0.4310847366068133
4,8,13,False,6,Spoofing,6,Spoofing,0.12860242243214068,0.17755366449568477,0.12784485484416347
4,8,13,False,6,Spoofing,7,Web-Based,0.2284698050456749,0.15928252582662128,0.19714122366966352
4,8,13,False,7,Web-Based,0,Benign,0.06877767544040803,0.17919720404090597,0.06390660193207431
4,8,13,False,7,Web-Based,1,BruteForce,0.11564232174125649,0.14049015374866622,0.10607394555793523
4,8,13,False,7,Web-Based,2,DDoS,0.02819488136237872,0.07044210987298179,0.030251013981192044
4,8,13,False,7,Web-Based,3,DoS,0.009277622634199718,0.035843095323951434,0.015764724610940636
4,8,13,False,7,Web-Based,4,Mirai,0.07092521214284832,0.12366795294031935,0.05832549336769389
4,8,13,False,7,Web-Based,5,Recon,0.3448516316523824,0.11435963320320845,0.40326458703784607
4,8,13,False,7,Web-Based,6,Spoofing,0.117361130682116,0.1590648530268987,0.11685334765521006
4,8,13,False,7,Web-Based,7,Web-Based,0.2449695243444103,0.17693499784306804,0.20556028585710787
4,8,14,True,0,Benign,0,Benign,0.10351388255857888,0.1945718238935019,0.1480594796370353
4,8,14,True,0,Benign,1,BruteForce,0.30986925957297723,0.11931008759433895,0.09103057403818236
4,8,14,True,0,Benign,2,DDoS,0.08103703466875958,0.07601443428882075,0.13501037934870694
4,8,14,True,0,Benign,3,DoS,0.05842120947351782,0.06744835922433437,0.08956857574426136
4,8,14,True,0,Benign,4,Mirai,0.07459401568876226,0.11077546651384518,0.15442565169066882
4,8,14,True,0,Benign,5,Recon,0.07703536919467008,0.12003562133455215,0.16030056009055077
4,8,14,True,0,Benign,6,Spoofing,0.04525997034937479,0.1637475590894407,0.031531698583245976
4,8,14,True,0,Benign,7,Web-Based,0.25026925849335946,0.14809664806116604,0.19007308086734842
4,8,14,True,1,BruteForce,0,Benign,0.0916073597033874,0.15512929810588272,0.15016749450818784
4,8,14,True,1,BruteForce,1,BruteForce,0.342889240101244,0.20572569869628482,0.11283321346819068
4,8,14,True,1,BruteForce,2,DDoS,0.07307460596195307,0.06643465432296566,0.09277722713760264
4,8,14,True,1,BruteForce,3,DoS,0.055185394411769666,0.03403867280432937,0.04227046551479721
4,8,14,True,1,BruteForce,4,Mirai,0.07425399302770817,0.11564811182879077,0.1726806064477769
4,8,14,True,1,BruteForce,5,Recon,0.07190804550039086,0.09732164838465947,0.15484809839740113
4,8,14,True,1,BruteForce,6,Spoofing,0.041239630845082816,0.1435552255142566,0.03177492365119014
4,8,14,True,1,BruteForce,7,Web-Based,0.24984173044846406,0.18214669034283062,0.24264797087485346
4,8,14,True,2,DDoS,0,Benign,0.0832304214408069,0.08030927534953192,0.05504383470168419
4,8,14,True,2,DDoS,1,BruteForce,0.24173722474847245,0.045953753099180844,0.04343006115053119
4,8,14,True,2,DDoS,2,DDoS,0.17727677338701567,0.5446805117883593,0.6399708418223041
4,8,14,True,2,DDoS,3,DoS,0.08297966163184714,0.06333216978694231,0.049627131916077385
4,8,14,True,2,DDoS,4,Mirai,0.07803514890958373,0.09059734636461099,0.06286634217661555
4,8,14,True,2,DDoS,5,Recon,0.07174184447527297,0.06883947887842555,0.059088950315579924
4,8,14,True,2,DDoS,6,Spoofing,0.04158793782121047,0.04868447186607993,0.016241914274441712
4,8,14,True,2,DDoS,7,Web-Based,0.2234109875857907,0.05760299286686921,0.07373092364276607
4,8,14,True,3,DoS,0,Benign,0.05550425001176331,0.06345799236587453,0.036745108652393624
4,8,14,True,3,DoS,1,BruteForce,0.225396874049032,0.06904312408127762,0.04923689543867314
4,8,14,True,3,DoS,2,DDoS,0.11529329659384559,0.13862400058863433,0.2189361691991132
4,8,14,True,3,DoS,3,DoS,0.19016093798240877,0.49424182795472027,0.4824966946835219
4,8,14,True,3,DoS,4,Mirai,0.10305726006060095,0.08950130808505849,0.06901901062078761
4,8,14,True,3,DoS,5,Recon,0.050237772569665516,0.04322985267383383,0.05468298899091042
4,8,14,True,3,DoS,6,Spoofing,0.04434419497222455,0.07274676069100555,0.018572282182331694
4,8,14,True,3,DoS,7,Web-Based,0.2160054137604593,0.02915513355959535,0.07031085023226843
4,8,14,True,4,Mirai,0,Benign,0.09168341108716561,0.15568547020712065,0.14558260732719783
4,8,14,True,4,Mirai,1,BruteForce,0.32157309576796533,0.1550515815324804,0.10089984082769843
4,8,14,True,4,Mirai,2,DDoS,0.08230792026401902,0.07885286748095853,0.132365923533683
4,8,14,True,4,Mirai,3,DoS,0.05845655047084317,0.05937507193865227,0.07981239993660168
4,8,14,True,4,Mirai,4,Mirai,0.09025519991412655,0.1542060151254957,0.1897777612426273
4,8,14,True,4,Mirai,5,Recon,0.06738204247711148,0.08625634915683929,0.12823493531298275
4,8,14,True,4,Mirai,6,Spoofing,0.043174058904619006,0.1560604620267986,0.03008714133987326
4,8,14,True,4,Mirai,7,Web-Based,0.24516772111415,0.1545121825316546,0.1932393904793358
4,8,14,True,5,Recon,0,Benign,0.08909978132164657,0.15987852494837979,0.14467575747633607
4,8,14,True,5,Recon,1,BruteForce,0.34212410760123263,0.18126571898482907,0.1141463146584827
4,8,14,True,5,Recon,2,DDoS,0.07192644759150836,0.06725977487377587,0.09065836586990135
4,8,14,True,5,Recon,3,DoS,0.05648421560191016,0.03747442985682336,0.0434782976751668
4,8,14,True,5,Recon,4,Mirai,0.07192350733670187,0.10764253173119581,0.16795692760821904
4,8,14,True,5,Recon,5,Recon,0.07670390665073729,0.11269867923056881,0.16936905507596675
4,8,14,True,5,Recon,6,Spoofing,0.03970815430406779,0.1396449335086082,0.03200187725743563
4,8,14,True,5,Recon,7,Web-Based,0.2520298795921953,0.1941354068658191,0.2377134043784918
4,8,14,True,6,Spoofing,0,Benign,0.10065958293354836,0.18488344028302267,0.15515672168342898
4,8,14,True,6,Spoofing,1,BruteForce,0.31197500018854124,0.1381709875604367,0.09402456146783492
4,8,14,True,6,Spoofing,2,DDoS,0.07424621511015495,0.07019780364669184,0.08721759719181094
4,8,14,True,6,Spoofing,3,DoS,0.05377032096044552,0.036111988243422044,0.07751984771762219
4,8,14,True,6,Spoofing,4,Mirai,0.07682921325533205,0.11187625740513675,0.15508192804945162
4,8,14,True,6,Spoofing,5,Recon,0.08008912850745044,0.12192333253898392,0.17753370357063722
4,8,14,True,6,Spoofing,6,Spoofing,0.04736252017627046,0.17755366449568477,0.03393015712444098
4,8,14,True,6,Spoofing,7,Web-Based,0.2550680188682571,0.15928252582662128,0.21953548319477323
4,8,14,True,7,Web-Based,0,Benign,0.09784593582666494,0.17919720404090597,0.16189355912712247
4,8,14,True,7,Web-Based,1,BruteForce,0.32082375866116175,0.14049015374866622,0.10210076203622208
4,8,14,True,7,Web-Based,2,DDoS,0.07317704117725692,0.07044210987298179,0.10510760822241653
4,8,14,True,7,Web-Based,3,DoS,0.05439181244377126,0.035843095323951434,0.046255614517100856
4,8,14,True,7,Web-Based,4,Mirai,0.07771558312299008,0.12366795294031935,0.17585135880458092
4,8,14,True,7,Web-Based,5,Recon,0.07782341116079924,0.11435963320320845,0.15516483640281217
4,8,14,True,7,Web-Based,6,Spoofing,0.042856974816499395,0.1590648530268987,0.032388845509535816
4,8,14,True,7,Web-Based,7,Web-Based,0.25536548279085647,0.17693499784306804,0.22123741538020916
4,8,15,True,0,Benign,0,Benign,0.2584568347428087,0.1945718238935019,0.049839407048369984
4,8,15,True,0,Benign,1,BruteForce,0.18636654284394627,0.11931008759433895,0.031952746373506424
4,8,15,True,0,Benign,2,DDoS,0.08737423060728401,0.07601443428882075,0.5022519274526185
4,8,15,True,0,Benign,3,DoS,0.04163563845378173,0.06744835922433437,0.2867873313995385
4,8,15,True,0,Benign,4,Mirai,0.10131393347168705,0.11077546651384518,0.03710599221636177
4,8,15,True,0,Benign,5,Recon,0.09587619700131857,0.12003562133455215,0.023070707372011598
4,8,15,True,0,Benign,6,Spoofing,0.07330292780732339,0.1637475590894407,0.03884810561062139
4,8,15,True,0,Benign,7,Web-Based,0.1556736950718504,0.14809664806116604,0.03014378252697195
4,8,15,True,1,BruteForce,0,Benign,0.206986777521711,0.15512929810588272,0.05207551206555742
4,8,15,True,1,BruteForce,1,BruteForce,0.2434947267735671,0.20572569869628482,0.033464480183938446
4,8,15,True,1,BruteForce,2,DDoS,0.09203906180256123,0.06643465432296566,0.5329504797880963
4,8,15,True,1,BruteForce,3,DoS,0.03213314503567138,0.03403867280432937,0.2504226473607079
4,8,15,True,1,BruteForce,4,Mirai,0.10793329952374629,0.11564811182879077,0.03849186840165198
4,8,15,True,1,BruteForce,5,Recon,0.080486805562655,0.09732164838465947,0.02265328635101351
4,8,15,True,1,BruteForce,6,Spoofing,0.06605291097051465,0.1435552255142566,0.03799244616487405
4,8,15,True,1,BruteForce,7,Web-Based,0.17087327280957343,0.18214669034283062,0.0319492796841605
4,8,15,True,2,DDoS,0,Benign,0.10488515641094726,0.08030927534953192,0.037558931196428384
4,8,15,True,2,DDoS,1,BruteForce,0.10508627390844959,0.045953753099180844,0.02688383215724133
4,8,15,True,2,DDoS,2,DDoS,0.45673758963631556,0.5446805117883593,0.7419043758520436
4,8,15,True,2,DDoS,3,DoS,0.05384621279588459,0.06333216978694231,0.10634900120256495
4,8,15,True,2,DDoS,4,Mirai,0.08089895011253496,0.09059734636461099,0.027500291863635604
4,8,15,True,2,DDoS,5,Recon,0.06336265310660776,0.06883947887842555,0.016731122419306972
4,8,15,True,2,DDoS,6,Spoofing,0.03554940350411401,0.04868447186607993,0.021729241659544984
4,8,15,True,2,DDoS,7,Web-Based,0.09963376052514646,0.05760299286686921,0.0213432036492342
4,8,15,True,3,DoS,0,Benign,0.061430977531013,0.06345799236587453,0.02093062169185039
4,8,15,True,3,DoS,1,BruteForce,0.1042823902357052,0.06904312408127762,0.03937447271880717
4,8,15,True,3,DoS,2,DDoS,0.13259724157630134,0.13862400058863433,0.230983461552189
4,8,15,True,3,DoS,3,DoS,0.27066382180577264,0.49424182795472027,0.6203742998024961
4,8,15,True,3,DoS,4,Mirai,0.2110965072712773,0.08950130808505849,0.02558702906097365
4,8,15,True,3,DoS,5,Recon,0.047382783832436104,0.04322985267383383,0.016732501945439
4,8,15,True,3,DoS,6,Spoofing,0.05638396148986923,0.07274676069100555,0.022870721632670718
4,8,15,True,3,DoS,7,Web-Based,0.11616231625762526,0.02915513355959535,0.02314689159557398
4,8,15,True,4,Mirai,0,Benign,0.203904895749403,0.15568547020712065,0.04918618415140519
4,8,15,True,4,Mirai,1,BruteForce,0.1973008091144882,0.1550515815324804,0.03309853823094742
4,8,15,True,4,Mirai,2,DDoS,0.10348604358987652,0.07885286748095853,0.5135747760258506
4,8,15,True,4,Mirai,3,DoS,0.03643827350196056,0.05937507193865227,0.2778038421421814
4,8,15,True,4,Mirai,4,Mirai,0.18574762934809616,0.1542060151254957,0.039747188923165984
4,8,15,True,4,Mirai,5,Recon,0.06465614930352843,0.08625634915683929,0.018826301336706326
4,8,15,True,4,Mirai,6,Spoofing,0.06603303706819168,0.1560604620267986,0.03737634189122307
4,8,15,True,4,Mirai,7,Web-Based,0.14243316232445544,0.1545121825316546,0.030386827298520075
4,8,15,True,5,Recon,0,Benign,0.19714080827065014,0.15987852494837979,0.05231090400242893
4,8,15,True,5,Recon,1,BruteForce,0.24526414304913682,0.18126571898482907,0.03487046593706778
4,8,15,True,5,Recon,2,DDoS,0.08765378877510832,0.06725977487377587,0.5151354536604092
4,8,15,True,5,Recon,3,DoS,0.03339313627602777,0.03747442985682336,0.26560072345031455
4,8,15,True,5,Recon,4,Mirai,0.09392920699863842,0.10764253173119581,0.0376412932965182
4,8,15,True,5,Recon,5,Recon,0.10532314194923285,0.11269867923056881,0.022822761923066533
4,8,15,True,5,Recon,6,Spoofing,0.06130590941829248,0.1396449335086082,0.039236306790337246
4,8,15,True,5,Recon,7,Web-Based,0.1759898652629132,0.1941354068658191,0.03238209093985765
4,8,15,True,6,Spoofing,0,Benign,0.2327506392342168,0.18488344028302267,0.04989348536388863
4,8,15,True,6,Spoofing,1,BruteForce,0.1978451305443431,0.1381709875604367,0.03188649971154166
4,8,15,True,6,Spoofing,2,DDoS,0.07730363214973293,0.07019780364669184,0.48386588385254226
4,8,15,True,6,Spoofing,3,DoS,0.03161671681041011,0.036111988243422044,0.30516149358828903
4,8,15,True,6,Spoofing,4,Mirai,0.10403590496472007,0.11187625740513675,0.03665031104580393
4,8,15,True,6,Spoofing,5,Recon,0.10018405923299717,0.12192333253898392,0.021957736856461973
4,8,15,True,6,Spoofing,6,Spoofing,0.08991936429495709,0.17755366449568477,0.0405992718729204
4,8,15,True,6,Spoofing,7,Web-Based,0.16634455276862276,0.15928252582662128,0.029985317708552225
4,8,15,True,7,Web-Based,0,Benign,0.23488592288773416,0.17919720404090597,0.055652764274874436
4,8,15,True,7,Web-Based,1,BruteForce,0.20559140966086467,0.14049015374866622,0.030874757337916416
4,8,15,True,7,Web-Based,2,DDoS,0.08336253744330457,0.07044210987298179,0.5642708408093295
4,8,15,True,7,Web-Based,3,DoS,0.032489816480056714,0.035843095323951434,0.21004699373683333
4,8,15,True,7,Web-Based,4,Mirai,0.11895803297693311,0.12366795294031935,0.039571216454673305
4,8,15,True,7,Web-Based,5,Recon,0.09034945524789026,0.11435963320320845,0.02516263858178125
4,8,15,True,7,Web-Based,6,Spoofing,0.07049928576008475,0.1590648530268987,0.0418851396147757
4,8,15,True,7,Web-Based,7,Web-Based,0.16386353954313185,0.17693499784306804,0.032535649189816065
4,8,16,False,0,Benign,0,Benign,0.5534238702869202,0.1945718238935019,0.5289869720531107
4,8,16,False,0,Benign,1,BruteForce,0.021123526863768893,0.11931008759433895,0.022867332490681114
4,8,16,False,0,Benign,2,DDoS,0.14208787621546626,0.07601443428882075,0.16887718426678153
4,8,16,False,0,Benign,3,DoS,0.02653897174875222,0.06744835922433437,0.051841357131975206
4,8,16,False,0,Benign,4,Mirai,0.01732330996482445,0.11077546651384518,0.01948582065520686
4,8,16,False,0,Benign,5,Recon,0.024693468307971266,0.12003562133455215,0.023208244931691616
4,8,16,False,0,Benign,6,Spoofing,0.12534313729431656,0.1637475590894407,0.1089540888176844
4,8,16,False,0,Benign,7,Web-Based,0.08946583931798009,0.14809664806116604,0.07577899965286862
4,8,16,False,1,BruteForce,0,Benign,0.5445168871373883,0.15512929810588272,0.5744545563340866
4,8,16,False,1,BruteForce,1,BruteForce,0.02956566963678926,0.20572569869628482,0.023981889028737272
4,8,16,False,1,BruteForce,2,DDoS,0.12087065659967107,0.06643465432296566,0.12414438639312116
4,8,16,False,1,BruteForce,3,DoS,0.019215157268205628,0.03403867280432937,0.031614801917984124
4,8,16,False,1,BruteForce,4,Mirai,0.018935637798780564,0.11564811182879077,0.0186004018028425
4,8,16,False,1,BruteForce,5,Recon,0.021565053721381396,0.09732164838465947,0.023643384612350504
4,8,16,False,1,BruteForce,6,Spoofing,0.13098280094918507,0.1435552255142566,0.11807850717401792
4,8,16,False,1,BruteForce,7,Web-Based,0.11434813688859863,0.18214669034283062,0.08548207273686008
4,8,16,False,2,DDoS,0,Benign,0.1622315583334086,0.08030927534953192,0.1741260159576502
4,8,16,False,2,DDoS,1,BruteForce,0.012317305706789296,0.045953753099180844,0.020852015820541595
4,8,16,False,2,DDoS,2,DDoS,0.7139955254801309,0.5446805117883593,0.6737905432890671
4,8,16,False,2,DDoS,3,DoS,0.017051531218215697,0.06333216978694231,0.028548930532557998
4,8,16,False,2,DDoS,4,Mirai,0.008917231316386148,0.09059734636461099,0.014523519766539204
4,8,16,False,2,DDoS,5,Recon,0.010353159551688817,0.06883947887842555,0.012179546227798073
4,8,16,False,2,DDoS,6,Spoofing,0.03841338453412353,0.04868447186607993,0.04110077740829184
4,8,16,False,2,DDoS,7,Web-Based,0.03672030385925707,0.05760299286686921,0.03487865099755404
4,8,16,False,3,DoS,0,Benign,0.07587829703792798,0.06345799236587453,0.14296338459993616
4,8,16,False,3,DoS,1,BruteForce,0.012298161144027946,0.06904312408127762,0.028642659897336577
4,8,16,False,3,DoS,2,DDoS,0.2691665918570967,0.13862400058863433,0.3066166315495205
4,8,16,False,3,DoS,3,DoS,0.5638624116565161,0.49424182795472027,0.39191929596958774
4,8,16,False,3,DoS,4,Mirai,0.0077597683701882076,0.08950130808505849,0.017658223094010092
4,8,16,False,3,DoS,5,Recon,0.00863603037346758,0.04322985267383383,0.013790035974995387
4,8,16,False,3,DoS,6,Spoofing,0.037658128952301737,0.07274676069100555,0.05532115693381596
4,8,16,False,3,DoS,7,Web-Based,0.024740610608473764,0.02915513355959535,0.0430886119807976
4,8,16,False,4,Mirai,0,Benign,0.5022678756632233,0.15568547020712065,0.5206070171457508
4,8,16,False,4,Mirai,1,BruteForce,0.024282491425350067,0.1550515815324804,0.023978315131557546
4,8,16,False,4,Mirai,2,DDoS,0.18946300892042045,0.07885286748095853,0.1769630014019333
4,8,16,False,4,Mirai,3,DoS,0.040376347181220504,0.05937507193865227,0.05453570918791254
4,8,16,False,4,Mirai,4,Mirai,0.018347590337521553,0.1542060151254957,0.01941199305439611
4,8,16,False,4,Mirai,5,Recon,0.019641581500707796,0.08625634915683929,0.02135227064962333
4,8,16,False,4,Mirai,6,Spoofing,0.11779427026785415,0.1560604620267986,0.1063665389238147
4,8,16,False,4,Mirai,7,Web-Based,0.08782683470370223,0.1545121825316546,0.07678515450501171
4,8,16,False,5,Recon,0,Benign,0.5460048070992549,0.15987852494837979,0.5716181821311552
4,8,16,False,5,Recon,1,BruteForce,0.028778563958321082,0.18126571898482907,0.024593033053676886
4,8,16,False,5,Recon,2,DDoS,0.11484688508706876,0.06725977487377587,0.12484120043291991
4,8,16,False,5,Recon,3,DoS,0.02152073960827778,0.03747442985682336,0.03375637061389429
4,8,16,False,5,Recon,4,Mirai,0.018176655375536817,0.10764253173119581,0.01840659021605707
4,8,16,False,5,Recon,5,Recon,0.031278605139974804,0.11269867923056881,0.02445099893113418
4,8,16,False,5,Recon,6,Spoofing,0.12202670472910077,0.1396449335086082,0.1158587790935409
4,8,16,False,5,Recon,7,Web-Based,0.11736703900246506,0.1941354068658191,0.08647484552762154
4,8,16,False,6,Spoofing,0,Benign,0.5550825880750203,0.18488344028302267,0.5684098316127797
4,8,16,False,6,Spoofing,1,BruteForce,0.022841644339097036,0.1381709875604367,0.022899105575981814
4,8,16,False,6,Spoofing,2,DDoS,0.10129781154632346,0.07019780364669184,0.11984449504853653
4,8,16,False,6,Spoofing,3,DoS,0.018628778766303273,0.036111988243422044,0.04571222361566175
4,8,16,False,6,Spoofing,4,Mirai,0.018220495361032037,0.11187625740513675,0.019652787043212223
4,8,16,False,6,Spoofing,5,Recon,0.025163345338441914,0.12192333253898392,0.02456865175624679
4,8,16,False,6,Spoofing,6,Spoofing,0.1618241058853098,0.17755366449568477,0.11996086300199292
4,8,16,False,6,Spoofing,7,Web-Based,0.09694123068847219,0.15928252582662128,0.0789520423455883
4,8,16,False,7,Web-Based,0,Benign,0.5663777334366158,0.17919720404090597,0.5714476609725303
4,8,16,False,7,Web-Based,1,BruteForce,0.024062241463178757,0.14049015374866622,0.023310026981546425
4,8,16,False,7,Web-Based,2,DDoS,0.11447977362403151,0.07044210987298179,0.1346747131750776
4,8,16,False,7,Web-Based,3,DoS,0.018702030304231666,0.035843095323951434,0.03355962287673245
4,8,16,False,7,Web-Based,4,Mirai,0.01907294154669104,0.12366795294031935,0.019237949411600824
4,8,16,False,7,Web-Based,5,Recon,0.02316832591482833,0.11435963320320845,0.02394913990804512
4,8,16,False,7,Web-Based,6,Spoofing,0.12982156561676894,0.1590648530268987,0.11199076947497222
4,8,16,False,7,Web-Based,7,Web-Based,0.10431538809365402,0.17693499784306804,0.08183011719949508
4,8,17,True,0,Benign,0,Benign,0.14781963583780147,0.1945718238935019,0.286889015939312
4,8,17,True,0,Benign,1,BruteForce,0.21836684934633843,0.11931008759433895,0.014141176556226539
4,8,17,True,0,Benign,2,DDoS,0.05519058401005906,0.07601443428882075,0.03934222345283236
4,8,17,True,0,Benign,3,DoS,0.06800468371572703,0.06744835922433437,0.07510850393543397
4,8,17,True,0,Benign,4,Mirai,0.17800533026015297,0.11077546651384518,0.4623639116782699
4,8,17,True,0,Benign,5,Recon,0.044317556119660075,0.12003562133455215,0.012580999550135604
4,8,17,True,0,Benign,6,Spoofing,0.046657385880096686,0.1637475590894407,0.01989494697695438
4,8,17,True,0,Benign,7,Web-Based,0.24163797483016436,0.14809664806116604,0.08967922191083538
4,8,17,True,1,BruteForce,0,Benign,0.1354826426687407,0.15512929810588272,0.26788477225842416
4,8,17,True,1,BruteForce,1,BruteForce,0.21179426872155405,0.20572569869628482,0.01355950147760995
4,8,17,True,1,BruteForce,2,DDoS,0.05150608380082422,0.06643465432296566,0.023824451384301438
4,8,17,True,1,BruteForce,3,DoS,0.05865121812857246,0.03403867280432937,0.021147476688527626
4,8,17,True,1,BruteForce,4,Mirai,0.19736959229082043,0.11564811182879077,0.5076466959494363
4,8,17,True,1,BruteForce,5,Recon,0.04392866831484311,0.09732164838465947,0.01194216929091869
4,8,17,True,1,BruteForce,6,Spoofing,0.04707060368263125,0.1435552255142566,0.021224212398854504
4,8,17,True,1,BruteForce,7,Web-Based,0.25419692239201386,0.18214669034283062,0.1327707205519274
4,8,17,True,2,DDoS,0,Benign,0.12414404743815073,0.08030927534953192,0.09965223464425019
4,8,17,True,2,DDoS,1,BruteForce,0.2430613677539101,0.045953753099180844,0.016912555800301876
4,8,17,True,2,DDoS,2,DDoS,0.11232172823690073,0.5446805117883593,0.5916063038604549
4,8,17,True,2,DDoS,3,DoS,0.09497767171420156,0.06333216978694231,0.059647025808189195
4,8,17,True,2,DDoS,4,Mirai,0.13207966340972507,0.09059734636461099,0.16515504529755384
4,8,17,True,2,DDoS,5,Recon,0.04290992094735389,0.06883947887842555,0.010300366663951063
4,8,17,True,2,DDoS,6,Spoofing,0.03851304049414839,0.04868447186607993,0.011752445730340406
4,8,17,True,2,DDoS,7,Web-Based,0.21199256000560962,0.05760299286686921,0.04497402219495862
4,8,17,True,3,DoS,0,Benign,0.09858036592134296,0.06345799236587453,0.05992432340690582
4,8,17,True,3,DoS,1,BruteForce,0.25513838218389356,0.06904312408127762,0.02264921063857181
4,8,17,True,3,DoS,2,DDoS,0.07197079550400384,0.13862400058863433,0.09107857185936827
4,8,17,True,3,DoS,3,DoS,0.16862518928126444,0.49424182795472027,0.6004928338303238
4,8,17,True,3,DoS,4,Mirai,0.12194914620832609,0.08950130808505849,0.16149540713187366
4,8,17,True,3,DoS,5,Recon,0.03450916339892168,0.04322985267383383,0.011963184394358726
4,8,17,True,3,DoS,6,Spoofing,0.04831235194536671,0.07274676069100555,0.014793874814484666
4,8,17,True,3,DoS,7,Web-Based,0.20091460555688076,0.02915513355959535,0.037602593924113276
4,8,17,True,4,Mirai,0,Benign,0.13258276253631177,0.15568547020712065,0.24452659773493632
4,8,17,True,4,Mirai,1,BruteForce,0.21698852113312153,0.1550515815324804,0.012452768444411106
4,8,17,True,4,Mirai,2,DDoS,0.05461261859940005,0.07885286748095853,0.02989616356771772
4,8,17,True,4,Mirai,3,DoS,0.06593567080154066,0.05937507193865227,0.03160659118771453
4,8,17,True,4,Mirai,4,Mirai,0.19796996697443744,0.1542060151254957,0.5618601648015825
4,8,17,True,4,Mirai,5,Recon,0.04233093312985844,0.08625634915683929,0.011154268779432132
4,8,17,True,4,Mirai,6,Spoofing,0.0473403252210236,0.1560604620267986,0.01860752929236095
4,8,17,True,4,Mirai,7,Web-Based,0.24223920160430656,0.1545121825316546,0.0898959161918447
4,8,17,True,5,Recon,0,Benign,0.13270540648615736,0.15987852494837979,0.25952094279778837
4,8,17,True,5,Recon,1,BruteForce,0.20988383115889886,0.18126571898482907,0.013930722871897163
4,8,17,True,5,Recon,2,DDoS,0.051168684724814145,0.06725977487377587,0.02460110721417558
4,8,17,True,5,Recon,3,DoS,0.05841136770265343,0.03747442985682336,0.026782891227141448
4,8,17,True,5,Recon,4,Mirai,0.200126973655189,0.10764253173119581,0.5082181784870103
4,8,17,True,5,Recon,5,Recon,0.044341867104337074,0.11269867923056881,0.011940778991640274
4,8,17,True,5,Recon,6,Spoofing,0.0458024922821004,0.1396449335086082,0.02098337634349378
4,8,17,True,5,Recon,7,Web-Based,0.25755937688584984,0.1941354068658191,0.1340220020668531
4,8,17,True,6,Spoofing,0,Benign,0.14406152275636186,0.18488344028302267,0.302606185767156
4,8,17,True,6,Spoofing,1,BruteForce,0.2182359841391163,0.1381709875604367,0.013507241985149722
4,8,17,True,6,Spoofing,2,DDoS,0.05372670557822296,0.07019780364669184,0.025089976437142267
4,8,17,True,6,Spoofing,3,DoS,0.06533431984086875,0.036111988243422044,0.04117615354337931
4,8,17,True,6,Spoofing,4,Mirai,0.18103750132423632,0.11187625740513675,0.48033069048874455
4,8,17,True,6,Spoofing,5,Recon,0.045049110577431904,0.12192333253898392,0.013000229641819839
4,8,17,True,6,Spoofing,6,Spoofing,0.048539925058021315,0.17755366449568477,0.021249318788605573
4,8,17,True,6,Spoofing,7,Web-Based,0.24401493072574063,0.15928252582662128,0.10304020334800273
4,8,17,True,7,Web-Based,0,Benign,0.14186512224785489,0.17919720404090597,0.28968093350244056
4,8,17,True,7,Web-Based,1,BruteForce,0.20665904235388965,0.14049015374866622,0.013761211173983294
4,8,17,True,7,Web-Based,2,DDoS,0.05203437534549218,0.07044210987298179,0.027595103491214332
4,8,17,True,7,Web-Based,3,DoS,0.059833452256357965,0.035843095323951434,0.021580846561655005
4,8,17,True,7,Web-Based,4,Mirai,0.19823543414460787,0.12366795294031935,0.5045295700101171
4,8,17,True,7,Web-Based,5,Recon,0.044844725089984744,0.11435963320320845,0.012630118921325022
4,8,17,True,7,Web-Based,6,Spoofing,0.04644064850341354,0.1590648530268987,0.020622524472812886
4,8,17,True,7,Web-Based,7,Web-Based,0.2500872000583992,0.17693499784306804,0.10959969186645173
4,8,18,True,0,Benign,0,Benign,0.07618564639268449,0.1945718238935019,0.06003669693124527
4,8,18,True,0,Benign,1,BruteForce,0.24774646927598812,0.11931008759433895,0.015925282420627428
4,8,18,True,0,Benign,2,DDoS,0.12737030980031547,0.07601443428882075,0.1752512081883567
4,8,18,True,0,Benign,3,DoS,0.06378348265447657,0.06744835922433437,0.05925209115095998
4,8,18,True,0,Benign,4,Mirai,0.08485649802359706,0.11077546651384518,0.2680656923199855
4,8,18,True,0,Benign,5,Recon,0.06884205004361978,0.12003562133455215,0.10830681306316478
4,8,18,True,0,Benign,6,Spoofing,0.08334244887327037,0.1637475590894407,0.1953149492678493
4,8,18,True,0,Benign,7,Web-Based,0.24787309493604806,0.14809664806116604,0.11784726665781116
4,8,18,True,1,BruteForce,0,Benign,0.07109856345435019,0.15512929810588272,0.05985143394031293
4,8,18,True,1,BruteForce,1,BruteForce,0.2654401514193166,0.20572569869628482,0.015592786599150038
4,8,18,True,1,BruteForce,2,DDoS,0.11782589897825278,0.06643465432296566,0.1289359280752761
4,8,18,True,1,BruteForce,3,DoS,0.060995151585159,0.03403867280432937,0.02215712225230054
4,8,18,True,1,BruteForce,4,Mirai,0.0873507354544225,0.11564811182879077,0.317016468517998
4,8,18,True,1,BruteForce,5,Recon,0.06510677297890034,0.09732164838465947,0.11847456578080608
4,8,18,True,1,BruteForce,6,Spoofing,0.08042954281944478,0.1435552255142566,0.18611693944709506
4,8,18,True,1,BruteForce,7,Web-Based,0.25175318331015395,0.18214669034283062,0.15185475538706122
4,8,18,True,2,DDoS,0,Benign,0.06950793444435284,0.08030927534953192,0.029062631855855094
4,8,18,True,2,DDoS,1,BruteForce,0.21892373437780377,0.045953753099180844,0.016288194304989984
4,8,18,True,2,DDoS,2,DDoS,0.19112425871842154,0.5446805117883593,0.6648201106739219
4,8,18,True,2,DDoS,3,DoS,0.08172294289092373,0.06333216978694231,0.034976272066712825
4,8,18,True,2,DDoS,4,Mirai,0.07709539346231097,0.09059734636461099,0.096397978138924
4,8,18,True,2,DDoS,5,Recon,0.07047068538173115,0.06883947887842555,0.05429758367867338
4,8,18,True,2,DDoS,6,Spoofing,0.06049224236027733,0.04868447186607993,0.056696095005218945
4,8,18,True,2,DDoS,7,Web-Based,0.23066280836417866,0.05760299286686921,0.047461134275703955
4,8,18,True,3,DoS,0,Benign,0.05225815955456544,0.06345799236587453,0.02066310555668643
4,8,18,True,3,DoS,1,BruteForce,0.2333441392797622,0.06904312408127762,0.023275818268509742
4,8,18,True,3,DoS,2,DDoS,0.1584522799822616,0.13862400058863433,0.258822317646216
4,8,18,True,3,DoS,3,DoS,0.1463132907588649,0.49424182795472027,0.4234930144571863
4,8,18,True,3,DoS,4,Mirai,0.0818804313288449,0.08950130808505849,0.09426692062515364
4,8,18,True,3,DoS,5,Recon,0.05211879440127528,0.04322985267383383,0.039583359254818457
4,8,18,True,3,DoS,6,Spoofing,0.06807552536360208,0.07274676069100555,0.08592159588391285
4,8,18,True,3,DoS,7,Web-Based,0.20755737933082366,0.02915513355959535,0.05397386830751663
4,8,18,True,4,Mirai,0,Benign,0.07052694978870123,0.15568547020712065,0.05628407963491555
4,8,18,True,4,Mirai,1,BruteForce,0.25550993778269876,0.1550515815324804,0.01544059660104304
4,8,18,True,4,Mirai,2,DDoS,0.12963158020699977,0.07885286748095853,0.15448560210473708
4,8,18,True,4,Mirai,3,DoS,0.06470992311605989,0.05937507193865227,0.04912073475735243
4,8,18,True,4,Mirai,4,Mirai,0.09482911964125862,0.1542060151254957,0.3346982396821286
4,8,18,True,4,Mirai,5,Recon,0.06108221719520123,0.08625634915683929,0.09483282830803735
4,8,18,True,4,Mirai,6,Spoofing,0.0821147838661154,0.1560604620267986,0.17399327749416404
4,8,18,True,4,Mirai,7,Web-Based,0.24159548840296508,0.1545121825316546,0.12114464141762199
4,8,18,True,5,Recon,0,Benign,0.06947288979212204,0.15987852494837979,0.05812312447001411
4,8,18,True,5,Recon,1,BruteForce,0.2670615768922534,0.18126571898482907,0.015691333544148797
4,8,18,True,5,Recon,2,DDoS,0.11728863778985991,0.06725977487377587,0.122115431082052
4,8,18,True,5,Recon,3,DoS,0.06216704526707004,0.03747442985682336,0.022574914676715394
4,8,18,True,5,Recon,4,Mirai,0.08647927292957674,0.10764253173119581,0.3151549157088511
4,8,18,True,5,Recon,5,Recon,0.06738538925021738,0.11269867923056881,0.13887600447012433
4,8,18,True,5,Recon,6,Spoofing,0.07708801843130066,0.1396449335086082,0.17694869786890408
4,8,18,True,5,Recon,7,Web-Based,0.2530571696475999,0.1941354068658191,0.15051557817919023
4,8,18,True,6,Spoofing,0,Benign,0.07406462274270487,0.18488344028302267,0.06170834865848539
4,8,18,True,6,Spoofing,1,BruteForce,0.24928941343381364,0.1381709875604367,0.015800834351637857
4,8,18,True,6,Spoofing,2,DDoS,0.1182909518104531,0.07019780364669184,0.1232908717829644
4,8,18,True,6,Spoofing,3,DoS,0.060927443809456416,0.036111988243422044,0.04271692378464614
4,8,18,True,6,Spoofing,4,Mirai,0.08718282643652221,0.11187625740513675,0.2729913861731602
4,8,18,True,6,Spoofing,5,Recon,0.0708131872268864,0.12192333253898392,0.11501973307918247
4,8,18,True,6,Spoofing,6,Spoofing,0.0889151992865031,0.17755366449568477,0.23591856384237125
4,8,18,True,6,Spoofing,7,Web-Based,0.2505163552536603,0.15928252582662128,0.13255333832755234
4,8,18,True,7,Web-Based,0,Benign,0.07333102169231782,0.17919720404090597,0.06290869206457517
4,8,18,True,7,Web-Based,1,BruteForce,0.2518090576917481,0.14049015374866622,0.015319260554912553
4,8,18,True,7,Web-Based,2,DDoS,0.11962987246054384,0.07044210987298179,0.14188922350994165
4,8,18,True,7,Web-Based,3,DoS,0.061177762061019575,0.035843095323951434,0.02459099334319162
4,8,18,True,7,Web-Based,4,Mirai,0.08986330609750214,0.12366795294031935,0.31275061179402036
4,8,18,True,7,Web-Based,5,Recon,0.06815555697799082,0.11435963320320845,0.11708161224186986
4,8,18,True,7,Web-Based,6,Spoofing,0.0824502121771389,0.1590648530268987,0.1881912653758733
4,8,18,True,7,Web-Based,7,Web-Based,0.2535832108417388,0.17693499784306804,0.13726834111561545
4,8,19,False,0,Benign,0,Benign,0.10074223944250517,0.1945718238935019,0.08823387665806656
4,8,19,False,0,Benign,1,BruteForce,0.01119221199088658,0.11931008759433895,0.01888932090882132
4,8,19,False,0,Benign,2,DDoS,0.27231334994040823,0.07601443428882075,0.2429632693628746
4,8,19,False,0,Benign,3,DoS,0.05750782239937565,0.06744835922433437,0.08348141086570714
4,8,19,False,0,Benign,4,Mirai,0.01569763133038961,0.11077546651384518,0.019610591700312093
4,8,19,False,0,Benign,5,Recon,0.15930797173476244,0.12003562133455215,0.17813600008336025
4,8,19,False,0,Benign,6,Spoofing,0.3678967071860746,0.1637475590894407,0.3497237577388485
4,8,19,False,0,Benign,7,Web-Based,0.015342065975597763,0.14809664806116604,0.018961772682009412
4,8,19,False,1,BruteForce,0,Benign,0.10743254293232118,0.15512929810588272,0.09913790567731263
4,8,19,False,1,BruteForce,1,BruteForce,0.013188880388861094,0.20572569869628482,0.018064839186361405
4,8,19,False,1,BruteForce,2,DDoS,0.2818876541555083,0.06643465432296566,0.20349844104536582
4,8,19,False,1,BruteForce,3,DoS,0.017281744257382187,0.03403867280432937,0.02784390523462867
4,8,19,False,1,BruteForce,4,Mirai,0.017813104382143553,0.11564811182879077,0.01950739318485699
4,8,19,False,1,BruteForce,5,Recon,0.1359969003422458,0.09732164838465947,0.2187069857341637
4,8,19,False,1,BruteForce,6,Spoofing,0.4100134488896761,0.1435552255142566,0.3939871007678026
4,8,19,False,1,BruteForce,7,Web-Based,0.016385724651861767,0.18214669034283062,0.019253429169508115
4,8,19,False,2,DDoS,0,Benign,0.030095519976466267,0.08030927534953192,0.03767276258733159
4,8,19,False,2,DDoS,1,BruteForce,0.007450667139250934,0.045953753099180844,0.016056824115162807
4,8,19,False,2,DDoS,2,DDoS,0.7575056358858245,0.5446805117883593,0.6882905537192153
4,8,19,False,2,DDoS,3,DoS,0.03633068379737588,0.06333216978694231,0.048163516725315256
4,8,19,False,2,DDoS,4,Mirai,0.007711646366022369,0.09059734636461099,0.016534657503638764
4,8,19,False,2,DDoS,5,Recon,0.0662134427088605,0.06883947887842555,0.07958947246139361
4,8,19,False,2,DDoS,6,Spoofing,0.08826247079990061,0.04868447186607993,0.10282389900793108
4,8,19,False,2,DDoS,7,Web-Based,0.006429933326298847,0.05760299286686921,0.010868313880011578
4,8,19,False,3,DoS,0,Benign,0.01434535126292718,0.06345799236587453,0.020026217259025727
4,8,19,False,3,DoS,1,BruteForce,0.010045879036761593,0.06904312408127762,0.025034336214780212
4,8,19,False,3,DoS,2,DDoS,0.1839817492577538,0.13862400058863433,0.20879855364634697
4,8,19,False,3,DoS,3,DoS,0.6873209558056325,0.49424182795472027,0.5733914465592493
4,8,19,False,3,DoS,4,Mirai,0.005648873921796328,0.08950130808505849,0.015936369513321242
4,8,19,False,3,DoS,5,Recon,0.03412378671761795,0.04322985267383383,0.0464978550774566
4,8,19,False,3,DoS,6,Spoofing,0.059110875730977654,0.07274676069100555,0.09841889403122607
4,8,19,False,3,DoS,7,Web-Based,0.005422528266532985,0.02915513355959535,0.011896327698594002
4,8,19,False,4,Mirai,0,Benign,0.09436443500662801,0.15568547020712065,0.09167101573892925
4,8,19,False,4,Mirai,1,BruteForce,0.012339105462098038,0.1550515815324804,0.019798226119701657
4,8,19,False,4,Mirai,2,DDoS,0.3744012731542665,0.07885286748095853,0.2596567372868506
4,8,19,False,4,Mirai,3,DoS,0.04617640666575517,0.05937507193865227,0.07104045203391178
4,8,19,False,4,Mirai,4,Mirai,0.01794623666711044,0.1542060151254957,0.021280885764181936
4,8,19,False,4,Mirai,5,Recon,0.11036830015365097,0.08625634915683929,0.16300272388462222
4,8,19,False,4,Mirai,6,Spoofing,0.3305451897431969,0.1560604620267986,0.35435016413821613
4,8,19,False,4,Mirai,7,Web-Based,0.013859053147293932,0.1545121825316546,0.019199795033586476
4,8,19,False,5,Recon,0,Benign,0.1088861192152244,0.15987852494837979,0.09760074570728806
4,8,19,False,5,Recon,1,BruteForce,0.01247284719507092,0.18126571898482907,0.01785633303978797
4,8,19,False,5,Recon,2,DDoS,0.2611628608423821,0.06725977487377587,0.1952643830935358
4,8,19,False,5,Recon,3,DoS,0.020178006927724566,0.03747442985682336,0.02951280555912488
4,8,19,False,5,Recon,4,Mirai,0.016270195238157727,0.10764253173119581,0.019269203289343086
4,8,19,False,5,Recon,5,Recon,0.20872168485589693,0.11269867923056881,0.24910730652688962
4,8,19,False,5,Recon,6,Spoofing,0.3550584371126686,0.1396449335086082,0.37247809202891285
4,8,19,False,5,Recon,7,Web-Based,0.017249848612874843,0.1941354068658191,0.018911130755117668
4,8,19,False,6,Spoofing,0,Benign,0.10372439337332752,0.18488344028302267,0.09459257177217283
4,8,19,False,6,Spoofing,1,BruteForce,0.010775111304143867,0.1381709875604367,0.018608910498152272
4,8,19,False,6,Spoofing,2,DDoS,0.22453505044636232,0.07019780364669184,0.18479530680509787
4,8,19,False,6,Spoofing,3,DoS,0.02688008439626429,0.036111988243422044,0.06258030746707754
4,8,19,False,6,Spoofing,4,Mirai,0.015666665923880732,0.11187625740513675,0.01943747529338753
4,8,19,False,6,Spoofing,5,Recon,0.1800945022682538,0.12192333253898392,0.19519971533553404
4,8,19,False,6,Spoofing,6,Spoofing,0.4225253213957773,0.17755366449568477,0.405441605634872
4,8,19,False,6,Spoofing,7,Web-Based,0.015798870891990186,0.15928252582662128,0.01934410719370588
4,8,19,False,7,Web-Based,0,Benign,0.10932051789672638,0.17919720404090597,0.1007990821887821
4,8,19,False,7,Web-Based,1,BruteForce,0.011512565367259905,0.14049015374866622,0.018501421292924862
4,8,19,False,7,Web-Based,2,DDoS,0.29935125639274435,0.07044210987298179,0.2250672477616476
4,8,19,False,7,Web-Based,3,DoS,0.019607587980771,0.035843095323951434,0.03364515979787337
4,8,19,False,7,Web-Based,4,Mirai,0.01772383357788838,0.12366795294031935,0.019942477727555873
4,8,19,False,7,Web-Based,5,Recon,0.16090447010000122,0.11435963320320845,0.2106561159097662
4,8,19,False,7,Web-Based,6,Spoofing,0.36518593825535123,0.1590648530268987,0.37142243101012146
4,8,19,False,7,Web-Based,7,Web-Based,0.016393830429257576,0.17693499784306804,0.01996606431132858
