monitoring_round,global_round,client_id,actual_malicious,source_id,source_name,target_id,target_name,local_probability,round_consensus_probability,frozen_profile_probability
1,5,0,False,0,Benign,0,Benign,0.2975935648050732,0.17894327778592223,0.26278178160925625
1,5,0,False,0,Benign,1,BruteForce,0.08062141837964887,0.03637180318428747,0.05988172549568824
1,5,0,False,0,Benign,2,DDoS,0.010686906990807892,0.0471366162410738,0.017071578120114936
1,5,0,False,0,Benign,3,DoS,0.14465084042701198,0.07693166124930798,0.1844970353632558
1,5,0,False,0,Benign,4,Mirai,0.3073654124465107,0.15076796678172683,0.2918442271356306
1,5,0,False,0,Benign,5,Recon,0.11829569811879079,0.2005522548367446,0.14228985307871034
1,5,0,False,0,Benign,6,Spoofing,0.0214177069945849,0.18846296149721314,0.020855983251581833
1,5,0,False,0,Benign,7,Web-Based,0.01936845183757168,0.12083345842372378,0.020777815945762
1,5,0,False,1,BruteForce,0,Benign,0.2667013460798181,0.19155354975686884,0.2656430290659468
1,5,0,False,1,BruteForce,1,BruteForce,0.15123467050097084,0.04715243889175867,0.08753372719811156
1,5,0,False,1,BruteForce,2,DDoS,0.012676779661397884,0.03959295936828813,0.012764178493417473
1,5,0,False,1,BruteForce,3,DoS,0.06246094757607568,0.045801242124436495,0.07678476689708104
1,5,0,False,1,BruteForce,4,Mirai,0.3613546766280145,0.1417876964770248,0.3325634123379524
1,5,0,False,1,BruteForce,5,Recon,0.0969808647946292,0.18416280818136987,0.17508103946245743
1,5,0,False,1,BruteForce,6,Spoofing,0.02150451485559178,0.19291428226655288,0.022715882767572422
1,5,0,False,1,BruteForce,7,Web-Based,0.02708619990350207,0.15703502293370034,0.026913963777460977
1,5,0,False,2,DDoS,0,Benign,0.07317859487430367,0.04796071480786089,0.10478185413533818
1,5,0,False,2,DDoS,1,BruteForce,0.03128867959908676,0.03264726697945592,0.03363773507810239
1,5,0,False,2,DDoS,2,DDoS,0.5038021403725307,0.6047228000220528,0.4555644832146435
1,5,0,False,2,DDoS,3,DoS,0.17191981865614306,0.09081448907660578,0.16267828503382503
1,5,0,False,2,DDoS,4,Mirai,0.13923142581122266,0.0738083369079688,0.13805545173557351
1,5,0,False,2,DDoS,5,Recon,0.057846164753231816,0.06448102907301245,0.07114814746332884
1,5,0,False,2,DDoS,6,Spoofing,0.010853901568623215,0.04836695847016694,0.014144695575032938
1,5,0,False,2,DDoS,7,Web-Based,0.011879274364858127,0.037198404662876335,0.019989347764155587
1,5,0,False,3,DoS,0,Benign,0.02242749485416545,0.03916822085938412,0.031183219318431078
1,5,0,False,3,DoS,1,BruteForce,0.016992259712495083,0.02611409625810935,0.016828722475000998
1,5,0,False,3,DoS,2,DDoS,0.01556672979136483,0.16115271308022683,0.02177625241987036
1,5,0,False,3,DoS,3,DoS,0.890166537797726,0.5045648766593429,0.8446218761534362
1,5,0,False,3,DoS,4,Mirai,0.029001454214028843,0.1256348314752622,0.0431461770917808
1,5,0,False,3,DoS,5,Recon,0.015075129968997805,0.04107709104121461,0.026358258254224377
1,5,0,False,3,DoS,6,Spoofing,0.006214542013289015,0.06360255681383538,0.00856158772017071
1,5,0,False,3,DoS,7,Web-Based,0.004555851647933012,0.03868561381262471,0.007523906567085566
1,5,0,False,4,Mirai,0,Benign,0.23349580140546525,0.1790610527669489,0.25716740971373475
1,5,0,False,4,Mirai,1,BruteForce,0.07373916104467487,0.04035596305722724,0.06214343396007815
1,5,0,False,4,Mirai,2,DDoS,0.013185380428115193,0.048333192750160625,0.01386823720359379
1,5,0,False,4,Mirai,3,DoS,0.09653405202428504,0.08178645006025642,0.149772069756984
1,5,0,False,4,Mirai,4,Mirai,0.48118618690643267,0.2247124326963548,0.3716587945662579
1,5,0,False,4,Mirai,5,Recon,0.06500896914655215,0.12927482806754553,0.10328053476161966
1,5,0,False,4,Mirai,6,Spoofing,0.020154647071316076,0.18251407381848392,0.02136984537726492
1,5,0,False,4,Mirai,7,Web-Based,0.01669580197315881,0.11396200678302253,0.020739674660466896
1,5,0,False,5,Recon,0,Benign,0.25237842092436086,0.17875015992760784,0.24724985801781527
1,5,0,False,5,Recon,1,BruteForce,0.1398351883139675,0.044880395911991305,0.0851020256366411
1,5,0,False,5,Recon,2,DDoS,0.012023799992794619,0.03694190147035861,0.012058303129683059
1,5,0,False,5,Recon,3,DoS,0.0944496304785754,0.0461070837125165,0.0998195894281689
1,5,0,False,5,Recon,4,Mirai,0.3102745033617927,0.12229495905340343,0.3057203541264973
1,5,0,False,5,Recon,5,Recon,0.14317765214723152,0.23233408671422218,0.20288978965026663
1,5,0,False,5,Recon,6,Spoofing,0.020678489230793375,0.181196180632078,0.021513182207612613
1,5,0,False,5,Recon,7,Web-Based,0.027182315550483987,0.15749523257782225,0.025646897803315197
1,5,0,False,6,Spoofing,0,Benign,0.2962819316889081,0.17529741817309683,0.27290338038420653
1,5,0,False,6,Spoofing,1,BruteForce,0.09826680257170146,0.037187086270898985,0.06470870055203756
1,5,0,False,6,Spoofing,2,DDoS,0.010986746163201002,0.0357752216032882,0.012183481902706246
1,5,0,False,6,Spoofing,3,DoS,0.09245930131933765,0.05227967372082189,0.14846015901941642
1,5,0,False,6,Spoofing,4,Mirai,0.3093027825898929,0.13784850975432217,0.2955883962719409
1,5,0,False,6,Spoofing,5,Recon,0.1440619644621172,0.2097760349337413,0.16073231861293877
1,5,0,False,6,Spoofing,6,Spoofing,0.024908604767185937,0.22103227199627665,0.022702443629196753
1,5,0,False,6,Spoofing,7,Web-Based,0.023731866437655767,0.1308037835475539,0.02272111962755682
1,5,0,False,7,Web-Based,0,Benign,0.27845188607725585,0.20128322814201183,0.2828623583119801
1,5,0,False,7,Web-Based,1,BruteForce,0.08608327884364833,0.03998712291565763,0.06785994904824477
1,5,0,False,7,Web-Based,2,DDoS,0.011787640232950225,0.04123134312064929,0.014249287961015595
1,5,0,False,7,Web-Based,3,DoS,0.07528884933707175,0.04975245129577414,0.10621673236144319
1,5,0,False,7,Web-Based,4,Mirai,0.4048162654794107,0.16133958295909348,0.34482029681020887
1,5,0,False,7,Web-Based,5,Recon,0.10076805296705947,0.1750299979418633,0.13843233178161277
1,5,0,False,7,Web-Based,6,Spoofing,0.021716287184626475,0.19405386175108646,0.022295377231029485
1,5,0,False,7,Web-Based,7,Web-Based,0.021087739877977248,0.13732241187386388,0.023263666494465214
1,5,1,True,0,Benign,0,Benign,0.012550686389294562,0.17894327778592223,0.013568399554844724
1,5,1,True,0,Benign,1,BruteForce,0.008545722232921448,0.03637180318428747,0.008605934639372665
1,5,1,True,0,Benign,2,DDoS,0.02581800745632467,0.0471366162410738,0.07444771125811747
1,5,1,True,0,Benign,3,DoS,0.03980656630095557,0.07693166124930798,0.018250106949369942
1,5,1,True,0,Benign,4,Mirai,0.04956962943644498,0.15076796678172683,0.10807574100270502
1,5,1,True,0,Benign,5,Recon,0.12367448343045309,0.2005522548367446,0.2907260211972004
1,5,1,True,0,Benign,6,Spoofing,0.25179082385780127,0.18846296149721314,0.47608512375763967
1,5,1,True,0,Benign,7,Web-Based,0.4882440808958045,0.12083345842372378,0.010240961640750088
1,5,1,True,1,BruteForce,0,Benign,0.012349087096237062,0.19155354975686884,0.012838263384921755
1,5,1,True,1,BruteForce,1,BruteForce,0.008628608719927803,0.04715243889175867,0.008322975190072216
1,5,1,True,1,BruteForce,2,DDoS,0.013372791471295038,0.03959295936828813,0.0486947483017159
1,5,1,True,1,BruteForce,3,DoS,0.01778602570003936,0.045801242124436495,0.011921294151150431
1,5,1,True,1,BruteForce,4,Mirai,0.03858708521304185,0.1417876964770248,0.1105990736221884
1,5,1,True,1,BruteForce,5,Recon,0.1360030031318792,0.18416280818136987,0.29782863486713473
1,5,1,True,1,BruteForce,6,Spoofing,0.2774780923535971,0.19291428226655288,0.5004098369481974
1,5,1,True,1,BruteForce,7,Web-Based,0.4957953063139826,0.15703502293370034,0.00938517353461923
1,5,1,True,2,DDoS,0,Benign,0.011213537617373133,0.04796071480786089,0.010789170177697706
1,5,1,True,2,DDoS,1,BruteForce,0.01519855355436847,0.03264726697945592,0.008010163860307824
1,5,1,True,2,DDoS,2,DDoS,0.31099215576105066,0.6047228000220528,0.6681850151860528
1,5,1,True,2,DDoS,3,DoS,0.31982166841488463,0.09081448907660578,0.02380207038049753
1,5,1,True,2,DDoS,4,Mirai,0.03608605222626107,0.0738083369079688,0.04539266732934675
1,5,1,True,2,DDoS,5,Recon,0.059849980753875494,0.06448102907301245,0.10933311795857123
1,5,1,True,2,DDoS,6,Spoofing,0.09060506674709405,0.04836695847016694,0.12801525908105618
1,5,1,True,2,DDoS,7,Web-Based,0.1562329849250925,0.037198404662876335,0.006472536026470069
1,5,1,True,3,DoS,0,Benign,0.012438014627929027,0.03916822085938412,0.010252218338446022
1,5,1,True,3,DoS,1,BruteForce,0.012282892812054748,0.02611409625810935,0.015216404503898918
1,5,1,True,3,DoS,2,DDoS,0.11048133008710481,0.16115271308022683,0.17155529533872457
1,5,1,True,3,DoS,3,DoS,0.2710454573670791,0.5045648766593429,0.5166624340617575
1,5,1,True,3,DoS,4,Mirai,0.24106149850640787,0.1256348314752622,0.050020635236841596
1,5,1,True,3,DoS,5,Recon,0.053775740425432685,0.04107709104121461,0.05898538021733843
1,5,1,True,3,DoS,6,Spoofing,0.08037539139230643,0.06360255681383538,0.16568625965394038
1,5,1,True,3,DoS,7,Web-Based,0.21853967478168546,0.03868561381262471,0.011621372649052655
1,5,1,True,4,Mirai,0,Benign,0.011852400171918718,0.1790610527669489,0.014618137705013036
1,5,1,True,4,Mirai,1,BruteForce,0.008622011145479013,0.04035596305722724,0.009102412497405885
1,5,1,True,4,Mirai,2,DDoS,0.024624747312409247,0.048333192750160625,0.08760477884375821
1,5,1,True,4,Mirai,3,DoS,0.04174896544272875,0.08178645006025642,0.02267124101393727
1,5,1,True,4,Mirai,4,Mirai,0.06411541631570597,0.2247124326963548,0.15230992245626365
1,5,1,True,4,Mirai,5,Recon,0.11532780557777525,0.12927482806754553,0.21313913990613298
1,5,1,True,4,Mirai,6,Spoofing,0.23248855226291848,0.18251407381848392,0.4892664164272418
1,5,1,True,4,Mirai,7,Web-Based,0.5012201017710647,0.11396200678302253,0.011287951150247227
1,5,1,True,5,Recon,0,Benign,0.012383952200625699,0.17875015992760784,0.011824808752694154
1,5,1,True,5,Recon,1,BruteForce,0.008539260811570278,0.044880395911991305,0.007794146199475564
1,5,1,True,5,Recon,2,DDoS,0.013226811823572363,0.03694190147035861,0.043844228754022566
1,5,1,True,5,Recon,3,DoS,0.017609996931218463,0.0461070837125165,0.011222183207049409
1,5,1,True,5,Recon,4,Mirai,0.03773860883533208,0.12229495905340343,0.10642451725044536
1,5,1,True,5,Recon,5,Recon,0.15762251839414573,0.23233408671422218,0.38581164237960236
1,5,1,True,5,Recon,6,Spoofing,0.2871687353035364,0.181196180632078,0.42455073847402264
1,5,1,True,5,Recon,7,Web-Based,0.46571011569999893,0.15749523257782225,0.00852773498268801
1,5,1,True,6,Spoofing,0,Benign,0.012721489129653282,0.17529741817309683,0.012756547625364765
1,5,1,True,6,Spoofing,1,BruteForce,0.008307318819219497,0.037187086270898985,0.00793767673279992
1,5,1,True,6,Spoofing,2,DDoS,0.01358120591369844,0.0357752216032882,0.04094354636442861
1,5,1,True,6,Spoofing,3,DoS,0.01963520790935136,0.05227967372082189,0.013276564153364187
1,5,1,True,6,Spoofing,4,Mirai,0.04403082930687079,0.13784850975432217,0.10214290260601923
1,5,1,True,6,Spoofing,5,Recon,0.13554002162831094,0.2097760349337413,0.30987281749361173
1,5,1,True,6,Spoofing,6,Spoofing,0.2753256072621142,0.22103227199627665,0.5035233321847596
1,5,1,True,6,Spoofing,7,Web-Based,0.4908583200307814,0.1308037835475539,0.009546612839651922
1,5,1,True,7,Web-Based,0,Benign,0.01250229368575007,0.20128322814201183,0.013734158361343934
1,5,1,True,7,Web-Based,1,BruteForce,0.008339135076699155,0.03998712291565763,0.008298821415736183
1,5,1,True,7,Web-Based,2,DDoS,0.0136896266136251,0.04123134312064929,0.05452670758696665
1,5,1,True,7,Web-Based,3,DoS,0.01818790872364407,0.04975245129577414,0.012572142659275492
1,5,1,True,7,Web-Based,4,Mirai,0.039301314697176404,0.16133958295909348,0.12680239855305564
1,5,1,True,7,Web-Based,5,Recon,0.1354479838867214,0.1750299979418633,0.29510931665947837
1,5,1,True,7,Web-Based,6,Spoofing,0.2754697731765367,0.19405386175108646,0.47882548768979566
1,5,1,True,7,Web-Based,7,Web-Based,0.4970619641398471,0.13732241187386388,0.010130967074348123
1,5,2,False,0,Benign,0,Benign,0.17754109849380192,0.17894327778592223,0.15516749217397513
1,5,2,False,0,Benign,1,BruteForce,0.01962901532486193,0.03637180318428747,0.02020697169099876
1,5,2,False,0,Benign,2,DDoS,0.02091029734660536,0.0471366162410738,0.02483690992421998
1,5,2,False,0,Benign,3,DoS,0.010695526948761441,0.07693166124930798,0.021903132373728325
1,5,2,False,0,Benign,4,Mirai,0.3357035731244751,0.15076796678172683,0.3359140225651714
1,5,2,False,0,Benign,5,Recon,0.371165427821605,0.2005522548367446,0.38273503638041545
1,5,2,False,0,Benign,6,Spoofing,0.03828698278353157,0.18846296149721314,0.03607525256740638
1,5,2,False,0,Benign,7,Web-Based,0.02606807815635768,0.12083345842372378,0.02316118232408474
1,5,2,False,1,BruteForce,0,Benign,0.1664117653319619,0.19155354975686884,0.1467095370191094
1,5,2,False,1,BruteForce,1,BruteForce,0.026084663304170048,0.04715243889175867,0.022985457984859892
1,5,2,False,1,BruteForce,2,DDoS,0.016774674365884305,0.03959295936828813,0.017791320728001596
1,5,2,False,1,BruteForce,3,DoS,0.008499678779666254,0.045801242124436495,0.01686477535592938
1,5,2,False,1,BruteForce,4,Mirai,0.3479889732251588,0.1417876964770248,0.34946964266103686
1,5,2,False,1,BruteForce,5,Recon,0.3623148359092567,0.18416280818136987,0.38500319043422254
1,5,2,False,1,BruteForce,6,Spoofing,0.03709558898673354,0.19291428226655288,0.03336265034182514
1,5,2,False,1,BruteForce,7,Web-Based,0.034829820097168444,0.15703502293370034,0.027813425475015124
1,5,2,False,2,DDoS,0,Benign,0.05712775443313953,0.04796071480786089,0.09243642996206623
1,5,2,False,2,DDoS,1,BruteForce,0.013717673627276052,0.03264726697945592,0.024709175856203476
1,5,2,False,2,DDoS,2,DDoS,0.6022629574491695,0.6047228000220528,0.45204813066914906
1,5,2,False,2,DDoS,3,DoS,0.01160532347335824,0.09081448907660578,0.02210006079565015
1,5,2,False,2,DDoS,4,Mirai,0.1569738725119968,0.0738083369079688,0.18417335762347684
1,5,2,False,2,DDoS,5,Recon,0.12882671579184005,0.06448102907301245,0.17897191068459242
1,5,2,False,2,DDoS,6,Spoofing,0.014672961331878821,0.04836695847016694,0.02380177489314433
1,5,2,False,2,DDoS,7,Web-Based,0.014812741381341137,0.037198404662876335,0.021759159515717497
1,5,2,False,3,DoS,0,Benign,0.03745364313270821,0.03916822085938412,0.07423245721019542
1,5,2,False,3,DoS,1,BruteForce,0.0193729082405269,0.02611409625810935,0.030443967390512406
1,5,2,False,3,DoS,2,DDoS,0.1923149888068293,0.16115271308022683,0.12209621095118063
1,5,2,False,3,DoS,3,DoS,0.3959042538140565,0.5045648766593429,0.2235281468682234
1,5,2,False,3,DoS,4,Mirai,0.20693109785848998,0.1256348314752622,0.24700607328376994
1,5,2,False,3,DoS,5,Recon,0.10900160185791012,0.04107709104121461,0.24790555799165553
1,5,2,False,3,DoS,6,Spoofing,0.02071495574956698,0.06360255681383538,0.029631423152986853
1,5,2,False,3,DoS,7,Web-Based,0.018306550539912005,0.03868561381262471,0.025156163151475817
1,5,2,False,4,Mirai,0,Benign,0.146049816636657,0.1790610527669489,0.1493377915779523
1,5,2,False,4,Mirai,1,BruteForce,0.018459567554939323,0.04035596305722724,0.01927501948970061
1,5,2,False,4,Mirai,2,DDoS,0.021939454355496872,0.048333192750160625,0.02255940543558527
1,5,2,False,4,Mirai,3,DoS,0.009259750617200361,0.08178645006025642,0.020264412532864148
1,5,2,False,4,Mirai,4,Mirai,0.49883065678945365,0.2247124326963548,0.41690692612713565
1,5,2,False,4,Mirai,5,Recon,0.2480759832656258,0.12927482806754553,0.3150578115032778
1,5,2,False,4,Mirai,6,Spoofing,0.033123905397956586,0.18251407381848392,0.03463700112605171
1,5,2,False,4,Mirai,7,Web-Based,0.024260865382670287,0.11396200678302253,0.021961632207432438
1,5,2,False,5,Recon,0,Benign,0.15310027532105616,0.17875015992760784,0.13991036853333705
1,5,2,False,5,Recon,1,BruteForce,0.02566089592269145,0.044880395911991305,0.022959709159566802
1,5,2,False,5,Recon,2,DDoS,0.016002519085836626,0.03694190147035861,0.01759819314837628
1,5,2,False,5,Recon,3,DoS,0.008894169570729488,0.0461070837125165,0.016998861128553096
1,5,2,False,5,Recon,4,Mirai,0.3045861129991593,0.12229495905340343,0.3418745355520832
1,5,2,False,5,Recon,5,Recon,0.4202738588887208,0.23233408671422218,0.40087168660804506
1,5,2,False,5,Recon,6,Spoofing,0.03808661226121682,0.181196180632078,0.032696458412240906
1,5,2,False,5,Recon,7,Web-Based,0.033395555950589406,0.15749523257782225,0.027090187457797683
1,5,2,False,6,Spoofing,0,Benign,0.16693908038814534,0.17529741817309683,0.14999845851380175
1,5,2,False,6,Spoofing,1,BruteForce,0.021300185201275943,0.037187086270898985,0.020894841280412003
1,5,2,False,6,Spoofing,2,DDoS,0.01503575668223251,0.0357752216032882,0.01908801949955038
1,5,2,False,6,Spoofing,3,DoS,0.009389606752928544,0.05227967372082189,0.01990548896326303
1,5,2,False,6,Spoofing,4,Mirai,0.2985043125282221,0.13784850975432217,0.31733955553989673
1,5,2,False,6,Spoofing,5,Recon,0.42122911718796074,0.2097760349337413,0.4104761713150622
1,5,2,False,6,Spoofing,6,Spoofing,0.03929940629749646,0.22103227199627665,0.03817166657681523
1,5,2,False,6,Spoofing,7,Web-Based,0.02830253496173828,0.1308037835475539,0.024125798311198696
1,5,2,False,7,Web-Based,0,Benign,0.16657681186220505,0.20128322814201183,0.15534963756362322
1,5,2,False,7,Web-Based,1,BruteForce,0.02107010538783159,0.03998712291565763,0.01998890373401627
1,5,2,False,7,Web-Based,2,DDoS,0.016641905276433805,0.04123134312064929,0.019995455457424424
1,5,2,False,7,Web-Based,3,DoS,0.008648307170565141,0.04975245129577414,0.017779293256949942
1,5,2,False,7,Web-Based,4,Mirai,0.37387046263896906,0.16133958295909348,0.3703569074777412
1,5,2,False,7,Web-Based,5,Recon,0.3491560155333859,0.1750299979418633,0.3576040454011711
1,5,2,False,7,Web-Based,6,Spoofing,0.03539420599341787,0.19405386175108646,0.03456511848490651
1,5,2,False,7,Web-Based,7,Web-Based,0.028642186137191526,0.13732241187386388,0.024360638624167468
1,5,3,False,0,Benign,0,Benign,0.14869131955902334,0.17894327778592223,0.11885254276976849
1,5,3,False,0,Benign,1,BruteForce,0.3535897596857199,0.03637180318428747,0.34183347738017056
1,5,3,False,0,Benign,2,DDoS,0.09170467969959235,0.0471366162410738,0.12378352278465309
1,5,3,False,0,Benign,3,DoS,0.030096191367810735,0.07693166124930798,0.044653900704609784
1,5,3,False,0,Benign,4,Mirai,0.2181597371447507,0.15076796678172683,0.22325900240316113
1,5,3,False,0,Benign,5,Recon,0.09223013322461314,0.2005522548367446,0.09131375981835803
1,5,3,False,0,Benign,6,Spoofing,0.027147228157065505,0.18846296149721314,0.02743729080595953
1,5,3,False,0,Benign,7,Web-Based,0.03838095116142441,0.12083345842372378,0.02886650333331943
1,5,3,False,1,BruteForce,0,Benign,0.11140788695901706,0.19155354975686884,0.10422845740096678
1,5,3,False,1,BruteForce,1,BruteForce,0.4815459306675301,0.04715243889175867,0.4420364598311267
1,5,3,False,1,BruteForce,2,DDoS,0.05983768109694582,0.03959295936828813,0.06434640405943129
1,5,3,False,1,BruteForce,3,DoS,0.030760674973764893,0.045801242124436495,0.04339879802482092
1,5,3,False,1,BruteForce,4,Mirai,0.17855393648510196,0.1417876964770248,0.20464662397004163
1,5,3,False,1,BruteForce,5,Recon,0.06513192524178917,0.18416280818136987,0.08160172798012294
1,5,3,False,1,BruteForce,6,Spoofing,0.02789262105094266,0.19291428226655288,0.028321106426362385
1,5,3,False,1,BruteForce,7,Web-Based,0.04486934352490821,0.15703502293370034,0.03142042230712738
1,5,3,False,2,DDoS,0,Benign,0.04542456273873141,0.04796071480786089,0.05418656669811476
1,5,3,False,2,DDoS,1,BruteForce,0.12050808167887873,0.03264726697945592,0.13362710600047714
1,5,3,False,2,DDoS,2,DDoS,0.6445061468272508,0.6047228000220528,0.6084341304810735
1,5,3,False,2,DDoS,3,DoS,0.025198578432699938,0.09081448907660578,0.029694312183729966
1,5,3,False,2,DDoS,4,Mirai,0.08366828224663304,0.0738083369079688,0.0876212099996208
1,5,3,False,2,DDoS,5,Recon,0.05263683336373299,0.06448102907301245,0.05046877631761053
1,5,3,False,2,DDoS,6,Spoofing,0.0115173782118889,0.04836695847016694,0.016799953749613523
1,5,3,False,2,DDoS,7,Web-Based,0.01654013650018405,0.037198404662876335,0.01916794456975978
1,5,3,False,3,DoS,0,Benign,0.029779664297992618,0.03916822085938412,0.049824806740559134
1,5,3,False,3,DoS,1,BruteForce,0.11305246982234399,0.02611409625810935,0.15871638978004346
1,5,3,False,3,DoS,2,DDoS,0.25064399037156193,0.16115271308022683,0.2739374321325671
1,5,3,False,3,DoS,3,DoS,0.42579901166424844,0.5045648766593429,0.2839548812108047
1,5,3,False,3,DoS,4,Mirai,0.12111648821115185,0.1256348314752622,0.14274198998363813
1,5,3,False,3,DoS,5,Recon,0.027666820756832734,0.04107709104121461,0.046865274202214556
1,5,3,False,3,DoS,6,Spoofing,0.015354881149490896,0.06360255681383538,0.018854402550887935
1,5,3,False,3,DoS,7,Web-Based,0.016586673726377614,0.03868561381262471,0.02510482339928486
1,5,3,False,4,Mirai,0,Benign,0.1067337102748769,0.1790610527669489,0.10394801873029945
1,5,3,False,4,Mirai,1,BruteForce,0.364705204015696,0.04035596305722724,0.3662581022185664
1,5,3,False,4,Mirai,2,DDoS,0.0953556569842432,0.048333192750160625,0.10740728079125414
1,5,3,False,4,Mirai,3,DoS,0.028148105740053175,0.08178645006025642,0.04208730839404158
1,5,3,False,4,Mirai,4,Mirai,0.28671469928961013,0.2247124326963548,0.25034116343665686
1,5,3,False,4,Mirai,5,Recon,0.05574688147012382,0.12927482806754553,0.07377720890383144
1,5,3,False,4,Mirai,6,Spoofing,0.026273705492293367,0.18251407381848392,0.027117561978776256
1,5,3,False,4,Mirai,7,Web-Based,0.03632203673310346,0.11396200678302253,0.029063355546573952
1,5,3,False,5,Recon,0,Benign,0.1048576402911111,0.17875015992760784,0.09756590563366478
1,5,3,False,5,Recon,1,BruteForce,0.47855179229157563,0.044880395911991305,0.4393565922828682
1,5,3,False,5,Recon,2,DDoS,0.05850838673061442,0.03694190147035861,0.06267543526401637
1,5,3,False,5,Recon,3,DoS,0.03151476550271875,0.0461070837125165,0.04463156907363983
1,5,3,False,5,Recon,4,Mirai,0.16868160707568872,0.12229495905340343,0.20565759171174258
1,5,3,False,5,Recon,5,Recon,0.0873031949969819,0.23233408671422218,0.0917340051966015
1,5,3,False,5,Recon,6,Spoofing,0.02619228000711427,0.181196180632078,0.02682067240807345
1,5,3,False,5,Recon,7,Web-Based,0.044390333104195295,0.15749523257782225,0.03155822842939329
1,5,3,False,6,Spoofing,0,Benign,0.14173027376766395,0.17529741817309683,0.12262083379026725
1,5,3,False,6,Spoofing,1,BruteForce,0.3897305421452865,0.037187086270898985,0.3671513011785513
1,5,3,False,6,Spoofing,2,DDoS,0.05190885785773798,0.0357752216032882,0.07061394487219584
1,5,3,False,6,Spoofing,3,DoS,0.028354293341470754,0.05227967372082189,0.04085530223639366
1,5,3,False,6,Spoofing,4,Mirai,0.21640386443768497,0.13784850975432217,0.2393203767527391
1,5,3,False,6,Spoofing,5,Recon,0.09948443090657118,0.2097760349337413,0.09944266369448852
1,5,3,False,6,Spoofing,6,Spoofing,0.029461868864237444,0.22103227199627665,0.030191004562158057
1,5,3,False,6,Spoofing,7,Web-Based,0.04292586867934729,0.1308037835475539,0.029804572913206245
1,5,3,False,7,Web-Based,0,Benign,0.1375510184302929,0.20128322814201183,0.12166781308232819
1,5,3,False,7,Web-Based,1,BruteForce,0.396409542128435,0.03998712291565763,0.381819740473302
1,5,3,False,7,Web-Based,2,DDoS,0.06215107405854208,0.04123134312064929,0.08681887661962281
1,5,3,False,7,Web-Based,3,DoS,0.027295070359164644,0.04975245129577414,0.03828257697757771
1,5,3,False,7,Web-Based,4,Mirai,0.21927003776114648,0.16133958295909348,0.22489869579251326
1,5,3,False,7,Web-Based,5,Recon,0.08793850989828926,0.1750299979418633,0.08862106663524917
1,5,3,False,7,Web-Based,6,Spoofing,0.027467128221733198,0.19405386175108646,0.027871303862086062
1,5,3,False,7,Web-Based,7,Web-Based,0.041917619142396605,0.13732241187386388,0.030019926557320668
1,5,4,False,0,Benign,0,Benign,0.5192865674536868,0.17894327778592223,0.5079957351917117
1,5,4,False,0,Benign,1,BruteForce,0.01653710049640663,0.03637180318428747,0.01748946183137613
1,5,4,False,0,Benign,2,DDoS,0.015794801851013396,0.0471366162410738,0.021068978105766273
1,5,4,False,0,Benign,3,DoS,0.048323840762524356,0.07693166124930798,0.11805400248392045
1,5,4,False,0,Benign,4,Mirai,0.05841381936389936,0.15076796678172683,0.051857750097300044
1,5,4,False,0,Benign,5,Recon,0.05448173187132087,0.2005522548367446,0.044870356461185056
1,5,4,False,0,Benign,6,Spoofing,0.14907494414150424,0.18846296149721314,0.12974401873056032
1,5,4,False,0,Benign,7,Web-Based,0.13808719405964437,0.12083345842372378,0.10891969709817997
1,5,4,False,1,BruteForce,0,Benign,0.4866684617816397,0.19155354975686884,0.5389955761261209
1,5,4,False,1,BruteForce,1,BruteForce,0.0196741106396605,0.04715243889175867,0.017308943523206857
1,5,4,False,1,BruteForce,2,DDoS,0.015629728471716633,0.03959295936828813,0.019094587480338956
1,5,4,False,1,BruteForce,3,DoS,0.030364507013589892,0.045801242124436495,0.046011712086405
1,5,4,False,1,BruteForce,4,Mirai,0.06333233165871505,0.1417876964770248,0.05660047445349295
1,5,4,False,1,BruteForce,5,Recon,0.05663569520789241,0.18416280818136987,0.04878325819914148
1,5,4,False,1,BruteForce,6,Spoofing,0.14596975430691553,0.19291428226655288,0.13701215473952064
1,5,4,False,1,BruteForce,7,Web-Based,0.18172541091987035,0.15703502293370034,0.13619329339177316
1,5,4,False,2,DDoS,0,Benign,0.16169786302369152,0.04796071480786089,0.24393959575792235
1,5,4,False,2,DDoS,1,BruteForce,0.01778219047634298,0.03264726697945592,0.022141041236417712
1,5,4,False,2,DDoS,2,DDoS,0.5664021135921583,0.6047228000220528,0.4235565978710404
1,5,4,False,2,DDoS,3,DoS,0.07471770143784377,0.09081448907660578,0.10550288890410102
1,5,4,False,2,DDoS,4,Mirai,0.03223675152258298,0.0738083369079688,0.038561222616288644
1,5,4,False,2,DDoS,5,Recon,0.026050939022374108,0.06448102907301245,0.031050563041224537
1,5,4,False,2,DDoS,6,Spoofing,0.05690328168297893,0.04836695847016694,0.06882433656623298
1,5,4,False,2,DDoS,7,Web-Based,0.06420915924202754,0.037198404662876335,0.06642375400677236
1,5,4,False,3,DoS,0,Benign,0.061029159311606754,0.03916822085938412,0.07787514820812906
1,5,4,False,3,DoS,1,BruteForce,0.01177124418336943,0.02611409625810935,0.018979474854902208
1,5,4,False,3,DoS,2,DDoS,0.027999071130547875,0.16115271308022683,0.028906935572254794
1,5,4,False,3,DoS,3,DoS,0.7945207096573779,0.5045648766593429,0.7484607123074821
1,5,4,False,3,DoS,4,Mirai,0.019059946838564136,0.1256348314752622,0.023447361734180414
1,5,4,False,3,DoS,5,Recon,0.011776982428789317,0.04107709104121461,0.01725485135104091
1,5,4,False,3,DoS,6,Spoofing,0.045705547433883456,0.06360255681383538,0.04805986709779222
1,5,4,False,3,DoS,7,Web-Based,0.02813733901586122,0.03868561381262471,0.03701564887421835
1,5,4,False,4,Mirai,0,Benign,0.4837823842511088,0.1790610527669489,0.4965879247066158
1,5,4,False,4,Mirai,1,BruteForce,0.01787998976234919,0.04035596305722724,0.01775053418160157
1,5,4,False,4,Mirai,2,DDoS,0.01663908822162137,0.048333192750160625,0.01977268644247351
1,5,4,False,4,Mirai,3,DoS,0.06693086192207931,0.08178645006025642,0.12263830614322681
1,5,4,False,4,Mirai,4,Mirai,0.07847645838621703,0.2247124326963548,0.05638430205370269
1,5,4,False,4,Mirai,5,Recon,0.04499932996927299,0.12927482806754553,0.04138758345937428
1,5,4,False,4,Mirai,6,Spoofing,0.1485265047403413,0.18251407381848392,0.1311358886537027
1,5,4,False,4,Mirai,7,Web-Based,0.1427653827470099,0.11396200678302253,0.11434277435930258
1,5,4,False,5,Recon,0,Benign,0.47661098011837455,0.17875015992760784,0.5312455447983859
1,5,4,False,5,Recon,1,BruteForce,0.019914305642671895,0.044880395911991305,0.0175746854967464
1,5,4,False,5,Recon,2,DDoS,0.015654966452491086,0.03694190147035861,0.019201740904951983
1,5,4,False,5,Recon,3,DoS,0.031581666742172804,0.0461070837125165,0.051801502990743445
1,5,4,False,5,Recon,4,Mirai,0.05933152274281787,0.12229495905340343,0.05578130400813185
1,5,4,False,5,Recon,5,Recon,0.07332494833275369,0.23233408671422218,0.0544097450669764
1,5,4,False,5,Recon,6,Spoofing,0.13505657919072953,0.181196180632078,0.13279172107750647
1,5,4,False,5,Recon,7,Web-Based,0.1885250307779886,0.15749523257782225,0.13719375565655736
1,5,4,False,6,Spoofing,0,Benign,0.5129373098042047,0.17529741817309683,0.5367291950120796
1,5,4,False,6,Spoofing,1,BruteForce,0.016806260780945347,0.037187086270898985,0.017387891299526708
1,5,4,False,6,Spoofing,2,DDoS,0.015204583175179991,0.0357752216032882,0.019919672538647067
1,5,4,False,6,Spoofing,3,DoS,0.03200792147685581,0.05227967372082189,0.07140899313666473
1,5,4,False,6,Spoofing,4,Mirai,0.058194657802241964,0.13784850975432217,0.05230154226277583
1,5,4,False,6,Spoofing,5,Recon,0.0551936740515744,0.2097760349337413,0.04718666696582754
1,5,4,False,6,Spoofing,6,Spoofing,0.16176743877989735,0.22103227199627665,0.1407045503825967
1,5,4,False,6,Spoofing,7,Web-Based,0.1478881541291004,0.1308037835475539,0.11436148840188197
1,5,4,False,7,Web-Based,0,Benign,0.5126345839876542,0.20128322814201183,0.5452923947553538
1,5,4,False,7,Web-Based,1,BruteForce,0.01789638873883006,0.03998712291565763,0.017324480126832013
1,5,4,False,7,Web-Based,2,DDoS,0.015523536644122544,0.04123134312064929,0.020624852395507213
1,5,4,False,7,Web-Based,3,DoS,0.02831301498934696,0.04975245129577414,0.051402003499636945
1,5,4,False,7,Web-Based,4,Mirai,0.06479504381374239,0.16133958295909348,0.05589367899116845
1,5,4,False,7,Web-Based,5,Recon,0.054348984273133144,0.1750299979418633,0.04665063687173556
1,5,4,False,7,Web-Based,6,Spoofing,0.14106544062274842,0.19405386175108646,0.134926452910806
1,5,4,False,7,Web-Based,7,Web-Based,0.1654230069304223,0.13732241187386388,0.12788550044896002
1,5,5,False,0,Benign,0,Benign,0.4334180728760686,0.17894327778592223,0.3783280723088211
1,5,5,False,0,Benign,1,BruteForce,0.012607479724028516,0.03637180318428747,0.017547510079094965
1,5,5,False,0,Benign,2,DDoS,0.040693434848790434,0.0471366162410738,0.051107934128251306
1,5,5,False,0,Benign,3,DoS,0.011794475009035887,0.07693166124930798,0.01959878619832978
1,5,5,False,0,Benign,4,Mirai,0.019638790708675528,0.15076796678172683,0.02363074014508072
1,5,5,False,0,Benign,5,Recon,0.08418826710469351,0.2005522548367446,0.0744806952042887
1,5,5,False,0,Benign,6,Spoofing,0.3804700124485296,0.18846296149721314,0.41640980896830043
1,5,5,False,0,Benign,7,Web-Based,0.017189467280177905,0.12083345842372378,0.018896452967833058
1,5,5,False,1,BruteForce,0,Benign,0.44833992287524105,0.19155354975686884,0.4220793397155259
1,5,5,False,1,BruteForce,1,BruteForce,0.013662549870156731,0.04715243889175867,0.017452424571843622
1,5,5,False,1,BruteForce,2,DDoS,0.023899295190232088,0.03959295936828813,0.030756218001764053
1,5,5,False,1,BruteForce,3,DoS,0.011055609018693418,0.045801242124436495,0.019057952971509008
1,5,5,False,1,BruteForce,4,Mirai,0.019383351006942825,0.1417876964770248,0.02385929989556012
1,5,5,False,1,BruteForce,5,Recon,0.08903375364330796,0.18416280818136987,0.0768380145216068
1,5,5,False,1,BruteForce,6,Spoofing,0.37612621091607756,0.19291428226655288,0.3907260856561628
1,5,5,False,1,BruteForce,7,Web-Based,0.018499307479348408,0.15703502293370034,0.019230664666027766
1,5,5,False,2,DDoS,0,Benign,0.1392401389578293,0.04796071480786089,0.15728459891530153
1,5,5,False,2,DDoS,1,BruteForce,0.011849684843951058,0.03264726697945592,0.020081329595853403
1,5,5,False,2,DDoS,2,DDoS,0.6366387084445,0.6047228000220528,0.5617724981376889
1,5,5,False,2,DDoS,3,DoS,0.008023866598386636,0.09081448907660578,0.012859254036653837
1,5,5,False,2,DDoS,4,Mirai,0.012608678919798822,0.0738083369079688,0.019400251437496654
1,5,5,False,2,DDoS,5,Recon,0.046754644322036354,0.06448102907301245,0.04233680995181692
1,5,5,False,2,DDoS,6,Spoofing,0.1349843447411154,0.04836695847016694,0.17072499753583964
1,5,5,False,2,DDoS,7,Web-Based,0.009899933172382538,0.037198404662876335,0.01554026038934899
1,5,5,False,3,DoS,0,Benign,0.10148329963705165,0.03916822085938412,0.1521870865087781
1,5,5,False,3,DoS,1,BruteForce,0.02013518691720377,0.02611409625810935,0.02707200618051485
1,5,5,False,3,DoS,2,DDoS,0.17171311561698696,0.16115271308022683,0.14666000047508393
1,5,5,False,3,DoS,3,DoS,0.3466921099442142,0.5045648766593429,0.18098746353411105
1,5,5,False,3,DoS,4,Mirai,0.015695520605249005,0.1256348314752622,0.0225941413864522
1,5,5,False,3,DoS,5,Recon,0.03212372517317878,0.04107709104121461,0.047561405360367064
1,5,5,False,3,DoS,6,Spoofing,0.2987558950151334,0.06360255681383538,0.40015524914078443
1,5,5,False,3,DoS,7,Web-Based,0.013401147090982226,0.03868561381262471,0.02278264741390845
1,5,5,False,4,Mirai,0,Benign,0.4151815433035801,0.1790610527669489,0.3881948853418603
1,5,5,False,4,Mirai,1,BruteForce,0.013126447247112897,0.04035596305722724,0.017591480932306197
1,5,5,False,4,Mirai,2,DDoS,0.033566821994270975,0.048333192750160625,0.04069487135055433
1,5,5,False,4,Mirai,3,DoS,0.01158835462983327,0.08178645006025642,0.019884109120460344
1,5,5,False,4,Mirai,4,Mirai,0.021562478102791077,0.2247124326963548,0.024656434139932532
1,5,5,False,4,Mirai,5,Recon,0.07058926227886854,0.12927482806754553,0.0680386101742592
1,5,5,False,4,Mirai,6,Spoofing,0.41728025502390415,0.18251407381848392,0.422302547286838
1,5,5,False,4,Mirai,7,Web-Based,0.01710483741963917,0.11396200678302253,0.01863706165378906
1,5,5,False,5,Recon,0,Benign,0.44769079061604744,0.17875015992760784,0.4165851513257524
1,5,5,False,5,Recon,1,BruteForce,0.013916590652720407,0.044880395911991305,0.017232907660537707
1,5,5,False,5,Recon,2,DDoS,0.02409499748427527,0.03694190147035861,0.030855083847475456
1,5,5,False,5,Recon,3,DoS,0.011447114843871835,0.0461070837125165,0.01930504435685354
1,5,5,False,5,Recon,4,Mirai,0.01832776802030587,0.12229495905340343,0.023053352050397432
1,5,5,False,5,Recon,5,Recon,0.124248064382557,0.23233408671422218,0.09082699923357593
1,5,5,False,5,Recon,6,Spoofing,0.34138041101254013,0.181196180632078,0.3830407149459981
1,5,5,False,5,Recon,7,Web-Based,0.018894262987682122,0.15749523257782225,0.019100746579409494
1,5,5,False,6,Spoofing,0,Benign,0.41894205747800184,0.17529741817309683,0.384339731543249
1,5,5,False,6,Spoofing,1,BruteForce,0.012403884263512162,0.037187086270898985,0.017071650158905514
1,5,5,False,6,Spoofing,2,DDoS,0.02318915352523118,0.0357752216032882,0.03154310353527155
1,5,5,False,6,Spoofing,3,DoS,0.011465403567643515,0.05227967372082189,0.01963870014916002
1,5,5,False,6,Spoofing,4,Mirai,0.019240793945151508,0.13784850975432217,0.02363134532308709
1,5,5,False,6,Spoofing,5,Recon,0.08573591595145941,0.2097760349337413,0.07216007608053722
1,5,5,False,6,Spoofing,6,Spoofing,0.4117905076989898,0.22103227199627665,0.4330544183475924
1,5,5,False,6,Spoofing,7,Web-Based,0.017232283570010533,0.1308037835475539,0.018560974862197207
1,5,5,False,7,Web-Based,0,Benign,0.45842224773182205,0.20128322814201183,0.4216269510220606
1,5,5,False,7,Web-Based,1,BruteForce,0.01290281034490137,0.03998712291565763,0.01734601397073613
1,5,5,False,7,Web-Based,2,DDoS,0.024764745027464397,0.04123134312064929,0.033328462487528146
1,5,5,False,7,Web-Based,3,DoS,0.011132897777731077,0.04975245129577414,0.019046315251843134
1,5,5,False,7,Web-Based,4,Mirai,0.019987713758065427,0.16133958295909348,0.02389689832549251
1,5,5,False,7,Web-Based,5,Recon,0.0828772673386354,0.1750299979418633,0.07154520334700588
1,5,5,False,7,Web-Based,6,Spoofing,0.37203849917327597,0.19405386175108646,0.3943679879536759
1,5,5,False,7,Web-Based,7,Web-Based,0.017873818848104354,0.13732241187386388,0.018842167641657553
1,5,6,False,0,Benign,0,Benign,0.5907848435405947,0.17894327778592223,0.5635906685768259
1,5,6,False,0,Benign,1,BruteForce,0.08926282506802655,0.03637180318428747,0.07299659075803594
1,5,6,False,0,Benign,2,DDoS,0.017801005043221844,0.0471366162410738,0.022728536544494627
1,5,6,False,0,Benign,3,DoS,0.024748197505074346,0.07693166124930798,0.031804090117990215
1,5,6,False,0,Benign,4,Mirai,0.22934857395773758,0.15076796678172683,0.2587297366439052
1,5,6,False,0,Benign,5,Recon,0.018405451088688525,0.2005522548367446,0.018895481360983485
1,5,6,False,0,Benign,6,Spoofing,0.015514386742268639,0.18846296149721314,0.0177701765605472
1,5,6,False,0,Benign,7,Web-Based,0.014134717054387845,0.12083345842372378,0.01348471943721746
1,5,6,False,1,BruteForce,0,Benign,0.5661359518241476,0.19155354975686884,0.5549714020686299
1,5,6,False,1,BruteForce,1,BruteForce,0.1129045615419723,0.04715243889175867,0.08560280046420034
1,5,6,False,1,BruteForce,2,DDoS,0.018126457364395093,0.03959295936828813,0.021062767913920828
1,5,6,False,1,BruteForce,3,DoS,0.015396593928644254,0.045801242124436495,0.02567387307698594
1,5,6,False,1,BruteForce,4,Mirai,0.23777889933040966,0.1417876964770248,0.26100076552171436
1,5,6,False,1,BruteForce,5,Recon,0.01779526517089713,0.18416280818136987,0.019051100528756047
1,5,6,False,1,BruteForce,6,Spoofing,0.01600864348510618,0.19291428226655288,0.018381569423341976
1,5,6,False,1,BruteForce,7,Web-Based,0.015853627354427833,0.15703502293370034,0.014255721002450587
1,5,6,False,2,DDoS,0,Benign,0.3153589807327374,0.04796071480786089,0.4202436186435445
1,5,6,False,2,DDoS,1,BruteForce,0.05554453634875416,0.03264726697945592,0.05236872798432571
1,5,6,False,2,DDoS,2,DDoS,0.31832765916348654,0.6047228000220528,0.18140853702907217
1,5,6,False,2,DDoS,3,DoS,0.036822986599162943,0.09081448907660578,0.03450566219496077
1,5,6,False,2,DDoS,4,Mirai,0.23129465916571668,0.0738083369079688,0.2590831465024586
1,5,6,False,2,DDoS,5,Recon,0.015559604980290888,0.06448102907301245,0.018087462278336484
1,5,6,False,2,DDoS,6,Spoofing,0.01354564806577468,0.04836695847016694,0.017904361348387392
1,5,6,False,2,DDoS,7,Web-Based,0.013545924944076798,0.037198404662876335,0.016398484018914375
1,5,6,False,3,DoS,0,Benign,0.16027307880899233,0.03916822085938412,0.25688272991575484
1,5,6,False,3,DoS,1,BruteForce,0.05951626029226148,0.02611409625810935,0.06691429012445817
1,5,6,False,3,DoS,2,DDoS,0.035525800933859736,0.16115271308022683,0.040240292913036796
1,5,6,False,3,DoS,3,DoS,0.5379249736319811,0.5045648766593429,0.3115024818327052
1,5,6,False,3,DoS,4,Mirai,0.16107613045618832,0.1256348314752622,0.26550556668029934
1,5,6,False,3,DoS,5,Recon,0.015121769408404248,0.04107709104121461,0.02110137052285292
1,5,6,False,3,DoS,6,Spoofing,0.015623646501654891,0.06360255681383538,0.018396588269915543
1,5,6,False,3,DoS,7,Web-Based,0.014938339966657992,0.03868561381262471,0.019456679740977197
1,5,6,False,4,Mirai,0,Benign,0.499808254715342,0.1790610527669489,0.5069725828697176
1,5,6,False,4,Mirai,1,BruteForce,0.09548545640776947,0.04035596305722724,0.07708283150685984
1,5,6,False,4,Mirai,2,DDoS,0.019572658121126983,0.048333192750160625,0.023175436673754362
1,5,6,False,4,Mirai,3,DoS,0.020649814103673142,0.08178645006025642,0.029480894384506
1,5,6,False,4,Mirai,4,Mirai,0.31818182405382717,0.2247124326963548,0.31307240406737114
1,5,6,False,4,Mirai,5,Recon,0.01635486882478969,0.12927482806754553,0.018484869990236578
1,5,6,False,4,Mirai,6,Spoofing,0.015479081541674973,0.18251407381848392,0.017907721722121184
1,5,6,False,4,Mirai,7,Web-Based,0.014468042231796525,0.11396200678302253,0.013823258785433315
1,5,6,False,5,Recon,0,Benign,0.569218060678424,0.17875015992760784,0.5511247022879678
1,5,6,False,5,Recon,1,BruteForce,0.11852299146383871,0.044880395911991305,0.08735828671699891
1,5,6,False,5,Recon,2,DDoS,0.018519792632595403,0.03694190147035861,0.021377815255414247
1,5,6,False,5,Recon,3,DoS,0.016265421711857162,0.0461070837125165,0.026286416125428317
1,5,6,False,5,Recon,4,Mirai,0.2263098991282851,0.12229495905340343,0.2618948779018005
1,5,6,False,5,Recon,5,Recon,0.019280755603651726,0.23233408671422218,0.019279064524510857
1,5,6,False,5,Recon,6,Spoofing,0.015549623399531682,0.181196180632078,0.018291903731509438
1,5,6,False,5,Recon,7,Web-Based,0.01633345538181624,0.15749523257782225,0.014386933456370042
1,5,6,False,6,Spoofing,0,Benign,0.5983628124810291,0.17529741817309683,0.574631586254015
1,5,6,False,6,Spoofing,1,BruteForce,0.0927333943193585,0.037187086270898985,0.07334502540275967
1,5,6,False,6,Spoofing,2,DDoS,0.0171170013473379,0.0357752216032882,0.02158222435786873
1,5,6,False,6,Spoofing,3,DoS,0.017801430996309067,0.05227967372082189,0.026679753006541466
1,5,6,False,6,Spoofing,4,Mirai,0.22584416807508742,0.13784850975432217,0.2542762647531606
1,5,6,False,6,Spoofing,5,Recon,0.018557213717466717,0.2097760349337413,0.01860513125670131
1,5,6,False,6,Spoofing,6,Spoofing,0.015271221062155305,0.22103227199627665,0.017691682519896265
1,5,6,False,6,Spoofing,7,Web-Based,0.014312758001256068,0.1308037835475539,0.013188332449056994
1,5,6,False,7,Web-Based,0,Benign,0.5710117272334458,0.20128322814201183,0.5607980975870772
1,5,6,False,7,Web-Based,1,BruteForce,0.09865887451369214,0.03998712291565763,0.07829739978430017
1,5,6,False,7,Web-Based,2,DDoS,0.01717979542471538,0.04123134312064929,0.021601190255963076
1,5,6,False,7,Web-Based,3,DoS,0.015119158675051833,0.04975245129577414,0.024415889745459884
1,5,6,False,7,Web-Based,4,Mirai,0.2503361116449907,0.16133958295909348,0.26472536396730617
1,5,6,False,7,Web-Based,5,Recon,0.01781886062503152,0.1750299979418633,0.01866916262239674
1,5,6,False,7,Web-Based,6,Spoofing,0.015243999228197417,0.19405386175108646,0.01774326431444597
1,5,6,False,7,Web-Based,7,Web-Based,0.014631472654875145,0.13732241187386388,0.013749631723050777
1,5,7,True,0,Benign,0,Benign,0.06717955298969783,0.17894327778592223,0.1612130099482367
1,5,7,True,0,Benign,1,BruteForce,0.22536260805078892,0.03637180318428747,0.021549698594711935
1,5,7,True,0,Benign,2,DDoS,0.10885559706259929,0.0471366162410738,0.21755281072488927
1,5,7,True,0,Benign,3,DoS,0.07752576110012575,0.07693166124930798,0.0507713524334422
1,5,7,True,0,Benign,4,Mirai,0.05029893930041918,0.15076796678172683,0.10149800229687622
1,5,7,True,0,Benign,5,Recon,0.06438875580124077,0.2005522548367446,0.08915834590119735
1,5,7,True,0,Benign,6,Spoofing,0.0810245657171312,0.18846296149721314,0.2752811876886586
1,5,7,True,0,Benign,7,Web-Based,0.32536421997799697,0.12083345842372378,0.0829755924119876
1,5,7,True,1,BruteForce,0,Benign,0.0707132999578118,0.19155354975686884,0.17216505788819655
1,5,7,True,1,BruteForce,1,BruteForce,0.2564686362475349,0.04715243889175867,0.023489184260006412
1,5,7,True,1,BruteForce,2,DDoS,0.08244738674269513,0.03959295936828813,0.1782194383822207
1,5,7,True,1,BruteForce,3,DoS,0.059128630734192854,0.045801242124436495,0.02107490955539629
1,5,7,True,1,BruteForce,4,Mirai,0.04858056339537297,0.1417876964770248,0.11609453677926099
1,5,7,True,1,BruteForce,5,Recon,0.06893945984078642,0.18416280818136987,0.10624656030471129
1,5,7,True,1,BruteForce,6,Spoofing,0.08177180517877126,0.19291428226655288,0.27772178577655626
1,5,7,True,1,BruteForce,7,Web-Based,0.3319502179028347,0.15703502293370034,0.10498852705365155
1,5,7,True,2,DDoS,0,Benign,0.03136240030231208,0.04796071480786089,0.05957168728630258
1,5,7,True,2,DDoS,1,BruteForce,0.1020261716854078,0.03264726697945592,0.018248559763005344
1,5,7,True,2,DDoS,2,DDoS,0.2824188315045067,0.6047228000220528,0.6887717265507326
1,5,7,True,2,DDoS,3,DoS,0.36242554956842976,0.09081448907660578,0.027932282682672043
1,5,7,True,2,DDoS,4,Mirai,0.03019070631916542,0.0738083369079688,0.04457647051358587
1,5,7,True,2,DDoS,5,Recon,0.030189877204017303,0.06448102907301245,0.04837520167158278
1,5,7,True,2,DDoS,6,Spoofing,0.0351450178508934,0.04836695847016694,0.07689998253077296
1,5,7,True,2,DDoS,7,Web-Based,0.12624144556526765,0.037198404662876335,0.03562408900134586
1,5,7,True,3,DoS,0,Benign,0.029634289129853178,0.03916822085938412,0.042044694103497406
1,5,7,True,3,DoS,1,BruteForce,0.09608655015205973,0.02611409625810935,0.022903262186133883
1,5,7,True,3,DoS,2,DDoS,0.2110228378367127,0.16115271308022683,0.29928914497879966
1,5,7,True,3,DoS,3,DoS,0.29266780101997175,0.5045648766593429,0.39409129704328877
1,5,7,True,3,DoS,4,Mirai,0.07519445743408534,0.1256348314752622,0.046517135311820994
1,5,7,True,3,DoS,5,Recon,0.03214821784540378,0.04107709104121461,0.03586961341078116
1,5,7,True,3,DoS,6,Spoofing,0.04790189454343638,0.06360255681383538,0.11958088099153534
1,5,7,True,3,DoS,7,Web-Based,0.21534395203847714,0.03868561381262471,0.03970397197414285
1,5,7,True,4,Mirai,0,Benign,0.063800964335459,0.1790610527669489,0.15803829928626134
1,5,7,True,4,Mirai,1,BruteForce,0.23137187635137998,0.04035596305722724,0.02324967474085569
1,5,7,True,4,Mirai,2,DDoS,0.10126311276047208,0.048333192750160625,0.21429951582599055
1,5,7,True,4,Mirai,3,DoS,0.07675351206949792,0.08178645006025642,0.04786313847895252
1,5,7,True,4,Mirai,4,Mirai,0.05576702112577527,0.2247124326963548,0.12158082011883178
1,5,7,True,4,Mirai,5,Recon,0.060236980174362215,0.12927482806754553,0.07913860738665386
1,5,7,True,4,Mirai,6,Spoofing,0.07831930646859253,0.18251407381848392,0.2673355405055664
1,5,7,True,4,Mirai,7,Web-Based,0.332487226714461,0.11396200678302253,0.08849440365688792
1,5,7,True,5,Recon,0,Benign,0.07059589000586024,0.17875015992760784,0.16933151293432142
1,5,7,True,5,Recon,1,BruteForce,0.257836582741581,0.044880395911991305,0.023268371573153347
1,5,7,True,5,Recon,2,DDoS,0.08197095141759626,0.03694190147035861,0.17770704044744995
1,5,7,True,5,Recon,3,DoS,0.05887672220394993,0.0461070837125165,0.021267034241298704
1,5,7,True,5,Recon,4,Mirai,0.0477595212981089,0.12229495905340343,0.11627460050720387
1,5,7,True,5,Recon,5,Recon,0.0733132242521541,0.23233408671422218,0.12369832313348705
1,5,7,True,5,Recon,6,Spoofing,0.0816503699244226,0.181196180632078,0.26291838932884415
1,5,7,True,5,Recon,7,Web-Based,0.327996738156327,0.15749523257782225,0.10553472783424149
1,5,7,True,6,Spoofing,0,Benign,0.06979914199922654,0.17529741817309683,0.17501644461271487
1,5,7,True,6,Spoofing,1,BruteForce,0.23371787580383155,0.037187086270898985,0.021484065384614778
1,5,7,True,6,Spoofing,2,DDoS,0.0803780996294715,0.0357752216032882,0.15969167991808367
1,5,7,True,6,Spoofing,3,DoS,0.059427908228647214,0.05227967372082189,0.040222036031223
1,5,7,True,6,Spoofing,4,Mirai,0.05285494462918627,0.13784850975432217,0.10437302873967663
1,5,7,True,6,Spoofing,5,Recon,0.06957929337172152,0.2097760349337413,0.09595536247509695
1,5,7,True,6,Spoofing,6,Spoofing,0.08784247778434262,0.22103227199627665,0.3146634533266313
1,5,7,True,6,Spoofing,7,Web-Based,0.34640025855357287,0.1308037835475539,0.0885939295119589
1,5,7,True,7,Web-Based,0,Benign,0.07100375682845302,0.20128322814201183,0.1783952917633801
1,5,7,True,7,Web-Based,1,BruteForce,0.24859257068120802,0.03998712291565763,0.02330923188089099
1,5,7,True,7,Web-Based,2,DDoS,0.08514548801264998,0.04123134312064929,0.1826001336201361
1,5,7,True,7,Web-Based,3,DoS,0.06338582560957759,0.04975245129577414,0.024411332109139233
1,5,7,True,7,Web-Based,4,Mirai,0.049730578440334385,0.16133958295909348,0.11430485638861031
1,5,7,True,7,Web-Based,5,Recon,0.06828168342983719,0.1750299979418633,0.09879631550710012
1,5,7,True,7,Web-Based,6,Spoofing,0.08157038931981364,0.19405386175108646,0.28042700437631257
1,5,7,True,7,Web-Based,7,Web-Based,0.33228970767812616,0.13732241187386388,0.09775583435443067
1,5,8,True,0,Benign,0,Benign,0.027698962203243537,0.17894327778592223,0.019132850159553263
1,5,8,True,0,Benign,1,BruteForce,0.015452250701943391,0.03637180318428747,0.016068908819353574
1,5,8,True,0,Benign,2,DDoS,0.019801417546514436,0.0471366162410738,0.04439965505164727
1,5,8,True,0,Benign,3,DoS,0.05629991795103856,0.07693166124930798,0.056110536479231185
1,5,8,True,0,Benign,4,Mirai,0.07315535540138517,0.15076796678172683,0.02349910412323074
1,5,8,True,0,Benign,5,Recon,0.031697429980646556,0.2005522548367446,0.03706211308079212
1,5,8,True,0,Benign,6,Spoofing,0.12315057580066946,0.18846296149721314,0.7847352431503148
1,5,8,True,0,Benign,7,Web-Based,0.6527440904145589,0.12083345842372378,0.0189915891358769
1,5,8,True,1,BruteForce,0,Benign,0.027326323063789015,0.19155354975686884,0.017743662669092622
1,5,8,True,1,BruteForce,1,BruteForce,0.016172071976758528,0.04715243889175867,0.012867881546379339
1,5,8,True,1,BruteForce,2,DDoS,0.018333133802816214,0.03959295936828813,0.021160047750757877
1,5,8,True,1,BruteForce,3,DoS,0.04637669501270452,0.045801242124436495,0.028157277884586593
1,5,8,True,1,BruteForce,4,Mirai,0.07281632143243906,0.1417876964770248,0.02336187849024363
1,5,8,True,1,BruteForce,5,Recon,0.0322817410165764,0.18416280818136987,0.03457158621983451
1,5,8,True,1,BruteForce,6,Spoofing,0.1243752845270414,0.19291428226655288,0.8435205502423192
1,5,8,True,1,BruteForce,7,Web-Based,0.662318429167875,0.15703502293370034,0.018617115196786365
1,5,8,True,2,DDoS,0,Benign,0.0287410172678286,0.04796071480786089,0.024591890673603345
1,5,8,True,2,DDoS,1,BruteForce,0.02461919120887851,0.03264726697945592,0.020488245038388166
1,5,8,True,2,DDoS,2,DDoS,0.19460117020778656,0.6047228000220528,0.5738390966700034
1,5,8,True,2,DDoS,3,DoS,0.15987261131132519,0.09081448907660578,0.03673158361827515
1,5,8,True,2,DDoS,4,Mirai,0.06533089004615965,0.0738083369079688,0.020919818015688825
1,5,8,True,2,DDoS,5,Recon,0.024723990803049618,0.06448102907301245,0.0387585856693685
1,5,8,True,2,DDoS,6,Spoofing,0.07903065192666889,0.04836695847016694,0.2685450562657869
1,5,8,True,2,DDoS,7,Web-Based,0.4230804772283031,0.037198404662876335,0.016125724048885598
1,5,8,True,3,DoS,0,Benign,0.021791455053242207,0.03916822085938412,0.016584975605900075
1,5,8,True,3,DoS,1,BruteForce,0.016906180649555694,0.02611409625810935,0.02787357350144254
1,5,8,True,3,DoS,2,DDoS,0.028451391330651766,0.16115271308022683,0.12449545436992798
1,5,8,True,3,DoS,3,DoS,0.21791724285407807,0.5045648766593429,0.412110294493304
1,5,8,True,3,DoS,4,Mirai,0.10053552103883757,0.1256348314752622,0.023082992246806874
1,5,8,True,3,DoS,5,Recon,0.02312788056125,0.04107709104121461,0.026149152840062008
1,5,8,True,3,DoS,6,Spoofing,0.08749050446695135,0.06360255681383538,0.35010463360183147
1,5,8,True,3,DoS,7,Web-Based,0.5037798240454334,0.03868561381262471,0.019598923340725164
1,5,8,True,4,Mirai,0,Benign,0.02630104171773824,0.1790610527669489,0.017301721504134907
1,5,8,True,4,Mirai,1,BruteForce,0.015645121765126016,0.04035596305722724,0.014990765983382903
1,5,8,True,4,Mirai,2,DDoS,0.01917730376572917,0.048333192750160625,0.03027142230568031
1,5,8,True,4,Mirai,3,DoS,0.05517882113691983,0.08178645006025642,0.053350498446353464
1,5,8,True,4,Mirai,4,Mirai,0.07906853410177152,0.2247124326963548,0.02456751041949872
1,5,8,True,4,Mirai,5,Recon,0.02964233611219927,0.12927482806754553,0.029649843710601795
1,5,8,True,4,Mirai,6,Spoofing,0.12227911292175221,0.18251407381848392,0.8112694934879471
1,5,8,True,4,Mirai,7,Web-Based,0.6527077284787638,0.11396200678302253,0.018598744142400783
1,5,8,True,5,Recon,0,Benign,0.02692486494677152,0.17875015992760784,0.017602542741750285
1,5,8,True,5,Recon,1,BruteForce,0.01587571073154792,0.044880395911991305,0.01298889133185358
1,5,8,True,5,Recon,2,DDoS,0.01799237492574271,0.03694190147035861,0.021295275993342844
1,5,8,True,5,Recon,3,DoS,0.04712788863719409,0.0461070837125165,0.029473546456429113
1,5,8,True,5,Recon,4,Mirai,0.07274150016018771,0.12229495905340343,0.02327832259421718
1,5,8,True,5,Recon,5,Recon,0.0329694487533887,0.23233408671422218,0.04548564476427263
1,5,8,True,5,Recon,6,Spoofing,0.12339453691547099,0.181196180632078,0.8312604056001496
1,5,8,True,5,Recon,7,Web-Based,0.6629736749296964,0.15749523257782225,0.01861537051798485
1,5,8,True,6,Spoofing,0,Benign,0.027977981700832457,0.17529741817309683,0.017410521247189895
1,5,8,True,6,Spoofing,1,BruteForce,0.01543415625705555,0.037187086270898985,0.013890804576603797
1,5,8,True,6,Spoofing,2,DDoS,0.018740208635925848,0.0357752216032882,0.023166008602391583
1,5,8,True,6,Spoofing,3,DoS,0.05185487229951929,0.05227967372082189,0.04595798976193486
1,5,8,True,6,Spoofing,4,Mirai,0.07512012337243916,0.13784850975432217,0.02247485021861084
1,5,8,True,6,Spoofing,5,Recon,0.0322765970552486,0.2097760349337413,0.03455568325209396
1,5,8,True,6,Spoofing,6,Spoofing,0.12570745252564108,0.22103227199627665,0.8245215541322589
1,5,8,True,6,Spoofing,7,Web-Based,0.652888608153338,0.1308037835475539,0.018022588208916227
1,5,8,True,7,Web-Based,0,Benign,0.027593056083449297,0.20128322814201183,0.018232554288658505
1,5,8,True,7,Web-Based,1,BruteForce,0.01567795763852738,0.03998712291565763,0.01344827549494716
1,5,8,True,7,Web-Based,2,DDoS,0.018828140135057122,0.04123134312064929,0.02607464544333082
1,5,8,True,7,Web-Based,3,DoS,0.04979168240147322,0.04975245129577414,0.03205878397403811
1,5,8,True,7,Web-Based,4,Mirai,0.0728647431918957,0.16133958295909348,0.02303780961405717
1,5,8,True,7,Web-Based,5,Recon,0.03205068627918923,0.1750299979418633,0.03465418902166594
1,5,8,True,7,Web-Based,6,Spoofing,0.12531070534727382,0.19405386175108646,0.8337732576626405
1,5,8,True,7,Web-Based,7,Web-Based,0.6578830289231343,0.13732241187386388,0.01872048450066193
1,5,9,False,0,Benign,0,Benign,0.2713242715800428,0.17894327778592223,0.212708631315114
1,5,9,False,0,Benign,1,BruteForce,0.004399602078218246,0.03637180318428747,0.0057487095059489636
1,5,9,False,0,Benign,2,DDoS,0.014003653794882514,0.0471366162410738,0.012474645677882902
1,5,9,False,0,Benign,3,DoS,0.004245504022482712,0.07693166124930798,0.006082180136627195
1,5,9,False,0,Benign,4,Mirai,0.4817509202786548,0.15076796678172683,0.5442726249294527
1,5,9,False,0,Benign,5,Recon,0.12176691719817528,0.2005522548367446,0.12353066180708568
1,5,9,False,0,Benign,6,Spoofing,0.09709325224222831,0.18846296149721314,0.08814688706657811
1,5,9,False,0,Benign,7,Web-Based,0.005415878805315268,0.12083345842372378,0.007035659561310454
1,5,9,False,1,BruteForce,0,Benign,0.2569936535781332,0.19155354975686884,0.19643140381446048
1,5,9,False,1,BruteForce,1,BruteForce,0.004317615697172865,0.04715243889175867,0.005420658974589235
1,5,9,False,1,BruteForce,2,DDoS,0.005226842941392386,0.03959295936828813,0.006972007456531547
1,5,9,False,1,BruteForce,3,DoS,0.003768312058001929,0.045801242124436495,0.005533962313056571
1,5,9,False,1,BruteForce,4,Mirai,0.507121692746521,0.1417876964770248,0.5796708218206121
1,5,9,False,1,BruteForce,5,Recon,0.1275561359656416,0.18416280818136987,0.11622772955673638
1,5,9,False,1,BruteForce,6,Spoofing,0.08955404660473056,0.19291428226655288,0.0831422568850313
1,5,9,False,1,BruteForce,7,Web-Based,0.005461700408406461,0.15703502293370034,0.006601159178982361
1,5,9,False,2,DDoS,0,Benign,0.07022630299335895,0.04796071480786089,0.07378109127923523
1,5,9,False,2,DDoS,1,BruteForce,0.0070083199812839975,0.03264726697945592,0.010804158511400564
1,5,9,False,2,DDoS,2,DDoS,0.5819602051947488,0.6047228000220528,0.5145861140339755
1,5,9,False,2,DDoS,3,DoS,0.005176929012517922,0.09081448907660578,0.007623311259983734
1,5,9,False,2,DDoS,4,Mirai,0.23773942918461213,0.0738083369079688,0.265180145327734
1,5,9,False,2,DDoS,5,Recon,0.052855074532911356,0.06448102907301245,0.06938093456303068
1,5,9,False,2,DDoS,6,Spoofing,0.038919434168410295,0.04836695847016694,0.04814830975089366
1,5,9,False,2,DDoS,7,Web-Based,0.006114304932156561,0.037198404662876335,0.010495935273746787
1,5,9,False,3,DoS,0,Benign,0.057988928773364895,0.03916822085938412,0.06597761485226326
1,5,9,False,3,DoS,1,BruteForce,0.00703059720746816,0.02611409625810935,0.007601240551088666
1,5,9,False,3,DoS,2,DDoS,0.12669613564432883,0.16115271308022683,0.0885159228871596
1,5,9,False,3,DoS,3,DoS,0.013133888670474297,0.5045648766593429,0.010185430516659743
1,5,9,False,3,DoS,4,Mirai,0.5966902481006565,0.1256348314752622,0.6278306998648712
1,5,9,False,3,DoS,5,Recon,0.03788491377945225,0.04107709104121461,0.04921960120497947
1,5,9,False,3,DoS,6,Spoofing,0.1529518183813191,0.06360255681383538,0.1410816114877004
1,5,9,False,3,DoS,7,Web-Based,0.007623469442935942,0.03868561381262471,0.009587878635277698
1,5,9,False,4,Mirai,0,Benign,0.1825738098332291,0.1790610527669489,0.15665054209698429
1,5,9,False,4,Mirai,1,BruteForce,0.003228709138957331,0.04035596305722724,0.004262151925292362
1,5,9,False,4,Mirai,2,DDoS,0.006167433538213245,0.048333192750160625,0.007815598967478177
1,5,9,False,4,Mirai,3,DoS,0.0033800416884745992,0.08178645006025642,0.004755756169192422
1,5,9,False,4,Mirai,4,Mirai,0.6830990071744093,0.2247124326963548,0.7019238838520995
1,5,9,False,4,Mirai,5,Recon,0.04703653481161008,0.12927482806754553,0.054753709471234764
1,5,9,False,4,Mirai,6,Spoofing,0.0700039256345845,0.18251407381848392,0.06372590334822469
1,5,9,False,4,Mirai,7,Web-Based,0.004510538180521898,0.11396200678302253,0.006112454169493804
1,5,9,False,5,Recon,0,Benign,0.24167622045980988,0.17875015992760784,0.18533707283203812
1,5,9,False,5,Recon,1,BruteForce,0.0047426221044716745,0.044880395911991305,0.005850890664782675
1,5,9,False,5,Recon,2,DDoS,0.004765418617833981,0.03694190147035861,0.006644792733948009
1,5,9,False,5,Recon,3,DoS,0.0038909625521087003,0.0461070837125165,0.005533990742806916
1,5,9,False,5,Recon,4,Mirai,0.4076719435537071,0.12229495905340343,0.5104705615668697
1,5,9,False,5,Recon,5,Recon,0.23789852043555929,0.23233408671422218,0.20107210707856
1,5,9,False,5,Recon,6,Spoofing,0.09403496304733425,0.181196180632078,0.07872758222176585
1,5,9,False,5,Recon,7,Web-Based,0.005319349229175112,0.15749523257782225,0.0063630021592289395
1,5,9,False,6,Spoofing,0,Benign,0.2559714088038011,0.17529741817309683,0.2129752411877739
1,5,9,False,6,Spoofing,1,BruteForce,0.004413710200704377,0.037187086270898985,0.005594561604115943
1,5,9,False,6,Spoofing,2,DDoS,0.005183346729081038,0.0357752216032882,0.007003732231253415
1,5,9,False,6,Spoofing,3,DoS,0.004097741510624477,0.05227967372082189,0.005646586458114659
1,5,9,False,6,Spoofing,4,Mirai,0.4516164729339823,0.13784850975432217,0.5270247029692076
1,5,9,False,6,Spoofing,5,Recon,0.14192574286686252,0.2097760349337413,0.13388392227429521
1,5,9,False,6,Spoofing,6,Spoofing,0.1310967117331378,0.22103227199627665,0.10103837489641995
1,5,9,False,6,Spoofing,7,Web-Based,0.005694865221806429,0.1308037835475539,0.006832878378819363
1,5,9,False,7,Web-Based,0,Benign,0.23271907199918657,0.20128322814201183,0.20573941393174097
1,5,9,False,7,Web-Based,1,BruteForce,0.00378145149473563,0.03998712291565763,0.004988285031987422
1,5,9,False,7,Web-Based,2,DDoS,0.005432236606621205,0.04123134312064929,0.0078520559200081
1,5,9,False,7,Web-Based,3,DoS,0.0036827559031679755,0.04975245129577414,0.0050920035248949455
1,5,9,False,7,Web-Based,4,Mirai,0.5598307385125908,0.16133958295909348,0.5967359652309505
1,5,9,False,7,Web-Based,5,Recon,0.09383464458819482,0.1750299979418633,0.09912271282795135
1,5,9,False,7,Web-Based,6,Spoofing,0.09565511413053282,0.19405386175108646,0.07408300743614007
1,5,9,False,7,Web-Based,7,Web-Based,0.005063986764970202,0.13732241187386388,0.006386556096326617
1,5,10,True,0,Benign,0,Benign,0.03828744616960177,0.17894327778592223,0.022270045567745377
1,5,10,True,0,Benign,1,BruteForce,0.01560538428571965,0.03637180318428747,0.019048116147505827
1,5,10,True,0,Benign,2,DDoS,0.02288779937758646,0.0471366162410738,0.058264932055389435
1,5,10,True,0,Benign,3,DoS,0.04673208696561113,0.07693166124930798,0.04369451153948292
1,5,10,True,0,Benign,4,Mirai,0.06767075007039977,0.15076796678172683,0.07935026555243353
1,5,10,True,0,Benign,5,Recon,0.07523464057730062,0.2005522548367446,0.13568543610090097
1,5,10,True,0,Benign,6,Spoofing,0.1360467985882361,0.18846296149721314,0.3294301928385613
1,5,10,True,0,Benign,7,Web-Based,0.5975350939655445,0.12083345842372378,0.3122565001979806
1,5,10,True,1,BruteForce,0,Benign,0.03839966371742833,0.19155354975686884,0.021395882591181345
1,5,10,True,1,BruteForce,1,BruteForce,0.016174604599206836,0.04715243889175867,0.01820485343619936
1,5,10,True,1,BruteForce,2,DDoS,0.02022338921701264,0.03959295936828813,0.027800501153444554
1,5,10,True,1,BruteForce,3,DoS,0.03412854070914308,0.045801242124436495,0.030508297120172185
1,5,10,True,1,BruteForce,4,Mirai,0.0678576038938241,0.1417876964770248,0.09075246456452916
1,5,10,True,1,BruteForce,5,Recon,0.07927735122380575,0.18416280818136987,0.1355921528596097
1,5,10,True,1,BruteForce,6,Spoofing,0.13749276269989186,0.19291428226655288,0.2919583863509789
1,5,10,True,1,BruteForce,7,Web-Based,0.6064460839396875,0.15703502293370034,0.38378746192388474
1,5,10,True,2,DDoS,0,Benign,0.027533868130558435,0.04796071480786089,0.02146354989899178
1,5,10,True,2,DDoS,1,BruteForce,0.028792215693052677,0.03264726697945592,0.021106456308982644
1,5,10,True,2,DDoS,2,DDoS,0.18920071014773374,0.6047228000220528,0.6022786062618589
1,5,10,True,2,DDoS,3,DoS,0.3137276648262168,0.09081448907660578,0.024344013283275748
1,5,10,True,2,DDoS,4,Mirai,0.051016917578941993,0.0738083369079688,0.040499910327815074
1,5,10,True,2,DDoS,5,Recon,0.04047847315988671,0.06448102907301245,0.05963832227706456
1,5,10,True,2,DDoS,6,Spoofing,0.06671885906354805,0.04836695847016694,0.10744966039347457
1,5,10,True,2,DDoS,7,Web-Based,0.2825312914000617,0.037198404662876335,0.12321948124853671
1,5,10,True,3,DoS,0,Benign,0.025099485398083446,0.03916822085938412,0.016524256399403355
1,5,10,True,3,DoS,1,BruteForce,0.01943981651058363,0.02611409625810935,0.024251685421476613
1,5,10,True,3,DoS,2,DDoS,0.04592159962565567,0.16115271308022683,0.1921524231437968
1,5,10,True,3,DoS,3,DoS,0.28346346958368057,0.5045648766593429,0.3432196650431296
1,5,10,True,3,DoS,4,Mirai,0.08436829080120384,0.1256348314752622,0.04899223425140833
1,5,10,True,3,DoS,5,Recon,0.04193560930721054,0.04107709104121461,0.06773421950960029
1,5,10,True,3,DoS,6,Spoofing,0.08479331686452736,0.06360255681383538,0.18115959177665295
1,5,10,True,3,DoS,7,Web-Based,0.4149784119090549,0.03868561381262471,0.12596592445453203
1,5,10,True,4,Mirai,0,Benign,0.03567627505342607,0.1790610527669489,0.020906360869143853
1,5,10,True,4,Mirai,1,BruteForce,0.015594550598366834,0.04035596305722724,0.018484991654150906
1,5,10,True,4,Mirai,2,DDoS,0.02151852598918357,0.048333192750160625,0.04526853483889094
1,5,10,True,4,Mirai,3,DoS,0.04403802146349044,0.08178645006025642,0.04057060523043271
1,5,10,True,4,Mirai,4,Mirai,0.07466916764451356,0.2247124326963548,0.0930199027442174
1,5,10,True,4,Mirai,5,Recon,0.07097483852341017,0.12927482806754553,0.1230947051897784
1,5,10,True,4,Mirai,6,Spoofing,0.1325933443797958,0.18251407381848392,0.32823821797470715
1,5,10,True,4,Mirai,7,Web-Based,0.6049352763478136,0.11396200678302253,0.33041668149867864
1,5,10,True,5,Recon,0,Benign,0.038346059445192496,0.17875015992760784,0.021000630285856473
1,5,10,True,5,Recon,1,BruteForce,0.01593467809956096,0.044880395911991305,0.01812983451842123
1,5,10,True,5,Recon,2,DDoS,0.020177254735791617,0.03694190147035861,0.027754586994734036
1,5,10,True,5,Recon,3,DoS,0.03461460003913755,0.0461070837125165,0.031053758674665574
1,5,10,True,5,Recon,4,Mirai,0.06690781182907994,0.12229495905340343,0.08863199214013308
1,5,10,True,5,Recon,5,Recon,0.08508781141317107,0.23233408671422218,0.1505426834996439
1,5,10,True,5,Recon,6,Spoofing,0.13803093181726764,0.181196180632078,0.2842386896914777
1,5,10,True,5,Recon,7,Web-Based,0.6009008526207987,0.15749523257782225,0.37864782419506804
1,5,10,True,6,Spoofing,0,Benign,0.03849727772983574,0.17529741817309683,0.0219464716626074
1,5,10,True,6,Spoofing,1,BruteForce,0.015419694167433193,0.037187086270898985,0.017590292229546802
1,5,10,True,6,Spoofing,2,DDoS,0.020740995829150784,0.0357752216032882,0.02732242244704799
1,5,10,True,6,Spoofing,3,DoS,0.0413203685190624,0.05227967372082189,0.03497819372947385
1,5,10,True,6,Spoofing,4,Mirai,0.06934804132878625,0.13784850975432217,0.08108459950483436
1,5,10,True,6,Spoofing,5,Recon,0.07621734977824507,0.2097760349337413,0.13512999372248
1,5,10,True,6,Spoofing,6,Spoofing,0.1379693446199607,0.22103227199627665,0.34700179629198724
1,5,10,True,6,Spoofing,7,Web-Based,0.6004869280275258,0.1308037835475539,0.33494623041202237
1,5,10,True,7,Web-Based,0,Benign,0.039020416439870406,0.20128322814201183,0.02233567399325899
1,5,10,True,7,Web-Based,1,BruteForce,0.01572626439896539,0.03998712291565763,0.017738799278910797
1,5,10,True,7,Web-Based,2,DDoS,0.021077285992668112,0.04123134312064929,0.02980222971691401
1,5,10,True,7,Web-Based,3,DoS,0.03874839108235704,0.04975245129577414,0.031205773506683104
1,5,10,True,7,Web-Based,4,Mirai,0.06807326243637583,0.16133958295909348,0.08933694551850077
1,5,10,True,7,Web-Based,5,Recon,0.07899411073749625,0.1750299979418633,0.13496437980333795
1,5,10,True,7,Web-Based,6,Spoofing,0.1375545297213395,0.19405386175108646,0.30979530381561704
1,5,10,True,7,Web-Based,7,Web-Based,0.6008057391909275,0.13732241187386388,0.3648208943667773
1,5,11,False,0,Benign,0,Benign,0.48785516909202054,0.17894327778592223,0.5054759344795156
1,5,11,False,0,Benign,1,BruteForce,0.006241608540251591,0.03637180318428747,0.007462605127298825
1,5,11,False,0,Benign,2,DDoS,0.008155106156843605,0.0471366162410738,0.010640381605379423
1,5,11,False,0,Benign,3,DoS,0.011371609731422547,0.07693166124930798,0.014780983180301552
1,5,11,False,0,Benign,4,Mirai,0.08130579025106288,0.15076796678172683,0.08417180931879836
1,5,11,False,0,Benign,5,Recon,0.14361602172165264,0.2005522548367446,0.1373969726142291
1,5,11,False,0,Benign,6,Spoofing,0.2539858579362773,0.18846296149721314,0.23190462746669555
1,5,11,False,0,Benign,7,Web-Based,0.007468836570468982,0.12083345842372378,0.008166686207781701
1,5,11,False,1,BruteForce,0,Benign,0.45102186756489115,0.19155354975686884,0.5106147524192624
1,5,11,False,1,BruteForce,1,BruteForce,0.00656859904943432,0.04715243889175867,0.007222023432318588
1,5,11,False,1,BruteForce,2,DDoS,0.006886574904599038,0.03959295936828813,0.009715753075438184
1,5,11,False,1,BruteForce,3,DoS,0.006408730032657879,0.045801242124436495,0.00845695820506947
1,5,11,False,1,BruteForce,4,Mirai,0.08333374858606393,0.1417876964770248,0.08771126418285896
1,5,11,False,1,BruteForce,5,Recon,0.15689378752868682,0.18416280818136987,0.13823024944282974
1,5,11,False,1,BruteForce,6,Spoofing,0.28109727318616873,0.19291428226655288,0.23020952939325387
1,5,11,False,1,BruteForce,7,Web-Based,0.007789419147498277,0.15703502293370034,0.00783946984896885
1,5,11,False,2,DDoS,0,Benign,0.1944257823420306,0.04796071480786089,0.391693033549768
1,5,11,False,2,DDoS,1,BruteForce,0.011525548560807166,0.03264726697945592,0.012270970192291
1,5,11,False,2,DDoS,2,DDoS,0.4855332167089059,0.6047228000220528,0.14293445703506732
1,5,11,False,2,DDoS,3,DoS,0.019589061490551413,0.09081448907660578,0.0346928188460991
1,5,11,False,2,DDoS,4,Mirai,0.07648589057392786,0.0738083369079688,0.08264899631452405
1,5,11,False,2,DDoS,5,Recon,0.0676288928379735,0.06448102907301245,0.10654715777236783
1,5,11,False,2,DDoS,6,Spoofing,0.13532016501269173,0.04836695847016694,0.2163560792426348
1,5,11,False,2,DDoS,7,Web-Based,0.009491442473111905,0.037198404662876335,0.012856487047247967
1,5,11,False,3,DoS,0,Benign,0.06285855237449182,0.03916822085938412,0.10309353673587984
1,5,11,False,3,DoS,1,BruteForce,0.01124126480943724,0.02611409625810935,0.016412016849813423
1,5,11,False,3,DoS,2,DDoS,0.01851231350154504,0.16115271308022683,0.01715386702274042
1,5,11,False,3,DoS,3,DoS,0.5670932023940316,0.5045648766593429,0.4905930896630506
1,5,11,False,3,DoS,4,Mirai,0.059005841175025144,0.1256348314752622,0.06735126521196996
1,5,11,False,3,DoS,5,Recon,0.028331728331501025,0.04107709104121461,0.03254476557324266
1,5,11,False,3,DoS,6,Spoofing,0.24400710807171722,0.06360255681383538,0.2576296574068613
1,5,11,False,3,DoS,7,Web-Based,0.008949989342250863,0.03868561381262471,0.015221801536441816
1,5,11,False,4,Mirai,0,Benign,0.45566074959321123,0.1790610527669489,0.4930178028074896
1,5,11,False,4,Mirai,1,BruteForce,0.0062920198804577955,0.04035596305722724,0.007418595071505128
1,5,11,False,4,Mirai,2,DDoS,0.008459070033862091,0.048333192750160625,0.010673475310734544
1,5,11,False,4,Mirai,3,DoS,0.013723992091813407,0.08178645006025642,0.017015575176746667
1,5,11,False,4,Mirai,4,Mirai,0.15835527906333866,0.2247124326963548,0.12286600958710883
1,5,11,False,4,Mirai,5,Recon,0.07900264163847265,0.12927482806754553,0.08906886765228121
1,5,11,False,4,Mirai,6,Spoofing,0.2707012358864915,0.18251407381848392,0.2510653933064498
1,5,11,False,4,Mirai,7,Web-Based,0.007805011812352585,0.11396200678302253,0.008874281087684113
1,5,11,False,5,Recon,0,Benign,0.41321348504552285,0.17875015992760784,0.4927068831424751
1,5,11,False,5,Recon,1,BruteForce,0.006519718482015301,0.044880395911991305,0.00742554195106978
1,5,11,False,5,Recon,2,DDoS,0.006501640731753343,0.03694190147035861,0.009624595886530429
1,5,11,False,5,Recon,3,DoS,0.005903552060133565,0.0461070837125165,0.008328389430311143
1,5,11,False,5,Recon,4,Mirai,0.06555762245968016,0.12229495905340343,0.08341663457695307
1,5,11,False,5,Recon,5,Recon,0.2593484657971639,0.23233408671422218,0.18752957396487546
1,5,11,False,5,Recon,6,Spoofing,0.23544900770530933,0.181196180632078,0.20326917878805226
1,5,11,False,5,Recon,7,Web-Based,0.007506507718421558,0.15749523257782225,0.0076992022597328095
1,5,11,False,6,Spoofing,0,Benign,0.4317093070459979,0.17529741817309683,0.48286301836284756
1,5,11,False,6,Spoofing,1,BruteForce,0.0060093509812546774,0.037187086270898985,0.007235802502337834
1,5,11,False,6,Spoofing,2,DDoS,0.007199703964997322,0.0357752216032882,0.009895507549570342
1,5,11,False,6,Spoofing,3,DoS,0.007026444912379524,0.05227967372082189,0.009983399578093499
1,5,11,False,6,Spoofing,4,Mirai,0.07260429024075807,0.13784850975432217,0.0785594528290734
1,5,11,False,6,Spoofing,5,Recon,0.1542865925025618,0.2097760349337413,0.12942968868645746
1,5,11,False,6,Spoofing,6,Spoofing,0.3137579737246628,0.22103227199627665,0.2740407670468335
1,5,11,False,6,Spoofing,7,Web-Based,0.007406336627387982,0.1308037835475539,0.007992363444786446
1,5,11,False,7,Web-Based,0,Benign,0.488187017610379,0.20128322814201183,0.5289669156973816
1,5,11,False,7,Web-Based,1,BruteForce,0.005976772451931906,0.03998712291565763,0.006997340482420253
1,5,11,False,7,Web-Based,2,DDoS,0.00731364433578143,0.04123134312064929,0.009770151186618404
1,5,11,False,7,Web-Based,3,DoS,0.007213848934680799,0.04975245129577414,0.009807038889836544
1,5,11,False,7,Web-Based,4,Mirai,0.09859824771472289,0.16133958295909348,0.09178229978131258
1,5,11,False,7,Web-Based,5,Recon,0.12262576141908951,0.1750299979418633,0.12418983171646154
1,5,11,False,7,Web-Based,6,Spoofing,0.2626174100151717,0.19405386175108646,0.2204966630762761
1,5,11,False,7,Web-Based,7,Web-Based,0.007467297518242703,0.13732241187386388,0.007989759169692986
1,5,12,False,0,Benign,0,Benign,0.026416871360758324,0.17894327778592223,0.026462665550044947
1,5,12,False,0,Benign,1,BruteForce,0.009079666233518056,0.03637180318428747,0.012055694095309408
1,5,12,False,0,Benign,2,DDoS,0.010907454852506429,0.0471366162410738,0.014718325348589106
1,5,12,False,0,Benign,3,DoS,0.03385268480679072,0.07693166124930798,0.09649944847369452
1,5,12,False,0,Benign,4,Mirai,0.5278492406812528,0.15076796678172683,0.497085396462591
1,5,12,False,0,Benign,5,Recon,0.12728431865657908,0.2005522548367446,0.12355267580960916
1,5,12,False,0,Benign,6,Spoofing,0.2024899372383623,0.18846296149721314,0.18046671219629276
1,5,12,False,0,Benign,7,Web-Based,0.062119826170232345,0.12083345842372378,0.04915908206386924
1,5,12,False,1,BruteForce,0,Benign,0.024441050775457475,0.19155354975686884,0.025107642284793254
1,5,12,False,1,BruteForce,1,BruteForce,0.00984459728695997,0.04715243889175867,0.01200549613060556
1,5,12,False,1,BruteForce,2,DDoS,0.010145140792195945,0.03959295936828813,0.013128686943424587
1,5,12,False,1,BruteForce,3,DoS,0.016760977703262382,0.045801242124436495,0.029005819762036804
1,5,12,False,1,BruteForce,4,Mirai,0.5715375170127457,0.1417876964770248,0.5528058772746978
1,5,12,False,1,BruteForce,5,Recon,0.10583670052906456,0.18416280818136987,0.13472743978366244
1,5,12,False,1,BruteForce,6,Spoofing,0.17808274014104214,0.19291428226655288,0.17409356481768265
1,5,12,False,1,BruteForce,7,Web-Based,0.08335127575927193,0.15703502293370034,0.059125473003096875
1,5,12,False,2,DDoS,0,Benign,0.016511013399464664,0.04796071480786089,0.030003869943939145
1,5,12,False,2,DDoS,1,BruteForce,0.012992474176100255,0.03264726697945592,0.017771132103718997
1,5,12,False,2,DDoS,2,DDoS,0.5282769239618877,0.6047228000220528,0.3171184497345759
1,5,12,False,2,DDoS,3,DoS,0.0738561326816826,0.09081448907660578,0.10086297956612204
1,5,12,False,2,DDoS,4,Mirai,0.2175399076410179,0.0738083369079688,0.3132603556709456
1,5,12,False,2,DDoS,5,Recon,0.06740609669970919,0.06448102907301245,0.09257944457817051
1,5,12,False,2,DDoS,6,Spoofing,0.05718103373901759,0.04836695847016694,0.08977983377810282
1,5,12,False,2,DDoS,7,Web-Based,0.0262364177011202,0.037198404662876335,0.03862393462442499
1,5,12,False,3,DoS,0,Benign,0.007334919727271866,0.03916822085938412,0.010999057746118568
1,5,12,False,3,DoS,1,BruteForce,0.011699304343589827,0.02611409625810935,0.0175514269892811
1,5,12,False,3,DoS,2,DDoS,0.021808684192331604,0.16115271308022683,0.020152437677119866
1,5,12,False,3,DoS,3,DoS,0.8028966385774184,0.5045648766593429,0.7022069929548109
1,5,12,False,3,DoS,4,Mirai,0.0769046196740896,0.1256348314752622,0.11680458200945516
1,5,12,False,3,DoS,5,Recon,0.024717787737561815,0.04107709104121461,0.03703591624944796
1,5,12,False,3,DoS,6,Spoofing,0.039170861228931014,0.06360255681383538,0.07279207348035582
1,5,12,False,3,DoS,7,Web-Based,0.015467184518805929,0.03868561381262471,0.022457512893410584
1,5,12,False,4,Mirai,0,Benign,0.02296444466235051,0.1790610527669489,0.02594305074139693
1,5,12,False,4,Mirai,1,BruteForce,0.00746394948173293,0.04035596305722724,0.010684721840303734
1,5,12,False,4,Mirai,2,DDoS,0.01147093252108097,0.048333192750160625,0.015048815664166753
1,5,12,False,4,Mirai,3,DoS,0.02290615701114728,0.08178645006025642,0.0529732702800002
1,5,12,False,4,Mirai,4,Mirai,0.6834215013338877,0.2247124326963548,0.6064310047794048
1,5,12,False,4,Mirai,5,Recon,0.06326944727504212,0.12927482806754553,0.095220632058516
1,5,12,False,4,Mirai,6,Spoofing,0.14229984516504057,0.18251407381848392,0.14817769204580464
1,5,12,False,4,Mirai,7,Web-Based,0.04620372254971794,0.11396200678302253,0.045520812590406794
1,5,12,False,5,Recon,0,Benign,0.023162842543187137,0.17875015992760784,0.023632525474858623
1,5,12,False,5,Recon,1,BruteForce,0.010167352496657598,0.044880395911991305,0.012284384474508312
1,5,12,False,5,Recon,2,DDoS,0.010153686584848717,0.03694190147035861,0.01318532466708884
1,5,12,False,5,Recon,3,DoS,0.018589928240160526,0.0461070837125165,0.0314168214343716
1,5,12,False,5,Recon,4,Mirai,0.5198884679111152,0.12229495905340343,0.5370038599406017
1,5,12,False,5,Recon,5,Recon,0.15942782486963725,0.23233408671422218,0.16281062096259766
1,5,12,False,5,Recon,6,Spoofing,0.16960099043916316,0.181196180632078,0.1625838537369057
1,5,12,False,5,Recon,7,Web-Based,0.08900890691523046,0.15749523257782225,0.05708260930906753
1,5,12,False,6,Spoofing,0,Benign,0.025653940037132773,0.17529741817309683,0.026469107199742777
1,5,12,False,6,Spoofing,1,BruteForce,0.009243417587567547,0.037187086270898985,0.011622460802595755
1,5,12,False,6,Spoofing,2,DDoS,0.009747835513881786,0.0357752216032882,0.013628173719736776
1,5,12,False,6,Spoofing,3,DoS,0.02865279281370063,0.05227967372082189,0.05960305714089781
1,5,12,False,6,Spoofing,4,Mirai,0.4922495270828577,0.13784850975432217,0.49415070750533713
1,5,12,False,6,Spoofing,5,Recon,0.12656394194737372,0.2097760349337413,0.1245803767133329
1,5,12,False,6,Spoofing,6,Spoofing,0.2363457666942609,0.22103227199627665,0.2142325937076371
1,5,12,False,6,Spoofing,7,Web-Based,0.071542778323225,0.1308037835475539,0.05571352321071982
1,5,12,False,7,Web-Based,0,Benign,0.024525084492537496,0.20128322814201183,0.02641490311951378
1,5,12,False,7,Web-Based,1,BruteForce,0.008581886423242214,0.03998712291565763,0.011202996129719044
1,5,12,False,7,Web-Based,2,DDoS,0.010185239418930219,0.04123134312064929,0.013888644164304482
1,5,12,False,7,Web-Based,3,DoS,0.02407469142607833,0.04975245129577414,0.03456977866360679
1,5,12,False,7,Web-Based,4,Mirai,0.5838145867064742,0.16133958295909348,0.5575893799557168
1,5,12,False,7,Web-Based,5,Recon,0.10641301009857144,0.1750299979418633,0.13010916216150645
1,5,12,False,7,Web-Based,6,Spoofing,0.17530677744930134,0.19405386175108646,0.1695661573199577
1,5,12,False,7,Web-Based,7,Web-Based,0.06709872398486484,0.13732241187386388,0.056658978485675054
1,5,13,False,0,Benign,0,Benign,0.060613056551156015,0.17894327778592223,0.06055386004083888
1,5,13,False,0,Benign,1,BruteForce,0.10282840032874446,0.03637180318428747,0.09363316921225759
1,5,13,False,0,Benign,2,DDoS,0.06451543999233951,0.0471366162410738,0.06796401271045555
1,5,13,False,0,Benign,3,DoS,0.012117954061318386,0.07693166124930798,0.01536906606727667
1,5,13,False,0,Benign,4,Mirai,0.05216869506215313,0.15076796678172683,0.05432285348042039
1,5,13,False,0,Benign,5,Recon,0.3776420707107686,0.2005522548367446,0.39795739412411263
1,5,13,False,0,Benign,6,Spoofing,0.1385161859129467,0.18846296149721314,0.1273448450201094
1,5,13,False,0,Benign,7,Web-Based,0.19159819738057315,0.12083345842372378,0.18285479934452892
1,5,13,False,1,BruteForce,0,Benign,0.06466812681620954,0.19155354975686884,0.06219007911701284
1,5,13,False,1,BruteForce,1,BruteForce,0.13690845386827272,0.04715243889175867,0.11360017528602807
1,5,13,False,1,BruteForce,2,DDoS,0.023821375663307384,0.03959295936828813,0.024879683051240126
1,5,13,False,1,BruteForce,3,DoS,0.013793922715815884,0.045801242124436495,0.01628907518567972
1,5,13,False,1,BruteForce,4,Mirai,0.059817734021712456,0.1417876964770248,0.05909321433342645
1,5,13,False,1,BruteForce,5,Recon,0.33435281486440904,0.18416280818136987,0.39380068182300615
1,5,13,False,1,BruteForce,6,Spoofing,0.12298738228481725,0.19291428226655288,0.1127826349398934
1,5,13,False,1,BruteForce,7,Web-Based,0.24365018976545563,0.15703502293370034,0.21736445626371323
1,5,13,False,2,DDoS,0,Benign,0.0228874961947262,0.04796071480786089,0.029645218230663097
1,5,13,False,2,DDoS,1,BruteForce,0.039195588443166195,0.03264726697945592,0.044390003608591314
1,5,13,False,2,DDoS,2,DDoS,0.6688077243417495,0.6047228000220528,0.6352909363725004
1,5,13,False,2,DDoS,3,DoS,0.006891065712427139,0.09081448907660578,0.010503117844130891
1,5,13,False,2,DDoS,4,Mirai,0.025461363073573464,0.0738083369079688,0.02860493938647318
1,5,13,False,2,DDoS,5,Recon,0.13486456467251778,0.06448102907301245,0.13708271084685927
1,5,13,False,2,DDoS,6,Spoofing,0.04131977430705775,0.04836695847016694,0.05030055513476766
1,5,13,False,2,DDoS,7,Web-Based,0.06057242325478195,0.037198404662876335,0.06418251857601417
1,5,13,False,3,DoS,0,Benign,0.018866593011644568,0.03916822085938412,0.03233971978002759
1,5,13,False,3,DoS,1,BruteForce,0.057580218303580205,0.02611409625810935,0.05300713177743538
1,5,13,False,3,DoS,2,DDoS,0.35404095280975323,0.16115271308022683,0.2691257299968779
1,5,13,False,3,DoS,3,DoS,0.1899716372968128,0.5045648766593429,0.05076355300514008
1,5,13,False,3,DoS,4,Mirai,0.08303997568039397,0.1256348314752622,0.061014517512999064
1,5,13,False,3,DoS,5,Recon,0.1065198477586704,0.04107709104121461,0.29218726986237215
1,5,13,False,3,DoS,6,Spoofing,0.11186571786532583,0.06360255681383538,0.11358387417877497
1,5,13,False,3,DoS,7,Web-Based,0.078115057273819,0.03868561381262471,0.12797820388637293
1,5,13,False,4,Mirai,0,Benign,0.06322398878943737,0.1790610527669489,0.06505704215425251
1,5,13,False,4,Mirai,1,BruteForce,0.12589259346530035,0.04035596305722724,0.10857552825100836
1,5,13,False,4,Mirai,2,DDoS,0.07027101987669616,0.048333192750160625,0.054829259904598894
1,5,13,False,4,Mirai,3,DoS,0.01374329151823832,0.08178645006025642,0.01631967809243778
1,5,13,False,4,Mirai,4,Mirai,0.08587063155118634,0.2247124326963548,0.06634550226409335
1,5,13,False,4,Mirai,5,Recon,0.3018971027244953,0.12927482806754553,0.36094686593090997
1,5,13,False,4,Mirai,6,Spoofing,0.1355326690152031,0.18251407381848392,0.12982506029211566
1,5,13,False,4,Mirai,7,Web-Based,0.203568703059443,0.11396200678302253,0.19810106311058343
1,5,13,False,5,Recon,0,Benign,0.05969950855985227,0.17875015992760784,0.058890944199925195
1,5,13,False,5,Recon,1,BruteForce,0.1250956385473552,0.044880395911991305,0.10996258594731881
1,5,13,False,5,Recon,2,DDoS,0.02234433394023949,0.03694190147035861,0.024575459907588162
1,5,13,False,5,Recon,3,DoS,0.013209736751042337,0.0461070837125165,0.016073495926865418
1,5,13,False,5,Recon,4,Mirai,0.054487433166828685,0.12229495905340343,0.05682780049595466
1,5,13,False,5,Recon,5,Recon,0.3811883284038103,0.23233408671422218,0.4166202590929207
1,5,13,False,5,Recon,6,Spoofing,0.11452900241847107,0.181196180632078,0.10761596507282863
1,5,13,False,5,Recon,7,Web-Based,0.2294460182124006,0.15749523257782225,0.20943348935659842
1,5,13,False,6,Spoofing,0,Benign,0.058653092765261816,0.17529741817309683,0.05824697724820248
1,5,13,False,6,Spoofing,1,BruteForce,0.10336221861226162,0.037187086270898985,0.09347761890614228
1,5,13,False,6,Spoofing,2,DDoS,0.02076941045125574,0.0357752216032882,0.023553621414356338
1,5,13,False,6,Spoofing,3,DoS,0.012357993005561537,0.05227967372082189,0.015169114494199247
1,5,13,False,6,Spoofing,4,Mirai,0.051650816732320186,0.13784850975432217,0.05348185281645945
1,5,13,False,6,Spoofing,5,Recon,0.4017735913023069,0.2097760349337413,0.4310847366068133
1,5,13,False,6,Spoofing,6,Spoofing,0.14250728668929127,0.22103227199627665,0.12784485484416347
1,5,13,False,6,Spoofing,7,Web-Based,0.20892559044174086,0.1308037835475539,0.19714122366966352
1,5,13,False,7,Web-Based,0,Benign,0.06438070634416669,0.20128322814201183,0.06390660193207431
1,5,13,False,7,Web-Based,1,BruteForce,0.11604603716307059,0.03998712291565763,0.10607394555793523
1,5,13,False,7,Web-Based,2,DDoS,0.026258372504932428,0.04123134312064929,0.030251013981192044
1,5,13,False,7,Web-Based,3,DoS,0.01265170344787058,0.04975245129577414,0.015764724610940636
1,5,13,False,7,Web-Based,4,Mirai,0.0627595170043588,0.16133958295909348,0.05832549336769389
1,5,13,False,7,Web-Based,5,Recon,0.3715564103049363,0.1750299979418633,0.40326458703784607
1,5,13,False,7,Web-Based,6,Spoofing,0.12721535290574337,0.19405386175108646,0.11685334765521006
1,5,13,False,7,Web-Based,7,Web-Based,0.21913190032492127,0.13732241187386388,0.20556028585710787
1,5,14,True,0,Benign,0,Benign,0.1002628656719022,0.17894327778592223,0.1480594796370353
1,5,14,True,0,Benign,1,BruteForce,0.3820724312785663,0.03637180318428747,0.09103057403818236
1,5,14,True,0,Benign,2,DDoS,0.07527178200233448,0.0471366162410738,0.13501037934870694
1,5,14,True,0,Benign,3,DoS,0.07784448671945668,0.07693166124930798,0.08956857574426136
1,5,14,True,0,Benign,4,Mirai,0.08828962195182219,0.15076796678172683,0.15442565169066882
1,5,14,True,0,Benign,5,Recon,0.10730091270834487,0.2005522548367446,0.16030056009055077
1,5,14,True,0,Benign,6,Spoofing,0.06730191298332214,0.18846296149721314,0.031531698583245976
1,5,14,True,0,Benign,7,Web-Based,0.10165598668425105,0.12083345842372378,0.19007308086734842
1,5,14,True,1,BruteForce,0,Benign,0.10323312873008295,0.19155354975686884,0.15016749450818784
1,5,14,True,1,BruteForce,1,BruteForce,0.43114810624543515,0.04715243889175867,0.11283321346819068
1,5,14,True,1,BruteForce,2,DDoS,0.0624598189439167,0.03959295936828813,0.09277722713760264
1,5,14,True,1,BruteForce,3,DoS,0.05025240702902848,0.045801242124436495,0.04227046551479721
1,5,14,True,1,BruteForce,4,Mirai,0.06969062107454113,0.1417876964770248,0.1726806064477769
1,5,14,True,1,BruteForce,5,Recon,0.10840946094771216,0.18416280818136987,0.15484809839740113
1,5,14,True,1,BruteForce,6,Spoofing,0.06331324870399406,0.19291428226655288,0.03177492365119014
1,5,14,True,1,BruteForce,7,Web-Based,0.11149320832528943,0.15703502293370034,0.24264797087485346
1,5,14,True,2,DDoS,0,Benign,0.03946935840673708,0.04796071480786089,0.05504383470168419
1,5,14,True,2,DDoS,1,BruteForce,0.14811177253890187,0.03264726697945592,0.04343006115053119
1,5,14,True,2,DDoS,2,DDoS,0.1965447536689471,0.6047228000220528,0.6399708418223041
1,5,14,True,2,DDoS,3,DoS,0.433945009676185,0.09081448907660578,0.049627131916077385
1,5,14,True,2,DDoS,4,Mirai,0.05542063006812972,0.0738083369079688,0.06286634217661555
1,5,14,True,2,DDoS,5,Recon,0.04762766003990163,0.06448102907301245,0.059088950315579924
1,5,14,True,2,DDoS,6,Spoofing,0.030853158528833732,0.04836695847016694,0.016241914274441712
1,5,14,True,2,DDoS,7,Web-Based,0.04802765707236389,0.037198404662876335,0.07373092364276607
1,5,14,True,3,DoS,0,Benign,0.031203792465922826,0.03916822085938412,0.036745108652393624
1,5,14,True,3,DoS,1,BruteForce,0.11319887815629333,0.02611409625810935,0.04923689543867314
1,5,14,True,3,DoS,2,DDoS,0.13151998160184294,0.16115271308022683,0.2189361691991132
1,5,14,True,3,DoS,3,DoS,0.3293630865106268,0.5045648766593429,0.4824966946835219
1,5,14,True,3,DoS,4,Mirai,0.2490532934173354,0.1256348314752622,0.06901901062078761
1,5,14,True,3,DoS,5,Recon,0.044501415639930514,0.04107709104121461,0.05468298899091042
1,5,14,True,3,DoS,6,Spoofing,0.036856883871525505,0.06360255681383538,0.018572282182331694
1,5,14,True,3,DoS,7,Web-Based,0.06430266833652276,0.03868561381262471,0.07031085023226843
1,5,14,True,4,Mirai,0,Benign,0.09122966915574678,0.1790610527669489,0.14558260732719783
1,5,14,True,4,Mirai,1,BruteForce,0.37960567478464674,0.04035596305722724,0.10089984082769843
1,5,14,True,4,Mirai,2,DDoS,0.07637784862158041,0.048333192750160625,0.132365923533683
1,5,14,True,4,Mirai,3,DoS,0.07840251814149923,0.08178645006025642,0.07981239993660168
1,5,14,True,4,Mirai,4,Mirai,0.11438452744699136,0.2247124326963548,0.1897777612426273
1,5,14,True,4,Mirai,5,Recon,0.09639806856589743,0.12927482806754553,0.12823493531298275
1,5,14,True,4,Mirai,6,Spoofing,0.06034543852750929,0.18251407381848392,0.03008714133987326
1,5,14,True,4,Mirai,7,Web-Based,0.10325625475612883,0.11396200678302253,0.1932393904793358
1,5,14,True,5,Recon,0,Benign,0.10089085866786078,0.17875015992760784,0.14467575747633607
1,5,14,True,5,Recon,1,BruteForce,0.42398545952984407,0.044880395911991305,0.1141463146584827
1,5,14,True,5,Recon,2,DDoS,0.06230899564488691,0.03694190147035861,0.09065836586990135
1,5,14,True,5,Recon,3,DoS,0.05124693159105442,0.0461070837125165,0.0434782976751668
1,5,14,True,5,Recon,4,Mirai,0.06802483126954116,0.12229495905340343,0.16795692760821904
1,5,14,True,5,Recon,5,Recon,0.1195187486505321,0.23233408671422218,0.16936905507596675
1,5,14,True,5,Recon,6,Spoofing,0.06386362315423563,0.181196180632078,0.03200187725743563
1,5,14,True,5,Recon,7,Web-Based,0.11016055149204494,0.15749523257782225,0.2377134043784918
1,5,14,True,6,Spoofing,0,Benign,0.10515816687242009,0.17529741817309683,0.15515672168342898
1,5,14,True,6,Spoofing,1,BruteForce,0.3983804351490476,0.037187086270898985,0.09402456146783492
1,5,14,True,6,Spoofing,2,DDoS,0.058535019878784886,0.0357752216032882,0.08721759719181094
1,5,14,True,6,Spoofing,3,DoS,0.05384078917490356,0.05227967372082189,0.07751984771762219
1,5,14,True,6,Spoofing,4,Mirai,0.08482710794043564,0.13784850975432217,0.15508192804945162
1,5,14,True,6,Spoofing,5,Recon,0.11684163453106759,0.2097760349337413,0.17753370357063722
1,5,14,True,6,Spoofing,6,Spoofing,0.0738736461878893,0.22103227199627665,0.03393015712444098
1,5,14,True,6,Spoofing,7,Web-Based,0.10854320026545147,0.1308037835475539,0.21953548319477323
1,5,14,True,7,Web-Based,0,Benign,0.1034942031181535,0.20128322814201183,0.16189355912712247
1,5,14,True,7,Web-Based,1,BruteForce,0.41219531916474383,0.03998712291565763,0.10210076203622208
1,5,14,True,7,Web-Based,2,DDoS,0.062209005176132544,0.04123134312064929,0.10510760822241653
1,5,14,True,7,Web-Based,3,DoS,0.05772599016924009,0.04975245129577414,0.046255614517100856
1,5,14,True,7,Web-Based,4,Mirai,0.08078310654152272,0.16133958295909348,0.17585135880458092
1,5,14,True,7,Web-Based,5,Recon,0.11139150450878789,0.1750299979418633,0.15516483640281217
1,5,14,True,7,Web-Based,6,Spoofing,0.06547918711446839,0.19405386175108646,0.032388845509535816
1,5,14,True,7,Web-Based,7,Web-Based,0.10672168420695105,0.13732241187386388,0.22123741538020916
1,5,15,True,0,Benign,0,Benign,0.10102630473241096,0.17894327778592223,0.049839407048369984
1,5,15,True,0,Benign,1,BruteForce,0.05860975030249311,0.03637180318428747,0.031952746373506424
1,5,15,True,0,Benign,2,DDoS,0.10051942372377927,0.0471366162410738,0.5022519274526185
1,5,15,True,0,Benign,3,DoS,0.19258817290841546,0.07693166124930798,0.2867873313995385
1,5,15,True,0,Benign,4,Mirai,0.36071676124346025,0.15076796678172683,0.03710599221636177
1,5,15,True,0,Benign,5,Recon,0.03441192869408364,0.2005522548367446,0.023070707372011598
1,5,15,True,0,Benign,6,Spoofing,0.059510178441051054,0.18846296149721314,0.03884810561062139
1,5,15,True,0,Benign,7,Web-Based,0.09261747995430632,0.12083345842372378,0.03014378252697195
1,5,15,True,1,BruteForce,0,Benign,0.10772382275459431,0.19155354975686884,0.05207551206555742
1,5,15,True,1,BruteForce,1,BruteForce,0.0741492092789558,0.04715243889175867,0.033464480183938446
1,5,15,True,1,BruteForce,2,DDoS,0.1123525754927114,0.03959295936828813,0.5329504797880963
1,5,15,True,1,BruteForce,3,DoS,0.1476966028497793,0.045801242124436495,0.2504226473607079
1,5,15,True,1,BruteForce,4,Mirai,0.3433765975435388,0.1417876964770248,0.03849186840165198
1,5,15,True,1,BruteForce,5,Recon,0.030157559640793544,0.18416280818136987,0.02265328635101351
1,5,15,True,1,BruteForce,6,Spoofing,0.06477655368221559,0.19291428226655288,0.03799244616487405
1,5,15,True,1,BruteForce,7,Web-Based,0.11976707875741126,0.15703502293370034,0.0319492796841605
1,5,15,True,2,DDoS,0,Benign,0.0389950734099327,0.04796071480786089,0.037558931196428384
1,5,15,True,2,DDoS,1,BruteForce,0.03497186338449102,0.03264726697945592,0.02688383215724133
1,5,15,True,2,DDoS,2,DDoS,0.3822802554997382,0.6047228000220528,0.7419043758520436
1,5,15,True,2,DDoS,3,DoS,0.29010813936919577,0.09081448907660578,0.10634900120256495
1,5,15,True,2,DDoS,4,Mirai,0.1633298414195826,0.0738083369079688,0.027500291863635604
1,5,15,True,2,DDoS,5,Recon,0.023886953558382638,0.06448102907301245,0.016731122419306972
1,5,15,True,2,DDoS,6,Spoofing,0.02630969455468075,0.04836695847016694,0.021729241659544984
1,5,15,True,2,DDoS,7,Web-Based,0.0401181788039963,0.037198404662876335,0.0213432036492342
1,5,15,True,3,DoS,0,Benign,0.02181947775661711,0.03916822085938412,0.02093062169185039
1,5,15,True,3,DoS,1,BruteForce,0.019060668532590697,0.02611409625810935,0.03937447271880717
1,5,15,True,3,DoS,2,DDoS,0.09151426688850565,0.16115271308022683,0.230983461552189
1,5,15,True,3,DoS,3,DoS,0.4598493300853345,0.5045648766593429,0.6203742998024961
1,5,15,True,3,DoS,4,Mirai,0.3344147173880285,0.1256348314752622,0.02558702906097365
1,5,15,True,3,DoS,5,Recon,0.017508990829410705,0.04107709104121461,0.016732501945439
1,5,15,True,3,DoS,6,Spoofing,0.025059948971198457,0.06360255681383538,0.022870721632670718
1,5,15,True,3,DoS,7,Web-Based,0.03077259954831442,0.03868561381262471,0.02314689159557398
1,5,15,True,4,Mirai,0,Benign,0.09659005132135817,0.1790610527669489,0.04918618415140519
1,5,15,True,4,Mirai,1,BruteForce,0.059521378132730625,0.04035596305722724,0.03309853823094742
1,5,15,True,4,Mirai,2,DDoS,0.106675619592604,0.048333192750160625,0.5135747760258506
1,5,15,True,4,Mirai,3,DoS,0.15299240856786997,0.08178645006025642,0.2778038421421814
1,5,15,True,4,Mirai,4,Mirai,0.4109346657237776,0.2247124326963548,0.039747188923165984
1,5,15,True,4,Mirai,5,Recon,0.023843338965518032,0.12927482806754553,0.018826301336706326
1,5,15,True,4,Mirai,6,Spoofing,0.05850760185659707,0.18251407381848392,0.03737634189122307
1,5,15,True,4,Mirai,7,Web-Based,0.09093493583954444,0.11396200678302253,0.030386827298520075
1,5,15,True,5,Recon,0,Benign,0.10591831158788408,0.17875015992760784,0.05231090400242893
1,5,15,True,5,Recon,1,BruteForce,0.07741307189713158,0.044880395911991305,0.03487046593706778
1,5,15,True,5,Recon,2,DDoS,0.1163808883947224,0.03694190147035861,0.5151354536604092
1,5,15,True,5,Recon,3,DoS,0.15720077852143516,0.0461070837125165,0.26560072345031455
1,5,15,True,5,Recon,4,Mirai,0.3300931571613397,0.12229495905340343,0.0376412932965182
1,5,15,True,5,Recon,5,Recon,0.034244479979490566,0.23233408671422218,0.022822761923066533
1,5,15,True,5,Recon,6,Spoofing,0.0591295239770104,0.181196180632078,0.039236306790337246
1,5,15,True,5,Recon,7,Web-Based,0.11961978848098624,0.15749523257782225,0.03238209093985765
1,5,15,True,6,Spoofing,0,Benign,0.0982414690253698,0.17529741817309683,0.04989348536388863
1,5,15,True,6,Spoofing,1,BruteForce,0.06147343321936669,0.037187086270898985,0.03188649971154166
1,5,15,True,6,Spoofing,2,DDoS,0.09630107967557439,0.0357752216032882,0.48386588385254226
1,5,15,True,6,Spoofing,3,DoS,0.15783169008707396,0.05227967372082189,0.30516149358828903
1,5,15,True,6,Spoofing,4,Mirai,0.3844362114686029,0.13784850975432217,0.03665031104580393
1,5,15,True,6,Spoofing,5,Recon,0.03552305186694309,0.2097760349337413,0.021957736856461973
1,5,15,True,6,Spoofing,6,Spoofing,0.06594007706320329,0.22103227199627665,0.0405992718729204
1,5,15,True,6,Spoofing,7,Web-Based,0.10025298759386587,0.1308037835475539,0.029985317708552225
1,5,15,True,7,Web-Based,0,Benign,0.11874232538391602,0.20128322814201183,0.055652764274874436
1,5,15,True,7,Web-Based,1,BruteForce,0.06840666954536109,0.03998712291565763,0.030874757337916416
1,5,15,True,7,Web-Based,2,DDoS,0.1053504804711174,0.04123134312064929,0.5642708408093295
1,5,15,True,7,Web-Based,3,DoS,0.14918450567697752,0.04975245129577414,0.21004699373683333
1,5,15,True,7,Web-Based,4,Mirai,0.34805312432420316,0.16133958295909348,0.039571216454673305
1,5,15,True,7,Web-Based,5,Recon,0.035624078021218,0.1750299979418633,0.02516263858178125
1,5,15,True,7,Web-Based,6,Spoofing,0.06440311579933802,0.19405386175108646,0.0418851396147757
1,5,15,True,7,Web-Based,7,Web-Based,0.11023570077786889,0.13732241187386388,0.032535649189816065
1,5,16,False,0,Benign,0,Benign,0.5538529910784843,0.17894327778592223,0.5289869720531107
1,5,16,False,0,Benign,1,BruteForce,0.0212847880862554,0.03637180318428747,0.022867332490681114
1,5,16,False,0,Benign,2,DDoS,0.17259089102524286,0.0471366162410738,0.16887718426678153
1,5,16,False,0,Benign,3,DoS,0.025530707741045086,0.07693166124930798,0.051841357131975206
1,5,16,False,0,Benign,4,Mirai,0.015587448550542818,0.15076796678172683,0.01948582065520686
1,5,16,False,0,Benign,5,Recon,0.022445835219894728,0.2005522548367446,0.023208244931691616
1,5,16,False,0,Benign,6,Spoofing,0.11490439103944909,0.18846296149721314,0.1089540888176844
1,5,16,False,0,Benign,7,Web-Based,0.0738029472590857,0.12083345842372378,0.07577899965286862
1,5,16,False,1,BruteForce,0,Benign,0.5524381140781768,0.19155354975686884,0.5744545563340866
1,5,16,False,1,BruteForce,1,BruteForce,0.025844078169420165,0.04715243889175867,0.023981889028737272
1,5,16,False,1,BruteForce,2,DDoS,0.15158734887797803,0.03959295936828813,0.12414438639312116
1,5,16,False,1,BruteForce,3,DoS,0.02007616832260934,0.045801242124436495,0.031614801917984124
1,5,16,False,1,BruteForce,4,Mirai,0.01591390220311813,0.1417876964770248,0.0186004018028425
1,5,16,False,1,BruteForce,5,Recon,0.021648318218912044,0.18416280818136987,0.023643384612350504
1,5,16,False,1,BruteForce,6,Spoofing,0.12290147268197067,0.19291428226655288,0.11807850717401792
1,5,16,False,1,BruteForce,7,Web-Based,0.08959059744781485,0.15703502293370034,0.08548207273686008
1,5,16,False,2,DDoS,0,Benign,0.16723400465969385,0.04796071480786089,0.1741260159576502
1,5,16,False,2,DDoS,1,BruteForce,0.014496977458112764,0.03264726697945592,0.020852015820541595
1,5,16,False,2,DDoS,2,DDoS,0.7084100734431498,0.6047228000220528,0.6737905432890671
1,5,16,False,2,DDoS,3,DoS,0.017479649136874977,0.09081448907660578,0.028548930532557998
1,5,16,False,2,DDoS,4,Mirai,0.009850820079305116,0.0738083369079688,0.014523519766539204
1,5,16,False,2,DDoS,5,Recon,0.010708417170772548,0.06448102907301245,0.012179546227798073
1,5,16,False,2,DDoS,6,Spoofing,0.04020961822928433,0.04836695847016694,0.04110077740829184
1,5,16,False,2,DDoS,7,Web-Based,0.03161043982280677,0.037198404662876335,0.03487865099755404
1,5,16,False,3,DoS,0,Benign,0.10042911000438128,0.03916822085938412,0.14296338459993616
1,5,16,False,3,DoS,1,BruteForce,0.018278697422222438,0.02611409625810935,0.028642659897336577
1,5,16,False,3,DoS,2,DDoS,0.2823746340720469,0.16115271308022683,0.3066166315495205
1,5,16,False,3,DoS,3,DoS,0.49800565816117265,0.5045648766593429,0.39191929596958774
1,5,16,False,3,DoS,4,Mirai,0.010637409769771134,0.1256348314752622,0.017658223094010092
1,5,16,False,3,DoS,5,Recon,0.009255758474736156,0.04107709104121461,0.013790035974995387
1,5,16,False,3,DoS,6,Spoofing,0.052220288468048305,0.06360255681383538,0.05532115693381596
1,5,16,False,3,DoS,7,Web-Based,0.02879844362762115,0.03868561381262471,0.0430886119807976
1,5,16,False,4,Mirai,0,Benign,0.5029385561359646,0.1790610527669489,0.5206070171457508
1,5,16,False,4,Mirai,1,BruteForce,0.023870384066968293,0.04035596305722724,0.023978315131557546
1,5,16,False,4,Mirai,2,DDoS,0.21452794240057657,0.048333192750160625,0.1769630014019333
1,5,16,False,4,Mirai,3,DoS,0.03623881813153165,0.08178645006025642,0.05453570918791254
1,5,16,False,4,Mirai,4,Mirai,0.016766291652586647,0.2247124326963548,0.01941199305439611
1,5,16,False,4,Mirai,5,Recon,0.01932193079670043,0.12927482806754553,0.02135227064962333
1,5,16,False,4,Mirai,6,Spoofing,0.1131223375852992,0.18251407381848392,0.1063665389238147
1,5,16,False,4,Mirai,7,Web-Based,0.07321373923037258,0.11396200678302253,0.07678515450501171
1,5,16,False,5,Recon,0,Benign,0.5487550670255482,0.17875015992760784,0.5716181821311552
1,5,16,False,5,Recon,1,BruteForce,0.025998213614980035,0.044880395911991305,0.024593033053676886
1,5,16,False,5,Recon,2,DDoS,0.14463649014320368,0.03694190147035861,0.12484120043291991
1,5,16,False,5,Recon,3,DoS,0.02155631017669804,0.0461070837125165,0.03375637061389429
1,5,16,False,5,Recon,4,Mirai,0.015496736488757108,0.12229495905340343,0.01840659021605707
1,5,16,False,5,Recon,5,Recon,0.030839470639347413,0.23233408671422218,0.02445099893113418
1,5,16,False,5,Recon,6,Spoofing,0.12044338132243555,0.181196180632078,0.1158587790935409
1,5,16,False,5,Recon,7,Web-Based,0.09227433058903012,0.15749523257782225,0.08647484552762154
1,5,16,False,6,Spoofing,0,Benign,0.5769009415912545,0.17529741817309683,0.5684098316127797
1,5,16,False,6,Spoofing,1,BruteForce,0.021848424096162004,0.037187086270898985,0.022899105575981814
1,5,16,False,6,Spoofing,2,DDoS,0.12943222264482285,0.0357752216032882,0.11984449504853653
1,5,16,False,6,Spoofing,3,DoS,0.021423928314110125,0.05227967372082189,0.04571222361566175
1,5,16,False,6,Spoofing,4,Mirai,0.01573748633785332,0.13784850975432217,0.019652787043212223
1,5,16,False,6,Spoofing,5,Recon,0.023667754978275734,0.2097760349337413,0.02456865175624679
1,5,16,False,6,Spoofing,6,Spoofing,0.13075886691159336,0.22103227199627665,0.11996086300199292
1,5,16,False,6,Spoofing,7,Web-Based,0.08023037512592807,0.1308037835475539,0.0789520423455883
1,5,16,False,7,Web-Based,0,Benign,0.5679413960369815,0.20128322814201183,0.5714476609725303
1,5,16,False,7,Web-Based,1,BruteForce,0.023388570715479447,0.03998712291565763,0.023310026981546425
1,5,16,False,7,Web-Based,2,DDoS,0.14368274612016443,0.04123134312064929,0.1346747131750776
1,5,16,False,7,Web-Based,3,DoS,0.0206917950557355,0.04975245129577414,0.03355962287673245
1,5,16,False,7,Web-Based,4,Mirai,0.016237727322640096,0.16133958295909348,0.019237949411600824
1,5,16,False,7,Web-Based,5,Recon,0.02237923406186247,0.1750299979418633,0.02394913990804512
1,5,16,False,7,Web-Based,6,Spoofing,0.12009878755390312,0.19405386175108646,0.11199076947497222
1,5,16,False,7,Web-Based,7,Web-Based,0.08557974313323345,0.13732241187386388,0.08183011719949508
1,5,17,True,0,Benign,0,Benign,0.08210430165625078,0.17894327778592223,0.286889015939312
1,5,17,True,0,Benign,1,BruteForce,0.41455661574809516,0.03637180318428747,0.014141176556226539
1,5,17,True,0,Benign,2,DDoS,0.027204886145653744,0.0471366162410738,0.03934222345283236
1,5,17,True,0,Benign,3,DoS,0.05853881862939428,0.07693166124930798,0.07510850393543397
1,5,17,True,0,Benign,4,Mirai,0.19538016801167893,0.15076796678172683,0.4623639116782699
1,5,17,True,0,Benign,5,Recon,0.1598194658135851,0.2005522548367446,0.012580999550135604
1,5,17,True,0,Benign,6,Spoofing,0.017352932402342862,0.18846296149721314,0.01989494697695438
1,5,17,True,0,Benign,7,Web-Based,0.045042811592999145,0.12083345842372378,0.08967922191083538
1,5,17,True,1,BruteForce,0,Benign,0.08256820834692831,0.19155354975686884,0.26788477225842416
1,5,17,True,1,BruteForce,1,BruteForce,0.4391102395013175,0.04715243889175867,0.01355950147760995
1,5,17,True,1,BruteForce,2,DDoS,0.023380135850479624,0.03959295936828813,0.023824451384301438
1,5,17,True,1,BruteForce,3,DoS,0.03128620588450206,0.045801242124436495,0.021147476688527626
1,5,17,True,1,BruteForce,4,Mirai,0.1835364092377079,0.1417876964770248,0.5076466959494363
1,5,17,True,1,BruteForce,5,Recon,0.17122719514196708,0.18416280818136987,0.01194216929091869
1,5,17,True,1,BruteForce,6,Spoofing,0.017748706210454247,0.19291428226655288,0.021224212398854504
1,5,17,True,1,BruteForce,7,Web-Based,0.05114289982664341,0.15703502293370034,0.1327707205519274
1,5,17,True,2,DDoS,0,Benign,0.037220961646707386,0.04796071480786089,0.09965223464425019
1,5,17,True,2,DDoS,1,BruteForce,0.17091087468439445,0.03264726697945592,0.016912555800301876
1,5,17,True,2,DDoS,2,DDoS,0.1996823033062338,0.6047228000220528,0.5916063038604549
1,5,17,True,2,DDoS,3,DoS,0.3444876632286577,0.09081448907660578,0.059647025808189195
1,5,17,True,2,DDoS,4,Mirai,0.12486071246383874,0.0738083369079688,0.16515504529755384
1,5,17,True,2,DDoS,5,Recon,0.08087914250595846,0.06448102907301245,0.010300366663951063
1,5,17,True,2,DDoS,6,Spoofing,0.012711647182996099,0.04836695847016694,0.011752445730340406
1,5,17,True,2,DDoS,7,Web-Based,0.029246694981213305,0.037198404662876335,0.04497402219495862
1,5,17,True,3,DoS,0,Benign,0.028011773310392816,0.03916822085938412,0.05992432340690582
1,5,17,True,3,DoS,1,BruteForce,0.115962558519204,0.02611409625810935,0.02264921063857181
1,5,17,True,3,DoS,2,DDoS,0.05118085205455428,0.16115271308022683,0.09107857185936827
1,5,17,True,3,DoS,3,DoS,0.2911553654217152,0.5045648766593429,0.6004928338303238
1,5,17,True,3,DoS,4,Mirai,0.37411086774312635,0.1256348314752622,0.16149540713187366
1,5,17,True,3,DoS,5,Recon,0.09245202131852591,0.04107709104121461,0.011963184394358726
1,5,17,True,3,DoS,6,Spoofing,0.014446067285591413,0.06360255681383538,0.014793874814484666
1,5,17,True,3,DoS,7,Web-Based,0.03268049434688995,0.03868561381262471,0.037602593924113276
1,5,17,True,4,Mirai,0,Benign,0.0743494718564804,0.1790610527669489,0.24452659773493632
1,5,17,True,4,Mirai,1,BruteForce,0.3853214848152336,0.04035596305722724,0.012452768444411106
1,5,17,True,4,Mirai,2,DDoS,0.02607263557361838,0.048333192750160625,0.02989616356771772
1,5,17,True,4,Mirai,3,DoS,0.048979092000345566,0.08178645006025642,0.03160659118771453
1,5,17,True,4,Mirai,4,Mirai,0.22434534241713924,0.2247124326963548,0.5618601648015825
1,5,17,True,4,Mirai,5,Recon,0.17719594486019152,0.12927482806754553,0.011154268779432132
1,5,17,True,4,Mirai,6,Spoofing,0.017413375352655042,0.18251407381848392,0.01860752929236095
1,5,17,True,4,Mirai,7,Web-Based,0.04632265312433629,0.11396200678302253,0.0898959161918447
1,5,17,True,5,Recon,0,Benign,0.07971666907851643,0.17875015992760784,0.25952094279778837
1,5,17,True,5,Recon,1,BruteForce,0.4328050237270393,0.044880395911991305,0.013930722871897163
1,5,17,True,5,Recon,2,DDoS,0.023773107822428648,0.03694190147035861,0.02460110721417558
1,5,17,True,5,Recon,3,DoS,0.032416324881793315,0.0461070837125165,0.026782891227141448
1,5,17,True,5,Recon,4,Mirai,0.18529536309834055,0.12229495905340343,0.5082181784870103
1,5,17,True,5,Recon,5,Recon,0.17794535591934962,0.23233408671422218,0.011940778991640274
1,5,17,True,5,Recon,6,Spoofing,0.017512431813273513,0.181196180632078,0.02098337634349378
1,5,17,True,5,Recon,7,Web-Based,0.0505357236592587,0.15749523257782225,0.1340220020668531
1,5,17,True,6,Spoofing,0,Benign,0.08728144741441163,0.17529741817309683,0.302606185767156
1,5,17,True,6,Spoofing,1,BruteForce,0.4462277231420555,0.037187086270898985,0.013507241985149722
1,5,17,True,6,Spoofing,2,DDoS,0.024675641255830764,0.0357752216032882,0.025089976437142267
1,5,17,True,6,Spoofing,3,DoS,0.03998704462437117,0.05227967372082189,0.04117615354337931
1,5,17,True,6,Spoofing,4,Mirai,0.17856021946895606,0.13784850975432217,0.48033069048874455
1,5,17,True,6,Spoofing,5,Recon,0.15839758837390167,0.2097760349337413,0.013000229641819839
1,5,17,True,6,Spoofing,6,Spoofing,0.017699111565798446,0.22103227199627665,0.021249318788605573
1,5,17,True,6,Spoofing,7,Web-Based,0.04717122415467473,0.1308037835475539,0.10304020334800273
1,5,17,True,7,Web-Based,0,Benign,0.08339633720631155,0.20128322814201183,0.28968093350244056
1,5,17,True,7,Web-Based,1,BruteForce,0.4314314634791269,0.03998712291565763,0.013761211173983294
1,5,17,True,7,Web-Based,2,DDoS,0.024852117204285682,0.04123134312064929,0.027595103491214332
1,5,17,True,7,Web-Based,3,DoS,0.03810295906628405,0.04975245129577414,0.021580846561655005
1,5,17,True,7,Web-Based,4,Mirai,0.18669582645488383,0.16133958295909348,0.5045295700101171
1,5,17,True,7,Web-Based,5,Recon,0.17001282697909315,0.1750299979418633,0.012630118921325022
1,5,17,True,7,Web-Based,6,Spoofing,0.0176114171708041,0.19405386175108646,0.020622524472812886
1,5,17,True,7,Web-Based,7,Web-Based,0.04789705243921081,0.13732241187386388,0.10959969186645173
1,5,18,True,0,Benign,0,Benign,0.055897374207147875,0.17894327778592223,0.06003669693124527
1,5,18,True,0,Benign,1,BruteForce,0.14398513069908705,0.03637180318428747,0.015925282420627428
1,5,18,True,0,Benign,2,DDoS,0.10878466367467808,0.0471366162410738,0.1752512081883567
1,5,18,True,0,Benign,3,DoS,0.07962276329698287,0.07693166124930798,0.05925209115095998
1,5,18,True,0,Benign,4,Mirai,0.1018294039902321,0.15076796678172683,0.2680656923199855
1,5,18,True,0,Benign,5,Recon,0.16008780402695483,0.2005522548367446,0.10830681306316478
1,5,18,True,0,Benign,6,Spoofing,0.0821797009453424,0.18846296149721314,0.1953149492678493
1,5,18,True,0,Benign,7,Web-Based,0.2676131591595748,0.12083345842372378,0.11784726665781116
1,5,18,True,1,BruteForce,0,Benign,0.05841921531887675,0.19155354975686884,0.05985143394031293
1,5,18,True,1,BruteForce,1,BruteForce,0.16343034607020482,0.04715243889175867,0.015592786599150038
1,5,18,True,1,BruteForce,2,DDoS,0.08227126103829628,0.03959295936828813,0.1289359280752761
1,5,18,True,1,BruteForce,3,DoS,0.056163269942910994,0.045801242124436495,0.02215712225230054
1,5,18,True,1,BruteForce,4,Mirai,0.09797534716188516,0.1417876964770248,0.317016468517998
1,5,18,True,1,BruteForce,5,Recon,0.17894685326762486,0.18416280818136987,0.11847456578080608
1,5,18,True,1,BruteForce,6,Spoofing,0.08401204354940667,0.19291428226655288,0.18611693944709506
1,5,18,True,1,BruteForce,7,Web-Based,0.27878166365079443,0.15703502293370034,0.15185475538706122
1,5,18,True,2,DDoS,0,Benign,0.026494314779532315,0.04796071480786089,0.029062631855855094
1,5,18,True,2,DDoS,1,BruteForce,0.06998189758433758,0.03264726697945592,0.016288194304989984
1,5,18,True,2,DDoS,2,DDoS,0.26573934224289825,0.6047228000220528,0.6648201106739219
1,5,18,True,2,DDoS,3,DoS,0.3826595946635148,0.09081448907660578,0.034976272066712825
1,5,18,True,2,DDoS,4,Mirai,0.05341685797565366,0.0738083369079688,0.096397978138924
1,5,18,True,2,DDoS,5,Recon,0.06384015645543938,0.06448102907301245,0.05429758367867338
1,5,18,True,2,DDoS,6,Spoofing,0.03527508332280547,0.04836695847016694,0.056696095005218945
1,5,18,True,2,DDoS,7,Web-Based,0.10259275297581848,0.037198404662876335,0.047461134275703955
1,5,18,True,3,DoS,0,Benign,0.023027005088256475,0.03916822085938412,0.02066310555668643
1,5,18,True,3,DoS,1,BruteForce,0.055254027311047095,0.02611409625810935,0.023275818268509742
1,5,18,True,3,DoS,2,DDoS,0.1970582196900492,0.16115271308022683,0.258822317646216
1,5,18,True,3,DoS,3,DoS,0.28301765983515126,0.5045648766593429,0.4234930144571863
1,5,18,True,3,DoS,4,Mirai,0.19028945150072243,0.1256348314752622,0.09426692062515364
1,5,18,True,3,DoS,5,Recon,0.0640575265838172,0.04107709104121461,0.039583359254818457
1,5,18,True,3,DoS,6,Spoofing,0.043213382767799714,0.06360255681383538,0.08592159588391285
1,5,18,True,3,DoS,7,Web-Based,0.1440827272231566,0.03868561381262471,0.05397386830751663
1,5,18,True,4,Mirai,0,Benign,0.051948360997742006,0.1790610527669489,0.05628407963491555
1,5,18,True,4,Mirai,1,BruteForce,0.14616138228757114,0.04035596305722724,0.01544059660104304
1,5,18,True,4,Mirai,2,DDoS,0.10142299231818074,0.048333192750160625,0.15448560210473708
1,5,18,True,4,Mirai,3,DoS,0.07899817282812986,0.08178645006025642,0.04912073475735243
1,5,18,True,4,Mirai,4,Mirai,0.1213195837741725,0.2247124326963548,0.3346982396821286
1,5,18,True,4,Mirai,5,Recon,0.16005003503504409,0.12927482806754553,0.09483282830803735
1,5,18,True,4,Mirai,6,Spoofing,0.07696676468115206,0.18251407381848392,0.17399327749416404
1,5,18,True,4,Mirai,7,Web-Based,0.26313270807800765,0.11396200678302253,0.12114464141762199
1,5,18,True,5,Recon,0,Benign,0.057399610375813516,0.17875015992760784,0.05812312447001411
1,5,18,True,5,Recon,1,BruteForce,0.1605103358615413,0.044880395911991305,0.015691333544148797
1,5,18,True,5,Recon,2,DDoS,0.08139902226656633,0.03694190147035861,0.122115431082052
1,5,18,True,5,Recon,3,DoS,0.05605683180738292,0.0461070837125165,0.022574914676715394
1,5,18,True,5,Recon,4,Mirai,0.09700939102746846,0.12229495905340343,0.3151549157088511
1,5,18,True,5,Recon,5,Recon,0.19163719746919217,0.23233408671422218,0.13887600447012433
1,5,18,True,5,Recon,6,Spoofing,0.08354187711714582,0.181196180632078,0.17694869786890408
1,5,18,True,5,Recon,7,Web-Based,0.27244573407488953,0.15749523257782225,0.15051557817919023
1,5,18,True,6,Spoofing,0,Benign,0.05813638251913031,0.17529741817309683,0.06170834865848539
1,5,18,True,6,Spoofing,1,BruteForce,0.14713789070110553,0.037187086270898985,0.015800834351637857
1,5,18,True,6,Spoofing,2,DDoS,0.07950150314226906,0.0357752216032882,0.1232908717829644
1,5,18,True,6,Spoofing,3,DoS,0.05758161367115117,0.05227967372082189,0.04271692378464614
1,5,18,True,6,Spoofing,4,Mirai,0.10341215624293003,0.13784850975432217,0.2729913861731602
1,5,18,True,6,Spoofing,5,Recon,0.17401157385652724,0.2097760349337413,0.11501973307918247
1,5,18,True,6,Spoofing,6,Spoofing,0.09094223519693227,0.22103227199627665,0.23591856384237125
1,5,18,True,6,Spoofing,7,Web-Based,0.2892766446699544,0.1308037835475539,0.13255333832755234
1,5,18,True,7,Web-Based,0,Benign,0.059122824569571,0.20128322814201183,0.06290869206457517
1,5,18,True,7,Web-Based,1,BruteForce,0.15719479339242973,0.03998712291565763,0.015319260554912553
1,5,18,True,7,Web-Based,2,DDoS,0.08552654715682585,0.04123134312064929,0.14188922350994165
1,5,18,True,7,Web-Based,3,DoS,0.0623384478307176,0.04975245129577414,0.02459099334319162
1,5,18,True,7,Web-Based,4,Mirai,0.10163015760467412,0.16133958295909348,0.31275061179402036
1,5,18,True,7,Web-Based,5,Recon,0.18100068953372087,0.1750299979418633,0.11708161224186986
1,5,18,True,7,Web-Based,6,Spoofing,0.08292781972451005,0.19405386175108646,0.1881912653758733
1,5,18,True,7,Web-Based,7,Web-Based,0.2702587201875509,0.13732241187386388,0.13726834111561545
1,5,19,False,0,Benign,0,Benign,0.09532868972279156,0.17894327778592223,0.08823387665806656
1,5,19,False,0,Benign,1,BruteForce,0.0125683040130827,0.03637180318428747,0.01888932090882132
1,5,19,False,0,Benign,2,DDoS,0.18774055078075455,0.0471366162410738,0.2429632693628746
1,5,19,False,0,Benign,3,DoS,0.052580412140412265,0.07693166124930798,0.08348141086570714
1,5,19,False,0,Benign,4,Mirai,0.015772035440237735,0.15076796678172683,0.019610591700312093
1,5,19,False,0,Benign,5,Recon,0.13742511831115026,0.2005522548367446,0.17813600008336025
1,5,19,False,0,Benign,6,Spoofing,0.48344150316968965,0.18846296149721314,0.3497237577388485
1,5,19,False,0,Benign,7,Web-Based,0.01514338642188138,0.12083345842372378,0.018961772682009412
1,5,19,False,1,BruteForce,0,Benign,0.10084912942544372,0.19155354975686884,0.09913790567731263
1,5,19,False,1,BruteForce,1,BruteForce,0.012813491013914838,0.04715243889175867,0.018064839186361405
1,5,19,False,1,BruteForce,2,DDoS,0.17459597848736053,0.03959295936828813,0.20349844104536582
1,5,19,False,1,BruteForce,3,DoS,0.019446250155410457,0.045801242124436495,0.02784390523462867
1,5,19,False,1,BruteForce,4,Mirai,0.016094486995236107,0.1417876964770248,0.01950739318485699
1,5,19,False,1,BruteForce,5,Recon,0.126028756804033,0.18416280818136987,0.2187069857341637
1,5,19,False,1,BruteForce,6,Spoofing,0.5346167046091821,0.19291428226655288,0.3939871007678026
1,5,19,False,1,BruteForce,7,Web-Based,0.015555202509419259,0.15703502293370034,0.019253429169508115
1,5,19,False,2,DDoS,0,Benign,0.03081386060428862,0.04796071480786089,0.03767276258733159
1,5,19,False,2,DDoS,1,BruteForce,0.00946221663281649,0.03264726697945592,0.016056824115162807
1,5,19,False,2,DDoS,2,DDoS,0.7164360287233742,0.6047228000220528,0.6882905537192153
1,5,19,False,2,DDoS,3,DoS,0.035369487909726285,0.09081448907660578,0.048163516725315256
1,5,19,False,2,DDoS,4,Mirai,0.0101272402444118,0.0738083369079688,0.016534657503638764
1,5,19,False,2,DDoS,5,Recon,0.06463817252353374,0.06448102907301245,0.07958947246139361
1,5,19,False,2,DDoS,6,Spoofing,0.1260943468271958,0.04836695847016694,0.10282389900793108
1,5,19,False,2,DDoS,7,Web-Based,0.007058646534653134,0.037198404662876335,0.010868313880011578
1,5,19,False,3,DoS,0,Benign,0.013924175914767117,0.03916822085938412,0.020026217259025727
1,5,19,False,3,DoS,1,BruteForce,0.0141921474587065,0.02611409625810935,0.025034336214780212
1,5,19,False,3,DoS,2,DDoS,0.19775150786047843,0.16115271308022683,0.20879855364634697
1,5,19,False,3,DoS,3,DoS,0.6641684950249958,0.5045648766593429,0.5733914465592493
1,5,19,False,3,DoS,4,Mirai,0.009061160703927955,0.1256348314752622,0.015936369513321242
1,5,19,False,3,DoS,5,Recon,0.027865359985073657,0.04107709104121461,0.0464978550774566
1,5,19,False,3,DoS,6,Spoofing,0.06657741819551141,0.06360255681383538,0.09841889403122607
1,5,19,False,3,DoS,7,Web-Based,0.006459734856539252,0.03868561381262471,0.011896327698594002
1,5,19,False,4,Mirai,0,Benign,0.09062812276135063,0.1790610527669489,0.09167101573892925
1,5,19,False,4,Mirai,1,BruteForce,0.013108924950112998,0.04035596305722724,0.019798226119701657
1,5,19,False,4,Mirai,2,DDoS,0.25532800051275967,0.048333192750160625,0.2596567372868506
1,5,19,False,4,Mirai,3,DoS,0.05187463774895688,0.08178645006025642,0.07104045203391178
1,5,19,False,4,Mirai,4,Mirai,0.018361657233880443,0.2247124326963548,0.021280885764181936
1,5,19,False,4,Mirai,5,Recon,0.1023478648723977,0.12927482806754553,0.16300272388462222
1,5,19,False,4,Mirai,6,Spoofing,0.45380640562924374,0.18251407381848392,0.35435016413821613
1,5,19,False,4,Mirai,7,Web-Based,0.014544386291297902,0.11396200678302253,0.019199795033586476
1,5,19,False,5,Recon,0,Benign,0.10005696499270754,0.17875015992760784,0.09760074570728806
1,5,19,False,5,Recon,1,BruteForce,0.012314208721942147,0.044880395911991305,0.01785633303978797
1,5,19,False,5,Recon,2,DDoS,0.16823284537493677,0.03694190147035861,0.1952643830935358
1,5,19,False,5,Recon,3,DoS,0.02046113837050296,0.0461070837125165,0.02951280555912488
1,5,19,False,5,Recon,4,Mirai,0.014670997550623918,0.12229495905340343,0.019269203289343086
1,5,19,False,5,Recon,5,Recon,0.18445459843399328,0.23233408671422218,0.24910730652688962
1,5,19,False,5,Recon,6,Spoofing,0.48455094448350916,0.181196180632078,0.37247809202891285
1,5,19,False,5,Recon,7,Web-Based,0.015258302071784304,0.15749523257782225,0.018911130755117668
1,5,19,False,6,Spoofing,0,Benign,0.09791260478159033,0.17529741817309683,0.09459257177217283
1,5,19,False,6,Spoofing,1,BruteForce,0.011503830341254783,0.037187086270898985,0.018608910498152272
1,5,19,False,6,Spoofing,2,DDoS,0.13983956640811535,0.0357752216032882,0.18479530680509787
1,5,19,False,6,Spoofing,3,DoS,0.03573493459512646,0.05227967372082189,0.06258030746707754
1,5,19,False,6,Spoofing,4,Mirai,0.01512948958613208,0.13784850975432217,0.01943747529338753
1,5,19,False,6,Spoofing,5,Recon,0.1559169117694419,0.2097760349337413,0.19519971533553404
1,5,19,False,6,Spoofing,6,Spoofing,0.5291521472350861,0.22103227199627665,0.405441605634872
1,5,19,False,6,Spoofing,7,Web-Based,0.014810515283253113,0.1308037835475539,0.01934410719370588
1,5,19,False,7,Web-Based,0,Benign,0.10504936535286664,0.20128322814201183,0.1007990821887821
1,5,19,False,7,Web-Based,1,BruteForce,0.012001269943949143,0.03998712291565763,0.018501421292924862
1,5,19,False,7,Web-Based,2,DDoS,0.17968293110157452,0.04123134312064929,0.2250672477616476
1,5,19,False,7,Web-Based,3,DoS,0.028020940301818984,0.04975245129577414,0.03364515979787337
1,5,19,False,7,Web-Based,4,Mirai,0.01598307027368236,0.16133958295909348,0.019942477727555873
1,5,19,False,7,Web-Based,5,Recon,0.1439009112672107,0.1750299979418633,0.2106561159097662
1,5,19,False,7,Web-Based,6,Spoofing,0.49961743194052766,0.19405386175108646,0.37142243101012146
1,5,19,False,7,Web-Based,7,Web-Based,0.015744079818370053,0.13732241187386388,0.01996606431132858
2,6,0,False,0,Benign,0,Benign,0.27905524132237225,0.17706497512208286,0.26278178160925625
2,6,0,False,0,Benign,1,BruteForce,0.09023320588065675,0.03843549745294944,0.05988172549568824
2,6,0,False,0,Benign,2,DDoS,0.009152605189962824,0.04395231947741938,0.017071578120114936
2,6,0,False,0,Benign,3,DoS,0.1485874049106819,0.08624595637014738,0.1844970353632558
2,6,0,False,0,Benign,4,Mirai,0.29208060881841685,0.1469705120465414,0.2918442271356306
2,6,0,False,0,Benign,5,Recon,0.13807372113531163,0.2056499648495477,0.14228985307871034
2,6,0,False,0,Benign,6,Spoofing,0.0228307546601759,0.1965394118775018,0.020855983251581833
2,6,0,False,0,Benign,7,Web-Based,0.019986458082421964,0.10514136280381013,0.020777815945762
2,6,0,False,1,BruteForce,0,Benign,0.23618873237296356,0.18104564267459525,0.2656430290659468
2,6,0,False,1,BruteForce,1,BruteForce,0.17235419612270264,0.050645218466150714,0.08753372719811156
2,6,0,False,1,BruteForce,2,DDoS,0.010250089943337114,0.036705403244204335,0.012764178493417473
2,6,0,False,1,BruteForce,3,DoS,0.06394810176154328,0.04146995659648799,0.07678476689708104
2,6,0,False,1,BruteForce,4,Mirai,0.3318260111232483,0.1489523944396415,0.3325634123379524
2,6,0,False,1,BruteForce,5,Recon,0.13273167905206715,0.20618372466430127,0.17508103946245743
2,6,0,False,1,BruteForce,6,Spoofing,0.023445144492445398,0.1964000932790449,0.022715882767572422
2,6,0,False,1,BruteForce,7,Web-Based,0.029256045131692623,0.13859756663557407,0.026913963777460977
2,6,0,False,2,DDoS,0,Benign,0.07112032338158868,0.043299480749725276,0.10478185413533818
2,6,0,False,2,DDoS,1,BruteForce,0.03269594404468893,0.03272986261828993,0.03363773507810239
2,6,0,False,2,DDoS,2,DDoS,0.5792369483583906,0.5980557967717731,0.4555644832146435
2,6,0,False,2,DDoS,3,DoS,0.10959604903514074,0.10728933004432777,0.16267828503382503
2,6,0,False,2,DDoS,4,Mirai,0.127638132105069,0.07216749670052464,0.13805545173557351
2,6,0,False,2,DDoS,5,Recon,0.059582441714641075,0.06520293274226857,0.07114814746332884
2,6,0,False,2,DDoS,6,Spoofing,0.009686101780072998,0.04762810961943107,0.014144695575032938
2,6,0,False,2,DDoS,7,Web-Based,0.010444059580408054,0.03362699075365963,0.019989347764155587
2,6,0,False,3,DoS,0,Benign,0.020421637951703334,0.032538412405145385,0.031183219318431078
2,6,0,False,3,DoS,1,BruteForce,0.016216360221796518,0.02471887235035188,0.016828722475000998
2,6,0,False,3,DoS,2,DDoS,0.02330831793780394,0.14451098983732338,0.02177625241987036
2,6,0,False,3,DoS,3,DoS,0.8885103997116736,0.5543519414475225,0.8446218761534362
2,6,0,False,3,DoS,4,Mirai,0.024641639692109907,0.11396686696062497,0.0431461770917808
2,6,0,False,3,DoS,5,Recon,0.017399557198880977,0.040612610851682614,0.026358258254224377
2,6,0,False,3,DoS,6,Spoofing,0.005432120471578445,0.06081965175158244,0.00856158772017071
2,6,0,False,3,DoS,7,Web-Based,0.004069966814453165,0.02848065439576678,0.007523906567085566
2,6,0,False,4,Mirai,0,Benign,0.22883863989235442,0.17784806038602718,0.25716740971373475
2,6,0,False,4,Mirai,1,BruteForce,0.08469641507399096,0.04398599027509904,0.06214343396007815
2,6,0,False,4,Mirai,2,DDoS,0.011201813194180704,0.04478304468574093,0.01386823720359379
2,6,0,False,4,Mirai,3,DoS,0.07371286205578753,0.08157867019463576,0.149772069756984
2,6,0,False,4,Mirai,4,Mirai,0.4873493819033725,0.22030504442577087,0.3716587945662579
2,6,0,False,4,Mirai,5,Recon,0.07410741333039374,0.1333196663224708,0.10328053476161966
2,6,0,False,4,Mirai,6,Spoofing,0.022972719569427143,0.19209299438201666,0.02136984537726492
2,6,0,False,4,Mirai,7,Web-Based,0.017120754980493046,0.10608652932823875,0.020739674660466896
2,6,0,False,5,Recon,0,Benign,0.2141830861179658,0.16575431503784688,0.24724985801781527
2,6,0,False,5,Recon,1,BruteForce,0.15203106528186833,0.047452856929540696,0.0851020256366411
2,6,0,False,5,Recon,2,DDoS,0.009539742905675814,0.035765047830120945,0.012058303129683059
2,6,0,False,5,Recon,3,DoS,0.08771727719811791,0.04230172861077731,0.0998195894281689
2,6,0,False,5,Recon,4,Mirai,0.27012695973434553,0.1319786808492634,0.3057203541264973
2,6,0,False,5,Recon,5,Recon,0.21403031206988074,0.2594368281265352,0.20288978965026663
2,6,0,False,5,Recon,6,Spoofing,0.022400217490746777,0.18188250829378205,0.021513182207612613
2,6,0,False,5,Recon,7,Web-Based,0.029971339201399064,0.1354280343221335,0.025646897803315197
2,6,0,False,6,Spoofing,0,Benign,0.2692184524218051,0.172567360049891,0.27290338038420653
2,6,0,False,6,Spoofing,1,BruteForce,0.11245990717224845,0.0401556188382254,0.06470870055203756
2,6,0,False,6,Spoofing,2,DDoS,0.008956703371650864,0.03654558185499114,0.012183481902706246
2,6,0,False,6,Spoofing,3,DoS,0.09058541180951978,0.05884379260807337,0.14846015901941642
2,6,0,False,6,Spoofing,4,Mirai,0.3026230098654793,0.14329813647794917,0.2955883962719409
2,6,0,False,6,Spoofing,5,Recon,0.1624642467045454,0.20931576415171893,0.16073231861293877
2,6,0,False,6,Spoofing,6,Spoofing,0.02871003580261386,0.22095346905075328,0.022702443629196753
2,6,0,False,6,Spoofing,7,Web-Based,0.02498223285213717,0.11832027696839771,0.02272111962755682
2,6,0,False,7,Web-Based,0,Benign,0.2654787583921394,0.20218633704722816,0.2828623583119801
2,6,0,False,7,Web-Based,1,BruteForce,0.09900750873989152,0.042859517761456974,0.06785994904824477
2,6,0,False,7,Web-Based,2,DDoS,0.010663138090315025,0.03876320011236361,0.014249287961015595
2,6,0,False,7,Web-Based,3,DoS,0.07074388435440108,0.049507371620056785,0.10621673236144319
2,6,0,False,7,Web-Based,4,Mirai,0.3852044915768301,0.1566262611631081,0.34482029681020887
2,6,0,False,7,Web-Based,5,Recon,0.12147542413900463,0.18787560485868154,0.13843233178161277
2,6,0,False,7,Web-Based,6,Spoofing,0.025043449157428514,0.19787895058532637,0.022295377231029485
2,6,0,False,7,Web-Based,7,Web-Based,0.022383345549989817,0.12430275685177844,0.023263666494465214
2,6,1,True,0,Benign,0,Benign,0.013092640696372624,0.17706497512208286,0.013568399554844724
2,6,1,True,0,Benign,1,BruteForce,0.008835243173476642,0.03843549745294944,0.008605934639372665
2,6,1,True,0,Benign,2,DDoS,0.02403635883924863,0.04395231947741938,0.07444771125811747
2,6,1,True,0,Benign,3,DoS,0.0371630857929815,0.08624595637014738,0.018250106949369942
2,6,1,True,0,Benign,4,Mirai,0.04632355567141834,0.1469705120465414,0.10807574100270502
2,6,1,True,0,Benign,5,Recon,0.12753417296749336,0.2056499648495477,0.2907260211972004
2,6,1,True,0,Benign,6,Spoofing,0.26381320896049676,0.1965394118775018,0.47608512375763967
2,6,1,True,0,Benign,7,Web-Based,0.479201733898512,0.10514136280381013,0.010240961640750088
2,6,1,True,1,BruteForce,0,Benign,0.012924418243380456,0.18104564267459525,0.012838263384921755
2,6,1,True,1,BruteForce,1,BruteForce,0.008933166452980397,0.050645218466150714,0.008322975190072216
2,6,1,True,1,BruteForce,2,DDoS,0.013171520840631881,0.036705403244204335,0.0486947483017159
2,6,1,True,1,BruteForce,3,DoS,0.017769647604141518,0.04146995659648799,0.011921294151150431
2,6,1,True,1,BruteForce,4,Mirai,0.03861781645463543,0.1489523944396415,0.1105990736221884
2,6,1,True,1,BruteForce,5,Recon,0.14219202183800408,0.20618372466430127,0.29782863486713473
2,6,1,True,1,BruteForce,6,Spoofing,0.2857594606733476,0.1964000932790449,0.5004098369481974
2,6,1,True,1,BruteForce,7,Web-Based,0.4806319478928786,0.13859756663557407,0.00938517353461923
2,6,1,True,2,DDoS,0,Benign,0.010652375369529631,0.043299480749725276,0.010789170177697706
2,6,1,True,2,DDoS,1,BruteForce,0.014147368171061223,0.03272986261828993,0.008010163860307824
2,6,1,True,2,DDoS,2,DDoS,0.3102694364718902,0.5980557967717731,0.6681850151860528
2,6,1,True,2,DDoS,3,DoS,0.32199237131449066,0.10728933004432777,0.02380207038049753
2,6,1,True,2,DDoS,4,Mirai,0.03569705300153208,0.07216749670052464,0.04539266732934675
2,6,1,True,2,DDoS,5,Recon,0.060881540200377664,0.06520293274226857,0.10933311795857123
2,6,1,True,2,DDoS,6,Spoofing,0.09172231206912274,0.04762810961943107,0.12801525908105618
2,6,1,True,2,DDoS,7,Web-Based,0.15463754340199581,0.03362699075365963,0.006472536026470069
2,6,1,True,3,DoS,0,Benign,0.011552338541327258,0.032538412405145385,0.010252218338446022
2,6,1,True,3,DoS,1,BruteForce,0.011644606944503234,0.02471887235035188,0.015216404503898918
2,6,1,True,3,DoS,2,DDoS,0.10729146790372233,0.14451098983732338,0.17155529533872457
2,6,1,True,3,DoS,3,DoS,0.27047578914021503,0.5543519414475225,0.5166624340617575
2,6,1,True,3,DoS,4,Mirai,0.23898035962530484,0.11396686696062497,0.050020635236841596
2,6,1,True,3,DoS,5,Recon,0.05416982352975197,0.040612610851682614,0.05898538021733843
2,6,1,True,3,DoS,6,Spoofing,0.08695885321085738,0.06081965175158244,0.16568625965394038
2,6,1,True,3,DoS,7,Web-Based,0.21892676110431794,0.02848065439576678,0.011621372649052655
2,6,1,True,4,Mirai,0,Benign,0.012394967634537294,0.17784806038602718,0.014618137705013036
2,6,1,True,4,Mirai,1,BruteForce,0.008866107725068881,0.04398599027509904,0.009102412497405885
2,6,1,True,4,Mirai,2,DDoS,0.022583220458641633,0.04478304468574093,0.08760477884375821
2,6,1,True,4,Mirai,3,DoS,0.04103190813852548,0.08157867019463576,0.02267124101393727
2,6,1,True,4,Mirai,4,Mirai,0.06252156606414865,0.22030504442577087,0.15230992245626365
2,6,1,True,4,Mirai,5,Recon,0.11711347882439749,0.1333196663224708,0.21313913990613298
2,6,1,True,4,Mirai,6,Spoofing,0.24210511982957955,0.19209299438201666,0.4892664164272418
2,6,1,True,4,Mirai,7,Web-Based,0.49338363132510105,0.10608652932823875,0.011287951150247227
2,6,1,True,5,Recon,0,Benign,0.012917829778515752,0.16575431503784688,0.011824808752694154
2,6,1,True,5,Recon,1,BruteForce,0.008803826848799347,0.047452856929540696,0.007794146199475564
2,6,1,True,5,Recon,2,DDoS,0.012997626316609738,0.035765047830120945,0.043844228754022566
2,6,1,True,5,Recon,3,DoS,0.017306203478371925,0.04230172861077731,0.011222183207049409
2,6,1,True,5,Recon,4,Mirai,0.03766945896962402,0.1319786808492634,0.10642451725044536
2,6,1,True,5,Recon,5,Recon,0.1666287267729422,0.2594368281265352,0.38581164237960236
2,6,1,True,5,Recon,6,Spoofing,0.2942874347459081,0.18188250829378205,0.42455073847402264
2,6,1,True,5,Recon,7,Web-Based,0.44938889308922886,0.1354280343221335,0.00852773498268801
2,6,1,True,6,Spoofing,0,Benign,0.013247979711442547,0.172567360049891,0.012756547625364765
2,6,1,True,6,Spoofing,1,BruteForce,0.00861369909542911,0.0401556188382254,0.00793767673279992
2,6,1,True,6,Spoofing,2,DDoS,0.013097021761494508,0.03654558185499114,0.04094354636442861
2,6,1,True,6,Spoofing,3,DoS,0.019408737965424517,0.05884379260807337,0.013276564153364187
2,6,1,True,6,Spoofing,4,Mirai,0.042853250296590074,0.14329813647794917,0.10214290260601923
2,6,1,True,6,Spoofing,5,Recon,0.13805262615241443,0.20931576415171893,0.30987281749361173
2,6,1,True,6,Spoofing,6,Spoofing,0.2839093776432488,0.22095346905075328,0.5035233321847596
2,6,1,True,6,Spoofing,7,Web-Based,0.4808173073739561,0.11832027696839771,0.009546612839651922
2,6,1,True,7,Web-Based,0,Benign,0.013095355085907914,0.20218633704722816,0.013734158361343934
2,6,1,True,7,Web-Based,1,BruteForce,0.008636741061906351,0.042859517761456974,0.008298821415736183
2,6,1,True,7,Web-Based,2,DDoS,0.01356790837533924,0.03876320011236361,0.05452670758696665
2,6,1,True,7,Web-Based,3,DoS,0.018618529560488532,0.049507371620056785,0.012572142659275492
2,6,1,True,7,Web-Based,4,Mirai,0.040168147908611784,0.1566262611631081,0.12680239855305564
2,6,1,True,7,Web-Based,5,Recon,0.13945152863224847,0.18787560485868154,0.29510931665947837
2,6,1,True,7,Web-Based,6,Spoofing,0.2828026548490733,0.19787895058532637,0.47882548768979566
2,6,1,True,7,Web-Based,7,Web-Based,0.48365913452642434,0.12430275685177844,0.010130967074348123
2,6,2,False,0,Benign,0,Benign,0.1520999419522059,0.17706497512208286,0.15516749217397513
2,6,2,False,0,Benign,1,BruteForce,0.020150203777868594,0.03843549745294944,0.02020697169099876
2,6,2,False,0,Benign,2,DDoS,0.016685140119125627,0.04395231947741938,0.02483690992421998
2,6,2,False,0,Benign,3,DoS,0.011713042715376053,0.08624595637014738,0.021903132373728325
2,6,2,False,0,Benign,4,Mirai,0.2539511823497861,0.1469705120465414,0.3359140225651714
2,6,2,False,0,Benign,5,Recon,0.49513217625619704,0.2056499648495477,0.38273503638041545
2,6,2,False,0,Benign,6,Spoofing,0.028892560153326988,0.1965394118775018,0.03607525256740638
2,6,2,False,0,Benign,7,Web-Based,0.021375752676113496,0.10514136280381013,0.02316118232408474
2,6,2,False,1,BruteForce,0,Benign,0.14022048064451056,0.18104564267459525,0.1467095370191094
2,6,2,False,1,BruteForce,1,BruteForce,0.02879395186964719,0.050645218466150714,0.022985457984859892
2,6,2,False,1,BruteForce,2,DDoS,0.011155539925866959,0.036705403244204335,0.017791320728001596
2,6,2,False,1,BruteForce,3,DoS,0.008649675365126482,0.04146995659648799,0.01686477535592938
2,6,2,False,1,BruteForce,4,Mirai,0.26836135421115787,0.1489523944396415,0.34946964266103686
2,6,2,False,1,BruteForce,5,Recon,0.4852605019118042,0.20618372466430127,0.38500319043422254
2,6,2,False,1,BruteForce,6,Spoofing,0.02721056879939517,0.1964000932790449,0.03336265034182514
2,6,2,False,1,BruteForce,7,Web-Based,0.030347927272491592,0.13859756663557407,0.027813425475015124
2,6,2,False,2,DDoS,0,Benign,0.04628083498172893,0.043299480749725276,0.09243642996206623
2,6,2,False,2,DDoS,1,BruteForce,0.013403401648301333,0.03272986261828993,0.024709175856203476
2,6,2,False,2,DDoS,2,DDoS,0.6173696991997498,0.5980557967717731,0.45204813066914906
2,6,2,False,2,DDoS,3,DoS,0.01369732494323116,0.10728933004432777,0.02210006079565015
2,6,2,False,2,DDoS,4,Mirai,0.12599757815091056,0.07216749670052464,0.18417335762347684
2,6,2,False,2,DDoS,5,Recon,0.15977821497967584,0.06520293274226857,0.17897191068459242
2,6,2,False,2,DDoS,6,Spoofing,0.011254242181327164,0.04762810961943107,0.02380177489314433
2,6,2,False,2,DDoS,7,Web-Based,0.012218703915075254,0.03362699075365963,0.021759159515717497
2,6,2,False,3,DoS,0,Benign,0.02273259734709741,0.032538412405145385,0.07423245721019542
2,6,2,False,3,DoS,1,BruteForce,0.018586328844998435,0.02471887235035188,0.030443967390512406
2,6,2,False,3,DoS,2,DDoS,0.17549198105424926,0.14451098983732338,0.12209621095118063
2,6,2,False,3,DoS,3,DoS,0.5060112587773602,0.5543519414475225,0.2235281468682234
2,6,2,False,3,DoS,4,Mirai,0.1342595260614667,0.11396686696062497,0.24700607328376994
2,6,2,False,3,DoS,5,Recon,0.1138211321315058,0.040612610851682614,0.24790555799165553
2,6,2,False,3,DoS,6,Spoofing,0.01633114578454852,0.06081965175158244,0.029631423152986853
2,6,2,False,3,DoS,7,Web-Based,0.012766029998773748,0.02848065439576678,0.025156163151475817
2,6,2,False,4,Mirai,0,Benign,0.1305444790667903,0.17784806038602718,0.1493377915779523
2,6,2,False,4,Mirai,1,BruteForce,0.020275767648087185,0.04398599027509904,0.01927501948970061
2,6,2,False,4,Mirai,2,DDoS,0.017473482058714178,0.04478304468574093,0.02255940543558527
2,6,2,False,4,Mirai,3,DoS,0.010030599471626093,0.08157867019463576,0.020264412532864148
2,6,2,False,4,Mirai,4,Mirai,0.43940216333465937,0.22030504442577087,0.41690692612713565
2,6,2,False,4,Mirai,5,Recon,0.33663284741834204,0.1333196663224708,0.3150578115032778
2,6,2,False,4,Mirai,6,Spoofing,0.025339497410018712,0.19209299438201666,0.03463700112605171
2,6,2,False,4,Mirai,7,Web-Based,0.02030116359176206,0.10608652932823875,0.021961632207432438
2,6,2,False,5,Recon,0,Benign,0.11896245375860502,0.16575431503784688,0.13991036853333705
2,6,2,False,5,Recon,1,BruteForce,0.026671098370906723,0.047452856929540696,0.022959709159566802
2,6,2,False,5,Recon,2,DDoS,0.010426746787810394,0.035765047830120945,0.01759819314837628
2,6,2,False,5,Recon,3,DoS,0.009439431795300606,0.04230172861077731,0.016998861128553096
2,6,2,False,5,Recon,4,Mirai,0.21370236984485755,0.1319786808492634,0.3418745355520832
2,6,2,False,5,Recon,5,Recon,0.5644310747268936,0.2594368281265352,0.40087168660804506
2,6,2,False,5,Recon,6,Spoofing,0.028634458586931352,0.18188250829378205,0.032696458412240906
2,6,2,False,5,Recon,7,Web-Based,0.027732366128694706,0.1354280343221335,0.027090187457797683
2,6,2,False,6,Spoofing,0,Benign,0.13083791474204906,0.172567360049891,0.14999845851380175
2,6,2,False,6,Spoofing,1,BruteForce,0.02195450158378158,0.0401556188382254,0.020894841280412003
2,6,2,False,6,Spoofing,2,DDoS,0.009983681289739317,0.03654558185499114,0.01908801949955038
2,6,2,False,6,Spoofing,3,DoS,0.009424725738450537,0.05884379260807337,0.01990548896326303
2,6,2,False,6,Spoofing,4,Mirai,0.22514183546820984,0.14329813647794917,0.31733955553989673
2,6,2,False,6,Spoofing,5,Recon,0.5510404361565204,0.20931576415171893,0.4104761713150622
2,6,2,False,6,Spoofing,6,Spoofing,0.028002121422718875,0.22095346905075328,0.03817166657681523
2,6,2,False,6,Spoofing,7,Web-Based,0.023614783598530364,0.11832027696839771,0.024125798311198696
2,6,2,False,7,Web-Based,0,Benign,0.13717995925391477,0.20218633704722816,0.15534963756362322
2,6,2,False,7,Web-Based,1,BruteForce,0.022393064736020922,0.042859517761456974,0.01998890373401627
2,6,2,False,7,Web-Based,2,DDoS,0.011395148654957004,0.03876320011236361,0.019995455457424424
2,6,2,False,7,Web-Based,3,DoS,0.008933586421946096,0.049507371620056785,0.017779293256949942
2,6,2,False,7,Web-Based,4,Mirai,0.292875630797328,0.1566262611631081,0.3703569074777412
2,6,2,False,7,Web-Based,5,Recon,0.4758805134099712,0.18787560485868154,0.3576040454011711
2,6,2,False,7,Web-Based,6,Spoofing,0.0266691122595395,0.19787895058532637,0.03456511848490651
2,6,2,False,7,Web-Based,7,Web-Based,0.0246729844663225,0.12430275685177844,0.024360638624167468
2,6,3,False,0,Benign,0,Benign,0.142821405538002,0.17706497512208286,0.11885254276976849
2,6,3,False,0,Benign,1,BruteForce,0.3916498495392561,0.03843549745294944,0.34183347738017056
2,6,3,False,0,Benign,2,DDoS,0.10020410764163432,0.04395231947741938,0.12378352278465309
2,6,3,False,0,Benign,3,DoS,0.030470645072716667,0.08624595637014738,0.044653900704609784
2,6,3,False,0,Benign,4,Mirai,0.17397232727676976,0.1469705120465414,0.22325900240316113
2,6,3,False,0,Benign,5,Recon,0.09536914755485847,0.2056499648495477,0.09131375981835803
2,6,3,False,0,Benign,6,Spoofing,0.027020648284639633,0.1965394118775018,0.02743729080595953
2,6,3,False,0,Benign,7,Web-Based,0.03849186909212295,0.10514136280381013,0.02886650333331943
2,6,3,False,1,BruteForce,0,Benign,0.10473386511442735,0.18104564267459525,0.10422845740096678
2,6,3,False,1,BruteForce,1,BruteForce,0.5334517771349764,0.050645218466150714,0.4420364598311267
2,6,3,False,1,BruteForce,2,DDoS,0.05723575692271324,0.036705403244204335,0.06434640405943129
2,6,3,False,1,BruteForce,3,DoS,0.03072038026442131,0.04146995659648799,0.04339879802482092
2,6,3,False,1,BruteForce,4,Mirai,0.13911825002742143,0.1489523944396415,0.20464662397004163
2,6,3,False,1,BruteForce,5,Recon,0.062152057039784915,0.20618372466430127,0.08160172798012294
2,6,3,False,1,BruteForce,6,Spoofing,0.02750009118533442,0.1964000932790449,0.028321106426362385
2,6,3,False,1,BruteForce,7,Web-Based,0.04508782231092088,0.13859756663557407,0.03142042230712738
2,6,3,False,2,DDoS,0,Benign,0.04073556666833832,0.043299480749725276,0.05418656669811476
2,6,3,False,2,DDoS,1,BruteForce,0.12581966818962895,0.03272986261828993,0.13362710600047714
2,6,3,False,2,DDoS,2,DDoS,0.6638922957188156,0.5980557967717731,0.6084341304810735
2,6,3,False,2,DDoS,3,DoS,0.023764890848342952,0.10728933004432777,0.029694312183729966
2,6,3,False,2,DDoS,4,Mirai,0.06450684196383133,0.07216749670052464,0.0876212099996208
2,6,3,False,2,DDoS,5,Recon,0.0549475016835578,0.06520293274226857,0.05046877631761053
2,6,3,False,2,DDoS,6,Spoofing,0.010683751202727264,0.04762810961943107,0.016799953749613523
2,6,3,False,2,DDoS,7,Web-Based,0.015649483724757742,0.03362699075365963,0.01916794456975978
2,6,3,False,3,DoS,0,Benign,0.02425377003705426,0.032538412405145385,0.049824806740559134
2,6,3,False,3,DoS,1,BruteForce,0.10210994793414373,0.02471887235035188,0.15871638978004346
2,6,3,False,3,DoS,2,DDoS,0.2690552049862245,0.14451098983732338,0.2739374321325671
2,6,3,False,3,DoS,3,DoS,0.4748242930207607,0.5543519414475225,0.2839548812108047
2,6,3,False,3,DoS,4,Mirai,0.07781872051915073,0.11396686696062497,0.14274198998363813
2,6,3,False,3,DoS,5,Recon,0.02510309927631782,0.040612610851682614,0.046865274202214556
2,6,3,False,3,DoS,6,Spoofing,0.013140642195108779,0.06081965175158244,0.018854402550887935
2,6,3,False,3,DoS,7,Web-Based,0.01369432203123948,0.02848065439576678,0.02510482339928486
2,6,3,False,4,Mirai,0,Benign,0.10061817494880843,0.17784806038602718,0.10394801873029945
2,6,3,False,4,Mirai,1,BruteForce,0.4075107396603699,0.04398599027509904,0.3662581022185664
2,6,3,False,4,Mirai,2,DDoS,0.10736432049150713,0.04478304468574093,0.10740728079125414
2,6,3,False,4,Mirai,3,DoS,0.02804988868493793,0.08157867019463576,0.04208730839404158
2,6,3,False,4,Mirai,4,Mirai,0.23919758912178768,0.22030504442577087,0.25034116343665686
2,6,3,False,4,Mirai,5,Recon,0.05510841061122132,0.1333196663224708,0.07377720890383144
2,6,3,False,4,Mirai,6,Spoofing,0.0260023569825058,0.19209299438201666,0.027117561978776256
2,6,3,False,4,Mirai,7,Web-Based,0.03614851949886188,0.10608652932823875,0.029063355546573952
2,6,3,False,5,Recon,0,Benign,0.09854901244430138,0.16575431503784688,0.09756590563366478
2,6,3,False,5,Recon,1,BruteForce,0.5274799695428424,0.047452856929540696,0.4393565922828682
2,6,3,False,5,Recon,2,DDoS,0.05500357487719366,0.035765047830120945,0.06267543526401637
2,6,3,False,5,Recon,3,DoS,0.031127769807804146,0.04230172861077731,0.04463156907363983
2,6,3,False,5,Recon,4,Mirai,0.12835447980108006,0.1319786808492634,0.20565759171174258
2,6,3,False,5,Recon,5,Recon,0.08781910491233803,0.2594368281265352,0.0917340051966015
2,6,3,False,5,Recon,6,Spoofing,0.02630683689388226,0.18188250829378205,0.02682067240807345
2,6,3,False,5,Recon,7,Web-Based,0.04535925172055794,0.1354280343221335,0.03155822842939329
2,6,3,False,6,Spoofing,0,Benign,0.13731625209610626,0.172567360049891,0.12262083379026725
2,6,3,False,6,Spoofing,1,BruteForce,0.43021145498553987,0.0401556188382254,0.3671513011785513
2,6,3,False,6,Spoofing,2,DDoS,0.05104584222959488,0.03654558185499114,0.07061394487219584
2,6,3,False,6,Spoofing,3,DoS,0.027815120264500334,0.05884379260807337,0.04085530223639366
2,6,3,False,6,Spoofing,4,Mirai,0.17469395905861307,0.14329813647794917,0.2393203767527391
2,6,3,False,6,Spoofing,5,Recon,0.10498209359561873,0.20931576415171893,0.09944266369448852
2,6,3,False,6,Spoofing,6,Spoofing,0.029699202928377782,0.22095346905075328,0.030191004562158057
2,6,3,False,6,Spoofing,7,Web-Based,0.04423607484164907,0.11832027696839771,0.029804572913206245
2,6,3,False,7,Web-Based,0,Benign,0.1295630211049482,0.20218633704722816,0.12166781308232819
2,6,3,False,7,Web-Based,1,BruteForce,0.44052298094154346,0.042859517761456974,0.381819740473302
2,6,3,False,7,Web-Based,2,DDoS,0.06407296117646523,0.03876320011236361,0.08681887661962281
2,6,3,False,7,Web-Based,3,DoS,0.027768789327273474,0.049507371620056785,0.03828257697757771
2,6,3,False,7,Web-Based,4,Mirai,0.17626815853568512,0.1566262611631081,0.22489869579251326
2,6,3,False,7,Web-Based,5,Recon,0.09202129119304044,0.18787560485868154,0.08862106663524917
2,6,3,False,7,Web-Based,6,Spoofing,0.02710262464959242,0.19787895058532637,0.027871303862086062
2,6,3,False,7,Web-Based,7,Web-Based,0.04268017307145183,0.12430275685177844,0.030019926557320668
2,6,4,False,0,Benign,0,Benign,0.5445483802399939,0.17706497512208286,0.5079957351917117
2,6,4,False,0,Benign,1,BruteForce,0.017720826529877068,0.03843549745294944,0.01748946183137613
2,6,4,False,0,Benign,2,DDoS,0.015400782039622135,0.04395231947741938,0.021068978105766273
2,6,4,False,0,Benign,3,DoS,0.07873564794400402,0.08624595637014738,0.11805400248392045
2,6,4,False,0,Benign,4,Mirai,0.051109487525242255,0.1469705120465414,0.051857750097300044
2,6,4,False,0,Benign,5,Recon,0.04304495290896335,0.2056499648495477,0.044870356461185056
2,6,4,False,0,Benign,6,Spoofing,0.13687436168354966,0.1965394118775018,0.12974401873056032
2,6,4,False,0,Benign,7,Web-Based,0.11256556112874766,0.10514136280381013,0.10891969709817997
2,6,4,False,1,BruteForce,0,Benign,0.5221506019833514,0.18104564267459525,0.5389955761261209
2,6,4,False,1,BruteForce,1,BruteForce,0.02209297541683694,0.050645218466150714,0.017308943523206857
2,6,4,False,1,BruteForce,2,DDoS,0.015574920196697796,0.036705403244204335,0.019094587480338956
2,6,4,False,1,BruteForce,3,DoS,0.03262965910286746,0.04146995659648799,0.046011712086405
2,6,4,False,1,BruteForce,4,Mirai,0.06074888434973986,0.1489523944396415,0.05660047445349295
2,6,4,False,1,BruteForce,5,Recon,0.039928938977071386,0.20618372466430127,0.04878325819914148
2,6,4,False,1,BruteForce,6,Spoofing,0.148138958785109,0.1964000932790449,0.13701215473952064
2,6,4,False,1,BruteForce,7,Web-Based,0.1587350611883262,0.13859756663557407,0.13619329339177316
2,6,4,False,2,DDoS,0,Benign,0.1532407772219805,0.043299480749725276,0.24393959575792235
2,6,4,False,2,DDoS,1,BruteForce,0.015365719295828037,0.03272986261828993,0.022141041236417712
2,6,4,False,2,DDoS,2,DDoS,0.5946329827220164,0.5980557967717731,0.4235565978710404
2,6,4,False,2,DDoS,3,DoS,0.08416627954069884,0.10728933004432777,0.10550288890410102
2,6,4,False,2,DDoS,4,Mirai,0.028651001730239087,0.07216749670052464,0.038561222616288644
2,6,4,False,2,DDoS,5,Recon,0.02578652830962212,0.06520293274226857,0.031050563041224537
2,6,4,False,2,DDoS,6,Spoofing,0.046203898740719264,0.04762810961943107,0.06882433656623298
2,6,4,False,2,DDoS,7,Web-Based,0.05195281243889582,0.03362699075365963,0.06642375400677236
2,6,4,False,3,DoS,0,Benign,0.06005350955006072,0.032538412405145385,0.07787514820812906
2,6,4,False,3,DoS,1,BruteForce,0.009364875899168082,0.02471887235035188,0.018979474854902208
2,6,4,False,3,DoS,2,DDoS,0.027962897729793604,0.14451098983732338,0.028906935572254794
2,6,4,False,3,DoS,3,DoS,0.8298914407697938,0.5543519414475225,0.7484607123074821
2,6,4,False,3,DoS,4,Mirai,0.013104750260974376,0.11396686696062497,0.023447361734180414
2,6,4,False,3,DoS,5,Recon,0.009652447371730665,0.040612610851682614,0.01725485135104091
2,6,4,False,3,DoS,6,Spoofing,0.029454526596015763,0.06081965175158244,0.04805986709779222
2,6,4,False,3,DoS,7,Web-Based,0.020515551822463136,0.02848065439576678,0.03701564887421835
2,6,4,False,4,Mirai,0,Benign,0.5006936637936952,0.17784806038602718,0.4965879247066158
2,6,4,False,4,Mirai,1,BruteForce,0.019298931542054767,0.04398599027509904,0.01775053418160157
2,6,4,False,4,Mirai,2,DDoS,0.01600817760133074,0.04478304468574093,0.01977268644247351
2,6,4,False,4,Mirai,3,DoS,0.08483091565906933,0.08157867019463576,0.12263830614322681
2,6,4,False,4,Mirai,4,Mirai,0.0769787126056161,0.22030504442577087,0.05638430205370269
2,6,4,False,4,Mirai,5,Recon,0.033496007606527316,0.1333196663224708,0.04138758345937428
2,6,4,False,4,Mirai,6,Spoofing,0.1444153777659166,0.19209299438201666,0.1311358886537027
2,6,4,False,4,Mirai,7,Web-Based,0.12427821342579003,0.10608652932823875,0.11434277435930258
2,6,4,False,5,Recon,0,Benign,0.5215751936846503,0.16575431503784688,0.5312455447983859
2,6,4,False,5,Recon,1,BruteForce,0.022058387628341405,0.047452856929540696,0.0175746854967464
2,6,4,False,5,Recon,2,DDoS,0.015550837108349655,0.035765047830120945,0.019201740904951983
2,6,4,False,5,Recon,3,DoS,0.03394889591711958,0.04230172861077731,0.051801502990743445
2,6,4,False,5,Recon,4,Mirai,0.05608167402376042,0.1319786808492634,0.05578130400813185
2,6,4,False,5,Recon,5,Recon,0.05609900648288429,0.2594368281265352,0.0544097450669764
2,6,4,False,5,Recon,6,Spoofing,0.1350515117299472,0.18188250829378205,0.13279172107750647
2,6,4,False,5,Recon,7,Web-Based,0.159634493424947,0.1354280343221335,0.13719375565655736
2,6,4,False,6,Spoofing,0,Benign,0.5425759269426765,0.172567360049891,0.5367291950120796
2,6,4,False,6,Spoofing,1,BruteForce,0.018328400423227587,0.0401556188382254,0.017387891299526708
2,6,4,False,6,Spoofing,2,DDoS,0.014418972758000205,0.03654558185499114,0.019919672538647067
2,6,4,False,6,Spoofing,3,DoS,0.03534863409453631,0.05884379260807337,0.07140899313666473
2,6,4,False,6,Spoofing,4,Mirai,0.052551854866806455,0.14329813647794917,0.05230154226277583
2,6,4,False,6,Spoofing,5,Recon,0.044598736659032995,0.20931576415171893,0.04718666696582754
2,6,4,False,6,Spoofing,6,Spoofing,0.16671209803309786,0.22095346905075328,0.1407045503825967
2,6,4,False,6,Spoofing,7,Web-Based,0.12546537622262205,0.11832027696839771,0.11436148840188197
2,6,4,False,7,Web-Based,0,Benign,0.5435019731445688,0.20218633704722816,0.5452923947553538
2,6,4,False,7,Web-Based,1,BruteForce,0.0195682250618761,0.042859517761456974,0.017324480126832013
2,6,4,False,7,Web-Based,2,DDoS,0.01497772148668306,0.03876320011236361,0.020624852395507213
2,6,4,False,7,Web-Based,3,DoS,0.031988880328770626,0.049507371620056785,0.051402003499636945
2,6,4,False,7,Web-Based,4,Mirai,0.06283602143335514,0.1566262611631081,0.05589367899116845
2,6,4,False,7,Web-Based,5,Recon,0.041150911522998906,0.18787560485868154,0.04665063687173556
2,6,4,False,7,Web-Based,6,Spoofing,0.14558067768666677,0.19787895058532637,0.134926452910806
2,6,4,False,7,Web-Based,7,Web-Based,0.14039558933508064,0.12430275685177844,0.12788550044896002
2,6,5,False,0,Benign,0,Benign,0.4283409670007636,0.17706497512208286,0.3783280723088211
2,6,5,False,0,Benign,1,BruteForce,0.010865492499584966,0.03843549745294944,0.017547510079094965
2,6,5,False,0,Benign,2,DDoS,0.04263303035897781,0.04395231947741938,0.051107934128251306
2,6,5,False,0,Benign,3,DoS,0.01173561855352504,0.08624595637014738,0.01959878619832978
2,6,5,False,0,Benign,4,Mirai,0.022638805904464404,0.1469705120465414,0.02363074014508072
2,6,5,False,0,Benign,5,Recon,0.062626458910741,0.2056499648495477,0.0744806952042887
2,6,5,False,0,Benign,6,Spoofing,0.4050089898663776,0.1965394118775018,0.41640980896830043
2,6,5,False,0,Benign,7,Web-Based,0.01615063690556559,0.10514136280381013,0.018896452967833058
2,6,5,False,1,BruteForce,0,Benign,0.44725453634585755,0.18104564267459525,0.4220793397155259
2,6,5,False,1,BruteForce,1,BruteForce,0.01205064652329193,0.050645218466150714,0.017452424571843622
2,6,5,False,1,BruteForce,2,DDoS,0.02268633767611242,0.036705403244204335,0.030756218001764053
2,6,5,False,1,BruteForce,3,DoS,0.009091676987104365,0.04146995659648799,0.019057952971509008
2,6,5,False,1,BruteForce,4,Mirai,0.023760886607557152,0.1489523944396415,0.02385929989556012
2,6,5,False,1,BruteForce,5,Recon,0.05333006259858058,0.20618372466430127,0.0768380145216068
2,6,5,False,1,BruteForce,6,Spoofing,0.4144538628936794,0.1964000932790449,0.3907260856561628
2,6,5,False,1,BruteForce,7,Web-Based,0.017371990367816618,0.13859756663557407,0.019230664666027766
2,6,5,False,2,DDoS,0,Benign,0.1361303645794942,0.043299480749725276,0.15728459891530153
2,6,5,False,2,DDoS,1,BruteForce,0.010322746886845823,0.03272986261828993,0.020081329595853403
2,6,5,False,2,DDoS,2,DDoS,0.6542328935755103,0.5980557967717731,0.5617724981376889
2,6,5,False,2,DDoS,3,DoS,0.008184722285824389,0.10728933004432777,0.012859254036653837
2,6,5,False,2,DDoS,4,Mirai,0.012668200096449743,0.07216749670052464,0.019400251437496654
2,6,5,False,2,DDoS,5,Recon,0.03745619263348381,0.06520293274226857,0.04233680995181692
2,6,5,False,2,DDoS,6,Spoofing,0.1320518023830535,0.04762810961943107,0.17072499753583964
2,6,5,False,2,DDoS,7,Web-Based,0.008953077559338348,0.03362699075365963,0.01554026038934899
2,6,5,False,3,DoS,0,Benign,0.08658317163141456,0.032538412405145385,0.1521870865087781
2,6,5,False,3,DoS,1,BruteForce,0.016681188686110907,0.02471887235035188,0.02707200618051485
2,6,5,False,3,DoS,2,DDoS,0.1903514529722013,0.14451098983732338,0.14666000047508393
2,6,5,False,3,DoS,3,DoS,0.42208141942836586,0.5543519414475225,0.18098746353411105
2,6,5,False,3,DoS,4,Mirai,0.011987555605143184,0.11396686696062497,0.0225941413864522
2,6,5,False,3,DoS,5,Recon,0.023747800874459622,0.040612610851682614,0.047561405360367064
2,6,5,False,3,DoS,6,Spoofing,0.23770522313942172,0.06081965175158244,0.40015524914078443
2,6,5,False,3,DoS,7,Web-Based,0.010862187662882885,0.02848065439576678,0.02278264741390845
2,6,5,False,4,Mirai,0,Benign,0.41054187141423565,0.17784806038602718,0.3881948853418603
2,6,5,False,4,Mirai,1,BruteForce,0.011807122436292184,0.04398599027509904,0.017591480932306197
2,6,5,False,4,Mirai,2,DDoS,0.03885316917506477,0.04478304468574093,0.04069487135055433
2,6,5,False,4,Mirai,3,DoS,0.01086854596631895,0.08157867019463576,0.019884109120460344
2,6,5,False,4,Mirai,4,Mirai,0.02597494307717629,0.22030504442577087,0.024656434139932532
2,6,5,False,4,Mirai,5,Recon,0.04979014868822815,0.1333196663224708,0.0680386101742592
2,6,5,False,4,Mirai,6,Spoofing,0.43611712769888333,0.19209299438201666,0.422302547286838
2,6,5,False,4,Mirai,7,Web-Based,0.016047071543800705,0.10608652932823875,0.01863706165378906
2,6,5,False,5,Recon,0,Benign,0.45460859876404647,0.16575431503784688,0.4165851513257524
2,6,5,False,5,Recon,1,BruteForce,0.011890672736282049,0.047452856929540696,0.017232907660537707
2,6,5,False,5,Recon,2,DDoS,0.022378088859577972,0.035765047830120945,0.030855083847475456
2,6,5,False,5,Recon,3,DoS,0.009358286032536507,0.04230172861077731,0.01930504435685354
2,6,5,False,5,Recon,4,Mirai,0.022646226998831218,0.1319786808492634,0.023053352050397432
2,6,5,False,5,Recon,5,Recon,0.07951251204928184,0.2594368281265352,0.09082699923357593
2,6,5,False,5,Recon,6,Spoofing,0.38192864033010987,0.18188250829378205,0.3830407149459981
2,6,5,False,5,Recon,7,Web-Based,0.01767697422933416,0.1354280343221335,0.019100746579409494
2,6,5,False,6,Spoofing,0,Benign,0.4110997057640035,0.172567360049891,0.384339731543249
2,6,5,False,6,Spoofing,1,BruteForce,0.010554743953871468,0.0401556188382254,0.017071650158905514
2,6,5,False,6,Spoofing,2,DDoS,0.021298570914440113,0.03654558185499114,0.03154310353527155
2,6,5,False,6,Spoofing,3,DoS,0.009682373126618623,0.05884379260807337,0.01963870014916002
2,6,5,False,6,Spoofing,4,Mirai,0.022340686551650463,0.14329813647794917,0.02363134532308709
2,6,5,False,6,Spoofing,5,Recon,0.060534045423920047,0.20931576415171893,0.07216007608053722
2,6,5,False,6,Spoofing,6,Spoofing,0.44849972814446,0.22095346905075328,0.4330544183475924
2,6,5,False,6,Spoofing,7,Web-Based,0.01599014612103584,0.11832027696839771,0.018560974862197207
2,6,5,False,7,Web-Based,0,Benign,0.44813771752805004,0.20218633704722816,0.4216269510220606
2,6,5,False,7,Web-Based,1,BruteForce,0.011230626443805757,0.042859517761456974,0.01734601397073613
2,6,5,False,7,Web-Based,2,DDoS,0.02316760906845713,0.03876320011236361,0.033328462487528146
2,6,5,False,7,Web-Based,3,DoS,0.009386739764563353,0.049507371620056785,0.019046315251843134
2,6,5,False,7,Web-Based,4,Mirai,0.024592889389801087,0.1566262611631081,0.02389689832549251
2,6,5,False,7,Web-Based,5,Recon,0.056006120331524974,0.18787560485868154,0.07154520334700588
2,6,5,False,7,Web-Based,6,Spoofing,0.4106231931537025,0.19787895058532637,0.3943679879536759
2,6,5,False,7,Web-Based,7,Web-Based,0.016855104320095102,0.12430275685177844,0.018842167641657553
2,6,6,False,0,Benign,0,Benign,0.5748829045474334,0.17706497512208286,0.5635906685768259
2,6,6,False,0,Benign,1,BruteForce,0.0857427447729575,0.03843549745294944,0.07299659075803594
2,6,6,False,0,Benign,2,DDoS,0.017852258945724276,0.04395231947741938,0.022728536544494627
2,6,6,False,0,Benign,3,DoS,0.017798090415186717,0.08624595637014738,0.031804090117990215
2,6,6,False,0,Benign,4,Mirai,0.2599170473829236,0.1469705120465414,0.2587297366439052
2,6,6,False,0,Benign,5,Recon,0.016256106756542366,0.2056499648495477,0.018895481360983485
2,6,6,False,0,Benign,6,Spoofing,0.014649507231652792,0.1965394118775018,0.0177701765605472
2,6,6,False,0,Benign,7,Web-Based,0.012901339947579355,0.10514136280381013,0.01348471943721746
2,6,6,False,1,BruteForce,0,Benign,0.5378255597730255,0.18104564267459525,0.5549714020686299
2,6,6,False,1,BruteForce,1,BruteForce,0.11428765706540983,0.050645218466150714,0.08560280046420034
2,6,6,False,1,BruteForce,2,DDoS,0.019125035355697147,0.036705403244204335,0.021062767913920828
2,6,6,False,1,BruteForce,3,DoS,0.012033902553541857,0.04146995659648799,0.02567387307698594
2,6,6,False,1,BruteForce,4,Mirai,0.2709718840768505,0.1489523944396415,0.26100076552171436
2,6,6,False,1,BruteForce,5,Recon,0.014994535905988343,0.20618372466430127,0.019051100528756047
2,6,6,False,1,BruteForce,6,Spoofing,0.01584919150663943,0.1964000932790449,0.018381569423341976
2,6,6,False,1,BruteForce,7,Web-Based,0.014912233762847319,0.13859756663557407,0.014255721002450587
2,6,6,False,2,DDoS,0,Benign,0.2508171968611053,0.043299480749725276,0.4202436186435445
2,6,6,False,2,DDoS,1,BruteForce,0.050698947069024364,0.03272986261828993,0.05236872798432571
2,6,6,False,2,DDoS,2,DDoS,0.35570372997738486,0.5980557967717731,0.18140853702907217
2,6,6,False,2,DDoS,3,DoS,0.030137918907751315,0.10728933004432777,0.03450566219496077
2,6,6,False,2,DDoS,4,Mirai,0.2759940320520123,0.07216749670052464,0.2590831465024586
2,6,6,False,2,DDoS,5,Recon,0.013599518817948757,0.06520293274226857,0.018087462278336484
2,6,6,False,2,DDoS,6,Spoofing,0.011457692369046875,0.04762810961943107,0.017904361348387392
2,6,6,False,2,DDoS,7,Web-Based,0.01159096394572621,0.03362699075365963,0.016398484018914375
2,6,6,False,3,DoS,0,Benign,0.11695312500067216,0.032538412405145385,0.25688272991575484
2,6,6,False,3,DoS,1,BruteForce,0.05760711199724992,0.02471887235035188,0.06691429012445817
2,6,6,False,3,DoS,2,DDoS,0.03483730004057655,0.14451098983732338,0.040240292913036796
2,6,6,False,3,DoS,3,DoS,0.5998098428373152,0.5543519414475225,0.3115024818327052
2,6,6,False,3,DoS,4,Mirai,0.1548196523485177,0.11396686696062497,0.26550556668029934
2,6,6,False,3,DoS,5,Recon,0.011943227705853146,0.040612610851682614,0.02110137052285292
2,6,6,False,3,DoS,6,Spoofing,0.01265838175845526,0.06081965175158244,0.018396588269915543
2,6,6,False,3,DoS,7,Web-Based,0.011371358311360104,0.02848065439576678,0.019456679740977197
2,6,6,False,4,Mirai,0,Benign,0.4657236133408089,0.17784806038602718,0.5069725828697176
2,6,6,False,4,Mirai,1,BruteForce,0.08987802465539123,0.04398599027509904,0.07708283150685984
2,6,6,False,4,Mirai,2,DDoS,0.01963187823298216,0.04478304468574093,0.023175436673754362
2,6,6,False,4,Mirai,3,DoS,0.013535500494479463,0.08157867019463576,0.029480894384506
2,6,6,False,4,Mirai,4,Mirai,0.36973180368520014,0.22030504442577087,0.31307240406737114
2,6,6,False,4,Mirai,5,Recon,0.013853121528717073,0.1333196663224708,0.018484869990236578
2,6,6,False,4,Mirai,6,Spoofing,0.014534054622541428,0.19209299438201666,0.017907721722121184
2,6,6,False,4,Mirai,7,Web-Based,0.013112003439879545,0.10608652932823875,0.013823258785433315
2,6,6,False,5,Recon,0,Benign,0.5507549403033989,0.16575431503784688,0.5511247022879678
2,6,6,False,5,Recon,1,BruteForce,0.1203637090588725,0.047452856929540696,0.08735828671699891
2,6,6,False,5,Recon,2,DDoS,0.01949307793584573,0.035765047830120945,0.021377815255414247
2,6,6,False,5,Recon,3,DoS,0.012899471237241266,0.04230172861077731,0.026286416125428317
2,6,6,False,5,Recon,4,Mirai,0.2494568803681618,0.1319786808492634,0.2618948779018005
2,6,6,False,5,Recon,5,Recon,0.01601598294981735,0.2594368281265352,0.019279064524510857
2,6,6,False,5,Recon,6,Spoofing,0.015670178819044374,0.18188250829378205,0.018291903731509438
2,6,6,False,5,Recon,7,Web-Based,0.015345759327618171,0.1354280343221335,0.014386933456370042
2,6,6,False,6,Spoofing,0,Benign,0.570797724747282,0.172567360049891,0.574631586254015
2,6,6,False,6,Spoofing,1,BruteForce,0.0896253094101676,0.0401556188382254,0.07334502540275967
2,6,6,False,6,Spoofing,2,DDoS,0.01702583996809312,0.03654558185499114,0.02158222435786873
2,6,6,False,6,Spoofing,3,DoS,0.011803905799483377,0.05884379260807337,0.026679753006541466
2,6,6,False,6,Spoofing,4,Mirai,0.26694240028851524,0.14329813647794917,0.2542762647531606
2,6,6,False,6,Spoofing,5,Recon,0.016021301451354646,0.20931576415171893,0.01860513125670131
2,6,6,False,6,Spoofing,6,Spoofing,0.014583367644172887,0.22095346905075328,0.017691682519896265
2,6,6,False,6,Spoofing,7,Web-Based,0.013200150690931266,0.11832027696839771,0.013188332449056994
2,6,6,False,7,Web-Based,0,Benign,0.5462707724244217,0.20218633704722816,0.5607980975870772
2,6,6,False,7,Web-Based,1,BruteForce,0.0929179404256282,0.042859517761456974,0.07829739978430017
2,6,6,False,7,Web-Based,2,DDoS,0.01743196580591492,0.03876320011236361,0.021601190255963076
2,6,6,False,7,Web-Based,3,DoS,0.01133170286030695,0.049507371620056785,0.024415889745459884
2,6,6,False,7,Web-Based,4,Mirai,0.288622834318003,0.1566262611631081,0.26472536396730617
2,6,6,False,7,Web-Based,5,Recon,0.015323762558373451,0.18787560485868154,0.01866916262239674
2,6,6,False,7,Web-Based,6,Spoofing,0.014526998719104534,0.19787895058532637,0.01774326431444597
2,6,6,False,7,Web-Based,7,Web-Based,0.013574022888247297,0.12430275685177844,0.013749631723050777
2,6,7,True,0,Benign,0,Benign,0.06507989196681482,0.17706497512208286,0.1612130099482367
2,6,7,True,0,Benign,1,BruteForce,0.22185701575074268,0.03843549745294944,0.021549698594711935
2,6,7,True,0,Benign,2,DDoS,0.09512658467638134,0.04395231947741938,0.21755281072488927
2,6,7,True,0,Benign,3,DoS,0.07011478172949642,0.08624595637014738,0.0507713524334422
2,6,7,True,0,Benign,4,Mirai,0.05506792093118551,0.1469705120465414,0.10149800229687622
2,6,7,True,0,Benign,5,Recon,0.06894856251554692,0.2056499648495477,0.08915834590119735
2,6,7,True,0,Benign,6,Spoofing,0.09021087922342325,0.1965394118775018,0.2752811876886586
2,6,7,True,0,Benign,7,Web-Based,0.33359436320640906,0.10514136280381013,0.0829755924119876
2,6,7,True,1,BruteForce,0,Benign,0.06612242468953759,0.18104564267459525,0.17216505788819655
2,6,7,True,1,BruteForce,1,BruteForce,0.24978050233937343,0.050645218466150714,0.023489184260006412
2,6,7,True,1,BruteForce,2,DDoS,0.07272491605401875,0.036705403244204335,0.1782194383822207
2,6,7,True,1,BruteForce,3,DoS,0.053016397022084355,0.04146995659648799,0.02107490955539629
2,6,7,True,1,BruteForce,4,Mirai,0.053615682962700084,0.1489523944396415,0.11609453677926099
2,6,7,True,1,BruteForce,5,Recon,0.07180235374106764,0.20618372466430127,0.10624656030471129
2,6,7,True,1,BruteForce,6,Spoofing,0.09039702418855382,0.1964000932790449,0.27772178577655626
2,6,7,True,1,BruteForce,7,Web-Based,0.34254069900266443,0.13859756663557407,0.10498852705365155
2,6,7,True,2,DDoS,0,Benign,0.030138143343071064,0.043299480749725276,0.05957168728630258
2,6,7,True,2,DDoS,1,BruteForce,0.09945280928239712,0.03272986261828993,0.018248559763005344
2,6,7,True,2,DDoS,2,DDoS,0.2771804838062037,0.5980557967717731,0.6887717265507326
2,6,7,True,2,DDoS,3,DoS,0.360366366028729,0.10728933004432777,0.027932282682672043
2,6,7,True,2,DDoS,4,Mirai,0.032864953973264256,0.07216749670052464,0.04457647051358587
2,6,7,True,2,DDoS,5,Recon,0.03272859559689248,0.06520293274226857,0.04837520167158278
2,6,7,True,2,DDoS,6,Spoofing,0.03818505106211793,0.04762810961943107,0.07689998253077296
2,6,7,True,2,DDoS,7,Web-Based,0.1290835969073246,0.03362699075365963,0.03562408900134586
2,6,7,True,3,DoS,0,Benign,0.02946576933719715,0.032538412405145385,0.042044694103497406
2,6,7,True,3,DoS,1,BruteForce,0.09267446836372228,0.02471887235035188,0.022903262186133883
2,6,7,True,3,DoS,2,DDoS,0.20214060763245492,0.14451098983732338,0.29928914497879966
2,6,7,True,3,DoS,3,DoS,0.29799860044347504,0.5543519414475225,0.39409129704328877
2,6,7,True,3,DoS,4,Mirai,0.08281696156584932,0.11396686696062497,0.046517135311820994
2,6,7,True,3,DoS,5,Recon,0.03435920184005963,0.040612610851682614,0.03586961341078116
2,6,7,True,3,DoS,6,Spoofing,0.05044023043839724,0.06081965175158244,0.11958088099153534
2,6,7,True,3,DoS,7,Web-Based,0.2101041603788444,0.02848065439576678,0.03970397197414285
2,6,7,True,4,Mirai,0,Benign,0.060492434340947615,0.17784806038602718,0.15803829928626134
2,6,7,True,4,Mirai,1,BruteForce,0.22642695518195957,0.04398599027509904,0.02324967474085569
2,6,7,True,4,Mirai,2,DDoS,0.08807956534661944,0.04478304468574093,0.21429951582599055
2,6,7,True,4,Mirai,3,DoS,0.06999915442073353,0.08157867019463576,0.04786313847895252
2,6,7,True,4,Mirai,4,Mirai,0.062401418263760916,0.22030504442577087,0.12158082011883178
2,6,7,True,4,Mirai,5,Recon,0.0639271660541055,0.1333196663224708,0.07913860738665386
2,6,7,True,4,Mirai,6,Spoofing,0.08633711990397229,0.19209299438201666,0.2673355405055664
2,6,7,True,4,Mirai,7,Web-Based,0.34233618648790104,0.10608652932823875,0.08849440365688792
2,6,7,True,5,Recon,0,Benign,0.0657306711397699,0.16575431503784688,0.16933151293432142
2,6,7,True,5,Recon,1,BruteForce,0.2527490185474157,0.047452856929540696,0.023268371573153347
2,6,7,True,5,Recon,2,DDoS,0.07234830124754366,0.035765047830120945,0.17770704044744995
2,6,7,True,5,Recon,3,DoS,0.052542231905905804,0.04230172861077731,0.021267034241298704
2,6,7,True,5,Recon,4,Mirai,0.05277950558990364,0.1319786808492634,0.11627460050720387
2,6,7,True,5,Recon,5,Recon,0.07826646861247408,0.2594368281265352,0.12369832313348705
2,6,7,True,5,Recon,6,Spoofing,0.0890733950404228,0.18188250829378205,0.26291838932884415
2,6,7,True,5,Recon,7,Web-Based,0.3365104079165644,0.1354280343221335,0.10553472783424149
2,6,7,True,6,Spoofing,0,Benign,0.06633887602381623,0.172567360049891,0.17501644461271487
2,6,7,True,6,Spoofing,1,BruteForce,0.2271040922785685,0.0401556188382254,0.021484065384614778
2,6,7,True,6,Spoofing,2,DDoS,0.07141535879578005,0.03654558185499114,0.15969167991808367
2,6,7,True,6,Spoofing,3,DoS,0.0534454755228222,0.05884379260807337,0.040222036031223
2,6,7,True,6,Spoofing,4,Mirai,0.05800668903698048,0.14329813647794917,0.10437302873967663
2,6,7,True,6,Spoofing,5,Recon,0.0734164473822208,0.20931576415171893,0.09595536247509695
2,6,7,True,6,Spoofing,6,Spoofing,0.09715585202679423,0.22095346905075328,0.3146634533266313
2,6,7,True,6,Spoofing,7,Web-Based,0.3531172089330177,0.11832027696839771,0.0885939295119589
2,6,7,True,7,Web-Based,0,Benign,0.06624479082686893,0.20218633704722816,0.1783952917633801
2,6,7,True,7,Web-Based,1,BruteForce,0.24262997275171416,0.042859517761456974,0.02330923188089099
2,6,7,True,7,Web-Based,2,DDoS,0.07542159705691286,0.03876320011236361,0.1826001336201361
2,6,7,True,7,Web-Based,3,DoS,0.05736455657968661,0.049507371620056785,0.024411332109139233
2,6,7,True,7,Web-Based,4,Mirai,0.05510698180499787,0.1566262611631081,0.11430485638861031
2,6,7,True,7,Web-Based,5,Recon,0.07208937189477119,0.18787560485868154,0.09879631550710012
2,6,7,True,7,Web-Based,6,Spoofing,0.08942338786560394,0.19787895058532637,0.28042700437631257
2,6,7,True,7,Web-Based,7,Web-Based,0.34171934121944436,0.12430275685177844,0.09775583435443067
2,6,8,True,0,Benign,0,Benign,0.03260621041592674,0.17706497512208286,0.019132850159553263
2,6,8,True,0,Benign,1,BruteForce,0.01928445877096912,0.03843549745294944,0.016068908819353574
2,6,8,True,0,Benign,2,DDoS,0.01854513604893269,0.04395231947741938,0.04439965505164727
2,6,8,True,0,Benign,3,DoS,0.05455825824738268,0.08624595637014738,0.056110536479231185
2,6,8,True,0,Benign,4,Mirai,0.07965507881869321,0.1469705120465414,0.02349910412323074
2,6,8,True,0,Benign,5,Recon,0.03595462360115803,0.2056499648495477,0.03706211308079212
2,6,8,True,0,Benign,6,Spoofing,0.12427475095865277,0.1965394118775018,0.7847352431503148
2,6,8,True,0,Benign,7,Web-Based,0.6351214831382848,0.10514136280381013,0.0189915891358769
2,6,8,True,1,BruteForce,0,Benign,0.0322322786293488,0.18104564267459525,0.017743662669092622
2,6,8,True,1,BruteForce,1,BruteForce,0.02042999137003975,0.050645218466150714,0.012867881546379339
2,6,8,True,1,BruteForce,2,DDoS,0.017320071875052467,0.036705403244204335,0.021160047750757877
2,6,8,True,1,BruteForce,3,DoS,0.044568400563715374,0.04146995659648799,0.028157277884586593
2,6,8,True,1,BruteForce,4,Mirai,0.07833319755773742,0.1489523944396415,0.02336187849024363
2,6,8,True,1,BruteForce,5,Recon,0.03630805684972742,0.20618372466430127,0.03457158621983451
2,6,8,True,1,BruteForce,6,Spoofing,0.1256832822132438,0.1964000932790449,0.8435205502423192
2,6,8,True,1,BruteForce,7,Web-Based,0.645124720941135,0.13859756663557407,0.018617115196786365
2,6,8,True,2,DDoS,0,Benign,0.03023774018453915,0.043299480749725276,0.024591890673603345
2,6,8,True,2,DDoS,1,BruteForce,0.026974385998927226,0.03272986261828993,0.020488245038388166
2,6,8,True,2,DDoS,2,DDoS,0.1918522271811037,0.5980557967717731,0.5738390966700034
2,6,8,True,2,DDoS,3,DoS,0.19996256399259663,0.10728933004432777,0.03673158361827515
2,6,8,True,2,DDoS,4,Mirai,0.0764680842433889,0.07216749670052464,0.020919818015688825
2,6,8,True,2,DDoS,5,Recon,0.026909100926152438,0.06520293274226857,0.0387585856693685
2,6,8,True,2,DDoS,6,Spoofing,0.0733201491524367,0.04762810961943107,0.2685450562657869
2,6,8,True,2,DDoS,7,Web-Based,0.37427574832085536,0.03362699075365963,0.016125724048885598
2,6,8,True,3,DoS,0,Benign,0.023003050465569108,0.032538412405145385,0.016584975605900075
2,6,8,True,3,DoS,1,BruteForce,0.01970257743654812,0.02471887235035188,0.02787357350144254
2,6,8,True,3,DoS,2,DDoS,0.02865066474776264,0.14451098983732338,0.12449545436992798
2,6,8,True,3,DoS,3,DoS,0.2276860610153877,0.5543519414475225,0.412110294493304
2,6,8,True,3,DoS,4,Mirai,0.11413223886634632,0.11396686696062497,0.023082992246806874
2,6,8,True,3,DoS,5,Recon,0.025119084693291507,0.040612610851682614,0.026149152840062008
2,6,8,True,3,DoS,6,Spoofing,0.08178614082742096,0.06081965175158244,0.35010463360183147
2,6,8,True,3,DoS,7,Web-Based,0.47992018194767366,0.02848065439576678,0.019598923340725164
2,6,8,True,4,Mirai,0,Benign,0.03079491020067345,0.17784806038602718,0.017301721504134907
2,6,8,True,4,Mirai,1,BruteForce,0.019474874683696148,0.04398599027509904,0.014990765983382903
2,6,8,True,4,Mirai,2,DDoS,0.017977314720414313,0.04478304468574093,0.03027142230568031
2,6,8,True,4,Mirai,3,DoS,0.053111384925220516,0.08157867019463576,0.053350498446353464
2,6,8,True,4,Mirai,4,Mirai,0.08813411971769897,0.22030504442577087,0.02456751041949872
2,6,8,True,4,Mirai,5,Recon,0.03324738502243609,0.1333196663224708,0.029649843710601795
2,6,8,True,4,Mirai,6,Spoofing,0.12271505092710748,0.19209299438201666,0.8112694934879471
2,6,8,True,4,Mirai,7,Web-Based,0.634544959802753,0.10608652932823875,0.018598744142400783
2,6,8,True,5,Recon,0,Benign,0.03170180557915232,0.16575431503784688,0.017602542741750285
2,6,8,True,5,Recon,1,BruteForce,0.02009756336054118,0.047452856929540696,0.01298889133185358
2,6,8,True,5,Recon,2,DDoS,0.017072019041496522,0.035765047830120945,0.021295275993342844
2,6,8,True,5,Recon,3,DoS,0.045155987746871296,0.04230172861077731,0.029473546456429113
2,6,8,True,5,Recon,4,Mirai,0.07770851055259026,0.1319786808492634,0.02327832259421718
2,6,8,True,5,Recon,5,Recon,0.037517114542547816,0.2594368281265352,0.04548564476427263
2,6,8,True,5,Recon,6,Spoofing,0.12345332751602357,0.18188250829378205,0.8312604056001496
2,6,8,True,5,Recon,7,Web-Based,0.6472936716607771,0.1354280343221335,0.01861537051798485
2,6,8,True,6,Spoofing,0,Benign,0.03251048792599093,0.172567360049891,0.017410521247189895
2,6,8,True,6,Spoofing,1,BruteForce,0.01917542689709305,0.0401556188382254,0.013890804576603797
2,6,8,True,6,Spoofing,2,DDoS,0.017689206505716905,0.03654558185499114,0.023166008602391583
2,6,8,True,6,Spoofing,3,DoS,0.049437331167992635,0.05884379260807337,0.04595798976193486
2,6,8,True,6,Spoofing,4,Mirai,0.08178760257067025,0.14329813647794917,0.02247485021861084
2,6,8,True,6,Spoofing,5,Recon,0.03623647369389183,0.20931576415171893,0.03455568325209396
2,6,8,True,6,Spoofing,6,Spoofing,0.12644487889780348,0.22095346905075328,0.8245215541322589
2,6,8,True,6,Spoofing,7,Web-Based,0.6367185923408409,0.11832027696839771,0.018022588208916227
2,6,8,True,7,Web-Based,0,Benign,0.032582475538638495,0.20218633704722816,0.018232554288658505
2,6,8,True,7,Web-Based,1,BruteForce,0.019584808656342764,0.042859517761456974,0.01344827549494716
2,6,8,True,7,Web-Based,2,DDoS,0.01755951399446783,0.03876320011236361,0.02607464544333082
2,6,8,True,7,Web-Based,3,DoS,0.0476319644234005,0.049507371620056785,0.03205878397403811
2,6,8,True,7,Web-Based,4,Mirai,0.07914830504446756,0.1566262611631081,0.02303780961405717
2,6,8,True,7,Web-Based,5,Recon,0.03651054174373312,0.18787560485868154,0.03465418902166594
2,6,8,True,7,Web-Based,6,Spoofing,0.12586190188873492,0.19787895058532637,0.8337732576626405
2,6,8,True,7,Web-Based,7,Web-Based,0.6411204887102148,0.12430275685177844,0.01872048450066193
2,6,9,False,0,Benign,0,Benign,0.22501113593888808,0.17706497512208286,0.212708631315114
2,6,9,False,0,Benign,1,BruteForce,0.0038676270124729127,0.03843549745294944,0.0057487095059489636
2,6,9,False,0,Benign,2,DDoS,0.01718944085646559,0.04395231947741938,0.012474645677882902
2,6,9,False,0,Benign,3,DoS,0.0034605161508041667,0.08624595637014738,0.006082180136627195
2,6,9,False,0,Benign,4,Mirai,0.510243962997707,0.1469705120465414,0.5442726249294527
2,6,9,False,0,Benign,5,Recon,0.13716507397760555,0.2056499648495477,0.12353066180708568
2,6,9,False,0,Benign,6,Spoofing,0.09854838169594933,0.1965394118775018,0.08814688706657811
2,6,9,False,0,Benign,7,Web-Based,0.004513861370107202,0.10514136280381013,0.007035659561310454
2,6,9,False,1,BruteForce,0,Benign,0.20082604595816092,0.18104564267459525,0.19643140381446048
2,6,9,False,1,BruteForce,1,BruteForce,0.0038441277616717063,0.050645218466150714,0.005420658974589235
2,6,9,False,1,BruteForce,2,DDoS,0.004779733581063305,0.036705403244204335,0.006972007456531547
2,6,9,False,1,BruteForce,3,DoS,0.0028034863865083505,0.04146995659648799,0.005533962313056571
2,6,9,False,1,BruteForce,4,Mirai,0.5528899683306823,0.1489523944396415,0.5796708218206121
2,6,9,False,1,BruteForce,5,Recon,0.13771496592754975,0.20618372466430127,0.11622772955673638
2,6,9,False,1,BruteForce,6,Spoofing,0.09261590906205722,0.1964000932790449,0.0831422568850313
2,6,9,False,1,BruteForce,7,Web-Based,0.004525762992306577,0.13859756663557407,0.006601159178982361
2,6,9,False,2,DDoS,0,Benign,0.06124901960479702,0.043299480749725276,0.07378109127923523
2,6,9,False,2,DDoS,1,BruteForce,0.00586740947287972,0.03272986261828993,0.010804158511400564
2,6,9,False,2,DDoS,2,DDoS,0.6111139041796032,0.5980557967717731,0.5145861140339755
2,6,9,False,2,DDoS,3,DoS,0.004316214511984538,0.10728933004432777,0.007623311259983734
2,6,9,False,2,DDoS,4,Mirai,0.22147437312782023,0.07216749670052464,0.265180145327734
2,6,9,False,2,DDoS,5,Recon,0.055360867184412126,0.06520293274226857,0.06938093456303068
2,6,9,False,2,DDoS,6,Spoofing,0.03576091169767194,0.04762810961943107,0.04814830975089366
2,6,9,False,2,DDoS,7,Web-Based,0.0048573002208312805,0.03362699075365963,0.010495935273746787
2,6,9,False,3,DoS,0,Benign,0.05002615326470166,0.032538412405145385,0.06597761485226326
2,6,9,False,3,DoS,1,BruteForce,0.011567673660982549,0.02471887235035188,0.007601240551088666
2,6,9,False,3,DoS,2,DDoS,0.11655238986254977,0.14451098983732338,0.0885159228871596
2,6,9,False,3,DoS,3,DoS,0.08854956715659655,0.5543519414475225,0.010185430516659743
2,6,9,False,3,DoS,4,Mirai,0.4528225648235302,0.11396686696062497,0.6278306998648712
2,6,9,False,3,DoS,5,Recon,0.04219504136242929,0.040612610851682614,0.04921960120497947
2,6,9,False,3,DoS,6,Spoofing,0.2283665862186206,0.06081965175158244,0.1410816114877004
2,6,9,False,3,DoS,7,Web-Based,0.009920023650589494,0.02848065439576678,0.009587878635277698
2,6,9,False,4,Mirai,0,Benign,0.14721059856622148,0.17784806038602718,0.15665054209698429
2,6,9,False,4,Mirai,1,BruteForce,0.0028460392707190777,0.04398599027509904,0.004262151925292362
2,6,9,False,4,Mirai,2,DDoS,0.005972667511877599,0.04478304468574093,0.007815598967478177
2,6,9,False,4,Mirai,3,DoS,0.002611003412209289,0.08157867019463576,0.004755756169192422
2,6,9,False,4,Mirai,4,Mirai,0.7085294666006592,0.22030504442577087,0.7019238838520995
2,6,9,False,4,Mirai,5,Recon,0.06688119803676659,0.1333196663224708,0.054753709471234764
2,6,9,False,4,Mirai,6,Spoofing,0.06234412234283174,0.19209299438201666,0.06372590334822469
2,6,9,False,4,Mirai,7,Web-Based,0.0036049042587150415,0.10608652932823875,0.006112454169493804
2,6,9,False,5,Recon,0,Benign,0.18612582760551666,0.16575431503784688,0.18533707283203812
2,6,9,False,5,Recon,1,BruteForce,0.00420817601140557,0.047452856929540696,0.005850890664782675
2,6,9,False,5,Recon,2,DDoS,0.004451689735312762,0.035765047830120945,0.006644792733948009
2,6,9,False,5,Recon,3,DoS,0.0028966281386742713,0.04230172861077731,0.005533990742806916
2,6,9,False,5,Recon,4,Mirai,0.481953927338531,0.1319786808492634,0.5104705615668697
2,6,9,False,5,Recon,5,Recon,0.22346424906317433,0.2594368281265352,0.20107210707856
2,6,9,False,5,Recon,6,Spoofing,0.09233636249052915,0.18188250829378205,0.07872758222176585
2,6,9,False,5,Recon,7,Web-Based,0.004563139616856241,0.1354280343221335,0.0063630021592289395
2,6,9,False,6,Spoofing,0,Benign,0.20345180993985693,0.172567360049891,0.2129752411877739
2,6,9,False,6,Spoofing,1,BruteForce,0.003969553644075502,0.0401556188382254,0.005594561604115943
2,6,9,False,6,Spoofing,2,DDoS,0.004886739172912217,0.03654558185499114,0.007003732231253415
2,6,9,False,6,Spoofing,3,DoS,0.0032968309476535374,0.05884379260807337,0.005646586458114659
2,6,9,False,6,Spoofing,4,Mirai,0.49037397017892564,0.14329813647794917,0.5270247029692076
2,6,9,False,6,Spoofing,5,Recon,0.15072169304337232,0.20931576415171893,0.13388392227429521
2,6,9,False,6,Spoofing,6,Spoofing,0.13837658969429528,0.22095346905075328,0.10103837489641995
2,6,9,False,6,Spoofing,7,Web-Based,0.004922813378908436,0.11832027696839771,0.006832878378819363
2,6,9,False,7,Web-Based,0,Benign,0.18732316441356262,0.20218633704722816,0.20573941393174097
2,6,9,False,7,Web-Based,1,BruteForce,0.0034297199380312095,0.042859517761456974,0.004988285031987422
2,6,9,False,7,Web-Based,2,DDoS,0.005077174966719941,0.03876320011236361,0.0078520559200081
2,6,9,False,7,Web-Based,3,DoS,0.002969873887610655,0.049507371620056785,0.0050920035248949455
2,6,9,False,7,Web-Based,4,Mirai,0.5843907011911635,0.1566262611631081,0.5967359652309505
2,6,9,False,7,Web-Based,5,Recon,0.11489780052945903,0.18787560485868154,0.09912271282795135
2,6,9,False,7,Web-Based,6,Spoofing,0.09765520850107468,0.19787895058532637,0.07408300743614007
2,6,9,False,7,Web-Based,7,Web-Based,0.004256356572378399,0.12430275685177844,0.006386556096326617
2,6,10,True,0,Benign,0,Benign,0.04206624624852309,0.17706497512208286,0.022270045567745377
2,6,10,True,0,Benign,1,BruteForce,0.01996725623168265,0.03843549745294944,0.019048116147505827
2,6,10,True,0,Benign,2,DDoS,0.02262875577375409,0.04395231947741938,0.058264932055389435
2,6,10,True,0,Benign,3,DoS,0.046988672412785946,0.08624595637014738,0.04369451153948292
2,6,10,True,0,Benign,4,Mirai,0.07435196823367,0.1469705120465414,0.07935026555243353
2,6,10,True,0,Benign,5,Recon,0.07271882830897497,0.2056499648495477,0.13568543610090097
2,6,10,True,0,Benign,6,Spoofing,0.12734489591441722,0.1965394118775018,0.3294301928385613
2,6,10,True,0,Benign,7,Web-Based,0.593933376876192,0.10514136280381013,0.3122565001979806
2,6,10,True,1,BruteForce,0,Benign,0.04225629481041631,0.18104564267459525,0.021395882591181345
2,6,10,True,1,BruteForce,1,BruteForce,0.02084884994267826,0.050645218466150714,0.01820485343619936
2,6,10,True,1,BruteForce,2,DDoS,0.020191781229133236,0.036705403244204335,0.027800501153444554
2,6,10,True,1,BruteForce,3,DoS,0.034028798170675105,0.04146995659648799,0.030508297120172185
2,6,10,True,1,BruteForce,4,Mirai,0.07445292139992209,0.1489523944396415,0.09075246456452916
2,6,10,True,1,BruteForce,5,Recon,0.07545354971538004,0.20618372466430127,0.1355921528596097
2,6,10,True,1,BruteForce,6,Spoofing,0.12715377842486794,0.1964000932790449,0.2919583863509789
2,6,10,True,1,BruteForce,7,Web-Based,0.605614026306927,0.13859756663557407,0.38378746192388474
2,6,10,True,2,DDoS,0,Benign,0.028911886668633608,0.043299480749725276,0.02146354989899178
2,6,10,True,2,DDoS,1,BruteForce,0.028397015360690385,0.03272986261828993,0.021106456308982644
2,6,10,True,2,DDoS,2,DDoS,0.19513225475455998,0.5980557967717731,0.6022786062618589
2,6,10,True,2,DDoS,3,DoS,0.32378026253531583,0.10728933004432777,0.024344013283275748
2,6,10,True,2,DDoS,4,Mirai,0.056547171238981286,0.07216749670052464,0.040499910327815074
2,6,10,True,2,DDoS,5,Recon,0.03869570297535674,0.06520293274226857,0.05963832227706456
2,6,10,True,2,DDoS,6,Spoofing,0.06103922208630159,0.04762810961943107,0.10744966039347457
2,6,10,True,2,DDoS,7,Web-Based,0.26749648438016066,0.03362699075365963,0.12321948124853671
2,6,10,True,3,DoS,0,Benign,0.026147405448331034,0.032538412405145385,0.016524256399403355
2,6,10,True,3,DoS,1,BruteForce,0.02197667429119571,0.02471887235035188,0.024251685421476613
2,6,10,True,3,DoS,2,DDoS,0.044846804870391554,0.14451098983732338,0.1921524231437968
2,6,10,True,3,DoS,3,DoS,0.31052713821475114,0.5543519414475225,0.3432196650431296
2,6,10,True,3,DoS,4,Mirai,0.09371482460985527,0.11396686696062497,0.04899223425140833
2,6,10,True,3,DoS,5,Recon,0.04075927999590596,0.040612610851682614,0.06773421950960029
2,6,10,True,3,DoS,6,Spoofing,0.07531898385714808,0.06081965175158244,0.18115959177665295
2,6,10,True,3,DoS,7,Web-Based,0.3867088887124212,0.02848065439576678,0.12596592445453203
2,6,10,True,4,Mirai,0,Benign,0.039113946032781156,0.17784806038602718,0.020906360869143853
2,6,10,True,4,Mirai,1,BruteForce,0.02015741379030289,0.04398599027509904,0.018484991654150906
2,6,10,True,4,Mirai,2,DDoS,0.02152907151464717,0.04478304468574093,0.04526853483889094
2,6,10,True,4,Mirai,3,DoS,0.04523881753012316,0.08157867019463576,0.04057060523043271
2,6,10,True,4,Mirai,4,Mirai,0.08400613275734913,0.22030504442577087,0.0930199027442174
2,6,10,True,4,Mirai,5,Recon,0.06734925901145697,0.1333196663224708,0.1230947051897784
2,6,10,True,4,Mirai,6,Spoofing,0.12142414057653363,0.19209299438201666,0.32823821797470715
2,6,10,True,4,Mirai,7,Web-Based,0.601181218786806,0.10608652932823875,0.33041668149867864
2,6,10,True,5,Recon,0,Benign,0.0420336659687046,0.16575431503784688,0.021000630285856473
2,6,10,True,5,Recon,1,BruteForce,0.02054442064168547,0.047452856929540696,0.01812983451842123
2,6,10,True,5,Recon,2,DDoS,0.020008780744899403,0.035765047830120945,0.027754586994734036
2,6,10,True,5,Recon,3,DoS,0.03390568638438286,0.04230172861077731,0.031053758674665574
2,6,10,True,5,Recon,4,Mirai,0.0729076993297106,0.1319786808492634,0.08863199214013308
2,6,10,True,5,Recon,5,Recon,0.08205145239165818,0.2594368281265352,0.1505426834996439
2,6,10,True,5,Recon,6,Spoofing,0.1265338710524883,0.18188250829378205,0.2842386896914777
2,6,10,True,5,Recon,7,Web-Based,0.6020144234864706,0.1354280343221335,0.37864782419506804
2,6,10,True,6,Spoofing,0,Benign,0.04197463144022867,0.172567360049891,0.0219464716626074
2,6,10,True,6,Spoofing,1,BruteForce,0.019848091256272838,0.0401556188382254,0.017590292229546802
2,6,10,True,6,Spoofing,2,DDoS,0.020849611637631577,0.03654558185499114,0.02732242244704799
2,6,10,True,6,Spoofing,3,DoS,0.04059923424450912,0.05884379260807337,0.03497819372947385
2,6,10,True,6,Spoofing,4,Mirai,0.07645781509824576,0.14329813647794917,0.08108459950483436
2,6,10,True,6,Spoofing,5,Recon,0.07412716088845542,0.20931576415171893,0.13512999372248
2,6,10,True,6,Spoofing,6,Spoofing,0.12838174244364314,0.22095346905075328,0.34700179629198724
2,6,10,True,6,Spoofing,7,Web-Based,0.5977617129910135,0.11832027696839771,0.33494623041202237
2,6,10,True,7,Web-Based,0,Benign,0.04268143658620888,0.20218633704722816,0.02233567399325899
2,6,10,True,7,Web-Based,1,BruteForce,0.020230655180501055,0.042859517761456974,0.017738799278910797
2,6,10,True,7,Web-Based,2,DDoS,0.020863340992024755,0.03876320011236361,0.02980222971691401
2,6,10,True,7,Web-Based,3,DoS,0.03851120829069913,0.049507371620056785,0.031205773506683104
2,6,10,True,7,Web-Based,4,Mirai,0.07494867720681475,0.1566262611631081,0.08933694551850077
2,6,10,True,7,Web-Based,5,Recon,0.0759344860346439,0.18787560485868154,0.13496437980333795
2,6,10,True,7,Web-Based,6,Spoofing,0.1269650369278645,0.19787895058532637,0.30979530381561704
2,6,10,True,7,Web-Based,7,Web-Based,0.599865158781243,0.12430275685177844,0.3648208943667773
2,6,11,False,0,Benign,0,Benign,0.5152481199614857,0.17706497512208286,0.5054759344795156
2,6,11,False,0,Benign,1,BruteForce,0.005669553894725334,0.03843549745294944,0.007462605127298825
2,6,11,False,0,Benign,2,DDoS,0.005827520119344912,0.04395231947741938,0.010640381605379423
2,6,11,False,0,Benign,3,DoS,0.008127922775971314,0.08624595637014738,0.014780983180301552
2,6,11,False,0,Benign,4,Mirai,0.08171470905796831,0.1469705120465414,0.08417180931879836
2,6,11,False,0,Benign,5,Recon,0.11393141858491321,0.2056499648495477,0.1373969726142291
2,6,11,False,0,Benign,6,Spoofing,0.2634451292498132,0.1965394118775018,0.23190462746669555
2,6,11,False,0,Benign,7,Web-Based,0.006035626355778066,0.10514136280381013,0.008166686207781701
2,6,11,False,1,BruteForce,0,Benign,0.49630558453679635,0.18104564267459525,0.5106147524192624
2,6,11,False,1,BruteForce,1,BruteForce,0.006149919829641523,0.050645218466150714,0.007222023432318588
2,6,11,False,1,BruteForce,2,DDoS,0.004739274333104733,0.036705403244204335,0.009715753075438184
2,6,11,False,1,BruteForce,3,DoS,0.005486989447028892,0.04146995659648799,0.00845695820506947
2,6,11,False,1,BruteForce,4,Mirai,0.09911213353893412,0.1489523944396415,0.08771126418285896
2,6,11,False,1,BruteForce,5,Recon,0.1141095979378261,0.20618372466430127,0.13823024944282974
2,6,11,False,1,BruteForce,6,Spoofing,0.2676524967488975,0.1964000932790449,0.23020952939325387
2,6,11,False,1,BruteForce,7,Web-Based,0.006444003627770875,0.13859756663557407,0.00783946984896885
2,6,11,False,2,DDoS,0,Benign,0.15777651413876426,0.043299480749725276,0.391693033549768
2,6,11,False,2,DDoS,1,BruteForce,0.00929240647008239,0.03272986261828993,0.012270970192291
2,6,11,False,2,DDoS,2,DDoS,0.5142136715394401,0.5980557967717731,0.14293445703506732
2,6,11,False,2,DDoS,3,DoS,0.022330308355166625,0.10728933004432777,0.0346928188460991
2,6,11,False,2,DDoS,4,Mirai,0.1001027511820487,0.07216749670052464,0.08264899631452405
2,6,11,False,2,DDoS,5,Recon,0.07000241337687191,0.06520293274226857,0.10654715777236783
2,6,11,False,2,DDoS,6,Spoofing,0.11795590500387526,0.04762810961943107,0.2163560792426348
2,6,11,False,2,DDoS,7,Web-Based,0.008326029933750936,0.03362699075365963,0.012856487047247967
2,6,11,False,3,DoS,0,Benign,0.060882041504604203,0.032538412405145385,0.10309353673587984
2,6,11,False,3,DoS,1,BruteForce,0.010191641603333284,0.02471887235035188,0.016412016849813423
2,6,11,False,3,DoS,2,DDoS,0.015066920108911657,0.14451098983732338,0.01715386702274042
2,6,11,False,3,DoS,3,DoS,0.6330495350131781,0.5543519414475225,0.4905930896630506
2,6,11,False,3,DoS,4,Mirai,0.04681274944827818,0.11396686696062497,0.06735126521196996
2,6,11,False,3,DoS,5,Recon,0.02112107854588221,0.040612610851682614,0.03254476557324266
2,6,11,False,3,DoS,6,Spoofing,0.2060537562993774,0.06081965175158244,0.2576296574068613
2,6,11,False,3,DoS,7,Web-Based,0.00682227747643506,0.02848065439576678,0.015221801536441816
2,6,11,False,4,Mirai,0,Benign,0.45670569386278226,0.17784806038602718,0.4930178028074896
2,6,11,False,4,Mirai,1,BruteForce,0.00568056839039391,0.04398599027509904,0.007418595071505128
2,6,11,False,4,Mirai,2,DDoS,0.0062998666834462175,0.04478304468574093,0.010673475310734544
2,6,11,False,4,Mirai,3,DoS,0.009205251517734072,0.08157867019463576,0.017015575176746667
2,6,11,False,4,Mirai,4,Mirai,0.17002054466672517,0.22030504442577087,0.12286600958710883
2,6,11,False,4,Mirai,5,Recon,0.07684296487423846,0.1333196663224708,0.08906886765228121
2,6,11,False,4,Mirai,6,Spoofing,0.2686231260689853,0.19209299438201666,0.2510653933064498
2,6,11,False,4,Mirai,7,Web-Based,0.00662198393569456,0.10608652932823875,0.008874281087684113
2,6,11,False,5,Recon,0,Benign,0.49802407685424993,0.16575431503784688,0.4927068831424751
2,6,11,False,5,Recon,1,BruteForce,0.006067104655750963,0.047452856929540696,0.00742554195106978
2,6,11,False,5,Recon,2,DDoS,0.004430838743568142,0.035765047830120945,0.009624595886530429
2,6,11,False,5,Recon,3,DoS,0.005111639317528239,0.04230172861077731,0.008328389430311143
2,6,11,False,5,Recon,4,Mirai,0.07857468166534556,0.1319786808492634,0.08341663457695307
2,6,11,False,5,Recon,5,Recon,0.17647267534131042,0.2594368281265352,0.18752957396487546
2,6,11,False,5,Recon,6,Spoofing,0.22507640777668336,0.18188250829378205,0.20326917878805226
2,6,11,False,5,Recon,7,Web-Based,0.006242575645563411,0.1354280343221335,0.0076992022597328095
2,6,11,False,6,Spoofing,0,Benign,0.4656897432127662,0.172567360049891,0.48286301836284756
2,6,11,False,6,Spoofing,1,BruteForce,0.0055686685172141245,0.0401556188382254,0.007235802502337834
2,6,11,False,6,Spoofing,2,DDoS,0.005122483280107369,0.03654558185499114,0.009895507549570342
2,6,11,False,6,Spoofing,3,DoS,0.0056449656286948965,0.05884379260807337,0.009983399578093499
2,6,11,False,6,Spoofing,4,Mirai,0.07232820341037426,0.14329813647794917,0.0785594528290734
2,6,11,False,6,Spoofing,5,Recon,0.11097915350483567,0.20931576415171893,0.12942968868645746
2,6,11,False,6,Spoofing,6,Spoofing,0.3285310669956117,0.22095346905075328,0.2740407670468335
2,6,11,False,6,Spoofing,7,Web-Based,0.006135715450395859,0.11832027696839771,0.007992363444786446
2,6,11,False,7,Web-Based,0,Benign,0.5102555446777294,0.20218633704722816,0.5289669156973816
2,6,11,False,7,Web-Based,1,BruteForce,0.005547146455636756,0.042859517761456974,0.006997340482420253
2,6,11,False,7,Web-Based,2,DDoS,0.005248150123126481,0.03876320011236361,0.009770151186618404
2,6,11,False,7,Web-Based,3,DoS,0.006016928763224562,0.049507371620056785,0.009807038889836544
2,6,11,False,7,Web-Based,4,Mirai,0.10814474405169967,0.1566262611631081,0.09178229978131258
2,6,11,False,7,Web-Based,5,Recon,0.09850928018462661,0.18787560485868154,0.12418983171646154
2,6,11,False,7,Web-Based,6,Spoofing,0.25989415860566983,0.19787895058532637,0.2204966630762761
2,6,11,False,7,Web-Based,7,Web-Based,0.006384047138286607,0.12430275685177844,0.007989759169692986
2,6,12,False,0,Benign,0,Benign,0.022742416222216486,0.17706497512208286,0.026462665550044947
2,6,12,False,0,Benign,1,BruteForce,0.010294260881422924,0.03843549745294944,0.012055694095309408
2,6,12,False,0,Benign,2,DDoS,0.010708158973446813,0.04395231947741938,0.014718325348589106
2,6,12,False,0,Benign,3,DoS,0.0783138709063943,0.08624595637014738,0.09649944847369452
2,6,12,False,0,Benign,4,Mirai,0.5298384594003213,0.1469705120465414,0.497085396462591
2,6,12,False,0,Benign,5,Recon,0.1419060411724854,0.2056499648495477,0.12355267580960916
2,6,12,False,0,Benign,6,Spoofing,0.15133649644245223,0.1965394118775018,0.18046671219629276
2,6,12,False,0,Benign,7,Web-Based,0.05486029600126067,0.10514136280381013,0.04915908206386924
2,6,12,False,1,BruteForce,0,Benign,0.023434888807109665,0.18104564267459525,0.025107642284793254
2,6,12,False,1,BruteForce,1,BruteForce,0.01281965656031643,0.050645218466150714,0.01200549613060556
2,6,12,False,1,BruteForce,2,DDoS,0.009762163088075638,0.036705403244204335,0.013128686943424587
2,6,12,False,1,BruteForce,3,DoS,0.017049735405385943,0.04146995659648799,0.029005819762036804
2,6,12,False,1,BruteForce,4,Mirai,0.5789891680047052,0.1489523944396415,0.5528058772746978
2,6,12,False,1,BruteForce,5,Recon,0.12887819460000122,0.20618372466430127,0.13472743978366244
2,6,12,False,1,BruteForce,6,Spoofing,0.15041678523950397,0.1964000932790449,0.17409356481768265
2,6,12,False,1,BruteForce,7,Web-Based,0.07864940829490201,0.13859756663557407,0.059125473003096875
2,6,12,False,2,DDoS,0,Benign,0.014120705703836554,0.043299480749725276,0.030003869943939145
2,6,12,False,2,DDoS,1,BruteForce,0.011840182921664655,0.03272986261828993,0.017771132103718997
2,6,12,False,2,DDoS,2,DDoS,0.49755921442405,0.5980557967717731,0.3171184497345759
2,6,12,False,2,DDoS,3,DoS,0.09734259584850515,0.10728933004432777,0.10086297956612204
2,6,12,False,2,DDoS,4,Mirai,0.22970960677543611,0.07216749670052464,0.3132603556709456
2,6,12,False,2,DDoS,5,Recon,0.08129759629776268,0.06520293274226857,0.09257944457817051
2,6,12,False,2,DDoS,6,Spoofing,0.0416887227484048,0.04762810961943107,0.08977983377810282
2,6,12,False,2,DDoS,7,Web-Based,0.02644137528034016,0.03362699075365963,0.03862393462442499
2,6,12,False,3,DoS,0,Benign,0.005505195741273762,0.032538412405145385,0.010999057746118568
2,6,12,False,3,DoS,1,BruteForce,0.009659309617622453,0.02471887235035188,0.0175514269892811
2,6,12,False,3,DoS,2,DDoS,0.016621423999939204,0.14451098983732338,0.020152437677119866
2,6,12,False,3,DoS,3,DoS,0.8221801212623504,0.5543519414475225,0.7022069929548109
2,6,12,False,3,DoS,4,Mirai,0.06884662642026868,0.11396686696062497,0.11680458200945516
2,6,12,False,3,DoS,5,Recon,0.028548702238617333,0.040612610851682614,0.03703591624944796
2,6,12,False,3,DoS,6,Spoofing,0.034757071420235305,0.06081965175158244,0.07279207348035582
2,6,12,False,3,DoS,7,Web-Based,0.013881549299692899,0.02848065439576678,0.022457512893410584
2,6,12,False,4,Mirai,0,Benign,0.019890139063858565,0.17784806038602718,0.02594305074139693
2,6,12,False,4,Mirai,1,BruteForce,0.009054973287593382,0.04398599027509904,0.010684721840303734
2,6,12,False,4,Mirai,2,DDoS,0.011462390956806554,0.04478304468574093,0.015048815664166753
2,6,12,False,4,Mirai,3,DoS,0.03153537363913957,0.08157867019463576,0.0529732702800002
2,6,12,False,4,Mirai,4,Mirai,0.6739675792511016,0.22030504442577087,0.6064310047794048
2,6,12,False,4,Mirai,5,Recon,0.09563877180568207,0.1333196663224708,0.095220632058516
2,6,12,False,4,Mirai,6,Spoofing,0.1118223708351415,0.19209299438201666,0.14817769204580464
2,6,12,False,4,Mirai,7,Web-Based,0.046628401160676715,0.10608652932823875,0.045520812590406794
2,6,12,False,5,Recon,0,Benign,0.022342429430289138,0.16575431503784688,0.023632525474858623
2,6,12,False,5,Recon,1,BruteForce,0.012823140447198976,0.047452856929540696,0.012284384474508312
2,6,12,False,5,Recon,2,DDoS,0.009675324531014958,0.035765047830120945,0.01318532466708884
2,6,12,False,5,Recon,3,DoS,0.020082572982344202,0.04230172861077731,0.0314168214343716
2,6,12,False,5,Recon,4,Mirai,0.5445482365305165,0.1319786808492634,0.5370038599406017
2,6,12,False,5,Recon,5,Recon,0.16740730206390553,0.2594368281265352,0.16281062096259766
2,6,12,False,5,Recon,6,Spoofing,0.1436392297023196,0.18188250829378205,0.1625838537369057
2,6,12,False,5,Recon,7,Web-Based,0.07948176431241114,0.1354280343221335,0.05708260930906753
2,6,12,False,6,Spoofing,0,Benign,0.0229993584730419,0.172567360049891,0.026469107199742777
2,6,12,False,6,Spoofing,1,BruteForce,0.010820468909769962,0.0401556188382254,0.011622460802595755
2,6,12,False,6,Spoofing,2,DDoS,0.009575902797790598,0.03654558185499114,0.013628173719736776
2,6,12,False,6,Spoofing,3,DoS,0.03438739731986603,0.05884379260807337,0.05960305714089781
2,6,12,False,6,Spoofing,4,Mirai,0.5132411553719788,0.14329813647794917,0.49415070750533713
2,6,12,False,6,Spoofing,5,Recon,0.15530637624898797,0.20931576415171893,0.1245803767133329
2,6,12,False,6,Spoofing,6,Spoofing,0.18732822809975694,0.22095346905075328,0.2142325937076371
2,6,12,False,6,Spoofing,7,Web-Based,0.06634111277880803,0.11832027696839771,0.05571352321071982
2,6,12,False,7,Web-Based,0,Benign,0.022625859692711386,0.20218633704722816,0.02641490311951378
2,6,12,False,7,Web-Based,1,BruteForce,0.010363037995480958,0.042859517761456974,0.011202996129719044
2,6,12,False,7,Web-Based,2,DDoS,0.00982509429912123,0.03876320011236361,0.013888644164304482
2,6,12,False,7,Web-Based,3,DoS,0.02846641832095082,0.049507371620056785,0.03456977866360679
2,6,12,False,7,Web-Based,4,Mirai,0.5783777100280645,0.1566262611631081,0.5575893799557168
2,6,12,False,7,Web-Based,5,Recon,0.14282042140457823,0.18787560485868154,0.13010916216150645
2,6,12,False,7,Web-Based,6,Spoofing,0.142389007238536,0.19787895058532637,0.1695661573199577
2,6,12,False,7,Web-Based,7,Web-Based,0.0651324510205569,0.12430275685177844,0.056658978485675054
2,6,13,False,0,Benign,0,Benign,0.058650824066285925,0.17706497512208286,0.06055386004083888
2,6,13,False,0,Benign,1,BruteForce,0.11882879796472119,0.03843549745294944,0.09363316921225759
2,6,13,False,0,Benign,2,DDoS,0.05726527904873505,0.04395231947741938,0.06796401271045555
2,6,13,False,0,Benign,3,DoS,0.011575896402898663,0.08624595637014738,0.01536906606727667
2,6,13,False,0,Benign,4,Mirai,0.0543700711218273,0.1469705120465414,0.05432285348042039
2,6,13,False,0,Benign,5,Recon,0.35013629901766996,0.2056499648495477,0.39795739412411263
2,6,13,False,0,Benign,6,Spoofing,0.13914339301017137,0.1965394118775018,0.1273448450201094
2,6,13,False,0,Benign,7,Web-Based,0.21002943936769058,0.10514136280381013,0.18285479934452892
2,6,13,False,1,BruteForce,0,Benign,0.06329493464211784,0.18104564267459525,0.06219007911701284
2,6,13,False,1,BruteForce,1,BruteForce,0.16290287497665154,0.050645218466150714,0.11360017528602807
2,6,13,False,1,BruteForce,2,DDoS,0.024987412049588358,0.036705403244204335,0.024879683051240126
2,6,13,False,1,BruteForce,3,DoS,0.012946129921730049,0.04146995659648799,0.01628907518567972
2,6,13,False,1,BruteForce,4,Mirai,0.06242899099162344,0.1489523944396415,0.05909321433342645
2,6,13,False,1,BruteForce,5,Recon,0.2816604832637401,0.20618372466430127,0.39380068182300615
2,6,13,False,1,BruteForce,6,Spoofing,0.12617031031106687,0.1964000932790449,0.1127826349398934
2,6,13,False,1,BruteForce,7,Web-Based,0.26560886384348176,0.13859756663557407,0.21736445626371323
2,6,13,False,2,DDoS,0,Benign,0.021523127583661022,0.043299480749725276,0.029645218230663097
2,6,13,False,2,DDoS,1,BruteForce,0.04419667889196277,0.03272986261828993,0.044390003608591314
2,6,13,False,2,DDoS,2,DDoS,0.6688743268982779,0.5980557967717731,0.6352909363725004
2,6,13,False,2,DDoS,3,DoS,0.006279236037548433,0.10728933004432777,0.010503117844130891
2,6,13,False,2,DDoS,4,Mirai,0.02911356212871934,0.07216749670052464,0.02860493938647318
2,6,13,False,2,DDoS,5,Recon,0.12320295231264106,0.06520293274226857,0.13708271084685927
2,6,13,False,2,DDoS,6,Spoofing,0.041091890232820026,0.04762810961943107,0.05030055513476766
2,6,13,False,2,DDoS,7,Web-Based,0.06571822591436947,0.03362699075365963,0.06418251857601417
2,6,13,False,3,DoS,0,Benign,0.017399089081566045,0.032538412405145385,0.03233971978002759
2,6,13,False,3,DoS,1,BruteForce,0.06308919352646056,0.02471887235035188,0.05300713177743538
2,6,13,False,3,DoS,2,DDoS,0.30421113469217903,0.14451098983732338,0.2691257299968779
2,6,13,False,3,DoS,3,DoS,0.2733134886871957,0.5543519414475225,0.05076355300514008
2,6,13,False,3,DoS,4,Mirai,0.07310688102420802,0.11396686696062497,0.061014517512999064
2,6,13,False,3,DoS,5,Recon,0.08808271428841835,0.040612610851682614,0.29218726986237215
2,6,13,False,3,DoS,6,Spoofing,0.10485593315979884,0.06081965175158244,0.11358387417877497
2,6,13,False,3,DoS,7,Web-Based,0.07594156554017355,0.02848065439576678,0.12797820388637293
2,6,13,False,4,Mirai,0,Benign,0.060675243808697994,0.17784806038602718,0.06505704215425251
2,6,13,False,4,Mirai,1,BruteForce,0.14826609230679583,0.04398599027509904,0.10857552825100836
2,6,13,False,4,Mirai,2,DDoS,0.058681623654202084,0.04478304468574093,0.054829259904598894
2,6,13,False,4,Mirai,3,DoS,0.012839591346559508,0.08157867019463576,0.01631967809243778
2,6,13,False,4,Mirai,4,Mirai,0.09923102136761594,0.22030504442577087,0.06634550226409335
2,6,13,False,4,Mirai,5,Recon,0.2599516471662808,0.1333196663224708,0.36094686593090997
2,6,13,False,4,Mirai,6,Spoofing,0.1388441514969589,0.19209299438201666,0.12982506029211566
2,6,13,False,4,Mirai,7,Web-Based,0.22151062885288908,0.10608652932823875,0.19810106311058343
2,6,13,False,5,Recon,0,Benign,0.05942680965797829,0.16575431503784688,0.058890944199925195
2,6,13,False,5,Recon,1,BruteForce,0.14946919539479728,0.047452856929540696,0.10996258594731881
2,6,13,False,5,Recon,2,DDoS,0.022957924517566355,0.035765047830120945,0.024575459907588162
2,6,13,False,5,Recon,3,DoS,0.01229983518593268,0.04230172861077731,0.016073495926865418
2,6,13,False,5,Recon,4,Mirai,0.05566217481414485,0.1319786808492634,0.05682780049595466
2,6,13,False,5,Recon,5,Recon,0.33452853840537106,0.2594368281265352,0.4166202590929207
2,6,13,False,5,Recon,6,Spoofing,0.1154823400854571,0.18188250829378205,0.10761596507282863
2,6,13,False,5,Recon,7,Web-Based,0.2501731819387524,0.1354280343221335,0.20943348935659842
2,6,13,False,6,Spoofing,0,Benign,0.05657922186455292,0.172567360049891,0.05824697724820248
2,6,13,False,6,Spoofing,1,BruteForce,0.12170395785000628,0.0401556188382254,0.09347761890614228
2,6,13,False,6,Spoofing,2,DDoS,0.021416292417588634,0.03654558185499114,0.023553621414356338
2,6,13,False,6,Spoofing,3,DoS,0.011959877071181598,0.05884379260807337,0.015169114494199247
2,6,13,False,6,Spoofing,4,Mirai,0.0549564606669396,0.14329813647794917,0.05348185281645945
2,6,13,False,6,Spoofing,5,Recon,0.3647552063168495,0.20931576415171893,0.4310847366068133
2,6,13,False,6,Spoofing,6,Spoofing,0.1383677905228765,0.22095346905075328,0.12784485484416347
2,6,13,False,6,Spoofing,7,Web-Based,0.2302611932900049,0.11832027696839771,0.19714122366966352
2,6,13,False,7,Web-Based,0,Benign,0.061999671250634644,0.20218633704722816,0.06390660193207431
2,6,13,False,7,Web-Based,1,BruteForce,0.1380308332367498,0.042859517761456974,0.10607394555793523
2,6,13,False,7,Web-Based,2,DDoS,0.02637282529256917,0.03876320011236361,0.030251013981192044
2,6,13,False,7,Web-Based,3,DoS,0.012044139843009592,0.049507371620056785,0.015764724610940636
2,6,13,False,7,Web-Based,4,Mirai,0.06690003221214016,0.1566262611631081,0.05832549336769389
2,6,13,False,7,Web-Based,5,Recon,0.3229647961681741,0.18787560485868154,0.40326458703784607
2,6,13,False,7,Web-Based,6,Spoofing,0.12953705266404897,0.19787895058532637,0.11685334765521006
2,6,13,False,7,Web-Based,7,Web-Based,0.24215064933267352,0.12430275685177844,0.20556028585710787
2,6,14,True,0,Benign,0,Benign,0.09576956347948912,0.17706497512208286,0.1480594796370353
2,6,14,True,0,Benign,1,BruteForce,0.37080249893640094,0.03843549745294944,0.09103057403818236
2,6,14,True,0,Benign,2,DDoS,0.07127631153140265,0.04395231947741938,0.13501037934870694
2,6,14,True,0,Benign,3,DoS,0.0830163472395383,0.08624595637014738,0.08956857574426136
2,6,14,True,0,Benign,4,Mirai,0.0849105473688322,0.1469705120465414,0.15442565169066882
2,6,14,True,0,Benign,5,Recon,0.11922064471039034,0.2056499648495477,0.16030056009055077
2,6,14,True,0,Benign,6,Spoofing,0.07104128522935986,0.1965394118775018,0.031531698583245976
2,6,14,True,0,Benign,7,Web-Based,0.10396280150458669,0.10514136280381013,0.19007308086734842
2,6,14,True,1,BruteForce,0,Benign,0.100509739575768,0.18104564267459525,0.15016749450818784
2,6,14,True,1,BruteForce,1,BruteForce,0.416941436476081,0.050645218466150714,0.11283321346819068
2,6,14,True,1,BruteForce,2,DDoS,0.057689786423806434,0.036705403244204335,0.09277722713760264
2,6,14,True,1,BruteForce,3,DoS,0.05025466232772634,0.04146995659648799,0.04227046551479721
2,6,14,True,1,BruteForce,4,Mirai,0.0699670341352502,0.1489523944396415,0.1726806064477769
2,6,14,True,1,BruteForce,5,Recon,0.12346808157995338,0.20618372466430127,0.15484809839740113
2,6,14,True,1,BruteForce,6,Spoofing,0.0665234304167171,0.1964000932790449,0.03177492365119014
2,6,14,True,1,BruteForce,7,Web-Based,0.11464582906469738,0.13859756663557407,0.24264797087485346
2,6,14,True,2,DDoS,0,Benign,0.03604304132884068,0.043299480749725276,0.05504383470168419
2,6,14,True,2,DDoS,1,BruteForce,0.1393732204558331,0.03272986261828993,0.04343006115053119
2,6,14,True,2,DDoS,2,DDoS,0.17781633329618052,0.5980557967717731,0.6399708418223041
2,6,14,True,2,DDoS,3,DoS,0.4614113661697972,0.10728933004432777,0.049627131916077385
2,6,14,True,2,DDoS,4,Mirai,0.05758396762883089,0.07216749670052464,0.06286634217661555
2,6,14,True,2,DDoS,5,Recon,0.05145611729210375,0.06520293274226857,0.059088950315579924
2,6,14,True,2,DDoS,6,Spoofing,0.030748362197520054,0.04762810961943107,0.016241914274441712
2,6,14,True,2,DDoS,7,Web-Based,0.04556759163089382,0.03362699075365963,0.07373092364276607
2,6,14,True,3,DoS,0,Benign,0.027212840455015052,0.032538412405145385,0.036745108652393624
2,6,14,True,3,DoS,1,BruteForce,0.09910351109625229,0.02471887235035188,0.04923689543867314
2,6,14,True,3,DoS,2,DDoS,0.12396920910055338,0.14451098983732338,0.2189361691991132
2,6,14,True,3,DoS,3,DoS,0.34322012182046857,0.5543519414475225,0.4824966946835219
2,6,14,True,3,DoS,4,Mirai,0.27058635205055964,0.11396686696062497,0.06901901062078761
2,6,14,True,3,DoS,5,Recon,0.04526791508217783,0.040612610851682614,0.05468298899091042
2,6,14,True,3,DoS,6,Spoofing,0.03614777841905262,0.06081965175158244,0.018572282182331694
2,6,14,True,3,DoS,7,Web-Based,0.05449227197592054,0.02848065439576678,0.07031085023226843
2,6,14,True,4,Mirai,0,Benign,0.08686988424518004,0.17784806038602718,0.14558260732719783
2,6,14,True,4,Mirai,1,BruteForce,0.3696994124967168,0.04398599027509904,0.10089984082769843
2,6,14,True,4,Mirai,2,DDoS,0.07239600760891234,0.04478304468574093,0.132365923533683
2,6,14,True,4,Mirai,3,DoS,0.08269229431235374,0.08157867019463576,0.07981239993660168
2,6,14,True,4,Mirai,4,Mirai,0.11618013768232525,0.22030504442577087,0.1897777612426273
2,6,14,True,4,Mirai,5,Recon,0.10582292029625691,0.1333196663224708,0.12823493531298275
2,6,14,True,4,Mirai,6,Spoofing,0.06270208331751703,0.19209299438201666,0.03008714133987326
2,6,14,True,4,Mirai,7,Web-Based,0.10363726004073798,0.10608652932823875,0.1932393904793358
2,6,14,True,5,Recon,0,Benign,0.09772976009168492,0.16575431503784688,0.14467575747633607
2,6,14,True,5,Recon,1,BruteForce,0.4080663133461592,0.047452856929540696,0.1141463146584827
2,6,14,True,5,Recon,2,DDoS,0.05685981962149395,0.035765047830120945,0.09065836586990135
2,6,14,True,5,Recon,3,DoS,0.049880426744524364,0.04230172861077731,0.0434782976751668
2,6,14,True,5,Recon,4,Mirai,0.06558891200766348,0.1319786808492634,0.16795692760821904
2,6,14,True,5,Recon,5,Recon,0.1405846460051898,0.2594368281265352,0.16936905507596675
2,6,14,True,5,Recon,6,Spoofing,0.06728534249103074,0.18188250829378205,0.03200187725743563
2,6,14,True,5,Recon,7,Web-Based,0.11400477969225364,0.1354280343221335,0.2377134043784918
2,6,14,True,6,Spoofing,0,Benign,0.09925233770460784,0.172567360049891,0.15515672168342898
2,6,14,True,6,Spoofing,1,BruteForce,0.3817537209480712,0.0401556188382254,0.09402456146783492
2,6,14,True,6,Spoofing,2,DDoS,0.05704817878614047,0.03654558185499114,0.08721759719181094
2,6,14,True,6,Spoofing,3,DoS,0.05576914212322398,0.05884379260807337,0.07751984771762219
2,6,14,True,6,Spoofing,4,Mirai,0.08347877736027116,0.14329813647794917,0.15508192804945162
2,6,14,True,6,Spoofing,5,Recon,0.13042565087066638,0.20931576415171893,0.17753370357063722
2,6,14,True,6,Spoofing,6,Spoofing,0.07952582819703403,0.22095346905075328,0.03393015712444098
2,6,14,True,6,Spoofing,7,Web-Based,0.11274636400998499,0.11832027696839771,0.21953548319477323
2,6,14,True,7,Web-Based,0,Benign,0.09894427087990168,0.20218633704722816,0.16189355912712247
2,6,14,True,7,Web-Based,1,BruteForce,0.39789465419992215,0.042859517761456974,0.10210076203622208
2,6,14,True,7,Web-Based,2,DDoS,0.05895088127042938,0.03876320011236361,0.10510760822241653
2,6,14,True,7,Web-Based,3,DoS,0.05972940006933281,0.049507371620056785,0.046255614517100856
2,6,14,True,7,Web-Based,4,Mirai,0.08026506916898146,0.1566262611631081,0.17585135880458092
2,6,14,True,7,Web-Based,5,Recon,0.12506455078848694,0.18787560485868154,0.15516483640281217
2,6,14,True,7,Web-Based,6,Spoofing,0.06813761071052532,0.19787895058532637,0.032388845509535816
2,6,14,True,7,Web-Based,7,Web-Based,0.11101356291242034,0.12430275685177844,0.22123741538020916
2,6,15,True,0,Benign,0,Benign,0.10489574154515367,0.17706497512208286,0.049839407048369984
2,6,15,True,0,Benign,1,BruteForce,0.08352089256896846,0.03843549745294944,0.031952746373506424
2,6,15,True,0,Benign,2,DDoS,0.08139154957724713,0.04395231947741938,0.5022519274526185
2,6,15,True,0,Benign,3,DoS,0.1918872992150622,0.08624595637014738,0.2867873313995385
2,6,15,True,0,Benign,4,Mirai,0.3953739693851561,0.1469705120465414,0.03710599221636177
2,6,15,True,0,Benign,5,Recon,0.03485509084317146,0.2056499648495477,0.023070707372011598
2,6,15,True,0,Benign,6,Spoofing,0.04373356533720817,0.1965394118775018,0.03884810561062139
2,6,15,True,0,Benign,7,Web-Based,0.0643418915280329,0.10514136280381013,0.03014378252697195
2,6,15,True,1,BruteForce,0,Benign,0.10387815672903396,0.18104564267459525,0.05207551206555742
2,6,15,True,1,BruteForce,1,BruteForce,0.10774709800657313,0.050645218466150714,0.033464480183938446
2,6,15,True,1,BruteForce,2,DDoS,0.09001172057012015,0.036705403244204335,0.5329504797880963
2,6,15,True,1,BruteForce,3,DoS,0.15449626789477372,0.04146995659648799,0.2504226473607079
2,6,15,True,1,BruteForce,4,Mirai,0.38660716444752186,0.1489523944396415,0.03849186840165198
2,6,15,True,1,BruteForce,5,Recon,0.031205022374956915,0.20618372466430127,0.02265328635101351
2,6,15,True,1,BruteForce,6,Spoofing,0.045003263185405054,0.1964000932790449,0.03799244616487405
2,6,15,True,1,BruteForce,7,Web-Based,0.08105130679161533,0.13859756663557407,0.0319492796841605
2,6,15,True,2,DDoS,0,Benign,0.036664651839550685,0.043299480749725276,0.037558931196428384
2,6,15,True,2,DDoS,1,BruteForce,0.0385524423800989,0.03272986261828993,0.02688383215724133
2,6,15,True,2,DDoS,2,DDoS,0.40587778048135886,0.5980557967717731,0.7419043758520436
2,6,15,True,2,DDoS,3,DoS,0.26645658986579135,0.10728933004432777,0.10634900120256495
2,6,15,True,2,DDoS,4,Mirai,0.1835577879458411,0.07216749670052464,0.027500291863635604
2,6,15,True,2,DDoS,5,Recon,0.02096583121314833,0.06520293274226857,0.016731122419306972
2,6,15,True,2,DDoS,6,Spoofing,0.019390360879154456,0.04762810961943107,0.021729241659544984
2,6,15,True,2,DDoS,7,Web-Based,0.028534555395056244,0.03362699075365963,0.0213432036492342
2,6,15,True,3,DoS,0,Benign,0.020894436898166287,0.032538412405145385,0.02093062169185039
2,6,15,True,3,DoS,1,BruteForce,0.020388773435442115,0.02471887235035188,0.03937447271880717
2,6,15,True,3,DoS,2,DDoS,0.09689383683336633,0.14451098983732338,0.230983461552189
2,6,15,True,3,DoS,3,DoS,0.4365956768500746,0.5543519414475225,0.6203742998024961
2,6,15,True,3,DoS,4,Mirai,0.36463282958123144,0.11396686696062497,0.02558702906097365
2,6,15,True,3,DoS,5,Recon,0.01632508007868133,0.040612610851682614,0.016732501945439
2,6,15,True,3,DoS,6,Spoofing,0.02066910689244006,0.06081965175158244,0.022870721632670718
2,6,15,True,3,DoS,7,Web-Based,0.02360025943059785,0.02848065439576678,0.02314689159557398
2,6,15,True,4,Mirai,0,Benign,0.09500356955310152,0.17784806038602718,0.04918618415140519
2,6,15,True,4,Mirai,1,BruteForce,0.08215788372818227,0.04398599027509904,0.03309853823094742
2,6,15,True,4,Mirai,2,DDoS,0.0854264129801442,0.04478304468574093,0.5135747760258506
2,6,15,True,4,Mirai,3,DoS,0.1430025170807057,0.08157867019463576,0.2778038421421814
2,6,15,True,4,Mirai,4,Mirai,0.47029562793656404,0.22030504442577087,0.039747188923165984
2,6,15,True,4,Mirai,5,Recon,0.022709242264519616,0.1333196663224708,0.018826301336706326
2,6,15,True,4,Mirai,6,Spoofing,0.04015717712131789,0.19209299438201666,0.03737634189122307
2,6,15,True,4,Mirai,7,Web-Based,0.061247569335464845,0.10608652932823875,0.030386827298520075
2,6,15,True,5,Recon,0,Benign,0.09580115011001689,0.16575431503784688,0.05231090400242893
2,6,15,True,5,Recon,1,BruteForce,0.11525899375008276,0.047452856929540696,0.03487046593706778
2,6,15,True,5,Recon,2,DDoS,0.09242042488580011,0.035765047830120945,0.5151354536604092
2,6,15,True,5,Recon,3,DoS,0.1697948997652092,0.04230172861077731,0.26560072345031455
2,6,15,True,5,Recon,4,Mirai,0.36877226457497175,0.1319786808492634,0.0376412932965182
2,6,15,True,5,Recon,5,Recon,0.037550791280596706,0.2594368281265352,0.022822761923066533
2,6,15,True,5,Recon,6,Spoofing,0.039515479156879633,0.18188250829378205,0.039236306790337246
2,6,15,True,5,Recon,7,Web-Based,0.08088599647644298,0.1354280343221335,0.03238209093985765
2,6,15,True,6,Spoofing,0,Benign,0.09936903958251253,0.172567360049891,0.04989348536388863
2,6,15,True,6,Spoofing,1,BruteForce,0.09016319882759777,0.0401556188382254,0.03188649971154166
2,6,15,True,6,Spoofing,2,DDoS,0.07610421882494123,0.03654558185499114,0.48386588385254226
2,6,15,True,6,Spoofing,3,DoS,0.1678621900295495,0.05884379260807337,0.30516149358828903
2,6,15,True,6,Spoofing,4,Mirai,0.4091976892967288,0.14329813647794917,0.03665031104580393
2,6,15,True,6,Spoofing,5,Recon,0.03750413946569508,0.20931576415171893,0.021957736856461973
2,6,15,True,6,Spoofing,6,Spoofing,0.049681333598162125,0.22095346905075328,0.0405992718729204
2,6,15,True,6,Spoofing,7,Web-Based,0.0701181903748131,0.11832027696839771,0.029985317708552225
2,6,15,True,7,Web-Based,0,Benign,0.12073300726712706,0.20218633704722816,0.055652764274874436
2,6,15,True,7,Web-Based,1,BruteForce,0.10023833673840819,0.042859517761456974,0.030874757337916416
2,6,15,True,7,Web-Based,2,DDoS,0.08190247915900915,0.03876320011236361,0.5642708408093295
2,6,15,True,7,Web-Based,3,DoS,0.15414597971218122,0.049507371620056785,0.21004699373683333
2,6,15,True,7,Web-Based,4,Mirai,0.3840585923328728,0.1566262611631081,0.039571216454673305
2,6,15,True,7,Web-Based,5,Recon,0.03691122774903748,0.18787560485868154,0.02516263858178125
2,6,15,True,7,Web-Based,6,Spoofing,0.045947868320317976,0.19787895058532637,0.0418851396147757
2,6,15,True,7,Web-Based,7,Web-Based,0.07606250872104606,0.12430275685177844,0.032535649189816065
2,6,16,False,0,Benign,0,Benign,0.5221873900399562,0.17706497512208286,0.5289869720531107
2,6,16,False,0,Benign,1,BruteForce,0.023425371552244344,0.03843549745294944,0.022867332490681114
2,6,16,False,0,Benign,2,DDoS,0.17382187176073002,0.04395231947741938,0.16887718426678153
2,6,16,False,0,Benign,3,DoS,0.028217437023970098,0.08624595637014738,0.051841357131975206
2,6,16,False,0,Benign,4,Mirai,0.017007581683399546,0.1469705120465414,0.01948582065520686
2,6,16,False,0,Benign,5,Recon,0.02477960041808538,0.2056499648495477,0.023208244931691616
2,6,16,False,0,Benign,6,Spoofing,0.12986904732398732,0.1965394118775018,0.1089540888176844
2,6,16,False,0,Benign,7,Web-Based,0.08069170019762709,0.10514136280381013,0.07577899965286862
2,6,16,False,1,BruteForce,0,Benign,0.5144658542377342,0.18104564267459525,0.5744545563340866
2,6,16,False,1,BruteForce,1,BruteForce,0.0295626109553251,0.050645218466150714,0.023981889028737272
2,6,16,False,1,BruteForce,2,DDoS,0.1607219073824346,0.036705403244204335,0.12414438639312116
2,6,16,False,1,BruteForce,3,DoS,0.021250222611154102,0.04146995659648799,0.031614801917984124
2,6,16,False,1,BruteForce,4,Mirai,0.018220654839873857,0.1489523944396415,0.0186004018028425
2,6,16,False,1,BruteForce,5,Recon,0.021722143060939638,0.20618372466430127,0.023643384612350504
2,6,16,False,1,BruteForce,6,Spoofing,0.13484583229426766,0.1964000932790449,0.11807850717401792
2,6,16,False,1,BruteForce,7,Web-Based,0.09921077461827092,0.13859756663557407,0.08548207273686008
2,6,16,False,2,DDoS,0,Benign,0.15727638160610416,0.043299480749725276,0.1741260159576502
2,6,16,False,2,DDoS,1,BruteForce,0.014125700062597129,0.03272986261828993,0.020852015820541595
2,6,16,False,2,DDoS,2,DDoS,0.7144810108476625,0.5980557967717731,0.6737905432890671
2,6,16,False,2,DDoS,3,DoS,0.017969402917886484,0.10728933004432777,0.028548930532557998
2,6,16,False,2,DDoS,4,Mirai,0.009448106639234385,0.07216749670052464,0.014523519766539204
2,6,16,False,2,DDoS,5,Recon,0.010752686611096173,0.06520293274226857,0.012179546227798073
2,6,16,False,2,DDoS,6,Spoofing,0.04323082554785784,0.04762810961943107,0.04110077740829184
2,6,16,False,2,DDoS,7,Web-Based,0.03271588576756141,0.03362699075365963,0.03487865099755404
2,6,16,False,3,DoS,0,Benign,0.08528133334820409,0.032538412405145385,0.14296338459993616
2,6,16,False,3,DoS,1,BruteForce,0.01654637941244073,0.02471887235035188,0.028642659897336577
2,6,16,False,3,DoS,2,DDoS,0.2810246494840068,0.14451098983732338,0.3066166315495205
2,6,16,False,3,DoS,3,DoS,0.5225537478513181,0.5543519414475225,0.39191929596958774
2,6,16,False,3,DoS,4,Mirai,0.009321997630831417,0.11396686696062497,0.017658223094010092
2,6,16,False,3,DoS,5,Recon,0.009655799482268567,0.040612610851682614,0.013790035974995387
2,6,16,False,3,DoS,6,Spoofing,0.0481234829054439,0.06081965175158244,0.05532115693381596
2,6,16,False,3,DoS,7,Web-Based,0.027492609885486356,0.02848065439576678,0.0430886119807976
2,6,16,False,4,Mirai,0,Benign,0.46579335922179527,0.17784806038602718,0.5206070171457508
2,6,16,False,4,Mirai,1,BruteForce,0.026394854816018037,0.04398599027509904,0.023978315131557546
2,6,16,False,4,Mirai,2,DDoS,0.22267957568646266,0.04478304468574093,0.1769630014019333
2,6,16,False,4,Mirai,3,DoS,0.04289410711616725,0.08157867019463576,0.05453570918791254
2,6,16,False,4,Mirai,4,Mirai,0.018256508694416213,0.22030504442577087,0.01941199305439611
2,6,16,False,4,Mirai,5,Recon,0.019769431306382663,0.1333196663224708,0.02135227064962333
2,6,16,False,4,Mirai,6,Spoofing,0.12444880575754702,0.19209299438201666,0.1063665389238147
2,6,16,False,4,Mirai,7,Web-Based,0.079763357401211,0.10608652932823875,0.07678515450501171
2,6,16,False,5,Recon,0,Benign,0.5172917250629606,0.16575431503784688,0.5716181821311552
2,6,16,False,5,Recon,1,BruteForce,0.029520431299553736,0.047452856929540696,0.024593033053676886
2,6,16,False,5,Recon,2,DDoS,0.15286386809236466,0.035765047830120945,0.12484120043291991
2,6,16,False,5,Recon,3,DoS,0.02253228904565157,0.04230172861077731,0.03375637061389429
2,6,16,False,5,Recon,4,Mirai,0.017746209284625915,0.1319786808492634,0.01840659021605707
2,6,16,False,5,Recon,5,Recon,0.028714037920472908,0.2594368281265352,0.02445099893113418
2,6,16,False,5,Recon,6,Spoofing,0.13068458459105098,0.18188250829378205,0.1158587790935409
2,6,16,False,5,Recon,7,Web-Based,0.10064685470331972,0.1354280343221335,0.08647484552762154
2,6,16,False,6,Spoofing,0,Benign,0.5321851524055574,0.172567360049891,0.5684098316127797
2,6,16,False,6,Spoofing,1,BruteForce,0.024357152722354072,0.0401556188382254,0.022899105575981814
2,6,16,False,6,Spoofing,2,DDoS,0.13357142745471723,0.03654558185499114,0.11984449504853653
2,6,16,False,6,Spoofing,3,DoS,0.021661755071812595,0.05884379260807337,0.04571222361566175
2,6,16,False,6,Spoofing,4,Mirai,0.017448356390953698,0.14329813647794917,0.019652787043212223
2,6,16,False,6,Spoofing,5,Recon,0.025595269635508643,0.20931576415171893,0.02456865175624679
2,6,16,False,6,Spoofing,6,Spoofing,0.15911940778763228,0.22095346905075328,0.11996086300199292
2,6,16,False,6,Spoofing,7,Web-Based,0.08606147853146423,0.11832027696839771,0.0789520423455883
2,6,16,False,7,Web-Based,0,Benign,0.5319948295297173,0.20218633704722816,0.5714476609725303
2,6,16,False,7,Web-Based,1,BruteForce,0.02629087468850401,0.042859517761456974,0.023310026981546425
2,6,16,False,7,Web-Based,2,DDoS,0.1484763144523028,0.03876320011236361,0.1346747131750776
2,6,16,False,7,Web-Based,3,DoS,0.022688570488881246,0.049507371620056785,0.03355962287673245
2,6,16,False,7,Web-Based,4,Mirai,0.018275975609069416,0.1566262611631081,0.019237949411600824
2,6,16,False,7,Web-Based,5,Recon,0.02369598448813508,0.18787560485868154,0.02394913990804512
2,6,16,False,7,Web-Based,6,Spoofing,0.13550064816055504,0.19787895058532637,0.11199076947497222
2,6,16,False,7,Web-Based,7,Web-Based,0.09307680258283507,0.12430275685177844,0.08183011719949508
2,6,17,True,0,Benign,0,Benign,0.08482056297477014,0.17706497512208286,0.286889015939312
2,6,17,True,0,Benign,1,BruteForce,0.41874662724493067,0.03843549745294944,0.014141176556226539
2,6,17,True,0,Benign,2,DDoS,0.025793817306279766,0.04395231947741938,0.03934222345283236
2,6,17,True,0,Benign,3,DoS,0.050791177407698056,0.08624595637014738,0.07510850393543397
2,6,17,True,0,Benign,4,Mirai,0.18824711973778274,0.1469705120465414,0.4623639116782699
2,6,17,True,0,Benign,5,Recon,0.16389659669224727,0.2056499648495477,0.012580999550135604
2,6,17,True,0,Benign,6,Spoofing,0.01720488126040474,0.1965394118775018,0.01989494697695438
2,6,17,True,0,Benign,7,Web-Based,0.050499217375886744,0.10514136280381013,0.08967922191083538
2,6,17,True,1,BruteForce,0,Benign,0.08531024228774797,0.18104564267459525,0.26788477225842416
2,6,17,True,1,BruteForce,1,BruteForce,0.4356567237770604,0.050645218466150714,0.01355950147760995
2,6,17,True,1,BruteForce,2,DDoS,0.022102461649253828,0.036705403244204335,0.023824451384301438
2,6,17,True,1,BruteForce,3,DoS,0.02653403424004872,0.04146995659648799,0.021147476688527626
2,6,17,True,1,BruteForce,4,Mirai,0.18231823062627595,0.1489523944396415,0.5076466959494363
2,6,17,True,1,BruteForce,5,Recon,0.1744253504592042,0.20618372466430127,0.01194216929091869
2,6,17,True,1,BruteForce,6,Spoofing,0.01744338655266697,0.1964000932790449,0.021224212398854504
2,6,17,True,1,BruteForce,7,Web-Based,0.05620957040774195,0.13859756663557407,0.1327707205519274
2,6,17,True,2,DDoS,0,Benign,0.036588112928129274,0.043299480749725276,0.09965223464425019
2,6,17,True,2,DDoS,1,BruteForce,0.1641066997512095,0.03272986261828993,0.016912555800301876
2,6,17,True,2,DDoS,2,DDoS,0.19267273887316164,0.5980557967717731,0.5916063038604549
2,6,17,True,2,DDoS,3,DoS,0.36963372873192796,0.10728933004432777,0.059647025808189195
2,6,17,True,2,DDoS,4,Mirai,0.12045529542048036,0.07216749670052464,0.16515504529755384
2,6,17,True,2,DDoS,5,Recon,0.07611583613229791,0.06520293274226857,0.010300366663951063
2,6,17,True,2,DDoS,6,Spoofing,0.012073007686666864,0.04762810961943107,0.011752445730340406
2,6,17,True,2,DDoS,7,Web-Based,0.028354580476126375,0.03362699075365963,0.04497402219495862
2,6,17,True,3,DoS,0,Benign,0.026840108686763585,0.032538412405145385,0.05992432340690582
2,6,17,True,3,DoS,1,BruteForce,0.10928044084380496,0.02471887235035188,0.02264921063857181
2,6,17,True,3,DoS,2,DDoS,0.05259245481281584,0.14451098983732338,0.09107857185936827
2,6,17,True,3,DoS,3,DoS,0.31632003273690457,0.5543519414475225,0.6004928338303238
2,6,17,True,3,DoS,4,Mirai,0.36349328911569934,0.11396686696062497,0.16149540713187366
2,6,17,True,3,DoS,5,Recon,0.0871353651318808,0.040612610851682614,0.011963184394358726
2,6,17,True,3,DoS,6,Spoofing,0.013224640967156942,0.06081965175158244,0.014793874814484666
2,6,17,True,3,DoS,7,Web-Based,0.03111366770497392,0.02848065439576678,0.037602593924113276
2,6,17,True,4,Mirai,0,Benign,0.07674474012074052,0.17784806038602718,0.24452659773493632
2,6,17,True,4,Mirai,1,BruteForce,0.38100528674946843,0.04398599027509904,0.012452768444411106
2,6,17,True,4,Mirai,2,DDoS,0.024933103676604004,0.04478304468574093,0.02989616356771772
2,6,17,True,4,Mirai,3,DoS,0.043663619422797784,0.08157867019463576,0.03160659118771453
2,6,17,True,4,Mirai,4,Mirai,0.22314888827326598,0.22030504442577087,0.5618601648015825
2,6,17,True,4,Mirai,5,Recon,0.18200245520638378,0.1333196663224708,0.011154268779432132
2,6,17,True,4,Mirai,6,Spoofing,0.017188082409783156,0.19209299438201666,0.01860752929236095
2,6,17,True,4,Mirai,7,Web-Based,0.05131382414095629,0.10608652932823875,0.0898959161918447
2,6,17,True,5,Recon,0,Benign,0.08255730324732125,0.16575431503784688,0.25952094279778837
2,6,17,True,5,Recon,1,BruteForce,0.42794716631048374,0.047452856929540696,0.013930722871897163
2,6,17,True,5,Recon,2,DDoS,0.022342573343132117,0.035765047830120945,0.02460110721417558
2,6,17,True,5,Recon,3,DoS,0.027559507152703618,0.04230172861077731,0.026782891227141448
2,6,17,True,5,Recon,4,Mirai,0.18424921368091635,0.1319786808492634,0.5082181784870103
2,6,17,True,5,Recon,5,Recon,0.18252665720733144,0.2594368281265352,0.011940778991640274
2,6,17,True,5,Recon,6,Spoofing,0.017229238771133398,0.18188250829378205,0.02098337634349378
2,6,17,True,5,Recon,7,Web-Based,0.05558834028697808,0.1354280343221335,0.1340220020668531
2,6,17,True,6,Spoofing,0,Benign,0.08909586338130801,0.172567360049891,0.302606185767156
2,6,17,True,6,Spoofing,1,BruteForce,0.4471113453076767,0.0401556188382254,0.013507241985149722
2,6,17,True,6,Spoofing,2,DDoS,0.023275127289978676,0.03654558185499114,0.025089976437142267
2,6,17,True,6,Spoofing,3,DoS,0.03347741114705952,0.05884379260807337,0.04117615354337931
2,6,17,True,6,Spoofing,4,Mirai,0.17552305349169153,0.14329813647794917,0.48033069048874455
2,6,17,True,6,Spoofing,5,Recon,0.16125144103818106,0.20931576415171893,0.013000229641819839
2,6,17,True,6,Spoofing,6,Spoofing,0.01747401803578375,0.22095346905075328,0.021249318788605573
2,6,17,True,6,Spoofing,7,Web-Based,0.05279174030832083,0.11832027696839771,0.10304020334800273
2,6,17,True,7,Web-Based,0,Benign,0.08528835558840599,0.20218633704722816,0.28968093350244056
2,6,17,True,7,Web-Based,1,BruteForce,0.42525190731176865,0.042859517761456974,0.013761211173983294
2,6,17,True,7,Web-Based,2,DDoS,0.023361865645041568,0.03876320011236361,0.027595103491214332
2,6,17,True,7,Web-Based,3,DoS,0.03244462870572628,0.049507371620056785,0.021580846561655005
2,6,17,True,7,Web-Based,4,Mirai,0.18722644767633675,0.1566262611631081,0.5045295700101171
2,6,17,True,7,Web-Based,5,Recon,0.17565957517501082,0.18787560485868154,0.012630118921325022
2,6,17,True,7,Web-Based,6,Spoofing,0.0173748807430698,0.19787895058532637,0.020622524472812886
2,6,17,True,7,Web-Based,7,Web-Based,0.053392339154640284,0.12430275685177844,0.10959969186645173
2,6,18,True,0,Benign,0,Benign,0.052439132945437,0.17706497512208286,0.06003669693124527
2,6,18,True,0,Benign,1,BruteForce,0.13194899792152204,0.03843549745294944,0.015925282420627428
2,6,18,True,0,Benign,2,DDoS,0.08888344712922458,0.04395231947741938,0.1752512081883567
2,6,18,True,0,Benign,3,DoS,0.08250809332031918,0.08624595637014738,0.05925209115095998
2,6,18,True,0,Benign,4,Mirai,0.09811476336673308,0.1469705120465414,0.2680656923199855
2,6,18,True,0,Benign,5,Recon,0.15907212252806732,0.2056499648495477,0.10830681306316478
2,6,18,True,0,Benign,6,Spoofing,0.09835253754665324,0.1965394118775018,0.1953149492678493
2,6,18,True,0,Benign,7,Web-Based,0.28868090524204354,0.10514136280381013,0.11784726665781116
2,6,18,True,1,BruteForce,0,Benign,0.05350189659589065,0.18104564267459525,0.05985143394031293
2,6,18,True,1,BruteForce,1,BruteForce,0.14774176765236774,0.050645218466150714,0.015592786599150038
2,6,18,True,1,BruteForce,2,DDoS,0.06459203672142291,0.036705403244204335,0.1289359280752761
2,6,18,True,1,BruteForce,3,DoS,0.05436245085633835,0.04146995659648799,0.02215712225230054
2,6,18,True,1,BruteForce,4,Mirai,0.09329899255427918,0.1489523944396415,0.317016468517998
2,6,18,True,1,BruteForce,5,Recon,0.17542533908156765,0.20618372466430127,0.11847456578080608
2,6,18,True,1,BruteForce,6,Spoofing,0.10062109023070652,0.1964000932790449,0.18611693944709506
2,6,18,True,1,BruteForce,7,Web-Based,0.3104564263074271,0.13859756663557407,0.15185475538706122
2,6,18,True,2,DDoS,0,Benign,0.024470531147947932,0.043299480749725276,0.029062631855855094
2,6,18,True,2,DDoS,1,BruteForce,0.06349881229383912,0.03272986261828993,0.016288194304989984
2,6,18,True,2,DDoS,2,DDoS,0.2467025199436883,0.5980557967717731,0.6648201106739219
2,6,18,True,2,DDoS,3,DoS,0.40032337703610016,0.10728933004432777,0.034976272066712825
2,6,18,True,2,DDoS,4,Mirai,0.05414001423607736,0.07216749670052464,0.096397978138924
2,6,18,True,2,DDoS,5,Recon,0.06368327769959695,0.06520293274226857,0.05429758367867338
2,6,18,True,2,DDoS,6,Spoofing,0.039483919219666215,0.04762810961943107,0.056696095005218945
2,6,18,True,2,DDoS,7,Web-Based,0.107697548423084,0.03362699075365963,0.047461134275703955
2,6,18,True,3,DoS,0,Benign,0.022170512918919916,0.032538412405145385,0.02066310555668643
2,6,18,True,3,DoS,1,BruteForce,0.0511410400836646,0.02471887235035188,0.023275818268509742
2,6,18,True,3,DoS,2,DDoS,0.17844020598775348,0.14451098983732338,0.258822317646216
2,6,18,True,3,DoS,3,DoS,0.30241207117351193,0.5543519414475225,0.4234930144571863
2,6,18,True,3,DoS,4,Mirai,0.20788932301006216,0.11396686696062497,0.09426692062515364
2,6,18,True,3,DoS,5,Recon,0.06035670453076042,0.040612610851682614,0.039583359254818457
2,6,18,True,3,DoS,6,Spoofing,0.04608461497971262,0.06081965175158244,0.08592159588391285
2,6,18,True,3,DoS,7,Web-Based,0.1315055273156148,0.02848065439576678,0.05397386830751663
2,6,18,True,4,Mirai,0,Benign,0.048409668938279325,0.17784806038602718,0.05628407963491555
2,6,18,True,4,Mirai,1,BruteForce,0.13358023638877578,0.04398599027509904,0.01544059660104304
2,6,18,True,4,Mirai,2,DDoS,0.08343757817726151,0.04478304468574093,0.15448560210473708
2,6,18,True,4,Mirai,3,DoS,0.08210061691674206,0.08157867019463576,0.04912073475735243
2,6,18,True,4,Mirai,4,Mirai,0.11757096104316384,0.22030504442577087,0.3346982396821286
2,6,18,True,4,Mirai,5,Recon,0.15607632280561132,0.1333196663224708,0.09483282830803735
2,6,18,True,4,Mirai,6,Spoofing,0.0919947891908731,0.19209299438201666,0.17399327749416404
2,6,18,True,4,Mirai,7,Web-Based,0.2868298265392931,0.10608652932823875,0.12114464141762199
2,6,18,True,5,Recon,0,Benign,0.051889027569058666,0.16575431503784688,0.05812312447001411
2,6,18,True,5,Recon,1,BruteForce,0.14382041483990535,0.047452856929540696,0.015691333544148797
2,6,18,True,5,Recon,2,DDoS,0.06404227058576616,0.035765047830120945,0.122115431082052
2,6,18,True,5,Recon,3,DoS,0.05412736205894284,0.04230172861077731,0.022574914676715394
2,6,18,True,5,Recon,4,Mirai,0.09224194266281717,0.1319786808492634,0.3151549157088511
2,6,18,True,5,Recon,5,Recon,0.18867864051841785,0.2594368281265352,0.13887600447012433
2,6,18,True,5,Recon,6,Spoofing,0.09989471037334118,0.18188250829378205,0.17694869786890408
2,6,18,True,5,Recon,7,Web-Based,0.3053056313917508,0.1354280343221335,0.15051557817919023
2,6,18,True,6,Spoofing,0,Benign,0.053729912994634026,0.172567360049891,0.06170834865848539
2,6,18,True,6,Spoofing,1,BruteForce,0.13316394063156306,0.0401556188382254,0.015800834351637857
2,6,18,True,6,Spoofing,2,DDoS,0.06471892667016271,0.03654558185499114,0.1232908717829644
2,6,18,True,6,Spoofing,3,DoS,0.05621802317292721,0.05884379260807337,0.04271692378464614
2,6,18,True,6,Spoofing,4,Mirai,0.09894754218742567,0.14329813647794917,0.2729913861731602
2,6,18,True,6,Spoofing,5,Recon,0.17120428769579946,0.20931576415171893,0.11501973307918247
2,6,18,True,6,Spoofing,6,Spoofing,0.10987481982659064,0.22095346905075328,0.23591856384237125
2,6,18,True,6,Spoofing,7,Web-Based,0.3121425468208972,0.11832027696839771,0.13255333832755234
2,6,18,True,7,Web-Based,0,Benign,0.05404600392987701,0.20218633704722816,0.06290869206457517
2,6,18,True,7,Web-Based,1,BruteForce,0.14171150307349595,0.042859517761456974,0.015319260554912553
2,6,18,True,7,Web-Based,2,DDoS,0.06890779914272328,0.03876320011236361,0.14188922350994165
2,6,18,True,7,Web-Based,3,DoS,0.06182393813376318,0.049507371620056785,0.02459099334319162
2,6,18,True,7,Web-Based,4,Mirai,0.09764601823974835,0.1566262611631081,0.31275061179402036
2,6,18,True,7,Web-Based,5,Recon,0.17698752760757894,0.18787560485868154,0.11708161224186986
2,6,18,True,7,Web-Based,6,Spoofing,0.09890793563724636,0.19787895058532637,0.1881912653758733
2,6,18,True,7,Web-Based,7,Web-Based,0.2999692742355668,0.12430275685177844,0.13726834111561545
2,6,19,False,0,Benign,0,Benign,0.09584858786549151,0.17706497512208286,0.08823387665806656
2,6,19,False,0,Benign,1,BruteForce,0.012983615072423049,0.03843549745294944,0.01888932090882132
2,6,19,False,0,Benign,2,DDoS,0.22984475541960636,0.04395231947741938,0.2429632693628746
2,6,19,False,0,Benign,3,DoS,0.0699131844961129,0.08624595637014738,0.08348141086570714
2,6,19,False,0,Benign,4,Mirai,0.014678830178205218,0.1469705120465414,0.019610591700312093
2,6,19,False,0,Benign,5,Recon,0.17688016152269267,0.2056499648495477,0.17813600008336025
2,6,19,False,0,Benign,6,Spoofing,0.3842471016248572,0.1965394118775018,0.3497237577388485
2,6,19,False,0,Benign,7,Web-Based,0.015603763820611105,0.10514136280381013,0.018961772682009412
2,6,19,False,1,BruteForce,0,Benign,0.10699067416908037,0.18104564267459525,0.09913790567731263
2,6,19,False,1,BruteForce,1,BruteForce,0.01401734738423195,0.050645218466150714,0.018064839186361405
2,6,19,False,1,BruteForce,2,DDoS,0.227413214663904,0.036705403244204335,0.20349844104536582
2,6,19,False,1,BruteForce,3,DoS,0.01894270069260094,0.04146995659648799,0.02784390523462867
2,6,19,False,1,BruteForce,4,Mirai,0.015665338742865208,0.1489523944396415,0.01950739318485699
2,6,19,False,1,BruteForce,5,Recon,0.1676758059690008,0.20618372466430127,0.2187069857341637
2,6,19,False,1,BruteForce,6,Spoofing,0.4332598370055856,0.1964000932790449,0.3939871007678026
2,6,19,False,1,BruteForce,7,Web-Based,0.016035081372731266,0.13859756663557407,0.019253429169508115
2,6,19,False,2,DDoS,0,Benign,0.031180481087256906,0.043299480749725276,0.03767276258733159
2,6,19,False,2,DDoS,1,BruteForce,0.008896430557509456,0.03272986261828993,0.016056824115162807
2,6,19,False,2,DDoS,2,DDoS,0.7384762712130356,0.5980557967717731,0.6882905537192153
2,6,19,False,2,DDoS,3,DoS,0.036247970207386015,0.10728933004432777,0.048163516725315256
2,6,19,False,2,DDoS,4,Mirai,0.00855673936751819,0.07216749670052464,0.016534657503638764
2,6,19,False,2,DDoS,5,Recon,0.07378421121224266,0.06520293274226857,0.07958947246139361
2,6,19,False,2,DDoS,6,Spoofing,0.0960019423682611,0.04762810961943107,0.10282389900793108
2,6,19,False,2,DDoS,7,Web-Based,0.006855953986790027,0.03362699075365963,0.010868313880011578
2,6,19,False,3,DoS,0,Benign,0.014273640095832305,0.032538412405145385,0.020026217259025727
2,6,19,False,3,DoS,1,BruteForce,0.013170930473531803,0.02471887235035188,0.025034336214780212
2,6,19,False,3,DoS,2,DDoS,0.18428828100948155,0.14451098983732338,0.20879855364634697
2,6,19,False,3,DoS,3,DoS,0.6798096406570794,0.5543519414475225,0.5733914465592493
2,6,19,False,3,DoS,4,Mirai,0.0069078714568422605,0.11396686696062497,0.015936369513321242
2,6,19,False,3,DoS,5,Recon,0.03655823682165047,0.040612610851682614,0.0464978550774566
2,6,19,False,3,DoS,6,Spoofing,0.058593005333248356,0.06081965175158244,0.09841889403122607
2,6,19,False,3,DoS,7,Web-Based,0.006398394152333853,0.02848065439576678,0.011896327698594002
2,6,19,False,4,Mirai,0,Benign,0.09369923400634324,0.17784806038602718,0.09167101573892925
2,6,19,False,4,Mirai,1,BruteForce,0.013799246566908502,0.04398599027509904,0.019798226119701657
2,6,19,False,4,Mirai,2,DDoS,0.3187423509677216,0.04478304468574093,0.2596567372868506
2,6,19,False,4,Mirai,3,DoS,0.050568718749567386,0.08157867019463576,0.07104045203391178
2,6,19,False,4,Mirai,4,Mirai,0.01668379832875932,0.22030504442577087,0.021280885764181936
2,6,19,False,4,Mirai,5,Recon,0.1293560500707869,0.1333196663224708,0.16300272388462222
2,6,19,False,4,Mirai,6,Spoofing,0.3629072832246762,0.19209299438201666,0.35435016413821613
2,6,19,False,4,Mirai,7,Web-Based,0.014243318085236859,0.10608652932823875,0.019199795033586476
2,6,19,False,5,Recon,0,Benign,0.10486219399718137,0.16575431503784688,0.09760074570728806
2,6,19,False,5,Recon,1,BruteForce,0.013416614925971791,0.047452856929540696,0.01785633303978797
2,6,19,False,5,Recon,2,DDoS,0.21264842506095324,0.035765047830120945,0.1952643830935358
2,6,19,False,5,Recon,3,DoS,0.02118392364416373,0.04230172861077731,0.02951280555912488
2,6,19,False,5,Recon,4,Mirai,0.014124722379339592,0.1319786808492634,0.019269203289343086
2,6,19,False,5,Recon,5,Recon,0.24061210218010307,0.2594368281265352,0.24910730652688962
2,6,19,False,5,Recon,6,Spoofing,0.3771821513113977,0.18188250829378205,0.37247809202891285
2,6,19,False,5,Recon,7,Web-Based,0.015969866500889614,0.1354280343221335,0.018911130755117668
2,6,19,False,6,Spoofing,0,Benign,0.0996536664390237,0.172567360049891,0.09459257177217283
2,6,19,False,6,Spoofing,1,BruteForce,0.012344516644109857,0.0401556188382254,0.018608910498152272
2,6,19,False,6,Spoofing,2,DDoS,0.18254711453193898,0.03654558185499114,0.18479530680509787
2,6,19,False,6,Spoofing,3,DoS,0.04135255902218285,0.05884379260807337,0.06258030746707754
2,6,19,False,6,Spoofing,4,Mirai,0.014253196344198167,0.14329813647794917,0.01943747529338753
2,6,19,False,6,Spoofing,5,Recon,0.20201690152666946,0.20931576415171893,0.19519971533553404
2,6,19,False,6,Spoofing,6,Spoofing,0.43206630865781454,0.22095346905075328,0.405441605634872
2,6,19,False,6,Spoofing,7,Web-Based,0.01576573683406253,0.11832027696839771,0.01934410719370588
2,6,19,False,7,Web-Based,0,Benign,0.10892957176743524,0.20218633704722816,0.1007990821887821
2,6,19,False,7,Web-Based,1,BruteForce,0.013045074333218698,0.042859517761456974,0.018501421292924862
2,6,19,False,7,Web-Based,2,DDoS,0.25010711338739927,0.03876320011236361,0.2250672477616476
2,6,19,False,7,Web-Based,3,DoS,0.022899005298527637,0.049507371620056785,0.03364515979787337
2,6,19,False,7,Web-Based,4,Mirai,0.015542249441528976,0.1566262611631081,0.019942477727555873
2,6,19,False,7,Web-Based,5,Recon,0.18354661548742135,0.18787560485868154,0.2106561159097662
2,6,19,False,7,Web-Based,6,Spoofing,0.3896100044096133,0.19787895058532637,0.37142243101012146
2,6,19,False,7,Web-Based,7,Web-Based,0.016320365874855584,0.12430275685177844,0.01996606431132858
3,7,0,False,0,Benign,0,Benign,0.2905665813199424,0.17465813677689318,0.26278178160925625
3,7,0,False,0,Benign,1,BruteForce,0.07484365311629704,0.04249147259189368,0.05988172549568824
3,7,0,False,0,Benign,2,DDoS,0.009158905599321815,0.04785914784608208,0.017071578120114936
3,7,0,False,0,Benign,3,DoS,0.13541869679832674,0.07277784904863908,0.1844970353632558
3,7,0,False,0,Benign,4,Mirai,0.3029523306705794,0.14516989163993346,0.2918442271356306
3,7,0,False,0,Benign,5,Recon,0.14423458437530104,0.1968907561662409,0.14228985307871034
3,7,0,False,0,Benign,6,Spoofing,0.02274416885640676,0.19085739662231904,0.020855983251581833
3,7,0,False,0,Benign,7,Web-Based,0.02008107926382488,0.12929534930799863,0.020777815945762
3,7,0,False,1,BruteForce,0,Benign,0.2339392933268575,0.17891927424619433,0.2656430290659468
3,7,0,False,1,BruteForce,1,BruteForce,0.1501976749219448,0.058450095051786694,0.08753372719811156
3,7,0,False,1,BruteForce,2,DDoS,0.011597705921449174,0.034516990423547604,0.012764178493417473
3,7,0,False,1,BruteForce,3,DoS,0.07728308146450313,0.044093463989503,0.07678476689708104
3,7,0,False,1,BruteForce,4,Mirai,0.36627638662173423,0.15749672059477485,0.3325634123379524
3,7,0,False,1,BruteForce,5,Recon,0.10846224245617779,0.1544252010014664,0.17508103946245743
3,7,0,False,1,BruteForce,6,Spoofing,0.022700443385279778,0.19670832510603106,0.022715882767572422
3,7,0,False,1,BruteForce,7,Web-Based,0.029543171902053512,0.17538992958669603,0.026913963777460977
3,7,0,False,2,DDoS,0,Benign,0.06917200282788125,0.0420048564985153,0.10478185413533818
3,7,0,False,2,DDoS,1,BruteForce,0.029463695529096143,0.03236260948694235,0.03363773507810239
3,7,0,False,2,DDoS,2,DDoS,0.5497765426806829,0.604641152114562,0.4555644832146435
3,7,0,False,2,DDoS,3,DoS,0.1401410300238706,0.10552735003346152,0.16267828503382503
3,7,0,False,2,DDoS,4,Mirai,0.1368989973407583,0.0743995689100891,0.13805545173557351
3,7,0,False,2,DDoS,5,Recon,0.05474172863266031,0.06078896841122469,0.07114814746332884
3,7,0,False,2,DDoS,6,Spoofing,0.009730669171116946,0.04607409078512961,0.014144695575032938
3,7,0,False,2,DDoS,7,Web-Based,0.01007533379393361,0.03420140376007542,0.019989347764155587
3,7,0,False,3,DoS,0,Benign,0.020347824588055702,0.032590006313295984,0.031183219318431078
3,7,0,False,3,DoS,1,BruteForce,0.014825694358386035,0.02369430293659636,0.016828722475000998
3,7,0,False,3,DoS,2,DDoS,0.015790639619501508,0.1352279923272842,0.02177625241987036
3,7,0,False,3,DoS,3,DoS,0.9024041335481161,0.5790514246554435,0.8446218761534362
3,7,0,False,3,DoS,4,Mirai,0.023575827681782603,0.10829766303032513,0.0431461770917808
3,7,0,False,3,DoS,5,Recon,0.014079021322996394,0.035176347101416025,0.026358258254224377
3,7,0,False,3,DoS,6,Spoofing,0.0050438171748308745,0.05743024042275276,0.00856158772017071
3,7,0,False,3,DoS,7,Web-Based,0.0039330417063306805,0.028532023212886,0.007523906567085566
3,7,0,False,4,Mirai,0,Benign,0.2132372081094536,0.16641175871147437,0.25716740971373475
3,7,0,False,4,Mirai,1,BruteForce,0.06846042004882939,0.045612159413723256,0.06214343396007815
3,7,0,False,4,Mirai,2,DDoS,0.011626821513736322,0.04778172829392338,0.01386823720359379
3,7,0,False,4,Mirai,3,DoS,0.08673093988042914,0.08137187559486556,0.149772069756984
3,7,0,False,4,Mirai,4,Mirai,0.5093904709897964,0.23095415375161576,0.3716587945662579
3,7,0,False,4,Mirai,5,Recon,0.0729701104616217,0.11812532678753843,0.10328053476161966
3,7,0,False,4,Mirai,6,Spoofing,0.021596212901541317,0.19153681820003693,0.02136984537726492
3,7,0,False,4,Mirai,7,Web-Based,0.015987816094592194,0.11820617924682218,0.020739674660466896
3,7,0,False,5,Recon,0,Benign,0.22343663195811658,0.16044031652263221,0.24724985801781527
3,7,0,False,5,Recon,1,BruteForce,0.13466093504030013,0.05251737804100396,0.0851020256366411
3,7,0,False,5,Recon,2,DDoS,0.010499350801869879,0.032009760818371986,0.012058303129683059
3,7,0,False,5,Recon,3,DoS,0.10269516170356408,0.04350715350625136,0.0998195894281689
3,7,0,False,5,Recon,4,Mirai,0.30854047529865186,0.13451910520486468,0.3057203541264973
3,7,0,False,5,Recon,5,Recon,0.16567684691304588,0.22166621131055633,0.20288978965026663
3,7,0,False,5,Recon,6,Spoofing,0.022944632324614498,0.1818267771881913,0.021513182207612613
3,7,0,False,5,Recon,7,Web-Based,0.031545965959837115,0.17351329740812815,0.025646897803315197
3,7,0,False,6,Spoofing,0,Benign,0.2605367784737111,0.17226997721061862,0.27290338038420653
3,7,0,False,6,Spoofing,1,BruteForce,0.09429958774246307,0.04370379743092637,0.06470870055203756
3,7,0,False,6,Spoofing,2,DDoS,0.009508689709360866,0.03338772587493327,0.012183481902706246
3,7,0,False,6,Spoofing,3,DoS,0.09299450122009156,0.04142030129362857,0.14846015901941642
3,7,0,False,6,Spoofing,4,Mirai,0.32914044898177625,0.14314100339328245,0.2955883962719409
3,7,0,False,6,Spoofing,5,Recon,0.15967443690050184,0.20514335791724134,0.16073231861293877
3,7,0,False,6,Spoofing,6,Spoofing,0.027497897578057217,0.21521228515679838,0.022702443629196753
3,7,0,False,6,Spoofing,7,Web-Based,0.026347659394038117,0.14572155172257098,0.02272111962755682
3,7,0,False,7,Web-Based,0,Benign,0.25726626252257273,0.19628038843498724,0.2828623583119801
3,7,0,False,7,Web-Based,1,BruteForce,0.07455009340073603,0.0456676495717923,0.06785994904824477
3,7,0,False,7,Web-Based,2,DDoS,0.010115553152271072,0.03462202175149535,0.014249287961015595
3,7,0,False,7,Web-Based,3,DoS,0.07633185535051205,0.04548543082280644,0.10621673236144319
3,7,0,False,7,Web-Based,4,Mirai,0.4212452318176363,0.16236816374101215,0.34482029681020887
3,7,0,False,7,Web-Based,5,Recon,0.11496303832274979,0.17477190023695816,0.13843233178161277
3,7,0,False,7,Web-Based,6,Spoofing,0.023704811047920275,0.1927941935041602,0.022295377231029485
3,7,0,False,7,Web-Based,7,Web-Based,0.021823154385601878,0.14801025193678818,0.023263666494465214
3,7,1,True,0,Benign,0,Benign,0.013818756978025341,0.17465813677689318,0.013568399554844724
3,7,1,True,0,Benign,1,BruteForce,0.008973589998692263,0.04249147259189368,0.008605934639372665
3,7,1,True,0,Benign,2,DDoS,0.025758541121078896,0.04785914784608208,0.07444771125811747
3,7,1,True,0,Benign,3,DoS,0.03739863872527884,0.07277784904863908,0.018250106949369942
3,7,1,True,0,Benign,4,Mirai,0.04459269360600545,0.14516989163993346,0.10807574100270502
3,7,1,True,0,Benign,5,Recon,0.1316793293954836,0.1968907561662409,0.2907260211972004
3,7,1,True,0,Benign,6,Spoofing,0.2526123625266761,0.19085739662231904,0.47608512375763967
3,7,1,True,0,Benign,7,Web-Based,0.4851660876487595,0.12929534930799863,0.010240961640750088
3,7,1,True,1,BruteForce,0,Benign,0.013591898180606382,0.17891927424619433,0.012838263384921755
3,7,1,True,1,BruteForce,1,BruteForce,0.009273554645483137,0.058450095051786694,0.008322975190072216
3,7,1,True,1,BruteForce,2,DDoS,0.012749383580993189,0.034516990423547604,0.0486947483017159
3,7,1,True,1,BruteForce,3,DoS,0.016888267649343872,0.044093463989503,0.011921294151150431
3,7,1,True,1,BruteForce,4,Mirai,0.03784772693709875,0.15749672059477485,0.1105990736221884
3,7,1,True,1,BruteForce,5,Recon,0.1490845454261232,0.1544252010014664,0.29782863486713473
3,7,1,True,1,BruteForce,6,Spoofing,0.27751901104213433,0.19670832510603106,0.5004098369481974
3,7,1,True,1,BruteForce,7,Web-Based,0.48304561253821715,0.17538992958669603,0.00938517353461923
3,7,1,True,2,DDoS,0,Benign,0.010039526379963106,0.0420048564985153,0.010789170177697706
3,7,1,True,2,DDoS,1,BruteForce,0.013652961423831649,0.03236260948694235,0.008010163860307824
3,7,1,True,2,DDoS,2,DDoS,0.2998395878453017,0.604641152114562,0.6681850151860528
3,7,1,True,2,DDoS,3,DoS,0.33187814450935055,0.10552735003346152,0.02380207038049753
3,7,1,True,2,DDoS,4,Mirai,0.03474524222513751,0.0743995689100891,0.04539266732934675
3,7,1,True,2,DDoS,5,Recon,0.06256716807034338,0.06078896841122469,0.10933311795857123
3,7,1,True,2,DDoS,6,Spoofing,0.08957060127513145,0.04607409078512961,0.12801525908105618
3,7,1,True,2,DDoS,7,Web-Based,0.1577067682709408,0.03420140376007542,0.006472536026470069
3,7,1,True,3,DoS,0,Benign,0.010640543406409643,0.032590006313295984,0.010252218338446022
3,7,1,True,3,DoS,1,BruteForce,0.01048456620438982,0.02369430293659636,0.015216404503898918
3,7,1,True,3,DoS,2,DDoS,0.10286036827488719,0.1352279923272842,0.17155529533872457
3,7,1,True,3,DoS,3,DoS,0.23396358020922792,0.5790514246554435,0.5166624340617575
3,7,1,True,3,DoS,4,Mirai,0.2924035480642458,0.10829766303032513,0.050020635236841596
3,7,1,True,3,DoS,5,Recon,0.05455034877899043,0.035176347101416025,0.05898538021733843
3,7,1,True,3,DoS,6,Spoofing,0.08106866082016992,0.05743024042275276,0.16568625965394038
3,7,1,True,3,DoS,7,Web-Based,0.21402838424167933,0.028532023212886,0.011621372649052655
3,7,1,True,4,Mirai,0,Benign,0.012781175174869874,0.16641175871147437,0.014618137705013036
3,7,1,True,4,Mirai,1,BruteForce,0.009022133373111287,0.045612159413723256,0.009102412497405885
3,7,1,True,4,Mirai,2,DDoS,0.022837709898605493,0.04778172829392338,0.08760477884375821
3,7,1,True,4,Mirai,3,DoS,0.03925180893601216,0.08137187559486556,0.02267124101393727
3,7,1,True,4,Mirai,4,Mirai,0.06598025343489826,0.23095415375161576,0.15230992245626365
3,7,1,True,4,Mirai,5,Recon,0.12024508135548356,0.11812532678753843,0.21313913990613298
3,7,1,True,4,Mirai,6,Spoofing,0.2304459154682781,0.19153681820003693,0.4892664164272418
3,7,1,True,4,Mirai,7,Web-Based,0.49943592235874124,0.11820617924682218,0.011287951150247227
3,7,1,True,5,Recon,0,Benign,0.013476559399085227,0.16044031652263221,0.011824808752694154
3,7,1,True,5,Recon,1,BruteForce,0.009090084989911413,0.05251737804100396,0.007794146199475564
3,7,1,True,5,Recon,2,DDoS,0.012490406225653247,0.032009760818371986,0.043844228754022566
3,7,1,True,5,Recon,3,DoS,0.016550472568933442,0.04350715350625136,0.011222183207049409
3,7,1,True,5,Recon,4,Mirai,0.03685289028516132,0.13451910520486468,0.10642451725044536
3,7,1,True,5,Recon,5,Recon,0.17296128428193633,0.22166621131055633,0.38581164237960236
3,7,1,True,5,Recon,6,Spoofing,0.28604792227712633,0.1818267771881913,0.42455073847402264
3,7,1,True,5,Recon,7,Web-Based,0.45253037997219275,0.17351329740812815,0.00852773498268801
3,7,1,True,6,Spoofing,0,Benign,0.01410384015366402,0.17226997721061862,0.012756547625364765
3,7,1,True,6,Spoofing,1,BruteForce,0.008825392459000617,0.04370379743092637,0.00793767673279992
3,7,1,True,6,Spoofing,2,DDoS,0.012565472648737962,0.03338772587493327,0.04094354636442861
3,7,1,True,6,Spoofing,3,DoS,0.01776031675086579,0.04142030129362857,0.013276564153364187
3,7,1,True,6,Spoofing,4,Mirai,0.04149948940506309,0.14314100339328245,0.10214290260601923
3,7,1,True,6,Spoofing,5,Recon,0.14587620865653497,0.20514335791724134,0.30987281749361173
3,7,1,True,6,Spoofing,6,Spoofing,0.27519078711035777,0.21521228515679838,0.5035233321847596
3,7,1,True,6,Spoofing,7,Web-Based,0.48417849281577563,0.14572155172257098,0.009546612839651922
3,7,1,True,7,Web-Based,0,Benign,0.013750880060218679,0.19628038843498724,0.013734158361343934
3,7,1,True,7,Web-Based,1,BruteForce,0.00890614394733163,0.0456676495717923,0.008298821415736183
3,7,1,True,7,Web-Based,2,DDoS,0.013030011335260695,0.03462202175149535,0.05452670758696665
3,7,1,True,7,Web-Based,3,DoS,0.017579688930046473,0.04548543082280644,0.012572142659275492
3,7,1,True,7,Web-Based,4,Mirai,0.03960733952593381,0.16236816374101215,0.12680239855305564
3,7,1,True,7,Web-Based,5,Recon,0.14443164614001577,0.17477190023695816,0.29510931665947837
3,7,1,True,7,Web-Based,6,Spoofing,0.2721881669317315,0.1927941935041602,0.47882548768979566
3,7,1,True,7,Web-Based,7,Web-Based,0.4905061231294616,0.14801025193678818,0.010130967074348123
3,7,2,False,0,Benign,0,Benign,0.17422090933040077,0.17465813677689318,0.15516749217397513
3,7,2,False,0,Benign,1,BruteForce,0.022730140562347217,0.04249147259189368,0.02020697169099876
3,7,2,False,0,Benign,2,DDoS,0.01664465125765326,0.04785914784608208,0.02483690992421998
3,7,2,False,0,Benign,3,DoS,0.008497111183366615,0.07277784904863908,0.021903132373728325
3,7,2,False,0,Benign,4,Mirai,0.2942745728556141,0.14516989163993346,0.3359140225651714
3,7,2,False,0,Benign,5,Recon,0.4238261498701023,0.1968907561662409,0.38273503638041545
3,7,2,False,0,Benign,6,Spoofing,0.03423088046322959,0.19085739662231904,0.03607525256740638
3,7,2,False,0,Benign,7,Web-Based,0.025575584477286008,0.12929534930799863,0.02316118232408474
3,7,2,False,1,BruteForce,0,Benign,0.1515337101370959,0.17891927424619433,0.1467095370191094
3,7,2,False,1,BruteForce,1,BruteForce,0.034248990775583806,0.058450095051786694,0.022985457984859892
3,7,2,False,1,BruteForce,2,DDoS,0.01311478660659141,0.034516990423547604,0.017791320728001596
3,7,2,False,1,BruteForce,3,DoS,0.007322488542343753,0.044093463989503,0.01686477535592938
3,7,2,False,1,BruteForce,4,Mirai,0.31045565830645777,0.15749672059477485,0.34946964266103686
3,7,2,False,1,BruteForce,5,Recon,0.409326507870908,0.1544252010014664,0.38500319043422254
3,7,2,False,1,BruteForce,6,Spoofing,0.03594657699100155,0.19670832510603106,0.03336265034182514
3,7,2,False,1,BruteForce,7,Web-Based,0.03805128077001776,0.17538992958669603,0.027813425475015124
3,7,2,False,2,DDoS,0,Benign,0.04823585630869937,0.0420048564985153,0.09243642996206623
3,7,2,False,2,DDoS,1,BruteForce,0.012406871880932785,0.03236260948694235,0.024709175856203476
3,7,2,False,2,DDoS,2,DDoS,0.6220381612456298,0.604641152114562,0.45204813066914906
3,7,2,False,2,DDoS,3,DoS,0.008614185304283739,0.10552735003346152,0.02210006079565015
3,7,2,False,2,DDoS,4,Mirai,0.1425874749916342,0.0743995689100891,0.18417335762347684
3,7,2,False,2,DDoS,5,Recon,0.14150743482986344,0.06078896841122469,0.17897191068459242
3,7,2,False,2,DDoS,6,Spoofing,0.01184878176444957,0.04607409078512961,0.02380177489314433
3,7,2,False,2,DDoS,7,Web-Based,0.012761233674507206,0.03420140376007542,0.021759159515717497
3,7,2,False,3,DoS,0,Benign,0.028882051932457662,0.032590006313295984,0.07423245721019542
3,7,2,False,3,DoS,1,BruteForce,0.016354731177617165,0.02369430293659636,0.030443967390512406
3,7,2,False,3,DoS,2,DDoS,0.19737520974778888,0.1352279923272842,0.12209621095118063
3,7,2,False,3,DoS,3,DoS,0.46221055587187837,0.5790514246554435,0.2235281468682234
3,7,2,False,3,DoS,4,Mirai,0.1664802390787479,0.10829766303032513,0.24700607328376994
3,7,2,False,3,DoS,5,Recon,0.10044940679081266,0.035176347101416025,0.24790555799165553
3,7,2,False,3,DoS,6,Spoofing,0.013979679046130553,0.05743024042275276,0.029631423152986853
3,7,2,False,3,DoS,7,Web-Based,0.014268126354566845,0.028532023212886,0.025156163151475817
3,7,2,False,4,Mirai,0,Benign,0.12388134681086976,0.16641175871147437,0.1493377915779523
3,7,2,False,4,Mirai,1,BruteForce,0.022154516191264146,0.045612159413723256,0.01927501948970061
3,7,2,False,4,Mirai,2,DDoS,0.018989446303381934,0.04778172829392338,0.02255940543558527
3,7,2,False,4,Mirai,3,DoS,0.007233539849668826,0.08137187559486556,0.020264412532864148
3,7,2,False,4,Mirai,4,Mirai,0.4826316242765863,0.23095415375161576,0.41690692612713565
3,7,2,False,4,Mirai,5,Recon,0.2913491440885113,0.11812532678753843,0.3150578115032778
3,7,2,False,4,Mirai,6,Spoofing,0.029783427464883206,0.19153681820003693,0.03463700112605171
3,7,2,False,4,Mirai,7,Web-Based,0.02397695501483458,0.11820617924682218,0.021961632207432438
3,7,2,False,5,Recon,0,Benign,0.13667755898941883,0.16044031652263221,0.13991036853333705
3,7,2,False,5,Recon,1,BruteForce,0.03277824719922491,0.05251737804100396,0.022959709159566802
3,7,2,False,5,Recon,2,DDoS,0.011853689716445395,0.032009760818371986,0.01759819314837628
3,7,2,False,5,Recon,3,DoS,0.007438750872513239,0.04350715350625136,0.016998861128553096
3,7,2,False,5,Recon,4,Mirai,0.25903279918887206,0.13451910520486468,0.3418745355520832
3,7,2,False,5,Recon,5,Recon,0.480832782693832,0.22166621131055633,0.40087168660804506
3,7,2,False,5,Recon,6,Spoofing,0.03560786512766366,0.1818267771881913,0.032696458412240906
3,7,2,False,5,Recon,7,Web-Based,0.03577830621202985,0.17351329740812815,0.027090187457797683
3,7,2,False,6,Spoofing,0,Benign,0.1528440448603625,0.17226997721061862,0.14999845851380175
3,7,2,False,6,Spoofing,1,BruteForce,0.025483154619026244,0.04370379743092637,0.020894841280412003
3,7,2,False,6,Spoofing,2,DDoS,0.010828292113861158,0.03338772587493327,0.01908801949955038
3,7,2,False,6,Spoofing,3,DoS,0.0074919662348699465,0.04142030129362857,0.01990548896326303
3,7,2,False,6,Spoofing,4,Mirai,0.25932988598207024,0.14314100339328245,0.31733955553989673
3,7,2,False,6,Spoofing,5,Recon,0.47838491405419853,0.20514335791724134,0.4104761713150622
3,7,2,False,6,Spoofing,6,Spoofing,0.03639601834093317,0.21521228515679838,0.03817166657681523
3,7,2,False,6,Spoofing,7,Web-Based,0.029241723794678293,0.14572155172257098,0.024125798311198696
3,7,2,False,7,Web-Based,0,Benign,0.1483859507957234,0.19628038843498724,0.15534963756362322
3,7,2,False,7,Web-Based,1,BruteForce,0.0253707972368665,0.0456676495717923,0.01998890373401627
3,7,2,False,7,Web-Based,2,DDoS,0.012482473178431652,0.03462202175149535,0.019995455457424424
3,7,2,False,7,Web-Based,3,DoS,0.0072090735374623375,0.04548543082280644,0.017779293256949942
3,7,2,False,7,Web-Based,4,Mirai,0.33536131061029667,0.16236816374101215,0.3703569074777412
3,7,2,False,7,Web-Based,5,Recon,0.4075205069291931,0.17477190023695816,0.3576040454011711
3,7,2,False,7,Web-Based,6,Spoofing,0.0336447161167062,0.1927941935041602,0.03456511848490651
3,7,2,False,7,Web-Based,7,Web-Based,0.03002517159532024,0.14801025193678818,0.024360638624167468
3,7,3,False,0,Benign,0,Benign,0.14724144666352093,0.17465813677689318,0.11885254276976849
3,7,3,False,0,Benign,1,BruteForce,0.3900860883910232,0.04249147259189368,0.34183347738017056
3,7,3,False,0,Benign,2,DDoS,0.08810355243164038,0.04785914784608208,0.12378352278465309
3,7,3,False,0,Benign,3,DoS,0.027304047149109986,0.07277784904863908,0.044653900704609784
3,7,3,False,0,Benign,4,Mirai,0.18205499662445748,0.14516989163993346,0.22325900240316113
3,7,3,False,0,Benign,5,Recon,0.10383194501257811,0.1968907561662409,0.09131375981835803
3,7,3,False,0,Benign,6,Spoofing,0.022848122382440553,0.19085739662231904,0.02743729080595953
3,7,3,False,0,Benign,7,Web-Based,0.038529801345229354,0.12929534930799863,0.02886650333331943
3,7,3,False,1,BruteForce,0,Benign,0.09566553338832026,0.17891927424619433,0.10422845740096678
3,7,3,False,1,BruteForce,1,BruteForce,0.5375184699247457,0.058450095051786694,0.4420364598311267
3,7,3,False,1,BruteForce,2,DDoS,0.060526275071367756,0.034516990423547604,0.06434640405943129
3,7,3,False,1,BruteForce,3,DoS,0.02863732756525014,0.044093463989503,0.04339879802482092
3,7,3,False,1,BruteForce,4,Mirai,0.1423776024435828,0.15749672059477485,0.20464662397004163
3,7,3,False,1,BruteForce,5,Recon,0.06636627531412291,0.1544252010014664,0.08160172798012294
3,7,3,False,1,BruteForce,6,Spoofing,0.023245152414821963,0.19670832510603106,0.028321106426362385
3,7,3,False,1,BruteForce,7,Web-Based,0.04566336387778855,0.17538992958669603,0.03142042230712738
3,7,3,False,2,DDoS,0,Benign,0.039803677478073195,0.0420048564985153,0.05418656669811476
3,7,3,False,2,DDoS,1,BruteForce,0.12348260451353459,0.03236260948694235,0.13362710600047714
3,7,3,False,2,DDoS,2,DDoS,0.6593016846241971,0.604641152114562,0.6084341304810735
3,7,3,False,2,DDoS,3,DoS,0.019999742902098792,0.10552735003346152,0.029694312183729966
3,7,3,False,2,DDoS,4,Mirai,0.07093000830859626,0.0743995689100891,0.0876212099996208
3,7,3,False,2,DDoS,5,Recon,0.062115937353226576,0.06078896841122469,0.05046877631761053
3,7,3,False,2,DDoS,6,Spoofing,0.009249384117758537,0.04607409078512961,0.016799953749613523
3,7,3,False,2,DDoS,7,Web-Based,0.015116960702514963,0.03420140376007542,0.01916794456975978
3,7,3,False,3,DoS,0,Benign,0.022262980603771344,0.032590006313295984,0.049824806740559134
3,7,3,False,3,DoS,1,BruteForce,0.09897441881684788,0.02369430293659636,0.15871638978004346
3,7,3,False,3,DoS,2,DDoS,0.24062403690825518,0.1352279923272842,0.2739374321325671
3,7,3,False,3,DoS,3,DoS,0.5168061071568643,0.5790514246554435,0.2839548812108047
3,7,3,False,3,DoS,4,Mirai,0.07056966559882422,0.10829766303032513,0.14274198998363813
3,7,3,False,3,DoS,5,Recon,0.0258366915599049,0.035176347101416025,0.046865274202214556
3,7,3,False,3,DoS,6,Spoofing,0.011553006176170876,0.05743024042275276,0.018854402550887935
3,7,3,False,3,DoS,7,Web-Based,0.013373093179361426,0.028532023212886,0.02510482339928486
3,7,3,False,4,Mirai,0,Benign,0.09431072532507095,0.16641175871147437,0.10394801873029945
3,7,3,False,4,Mirai,1,BruteForce,0.40658336605051265,0.045612159413723256,0.3662581022185664
3,7,3,False,4,Mirai,2,DDoS,0.09158596779513672,0.04778172829392338,0.10740728079125414
3,7,3,False,4,Mirai,3,DoS,0.025991691283070967,0.08137187559486556,0.04208730839404158
3,7,3,False,4,Mirai,4,Mirai,0.25998628820904557,0.23095415375161576,0.25034116343665686
3,7,3,False,4,Mirai,5,Recon,0.06248437448831436,0.11812532678753843,0.07377720890383144
3,7,3,False,4,Mirai,6,Spoofing,0.022189178105338114,0.19153681820003693,0.027117561978776256
3,7,3,False,4,Mirai,7,Web-Based,0.03686840874351075,0.11820617924682218,0.029063355546573952
3,7,3,False,5,Recon,0,Benign,0.0908503265220148,0.16044031652263221,0.09756590563366478
3,7,3,False,5,Recon,1,BruteForce,0.5283895048991054,0.05251737804100396,0.4393565922828682
3,7,3,False,5,Recon,2,DDoS,0.05762720911932964,0.032009760818371986,0.06267543526401637
3,7,3,False,5,Recon,3,DoS,0.029214488977165252,0.04350715350625136,0.04463156907363983
3,7,3,False,5,Recon,4,Mirai,0.12998479664109386,0.13451910520486468,0.20565759171174258
3,7,3,False,5,Recon,5,Recon,0.09623245305866412,0.22166621131055633,0.0917340051966015
3,7,3,False,5,Recon,6,Spoofing,0.02200020743425613,0.1818267771881913,0.02682067240807345
3,7,3,False,5,Recon,7,Web-Based,0.045701013348370935,0.17351329740812815,0.03155822842939329
3,7,3,False,6,Spoofing,0,Benign,0.13875718399912795,0.17226997721061862,0.12262083379026725
3,7,3,False,6,Spoofing,1,BruteForce,0.4257314246117269,0.04370379743092637,0.3671513011785513
3,7,3,False,6,Spoofing,2,DDoS,0.052371804260620915,0.03338772587493327,0.07061394487219584
3,7,3,False,6,Spoofing,3,DoS,0.025020757175431948,0.04142030129362857,0.04085530223639366
3,7,3,False,6,Spoofing,4,Mirai,0.17615619588309386,0.14314100339328245,0.2393203767527391
3,7,3,False,6,Spoofing,5,Recon,0.11228730024312689,0.20514335791724134,0.09944266369448852
3,7,3,False,6,Spoofing,6,Spoofing,0.025131424659495707,0.21521228515679838,0.030191004562158057
3,7,3,False,6,Spoofing,7,Web-Based,0.044543909167375835,0.14572155172257098,0.029804572913206245
3,7,3,False,7,Web-Based,0,Benign,0.1271006154838432,0.19628038843498724,0.12166781308232819
3,7,3,False,7,Web-Based,1,BruteForce,0.4342829546429949,0.0456676495717923,0.381819740473302
3,7,3,False,7,Web-Based,2,DDoS,0.061398085663853325,0.03462202175149535,0.08681887661962281
3,7,3,False,7,Web-Based,3,DoS,0.025448822686501,0.04548543082280644,0.03828257697757771
3,7,3,False,7,Web-Based,4,Mirai,0.18231286536062308,0.16236816374101215,0.22489869579251326
3,7,3,False,7,Web-Based,5,Recon,0.10294353113038492,0.17477190023695816,0.08862106663524917
3,7,3,False,7,Web-Based,6,Spoofing,0.023020561469928508,0.1927941935041602,0.027871303862086062
3,7,3,False,7,Web-Based,7,Web-Based,0.043492563561871096,0.14801025193678818,0.030019926557320668
3,7,4,False,0,Benign,0,Benign,0.5269842097385494,0.17465813677689318,0.5079957351917117
3,7,4,False,0,Benign,1,BruteForce,0.018031905663565023,0.04249147259189368,0.01748946183137613
3,7,4,False,0,Benign,2,DDoS,0.015074931652967125,0.04785914784608208,0.021068978105766273
3,7,4,False,0,Benign,3,DoS,0.04370173570610129,0.07277784904863908,0.11805400248392045
3,7,4,False,0,Benign,4,Mirai,0.058131194469956494,0.14516989163993346,0.051857750097300044
3,7,4,False,0,Benign,5,Recon,0.050539501728030414,0.1968907561662409,0.044870356461185056
3,7,4,False,0,Benign,6,Spoofing,0.1594537917410012,0.19085739662231904,0.12974401873056032
3,7,4,False,0,Benign,7,Web-Based,0.12808272929982917,0.12929534930799863,0.10891969709817997
3,7,4,False,1,BruteForce,0,Benign,0.4897342294068774,0.17891927424619433,0.5389955761261209
3,7,4,False,1,BruteForce,1,BruteForce,0.02352521647229838,0.058450095051786694,0.017308943523206857
3,7,4,False,1,BruteForce,2,DDoS,0.015309263646771211,0.034516990423547604,0.019094587480338956
3,7,4,False,1,BruteForce,3,DoS,0.025412814686394076,0.044093463989503,0.046011712086405
3,7,4,False,1,BruteForce,4,Mirai,0.0631010038569134,0.15749672059477485,0.05660047445349295
3,7,4,False,1,BruteForce,5,Recon,0.05165172541081034,0.1544252010014664,0.04878325819914148
3,7,4,False,1,BruteForce,6,Spoofing,0.1613428363977645,0.19670832510603106,0.13701215473952064
3,7,4,False,1,BruteForce,7,Web-Based,0.16992291012217067,0.17538992958669603,0.13619329339177316
3,7,4,False,2,DDoS,0,Benign,0.15226691771199757,0.0420048564985153,0.24393959575792235
3,7,4,False,2,DDoS,1,BruteForce,0.014920696868073768,0.03236260948694235,0.022141041236417712
3,7,4,False,2,DDoS,2,DDoS,0.591984620753434,0.604641152114562,0.4235565978710404
3,7,4,False,2,DDoS,3,DoS,0.07058071570888123,0.10552735003346152,0.10550288890410102
3,7,4,False,2,DDoS,4,Mirai,0.03340639997825853,0.0743995689100891,0.038561222616288644
3,7,4,False,2,DDoS,5,Recon,0.024622012096076406,0.06078896841122469,0.031050563041224537
3,7,4,False,2,DDoS,6,Spoofing,0.05380651358055792,0.04607409078512961,0.06882433656623298
3,7,4,False,2,DDoS,7,Web-Based,0.058412123302720505,0.03420140376007542,0.06642375400677236
3,7,4,False,3,DoS,0,Benign,0.05442476519165023,0.032590006313295984,0.07787514820812906
3,7,4,False,3,DoS,1,BruteForce,0.008874995437484143,0.02369430293659636,0.018979474854902208
3,7,4,False,3,DoS,2,DDoS,0.02653144728778956,0.1352279923272842,0.028906935572254794
3,7,4,False,3,DoS,3,DoS,0.830728605548693,0.5790514246554435,0.7484607123074821
3,7,4,False,3,DoS,4,Mirai,0.01496341505019603,0.10829766303032513,0.023447361734180414
3,7,4,False,3,DoS,5,Recon,0.009398126166890319,0.035176347101416025,0.01725485135104091
3,7,4,False,3,DoS,6,Spoofing,0.03437826792484484,0.05743024042275276,0.04805986709779222
3,7,4,False,3,DoS,7,Web-Based,0.0207003773924519,0.028532023212886,0.03701564887421835
3,7,4,False,4,Mirai,0,Benign,0.4789900470435935,0.16641175871147437,0.4965879247066158
3,7,4,False,4,Mirai,1,BruteForce,0.019538751142820682,0.045612159413723256,0.01775053418160157
3,7,4,False,4,Mirai,2,DDoS,0.01601424358659848,0.04778172829392338,0.01977268644247351
3,7,4,False,4,Mirai,3,DoS,0.05136863206581536,0.08137187559486556,0.12263830614322681
3,7,4,False,4,Mirai,4,Mirai,0.10615889097562577,0.23095415375161576,0.05638430205370269
3,7,4,False,4,Mirai,5,Recon,0.041105675175439206,0.11812532678753843,0.04138758345937428
3,7,4,False,4,Mirai,6,Spoofing,0.15718246228683638,0.19153681820003693,0.1311358886537027
3,7,4,False,4,Mirai,7,Web-Based,0.12964129772327074,0.11820617924682218,0.11434277435930258
3,7,4,False,5,Recon,0,Benign,0.4825928288459867,0.16044031652263221,0.5312455447983859
3,7,4,False,5,Recon,1,BruteForce,0.02355977075417168,0.05251737804100396,0.0175746854967464
3,7,4,False,5,Recon,2,DDoS,0.015033416973366555,0.032009760818371986,0.019201740904951983
3,7,4,False,5,Recon,3,DoS,0.02702576541047429,0.04350715350625136,0.051801502990743445
3,7,4,False,5,Recon,4,Mirai,0.056928888891475876,0.13451910520486468,0.05578130400813185
3,7,4,False,5,Recon,5,Recon,0.0714698130986355,0.22166621131055633,0.0544097450669764
3,7,4,False,5,Recon,6,Spoofing,0.14725850793162634,0.1818267771881913,0.13279172107750647
3,7,4,False,5,Recon,7,Web-Based,0.1761310080942631,0.17351329740812815,0.13719375565655736
3,7,4,False,6,Spoofing,0,Benign,0.5069143499537286,0.17226997721061862,0.5367291950120796
3,7,4,False,6,Spoofing,1,BruteForce,0.019094207938916558,0.04370379743092637,0.017387891299526708
3,7,4,False,6,Spoofing,2,DDoS,0.014423637431211235,0.03338772587493327,0.019919672538647067
3,7,4,False,6,Spoofing,3,DoS,0.025896502108215123,0.04142030129362857,0.07140899313666473
3,7,4,False,6,Spoofing,4,Mirai,0.058594451331671266,0.14314100339328245,0.05230154226277583
3,7,4,False,6,Spoofing,5,Recon,0.05124002177702755,0.20514335791724134,0.04718666696582754
3,7,4,False,6,Spoofing,6,Spoofing,0.18406759761469918,0.21521228515679838,0.1407045503825967
3,7,4,False,6,Spoofing,7,Web-Based,0.13976923184453047,0.14572155172257098,0.11436148840188197
3,7,4,False,7,Web-Based,0,Benign,0.509354109648134,0.19628038843498724,0.5452923947553538
3,7,4,False,7,Web-Based,1,BruteForce,0.02011280007610732,0.0456676495717923,0.017324480126832013
3,7,4,False,7,Web-Based,2,DDoS,0.014907662954833032,0.03462202175149535,0.020624852395507213
3,7,4,False,7,Web-Based,3,DoS,0.027002086785652354,0.04548543082280644,0.051402003499636945
3,7,4,False,7,Web-Based,4,Mirai,0.07078589452536399,0.16236816374101215,0.05589367899116845
3,7,4,False,7,Web-Based,5,Recon,0.04956478966279594,0.17477190023695816,0.04665063687173556
3,7,4,False,7,Web-Based,6,Spoofing,0.15506887194593846,0.1927941935041602,0.134926452910806
3,7,4,False,7,Web-Based,7,Web-Based,0.15320378440117505,0.14801025193678818,0.12788550044896002
3,7,5,False,0,Benign,0,Benign,0.34478026733332934,0.17465813677689318,0.3783280723088211
3,7,5,False,0,Benign,1,BruteForce,0.010099758028002602,0.04249147259189368,0.017547510079094965
3,7,5,False,0,Benign,2,DDoS,0.03255899511842057,0.04785914784608208,0.051107934128251306
3,7,5,False,0,Benign,3,DoS,0.01003496882842297,0.07277784904863908,0.01959878619832978
3,7,5,False,0,Benign,4,Mirai,0.019689848253760286,0.14516989163993346,0.02363074014508072
3,7,5,False,0,Benign,5,Recon,0.0732018914724933,0.1968907561662409,0.0744806952042887
3,7,5,False,0,Benign,6,Spoofing,0.4956069665547382,0.19085739662231904,0.41640980896830043
3,7,5,False,0,Benign,7,Web-Based,0.014027304410832659,0.12929534930799863,0.018896452967833058
3,7,5,False,1,BruteForce,0,Benign,0.33427357463614255,0.17891927424619433,0.4220793397155259
3,7,5,False,1,BruteForce,1,BruteForce,0.011782834277764168,0.058450095051786694,0.017452424571843622
3,7,5,False,1,BruteForce,2,DDoS,0.016250537690766908,0.034516990423547604,0.030756218001764053
3,7,5,False,1,BruteForce,3,DoS,0.009256846435759709,0.044093463989503,0.019057952971509008
3,7,5,False,1,BruteForce,4,Mirai,0.020124840540402915,0.15749672059477485,0.02385929989556012
3,7,5,False,1,BruteForce,5,Recon,0.07338179146593862,0.1544252010014664,0.0768380145216068
3,7,5,False,1,BruteForce,6,Spoofing,0.5193338263033095,0.19670832510603106,0.3907260856561628
3,7,5,False,1,BruteForce,7,Web-Based,0.015595748649915647,0.17538992958669603,0.019230664666027766
3,7,5,False,2,DDoS,0,Benign,0.1052686886765722,0.0420048564985153,0.15728459891530153
3,7,5,False,2,DDoS,1,BruteForce,0.008967840166254829,0.03236260948694235,0.020081329595853403
3,7,5,False,2,DDoS,2,DDoS,0.6408544900211799,0.604641152114562,0.5617724981376889
3,7,5,False,2,DDoS,3,DoS,0.006953117504823857,0.10552735003346152,0.012859254036653837
3,7,5,False,2,DDoS,4,Mirai,0.010939296273175664,0.0743995689100891,0.019400251437496654
3,7,5,False,2,DDoS,5,Recon,0.048774086368062436,0.06078896841122469,0.04233680995181692
3,7,5,False,2,DDoS,6,Spoofing,0.17050525456208807,0.04607409078512961,0.17072499753583964
3,7,5,False,2,DDoS,7,Web-Based,0.007737226427843067,0.03420140376007542,0.01554026038934899
3,7,5,False,3,DoS,0,Benign,0.06708483625966283,0.032590006313295984,0.1521870865087781
3,7,5,False,3,DoS,1,BruteForce,0.014101857591665828,0.02369430293659636,0.02707200618051485
3,7,5,False,3,DoS,2,DDoS,0.09891819617940192,0.1352279923272842,0.14666000047508393
3,7,5,False,3,DoS,3,DoS,0.4174242755137962,0.5790514246554435,0.18098746353411105
3,7,5,False,3,DoS,4,Mirai,0.010879966314354297,0.10829766303032513,0.0225941413864522
3,7,5,False,3,DoS,5,Recon,0.024432755394565814,0.035176347101416025,0.047561405360367064
3,7,5,False,3,DoS,6,Spoofing,0.35770085228459303,0.05743024042275276,0.40015524914078443
3,7,5,False,3,DoS,7,Web-Based,0.009457260461960198,0.028532023212886,0.02278264741390845
3,7,5,False,4,Mirai,0,Benign,0.30963575390401377,0.16641175871147437,0.3881948853418603
3,7,5,False,4,Mirai,1,BruteForce,0.010895353733357224,0.045612159413723256,0.017591480932306197
3,7,5,False,4,Mirai,2,DDoS,0.03277700299959474,0.04778172829392338,0.04069487135055433
3,7,5,False,4,Mirai,3,DoS,0.009944329668230119,0.08137187559486556,0.019884109120460344
3,7,5,False,4,Mirai,4,Mirai,0.02361241967735,0.23095415375161576,0.024656434139932532
3,7,5,False,4,Mirai,5,Recon,0.058199051342901424,0.11812532678753843,0.0680386101742592
3,7,5,False,4,Mirai,6,Spoofing,0.5409431452090061,0.19153681820003693,0.422302547286838
3,7,5,False,4,Mirai,7,Web-Based,0.01399294346554664,0.11820617924682218,0.01863706165378906
3,7,5,False,5,Recon,0,Benign,0.34448465527788213,0.16044031652263221,0.4165851513257524
3,7,5,False,5,Recon,1,BruteForce,0.011949926498066275,0.05251737804100396,0.017232907660537707
3,7,5,False,5,Recon,2,DDoS,0.016148078123523462,0.032009760818371986,0.030855083847475456
3,7,5,False,5,Recon,3,DoS,0.009573902453961823,0.04350715350625136,0.01930504435685354
3,7,5,False,5,Recon,4,Mirai,0.01946535919472026,0.13451910520486468,0.023053352050397432
3,7,5,False,5,Recon,5,Recon,0.11325434994623412,0.22166621131055633,0.09082699923357593
3,7,5,False,5,Recon,6,Spoofing,0.4685473817939045,0.1818267771881913,0.3830407149459981
3,7,5,False,5,Recon,7,Web-Based,0.0165763467117075,0.17351329740812815,0.019100746579409494
3,7,5,False,6,Spoofing,0,Benign,0.321377380803416,0.17226997721061862,0.384339731543249
3,7,5,False,6,Spoofing,1,BruteForce,0.0100821804976693,0.04370379743092637,0.017071650158905514
3,7,5,False,6,Spoofing,2,DDoS,0.015821263847644814,0.03338772587493327,0.03154310353527155
3,7,5,False,6,Spoofing,3,DoS,0.009329202952146448,0.04142030129362857,0.01963870014916002
3,7,5,False,6,Spoofing,4,Mirai,0.01921448675786107,0.14314100339328245,0.02363134532308709
3,7,5,False,6,Spoofing,5,Recon,0.0716677712870042,0.20514335791724134,0.07216007608053722
3,7,5,False,6,Spoofing,6,Spoofing,0.5385084447080947,0.21521228515679838,0.4330544183475924
3,7,5,False,6,Spoofing,7,Web-Based,0.013999269146163505,0.14572155172257098,0.018560974862197207
3,7,5,False,7,Web-Based,0,Benign,0.35040275809957117,0.19628038843498724,0.4216269510220606
3,7,5,False,7,Web-Based,1,BruteForce,0.010740665858437443,0.0456676495717923,0.01734601397073613
3,7,5,False,7,Web-Based,2,DDoS,0.01725662475912891,0.03462202175149535,0.033328462487528146
3,7,5,False,7,Web-Based,3,DoS,0.00948284140567271,0.04548543082280644,0.019046315251843134
3,7,5,False,7,Web-Based,4,Mirai,0.021754090268940495,0.16236816374101215,0.02389689832549251
3,7,5,False,7,Web-Based,5,Recon,0.06978278190986213,0.17477190023695816,0.07154520334700588
3,7,5,False,7,Web-Based,6,Spoofing,0.5056616219484845,0.1927941935041602,0.3943679879536759
3,7,5,False,7,Web-Based,7,Web-Based,0.014918615749902593,0.14801025193678818,0.018842167641657553
3,7,6,False,0,Benign,0,Benign,0.605339955736098,0.17465813677689318,0.5635906685768259
3,7,6,False,0,Benign,1,BruteForce,0.08358067040040126,0.04249147259189368,0.07299659075803594
3,7,6,False,0,Benign,2,DDoS,0.015592909112637943,0.04785914784608208,0.022728536544494627
3,7,6,False,0,Benign,3,DoS,0.02098801879621469,0.07277784904863908,0.031804090117990215
3,7,6,False,0,Benign,4,Mirai,0.2274438015190578,0.14516989163993346,0.2587297366439052
3,7,6,False,0,Benign,5,Recon,0.019025788708879287,0.1968907561662409,0.018895481360983485
3,7,6,False,0,Benign,6,Spoofing,0.014937898108043949,0.19085739662231904,0.0177701765605472
3,7,6,False,0,Benign,7,Web-Based,0.013090957618667135,0.12929534930799863,0.01348471943721746
3,7,6,False,1,BruteForce,0,Benign,0.557436826162865,0.17891927424619433,0.5549714020686299
3,7,6,False,1,BruteForce,1,BruteForce,0.11560865293615481,0.058450095051786694,0.08560280046420034
3,7,6,False,1,BruteForce,2,DDoS,0.017395023355550297,0.034516990423547604,0.021062767913920828
3,7,6,False,1,BruteForce,3,DoS,0.011823169161854385,0.044093463989503,0.02567387307698594
3,7,6,False,1,BruteForce,4,Mirai,0.24851061208809935,0.15749672059477485,0.26100076552171436
3,7,6,False,1,BruteForce,5,Recon,0.018147905301743147,0.1544252010014664,0.019051100528756047
3,7,6,False,1,BruteForce,6,Spoofing,0.015571060712722636,0.19670832510603106,0.018381569423341976
3,7,6,False,1,BruteForce,7,Web-Based,0.015506750281010461,0.17538992958669603,0.014255721002450587
3,7,6,False,2,DDoS,0,Benign,0.2752721152171762,0.0420048564985153,0.4202436186435445
3,7,6,False,2,DDoS,1,BruteForce,0.04669616956546192,0.03236260948694235,0.05236872798432571
3,7,6,False,2,DDoS,2,DDoS,0.35700427651962857,0.604641152114562,0.18140853702907217
3,7,6,False,2,DDoS,3,DoS,0.03946436441888561,0.10552735003346152,0.03450566219496077
3,7,6,False,2,DDoS,4,Mirai,0.2440614771633711,0.0743995689100891,0.2590831465024586
3,7,6,False,2,DDoS,5,Recon,0.014138684922364248,0.06078896841122469,0.018087462278336484
3,7,6,False,2,DDoS,6,Spoofing,0.011621466119418018,0.04607409078512961,0.017904361348387392
3,7,6,False,2,DDoS,7,Web-Based,0.011741446073694279,0.03420140376007542,0.016398484018914375
3,7,6,False,3,DoS,0,Benign,0.11586340322480518,0.032590006313295984,0.25688272991575484
3,7,6,False,3,DoS,1,BruteForce,0.03911766846455602,0.02369430293659636,0.06691429012445817
3,7,6,False,3,DoS,2,DDoS,0.02103708721533975,0.1352279923272842,0.040240292913036796
3,7,6,False,3,DoS,3,DoS,0.6737627107161736,0.5790514246554435,0.3115024818327052
3,7,6,False,3,DoS,4,Mirai,0.11905197043065387,0.10829766303032513,0.26550556668029934
3,7,6,False,3,DoS,5,Recon,0.009960879274748344,0.035176347101416025,0.02110137052285292
3,7,6,False,3,DoS,6,Spoofing,0.011007086935266808,0.05743024042275276,0.018396588269915543
3,7,6,False,3,DoS,7,Web-Based,0.010199193738456607,0.028532023212886,0.019456679740977197
3,7,6,False,4,Mirai,0,Benign,0.4835413600646311,0.16641175871147437,0.5069725828697176
3,7,6,False,4,Mirai,1,BruteForce,0.09013644159292326,0.045612159413723256,0.07708283150685984
3,7,6,False,4,Mirai,2,DDoS,0.01813281510694187,0.04778172829392338,0.023175436673754362
3,7,6,False,4,Mirai,3,DoS,0.015528157181742991,0.08137187559486556,0.029480894384506
3,7,6,False,4,Mirai,4,Mirai,0.3483530196704591,0.23095415375161576,0.31307240406737114
3,7,6,False,4,Mirai,5,Recon,0.01613845847937109,0.11812532678753843,0.018484869990236578
3,7,6,False,4,Mirai,6,Spoofing,0.014782146118380825,0.19153681820003693,0.017907721722121184
3,7,6,False,4,Mirai,7,Web-Based,0.013387601785549662,0.11820617924682218,0.013823258785433315
3,7,6,False,5,Recon,0,Benign,0.5597652405750241,0.16044031652263221,0.5511247022879678
3,7,6,False,5,Recon,1,BruteForce,0.12051012687434745,0.05251737804100396,0.08735828671699891
3,7,6,False,5,Recon,2,DDoS,0.01769930538317266,0.032009760818371986,0.021377815255414247
3,7,6,False,5,Recon,3,DoS,0.013078728548377704,0.04350715350625136,0.026286416125428317
3,7,6,False,5,Recon,4,Mirai,0.23571061963502976,0.13451910520486468,0.2618948779018005
3,7,6,False,5,Recon,5,Recon,0.021904407259620746,0.22166621131055633,0.019279064524510857
3,7,6,False,5,Recon,6,Spoofing,0.015354474649801967,0.1818267771881913,0.018291903731509438
3,7,6,False,5,Recon,7,Web-Based,0.015977097074625746,0.17351329740812815,0.014386933456370042
3,7,6,False,6,Spoofing,0,Benign,0.6029763596802388,0.17226997721061862,0.574631586254015
3,7,6,False,6,Spoofing,1,BruteForce,0.08948574034714912,0.04370379743092637,0.07334502540275967
3,7,6,False,6,Spoofing,2,DDoS,0.015123527219011812,0.03338772587493327,0.02158222435786873
3,7,6,False,6,Spoofing,3,DoS,0.012371741966742664,0.04142030129362857,0.026679753006541466
3,7,6,False,6,Spoofing,4,Mirai,0.23301029710061663,0.14314100339328245,0.2542762647531606
3,7,6,False,6,Spoofing,5,Recon,0.018875728951924256,0.20514335791724134,0.01860513125670131
3,7,6,False,6,Spoofing,6,Spoofing,0.014588552354940248,0.21521228515679838,0.017691682519896265
3,7,6,False,6,Spoofing,7,Web-Based,0.01356805237937657,0.14572155172257098,0.013188332449056994
3,7,6,False,7,Web-Based,0,Benign,0.565441953560308,0.19628038843498724,0.5607980975870772
3,7,6,False,7,Web-Based,1,BruteForce,0.0922504989029053,0.0456676495717923,0.07829739978430017
3,7,6,False,7,Web-Based,2,DDoS,0.015586715202369804,0.03462202175149535,0.021601190255963076
3,7,6,False,7,Web-Based,3,DoS,0.011766746413519531,0.04548543082280644,0.024415889745459884
3,7,6,False,7,Web-Based,4,Mirai,0.2688132200597399,0.16236816374101215,0.26472536396730617
3,7,6,False,7,Web-Based,5,Recon,0.01787023699181473,0.17477190023695816,0.01866916262239674
3,7,6,False,7,Web-Based,6,Spoofing,0.014541091454785939,0.1927941935041602,0.01774326431444597
3,7,6,False,7,Web-Based,7,Web-Based,0.013729537414556752,0.14801025193678818,0.013749631723050777
3,7,7,True,0,Benign,0,Benign,0.060914891558045615,0.17465813677689318,0.1612130099482367
3,7,7,True,0,Benign,1,BruteForce,0.2199063164301103,0.04249147259189368,0.021549698594711935
3,7,7,True,0,Benign,2,DDoS,0.10688975333013895,0.04785914784608208,0.21755281072488927
3,7,7,True,0,Benign,3,DoS,0.07588473341471713,0.07277784904863908,0.0507713524334422
3,7,7,True,0,Benign,4,Mirai,0.05268935438837823,0.14516989163993346,0.10149800229687622
3,7,7,True,0,Benign,5,Recon,0.058127560015339995,0.1968907561662409,0.08915834590119735
3,7,7,True,0,Benign,6,Spoofing,0.07768123084785925,0.19085739662231904,0.2752811876886586
3,7,7,True,0,Benign,7,Web-Based,0.3479061600154105,0.12929534930799863,0.0829755924119876
3,7,7,True,1,BruteForce,0,Benign,0.061974024602439975,0.17891927424619433,0.17216505788819655
3,7,7,True,1,BruteForce,1,BruteForce,0.24734336438011997,0.058450095051786694,0.023489184260006412
3,7,7,True,1,BruteForce,2,DDoS,0.0789762803176284,0.034516990423547604,0.1782194383822207
3,7,7,True,1,BruteForce,3,DoS,0.0604200444838381,0.044093463989503,0.02107490955539629
3,7,7,True,1,BruteForce,4,Mirai,0.0517214674333388,0.15749672059477485,0.11609453677926099
3,7,7,True,1,BruteForce,5,Recon,0.06020479794939347,0.1544252010014664,0.10624656030471129
3,7,7,True,1,BruteForce,6,Spoofing,0.07816098468217696,0.19670832510603106,0.27772178577655626
3,7,7,True,1,BruteForce,7,Web-Based,0.3611990361510644,0.17538992958669603,0.10498852705365155
3,7,7,True,2,DDoS,0,Benign,0.028209423069902966,0.0420048564985153,0.05957168728630258
3,7,7,True,2,DDoS,1,BruteForce,0.09601572346966651,0.03236260948694235,0.018248559763005344
3,7,7,True,2,DDoS,2,DDoS,0.30029683817972913,0.604641152114562,0.6887717265507326
3,7,7,True,2,DDoS,3,DoS,0.3489185077552046,0.10552735003346152,0.027932282682672043
3,7,7,True,2,DDoS,4,Mirai,0.031261436393728734,0.0743995689100891,0.04457647051358587
3,7,7,True,2,DDoS,5,Recon,0.028623137998964376,0.06078896841122469,0.04837520167158278
3,7,7,True,2,DDoS,6,Spoofing,0.03430074120435054,0.04607409078512961,0.07689998253077296
3,7,7,True,2,DDoS,7,Web-Based,0.1323741919284532,0.03420140376007542,0.03562408900134586
3,7,7,True,3,DoS,0,Benign,0.02701630050616667,0.032590006313295984,0.042044694103497406
3,7,7,True,3,DoS,1,BruteForce,0.08813537937337473,0.02369430293659636,0.022903262186133883
3,7,7,True,3,DoS,2,DDoS,0.21181897831803317,0.1352279923272842,0.29928914497879966
3,7,7,True,3,DoS,3,DoS,0.32669146806818167,0.5790514246554435,0.39409129704328877
3,7,7,True,3,DoS,4,Mirai,0.07619183174069924,0.10829766303032513,0.046517135311820994
3,7,7,True,3,DoS,5,Recon,0.03078900974343263,0.035176347101416025,0.03586961341078116
3,7,7,True,3,DoS,6,Spoofing,0.044997900475735896,0.05743024042275276,0.11958088099153534
3,7,7,True,3,DoS,7,Web-Based,0.19435913177437605,0.028532023212886,0.03970397197414285
3,7,7,True,4,Mirai,0,Benign,0.05594453421310296,0.16641175871147437,0.15803829928626134
3,7,7,True,4,Mirai,1,BruteForce,0.22408518449769207,0.045612159413723256,0.02324967474085569
3,7,7,True,4,Mirai,2,DDoS,0.1003129211107549,0.04778172829392338,0.21429951582599055
3,7,7,True,4,Mirai,3,DoS,0.07695164179243415,0.08137187559486556,0.04786313847895252
3,7,7,True,4,Mirai,4,Mirai,0.062129790317497734,0.23095415375161576,0.12158082011883178
3,7,7,True,4,Mirai,5,Recon,0.05398124210407961,0.11812532678753843,0.07913860738665386
3,7,7,True,4,Mirai,6,Spoofing,0.07343615586598227,0.19153681820003693,0.2673355405055664
3,7,7,True,4,Mirai,7,Web-Based,0.3531585300984564,0.11820617924682218,0.08849440365688792
3,7,7,True,5,Recon,0,Benign,0.061440024187884,0.16044031652263221,0.16933151293432142
3,7,7,True,5,Recon,1,BruteForce,0.2484682446352534,0.05251737804100396,0.023268371573153347
3,7,7,True,5,Recon,2,DDoS,0.07795463620900149,0.032009760818371986,0.17770704044744995
3,7,7,True,5,Recon,3,DoS,0.06018166188885299,0.04350715350625136,0.021267034241298704
3,7,7,True,5,Recon,4,Mirai,0.050543538686294305,0.13451910520486468,0.11627460050720387
3,7,7,True,5,Recon,5,Recon,0.0641918274994601,0.22166621131055633,0.12369832313348705
3,7,7,True,5,Recon,6,Spoofing,0.07838560246261418,0.1818267771881913,0.26291838932884415
3,7,7,True,5,Recon,7,Web-Based,0.3588344644306396,0.17351329740812815,0.10553472783424149
3,7,7,True,6,Spoofing,0,Benign,0.061959529848329885,0.17226997721061862,0.17501644461271487
3,7,7,True,6,Spoofing,1,BruteForce,0.22803058112260666,0.04370379743092637,0.021484065384614778
3,7,7,True,6,Spoofing,2,DDoS,0.07813080897356071,0.03338772587493327,0.15969167991808367
3,7,7,True,6,Spoofing,3,DoS,0.0598475741767861,0.04142030129362857,0.040222036031223
3,7,7,True,6,Spoofing,4,Mirai,0.05602644816066354,0.14314100339328245,0.10437302873967663
3,7,7,True,6,Spoofing,5,Recon,0.06142687351869763,0.20514335791724134,0.09595536247509695
3,7,7,True,6,Spoofing,6,Spoofing,0.08356990269566501,0.21521228515679838,0.3146634533266313
3,7,7,True,6,Spoofing,7,Web-Based,0.3710082815036906,0.14572155172257098,0.0885939295119589
3,7,7,True,7,Web-Based,0,Benign,0.0617152064030218,0.19628038843498724,0.1783952917633801
3,7,7,True,7,Web-Based,1,BruteForce,0.2398241425247505,0.0456676495717923,0.02330923188089099
3,7,7,True,7,Web-Based,2,DDoS,0.08148559827650849,0.03462202175149535,0.1826001336201361
3,7,7,True,7,Web-Based,3,DoS,0.06460659604383102,0.04548543082280644,0.024411332109139233
3,7,7,True,7,Web-Based,4,Mirai,0.05377889380025838,0.16236816374101215,0.11430485638861031
3,7,7,True,7,Web-Based,5,Recon,0.060099757588917564,0.17477190023695816,0.09879631550710012
3,7,7,True,7,Web-Based,6,Spoofing,0.07727359438494862,0.1927941935041602,0.28042700437631257
3,7,7,True,7,Web-Based,7,Web-Based,0.3612162109777637,0.14801025193678818,0.09775583435443067
3,7,8,True,0,Benign,0,Benign,0.03042426621430261,0.17465813677689318,0.019132850159553263
3,7,8,True,0,Benign,1,BruteForce,0.021336450291115874,0.04249147259189368,0.016068908819353574
3,7,8,True,0,Benign,2,DDoS,0.018849255583564102,0.04785914784608208,0.04439965505164727
3,7,8,True,0,Benign,3,DoS,0.05539304235909248,0.07277784904863908,0.056110536479231185
3,7,8,True,0,Benign,4,Mirai,0.07853521514593381,0.14516989163993346,0.02349910412323074
3,7,8,True,0,Benign,5,Recon,0.036634865453693675,0.1968907561662409,0.03706211308079212
3,7,8,True,0,Benign,6,Spoofing,0.11960084733423033,0.19085739662231904,0.7847352431503148
3,7,8,True,0,Benign,7,Web-Based,0.6392260576180672,0.12929534930799863,0.0189915891358769
3,7,8,True,1,BruteForce,0,Benign,0.02957602729273445,0.17891927424619433,0.017743662669092622
3,7,8,True,1,BruteForce,1,BruteForce,0.022681721547512457,0.058450095051786694,0.012867881546379339
3,7,8,True,1,BruteForce,2,DDoS,0.017491266285617594,0.034516990423547604,0.021160047750757877
3,7,8,True,1,BruteForce,3,DoS,0.046922908289832026,0.044093463989503,0.028157277884586593
3,7,8,True,1,BruteForce,4,Mirai,0.07805434139192513,0.15749672059477485,0.02336187849024363
3,7,8,True,1,BruteForce,5,Recon,0.03714544633477803,0.1544252010014664,0.03457158621983451
3,7,8,True,1,BruteForce,6,Spoofing,0.11997181265298536,0.19670832510603106,0.8435205502423192
3,7,8,True,1,BruteForce,7,Web-Based,0.648156476204615,0.17538992958669603,0.018617115196786365
3,7,8,True,2,DDoS,0,Benign,0.026929468669652512,0.0420048564985153,0.024591890673603345
3,7,8,True,2,DDoS,1,BruteForce,0.026428698137326432,0.03236260948694235,0.020488245038388166
3,7,8,True,2,DDoS,2,DDoS,0.20915586687430324,0.604641152114562,0.5738390966700034
3,7,8,True,2,DDoS,3,DoS,0.19250780167222117,0.10552735003346152,0.03673158361827515
3,7,8,True,2,DDoS,4,Mirai,0.07155679972813626,0.0743995689100891,0.020919818015688825
3,7,8,True,2,DDoS,5,Recon,0.027247351793513428,0.06078896841122469,0.0387585856693685
3,7,8,True,2,DDoS,6,Spoofing,0.06959706041984048,0.04607409078512961,0.2685450562657869
3,7,8,True,2,DDoS,7,Web-Based,0.3765769527050066,0.03420140376007542,0.016125724048885598
3,7,8,True,3,DoS,0,Benign,0.02141285493684788,0.032590006313295984,0.016584975605900075
3,7,8,True,3,DoS,1,BruteForce,0.020594797783337386,0.02369430293659636,0.02787357350144254
3,7,8,True,3,DoS,2,DDoS,0.028700527030243957,0.1352279923272842,0.12449545436992798
3,7,8,True,3,DoS,3,DoS,0.24452051056468363,0.5790514246554435,0.412110294493304
3,7,8,True,3,DoS,4,Mirai,0.10962432173376768,0.10829766303032513,0.023082992246806874
3,7,8,True,3,DoS,5,Recon,0.025123872993702348,0.035176347101416025,0.026149152840062008
3,7,8,True,3,DoS,6,Spoofing,0.07811840874855071,0.05743024042275276,0.35010463360183147
3,7,8,True,3,DoS,7,Web-Based,0.4719047062088664,0.028532023212886,0.019598923340725164
3,7,8,True,4,Mirai,0,Benign,0.028311351149722552,0.16641175871147437,0.017301721504134907
3,7,8,True,4,Mirai,1,BruteForce,0.021444916417623163,0.045612159413723256,0.014990765983382903
3,7,8,True,4,Mirai,2,DDoS,0.018493490644862158,0.04778172829392338,0.03027142230568031
3,7,8,True,4,Mirai,3,DoS,0.05469999645212104,0.08137187559486556,0.053350498446353464
3,7,8,True,4,Mirai,4,Mirai,0.08898008733235895,0.23095415375161576,0.02456751041949872
3,7,8,True,4,Mirai,5,Recon,0.033552326393323666,0.11812532678753843,0.029649843710601795
3,7,8,True,4,Mirai,6,Spoofing,0.11775549165318938,0.19153681820003693,0.8112694934879471
3,7,8,True,4,Mirai,7,Web-Based,0.6367623399567991,0.11820617924682218,0.018598744142400783
3,7,8,True,5,Recon,0,Benign,0.02885679863535415,0.16044031652263221,0.017602542741750285
3,7,8,True,5,Recon,1,BruteForce,0.02222009947170116,0.05251737804100396,0.01298889133185358
3,7,8,True,5,Recon,2,DDoS,0.017123119337367394,0.032009760818371986,0.021295275993342844
3,7,8,True,5,Recon,3,DoS,0.047378637485806153,0.04350715350625136,0.029473546456429113
3,7,8,True,5,Recon,4,Mirai,0.07794734385083318,0.13451910520486468,0.02327832259421718
3,7,8,True,5,Recon,5,Recon,0.03819034400906268,0.22166621131055633,0.04548564476427263
3,7,8,True,5,Recon,6,Spoofing,0.11793054998158499,0.1818267771881913,0.8312604056001496
3,7,8,True,5,Recon,7,Web-Based,0.6503531072282902,0.17351329740812815,0.01861537051798485
3,7,8,True,6,Spoofing,0,Benign,0.030251970453666146,0.17226997721061862,0.017410521247189895
3,7,8,True,6,Spoofing,1,BruteForce,0.021319351129262604,0.04370379743092637,0.013890804576603797
3,7,8,True,6,Spoofing,2,DDoS,0.01783406147180816,0.03338772587493327,0.023166008602391583
3,7,8,True,6,Spoofing,3,DoS,0.05064769524390147,0.04142030129362857,0.04595798976193486
3,7,8,True,6,Spoofing,4,Mirai,0.08054023555201106,0.14314100339328245,0.02247485021861084
3,7,8,True,6,Spoofing,5,Recon,0.03696709992515746,0.20514335791724134,0.03455568325209396
3,7,8,True,6,Spoofing,6,Spoofing,0.1219722743954164,0.21521228515679838,0.8245215541322589
3,7,8,True,6,Spoofing,7,Web-Based,0.6404673118287768,0.14572155172257098,0.018022588208916227
3,7,8,True,7,Web-Based,0,Benign,0.029835560752342453,0.19628038843498724,0.018232554288658505
3,7,8,True,7,Web-Based,1,BruteForce,0.021640663426643687,0.0456676495717923,0.01344827549494716
3,7,8,True,7,Web-Based,2,DDoS,0.01779866028605091,0.03462202175149535,0.02607464544333082
3,7,8,True,7,Web-Based,3,DoS,0.049674897384625605,0.04548543082280644,0.03205878397403811
3,7,8,True,7,Web-Based,4,Mirai,0.07958599039141255,0.16236816374101215,0.02303780961405717
3,7,8,True,7,Web-Based,5,Recon,0.03668885790290645,0.17477190023695816,0.03465418902166594
3,7,8,True,7,Web-Based,6,Spoofing,0.12103233977141348,0.1927941935041602,0.8337732576626405
3,7,8,True,7,Web-Based,7,Web-Based,0.643743030084605,0.14801025193678818,0.01872048450066193
3,7,9,False,0,Benign,0,Benign,0.2578360814244414,0.17465813677689318,0.212708631315114
3,7,9,False,0,Benign,1,BruteForce,0.0034496506135789696,0.04249147259189368,0.0057487095059489636
3,7,9,False,0,Benign,2,DDoS,0.008337052461814409,0.04785914784608208,0.012474645677882902
3,7,9,False,0,Benign,3,DoS,0.0030927958796526955,0.07277784904863908,0.006082180136627195
3,7,9,False,0,Benign,4,Mirai,0.5193496882720828,0.14516989163993346,0.5442726249294527
3,7,9,False,0,Benign,5,Recon,0.116958380745875,0.1968907561662409,0.12353066180708568
3,7,9,False,0,Benign,6,Spoofing,0.08687407823488134,0.19085739662231904,0.08814688706657811
3,7,9,False,0,Benign,7,Web-Based,0.004102272367673357,0.12929534930799863,0.007035659561310454
3,7,9,False,1,BruteForce,0,Benign,0.23078772130802552,0.17891927424619433,0.19643140381446048
3,7,9,False,1,BruteForce,1,BruteForce,0.0035859223365356588,0.058450095051786694,0.005420658974589235
3,7,9,False,1,BruteForce,2,DDoS,0.004530642124200693,0.034516990423547604,0.006972007456531547
3,7,9,False,1,BruteForce,3,DoS,0.0026256510360671147,0.044093463989503,0.005533962313056571
3,7,9,False,1,BruteForce,4,Mirai,0.5619037370094865,0.15749672059477485,0.5796708218206121
3,7,9,False,1,BruteForce,5,Recon,0.11476557628638935,0.1544252010014664,0.11622772955673638
3,7,9,False,1,BruteForce,6,Spoofing,0.07761257503819788,0.19670832510603106,0.0831422568850313
3,7,9,False,1,BruteForce,7,Web-Based,0.004188174861097483,0.17538992958669603,0.006601159178982361
3,7,9,False,2,DDoS,0,Benign,0.06049050252118398,0.0420048564985153,0.07378109127923523
3,7,9,False,2,DDoS,1,BruteForce,0.005002613289029561,0.03236260948694235,0.010804158511400564
3,7,9,False,2,DDoS,2,DDoS,0.5570358608796199,0.604641152114562,0.5145861140339755
3,7,9,False,2,DDoS,3,DoS,0.004212868206301037,0.10552735003346152,0.007623311259983734
3,7,9,False,2,DDoS,4,Mirai,0.29234236218421694,0.0743995689100891,0.265180145327734
3,7,9,False,2,DDoS,5,Recon,0.04813781570823342,0.06078896841122469,0.06938093456303068
3,7,9,False,2,DDoS,6,Spoofing,0.02829278334223026,0.04607409078512961,0.04814830975089366
3,7,9,False,2,DDoS,7,Web-Based,0.004485193869185047,0.03420140376007542,0.010495935273746787
3,7,9,False,3,DoS,0,Benign,0.05488597898227283,0.032590006313295984,0.06597761485226326
3,7,9,False,3,DoS,1,BruteForce,0.007278092375663748,0.02369430293659636,0.007601240551088666
3,7,9,False,3,DoS,2,DDoS,0.11357057335399537,0.1352279923272842,0.0885159228871596
3,7,9,False,3,DoS,3,DoS,0.035271363471424,0.5790514246554435,0.010185430516659743
3,7,9,False,3,DoS,4,Mirai,0.6028027061475983,0.10829766303032513,0.6278306998648712
3,7,9,False,3,DoS,5,Recon,0.03469244566950184,0.035176347101416025,0.04921960120497947
3,7,9,False,3,DoS,6,Spoofing,0.14361406635953072,0.05743024042275276,0.1410816114877004
3,7,9,False,3,DoS,7,Web-Based,0.007884773640013283,0.028532023212886,0.009587878635277698
3,7,9,False,4,Mirai,0,Benign,0.15552265662053444,0.16641175871147437,0.15665054209698429
3,7,9,False,4,Mirai,1,BruteForce,0.002522639666402822,0.045612159413723256,0.004262151925292362
3,7,9,False,4,Mirai,2,DDoS,0.005338436470500915,0.04778172829392338,0.007815598967478177
3,7,9,False,4,Mirai,3,DoS,0.0024581173303957777,0.08137187559486556,0.004755756169192422
3,7,9,False,4,Mirai,4,Mirai,0.7327470025964586,0.23095415375161576,0.7019238838520995
3,7,9,False,4,Mirai,5,Recon,0.04363977893028362,0.11812532678753843,0.054753709471234764
3,7,9,False,4,Mirai,6,Spoofing,0.05447666947164713,0.19153681820003693,0.06372590334822469
3,7,9,False,4,Mirai,7,Web-Based,0.0032946989137767166,0.11820617924682218,0.006112454169493804
3,7,9,False,5,Recon,0,Benign,0.2167342291433838,0.16044031652263221,0.18533707283203812
3,7,9,False,5,Recon,1,BruteForce,0.00398655822491283,0.05251737804100396,0.005850890664782675
3,7,9,False,5,Recon,2,DDoS,0.004123209991207022,0.032009760818371986,0.006644792733948009
3,7,9,False,5,Recon,3,DoS,0.0027084026540025825,0.04350715350625136,0.005533990742806916
3,7,9,False,5,Recon,4,Mirai,0.4598048093381096,0.13451910520486468,0.5104705615668697
3,7,9,False,5,Recon,5,Recon,0.2285600202121585,0.22166621131055633,0.20107210707856
3,7,9,False,5,Recon,6,Spoofing,0.07985130226078166,0.1818267771881913,0.07872758222176585
3,7,9,False,5,Recon,7,Web-Based,0.004231468175443999,0.17351329740812815,0.0063630021592289395
3,7,9,False,6,Spoofing,0,Benign,0.2256142336796974,0.17226997721061862,0.2129752411877739
3,7,9,False,6,Spoofing,1,BruteForce,0.003521058989933209,0.04370379743092637,0.005594561604115943
3,7,9,False,6,Spoofing,2,DDoS,0.004561403435995552,0.03338772587493327,0.007003732231253415
3,7,9,False,6,Spoofing,3,DoS,0.0029466021350491424,0.04142030129362857,0.005646586458114659
3,7,9,False,6,Spoofing,4,Mirai,0.5020009164631372,0.14314100339328245,0.5270247029692076
3,7,9,False,6,Spoofing,5,Recon,0.1395277971393793,0.20514335791724134,0.13388392227429521
3,7,9,False,6,Spoofing,6,Spoofing,0.11733843364383273,0.21521228515679838,0.10103837489641995
3,7,9,False,6,Spoofing,7,Web-Based,0.004489554512975557,0.14572155172257098,0.006832878378819363
3,7,9,False,7,Web-Based,0,Benign,0.18754764711195582,0.19628038843498724,0.20573941393174097
3,7,9,False,7,Web-Based,1,BruteForce,0.002842531119890563,0.0456676495717923,0.004988285031987422
3,7,9,False,7,Web-Based,2,DDoS,0.004673486233067496,0.03462202175149535,0.0078520559200081
3,7,9,False,7,Web-Based,3,DoS,0.00265876570224489,0.04548543082280644,0.0050920035248949455
3,7,9,False,7,Web-Based,4,Mirai,0.6236148834234522,0.16236816374101215,0.5967359652309505
3,7,9,False,7,Web-Based,5,Recon,0.08926115112178644,0.17477190023695816,0.09912271282795135
3,7,9,False,7,Web-Based,6,Spoofing,0.08566539059569289,0.1927941935041602,0.07408300743614007
3,7,9,False,7,Web-Based,7,Web-Based,0.0037361446919097776,0.14801025193678818,0.006386556096326617
3,7,10,True,0,Benign,0,Benign,0.04145432934215744,0.17465813677689318,0.022270045567745377
3,7,10,True,0,Benign,1,BruteForce,0.023238335357371076,0.04249147259189368,0.019048116147505827
3,7,10,True,0,Benign,2,DDoS,0.021212875747885166,0.04785914784608208,0.058264932055389435
3,7,10,True,0,Benign,3,DoS,0.04550976018916595,0.07277784904863908,0.04369451153948292
3,7,10,True,0,Benign,4,Mirai,0.07116449197001341,0.14516989163993346,0.07935026555243353
3,7,10,True,0,Benign,5,Recon,0.07323470364062501,0.1968907561662409,0.13568543610090097
3,7,10,True,0,Benign,6,Spoofing,0.12727118325116887,0.19085739662231904,0.3294301928385613
3,7,10,True,0,Benign,7,Web-Based,0.5969143205016131,0.12929534930799863,0.3122565001979806
3,7,10,True,1,BruteForce,0,Benign,0.04130521588662045,0.17891927424619433,0.021395882591181345
3,7,10,True,1,BruteForce,1,BruteForce,0.02481756434790362,0.058450095051786694,0.01820485343619936
3,7,10,True,1,BruteForce,2,DDoS,0.01883865147769203,0.034516990423547604,0.027800501153444554
3,7,10,True,1,BruteForce,3,DoS,0.034419054801148666,0.044093463989503,0.030508297120172185
3,7,10,True,1,BruteForce,4,Mirai,0.07252022546361384,0.15749672059477485,0.09075246456452916
3,7,10,True,1,BruteForce,5,Recon,0.07484517171726074,0.1544252010014664,0.1355921528596097
3,7,10,True,1,BruteForce,6,Spoofing,0.12580925460780062,0.19670832510603106,0.2919583863509789
3,7,10,True,1,BruteForce,7,Web-Based,0.60744486169796,0.17538992958669603,0.38378746192388474
3,7,10,True,2,DDoS,0,Benign,0.025616906556137388,0.0420048564985153,0.02146354989899178
3,7,10,True,2,DDoS,1,BruteForce,0.027616397283380844,0.03236260948694235,0.021106456308982644
3,7,10,True,2,DDoS,2,DDoS,0.18312316206676876,0.604641152114562,0.6022786062618589
3,7,10,True,2,DDoS,3,DoS,0.35458555406442155,0.10552735003346152,0.024344013283275748
3,7,10,True,2,DDoS,4,Mirai,0.05107514664500496,0.0743995689100891,0.040499910327815074
3,7,10,True,2,DDoS,5,Recon,0.038468251910007904,0.06078896841122469,0.05963832227706456
3,7,10,True,2,DDoS,6,Spoofing,0.05874144272919551,0.04607409078512961,0.10744966039347457
3,7,10,True,2,DDoS,7,Web-Based,0.260773138745083,0.03420140376007542,0.12321948124853671
3,7,10,True,3,DoS,0,Benign,0.02377167713768714,0.032590006313295984,0.016524256399403355
3,7,10,True,3,DoS,1,BruteForce,0.02325066344309752,0.02369430293659636,0.024251685421476613
3,7,10,True,3,DoS,2,DDoS,0.04264623686509398,0.1352279923272842,0.1921524231437968
3,7,10,True,3,DoS,3,DoS,0.3319352443136497,0.5790514246554435,0.3432196650431296
3,7,10,True,3,DoS,4,Mirai,0.08540301710631981,0.10829766303032513,0.04899223425140833
3,7,10,True,3,DoS,5,Recon,0.039617371805577464,0.035176347101416025,0.06773421950960029
3,7,10,True,3,DoS,6,Spoofing,0.07542130421161962,0.05743024042275276,0.18115959177665295
3,7,10,True,3,DoS,7,Web-Based,0.37795448511695473,0.028532023212886,0.12596592445453203
3,7,10,True,4,Mirai,0,Benign,0.03803127283670541,0.16641175871147437,0.020906360869143853
3,7,10,True,4,Mirai,1,BruteForce,0.023446194266973776,0.045612159413723256,0.018484991654150906
3,7,10,True,4,Mirai,2,DDoS,0.020406326219683704,0.04778172829392338,0.04526853483889094
3,7,10,True,4,Mirai,3,DoS,0.04415024643255938,0.08137187559486556,0.04057060523043271
3,7,10,True,4,Mirai,4,Mirai,0.08316162777741846,0.23095415375161576,0.0930199027442174
3,7,10,True,4,Mirai,5,Recon,0.06682323785786703,0.11812532678753843,0.1230947051897784
3,7,10,True,4,Mirai,6,Spoofing,0.12113830973206526,0.19153681820003693,0.32823821797470715
3,7,10,True,4,Mirai,7,Web-Based,0.6028427848767269,0.11820617924682218,0.33041668149867864
3,7,10,True,5,Recon,0,Benign,0.0407404795127291,0.16044031652263221,0.021000630285856473
3,7,10,True,5,Recon,1,BruteForce,0.024363598193666115,0.05251737804100396,0.01812983451842123
3,7,10,True,5,Recon,2,DDoS,0.01850712986551737,0.032009760818371986,0.027754586994734036
3,7,10,True,5,Recon,3,DoS,0.03434020686916249,0.04350715350625136,0.031053758674665574
3,7,10,True,5,Recon,4,Mirai,0.07156120432325101,0.13451910520486468,0.08863199214013308
3,7,10,True,5,Recon,5,Recon,0.08015161690271466,0.22166621131055633,0.1505426834996439
3,7,10,True,5,Recon,6,Spoofing,0.12576194730393497,0.1818267771881913,0.2842386896914777
3,7,10,True,5,Recon,7,Web-Based,0.6045738170290244,0.17351329740812815,0.37864782419506804
3,7,10,True,6,Spoofing,0,Benign,0.0412221962290153,0.17226997721061862,0.0219464716626074
3,7,10,True,6,Spoofing,1,BruteForce,0.02311438106337632,0.04370379743092637,0.017590292229546802
3,7,10,True,6,Spoofing,2,DDoS,0.019292259235809864,0.03338772587493327,0.02732242244704799
3,7,10,True,6,Spoofing,3,DoS,0.039406266018064684,0.04142030129362857,0.03497819372947385
3,7,10,True,6,Spoofing,4,Mirai,0.07398606173795694,0.14314100339328245,0.08108459950483436
3,7,10,True,6,Spoofing,5,Recon,0.07405410295489767,0.20514335791724134,0.13512999372248
3,7,10,True,6,Spoofing,6,Spoofing,0.1278039107461178,0.21521228515679838,0.34700179629198724
3,7,10,True,6,Spoofing,7,Web-Based,0.6011208220147615,0.14572155172257098,0.33494623041202237
3,7,10,True,7,Web-Based,0,Benign,0.041411736531712255,0.19628038843498724,0.02233567399325899
3,7,10,True,7,Web-Based,1,BruteForce,0.023590218373212752,0.0456676495717923,0.017738799278910797
3,7,10,True,7,Web-Based,2,DDoS,0.01932016153469162,0.03462202175149535,0.02980222971691401
3,7,10,True,7,Web-Based,3,DoS,0.03863709041371613,0.04548543082280644,0.031205773506683104
3,7,10,True,7,Web-Based,4,Mirai,0.0739928718985705,0.16236816374101215,0.08933694551850077
3,7,10,True,7,Web-Based,5,Recon,0.0746356059895286,0.17477190023695816,0.13496437980333795
3,7,10,True,7,Web-Based,6,Spoofing,0.12612028572258352,0.1927941935041602,0.30979530381561704
3,7,10,True,7,Web-Based,7,Web-Based,0.6022920295359847,0.14801025193678818,0.3648208943667773
3,7,11,False,0,Benign,0,Benign,0.5788242966553905,0.17465813677689318,0.5054759344795156
3,7,11,False,0,Benign,1,BruteForce,0.004502318708829187,0.04249147259189368,0.007462605127298825
3,7,11,False,0,Benign,2,DDoS,0.005844872505337883,0.04785914784608208,0.010640381605379423
3,7,11,False,0,Benign,3,DoS,0.006327482889804367,0.07277784904863908,0.014780983180301552
3,7,11,False,0,Benign,4,Mirai,0.07742808907694389,0.14516989163993346,0.08417180931879836
3,7,11,False,0,Benign,5,Recon,0.08604804592420044,0.1968907561662409,0.1373969726142291
3,7,11,False,0,Benign,6,Spoofing,0.23583699064229982,0.19085739662231904,0.23190462746669555
3,7,11,False,0,Benign,7,Web-Based,0.005187903597194009,0.12929534930799863,0.008166686207781701
3,7,11,False,1,BruteForce,0,Benign,0.555602625043334,0.17891927424619433,0.5106147524192624
3,7,11,False,1,BruteForce,1,BruteForce,0.005064682364196704,0.058450095051786694,0.007222023432318588
3,7,11,False,1,BruteForce,2,DDoS,0.005100015691903141,0.034516990423547604,0.009715753075438184
3,7,11,False,1,BruteForce,3,DoS,0.004498807931386921,0.044093463989503,0.00845695820506947
3,7,11,False,1,BruteForce,4,Mirai,0.0967387624221837,0.15749672059477485,0.08771126418285896
3,7,11,False,1,BruteForce,5,Recon,0.08042540261224594,0.1544252010014664,0.13823024944282974
3,7,11,False,1,BruteForce,6,Spoofing,0.2470028358997565,0.19670832510603106,0.23020952939325387
3,7,11,False,1,BruteForce,7,Web-Based,0.00556686803499313,0.17538992958669603,0.00783946984896885
3,7,11,False,2,DDoS,0,Benign,0.20764379605354807,0.0420048564985153,0.391693033549768
3,7,11,False,2,DDoS,1,BruteForce,0.007996166191374734,0.03236260948694235,0.012270970192291
3,7,11,False,2,DDoS,2,DDoS,0.5094228307873961,0.604641152114562,0.14293445703506732
3,7,11,False,2,DDoS,3,DoS,0.020893956058050365,0.10552735003346152,0.0346928188460991
3,7,11,False,2,DDoS,4,Mirai,0.09704990010086599,0.0743995689100891,0.08264899631452405
3,7,11,False,2,DDoS,5,Recon,0.052742622277962205,0.06078896841122469,0.10654715777236783
3,7,11,False,2,DDoS,6,Spoofing,0.09710216155886219,0.04607409078512961,0.2163560792426348
3,7,11,False,2,DDoS,7,Web-Based,0.007148566971940184,0.03420140376007542,0.012856487047247967
3,7,11,False,3,DoS,0,Benign,0.07187087599667952,0.032590006313295984,0.10309353673587984
3,7,11,False,3,DoS,1,BruteForce,0.008700633442957623,0.02369430293659636,0.016412016849813423
3,7,11,False,3,DoS,2,DDoS,0.01415491295810626,0.1352279923272842,0.01715386702274042
3,7,11,False,3,DoS,3,DoS,0.659201409669974,0.5790514246554435,0.4905930896630506
3,7,11,False,3,DoS,4,Mirai,0.052163187427961895,0.10829766303032513,0.06735126521196996
3,7,11,False,3,DoS,5,Recon,0.02052285729271696,0.035176347101416025,0.03254476557324266
3,7,11,False,3,DoS,6,Spoofing,0.1677040249920562,0.05743024042275276,0.2576296574068613
3,7,11,False,3,DoS,7,Web-Based,0.005682098219547497,0.028532023212886,0.015221801536441816
3,7,11,False,4,Mirai,0,Benign,0.51665889297918,0.16641175871147437,0.4930178028074896
3,7,11,False,4,Mirai,1,BruteForce,0.004744801117189349,0.045612159413723256,0.007418595071505128
3,7,11,False,4,Mirai,2,DDoS,0.0063533102276048135,0.04778172829392338,0.010673475310734544
3,7,11,False,4,Mirai,3,DoS,0.006857641436409242,0.08137187559486556,0.017015575176746667
3,7,11,False,4,Mirai,4,Mirai,0.17332343202797226,0.23095415375161576,0.12286600958710883
3,7,11,False,4,Mirai,5,Recon,0.049551557614624646,0.11812532678753843,0.08906886765228121
3,7,11,False,4,Mirai,6,Spoofing,0.2369483440228863,0.19153681820003693,0.2510653933064498
3,7,11,False,4,Mirai,7,Web-Based,0.005562020574133395,0.11820617924682218,0.008874281087684113
3,7,11,False,5,Recon,0,Benign,0.5272330634545522,0.16044031652263221,0.4927068831424751
3,7,11,False,5,Recon,1,BruteForce,0.004916795442333892,0.05251737804100396,0.00742554195106978
3,7,11,False,5,Recon,2,DDoS,0.004641030433755983,0.032009760818371986,0.009624595886530429
3,7,11,False,5,Recon,3,DoS,0.004379673548416135,0.04350715350625136,0.008328389430311143
3,7,11,False,5,Recon,4,Mirai,0.07420803462722957,0.13451910520486468,0.08341663457695307
3,7,11,False,5,Recon,5,Recon,0.16010050195157421,0.22166621131055633,0.18752957396487546
3,7,11,False,5,Recon,6,Spoofing,0.21904753982003977,0.1818267771881913,0.20326917878805226
3,7,11,False,5,Recon,7,Web-Based,0.005473360722098169,0.17351329740812815,0.0076992022597328095
3,7,11,False,6,Spoofing,0,Benign,0.508258063488157,0.17226997721061862,0.48286301836284756
3,7,11,False,6,Spoofing,1,BruteForce,0.0044965615819509185,0.04370379743092637,0.007235802502337834
3,7,11,False,6,Spoofing,2,DDoS,0.005268848821621976,0.03338772587493327,0.009895507549570342
3,7,11,False,6,Spoofing,3,DoS,0.004857789703789388,0.04142030129362857,0.009983399578093499
3,7,11,False,6,Spoofing,4,Mirai,0.07313099733626892,0.14314100339328245,0.0785594528290734
3,7,11,False,6,Spoofing,5,Recon,0.09336733711570082,0.20514335791724134,0.12942968868645746
3,7,11,False,6,Spoofing,6,Spoofing,0.3051010855106229,0.21521228515679838,0.2740407670468335
3,7,11,False,6,Spoofing,7,Web-Based,0.005519316441888065,0.14572155172257098,0.007992363444786446
3,7,11,False,7,Web-Based,0,Benign,0.5586189188198917,0.19628038843498724,0.5289669156973816
3,7,11,False,7,Web-Based,1,BruteForce,0.0044484413167654524,0.0456676495717923,0.006997340482420253
3,7,11,False,7,Web-Based,2,DDoS,0.005508939208422274,0.03462202175149535,0.009770151186618404
3,7,11,False,7,Web-Based,3,DoS,0.005143839649031814,0.04548543082280644,0.009807038889836544
3,7,11,False,7,Web-Based,4,Mirai,0.10627863713181461,0.16236816374101215,0.09178229978131258
3,7,11,False,7,Web-Based,5,Recon,0.06962348262561431,0.17477190023695816,0.12418983171646154
3,7,11,False,7,Web-Based,6,Spoofing,0.24481785507546686,0.1927941935041602,0.2204966630762761
3,7,11,False,7,Web-Based,7,Web-Based,0.0055598861729930045,0.14801025193678818,0.007989759169692986
3,7,12,False,0,Benign,0,Benign,0.025825692765030495,0.17465813677689318,0.026462665550044947
3,7,12,False,0,Benign,1,BruteForce,0.008028026301255308,0.04249147259189368,0.012055694095309408
3,7,12,False,0,Benign,2,DDoS,0.008905008335313151,0.04785914784608208,0.014718325348589106
3,7,12,False,0,Benign,3,DoS,0.04133449518167582,0.07277784904863908,0.09649944847369452
3,7,12,False,0,Benign,4,Mirai,0.5139994328604643,0.14516989163993346,0.497085396462591
3,7,12,False,0,Benign,5,Recon,0.11318754253929637,0.1968907561662409,0.12355267580960916
3,7,12,False,0,Benign,6,Spoofing,0.22594674622662778,0.19085739662231904,0.18046671219629276
3,7,12,False,0,Benign,7,Web-Based,0.0627730557903367,0.12929534930799863,0.04915908206386924
3,7,12,False,1,BruteForce,0,Benign,0.02246614211956551,0.17891927424619433,0.025107642284793254
3,7,12,False,1,BruteForce,1,BruteForce,0.00995579736590445,0.058450095051786694,0.01200549613060556
3,7,12,False,1,BruteForce,2,DDoS,0.008543888319341183,0.034516990423547604,0.013128686943424587
3,7,12,False,1,BruteForce,3,DoS,0.01756609416358187,0.044093463989503,0.029005819762036804
3,7,12,False,1,BruteForce,4,Mirai,0.5525102476359391,0.15749672059477485,0.5528058772746978
3,7,12,False,1,BruteForce,5,Recon,0.08211063497747684,0.1544252010014664,0.13472743978366244
3,7,12,False,1,BruteForce,6,Spoofing,0.2208893392514089,0.19670832510603106,0.17409356481768265
3,7,12,False,1,BruteForce,7,Web-Based,0.0859578561667821,0.17538992958669603,0.059125473003096875
3,7,12,False,2,DDoS,0,Benign,0.013855214341071556,0.0420048564985153,0.030003869943939145
3,7,12,False,2,DDoS,1,BruteForce,0.01123731992848928,0.03236260948694235,0.017771132103718997
3,7,12,False,2,DDoS,2,DDoS,0.5003192536543034,0.604641152114562,0.3171184497345759
3,7,12,False,2,DDoS,3,DoS,0.10564845098900026,0.10552735003346152,0.10086297956612204
3,7,12,False,2,DDoS,4,Mirai,0.22594707040878226,0.0743995689100891,0.3132603556709456
3,7,12,False,2,DDoS,5,Recon,0.05786194167594428,0.06078896841122469,0.09257944457817051
3,7,12,False,2,DDoS,6,Spoofing,0.05803584940148457,0.04607409078512961,0.08977983377810282
3,7,12,False,2,DDoS,7,Web-Based,0.027094899600924382,0.03420140376007542,0.03862393462442499
3,7,12,False,3,DoS,0,Benign,0.005395810012277377,0.032590006313295984,0.010999057746118568
3,7,12,False,3,DoS,1,BruteForce,0.007461218355259927,0.02369430293659636,0.0175514269892811
3,7,12,False,3,DoS,2,DDoS,0.012255035443979172,0.1352279923272842,0.020152437677119866
3,7,12,False,3,DoS,3,DoS,0.8542348423492818,0.5790514246554435,0.7022069929548109
3,7,12,False,3,DoS,4,Mirai,0.05874160803368311,0.10829766303032513,0.11680458200945516
3,7,12,False,3,DoS,5,Recon,0.020814948181575813,0.035176347101416025,0.03703591624944796
3,7,12,False,3,DoS,6,Spoofing,0.02947895937800613,0.05743024042275276,0.07279207348035582
3,7,12,False,3,DoS,7,Web-Based,0.011617578245936675,0.028532023212886,0.022457512893410584
3,7,12,False,4,Mirai,0,Benign,0.020290786433538443,0.16641175871147437,0.02594305074139693
3,7,12,False,4,Mirai,1,BruteForce,0.006685094965734968,0.045612159413723256,0.010684721840303734
3,7,12,False,4,Mirai,2,DDoS,0.009659774530586127,0.04778172829392338,0.015048815664166753
3,7,12,False,4,Mirai,3,DoS,0.02125988012466365,0.08137187559486556,0.0529732702800002
3,7,12,False,4,Mirai,4,Mirai,0.6766373659144725,0.23095415375161576,0.6064310047794048
3,7,12,False,4,Mirai,5,Recon,0.05644116916447669,0.11812532678753843,0.095220632058516
3,7,12,False,4,Mirai,6,Spoofing,0.1628865140970641,0.19153681820003693,0.14817769204580464
3,7,12,False,4,Mirai,7,Web-Based,0.04613941476946342,0.11820617924682218,0.045520812590406794
3,7,12,False,5,Recon,0,Benign,0.022084452749900882,0.16044031652263221,0.023632525474858623
3,7,12,False,5,Recon,1,BruteForce,0.010154516198106159,0.05251737804100396,0.012284384474508312
3,7,12,False,5,Recon,2,DDoS,0.008471704814150879,0.032009760818371986,0.01318532466708884
3,7,12,False,5,Recon,3,DoS,0.020229293147129204,0.04350715350625136,0.0314168214343716
3,7,12,False,5,Recon,4,Mirai,0.5016657675548006,0.13451910520486468,0.5370038599406017
3,7,12,False,5,Recon,5,Recon,0.12896479988345189,0.22166621131055633,0.16281062096259766
3,7,12,False,5,Recon,6,Spoofing,0.21182377968500918,0.1818267771881913,0.1625838537369057
3,7,12,False,5,Recon,7,Web-Based,0.09660568596745119,0.17351329740812815,0.05708260930906753
3,7,12,False,6,Spoofing,0,Benign,0.023976400087631414,0.17226997721061862,0.026469107199742777
3,7,12,False,6,Spoofing,1,BruteForce,0.008405302357172417,0.04370379743092637,0.011622460802595755
3,7,12,False,6,Spoofing,2,DDoS,0.007944544532950322,0.03338772587493327,0.013628173719736776
3,7,12,False,6,Spoofing,3,DoS,0.02005213869937376,0.04142030129362857,0.05960305714089781
3,7,12,False,6,Spoofing,4,Mirai,0.48221793211686775,0.14314100339328245,0.49415070750533713
3,7,12,False,6,Spoofing,5,Recon,0.1158270111539022,0.20514335791724134,0.1245803767133329
3,7,12,False,6,Spoofing,6,Spoofing,0.2668833693211344,0.21521228515679838,0.2142325937076371
3,7,12,False,6,Spoofing,7,Web-Based,0.0746933017309678,0.14572155172257098,0.05571352321071982
3,7,12,False,7,Web-Based,0,Benign,0.022361417941991615,0.19628038843498724,0.02641490311951378
3,7,12,False,7,Web-Based,1,BruteForce,0.00767863989689186,0.0456676495717923,0.011202996129719044
3,7,12,False,7,Web-Based,2,DDoS,0.008522328449112158,0.03462202175149535,0.013888644164304482
3,7,12,False,7,Web-Based,3,DoS,0.019320346330775333,0.04548543082280644,0.03456977866360679
3,7,12,False,7,Web-Based,4,Mirai,0.5757875018193436,0.16236816374101215,0.5575893799557168
3,7,12,False,7,Web-Based,5,Recon,0.09811459113647858,0.17477190023695816,0.13010916216150645
3,7,12,False,7,Web-Based,6,Spoofing,0.19891670986976337,0.1927941935041602,0.1695661573199577
3,7,12,False,7,Web-Based,7,Web-Based,0.06929846455564356,0.14801025193678818,0.056658978485675054
3,7,13,False,0,Benign,0,Benign,0.05692654415080217,0.17465813677689318,0.06055386004083888
3,7,13,False,0,Benign,1,BruteForce,0.11640868286359905,0.04249147259189368,0.09363316921225759
3,7,13,False,0,Benign,2,DDoS,0.05760409838458631,0.04785914784608208,0.06796401271045555
3,7,13,False,0,Benign,3,DoS,0.011900138527065797,0.07277784904863908,0.01536906606727667
3,7,13,False,0,Benign,4,Mirai,0.0452144057945788,0.14516989163993346,0.05432285348042039
3,7,13,False,0,Benign,5,Recon,0.36343129449849737,0.1968907561662409,0.39795739412411263
3,7,13,False,0,Benign,6,Spoofing,0.14885014537089492,0.19085739662231904,0.1273448450201094
3,7,13,False,0,Benign,7,Web-Based,0.19966469040997556,0.12929534930799863,0.18285479934452892
3,7,13,False,1,BruteForce,0,Benign,0.060652369928450724,0.17891927424619433,0.06219007911701284
3,7,13,False,1,BruteForce,1,BruteForce,0.17222367572461963,0.058450095051786694,0.11360017528602807
3,7,13,False,1,BruteForce,2,DDoS,0.029356683392931498,0.034516990423547604,0.024879683051240126
3,7,13,False,1,BruteForce,3,DoS,0.014571645803451896,0.044093463989503,0.01628907518567972
3,7,13,False,1,BruteForce,4,Mirai,0.05216621951646594,0.15749672059477485,0.05909321433342645
3,7,13,False,1,BruteForce,5,Recon,0.28886020931130035,0.1544252010014664,0.39380068182300615
3,7,13,False,1,BruteForce,6,Spoofing,0.12645501180938437,0.19670832510603106,0.1127826349398934
3,7,13,False,1,BruteForce,7,Web-Based,0.2557141845133956,0.17538992958669603,0.21736445626371323
3,7,13,False,2,DDoS,0,Benign,0.01974723615946377,0.0420048564985153,0.029645218230663097
3,7,13,False,2,DDoS,1,BruteForce,0.04404724029834146,0.03236260948694235,0.044390003608591314
3,7,13,False,2,DDoS,2,DDoS,0.676724521357676,0.604641152114562,0.6352909363725004
3,7,13,False,2,DDoS,3,DoS,0.0061020983421342994,0.10552735003346152,0.010503117844130891
3,7,13,False,2,DDoS,4,Mirai,0.022216646413121856,0.0743995689100891,0.02860493938647318
3,7,13,False,2,DDoS,5,Recon,0.12835834652329114,0.06078896841122469,0.13708271084685927
3,7,13,False,2,DDoS,6,Spoofing,0.04120791722016988,0.04607409078512961,0.05030055513476766
3,7,13,False,2,DDoS,7,Web-Based,0.061595993685801584,0.03420140376007542,0.06418251857601417
3,7,13,False,3,DoS,0,Benign,0.016399163086572684,0.032590006313295984,0.03233971978002759
3,7,13,False,3,DoS,1,BruteForce,0.055745587070893644,0.02369430293659636,0.05300713177743538
3,7,13,False,3,DoS,2,DDoS,0.2994536273611083,0.1352279923272842,0.2691257299968779
3,7,13,False,3,DoS,3,DoS,0.2955762459518585,0.5790514246554435,0.05076355300514008
3,7,13,False,3,DoS,4,Mirai,0.05862141715713762,0.10829766303032513,0.061014517512999064
3,7,13,False,3,DoS,5,Recon,0.08904389788691368,0.035176347101416025,0.29218726986237215
3,7,13,False,3,DoS,6,Spoofing,0.12162887167454638,0.05743024042275276,0.11358387417877497
3,7,13,False,3,DoS,7,Web-Based,0.06353118981096921,0.028532023212886,0.12797820388637293
3,7,13,False,4,Mirai,0,Benign,0.05646007195721764,0.16641175871147437,0.06505704215425251
3,7,13,False,4,Mirai,1,BruteForce,0.15187417074312282,0.045612159413723256,0.10857552825100836
3,7,13,False,4,Mirai,2,DDoS,0.07013513113058516,0.04778172829392338,0.054829259904598894
3,7,13,False,4,Mirai,3,DoS,0.013899419051412976,0.08137187559486556,0.01631967809243778
3,7,13,False,4,Mirai,4,Mirai,0.08718147887091623,0.23095415375161576,0.06634550226409335
3,7,13,False,4,Mirai,5,Recon,0.2738333849106993,0.11812532678753843,0.36094686593090997
3,7,13,False,4,Mirai,6,Spoofing,0.13815523451971445,0.19153681820003693,0.12982506029211566
3,7,13,False,4,Mirai,7,Web-Based,0.20846110881633154,0.11820617924682218,0.19810106311058343
3,7,13,False,5,Recon,0,Benign,0.056000440217135676,0.16044031652263221,0.058890944199925195
3,7,13,False,5,Recon,1,BruteForce,0.14915936113393413,0.05251737804100396,0.10996258594731881
3,7,13,False,5,Recon,2,DDoS,0.026124337044115608,0.032009760818371986,0.024575459907588162
3,7,13,False,5,Recon,3,DoS,0.013621124001021676,0.04350715350625136,0.016073495926865418
3,7,13,False,5,Recon,4,Mirai,0.04728614629860056,0.13451910520486468,0.05682780049595466
3,7,13,False,5,Recon,5,Recon,0.3491084182942041,0.22166621131055633,0.4166202590929207
3,7,13,False,5,Recon,6,Spoofing,0.1178422062142805,0.1818267771881913,0.10761596507282863
3,7,13,False,5,Recon,7,Web-Based,0.24085796679670776,0.17351329740812815,0.20943348935659842
3,7,13,False,6,Spoofing,0,Benign,0.0551973368384755,0.17226997721061862,0.05824697724820248
3,7,13,False,6,Spoofing,1,BruteForce,0.11947885990572629,0.04370379743092637,0.09347761890614228
3,7,13,False,6,Spoofing,2,DDoS,0.023554682722624877,0.03338772587493327,0.023553621414356338
3,7,13,False,6,Spoofing,3,DoS,0.012052952688080938,0.04142030129362857,0.015169114494199247
3,7,13,False,6,Spoofing,4,Mirai,0.04565613578653541,0.14314100339328245,0.05348185281645945
3,7,13,False,6,Spoofing,5,Recon,0.37934868511669007,0.20514335791724134,0.4310847366068133
3,7,13,False,6,Spoofing,6,Spoofing,0.1500940201985326,0.21521228515679838,0.12784485484416347
3,7,13,False,6,Spoofing,7,Web-Based,0.21461732674333445,0.14572155172257098,0.19714122366966352
3,7,13,False,7,Web-Based,0,Benign,0.058549028980372904,0.19628038843498724,0.06390660193207431
3,7,13,False,7,Web-Based,1,BruteForce,0.1370901657494097,0.0456676495717923,0.10607394555793523
3,7,13,False,7,Web-Based,2,DDoS,0.028956222502561715,0.03462202175149535,0.030251013981192044
3,7,13,False,7,Web-Based,3,DoS,0.012706706992979181,0.04548543082280644,0.015764724610940636
3,7,13,False,7,Web-Based,4,Mirai,0.0568641273893634,0.16236816374101215,0.05832549336769389
3,7,13,False,7,Web-Based,5,Recon,0.338943234932671,0.17477190023695816,0.40326458703784607
3,7,13,False,7,Web-Based,6,Spoofing,0.13429105494447305,0.1927941935041602,0.11685334765521006
3,7,13,False,7,Web-Based,7,Web-Based,0.23259945850816918,0.14801025193678818,0.20556028585710787
3,7,14,True,0,Benign,0,Benign,0.09003937019961646,0.17465813677689318,0.1480594796370353
3,7,14,True,0,Benign,1,BruteForce,0.4035266088666045,0.04249147259189368,0.09103057403818236
3,7,14,True,0,Benign,2,DDoS,0.07112515833058601,0.04785914784608208,0.13501037934870694
3,7,14,True,0,Benign,3,DoS,0.0753724926280622,0.07277784904863908,0.08956857574426136
3,7,14,True,0,Benign,4,Mirai,0.07851367633897754,0.14516989163993346,0.15442565169066882
3,7,14,True,0,Benign,5,Recon,0.10917003942252086,0.1968907561662409,0.16030056009055077
3,7,14,True,0,Benign,6,Spoofing,0.0689510546081002,0.19085739662231904,0.031531698583245976
3,7,14,True,0,Benign,7,Web-Based,0.10330159960553222,0.12929534930799863,0.19007308086734842
3,7,14,True,1,BruteForce,0,Benign,0.09265107358912,0.17891927424619433,0.15016749450818784
3,7,14,True,1,BruteForce,1,BruteForce,0.4531418644465218,0.058450095051786694,0.11283321346819068
3,7,14,True,1,BruteForce,2,DDoS,0.054568046414035246,0.034516990423547604,0.09277722713760264
3,7,14,True,1,BruteForce,3,DoS,0.0469762475121254,0.044093463989503,0.04227046551479721
3,7,14,True,1,BruteForce,4,Mirai,0.06596262025455116,0.15749672059477485,0.1726806064477769
3,7,14,True,1,BruteForce,5,Recon,0.10985603760906784,0.1544252010014664,0.15484809839740113
3,7,14,True,1,BruteForce,6,Spoofing,0.06537359694380301,0.19670832510603106,0.03177492365119014
3,7,14,True,1,BruteForce,7,Web-Based,0.11147051323077564,0.17538992958669603,0.24264797087485346
3,7,14,True,2,DDoS,0,Benign,0.033549170970617354,0.0420048564985153,0.05504383470168419
3,7,14,True,2,DDoS,1,BruteForce,0.14811080808385832,0.03236260948694235,0.04343006115053119
3,7,14,True,2,DDoS,2,DDoS,0.18404581492687014,0.604641152114562,0.6399708418223041
3,7,14,True,2,DDoS,3,DoS,0.46025254663117127,0.10552735003346152,0.049627131916077385
3,7,14,True,2,DDoS,4,Mirai,0.052244308082059675,0.0743995689100891,0.06286634217661555
3,7,14,True,2,DDoS,5,Recon,0.04663323083558599,0.06078896841122469,0.059088950315579924
3,7,14,True,2,DDoS,6,Spoofing,0.0305465755734476,0.04607409078512961,0.016241914274441712
3,7,14,True,2,DDoS,7,Web-Based,0.04461754489638964,0.03420140376007542,0.07373092364276607
3,7,14,True,3,DoS,0,Benign,0.02485704666631396,0.032590006313295984,0.036745108652393624
3,7,14,True,3,DoS,1,BruteForce,0.1048906988395657,0.02369430293659636,0.04923689543867314
3,7,14,True,3,DoS,2,DDoS,0.13277055447600905,0.1352279923272842,0.2189361691991132
3,7,14,True,3,DoS,3,DoS,0.36861062277257234,0.5790514246554435,0.4824966946835219
3,7,14,True,3,DoS,4,Mirai,0.24355576969516138,0.10829766303032513,0.06901901062078761
3,7,14,True,3,DoS,5,Recon,0.042384187106078865,0.035176347101416025,0.05468298899091042
3,7,14,True,3,DoS,6,Spoofing,0.03396122488531694,0.05743024042275276,0.018572282182331694
3,7,14,True,3,DoS,7,Web-Based,0.0489698955589818,0.028532023212886,0.07031085023226843
3,7,14,True,4,Mirai,0,Benign,0.0797073250783475,0.16641175871147437,0.14558260732719783
3,7,14,True,4,Mirai,1,BruteForce,0.3988512665308612,0.045612159413723256,0.10089984082769843
3,7,14,True,4,Mirai,2,DDoS,0.0727276853594881,0.04778172829392338,0.132365923533683
3,7,14,True,4,Mirai,3,DoS,0.07571301087702913,0.08137187559486556,0.07981239993660168
3,7,14,True,4,Mirai,4,Mirai,0.11449399159255659,0.23095415375161576,0.1897777612426273
3,7,14,True,4,Mirai,5,Recon,0.09852600996712384,0.11812532678753843,0.12823493531298275
3,7,14,True,4,Mirai,6,Spoofing,0.05890065802402144,0.19153681820003693,0.03008714133987326
3,7,14,True,4,Mirai,7,Web-Based,0.10108005257057213,0.11820617924682218,0.1932393904793358
3,7,14,True,5,Recon,0,Benign,0.09062469181432838,0.16044031652263221,0.14467575747633607
3,7,14,True,5,Recon,1,BruteForce,0.44702105991029223,0.05251737804100396,0.1141463146584827
3,7,14,True,5,Recon,2,DDoS,0.05292422262307119,0.032009760818371986,0.09065836586990135
3,7,14,True,5,Recon,3,DoS,0.046280980851525655,0.04350715350625136,0.0434782976751668
3,7,14,True,5,Recon,4,Mirai,0.06203800481889569,0.13451910520486468,0.16795692760821904
3,7,14,True,5,Recon,5,Recon,0.1217632006216855,0.22166621131055633,0.16936905507596675
3,7,14,True,5,Recon,6,Spoofing,0.06729508419135104,0.1818267771881913,0.03200187725743563
3,7,14,True,5,Recon,7,Web-Based,0.11205275516885037,0.17351329740812815,0.2377134043784918
3,7,14,True,6,Spoofing,0,Benign,0.09290736170540431,0.17226997721061862,0.15515672168342898
3,7,14,True,6,Spoofing,1,BruteForce,0.4175689000872377,0.04370379743092637,0.09402456146783492
3,7,14,True,6,Spoofing,2,DDoS,0.054169756924626514,0.03338772587493327,0.08721759719181094
3,7,14,True,6,Spoofing,3,DoS,0.05086041934788614,0.04142030129362857,0.07751984771762219
3,7,14,True,6,Spoofing,4,Mirai,0.078628999821971,0.14314100339328245,0.15508192804945162
3,7,14,True,6,Spoofing,5,Recon,0.1182200260665087,0.20514335791724134,0.17753370357063722
3,7,14,True,6,Spoofing,6,Spoofing,0.07625360418309486,0.21521228515679838,0.03393015712444098
3,7,14,True,6,Spoofing,7,Web-Based,0.1113909318632709,0.14572155172257098,0.21953548319477323
3,7,14,True,7,Web-Based,0,Benign,0.09196884615860369,0.19628038843498724,0.16189355912712247
3,7,14,True,7,Web-Based,1,BruteForce,0.4325833824645593,0.0456676495717923,0.10210076203622208
3,7,14,True,7,Web-Based,2,DDoS,0.05545279160593381,0.03462202175149535,0.10510760822241653
3,7,14,True,7,Web-Based,3,DoS,0.055520686426889156,0.04548543082280644,0.046255614517100856
3,7,14,True,7,Web-Based,4,Mirai,0.07638105878520718,0.16236816374101215,0.17585135880458092
3,7,14,True,7,Web-Based,5,Recon,0.11241030198851243,0.17477190023695816,0.15516483640281217
3,7,14,True,7,Web-Based,6,Spoofing,0.06635958396515047,0.1927941935041602,0.032388845509535816
3,7,14,True,7,Web-Based,7,Web-Based,0.10932334860514396,0.14801025193678818,0.22123741538020916
3,7,15,True,0,Benign,0,Benign,0.09116153062139429,0.17465813677689318,0.049839407048369984
3,7,15,True,0,Benign,1,BruteForce,0.09296215778531988,0.04249147259189368,0.031952746373506424
3,7,15,True,0,Benign,2,DDoS,0.0960109474292464,0.04785914784608208,0.5022519274526185
3,7,15,True,0,Benign,3,DoS,0.1805545816013711,0.07277784904863908,0.2867873313995385
3,7,15,True,0,Benign,4,Mirai,0.3611153043742983,0.14516989163993346,0.03710599221636177
3,7,15,True,0,Benign,5,Recon,0.037154060610605805,0.1968907561662409,0.023070707372011598
3,7,15,True,0,Benign,6,Spoofing,0.06393911041515454,0.19085739662231904,0.03884810561062139
3,7,15,True,0,Benign,7,Web-Based,0.07710230716260968,0.12929534930799863,0.03014378252697195
3,7,15,True,1,BruteForce,0,Benign,0.09211383358454657,0.17891927424619433,0.05207551206555742
3,7,15,True,1,BruteForce,1,BruteForce,0.12627790570548075,0.058450095051786694,0.033464480183938446
3,7,15,True,1,BruteForce,2,DDoS,0.11043290702685182,0.034516990423547604,0.5329504797880963
3,7,15,True,1,BruteForce,3,DoS,0.1406602054274766,0.044093463989503,0.2504226473607079
3,7,15,True,1,BruteForce,4,Mirai,0.34013198678107864,0.15749672059477485,0.03849186840165198
3,7,15,True,1,BruteForce,5,Recon,0.030743465085380395,0.1544252010014664,0.02265328635101351
3,7,15,True,1,BruteForce,6,Spoofing,0.06099566113352166,0.19670832510603106,0.03799244616487405
3,7,15,True,1,BruteForce,7,Web-Based,0.09864403525566362,0.17538992958669603,0.0319492796841605
3,7,15,True,2,DDoS,0,Benign,0.031104740474824283,0.0420048564985153,0.037558931196428384
3,7,15,True,2,DDoS,1,BruteForce,0.03805654819433143,0.03236260948694235,0.02688383215724133
3,7,15,True,2,DDoS,2,DDoS,0.4097160627396943,0.604641152114562,0.7419043758520436
3,7,15,True,2,DDoS,3,DoS,0.27568932963164544,0.10552735003346152,0.10634900120256495
3,7,15,True,2,DDoS,4,Mirai,0.16998333753076733,0.0743995689100891,0.027500291863635604
3,7,15,True,2,DDoS,5,Recon,0.024225419856136226,0.06078896841122469,0.016731122419306972
3,7,15,True,2,DDoS,6,Spoofing,0.021810392161389996,0.04607409078512961,0.021729241659544984
3,7,15,True,2,DDoS,7,Web-Based,0.029414169411211125,0.03420140376007542,0.0213432036492342
3,7,15,True,3,DoS,0,Benign,0.01659121110478705,0.032590006313295984,0.02093062169185039
3,7,15,True,3,DoS,1,BruteForce,0.019000392787547442,0.02369430293659636,0.03937447271880717
3,7,15,True,3,DoS,2,DDoS,0.08875981439351778,0.1352279923272842,0.230983461552189
3,7,15,True,3,DoS,3,DoS,0.4465992391547135,0.5790514246554435,0.6203742998024961
3,7,15,True,3,DoS,4,Mirai,0.36988328467150505,0.10829766303032513,0.02558702906097365
3,7,15,True,3,DoS,5,Recon,0.016101709706620004,0.035176347101416025,0.016732501945439
3,7,15,True,3,DoS,6,Spoofing,0.021191064708199335,0.05743024042275276,0.022870721632670718
3,7,15,True,3,DoS,7,Web-Based,0.02187328347310991,0.028532023212886,0.02314689159557398
3,7,15,True,4,Mirai,0,Benign,0.07806899691916275,0.16641175871147437,0.04918618415140519
3,7,15,True,4,Mirai,1,BruteForce,0.09243546210558007,0.045612159413723256,0.03309853823094742
3,7,15,True,4,Mirai,2,DDoS,0.10451110300255682,0.04778172829392338,0.5135747760258506
3,7,15,True,4,Mirai,3,DoS,0.1289482258050124,0.08137187559486556,0.2778038421421814
3,7,15,True,4,Mirai,4,Mirai,0.4452433500810515,0.23095415375161576,0.039747188923165984
3,7,15,True,4,Mirai,5,Recon,0.024052278269499877,0.11812532678753843,0.018826301336706326
3,7,15,True,4,Mirai,6,Spoofing,0.055094582715973034,0.19153681820003693,0.03737634189122307
3,7,15,True,4,Mirai,7,Web-Based,0.07164600110116356,0.11820617924682218,0.030386827298520075
3,7,15,True,5,Recon,0,Benign,0.08737535836455838,0.16044031652263221,0.05231090400242893
3,7,15,True,5,Recon,1,BruteForce,0.12542510554789882,0.05251737804100396,0.03487046593706778
3,7,15,True,5,Recon,2,DDoS,0.11276228198967812,0.032009760818371986,0.5151354536604092
3,7,15,True,5,Recon,3,DoS,0.14507251364699855,0.04350715350625136,0.26560072345031455
3,7,15,True,5,Recon,4,Mirai,0.33949751844888104,0.13451910520486468,0.0376412932965182
3,7,15,True,5,Recon,5,Recon,0.0336744609605606,0.22166621131055633,0.022822761923066533
3,7,15,True,5,Recon,6,Spoofing,0.05653650044074121,0.1818267771881913,0.039236306790337246
3,7,15,True,5,Recon,7,Web-Based,0.09965626060068328,0.17351329740812815,0.03238209093985765
3,7,15,True,6,Spoofing,0,Benign,0.0876289153563128,0.17226997721061862,0.04989348536388863
3,7,15,True,6,Spoofing,1,BruteForce,0.10043851200093062,0.04370379743092637,0.03188649971154166
3,7,15,True,6,Spoofing,2,DDoS,0.09142592205728611,0.03338772587493327,0.48386588385254226
3,7,15,True,6,Spoofing,3,DoS,0.14434755094092244,0.04142030129362857,0.30516149358828903
3,7,15,True,6,Spoofing,4,Mirai,0.3747959208021709,0.14314100339328245,0.03665031104580393
3,7,15,True,6,Spoofing,5,Recon,0.038993116421183534,0.20514335791724134,0.021957736856461973
3,7,15,True,6,Spoofing,6,Spoofing,0.0750246232229477,0.21521228515679838,0.0405992718729204
3,7,15,True,6,Spoofing,7,Web-Based,0.08734543919824593,0.14572155172257098,0.029985317708552225
3,7,15,True,7,Web-Based,0,Benign,0.1046955659860114,0.19628038843498724,0.055652764274874436
3,7,15,True,7,Web-Based,1,BruteForce,0.10969883531706613,0.0456676495717923,0.030874757337916416
3,7,15,True,7,Web-Based,2,DDoS,0.09804832213219908,0.03462202175149535,0.5642708408093295
3,7,15,True,7,Web-Based,3,DoS,0.13616655350341555,0.04548543082280644,0.21004699373683333
3,7,15,True,7,Web-Based,4,Mirai,0.3538177858073084,0.16236816374101215,0.039571216454673305
3,7,15,True,7,Web-Based,5,Recon,0.03980617065562462,0.17477190023695816,0.02516263858178125
3,7,15,True,7,Web-Based,6,Spoofing,0.06838107894827486,0.1927941935041602,0.0418851396147757
3,7,15,True,7,Web-Based,7,Web-Based,0.08938568765010002,0.14801025193678818,0.032535649189816065
3,7,16,False,0,Benign,0,Benign,0.5385204827294922,0.17465813677689318,0.5289869720531107
3,7,16,False,0,Benign,1,BruteForce,0.020364514759875465,0.04249147259189368,0.022867332490681114
3,7,16,False,0,Benign,2,DDoS,0.1563375204626485,0.04785914784608208,0.16887718426678153
3,7,16,False,0,Benign,3,DoS,0.026846165617814513,0.07277784904863908,0.051841357131975206
3,7,16,False,0,Benign,4,Mirai,0.016431991052679788,0.14516989163993346,0.01948582065520686
3,7,16,False,0,Benign,5,Recon,0.026158319687904618,0.1968907561662409,0.023208244931691616
3,7,16,False,0,Benign,6,Spoofing,0.13312588629668223,0.19085739662231904,0.1089540888176844
3,7,16,False,0,Benign,7,Web-Based,0.08221511939290274,0.12929534930799863,0.07577899965286862
3,7,16,False,1,BruteForce,0,Benign,0.5322951524774278,0.17891927424619433,0.5744545563340866
3,7,16,False,1,BruteForce,1,BruteForce,0.027271064143236455,0.058450095051786694,0.023981889028737272
3,7,16,False,1,BruteForce,2,DDoS,0.13915863425036368,0.034516990423547604,0.12414438639312116
3,7,16,False,1,BruteForce,3,DoS,0.0209965593923283,0.044093463989503,0.031614801917984124
3,7,16,False,1,BruteForce,4,Mirai,0.017331831100981628,0.15749672059477485,0.0186004018028425
3,7,16,False,1,BruteForce,5,Recon,0.024530816469641246,0.1544252010014664,0.023643384612350504
3,7,16,False,1,BruteForce,6,Spoofing,0.13732185202518177,0.19670832510603106,0.11807850717401792
3,7,16,False,1,BruteForce,7,Web-Based,0.10109409014083927,0.17538992958669603,0.08548207273686008
3,7,16,False,2,DDoS,0,Benign,0.16251314199625022,0.0420048564985153,0.1741260159576502
3,7,16,False,2,DDoS,1,BruteForce,0.012435708255492487,0.03236260948694235,0.020852015820541595
3,7,16,False,2,DDoS,2,DDoS,0.712721040308958,0.604641152114562,0.6737905432890671
3,7,16,False,2,DDoS,3,DoS,0.016804980167894137,0.10552735003346152,0.028548930532557998
3,7,16,False,2,DDoS,4,Mirai,0.009083764736398381,0.0743995689100891,0.014523519766539204
3,7,16,False,2,DDoS,5,Recon,0.01077630889068938,0.06078896841122469,0.012179546227798073
3,7,16,False,2,DDoS,6,Spoofing,0.04276447210608746,0.04607409078512961,0.04110077740829184
3,7,16,False,2,DDoS,7,Web-Based,0.03290058353822991,0.03420140376007542,0.03487865099755404
3,7,16,False,3,DoS,0,Benign,0.08299968612314286,0.032590006313295984,0.14296338459993616
3,7,16,False,3,DoS,1,BruteForce,0.013761312190983236,0.02369430293659636,0.028642659897336577
3,7,16,False,3,DoS,2,DDoS,0.26515377214234614,0.1352279923272842,0.3066166315495205
3,7,16,False,3,DoS,3,DoS,0.5497331108400809,0.5790514246554435,0.39191929596958774
3,7,16,False,3,DoS,4,Mirai,0.008359092371644897,0.10829766303032513,0.017658223094010092
3,7,16,False,3,DoS,5,Recon,0.009052842890580854,0.035176347101416025,0.013790035974995387
3,7,16,False,3,DoS,6,Spoofing,0.04493957725223261,0.05743024042275276,0.05532115693381596
3,7,16,False,3,DoS,7,Web-Based,0.026000606188988418,0.028532023212886,0.0430886119807976
3,7,16,False,4,Mirai,0,Benign,0.47983946651914333,0.16641175871147437,0.5206070171457508
3,7,16,False,4,Mirai,1,BruteForce,0.023153733177107345,0.045612159413723256,0.023978315131557546
3,7,16,False,4,Mirai,2,DDoS,0.211139645067313,0.04778172829392338,0.1769630014019333
3,7,16,False,4,Mirai,3,DoS,0.04388224013005027,0.08137187559486556,0.05453570918791254
3,7,16,False,4,Mirai,4,Mirai,0.01710161743894449,0.23095415375161576,0.01941199305439611
3,7,16,False,4,Mirai,5,Recon,0.02149731913498896,0.11812532678753843,0.02135227064962333
3,7,16,False,4,Mirai,6,Spoofing,0.12398872072669688,0.19153681820003693,0.1063665389238147
3,7,16,False,4,Mirai,7,Web-Based,0.07939725780575568,0.11820617924682218,0.07678515450501171
3,7,16,False,5,Recon,0,Benign,0.5321457762974073,0.16044031652263221,0.5716181821311552
3,7,16,False,5,Recon,1,BruteForce,0.026624478683726353,0.05251737804100396,0.024593033053676886
3,7,16,False,5,Recon,2,DDoS,0.12994229248969197,0.032009760818371986,0.12484120043291991
3,7,16,False,5,Recon,3,DoS,0.022185440671852914,0.04350715350625136,0.03375637061389429
3,7,16,False,5,Recon,4,Mirai,0.016851878770289843,0.13451910520486468,0.01840659021605707
3,7,16,False,5,Recon,5,Recon,0.036068024970525504,0.22166621131055633,0.02445099893113418
3,7,16,False,5,Recon,6,Spoofing,0.13329237436624922,0.1818267771881913,0.1158587790935409
3,7,16,False,5,Recon,7,Web-Based,0.10288973375025674,0.17351329740812815,0.08647484552762154
3,7,16,False,6,Spoofing,0,Benign,0.5488201974839677,0.17226997721061862,0.5684098316127797
3,7,16,False,6,Spoofing,1,BruteForce,0.02162261601223049,0.04370379743092637,0.022899105575981814
3,7,16,False,6,Spoofing,2,DDoS,0.11615096852997436,0.03338772587493327,0.11984449504853653
3,7,16,False,6,Spoofing,3,DoS,0.02103758760054312,0.04142030129362857,0.04571222361566175
3,7,16,False,6,Spoofing,4,Mirai,0.01693016336662472,0.14314100339328245,0.019652787043212223
3,7,16,False,6,Spoofing,5,Recon,0.02726810108943405,0.20514335791724134,0.02456865175624679
3,7,16,False,6,Spoofing,6,Spoofing,0.1593446001550852,0.21521228515679838,0.11996086300199292
3,7,16,False,6,Spoofing,7,Web-Based,0.08882576576214042,0.14572155172257098,0.0789520423455883
3,7,16,False,7,Web-Based,0,Benign,0.549343470538685,0.19628038843498724,0.5714476609725303
3,7,16,False,7,Web-Based,1,BruteForce,0.023141807828538107,0.0456676495717923,0.023310026981546425
3,7,16,False,7,Web-Based,2,DDoS,0.13366253597457173,0.03462202175149535,0.1346747131750776
3,7,16,False,7,Web-Based,3,DoS,0.0233168332959819,0.04548543082280644,0.03355962287673245
3,7,16,False,7,Web-Based,4,Mirai,0.017711591506699726,0.16236816374101215,0.019237949411600824
3,7,16,False,7,Web-Based,5,Recon,0.025404268600451915,0.17477190023695816,0.02394913990804512
3,7,16,False,7,Web-Based,6,Spoofing,0.1337852025470025,0.1927941935041602,0.11199076947497222
3,7,16,False,7,Web-Based,7,Web-Based,0.09363428970806902,0.14801025193678818,0.08183011719949508
3,7,17,True,0,Benign,0,Benign,0.0862940091249686,0.17465813677689318,0.286889015939312
3,7,17,True,0,Benign,1,BruteForce,0.4269108449560103,0.04249147259189368,0.014141176556226539
3,7,17,True,0,Benign,2,DDoS,0.026016837586802594,0.04785914784608208,0.03934222345283236
3,7,17,True,0,Benign,3,DoS,0.06402748694837777,0.07277784904863908,0.07510850393543397
3,7,17,True,0,Benign,4,Mirai,0.16890530185104727,0.14516989163993346,0.4623639116782699
3,7,17,True,0,Benign,5,Recon,0.16399698273110067,0.1968907561662409,0.012580999550135604
3,7,17,True,0,Benign,6,Spoofing,0.01584283334725392,0.19085739662231904,0.01989494697695438
3,7,17,True,0,Benign,7,Web-Based,0.04800570345443895,0.12929534930799863,0.08967922191083538
3,7,17,True,1,BruteForce,0,Benign,0.08480182059361686,0.17891927424619433,0.26788477225842416
3,7,17,True,1,BruteForce,1,BruteForce,0.442144655088119,0.058450095051786694,0.01355950147760995
3,7,17,True,1,BruteForce,2,DDoS,0.02264787561084239,0.034516990423547604,0.023824451384301438
3,7,17,True,1,BruteForce,3,DoS,0.03358387299817991,0.044093463989503,0.021147476688527626
3,7,17,True,1,BruteForce,4,Mirai,0.16621187562665699,0.15749672059477485,0.5076466959494363
3,7,17,True,1,BruteForce,5,Recon,0.18026040157824177,0.1544252010014664,0.01194216929091869
3,7,17,True,1,BruteForce,6,Spoofing,0.016323736057128103,0.19670832510603106,0.021224212398854504
3,7,17,True,1,BruteForce,7,Web-Based,0.05402576244721508,0.17538992958669603,0.1327707205519274
3,7,17,True,2,DDoS,0,Benign,0.0365983391833873,0.0420048564985153,0.09965223464425019
3,7,17,True,2,DDoS,1,BruteForce,0.16962827327009775,0.03236260948694235,0.016912555800301876
3,7,17,True,2,DDoS,2,DDoS,0.17330097958878735,0.604641152114562,0.5916063038604549
3,7,17,True,2,DDoS,3,DoS,0.3843363760231942,0.10552735003346152,0.059647025808189195
3,7,17,True,2,DDoS,4,Mirai,0.11694110387866137,0.0743995689100891,0.16515504529755384
3,7,17,True,2,DDoS,5,Recon,0.0802282782081187,0.06078896841122469,0.010300366663951063
3,7,17,True,2,DDoS,6,Spoofing,0.011264963676267706,0.04607409078512961,0.011752445730340406
3,7,17,True,2,DDoS,7,Web-Based,0.027701686171485673,0.03420140376007542,0.04497402219495862
3,7,17,True,3,DoS,0,Benign,0.0253242899745121,0.032590006313295984,0.05992432340690582
3,7,17,True,3,DoS,1,BruteForce,0.1076103008957265,0.02369430293659636,0.02264921063857181
3,7,17,True,3,DoS,2,DDoS,0.04399383194239783,0.1352279923272842,0.09107857185936827
3,7,17,True,3,DoS,3,DoS,0.3612268488917966,0.5790514246554435,0.6004928338303238
3,7,17,True,3,DoS,4,Mirai,0.33860752155236,0.10829766303032513,0.16149540713187366
3,7,17,True,3,DoS,5,Recon,0.08230433116682233,0.035176347101416025,0.011963184394358726
3,7,17,True,3,DoS,6,Spoofing,0.01259336320593698,0.05743024042275276,0.014793874814484666
3,7,17,True,3,DoS,7,Web-Based,0.028339512370447777,0.028532023212886,0.037602593924113276
3,7,17,True,4,Mirai,0,Benign,0.0761737798497296,0.16641175871147437,0.24452659773493632
3,7,17,True,4,Mirai,1,BruteForce,0.3837427985014341,0.045612159413723256,0.012452768444411106
3,7,17,True,4,Mirai,2,DDoS,0.02597877018630157,0.04778172829392338,0.02989616356771772
3,7,17,True,4,Mirai,3,DoS,0.05691186717928809,0.08137187559486556,0.03160659118771453
3,7,17,True,4,Mirai,4,Mirai,0.20719128699930892,0.23095415375161576,0.5618601648015825
3,7,17,True,4,Mirai,5,Recon,0.1848796679135679,0.11812532678753843,0.011154268779432132
3,7,17,True,4,Mirai,6,Spoofing,0.016001801255941073,0.19153681820003693,0.01860752929236095
3,7,17,True,4,Mirai,7,Web-Based,0.049120028114428844,0.11820617924682218,0.0898959161918447
3,7,17,True,5,Recon,0,Benign,0.08239003718146258,0.16044031652263221,0.25952094279778837
3,7,17,True,5,Recon,1,BruteForce,0.4345834241874305,0.05251737804100396,0.013930722871897163
3,7,17,True,5,Recon,2,DDoS,0.022659440053294514,0.032009760818371986,0.02460110721417558
3,7,17,True,5,Recon,3,DoS,0.035357877241945064,0.04350715350625136,0.026782891227141448
3,7,17,True,5,Recon,4,Mirai,0.16670542311229375,0.13451910520486468,0.5082181784870103
3,7,17,True,5,Recon,5,Recon,0.18845220067883459,0.22166621131055633,0.011940778991640274
3,7,17,True,5,Recon,6,Spoofing,0.01618469905735637,0.1818267771881913,0.02098337634349378
3,7,17,True,5,Recon,7,Web-Based,0.053666898487382604,0.17351329740812815,0.1340220020668531
3,7,17,True,6,Spoofing,0,Benign,0.08991766672383524,0.17226997721061862,0.302606185767156
3,7,17,True,6,Spoofing,1,BruteForce,0.45633923748757405,0.04370379743092637,0.013507241985149722
3,7,17,True,6,Spoofing,2,DDoS,0.02368219252448579,0.03338772587493327,0.025089976437142267
3,7,17,True,6,Spoofing,3,DoS,0.04162901458994376,0.04142030129362857,0.04117615354337931
3,7,17,True,6,Spoofing,4,Mirai,0.15808078418625773,0.14314100339328245,0.48033069048874455
3,7,17,True,6,Spoofing,5,Recon,0.16396928423166943,0.20514335791724134,0.013000229641819839
3,7,17,True,6,Spoofing,6,Spoofing,0.016125800935173965,0.21521228515679838,0.021249318788605573
3,7,17,True,6,Spoofing,7,Web-Based,0.0502560193210601,0.14572155172257098,0.10304020334800273
3,7,17,True,7,Web-Based,0,Benign,0.08639360682569112,0.19628038843498724,0.28968093350244056
3,7,17,True,7,Web-Based,1,BruteForce,0.43672314581599786,0.0456676495717923,0.013761211173983294
3,7,17,True,7,Web-Based,2,DDoS,0.023393739454571582,0.03462202175149535,0.027595103491214332
3,7,17,True,7,Web-Based,3,DoS,0.04006277913913671,0.04548543082280644,0.021580846561655005
3,7,17,True,7,Web-Based,4,Mirai,0.16755995337148247,0.16236816374101215,0.5045295700101171
3,7,17,True,7,Web-Based,5,Recon,0.17860820669448418,0.17477190023695816,0.012630118921325022
3,7,17,True,7,Web-Based,6,Spoofing,0.016165160122792066,0.1927941935041602,0.020622524472812886
3,7,17,True,7,Web-Based,7,Web-Based,0.05109340857584415,0.14801025193678818,0.10959969186645173
3,7,18,True,0,Benign,0,Benign,0.052863438518638124,0.17465813677689318,0.06003669693124527
3,7,18,True,0,Benign,1,BruteForce,0.15126304399247392,0.04249147259189368,0.015925282420627428
3,7,18,True,0,Benign,2,DDoS,0.09495171096369034,0.04785914784608208,0.1752512081883567
3,7,18,True,0,Benign,3,DoS,0.07385120675525149,0.07277784904863908,0.05925209115095998
3,7,18,True,0,Benign,4,Mirai,0.09461825618092513,0.14516989163993346,0.2680656923199855
3,7,18,True,0,Benign,5,Recon,0.14666545891518573,0.1968907561662409,0.10830681306316478
3,7,18,True,0,Benign,6,Spoofing,0.0852894112681993,0.19085739662231904,0.1953149492678493
3,7,18,True,0,Benign,7,Web-Based,0.30049747340563604,0.12929534930799863,0.11784726665781116
3,7,18,True,1,BruteForce,0,Benign,0.054754185510443316,0.17891927424619433,0.05985143394031293
3,7,18,True,1,BruteForce,1,BruteForce,0.17123048805477858,0.058450095051786694,0.015592786599150038
3,7,18,True,1,BruteForce,2,DDoS,0.0674517930374072,0.034516990423547604,0.1289359280752761
3,7,18,True,1,BruteForce,3,DoS,0.052907658572359205,0.044093463989503,0.02215712225230054
3,7,18,True,1,BruteForce,4,Mirai,0.0877145404540328,0.15749672059477485,0.317016468517998
3,7,18,True,1,BruteForce,5,Recon,0.1624980475208035,0.1544252010014664,0.11847456578080608
3,7,18,True,1,BruteForce,6,Spoofing,0.08706817509708188,0.19670832510603106,0.18611693944709506
3,7,18,True,1,BruteForce,7,Web-Based,0.3163751117530936,0.17538992958669603,0.15185475538706122
3,7,18,True,2,DDoS,0,Benign,0.02375353093672521,0.0420048564985153,0.029062631855855094
3,7,18,True,2,DDoS,1,BruteForce,0.0689700220054356,0.03236260948694235,0.016288194304989984
3,7,18,True,2,DDoS,2,DDoS,0.27532503282068294,0.604641152114562,0.6648201106739219
3,7,18,True,2,DDoS,3,DoS,0.3725973834275817,0.10552735003346152,0.034976272066712825
3,7,18,True,2,DDoS,4,Mirai,0.053316208691538296,0.0743995689100891,0.096397978138924
3,7,18,True,2,DDoS,5,Recon,0.059212277813401305,0.06078896841122469,0.05429758367867338
3,7,18,True,2,DDoS,6,Spoofing,0.03573515604805207,0.04607409078512961,0.056696095005218945
3,7,18,True,2,DDoS,7,Web-Based,0.11109038825658298,0.03420140376007542,0.047461134275703955
3,7,18,True,3,DoS,0,Benign,0.020143004639148178,0.032590006313295984,0.02066310555668643
3,7,18,True,3,DoS,1,BruteForce,0.05419298353661776,0.02369430293659636,0.023275818268509742
3,7,18,True,3,DoS,2,DDoS,0.2032066962959051,0.1352279923272842,0.258822317646216
3,7,18,True,3,DoS,3,DoS,0.28003579018811253,0.5790514246554435,0.4234930144571863
3,7,18,True,3,DoS,4,Mirai,0.21141301919634212,0.10829766303032513,0.09426692062515364
3,7,18,True,3,DoS,5,Recon,0.05727273579281086,0.035176347101416025,0.039583359254818457
3,7,18,True,3,DoS,6,Spoofing,0.040754155748857365,0.05743024042275276,0.08592159588391285
3,7,18,True,3,DoS,7,Web-Based,0.132981614602206,0.028532023212886,0.05397386830751663
3,7,18,True,4,Mirai,0,Benign,0.04790762438491087,0.16641175871147437,0.05628407963491555
3,7,18,True,4,Mirai,1,BruteForce,0.15118615585987386,0.045612159413723256,0.01544059660104304
3,7,18,True,4,Mirai,2,DDoS,0.08913873589697445,0.04778172829392338,0.15448560210473708
3,7,18,True,4,Mirai,3,DoS,0.07505555433117213,0.08137187559486556,0.04912073475735243
3,7,18,True,4,Mirai,4,Mirai,0.12146166027900052,0.23095415375161576,0.3346982396821286
3,7,18,True,4,Mirai,5,Recon,0.14332646117682926,0.11812532678753843,0.09483282830803735
3,7,18,True,4,Mirai,6,Spoofing,0.07792921053406215,0.19153681820003693,0.17399327749416404
3,7,18,True,4,Mirai,7,Web-Based,0.2939945975371767,0.11820617924682218,0.12114464141762199
3,7,18,True,5,Recon,0,Benign,0.053435873687004615,0.16044031652263221,0.05812312447001411
3,7,18,True,5,Recon,1,BruteForce,0.1673862253945211,0.05251737804100396,0.015691333544148797
3,7,18,True,5,Recon,2,DDoS,0.06552282982081627,0.032009760818371986,0.122115431082052
3,7,18,True,5,Recon,3,DoS,0.05210723288094483,0.04350715350625136,0.022574914676715394
3,7,18,True,5,Recon,4,Mirai,0.08666867020157401,0.13451910520486468,0.3151549157088511
3,7,18,True,5,Recon,5,Recon,0.17359272476718496,0.22166621131055633,0.13887600447012433
3,7,18,True,5,Recon,6,Spoofing,0.08782316792259073,0.1818267771881913,0.17694869786890408
3,7,18,True,5,Recon,7,Web-Based,0.31346327532536356,0.17351329740812815,0.15051557817919023
3,7,18,True,6,Spoofing,0,Benign,0.05381007894435865,0.17226997721061862,0.06170834865848539
3,7,18,True,6,Spoofing,1,BruteForce,0.15457339368789147,0.04370379743092637,0.015800834351637857
3,7,18,True,6,Spoofing,2,DDoS,0.06766466090924887,0.03338772587493327,0.1232908717829644
3,7,18,True,6,Spoofing,3,DoS,0.05419447494135641,0.04142030129362857,0.04271692378464614
3,7,18,True,6,Spoofing,4,Mirai,0.09621951710820804,0.14314100339328245,0.2729913861731602
3,7,18,True,6,Spoofing,5,Recon,0.15634746709618205,0.20514335791724134,0.11501973307918247
3,7,18,True,6,Spoofing,6,Spoofing,0.09287825777696247,0.21521228515679838,0.23591856384237125
3,7,18,True,6,Spoofing,7,Web-Based,0.32431214953579207,0.14572155172257098,0.13255333832755234
3,7,18,True,7,Web-Based,0,Benign,0.05475891772562747,0.19628038843498724,0.06290869206457517
3,7,18,True,7,Web-Based,1,BruteForce,0.16379411548738113,0.0456676495717923,0.015319260554912553
3,7,18,True,7,Web-Based,2,DDoS,0.07126529612342272,0.03462202175149535,0.14188922350994165
3,7,18,True,7,Web-Based,3,DoS,0.05865262419313595,0.04548543082280644,0.02459099334319162
3,7,18,True,7,Web-Based,4,Mirai,0.09449150810139197,0.16236816374101215,0.31275061179402036
3,7,18,True,7,Web-Based,5,Recon,0.16146252891988616,0.17477190023695816,0.11708161224186986
3,7,18,True,7,Web-Based,6,Spoofing,0.08556807030514998,0.1927941935041602,0.1881912653758733
3,7,18,True,7,Web-Based,7,Web-Based,0.3100069391440047,0.14801025193678818,0.13726834111561545
3,7,19,False,0,Benign,0,Benign,0.09778857783267632,0.17465813677689318,0.08823387665806656
3,7,19,False,0,Benign,1,BruteForce,0.01209692894752302,0.04249147259189368,0.01888932090882132
3,7,19,False,0,Benign,2,DDoS,0.20911790925391846,0.04785914784608208,0.2429632693628746
3,7,19,False,0,Benign,3,DoS,0.03295565099996223,0.07277784904863908,0.08348141086570714
3,7,19,False,0,Benign,4,Mirai,0.015416539321926428,0.14516989163993346,0.019610591700312093
3,7,19,False,0,Benign,5,Recon,0.1590665553105667,0.1968907561662409,0.17813600008336025
3,7,19,False,0,Benign,6,Spoofing,0.45885182948636993,0.19085739662231904,0.3497237577388485
3,7,19,False,0,Benign,7,Web-Based,0.01470600884705687,0.12929534930799863,0.018961772682009412
3,7,19,False,1,BruteForce,0,Benign,0.10172519213466429,0.17891927424619433,0.09913790567731263
3,7,19,False,1,BruteForce,1,BruteForce,0.013689284005855937,0.058450095051786694,0.018064839186361405
3,7,19,False,1,BruteForce,2,DDoS,0.19818655045267775,0.034516990423547604,0.20349844104536582
3,7,19,False,1,BruteForce,3,DoS,0.01569684283046328,0.044093463989503,0.02784390523462867
3,7,19,False,1,BruteForce,4,Mirai,0.016610895826343026,0.15749672059477485,0.01950739318485699
3,7,19,False,1,BruteForce,5,Recon,0.1521070906328377,0.1544252010014664,0.2187069857341637
3,7,19,False,1,BruteForce,6,Spoofing,0.4860932238458575,0.19670832510603106,0.3939871007678026
3,7,19,False,1,BruteForce,7,Web-Based,0.015890920271300513,0.17538992958669603,0.019253429169508115
3,7,19,False,2,DDoS,0,Benign,0.030589286018863005,0.0420048564985153,0.03767276258733159
3,7,19,False,2,DDoS,1,BruteForce,0.007967680580413515,0.03236260948694235,0.016056824115162807
3,7,19,False,2,DDoS,2,DDoS,0.7343092483751209,0.604641152114562,0.6882905537192153
3,7,19,False,2,DDoS,3,DoS,0.03225850936742814,0.10552735003346152,0.048163516725315256
3,7,19,False,2,DDoS,4,Mirai,0.008592959810472102,0.0743995689100891,0.016534657503638764
3,7,19,False,2,DDoS,5,Recon,0.06391963293589076,0.06078896841122469,0.07958947246139361
3,7,19,False,2,DDoS,6,Spoofing,0.11587842021912381,0.04607409078512961,0.10282389900793108
3,7,19,False,2,DDoS,7,Web-Based,0.006484262692687766,0.03420140376007542,0.010868313880011578
3,7,19,False,3,DoS,0,Benign,0.013402709001651468,0.032590006313295984,0.020026217259025727
3,7,19,False,3,DoS,1,BruteForce,0.01150225360897201,0.02369430293659636,0.025034336214780212
3,7,19,False,3,DoS,2,DDoS,0.18397915039440102,0.1352279923272842,0.20879855364634697
3,7,19,False,3,DoS,3,DoS,0.6779794721251488,0.5790514246554435,0.5733914465592493
3,7,19,False,3,DoS,4,Mirai,0.006666814235635688,0.10829766303032513,0.015936369513321242
3,7,19,False,3,DoS,5,Recon,0.026651204612442764,0.035176347101416025,0.0464978550774566
3,7,19,False,3,DoS,6,Spoofing,0.07449390478388686,0.05743024042275276,0.09841889403122607
3,7,19,False,3,DoS,7,Web-Based,0.005324491237861523,0.028532023212886,0.011896327698594002
3,7,19,False,4,Mirai,0,Benign,0.09030821423118741,0.16641175871147437,0.09167101573892925
3,7,19,False,4,Mirai,1,BruteForce,0.013039482964311323,0.045612159413723256,0.019798226119701657
3,7,19,False,4,Mirai,2,DDoS,0.3138548920552638,0.04778172829392338,0.2596567372868506
3,7,19,False,4,Mirai,3,DoS,0.0289135059199028,0.08137187559486556,0.07104045203391178
3,7,19,False,4,Mirai,4,Mirai,0.018928449918530377,0.23095415375161576,0.021280885764181936
3,7,19,False,4,Mirai,5,Recon,0.11528612657138922,0.11812532678753843,0.16300272388462222
3,7,19,False,4,Mirai,6,Spoofing,0.4058315907056362,0.19153681820003693,0.35435016413821613
3,7,19,False,4,Mirai,7,Web-Based,0.01383773763377899,0.11820617924682218,0.019199795033586476
3,7,19,False,5,Recon,0,Benign,0.10431495981861995,0.16044031652263221,0.09760074570728806
3,7,19,False,5,Recon,1,BruteForce,0.013289356518393336,0.05251737804100396,0.01785633303978797
3,7,19,False,5,Recon,2,DDoS,0.18625641331306164,0.032009760818371986,0.1952643830935358
3,7,19,False,5,Recon,3,DoS,0.017052438680706637,0.04350715350625136,0.02951280555912488
3,7,19,False,5,Recon,4,Mirai,0.015545940581670381,0.13451910520486468,0.019269203289343086
3,7,19,False,5,Recon,5,Recon,0.21756074484286023,0.22166621131055633,0.24910730652688962
3,7,19,False,5,Recon,6,Spoofing,0.4295333077560435,0.1818267771881913,0.37247809202891285
3,7,19,False,5,Recon,7,Web-Based,0.016446838488644467,0.17351329740812815,0.018911130755117668
3,7,19,False,6,Spoofing,0,Benign,0.09865256801766963,0.17226997721061862,0.09459257177217283
3,7,19,False,6,Spoofing,1,BruteForce,0.011512815191485799,0.04370379743092637,0.018608910498152272
3,7,19,False,6,Spoofing,2,DDoS,0.15956844773260148,0.03338772587493327,0.18479530680509787
3,7,19,False,6,Spoofing,3,DoS,0.01933771920924604,0.04142030129362857,0.06258030746707754
3,7,19,False,6,Spoofing,4,Mirai,0.01518593134564119,0.14314100339328245,0.01943747529338753
3,7,19,False,6,Spoofing,5,Recon,0.1705577208276714,0.20514335791724134,0.19519971533553404
3,7,19,False,6,Spoofing,6,Spoofing,0.5105488174256306,0.21521228515679838,0.405441605634872
3,7,19,False,6,Spoofing,7,Web-Based,0.014635980250053705,0.14572155172257098,0.01934410719370588
3,7,19,False,7,Web-Based,0,Benign,0.10573976957927078,0.19628038843498724,0.1007990821887821
3,7,19,False,7,Web-Based,1,BruteForce,0.012493595877241805,0.0456676495717923,0.018501421292924862
3,7,19,False,7,Web-Based,2,DDoS,0.20713606547247293,0.03462202175149535,0.2250672477616476
3,7,19,False,7,Web-Based,3,DoS,0.019059400132637145,0.04548543082280644,0.03364515979787337
3,7,19,False,7,Web-Based,4,Mirai,0.01701908383583011,0.16236816374101215,0.019942477727555873
3,7,19,False,7,Web-Based,5,Recon,0.16567535539884148,0.17477190023695816,0.2106561159097662
3,7,19,False,7,Web-Based,6,Spoofing,0.45700696820375014,0.1927941935041602,0.37142243101012146
3,7,19,False,7,Web-Based,7,Web-Based,0.01586976149995542,0.14801025193678818,0.01996606431132858
4,8,0,False,0,Benign,0,Benign,0.3272313204348733,0.1739964680248522,0.26278178160925625
4,8,0,False,0,Benign,1,BruteForce,0.08057362265916827,0.0425229100309313,0.05988172549568824
4,8,0,False,0,Benign,2,DDoS,0.009340458609627175,0.046156673212367695,0.017071578120114936
4,8,0,False,0,Benign,3,DoS,0.14632470698853298,0.0788100865465469,0.1844970353632558
4,8,0,False,0,Benign,4,Mirai,0.2523608363853023,0.1427168660688359,0.2918442271356306
4,8,0,False,0,Benign,5,Recon,0.1381648244199476,0.20449138477270598,0.14228985307871034
4,8,0,False,0,Benign,6,Spoofing,0.023583676468402284,0.20277819688216173,0.020855983251581833
4,8,0,False,0,Benign,7,Web-Based,0.022420554034146032,0.10852741446159825,0.020777815945762
4,8,0,False,1,BruteForce,0,Benign,0.25066487475920185,0.17265784438810802,0.2656430290659468
4,8,0,False,1,BruteForce,1,BruteForce,0.1775142142565249,0.05776907029521026,0.08753372719811156
4,8,0,False,1,BruteForce,2,DDoS,0.010150979643472516,0.03496667563528287,0.012764178493417473
4,8,0,False,1,BruteForce,3,DoS,0.07487722281952171,0.041424731757082445,0.07678476689708104
4,8,0,False,1,BruteForce,4,Mirai,0.283317670736226,0.15346064407431068,0.3325634123379524
4,8,0,False,1,BruteForce,5,Recon,0.14127730426978738,0.1975197991164045,0.17508103946245743
4,8,0,False,1,BruteForce,6,Spoofing,0.025378731178069724,0.19591949006676512,0.022715882767572422
4,8,0,False,1,BruteForce,7,Web-Based,0.036819002337196,0.14628174466683616,0.026913963777460977
4,8,0,False,2,DDoS,0,Benign,0.0789058750155272,0.04244576252353226,0.10478185413533818
4,8,0,False,2,DDoS,1,BruteForce,0.0340450107147512,0.03177592437521838,0.03363773507810239
4,8,0,False,2,DDoS,2,DDoS,0.5750817953689155,0.6000010953798917,0.4555644832146435
4,8,0,False,2,DDoS,3,DoS,0.12245258060529826,0.09732448852039172,0.16267828503382503
4,8,0,False,2,DDoS,4,Mirai,0.11742472763137805,0.08173230144580107,0.13805545173557351
4,8,0,False,2,DDoS,5,Recon,0.051618977079775814,0.06163442062484502,0.07114814746332884
4,8,0,False,2,DDoS,6,Spoofing,0.010113974168619148,0.04882337334890431,0.014144695575032938
4,8,0,False,2,DDoS,7,Web-Based,0.010357059415734792,0.03626263378141563,0.019989347764155587
4,8,0,False,3,DoS,0,Benign,0.023602623871739763,0.03056834339262619,0.031183219318431078
4,8,0,False,3,DoS,1,BruteForce,0.014345057379223515,0.02079650674501386,0.016828722475000998
4,8,0,False,3,DoS,2,DDoS,0.015393529599378397,0.1371567324107654,0.02177625241987036
4,8,0,False,3,DoS,3,DoS,0.9062205133445933,0.5819594459240547,0.8446218761534362
4,8,0,False,3,DoS,4,Mirai,0.016522250839561273,0.11677700085189616,0.0431461770917808
4,8,0,False,3,DoS,5,Recon,0.015482952298249142,0.03498308649599965,0.026358258254224377
4,8,0,False,3,DoS,6,Spoofing,0.004323603313282986,0.05300654166932405,0.00856158772017071
4,8,0,False,3,DoS,7,Web-Based,0.0041094693539717245,0.02475234251032022,0.007523906567085566
4,8,0,False,4,Mirai,0,Benign,0.255570998648478,0.16901411167400762,0.25716740971373475
4,8,0,False,4,Mirai,1,BruteForce,0.08764901568845695,0.046703245646959636,0.06214343396007815
4,8,0,False,4,Mirai,2,DDoS,0.01291273807321546,0.048511745639963307,0.01386823720359379
4,8,0,False,4,Mirai,3,DoS,0.07362414560354894,0.07906783089972236,0.149772069756984
4,8,0,False,4,Mirai,4,Mirai,0.45054777454617,0.2235047915986168,0.3716587945662579
4,8,0,False,4,Mirai,5,Recon,0.07399893671992723,0.14005898338496425,0.10328053476161966
4,8,0,False,4,Mirai,6,Spoofing,0.025722290473784066,0.19539873225486631,0.02136984537726492
4,8,0,False,4,Mirai,7,Web-Based,0.019974100246419373,0.09774055890089962,0.020739674660466896
4,8,0,False,5,Recon,0,Benign,0.23196315659489536,0.15726162948694503,0.24724985801781527
4,8,0,False,5,Recon,1,BruteForce,0.1503880495117137,0.051763506017069354,0.0851020256366411
4,8,0,False,5,Recon,2,DDoS,0.009129118997095474,0.03332801436687636,0.012058303129683059
4,8,0,False,5,Recon,3,DoS,0.09972022520722625,0.043368977058719504,0.0998195894281689
4,8,0,False,5,Recon,4,Mirai,0.22621049537904195,0.13848163427212679,0.3057203541264973
4,8,0,False,5,Recon,5,Recon,0.22241996608277886,0.24918889822034493,0.20288978965026663
4,8,0,False,5,Recon,6,Spoofing,0.022969186728530377,0.18014094011864354,0.021513182207612613
4,8,0,False,5,Recon,7,Web-Based,0.03719980149871807,0.14646640045927442,0.025646897803315197
4,8,0,False,6,Spoofing,0,Benign,0.3121745023626083,0.17268670443300768,0.27290338038420653
4,8,0,False,6,Spoofing,1,BruteForce,0.10812039562605118,0.04148451766738673,0.06470870055203756
4,8,0,False,6,Spoofing,2,DDoS,0.008085541572828843,0.0326429456381421,0.012183481902706246
4,8,0,False,6,Spoofing,3,DoS,0.08469322691323809,0.04639978580159599,0.14846015901941642
4,8,0,False,6,Spoofing,4,Mirai,0.257387731240928,0.14200454438071672,0.2955883962719409
4,8,0,False,6,Spoofing,5,Recon,0.16623242663930815,0.21483592984828326,0.16073231861293877
4,8,0,False,6,Spoofing,6,Spoofing,0.0325320165935615,0.22752191317128465,0.022702443629196753
4,8,0,False,6,Spoofing,7,Web-Based,0.03077415905147606,0.12242365905958288,0.02272111962755682
4,8,0,False,7,Web-Based,0,Benign,0.30607217458067126,0.20115795081543963,0.2828623583119801
4,8,0,False,7,Web-Based,1,BruteForce,0.093565754542365,0.04518434703028847,0.06785994904824477
4,8,0,False,7,Web-Based,2,DDoS,0.008341638868518226,0.035029791433313064,0.014249287961015595
4,8,0,False,7,Web-Based,3,DoS,0.07452263046835023,0.04372386197251289,0.10621673236144319
4,8,0,False,7,Web-Based,4,Mirai,0.34119630922729455,0.15885686270970767,0.34482029681020887
4,8,0,False,7,Web-Based,5,Recon,0.11937749318376362,0.183825496184088,0.13843233178161277
4,8,0,False,7,Web-Based,6,Spoofing,0.02961059025701228,0.2035377822066108,0.022295377231029485
4,8,0,False,7,Web-Based,7,Web-Based,0.027313408872024943,0.12868390764803952,0.023263666494465214
4,8,1,True,0,Benign,0,Benign,0.01301841797628029,0.1739964680248522,0.013568399554844724
4,8,1,True,0,Benign,1,BruteForce,0.008012036426735444,0.0425229100309313,0.008605934639372665
4,8,1,True,0,Benign,2,DDoS,0.028025681474925557,0.046156673212367695,0.07444771125811747
4,8,1,True,0,Benign,3,DoS,0.04060117711058449,0.0788100865465469,0.018250106949369942
4,8,1,True,0,Benign,4,Mirai,0.04139572220792929,0.1427168660688359,0.10807574100270502
4,8,1,True,0,Benign,5,Recon,0.12109623137496162,0.20449138477270598,0.2907260211972004
4,8,1,True,0,Benign,6,Spoofing,0.2583208339554026,0.20277819688216173,0.47608512375763967
4,8,1,True,0,Benign,7,Web-Based,0.48952989947318076,0.10852741446159825,0.010240961640750088
4,8,1,True,1,BruteForce,0,Benign,0.01257080612827416,0.17265784438810802,0.012838263384921755
4,8,1,True,1,BruteForce,1,BruteForce,0.008120360837791612,0.05776907029521026,0.008322975190072216
4,8,1,True,1,BruteForce,2,DDoS,0.013023818405639306,0.03496667563528287,0.0486947483017159
4,8,1,True,1,BruteForce,3,DoS,0.01813998335371954,0.041424731757082445,0.011921294151150431
4,8,1,True,1,BruteForce,4,Mirai,0.03828360671126448,0.15346064407431068,0.1105990736221884
4,8,1,True,1,BruteForce,5,Recon,0.13233149927951246,0.1975197991164045,0.29782863486713473
4,8,1,True,1,BruteForce,6,Spoofing,0.2796947891879299,0.19591949006676512,0.5004098369481974
4,8,1,True,1,BruteForce,7,Web-Based,0.4978351360958686,0.14628174466683616,0.00938517353461923
4,8,1,True,2,DDoS,0,Benign,0.009448821651321665,0.04244576252353226,0.010789170177697706
4,8,1,True,2,DDoS,1,BruteForce,0.011939226840416836,0.03177592437521838,0.008010163860307824
4,8,1,True,2,DDoS,2,DDoS,0.3015622519457099,0.6000010953798917,0.6681850151860528
4,8,1,True,2,DDoS,3,DoS,0.34289352511072746,0.09732448852039172,0.02380207038049753
4,8,1,True,2,DDoS,4,Mirai,0.03467370274432025,0.08173230144580107,0.04539266732934675
4,8,1,True,2,DDoS,5,Recon,0.057828682573987135,0.06163442062484502,0.10933311795857123
4,8,1,True,2,DDoS,6,Spoofing,0.0885322165144209,0.04882337334890431,0.12801525908105618
4,8,1,True,2,DDoS,7,Web-Based,0.15312157261909576,0.03626263378141563,0.006472536026470069
4,8,1,True,3,DoS,0,Benign,0.01011157018476641,0.03056834339262619,0.010252218338446022
4,8,1,True,3,DoS,1,BruteForce,0.009629155014344443,0.02079650674501386,0.015216404503898918
4,8,1,True,3,DoS,2,DDoS,0.12628842610284732,0.1371567324107654,0.17155529533872457
4,8,1,True,3,DoS,3,DoS,0.31837839093883613,0.5819594459240547,0.5166624340617575
4,8,1,True,3,DoS,4,Mirai,0.25796434369837296,0.11677700085189616,0.050020635236841596
4,8,1,True,3,DoS,5,Recon,0.04690235137292594,0.03498308649599965,0.05898538021733843
4,8,1,True,3,DoS,6,Spoofing,0.07172187156529088,0.05300654166932405,0.16568625965394038
4,8,1,True,3,DoS,7,Web-Based,0.15900389112261598,0.02475234251032022,0.011621372649052655
4,8,1,True,4,Mirai,0,Benign,0.012142716809243783,0.16901411167400762,0.014618137705013036
4,8,1,True,4,Mirai,1,BruteForce,0.00811550529685138,0.046703245646959636,0.009102412497405885
4,8,1,True,4,Mirai,2,DDoS,0.02763732373667113,0.048511745639963307,0.08760477884375821
4,8,1,True,4,Mirai,3,DoS,0.05441519851895025,0.07906783089972236,0.02267124101393727
4,8,1,True,4,Mirai,4,Mirai,0.06770604631740956,0.2235047915986168,0.15230992245626365
4,8,1,True,4,Mirai,5,Recon,0.1056165661474204,0.14005898338496425,0.21313913990613298
4,8,1,True,4,Mirai,6,Spoofing,0.22748224731105685,0.19539873225486631,0.4892664164272418
4,8,1,True,4,Mirai,7,Web-Based,0.4968843958623967,0.09774055890089962,0.011287951150247227
4,8,1,True,5,Recon,0,Benign,0.012507441565714995,0.15726162948694503,0.011824808752694154
4,8,1,True,5,Recon,1,BruteForce,0.007937774909070269,0.051763506017069354,0.007794146199475564
4,8,1,True,5,Recon,2,DDoS,0.012830364945299383,0.03332801436687636,0.043844228754022566
4,8,1,True,5,Recon,3,DoS,0.01776003324326239,0.043368977058719504,0.011222183207049409
4,8,1,True,5,Recon,4,Mirai,0.03731882069773887,0.13848163427212679,0.10642451725044536
4,8,1,True,5,Recon,5,Recon,0.1552830100906343,0.24918889822034493,0.38581164237960236
4,8,1,True,5,Recon,6,Spoofing,0.2882524272846277,0.18014094011864354,0.42455073847402264
4,8,1,True,5,Recon,7,Web-Based,0.4681101272636521,0.14646640045927442,0.00852773498268801
4,8,1,True,6,Spoofing,0,Benign,0.01313341029187077,0.17268670443300768,0.012756547625364765
4,8,1,True,6,Spoofing,1,BruteForce,0.007876460429866504,0.04148451766738673,0.00793767673279992
4,8,1,True,6,Spoofing,2,DDoS,0.013027191394501487,0.0326429456381421,0.04094354636442861
4,8,1,True,6,Spoofing,3,DoS,0.019397772135527742,0.04639978580159599,0.013276564153364187
4,8,1,True,6,Spoofing,4,Mirai,0.041301890139797647,0.14200454438071672,0.10214290260601923
4,8,1,True,6,Spoofing,5,Recon,0.13211849430043435,0.21483592984828326,0.30987281749361173
4,8,1,True,6,Spoofing,6,Spoofing,0.2797026141328999,0.22752191317128465,0.5035233321847596
4,8,1,True,6,Spoofing,7,Web-Based,0.49344216717510164,0.12242365905958288,0.009546612839651922
4,8,1,True,7,Web-Based,0,Benign,0.012855732565034911,0.20115795081543963,0.013734158361343934
4,8,1,True,7,Web-Based,1,BruteForce,0.007809406324045339,0.04518434703028847,0.008298821415736183
4,8,1,True,7,Web-Based,2,DDoS,0.013460194408979796,0.035029791433313064,0.05452670758696665
4,8,1,True,7,Web-Based,3,DoS,0.018929344427800095,0.04372386197251289,0.012572142659275492
4,8,1,True,7,Web-Based,4,Mirai,0.03972764975851171,0.15885686270970767,0.12680239855305564
4,8,1,True,7,Web-Based,5,Recon,0.13026920586582935,0.183825496184088,0.29510931665947837
4,8,1,True,7,Web-Based,6,Spoofing,0.2749593130401305,0.2035377822066108,0.47882548768979566
4,8,1,True,7,Web-Based,7,Web-Based,0.5019891536096683,0.12868390764803952,0.010130967074348123
4,8,2,False,0,Benign,0,Benign,0.18003734258637566,0.1739964680248522,0.15516749217397513
4,8,2,False,0,Benign,1,BruteForce,0.017823015410828594,0.0425229100309313,0.02020697169099876
4,8,2,False,0,Benign,2,DDoS,0.015258478178033018,0.046156673212367695,0.02483690992421998
4,8,2,False,0,Benign,3,DoS,0.008541900975878678,0.0788100865465469,0.021903132373728325
4,8,2,False,0,Benign,4,Mirai,0.3484719040478078,0.1427168660688359,0.3359140225651714
4,8,2,False,0,Benign,5,Recon,0.38119619539923166,0.20449138477270598,0.38273503638041545
4,8,2,False,0,Benign,6,Spoofing,0.027889382591356607,0.20277819688216173,0.03607525256740638
4,8,2,False,0,Benign,7,Web-Based,0.020781780810488017,0.10852741446159825,0.02316118232408474
4,8,2,False,1,BruteForce,0,Benign,0.17120605052782226,0.17265784438810802,0.1467095370191094
4,8,2,False,1,BruteForce,1,BruteForce,0.03147274370413016,0.05776907029521026,0.022985457984859892
4,8,2,False,1,BruteForce,2,DDoS,0.011948372416348989,0.03496667563528287,0.017791320728001596
4,8,2,False,1,BruteForce,3,DoS,0.006943202415757567,0.041424731757082445,0.01686477535592938
4,8,2,False,1,BruteForce,4,Mirai,0.384924166913382,0.15346064407431068,0.34946964266103686
4,8,2,False,1,BruteForce,5,Recon,0.3285896484030854,0.1975197991164045,0.38500319043422254
4,8,2,False,1,BruteForce,6,Spoofing,0.030332300438104125,0.19591949006676512,0.03336265034182514
4,8,2,False,1,BruteForce,7,Web-Based,0.03458351518136951,0.14628174466683616,0.027813425475015124
4,8,2,False,2,DDoS,0,Benign,0.0473167569056951,0.04244576252353226,0.09243642996206623
4,8,2,False,2,DDoS,1,BruteForce,0.01039064318626848,0.03177592437521838,0.024709175856203476
4,8,2,False,2,DDoS,2,DDoS,0.6299679551609253,0.6000010953798917,0.45204813066914906
4,8,2,False,2,DDoS,3,DoS,0.01011030669564752,0.09732448852039172,0.02210006079565015
4,8,2,False,2,DDoS,4,Mirai,0.16357136354234977,0.08173230144580107,0.18417335762347684
4,8,2,False,2,DDoS,5,Recon,0.11829807467035211,0.06163442062484502,0.17897191068459242
4,8,2,False,2,DDoS,6,Spoofing,0.009768331031699901,0.04882337334890431,0.02380177489314433
4,8,2,False,2,DDoS,7,Web-Based,0.010576568807061874,0.03626263378141563,0.021759159515717497
4,8,2,False,3,DoS,0,Benign,0.02315890981596459,0.03056834339262619,0.07423245721019542
4,8,2,False,3,DoS,1,BruteForce,0.014842207909633576,0.02079650674501386,0.030443967390512406
4,8,2,False,3,DoS,2,DDoS,0.1611507654090763,0.1371567324107654,0.12209621095118063
4,8,2,False,3,DoS,3,DoS,0.5552053727532403,0.5819594459240547,0.2235281468682234
4,8,2,False,3,DoS,4,Mirai,0.13408587960959947,0.11677700085189616,0.24700607328376994
4,8,2,False,3,DoS,5,Recon,0.0863033806574077,0.03498308649599965,0.24790555799165553
4,8,2,False,3,DoS,6,Spoofing,0.014296880819935614,0.05300654166932405,0.029631423152986853
4,8,2,False,3,DoS,7,Web-Based,0.010956603025142396,0.02475234251032022,0.025156163151475817
4,8,2,False,4,Mirai,0,Benign,0.13937691358940613,0.16901411167400762,0.1493377915779523
4,8,2,False,4,Mirai,1,BruteForce,0.017097697115664823,0.046703245646959636,0.01927501948970061
4,8,2,False,4,Mirai,2,DDoS,0.017458828838364415,0.048511745639963307,0.02255940543558527
4,8,2,False,4,Mirai,3,DoS,0.0068163291153697046,0.07906783089972236,0.020264412532864148
4,8,2,False,4,Mirai,4,Mirai,0.57693884476562,0.2235047915986168,0.41690692612713565
4,8,2,False,4,Mirai,5,Recon,0.20068553572391903,0.14005898338496425,0.3150578115032778
4,8,2,False,4,Mirai,6,Spoofing,0.02397632158227632,0.19539873225486631,0.03463700112605171
4,8,2,False,4,Mirai,7,Web-Based,0.017649529269379724,0.09774055890089962,0.021961632207432438
4,8,2,False,5,Recon,0,Benign,0.14436219576701978,0.15726162948694503,0.13991036853333705
4,8,2,False,5,Recon,1,BruteForce,0.027631394046488764,0.051763506017069354,0.022959709159566802
4,8,2,False,5,Recon,2,DDoS,0.010655349055840825,0.03332801436687636,0.01759819314837628
4,8,2,False,5,Recon,3,DoS,0.007121737337704425,0.043368977058719504,0.016998861128553096
4,8,2,False,5,Recon,4,Mirai,0.3273407481730442,0.13848163427212679,0.3418745355520832
4,8,2,False,5,Recon,5,Recon,0.42347690477941485,0.24918889822034493,0.40087168660804506
4,8,2,False,5,Recon,6,Spoofing,0.028443278278679186,0.18014094011864354,0.032696458412240906
4,8,2,False,5,Recon,7,Web-Based,0.030968392561807796,0.14646640045927442,0.027090187457797683
4,8,2,False,6,Spoofing,0,Benign,0.15176112349475637,0.17268670443300768,0.14999845851380175
4,8,2,False,6,Spoofing,1,BruteForce,0.02104365494068042,0.04148451766738673,0.020894841280412003
4,8,2,False,6,Spoofing,2,DDoS,0.009843866793548673,0.0326429456381421,0.01908801949955038
4,8,2,False,6,Spoofing,3,DoS,0.007185723135607878,0.04639978580159599,0.01990548896326303
4,8,2,False,6,Spoofing,4,Mirai,0.33857470159391195,0.14200454438071672,0.31733955553989673
4,8,2,False,6,Spoofing,5,Recon,0.4179716463843422,0.21483592984828326,0.4104761713150622
4,8,2,False,6,Spoofing,6,Spoofing,0.028645866034275328,0.22752191317128465,0.03817166657681523
4,8,2,False,6,Spoofing,7,Web-Based,0.024973417622877244,0.12242365905958288,0.024125798311198696
4,8,2,False,7,Web-Based,0,Benign,0.15657404959284993,0.20115795081543963,0.15534963756362322
4,8,2,False,7,Web-Based,1,BruteForce,0.01926661904576167,0.04518434703028847,0.01998890373401627
4,8,2,False,7,Web-Based,2,DDoS,0.011370470464400848,0.035029791433313064,0.019995455457424424
4,8,2,False,7,Web-Based,3,DoS,0.006736299286345009,0.04372386197251289,0.017779293256949942
4,8,2,False,7,Web-Based,4,Mirai,0.44190234858750305,0.15885686270970767,0.3703569074777412
4,8,2,False,7,Web-Based,5,Recon,0.31368059721188596,0.183825496184088,0.3576040454011711
4,8,2,False,7,Web-Based,6,Spoofing,0.02665316086435341,0.2035377822066108,0.03456511848490651
4,8,2,False,7,Web-Based,7,Web-Based,0.023816454946900274,0.12868390764803952,0.024360638624167468
4,8,3,False,0,Benign,0,Benign,0.1414256825767731,0.1739964680248522,0.11885254276976849
4,8,3,False,0,Benign,1,BruteForce,0.3899754141007974,0.0425229100309313,0.34183347738017056
4,8,3,False,0,Benign,2,DDoS,0.1063720567946778,0.046156673212367695,0.12378352278465309
4,8,3,False,0,Benign,3,DoS,0.025357128581499296,0.0788100865465469,0.044653900704609784
4,8,3,False,0,Benign,4,Mirai,0.18582873993812546,0.1427168660688359,0.22325900240316113
4,8,3,False,0,Benign,5,Recon,0.09184060337806281,0.20449138477270598,0.09131375981835803
4,8,3,False,0,Benign,6,Spoofing,0.023546103482718243,0.20277819688216173,0.02743729080595953
4,8,3,False,0,Benign,7,Web-Based,0.035654271147345866,0.10852741446159825,0.02886650333331943
4,8,3,False,1,BruteForce,0,Benign,0.09293072257506088,0.17265784438810802,0.10422845740096678
4,8,3,False,1,BruteForce,1,BruteForce,0.5474861052211445,0.05776907029521026,0.4420364598311267
4,8,3,False,1,BruteForce,2,DDoS,0.06286336969865472,0.03496667563528287,0.06434640405943129
4,8,3,False,1,BruteForce,3,DoS,0.026994049927999385,0.041424731757082445,0.04339879802482092
4,8,3,False,1,BruteForce,4,Mirai,0.15659689257232745,0.15346064407431068,0.20464662397004163
4,8,3,False,1,BruteForce,5,Recon,0.04985307250919362,0.1975197991164045,0.08160172798012294
4,8,3,False,1,BruteForce,6,Spoofing,0.023598922892168892,0.19591949006676512,0.028321106426362385
4,8,3,False,1,BruteForce,7,Web-Based,0.039676864603450594,0.14628174466683616,0.03142042230712738
4,8,3,False,2,DDoS,0,Benign,0.038632160914052645,0.04244576252353226,0.05418656669811476
4,8,3,False,2,DDoS,1,BruteForce,0.11919863922303053,0.03177592437521838,0.13362710600047714
4,8,3,False,2,DDoS,2,DDoS,0.6737044715872564,0.6000010953798917,0.6084341304810735
4,8,3,False,2,DDoS,3,DoS,0.018953729859846714,0.09732448852039172,0.029694312183729966
4,8,3,False,2,DDoS,4,Mirai,0.07336538734893551,0.08173230144580107,0.0876212099996208
4,8,3,False,2,DDoS,5,Recon,0.053410053370021957,0.06163442062484502,0.05046877631761053
4,8,3,False,2,DDoS,6,Spoofing,0.009064573804293017,0.04882337334890431,0.016799953749613523
4,8,3,False,2,DDoS,7,Web-Based,0.013670983892563333,0.03626263378141563,0.01916794456975978
4,8,3,False,3,DoS,0,Benign,0.020236620178294924,0.03056834339262619,0.049824806740559134
4,8,3,False,3,DoS,1,BruteForce,0.09546584047669833,0.02079650674501386,0.15871638978004346
4,8,3,False,3,DoS,2,DDoS,0.2733251024767441,0.1371567324107654,0.2739374321325671
4,8,3,False,3,DoS,3,DoS,0.5120280214977827,0.5819594459240547,0.2839548812108047
4,8,3,False,3,DoS,4,Mirai,0.056917924011851695,0.11677700085189616,0.14274198998363813
4,8,3,False,3,DoS,5,Recon,0.019819424341660775,0.03498308649599965,0.046865274202214556
4,8,3,False,3,DoS,6,Spoofing,0.010622117866327156,0.05300654166932405,0.018854402550887935
4,8,3,False,3,DoS,7,Web-Based,0.011584949150640319,0.02475234251032022,0.02510482339928486
4,8,3,False,4,Mirai,0,Benign,0.09405842539072258,0.16901411167400762,0.10394801873029945
4,8,3,False,4,Mirai,1,BruteForce,0.39781056326093395,0.046703245646959636,0.3662581022185664
4,8,3,False,4,Mirai,2,DDoS,0.11097371195972926,0.048511745639963307,0.10740728079125414
4,8,3,False,4,Mirai,3,DoS,0.02270221475237981,0.07906783089972236,0.04208730839404158
4,8,3,False,4,Mirai,4,Mirai,0.269289444071523,0.2235047915986168,0.25034116343665686
4,8,3,False,4,Mirai,5,Recon,0.050153480510823585,0.14005898338496425,0.07377720890383144
4,8,3,False,4,Mirai,6,Spoofing,0.022670635290985133,0.19539873225486631,0.027117561978776256
4,8,3,False,4,Mirai,7,Web-Based,0.03234152476290268,0.09774055890089962,0.029063355546573952
4,8,3,False,5,Recon,0,Benign,0.08685578625471159,0.15726162948694503,0.09756590563366478
4,8,3,False,5,Recon,1,BruteForce,0.5470160912364066,0.051763506017069354,0.4393565922828682
4,8,3,False,5,Recon,2,DDoS,0.059946554122683904,0.03332801436687636,0.06267543526401637
4,8,3,False,5,Recon,3,DoS,0.027781730740474738,0.043368977058719504,0.04463156907363983
4,8,3,False,5,Recon,4,Mirai,0.14110554487764582,0.13848163427212679,0.20565759171174258
4,8,3,False,5,Recon,5,Recon,0.07563075356354419,0.24918889822034493,0.0917340051966015
4,8,3,False,5,Recon,6,Spoofing,0.021849150383797783,0.18014094011864354,0.02682067240807345
4,8,3,False,5,Recon,7,Web-Based,0.03981438882073551,0.14646640045927442,0.03155822842939329
4,8,3,False,6,Spoofing,0,Benign,0.13603222714059696,0.17268670443300768,0.12262083379026725
4,8,3,False,6,Spoofing,1,BruteForce,0.4351321898916658,0.04148451766738673,0.3671513011785513
4,8,3,False,6,Spoofing,2,DDoS,0.055068325524225796,0.0326429456381421,0.07061394487219584
4,8,3,False,6,Spoofing,3,DoS,0.023687889265584777,0.04639978580159599,0.04085530223639366
4,8,3,False,6,Spoofing,4,Mirai,0.18335057921279155,0.14200454438071672,0.2393203767527391
4,8,3,False,6,Spoofing,5,Recon,0.09796748385471322,0.21483592984828326,0.09944266369448852
4,8,3,False,6,Spoofing,6,Spoofing,0.026482956715942047,0.22752191317128465,0.030191004562158057
4,8,3,False,6,Spoofing,7,Web-Based,0.04227834839447988,0.12242365905958288,0.029804572913206245
4,8,3,False,7,Web-Based,0,Benign,0.12498277657265199,0.20115795081543963,0.12166781308232819
4,8,3,False,7,Web-Based,1,BruteForce,0.43183622575723657,0.04518434703028847,0.381819740473302
4,8,3,False,7,Web-Based,2,DDoS,0.0685462724645697,0.035029791433313064,0.08681887661962281
4,8,3,False,7,Web-Based,3,DoS,0.025074801911590203,0.04372386197251289,0.03828257697757771
4,8,3,False,7,Web-Based,4,Mirai,0.2013146287147675,0.15885686270970767,0.22489869579251326
4,8,3,False,7,Web-Based,5,Recon,0.08391435190731412,0.183825496184088,0.08862106663524917
4,8,3,False,7,Web-Based,6,Spoofing,0.024485450860893637,0.2035377822066108,0.027871303862086062
4,8,3,False,7,Web-Based,7,Web-Based,0.03984549181097643,0.12868390764803952,0.030019926557320668
4,8,4,False,0,Benign,0,Benign,0.5383115766266183,0.1739964680248522,0.5079957351917117
4,8,4,False,0,Benign,1,BruteForce,0.01806564391555049,0.0425229100309313,0.01748946183137613
4,8,4,False,0,Benign,2,DDoS,0.014923088139692035,0.046156673212367695,0.021068978105766273
4,8,4,False,0,Benign,3,DoS,0.05816238334854683,0.0788100865465469,0.11805400248392045
4,8,4,False,0,Benign,4,Mirai,0.06212643828940627,0.1427168660688359,0.051857750097300044
4,8,4,False,0,Benign,5,Recon,0.041344655194460664,0.20449138477270598,0.044870356461185056
4,8,4,False,0,Benign,6,Spoofing,0.13637550046826777,0.20277819688216173,0.12974401873056032
4,8,4,False,0,Benign,7,Web-Based,0.1306907140174577,0.10852741446159825,0.10891969709817997
4,8,4,False,1,BruteForce,0,Benign,0.49307576711489537,0.17265784438810802,0.5389955761261209
4,8,4,False,1,BruteForce,1,BruteForce,0.0244303440025446,0.05776907029521026,0.017308943523206857
4,8,4,False,1,BruteForce,2,DDoS,0.015165168437501248,0.03496667563528287,0.019094587480338956
4,8,4,False,1,BruteForce,3,DoS,0.026306716741065644,0.041424731757082445,0.046011712086405
4,8,4,False,1,BruteForce,4,Mirai,0.07846009259133005,0.15346064407431068,0.05660047445349295
4,8,4,False,1,BruteForce,5,Recon,0.037236804238225854,0.1975197991164045,0.04878325819914148
4,8,4,False,1,BruteForce,6,Spoofing,0.13949236783828725,0.19591949006676512,0.13701215473952064
4,8,4,False,1,BruteForce,7,Web-Based,0.18583273903615005,0.14628174466683616,0.13619329339177316
4,8,4,False,2,DDoS,0,Benign,0.1509648976112589,0.04244576252353226,0.24393959575792235
4,8,4,False,2,DDoS,1,BruteForce,0.014140967484565956,0.03177592437521838,0.022141041236417712
4,8,4,False,2,DDoS,2,DDoS,0.5937216964630723,0.6000010953798917,0.4235565978710404
4,8,4,False,2,DDoS,3,DoS,0.07064409391441864,0.09732448852039172,0.10550288890410102
4,8,4,False,2,DDoS,4,Mirai,0.038957863655112265,0.08173230144580107,0.038561222616288644
4,8,4,False,2,DDoS,5,Recon,0.023810081210232825,0.06163442062484502,0.031050563041224537
4,8,4,False,2,DDoS,6,Spoofing,0.04363992566509134,0.04882337334890431,0.06882433656623298
4,8,4,False,2,DDoS,7,Web-Based,0.06412047399624786,0.03626263378141563,0.06642375400677236
4,8,4,False,3,DoS,0,Benign,0.05771233854891858,0.03056834339262619,0.07787514820812906
4,8,4,False,3,DoS,1,BruteForce,0.007551707906915107,0.02079650674501386,0.018979474854902208
4,8,4,False,3,DoS,2,DDoS,0.02385072070210772,0.1371567324107654,0.028906935572254794
4,8,4,False,3,DoS,3,DoS,0.8432294576543641,0.5819594459240547,0.7484607123074821
4,8,4,False,3,DoS,4,Mirai,0.012333728120461893,0.11677700085189616,0.023447361734180414
4,8,4,False,3,DoS,5,Recon,0.008347224613838777,0.03498308649599965,0.01725485135104091
4,8,4,False,3,DoS,6,Spoofing,0.02542790943012675,0.05300654166932405,0.04805986709779222
4,8,4,False,3,DoS,7,Web-Based,0.02154691302326707,0.02475234251032022,0.03701564887421835
4,8,4,False,4,Mirai,0,Benign,0.48204088856663646,0.16901411167400762,0.4965879247066158
4,8,4,False,4,Mirai,1,BruteForce,0.020134527130164125,0.046703245646959636,0.01775053418160157
4,8,4,False,4,Mirai,2,DDoS,0.015142419672169963,0.048511745639963307,0.01977268644247351
4,8,4,False,4,Mirai,3,DoS,0.059151271042465196,0.07906783089972236,0.12263830614322681
4,8,4,False,4,Mirai,4,Mirai,0.11483668228635814,0.2235047915986168,0.05638430205370269
4,8,4,False,4,Mirai,5,Recon,0.0307804537818569,0.14005898338496425,0.04138758345937428
4,8,4,False,4,Mirai,6,Spoofing,0.14050372994556792,0.19539873225486631,0.1311358886537027
4,8,4,False,4,Mirai,7,Web-Based,0.13741002757478132,0.09774055890089962,0.11434277435930258
4,8,4,False,5,Recon,0,Benign,0.49640285589326627,0.15726162948694503,0.5312455447983859
4,8,4,False,5,Recon,1,BruteForce,0.023720421786496828,0.051763506017069354,0.0175746854967464
4,8,4,False,5,Recon,2,DDoS,0.014635985842041769,0.03332801436687636,0.019201740904951983
4,8,4,False,5,Recon,3,DoS,0.028845666133636316,0.043368977058719504,0.051801502990743445
4,8,4,False,5,Recon,4,Mirai,0.06640876538918385,0.13848163427212679,0.05578130400813185
4,8,4,False,5,Recon,5,Recon,0.055377938628496166,0.24918889822034493,0.0544097450669764
4,8,4,False,5,Recon,6,Spoofing,0.12592514868690044,0.18014094011864354,0.13279172107750647
4,8,4,False,5,Recon,7,Web-Based,0.1886832176399785,0.14646640045927442,0.13719375565655736
4,8,4,False,6,Spoofing,0,Benign,0.5218522907526343,0.17268670443300768,0.5367291950120796
4,8,4,False,6,Spoofing,1,BruteForce,0.019110083510138744,0.04148451766738673,0.017387891299526708
4,8,4,False,6,Spoofing,2,DDoS,0.013484192445518559,0.0326429456381421,0.019919672538647067
4,8,4,False,6,Spoofing,3,DoS,0.02600623836349591,0.04639978580159599,0.07140899313666473
4,8,4,False,6,Spoofing,4,Mirai,0.06322225959032282,0.14200454438071672,0.05230154226277583
4,8,4,False,6,Spoofing,5,Recon,0.041226775153405754,0.21483592984828326,0.04718666696582754
4,8,4,False,6,Spoofing,6,Spoofing,0.1707303808094175,0.22752191317128465,0.1407045503825967
4,8,4,False,6,Spoofing,7,Web-Based,0.14436777937506637,0.12242365905958288,0.11436148840188197
4,8,4,False,7,Web-Based,0,Benign,0.5209919892925735,0.20115795081543963,0.5452923947553538
4,8,4,False,7,Web-Based,1,BruteForce,0.020066852609010203,0.04518434703028847,0.017324480126832013
4,8,4,False,7,Web-Based,2,DDoS,0.014051513030306747,0.035029791433313064,0.020624852395507213
4,8,4,False,7,Web-Based,3,DoS,0.028300219900894204,0.04372386197251289,0.051402003499636945
4,8,4,False,7,Web-Based,4,Mirai,0.08093181952744215,0.15885686270970767,0.05589367899116845
4,8,4,False,7,Web-Based,5,Recon,0.03794236098305981,0.183825496184088,0.04665063687173556
4,8,4,False,7,Web-Based,6,Spoofing,0.13855145262066085,0.2035377822066108,0.134926452910806
4,8,4,False,7,Web-Based,7,Web-Based,0.1591637920360524,0.12868390764803952,0.12788550044896002
4,8,5,False,0,Benign,0,Benign,0.4797769415414595,0.1739964680248522,0.3783280723088211
4,8,5,False,0,Benign,1,BruteForce,0.008666109607024231,0.0425229100309313,0.017547510079094965
4,8,5,False,0,Benign,2,DDoS,0.037263307340015595,0.046156673212367695,0.051107934128251306
4,8,5,False,0,Benign,3,DoS,0.009402176949150298,0.0788100865465469,0.01959878619832978
4,8,5,False,0,Benign,4,Mirai,0.02135801019710267,0.1427168660688359,0.02363074014508072
4,8,5,False,0,Benign,5,Recon,0.05826781787373659,0.20449138477270598,0.0744806952042887
4,8,5,False,0,Benign,6,Spoofing,0.3723064698709594,0.20277819688216173,0.41640980896830043
4,8,5,False,0,Benign,7,Web-Based,0.01295916662055176,0.10852741446159825,0.018896452967833058
4,8,5,False,1,BruteForce,0,Benign,0.4927859356064481,0.17265784438810802,0.4220793397155259
4,8,5,False,1,BruteForce,1,BruteForce,0.01054013016833496,0.05776907029521026,0.017452424571843622
4,8,5,False,1,BruteForce,2,DDoS,0.0168517321079168,0.03496667563528287,0.030756218001764053
4,8,5,False,1,BruteForce,3,DoS,0.007448516515757945,0.041424731757082445,0.019057952971509008
4,8,5,False,1,BruteForce,4,Mirai,0.02298882627533394,0.15346064407431068,0.02385929989556012
4,8,5,False,1,BruteForce,5,Recon,0.051138840021241416,0.1975197991164045,0.0768380145216068
4,8,5,False,1,BruteForce,6,Spoofing,0.38393347915742465,0.19591949006676512,0.3907260856561628
4,8,5,False,1,BruteForce,7,Web-Based,0.014312540147542073,0.14628174466683616,0.019230664666027766
4,8,5,False,2,DDoS,0,Benign,0.1483786514935734,0.04244576252353226,0.15728459891530153
4,8,5,False,2,DDoS,1,BruteForce,0.008062490371293281,0.03177592437521838,0.020081329595853403
4,8,5,False,2,DDoS,2,DDoS,0.6559437215969207,0.6000010953798917,0.5617724981376889
4,8,5,False,2,DDoS,3,DoS,0.0070474648440344975,0.09732448852039172,0.012859254036653837
4,8,5,False,2,DDoS,4,Mirai,0.011524572387467152,0.08173230144580107,0.019400251437496654
4,8,5,False,2,DDoS,5,Recon,0.04189610148179179,0.06163442062484502,0.04233680995181692
4,8,5,False,2,DDoS,6,Spoofing,0.11989430178413306,0.04882337334890431,0.17072499753583964
4,8,5,False,2,DDoS,7,Web-Based,0.007252696040786147,0.03626263378141563,0.01554026038934899
4,8,5,False,3,DoS,0,Benign,0.0817126188424777,0.03056834339262619,0.1521870865087781
4,8,5,False,3,DoS,1,BruteForce,0.012402288346424113,0.02079650674501386,0.02707200618051485
4,8,5,False,3,DoS,2,DDoS,0.16541848916951954,0.1371567324107654,0.14666000047508393
4,8,5,False,3,DoS,3,DoS,0.45397064419157895,0.5819594459240547,0.18098746353411105
4,8,5,False,3,DoS,4,Mirai,0.010170521723962538,0.11677700085189616,0.0225941413864522
4,8,5,False,3,DoS,5,Recon,0.019949841405856258,0.03498308649599965,0.047561405360367064
4,8,5,False,3,DoS,6,Spoofing,0.2477538898841442,0.05300654166932405,0.40015524914078443
4,8,5,False,3,DoS,7,Web-Based,0.008621706436036733,0.02475234251032022,0.02278264741390845
4,8,5,False,4,Mirai,0,Benign,0.4517752944297528,0.16901411167400762,0.3881948853418603
4,8,5,False,4,Mirai,1,BruteForce,0.00999147109543015,0.046703245646959636,0.017591480932306197
4,8,5,False,4,Mirai,2,DDoS,0.03621837258706686,0.048511745639963307,0.04069487135055433
4,8,5,False,4,Mirai,3,DoS,0.008681636937375066,0.07906783089972236,0.019884109120460344
4,8,5,False,4,Mirai,4,Mirai,0.026710151723811925,0.2235047915986168,0.024656434139932532
4,8,5,False,4,Mirai,5,Recon,0.043164506139373914,0.14005898338496425,0.0680386101742592
4,8,5,False,4,Mirai,6,Spoofing,0.41062152969590154,0.19539873225486631,0.422302547286838
4,8,5,False,4,Mirai,7,Web-Based,0.012837037391287748,0.09774055890089962,0.01863706165378906
4,8,5,False,5,Recon,0,Benign,0.5045432063372294,0.15726162948694503,0.4165851513257524
4,8,5,False,5,Recon,1,BruteForce,0.010150641472492802,0.051763506017069354,0.017232907660537707
4,8,5,False,5,Recon,2,DDoS,0.01624802498285215,0.03332801436687636,0.030855083847475456
4,8,5,False,5,Recon,3,DoS,0.007613299260495906,0.043368977058719504,0.01930504435685354
4,8,5,False,5,Recon,4,Mirai,0.021758224563360903,0.13848163427212679,0.023053352050397432
4,8,5,False,5,Recon,5,Recon,0.08208513695359439,0.24918889822034493,0.09082699923357593
4,8,5,False,5,Recon,6,Spoofing,0.34277264052162,0.18014094011864354,0.3830407149459981
4,8,5,False,5,Recon,7,Web-Based,0.014828825908354595,0.14646640045927442,0.019100746579409494
4,8,5,False,6,Spoofing,0,Benign,0.45261994376504683,0.17268670443300768,0.384339731543249
4,8,5,False,6,Spoofing,1,BruteForce,0.008636279635483126,0.04148451766738673,0.017071650158905514
4,8,5,False,6,Spoofing,2,DDoS,0.015602422045153825,0.0326429456381421,0.03154310353527155
4,8,5,False,6,Spoofing,3,DoS,0.007488646562377234,0.04639978580159599,0.01963870014916002
4,8,5,False,6,Spoofing,4,Mirai,0.021140654019737855,0.14200454438071672,0.02363134532308709
4,8,5,False,6,Spoofing,5,Recon,0.05653269454482548,0.21483592984828326,0.07216007608053722
4,8,5,False,6,Spoofing,6,Spoofing,0.4250498625934363,0.22752191317128465,0.4330544183475924
4,8,5,False,6,Spoofing,7,Web-Based,0.01292949683393947,0.12242365905958288,0.018560974862197207
4,8,5,False,7,Web-Based,0,Benign,0.49491417631003537,0.20115795081543963,0.4216269510220606
4,8,5,False,7,Web-Based,1,BruteForce,0.009268507666334018,0.04518434703028847,0.01734601397073613
4,8,5,False,7,Web-Based,2,DDoS,0.016625751398008523,0.035029791433313064,0.033328462487528146
4,8,5,False,7,Web-Based,3,DoS,0.007596130144287709,0.04372386197251289,0.019046315251843134
4,8,5,False,7,Web-Based,4,Mirai,0.02368323401094739,0.15885686270970767,0.02389689832549251
4,8,5,False,7,Web-Based,5,Recon,0.051591431717127524,0.183825496184088,0.07154520334700588
4,8,5,False,7,Web-Based,6,Spoofing,0.38278713893674066,0.2035377822066108,0.3943679879536759
4,8,5,False,7,Web-Based,7,Web-Based,0.013533629816518985,0.12868390764803952,0.018842167641657553
4,8,6,False,0,Benign,0,Benign,0.5891734169899753,0.1739964680248522,0.5635906685768259
4,8,6,False,0,Benign,1,BruteForce,0.07409327783591961,0.0425229100309313,0.07299659075803594
4,8,6,False,0,Benign,2,DDoS,0.014232449052735017,0.046156673212367695,0.022728536544494627
4,8,6,False,0,Benign,3,DoS,0.010301858704829463,0.0788100865465469,0.031804090117990215
4,8,6,False,0,Benign,4,Mirai,0.2716934151455216,0.1427168660688359,0.2587297366439052
4,8,6,False,0,Benign,5,Recon,0.015321517559219724,0.20449138477270598,0.018895481360983485
4,8,6,False,0,Benign,6,Spoofing,0.01418376536197769,0.20277819688216173,0.0177701765605472
4,8,6,False,0,Benign,7,Web-Based,0.011000299349821645,0.10852741446159825,0.01348471943721746
4,8,6,False,1,BruteForce,0,Benign,0.5335113623768727,0.17265784438810802,0.5549714020686299
4,8,6,False,1,BruteForce,1,BruteForce,0.1078686459461493,0.05776907029521026,0.08560280046420034
4,8,6,False,1,BruteForce,2,DDoS,0.01647357345433288,0.03496667563528287,0.021062767913920828
4,8,6,False,1,BruteForce,3,DoS,0.009107913329461561,0.041424731757082445,0.02567387307698594
4,8,6,False,1,BruteForce,4,Mirai,0.2902141852808481,0.15346064407431068,0.26100076552171436
4,8,6,False,1,BruteForce,5,Recon,0.014017953111141913,0.1975197991164045,0.019051100528756047
4,8,6,False,1,BruteForce,6,Spoofing,0.015372993145184874,0.19591949006676512,0.018381569423341976
4,8,6,False,1,BruteForce,7,Web-Based,0.013433373356008735,0.14628174466683616,0.014255721002450587
4,8,6,False,2,DDoS,0,Benign,0.2568720425259597,0.04244576252353226,0.4202436186435445
4,8,6,False,2,DDoS,1,BruteForce,0.04209918894964438,0.03177592437521838,0.05236872798432571
4,8,6,False,2,DDoS,2,DDoS,0.32935231394432823,0.6000010953798917,0.18140853702907217
4,8,6,False,2,DDoS,3,DoS,0.023906512441487043,0.09732448852039172,0.03450566219496077
4,8,6,False,2,DDoS,4,Mirai,0.31450439163806837,0.08173230144580107,0.2590831465024586
4,8,6,False,2,DDoS,5,Recon,0.012211047367233585,0.06163442062484502,0.018087462278336484
4,8,6,False,2,DDoS,6,Spoofing,0.010885623648948517,0.04882337334890431,0.017904361348387392
4,8,6,False,2,DDoS,7,Web-Based,0.010168879484330163,0.03626263378141563,0.016398484018914375
4,8,6,False,3,DoS,0,Benign,0.11772269004898538,0.03056834339262619,0.25688272991575484
4,8,6,False,3,DoS,1,BruteForce,0.05406729637301498,0.02079650674501386,0.06691429012445817
4,8,6,False,3,DoS,2,DDoS,0.031089796676517394,0.1371567324107654,0.040240292913036796
4,8,6,False,3,DoS,3,DoS,0.6171676573630355,0.5819594459240547,0.3115024818327052
4,8,6,False,3,DoS,4,Mirai,0.14793930466579558,0.11677700085189616,0.26550556668029934
4,8,6,False,3,DoS,5,Recon,0.009966693618956048,0.03498308649599965,0.02110137052285292
4,8,6,False,3,DoS,6,Spoofing,0.011828736923236443,0.05300654166932405,0.018396588269915543
4,8,6,False,3,DoS,7,Web-Based,0.01021782433045885,0.02475234251032022,0.019456679740977197
4,8,6,False,4,Mirai,0,Benign,0.44909504703618364,0.16901411167400762,0.5069725828697176
4,8,6,False,4,Mirai,1,BruteForce,0.07917249255487402,0.046703245646959636,0.07708283150685984
4,8,6,False,4,Mirai,2,DDoS,0.01664137389795475,0.048511745639963307,0.023175436673754362
4,8,6,False,4,Mirai,3,DoS,0.009697959954378764,0.07906783089972236,0.029480894384506
4,8,6,False,4,Mirai,4,Mirai,0.407364829270168,0.2235047915986168,0.31307240406737114
4,8,6,False,4,Mirai,5,Recon,0.012453440382539593,0.14005898338496425,0.018484869990236578
4,8,6,False,4,Mirai,6,Spoofing,0.014227834435509441,0.19539873225486631,0.017907721722121184
4,8,6,False,4,Mirai,7,Web-Based,0.011347022468391723,0.09774055890089962,0.013823258785433315
4,8,6,False,5,Recon,0,Benign,0.5437399628915316,0.15726162948694503,0.5511247022879678
4,8,6,False,5,Recon,1,BruteForce,0.11209801348699218,0.051763506017069354,0.08735828671699891
4,8,6,False,5,Recon,2,DDoS,0.01666316587575992,0.03332801436687636,0.021377815255414247
4,8,6,False,5,Recon,3,DoS,0.010131574736328237,0.043368977058719504,0.026286416125428317
4,8,6,False,5,Recon,4,Mirai,0.2710434399153154,0.13848163427212679,0.2618948779018005
4,8,6,False,5,Recon,5,Recon,0.017485129462579973,0.24918889822034493,0.019279064524510857
4,8,6,False,5,Recon,6,Spoofing,0.015135147912760348,0.18014094011864354,0.018291903731509438
4,8,6,False,5,Recon,7,Web-Based,0.013703565718732285,0.14646640045927442,0.014386933456370042
4,8,6,False,6,Spoofing,0,Benign,0.5675352466645324,0.17268670443300768,0.574631586254015
4,8,6,False,6,Spoofing,1,BruteForce,0.08090347792627899,0.04148451766738673,0.07334502540275967
4,8,6,False,6,Spoofing,2,DDoS,0.014161810074574515,0.0326429456381421,0.02158222435786873
4,8,6,False,6,Spoofing,3,DoS,0.008630213756622398,0.04639978580159599,0.026679753006541466
4,8,6,False,6,Spoofing,4,Mirai,0.28781431226740667,0.14200454438071672,0.2542762647531606
4,8,6,False,6,Spoofing,5,Recon,0.015064437358064535,0.21483592984828326,0.01860513125670131
4,8,6,False,6,Spoofing,6,Spoofing,0.01414116901206474,0.22752191317128465,0.017691682519896265
4,8,6,False,6,Spoofing,7,Web-Based,0.011749332940455945,0.12242365905958288,0.013188332449056994
4,8,6,False,7,Web-Based,0,Benign,0.5349302295405793,0.20115795081543963,0.5607980975870772
4,8,6,False,7,Web-Based,1,BruteForce,0.07964855869801636,0.04518434703028847,0.07829739978430017
4,8,6,False,7,Web-Based,2,DDoS,0.014426023459296534,0.035029791433313064,0.021601190255963076
4,8,6,False,7,Web-Based,3,DoS,0.008405522107242203,0.04372386197251289,0.024415889745459884
4,8,6,False,7,Web-Based,4,Mirai,0.3225907822689088,0.15885686270970767,0.26472536396730617
4,8,6,False,7,Web-Based,5,Recon,0.01415417677001324,0.183825496184088,0.01866916262239674
4,8,6,False,7,Web-Based,6,Spoofing,0.014152365478412799,0.2035377822066108,0.01774326431444597
4,8,6,False,7,Web-Based,7,Web-Based,0.011692341677530764,0.12868390764803952,0.013749631723050777
4,8,7,True,0,Benign,0,Benign,0.05745920328221464,0.1739964680248522,0.1612130099482367
4,8,7,True,0,Benign,1,BruteForce,0.20331649112672404,0.0425229100309313,0.021549698594711935
4,8,7,True,0,Benign,2,DDoS,0.09775597772677622,0.046156673212367695,0.21755281072488927
4,8,7,True,0,Benign,3,DoS,0.07215937979084035,0.0788100865465469,0.0507713524334422
4,8,7,True,0,Benign,4,Mirai,0.052477044175301746,0.1427168660688359,0.10149800229687622
4,8,7,True,0,Benign,5,Recon,0.060885569619201385,0.20449138477270598,0.08915834590119735
4,8,7,True,0,Benign,6,Spoofing,0.09502171036177848,0.20277819688216173,0.2752811876886586
4,8,7,True,0,Benign,7,Web-Based,0.3609246239171632,0.10852741446159825,0.0829755924119876
4,8,7,True,1,BruteForce,0,Benign,0.05909285619386582,0.17265784438810802,0.17216505788819655
4,8,7,True,1,BruteForce,1,BruteForce,0.23054423829490642,0.05776907029521026,0.023489184260006412
4,8,7,True,1,BruteForce,2,DDoS,0.07135185318997865,0.03496667563528287,0.1782194383822207
4,8,7,True,1,BruteForce,3,DoS,0.0544746562922435,0.041424731757082445,0.02107490955539629
4,8,7,True,1,BruteForce,4,Mirai,0.050224283125180555,0.15346064407431068,0.11609453677926099
4,8,7,True,1,BruteForce,5,Recon,0.06291459763340151,0.1975197991164045,0.10624656030471129
4,8,7,True,1,BruteForce,6,Spoofing,0.09784267475905668,0.19591949006676512,0.27772178577655626
4,8,7,True,1,BruteForce,7,Web-Based,0.37355484051136684,0.14628174466683616,0.10498852705365155
4,8,7,True,2,DDoS,0,Benign,0.026108130221740286,0.04244576252353226,0.05957168728630258
4,8,7,True,2,DDoS,1,BruteForce,0.08780184977032135,0.03177592437521838,0.018248559763005344
4,8,7,True,2,DDoS,2,DDoS,0.28818937787148885,0.6000010953798917,0.6887717265507326
4,8,7,True,2,DDoS,3,DoS,0.3651281595617129,0.09732448852039172,0.027932282682672043
4,8,7,True,2,DDoS,4,Mirai,0.031251150343363315,0.08173230144580107,0.04457647051358587
4,8,7,True,2,DDoS,5,Recon,0.02798103952205101,0.06163442062484502,0.04837520167158278
4,8,7,True,2,DDoS,6,Spoofing,0.03896877557061577,0.04882337334890431,0.07689998253077296
4,8,7,True,2,DDoS,7,Web-Based,0.13457151713870655,0.03626263378141563,0.03562408900134586
4,8,7,True,3,DoS,0,Benign,0.025857592106850544,0.03056834339262619,0.042044694103497406
4,8,7,True,3,DoS,1,BruteForce,0.08286793998718991,0.02079650674501386,0.022903262186133883
4,8,7,True,3,DoS,2,DDoS,0.2096002701151272,0.1371567324107654,0.29928914497879966
4,8,7,True,3,DoS,3,DoS,0.31028819413070863,0.5819594459240547,0.39409129704328877
4,8,7,True,3,DoS,4,Mirai,0.09394131104352027,0.11677700085189616,0.046517135311820994
4,8,7,True,3,DoS,5,Recon,0.029655221451422197,0.03498308649599965,0.03586961341078116
4,8,7,True,3,DoS,6,Spoofing,0.051239802580744453,0.05300654166932405,0.11958088099153534
4,8,7,True,3,DoS,7,Web-Based,0.1965496685844369,0.02475234251032022,0.03970397197414285
4,8,7,True,4,Mirai,0,Benign,0.053583730428523595,0.16901411167400762,0.15803829928626134
4,8,7,True,4,Mirai,1,BruteForce,0.20651690805195835,0.046703245646959636,0.02324967474085569
4,8,7,True,4,Mirai,2,DDoS,0.09114978872297332,0.048511745639963307,0.21429951582599055
4,8,7,True,4,Mirai,3,DoS,0.07330393683585591,0.07906783089972236,0.04786313847895252
4,8,7,True,4,Mirai,4,Mirai,0.061794455183604845,0.2235047915986168,0.12158082011883178
4,8,7,True,4,Mirai,5,Recon,0.055989431687987014,0.14005898338496425,0.07913860738665386
4,8,7,True,4,Mirai,6,Spoofing,0.09167390963851685,0.19539873225486631,0.2673355405055664
4,8,7,True,4,Mirai,7,Web-Based,0.3659878394505802,0.09774055890089962,0.08849440365688792
4,8,7,True,5,Recon,0,Benign,0.05801463683070601,0.15726162948694503,0.16933151293432142
4,8,7,True,5,Recon,1,BruteForce,0.23172319569356117,0.051763506017069354,0.023268371573153347
4,8,7,True,5,Recon,2,DDoS,0.0705293124821285,0.03332801436687636,0.17770704044744995
4,8,7,True,5,Recon,3,DoS,0.0544997566912209,0.043368977058719504,0.021267034241298704
4,8,7,True,5,Recon,4,Mirai,0.04942472331880554,0.13848163427212679,0.11627460050720387
4,8,7,True,5,Recon,5,Recon,0.06735663294115463,0.24918889822034493,0.12369832313348705
4,8,7,True,5,Recon,6,Spoofing,0.0975141881395701,0.18014094011864354,0.26291838932884415
4,8,7,True,5,Recon,7,Web-Based,0.3709375539028532,0.14646640045927442,0.10553472783424149
4,8,7,True,6,Spoofing,0,Benign,0.057989051172683694,0.17268670443300768,0.17501644461271487
4,8,7,True,6,Spoofing,1,BruteForce,0.20897891159155968,0.04148451766738673,0.021484065384614778
4,8,7,True,6,Spoofing,2,DDoS,0.07056143267931743,0.0326429456381421,0.15969167991808367
4,8,7,True,6,Spoofing,3,DoS,0.05594725940934791,0.04639978580159599,0.040222036031223
4,8,7,True,6,Spoofing,4,Mirai,0.05536157711495776,0.14200454438071672,0.10437302873967663
4,8,7,True,6,Spoofing,5,Recon,0.06420571158942198,0.21483592984828326,0.09595536247509695
4,8,7,True,6,Spoofing,6,Spoofing,0.10267567333420025,0.22752191317128465,0.3146634533266313
4,8,7,True,6,Spoofing,7,Web-Based,0.3842803831085113,0.12242365905958288,0.0885939295119589
4,8,7,True,7,Web-Based,0,Benign,0.05823389083117688,0.20115795081543963,0.1783952917633801
4,8,7,True,7,Web-Based,1,BruteForce,0.22154730462449898,0.04518434703028847,0.02330923188089099
4,8,7,True,7,Web-Based,2,DDoS,0.07314040064973806,0.035029791433313064,0.1826001336201361
4,8,7,True,7,Web-Based,3,DoS,0.05949246535782924,0.04372386197251289,0.024411332109139233
4,8,7,True,7,Web-Based,4,Mirai,0.05228454457786797,0.15885686270970767,0.11430485638861031
4,8,7,True,7,Web-Based,5,Recon,0.0632609116379779,0.183825496184088,0.09879631550710012
4,8,7,True,7,Web-Based,6,Spoofing,0.09665371430638602,0.2035377822066108,0.28042700437631257
4,8,7,True,7,Web-Based,7,Web-Based,0.37538676801452486,0.12868390764803952,0.09775583435443067
4,8,8,True,0,Benign,0,Benign,0.03230628552890395,0.1739964680248522,0.019132850159553263
4,8,8,True,0,Benign,1,BruteForce,0.023715975017375924,0.0425229100309313,0.016068908819353574
4,8,8,True,0,Benign,2,DDoS,0.018658249486940254,0.046156673212367695,0.04439965505164727
4,8,8,True,0,Benign,3,DoS,0.05287348037564724,0.0788100865465469,0.056110536479231185
4,8,8,True,0,Benign,4,Mirai,0.078399383271055,0.1427168660688359,0.02349910412323074
4,8,8,True,0,Benign,5,Recon,0.03792571777647052,0.20449138477270598,0.03706211308079212
4,8,8,True,0,Benign,6,Spoofing,0.12764788793339457,0.20277819688216173,0.7847352431503148
4,8,8,True,0,Benign,7,Web-Based,0.6284730206102126,0.10852741446159825,0.0189915891358769
4,8,8,True,1,BruteForce,0,Benign,0.031963472063236256,0.17265784438810802,0.017743662669092622
4,8,8,True,1,BruteForce,1,BruteForce,0.02550821766111798,0.05776907029521026,0.012867881546379339
4,8,8,True,1,BruteForce,2,DDoS,0.01758294476401976,0.03496667563528287,0.021160047750757877
4,8,8,True,1,BruteForce,3,DoS,0.046334179340722016,0.041424731757082445,0.028157277884586593
4,8,8,True,1,BruteForce,4,Mirai,0.07512644247390912,0.15346064407431068,0.02336187849024363
4,8,8,True,1,BruteForce,5,Recon,0.038330437368874294,0.1975197991164045,0.03457158621983451
4,8,8,True,1,BruteForce,6,Spoofing,0.13104456167227885,0.19591949006676512,0.8435205502423192
4,8,8,True,1,BruteForce,7,Web-Based,0.6341097446558418,0.14628174466683616,0.018617115196786365
4,8,8,True,2,DDoS,0,Benign,0.028052872947952022,0.04244576252353226,0.024591890673603345
4,8,8,True,2,DDoS,1,BruteForce,0.026188883035702836,0.03177592437521838,0.020488245038388166
4,8,8,True,2,DDoS,2,DDoS,0.19895915259644817,0.6000010953798917,0.5738390966700034
4,8,8,True,2,DDoS,3,DoS,0.20996208486543813,0.09732448852039172,0.03673158361827515
4,8,8,True,2,DDoS,4,Mirai,0.08270384227425112,0.08173230144580107,0.020919818015688825
4,8,8,True,2,DDoS,5,Recon,0.026991533369491387,0.06163442062484502,0.0387585856693685
4,8,8,True,2,DDoS,6,Spoofing,0.07159478642160921,0.04882337334890431,0.2685450562657869
4,8,8,True,2,DDoS,7,Web-Based,0.3555468444891071,0.03626263378141563,0.016125724048885598
4,8,8,True,3,DoS,0,Benign,0.022738685567930482,0.03056834339262619,0.016584975605900075
4,8,8,True,3,DoS,1,BruteForce,0.0220247740097051,0.02079650674501386,0.02787357350144254
4,8,8,True,3,DoS,2,DDoS,0.027227405100386504,0.1371567324107654,0.12449545436992798
4,8,8,True,3,DoS,3,DoS,0.23405370760196229,0.5819594459240547,0.412110294493304
4,8,8,True,3,DoS,4,Mirai,0.12726573584351772,0.11677700085189616,0.023082992246806874
4,8,8,True,3,DoS,5,Recon,0.025876133065720678,0.03498308649599965,0.026149152840062008
4,8,8,True,3,DoS,6,Spoofing,0.07854366605684597,0.05300654166932405,0.35010463360183147
4,8,8,True,3,DoS,7,Web-Based,0.4622698927539314,0.02475234251032022,0.019598923340725164
4,8,8,True,4,Mirai,0,Benign,0.030840074782607,0.16901411167400762,0.017301721504134907
4,8,8,True,4,Mirai,1,BruteForce,0.023927647742891415,0.046703245646959636,0.014990765983382903
4,8,8,True,4,Mirai,2,DDoS,0.018316623503807628,0.048511745639963307,0.03027142230568031
4,8,8,True,4,Mirai,3,DoS,0.052579609230780304,0.07906783089972236,0.053350498446353464
4,8,8,True,4,Mirai,4,Mirai,0.08776922764597267,0.2235047915986168,0.02456751041949872
4,8,8,True,4,Mirai,5,Recon,0.03529886933475266,0.14005898338496425,0.029649843710601795
4,8,8,True,4,Mirai,6,Spoofing,0.12735451720388175,0.19539873225486631,0.8112694934879471
4,8,8,True,4,Mirai,7,Web-Based,0.6239134305553066,0.09774055890089962,0.018598744142400783
4,8,8,True,5,Recon,0,Benign,0.031272533913235534,0.15726162948694503,0.017602542741750285
4,8,8,True,5,Recon,1,BruteForce,0.02509015166809079,0.051763506017069354,0.01298889133185358
4,8,8,True,5,Recon,2,DDoS,0.017236504066143105,0.03332801436687636,0.021295275993342844
4,8,8,True,5,Recon,3,DoS,0.046992841257170036,0.043368977058719504,0.029473546456429113
4,8,8,True,5,Recon,4,Mirai,0.07473343113966487,0.13848163427212679,0.02327832259421718
4,8,8,True,5,Recon,5,Recon,0.039887261759801264,0.24918889822034493,0.04548564476427263
4,8,8,True,5,Recon,6,Spoofing,0.1281716955353956,0.18014094011864354,0.8312604056001496
4,8,8,True,5,Recon,7,Web-Based,0.6366155806604988,0.14646640045927442,0.01861537051798485
4,8,8,True,6,Spoofing,0,Benign,0.032233667185343165,0.17268670443300768,0.017410521247189895
4,8,8,True,6,Spoofing,1,BruteForce,0.023814282241666367,0.04148451766738673,0.013890804576603797
4,8,8,True,6,Spoofing,2,DDoS,0.017721635767431673,0.0326429456381421,0.023166008602391583
4,8,8,True,6,Spoofing,3,DoS,0.04835456581013693,0.04639978580159599,0.04595798976193486
4,8,8,True,6,Spoofing,4,Mirai,0.07954942874529006,0.14200454438071672,0.02247485021861084
4,8,8,True,6,Spoofing,5,Recon,0.038324318544983665,0.21483592984828326,0.03455568325209396
4,8,8,True,6,Spoofing,6,Spoofing,0.13072630348798653,0.22752191317128465,0.8245215541322589
4,8,8,True,6,Spoofing,7,Web-Based,0.6292757982171617,0.12242365905958288,0.018022588208916227
4,8,8,True,7,Web-Based,0,Benign,0.03212616870395634,0.20115795081543963,0.018232554288658505
4,8,8,True,7,Web-Based,1,BruteForce,0.02408305343800492,0.04518434703028847,0.01344827549494716
4,8,8,True,7,Web-Based,2,DDoS,0.017672023066043357,0.035029791433313064,0.02607464544333082
4,8,8,True,7,Web-Based,3,DoS,0.04807733605430325,0.04372386197251289,0.03205878397403811
4,8,8,True,7,Web-Based,4,Mirai,0.07804338248076485,0.15885686270970767,0.02303780961405717
4,8,8,True,7,Web-Based,5,Recon,0.03842192945045104,0.183825496184088,0.03465418902166594
4,8,8,True,7,Web-Based,6,Spoofing,0.13050716335207957,0.2035377822066108,0.8337732576626405
4,8,8,True,7,Web-Based,7,Web-Based,0.6310689434543967,0.12868390764803952,0.01872048450066193
4,8,9,False,0,Benign,0,Benign,0.25311772131594185,0.1739964680248522,0.212708631315114
4,8,9,False,0,Benign,1,BruteForce,0.0030228533269272104,0.0425229100309313,0.0057487095059489636
4,8,9,False,0,Benign,2,DDoS,0.011837357411941094,0.046156673212367695,0.012474645677882902
4,8,9,False,0,Benign,3,DoS,0.0029548478532762518,0.0788100865465469,0.006082180136627195
4,8,9,False,0,Benign,4,Mirai,0.5079847439525961,0.1427168660688359,0.5442726249294527
4,8,9,False,0,Benign,5,Recon,0.12572918973234812,0.20449138477270598,0.12353066180708568
4,8,9,False,0,Benign,6,Spoofing,0.09162963290097705,0.20277819688216173,0.08814688706657811
4,8,9,False,0,Benign,7,Web-Based,0.003723653505992301,0.10852741446159825,0.007035659561310454
4,8,9,False,1,BruteForce,0,Benign,0.21600424158631074,0.17265784438810802,0.19643140381446048
4,8,9,False,1,BruteForce,1,BruteForce,0.003162674518517586,0.05776907029521026,0.005420658974589235
4,8,9,False,1,BruteForce,2,DDoS,0.004352906656490337,0.03496667563528287,0.006972007456531547
4,8,9,False,1,BruteForce,3,DoS,0.0024937003324660687,0.041424731757082445,0.005533962313056571
4,8,9,False,1,BruteForce,4,Mirai,0.5586084704357236,0.15346064407431068,0.5796708218206121
4,8,9,False,1,BruteForce,5,Recon,0.1213906693417952,0.1975197991164045,0.11622772955673638
4,8,9,False,1,BruteForce,6,Spoofing,0.09012113629867387,0.19591949006676512,0.0831422568850313
4,8,9,False,1,BruteForce,7,Web-Based,0.0038662008300226597,0.14628174466683616,0.006601159178982361
4,8,9,False,2,DDoS,0,Benign,0.061085725617776636,0.04244576252353226,0.07378109127923523
4,8,9,False,2,DDoS,1,BruteForce,0.004396420965881771,0.03177592437521838,0.010804158511400564
4,8,9,False,2,DDoS,2,DDoS,0.6104853877630201,0.6000010953798917,0.5145861140339755
4,8,9,False,2,DDoS,3,DoS,0.0036740765222505176,0.09732448852039172,0.007623311259983734
4,8,9,False,2,DDoS,4,Mirai,0.23413610945040386,0.08173230144580107,0.265180145327734
4,8,9,False,2,DDoS,5,Recon,0.04606793551168356,0.06163442062484502,0.06938093456303068
4,8,9,False,2,DDoS,6,Spoofing,0.03644793250368624,0.04882337334890431,0.04814830975089366
4,8,9,False,2,DDoS,7,Web-Based,0.003706411665297373,0.03626263378141563,0.010495935273746787
4,8,9,False,3,DoS,0,Benign,0.04848956349236044,0.03056834339262619,0.06597761485226326
4,8,9,False,3,DoS,1,BruteForce,0.011775788503911916,0.02079650674501386,0.007601240551088666
4,8,9,False,3,DoS,2,DDoS,0.07725890443590505,0.1371567324107654,0.0885159228871596
4,8,9,False,3,DoS,3,DoS,0.2695189448185361,0.5819594459240547,0.010185430516659743
4,8,9,False,3,DoS,4,Mirai,0.31044819167569215,0.11677700085189616,0.6278306998648712
4,8,9,False,3,DoS,5,Recon,0.029061088494091284,0.03498308649599965,0.04921960120497947
4,8,9,False,3,DoS,6,Spoofing,0.24372297456788078,0.05300654166932405,0.1410816114877004
4,8,9,False,3,DoS,7,Web-Based,0.00972454401162229,0.02475234251032022,0.009587878635277698
4,8,9,False,4,Mirai,0,Benign,0.1504047541285097,0.16901411167400762,0.15665054209698429
4,8,9,False,4,Mirai,1,BruteForce,0.0022267660671499248,0.046703245646959636,0.004262151925292362
4,8,9,False,4,Mirai,2,DDoS,0.00551388270411709,0.048511745639963307,0.007815598967478177
4,8,9,False,4,Mirai,3,DoS,0.0024386035749801335,0.07906783089972236,0.004755756169192422
4,8,9,False,4,Mirai,4,Mirai,0.7288778547533871,0.2235047915986168,0.7019238838520995
4,8,9,False,4,Mirai,5,Recon,0.04275417596393436,0.14005898338496425,0.054753709471234764
4,8,9,False,4,Mirai,6,Spoofing,0.06472651796653141,0.19539873225486631,0.06372590334822469
4,8,9,False,4,Mirai,7,Web-Based,0.003057444841390318,0.09774055890089962,0.006112454169493804
4,8,9,False,5,Recon,0,Benign,0.18924627094617663,0.15726162948694503,0.18533707283203812
4,8,9,False,5,Recon,1,BruteForce,0.003301259418519747,0.051763506017069354,0.005850890664782675
4,8,9,False,5,Recon,2,DDoS,0.004004017006568429,0.03332801436687636,0.006644792733948009
4,8,9,False,5,Recon,3,DoS,0.0025437769898974246,0.043368977058719504,0.005533990742806916
4,8,9,False,5,Recon,4,Mirai,0.4740078313006519,0.13848163427212679,0.5104705615668697
4,8,9,False,5,Recon,5,Recon,0.23561952092539773,0.24918889822034493,0.20107210707856
4,8,9,False,5,Recon,6,Spoofing,0.08751409083451306,0.18014094011864354,0.07872758222176585
4,8,9,False,5,Recon,7,Web-Based,0.0037632325782751015,0.14646640045927442,0.0063630021592289395
4,8,9,False,6,Spoofing,0,Benign,0.2130054238849418,0.17268670443300768,0.2129752411877739
4,8,9,False,6,Spoofing,1,BruteForce,0.0030340089524625246,0.04148451766738673,0.005594561604115943
4,8,9,False,6,Spoofing,2,DDoS,0.004265991506080978,0.0326429456381421,0.007003732231253415
4,8,9,False,6,Spoofing,3,DoS,0.0028872323373715426,0.04639978580159599,0.005646586458114659
4,8,9,False,6,Spoofing,4,Mirai,0.4960668420905796,0.14200454438071672,0.5270247029692076
4,8,9,False,6,Spoofing,5,Recon,0.13622404227137438,0.21483592984828326,0.13388392227429521
4,8,9,False,6,Spoofing,6,Spoofing,0.1403869019790277,0.22752191317128465,0.10103837489641995
4,8,9,False,6,Spoofing,7,Web-Based,0.004129556978161495,0.12242365905958288,0.006832878378819363
4,8,9,False,7,Web-Based,0,Benign,0.18737325092659393,0.20115795081543963,0.20573941393174097
4,8,9,False,7,Web-Based,1,BruteForce,0.002481300252221437,0.04518434703028847,0.004988285031987422
4,8,9,False,7,Web-Based,2,DDoS,0.0044015515027647015,0.035029791433313064,0.0078520559200081
4,8,9,False,7,Web-Based,3,DoS,0.002635659654991077,0.04372386197251289,0.0050920035248949455
4,8,9,False,7,Web-Based,4,Mirai,0.6125961184598847,0.15885686270970767,0.5967359652309505
4,8,9,False,7,Web-Based,5,Recon,0.0874811103314244,0.183825496184088,0.09912271282795135
4,8,9,False,7,Web-Based,6,Spoofing,0.09951456171864699,0.2035377822066108,0.07408300743614007
4,8,9,False,7,Web-Based,7,Web-Based,0.0035164471534726545,0.12868390764803952,0.006386556096326617
4,8,10,True,0,Benign,0,Benign,0.042053935546167355,0.1739964680248522,0.022270045567745377
4,8,10,True,0,Benign,1,BruteForce,0.02342576957431092,0.0425229100309313,0.019048116147505827
4,8,10,True,0,Benign,2,DDoS,0.021544568157914473,0.046156673212367695,0.058264932055389435
4,8,10,True,0,Benign,3,DoS,0.042389810132591,0.0788100865465469,0.04369451153948292
4,8,10,True,0,Benign,4,Mirai,0.07047517828168047,0.1427168660688359,0.07935026555243353
4,8,10,True,0,Benign,5,Recon,0.07602403031227568,0.20449138477270598,0.13568543610090097
4,8,10,True,0,Benign,6,Spoofing,0.13853111134576288,0.20277819688216173,0.3294301928385613
4,8,10,True,0,Benign,7,Web-Based,0.5855555966492971,0.10852741446159825,0.3122565001979806
4,8,10,True,1,BruteForce,0,Benign,0.04162749839270678,0.17265784438810802,0.021395882591181345
4,8,10,True,1,BruteForce,1,BruteForce,0.025374925960654316,0.05776907029521026,0.01820485343619936
4,8,10,True,1,BruteForce,2,DDoS,0.019362610871159158,0.03496667563528287,0.027800501153444554
4,8,10,True,1,BruteForce,3,DoS,0.03370991773591918,0.041424731757082445,0.030508297120172185
4,8,10,True,1,BruteForce,4,Mirai,0.06896551316187621,0.15346064407431068,0.09075246456452916
4,8,10,True,1,BruteForce,5,Recon,0.07723883047069033,0.1975197991164045,0.1355921528596097
4,8,10,True,1,BruteForce,6,Spoofing,0.1389195829238882,0.19591949006676512,0.2919583863509789
4,8,10,True,1,BruteForce,7,Web-Based,0.594801120483106,0.14628174466683616,0.38378746192388474
4,8,10,True,2,DDoS,0,Benign,0.026266481924407354,0.04244576252353226,0.02146354989899178
4,8,10,True,2,DDoS,1,BruteForce,0.02417407836615244,0.03177592437521838,0.021106456308982644
4,8,10,True,2,DDoS,2,DDoS,0.17565910482319938,0.6000010953798917,0.6022786062618589
4,8,10,True,2,DDoS,3,DoS,0.3656061505319422,0.09732448852039172,0.024344013283275748
4,8,10,True,2,DDoS,4,Mirai,0.05617547806833972,0.08173230144580107,0.040499910327815074
4,8,10,True,2,DDoS,5,Recon,0.03847057885016631,0.06163442062484502,0.05963832227706456
4,8,10,True,2,DDoS,6,Spoofing,0.0620044978497663,0.04882337334890431,0.10744966039347457
4,8,10,True,2,DDoS,7,Web-Based,0.2516436295860263,0.03626263378141563,0.12321948124853671
4,8,10,True,3,DoS,0,Benign,0.025181639464200645,0.03056834339262619,0.016524256399403355
4,8,10,True,3,DoS,1,BruteForce,0.023043458942994376,0.02079650674501386,0.024251685421476613
4,8,10,True,3,DoS,2,DDoS,0.040946868045219374,0.1371567324107654,0.1921524231437968
4,8,10,True,3,DoS,3,DoS,0.32093730981367513,0.5819594459240547,0.3432196650431296
4,8,10,True,3,DoS,4,Mirai,0.0909544202759392,0.11677700085189616,0.04899223425140833
4,8,10,True,3,DoS,5,Recon,0.040482004937447726,0.03498308649599965,0.06773421950960029
4,8,10,True,3,DoS,6,Spoofing,0.08102405969961295,0.05300654166932405,0.18115959177665295
4,8,10,True,3,DoS,7,Web-Based,0.3774302388209106,0.02475234251032022,0.12596592445453203
4,8,10,True,4,Mirai,0,Benign,0.0394565512768489,0.16901411167400762,0.020906360869143853
4,8,10,True,4,Mirai,1,BruteForce,0.023916297882664056,0.046703245646959636,0.018484991654150906
4,8,10,True,4,Mirai,2,DDoS,0.020603255380839076,0.048511745639963307,0.04526853483889094
4,8,10,True,4,Mirai,3,DoS,0.04124262979998101,0.07906783089972236,0.04057060523043271
4,8,10,True,4,Mirai,4,Mirai,0.08153420360450879,0.2235047915986168,0.0930199027442174
4,8,10,True,4,Mirai,5,Recon,0.07057908965094703,0.14005898338496425,0.1230947051897784
4,8,10,True,4,Mirai,6,Spoofing,0.13435515316232896,0.19539873225486631,0.32823821797470715
4,8,10,True,4,Mirai,7,Web-Based,0.5883128192418822,0.09774055890089962,0.33041668149867864
4,8,10,True,5,Recon,0,Benign,0.04112682959949223,0.15726162948694503,0.021000630285856473
4,8,10,True,5,Recon,1,BruteForce,0.02482744647229668,0.051763506017069354,0.01812983451842123
4,8,10,True,5,Recon,2,DDoS,0.019083135685446406,0.03332801436687636,0.027754586994734036
4,8,10,True,5,Recon,3,DoS,0.033585895675543674,0.043368977058719504,0.031053758674665574
4,8,10,True,5,Recon,4,Mirai,0.06745298580566329,0.13848163427212679,0.08863199214013308
4,8,10,True,5,Recon,5,Recon,0.08464209900955827,0.24918889822034493,0.1505426834996439
4,8,10,True,5,Recon,6,Spoofing,0.1385397214655704,0.18014094011864354,0.2842386896914777
4,8,10,True,5,Recon,7,Web-Based,0.5907418862864291,0.14646640045927442,0.37864782419506804
4,8,10,True,6,Spoofing,0,Benign,0.04166465474086484,0.17268670443300768,0.0219464716626074
4,8,10,True,6,Spoofing,1,BruteForce,0.02346963411673467,0.04148451766738673,0.017590292229546802
4,8,10,True,6,Spoofing,2,DDoS,0.01948468596495677,0.0326429456381421,0.02732242244704799
4,8,10,True,6,Spoofing,3,DoS,0.03669992162145322,0.04639978580159599,0.03497819372947385
4,8,10,True,6,Spoofing,4,Mirai,0.07249512077432944,0.14200454438071672,0.08108459950483436
4,8,10,True,6,Spoofing,5,Recon,0.0769268391818179,0.21483592984828326,0.13512999372248
4,8,10,True,6,Spoofing,6,Spoofing,0.1400361279446051,0.22752191317128465,0.34700179629198724
4,8,10,True,6,Spoofing,7,Web-Based,0.5892230156552382,0.12242365905958288,0.33494623041202237
4,8,10,True,7,Web-Based,0,Benign,0.04198141924352228,0.20115795081543963,0.02233567399325899
4,8,10,True,7,Web-Based,1,BruteForce,0.023756174352153197,0.04518434703028847,0.017738799278910797
4,8,10,True,7,Web-Based,2,DDoS,0.019653284252291653,0.035029791433313064,0.02980222971691401
4,8,10,True,7,Web-Based,3,DoS,0.03638022355861491,0.04372386197251289,0.031205773506683104
4,8,10,True,7,Web-Based,4,Mirai,0.0713945501846466,0.15885686270970767,0.08933694551850077
4,8,10,True,7,Web-Based,5,Recon,0.07807712401928926,0.183825496184088,0.13496437980333795
4,8,10,True,7,Web-Based,6,Spoofing,0.1385693989671338,0.2035377822066108,0.30979530381561704
4,8,10,True,7,Web-Based,7,Web-Based,0.5901878254223484,0.12868390764803952,0.3648208943667773
4,8,11,False,0,Benign,0,Benign,0.5266164459206829,0.1739964680248522,0.5054759344795156
4,8,11,False,0,Benign,1,BruteForce,0.004740662760360985,0.0425229100309313,0.007462605127298825
4,8,11,False,0,Benign,2,DDoS,0.004975051299137634,0.046156673212367695,0.010640381605379423
4,8,11,False,0,Benign,3,DoS,0.007760460536920191,0.0788100865465469,0.014780983180301552
4,8,11,False,0,Benign,4,Mirai,0.07981937561090133,0.1427168660688359,0.08417180931879836
4,8,11,False,0,Benign,5,Recon,0.13325471085601492,0.20449138477270598,0.1373969726142291
4,8,11,False,0,Benign,6,Spoofing,0.23795027619371695,0.20277819688216173,0.23190462746669555
4,8,11,False,0,Benign,7,Web-Based,0.004883016822265095,0.10852741446159825,0.008166686207781701
4,8,11,False,1,BruteForce,0,Benign,0.4547204435982822,0.17265784438810802,0.5106147524192624
4,8,11,False,1,BruteForce,1,BruteForce,0.005569414829634897,0.05776907029521026,0.007222023432318588
4,8,11,False,1,BruteForce,2,DDoS,0.004574800713641464,0.03496667563528287,0.009715753075438184
4,8,11,False,1,BruteForce,3,DoS,0.003628353460616946,0.041424731757082445,0.00845695820506947
4,8,11,False,1,BruteForce,4,Mirai,0.10496819866933381,0.15346064407431068,0.08771126418285896
4,8,11,False,1,BruteForce,5,Recon,0.14210780945064574,0.1975197991164045,0.13823024944282974
4,8,11,False,1,BruteForce,6,Spoofing,0.2789104041845855,0.19591949006676512,0.23020952939325387
4,8,11,False,1,BruteForce,7,Web-Based,0.005520575093259314,0.14628174466683616,0.00783946984896885
4,8,11,False,2,DDoS,0,Benign,0.16913133843992278,0.04244576252353226,0.391693033549768
4,8,11,False,2,DDoS,1,BruteForce,0.006998278224932847,0.03177592437521838,0.012270970192291
4,8,11,False,2,DDoS,2,DDoS,0.4541768942914446,0.6000010953798917,0.14293445703506732
4,8,11,False,2,DDoS,3,DoS,0.014650592587991134,0.09732448852039172,0.0346928188460991
4,8,11,False,2,DDoS,4,Mirai,0.17299485256868008,0.08173230144580107,0.08264899631452405
4,8,11,False,2,DDoS,5,Recon,0.061211381240554745,0.06163442062484502,0.10654715777236783
4,8,11,False,2,DDoS,6,Spoofing,0.11410015022582361,0.04882337334890431,0.2163560792426348
4,8,11,False,2,DDoS,7,Web-Based,0.00673651242065031,0.03626263378141563,0.012856487047247967
4,8,11,False,3,DoS,0,Benign,0.05546623427376089,0.03056834339262619,0.10309353673587984
4,8,11,False,3,DoS,1,BruteForce,0.007198351668658579,0.02079650674501386,0.016412016849813423
4,8,11,False,3,DoS,2,DDoS,0.01188041899952869,0.1371567324107654,0.01715386702274042
4,8,11,False,3,DoS,3,DoS,0.6313051532055942,0.5819594459240547,0.4905930896630506
4,8,11,False,3,DoS,4,Mirai,0.05990258436481547,0.11677700085189616,0.06735126521196996
4,8,11,False,3,DoS,5,Recon,0.023073634994285996,0.03498308649599965,0.03254476557324266
4,8,11,False,3,DoS,6,Spoofing,0.2063164415597745,0.05300654166932405,0.2576296574068613
4,8,11,False,3,DoS,7,Web-Based,0.004857180933581739,0.02475234251032022,0.015221801536441816
4,8,11,False,4,Mirai,0,Benign,0.4284023951833545,0.16901411167400762,0.4930178028074896
4,8,11,False,4,Mirai,1,BruteForce,0.005034850190649368,0.046703245646959636,0.007418595071505128
4,8,11,False,4,Mirai,2,DDoS,0.0058147374678030285,0.048511745639963307,0.010673475310734544
4,8,11,False,4,Mirai,3,DoS,0.008156433210489053,0.07906783089972236,0.017015575176746667
4,8,11,False,4,Mirai,4,Mirai,0.2127392036049062,0.2235047915986168,0.12286600958710883
4,8,11,False,4,Mirai,5,Recon,0.0759860409679245,0.14005898338496425,0.08906886765228121
4,8,11,False,4,Mirai,6,Spoofing,0.258687546037487,0.19539873225486631,0.2510653933064498
4,8,11,False,4,Mirai,7,Web-Based,0.005178793337386412,0.09774055890089962,0.008874281087684113
4,8,11,False,5,Recon,0,Benign,0.43282661964790053,0.15726162948694503,0.4927068831424751
4,8,11,False,5,Recon,1,BruteForce,0.00524013646405882,0.051763506017069354,0.00742554195106978
4,8,11,False,5,Recon,2,DDoS,0.004066162781608837,0.03332801436687636,0.009624595886530429
4,8,11,False,5,Recon,3,DoS,0.003634912772648246,0.043368977058719504,0.008328389430311143
4,8,11,False,5,Recon,4,Mirai,0.07617874183316536,0.13848163427212679,0.08341663457695307
4,8,11,False,5,Recon,5,Recon,0.2282221877233835,0.24918889822034493,0.18752957396487546
4,8,11,False,5,Recon,6,Spoofing,0.24434662174753288,0.18014094011864354,0.20326917878805226
4,8,11,False,5,Recon,7,Web-Based,0.0054846170297017036,0.14646640045927442,0.0076992022597328095
4,8,11,False,6,Spoofing,0,Benign,0.4479675086456789,0.17268670443300768,0.48286301836284756
4,8,11,False,6,Spoofing,1,BruteForce,0.0048002061923449494,0.04148451766738673,0.007235802502337834
4,8,11,False,6,Spoofing,2,DDoS,0.004568242525375936,0.0326429456381421,0.009895507549570342
4,8,11,False,6,Spoofing,3,DoS,0.003879553072759093,0.04639978580159599,0.009983399578093499
4,8,11,False,6,Spoofing,4,Mirai,0.08230688239339103,0.14200454438071672,0.0785594528290734
4,8,11,False,6,Spoofing,5,Recon,0.1403526702403508,0.21483592984828326,0.12942968868645746
4,8,11,False,6,Spoofing,6,Spoofing,0.31076287432360966,0.22752191317128465,0.2740407670468335
4,8,11,False,6,Spoofing,7,Web-Based,0.005362062606489673,0.12242365905958288,0.007992363444786446
4,8,11,False,7,Web-Based,0,Benign,0.48852200443956634,0.20115795081543963,0.5289669156973816
4,8,11,False,7,Web-Based,1,BruteForce,0.004698172288523865,0.04518434703028847,0.006997340482420253
4,8,11,False,7,Web-Based,2,DDoS,0.00477885433372122,0.035029791433313064,0.009770151186618404
4,8,11,False,7,Web-Based,3,DoS,0.004089184692140526,0.04372386197251289,0.009807038889836544
4,8,11,False,7,Web-Based,4,Mirai,0.12264073358967705,0.15885686270970767,0.09178229978131258
4,8,11,False,7,Web-Based,5,Recon,0.10839054226115767,0.183825496184088,0.12418983171646154
4,8,11,False,7,Web-Based,6,Spoofing,0.2615733103383454,0.2035377822066108,0.2204966630762761
4,8,11,False,7,Web-Based,7,Web-Based,0.005307198056868038,0.12868390764803952,0.007989759169692986
4,8,12,False,0,Benign,0,Benign,0.022828244858077176,0.1739964680248522,0.026462665550044947
4,8,12,False,0,Benign,1,BruteForce,0.008518603173307077,0.0425229100309313,0.012055694095309408
4,8,12,False,0,Benign,2,DDoS,0.009729212202628772,0.046156673212367695,0.014718325348589106
4,8,12,False,0,Benign,3,DoS,0.052625626060144544,0.0788100865465469,0.09649944847369452
4,8,12,False,0,Benign,4,Mirai,0.5557782036691574,0.1427168660688359,0.497085396462591
4,8,12,False,0,Benign,5,Recon,0.12443953786464641,0.20449138477270598,0.12355267580960916
4,8,12,False,0,Benign,6,Spoofing,0.1630832828248972,0.20277819688216173,0.18046671219629276
4,8,12,False,0,Benign,7,Web-Based,0.06299728934714148,0.10852741446159825,0.04915908206386924
4,8,12,False,1,BruteForce,0,Benign,0.022672242929693893,0.17265784438810802,0.025107642284793254
4,8,12,False,1,BruteForce,1,BruteForce,0.011085254918407105,0.05776907029521026,0.01200549613060556
4,8,12,False,1,BruteForce,2,DDoS,0.009040021922903927,0.03496667563528287,0.013128686943424587
4,8,12,False,1,BruteForce,3,DoS,0.015652075337455114,0.041424731757082445,0.029005819762036804
4,8,12,False,1,BruteForce,4,Mirai,0.6011130718007525,0.15346064407431068,0.5528058772746978
4,8,12,False,1,BruteForce,5,Recon,0.10409625577198965,0.1975197991164045,0.13472743978366244
4,8,12,False,1,BruteForce,6,Spoofing,0.15472394783270949,0.19591949006676512,0.17409356481768265
4,8,12,False,1,BruteForce,7,Web-Based,0.08161712948608832,0.14628174466683616,0.059125473003096875
4,8,12,False,2,DDoS,0,Benign,0.012362506340819965,0.04244576252353226,0.030003869943939145
4,8,12,False,2,DDoS,1,BruteForce,0.00902257860549981,0.03177592437521838,0.017771132103718997
4,8,12,False,2,DDoS,2,DDoS,0.49678936717331545,0.6000010953798917,0.3171184497345759
4,8,12,False,2,DDoS,3,DoS,0.08360946613717968,0.09732448852039172,0.10086297956612204
4,8,12,False,2,DDoS,4,Mirai,0.2577913857236454,0.08173230144580107,0.3132603556709456
4,8,12,False,2,DDoS,5,Recon,0.06301012182141212,0.06163442062484502,0.09257944457817051
4,8,12,False,2,DDoS,6,Spoofing,0.04398902460661638,0.04882337334890431,0.08977983377810282
4,8,12,False,2,DDoS,7,Web-Based,0.033425549591511214,0.03626263378141563,0.03862393462442499
4,8,12,False,3,DoS,0,Benign,0.005059434367841439,0.03056834339262619,0.010999057746118568
4,8,12,False,3,DoS,1,BruteForce,0.006554335637755435,0.02079650674501386,0.0175514269892811
4,8,12,False,3,DoS,2,DDoS,0.011101964659608426,0.1371567324107654,0.020152437677119866
4,8,12,False,3,DoS,3,DoS,0.8316906191461498,0.5819594459240547,0.7022069929548109
4,8,12,False,3,DoS,4,Mirai,0.07240020689108533,0.11677700085189616,0.11680458200945516
4,8,12,False,3,DoS,5,Recon,0.026328442957338643,0.03498308649599965,0.03703591624944796
4,8,12,False,3,DoS,6,Spoofing,0.032589004532047675,0.05300654166932405,0.07279207348035582
4,8,12,False,3,DoS,7,Web-Based,0.01427599180817334,0.02475234251032022,0.022457512893410584
4,8,12,False,4,Mirai,0,Benign,0.01922213619389866,0.16901411167400762,0.02594305074139693
4,8,12,False,4,Mirai,1,BruteForce,0.007157832396893497,0.046703245646959636,0.010684721840303734
4,8,12,False,4,Mirai,2,DDoS,0.009606712854423919,0.048511745639963307,0.015048815664166753
4,8,12,False,4,Mirai,3,DoS,0.022012554860953493,0.07906783089972236,0.0529732702800002
4,8,12,False,4,Mirai,4,Mirai,0.710197718158351,0.2235047915986168,0.6064310047794048
4,8,12,False,4,Mirai,5,Recon,0.07479055198835875,0.14005898338496425,0.095220632058516
4,8,12,False,4,Mirai,6,Spoofing,0.10969956365974132,0.19539873225486631,0.14817769204580464
4,8,12,False,4,Mirai,7,Web-Based,0.04731292988737944,0.09774055890089962,0.045520812590406794
4,8,12,False,5,Recon,0,Benign,0.021582463111688457,0.15726162948694503,0.023632525474858623
4,8,12,False,5,Recon,1,BruteForce,0.011071965106058441,0.051763506017069354,0.012284384474508312
4,8,12,False,5,Recon,2,DDoS,0.009091697582448863,0.03332801436687636,0.01318532466708884
4,8,12,False,5,Recon,3,DoS,0.019015062429581186,0.043368977058719504,0.0314168214343716
4,8,12,False,5,Recon,4,Mirai,0.5537947933198685,0.13848163427212679,0.5370038599406017
4,8,12,False,5,Recon,5,Recon,0.1501810033400477,0.24918889822034493,0.16281062096259766
4,8,12,False,5,Recon,6,Spoofing,0.14675971282935144,0.18014094011864354,0.1625838537369057
4,8,12,False,5,Recon,7,Web-Based,0.08850330228095543,0.14646640045927442,0.05708260930906753
4,8,12,False,6,Spoofing,0,Benign,0.023311928270170108,0.17268670443300768,0.026469107199742777
4,8,12,False,6,Spoofing,1,BruteForce,0.009319396644248816,0.04148451766738673,0.011622460802595755
4,8,12,False,6,Spoofing,2,DDoS,0.008589011119893079,0.0326429456381421,0.013628173719736776
4,8,12,False,6,Spoofing,3,DoS,0.0278286671709456,0.04639978580159599,0.05960305714089781
4,8,12,False,6,Spoofing,4,Mirai,0.5268471668227493,0.14200454438071672,0.49415070750533713
4,8,12,False,6,Spoofing,5,Recon,0.13062249029866424,0.21483592984828326,0.1245803767133329
4,8,12,False,6,Spoofing,6,Spoofing,0.19839069759845132,0.22752191317128465,0.2142325937076371
4,8,12,False,6,Spoofing,7,Web-Based,0.07509064207487746,0.12242365905958288,0.05571352321071982
4,8,12,False,7,Web-Based,0,Benign,0.021869031713669163,0.20115795081543963,0.02641490311951378
4,8,12,False,7,Web-Based,1,BruteForce,0.008557256913317934,0.04518434703028847,0.011202996129719044
4,8,12,False,7,Web-Based,2,DDoS,0.008861842305494513,0.035029791433313064,0.013888644164304482
4,8,12,False,7,Web-Based,3,DoS,0.021514301776777163,0.04372386197251289,0.03456977866360679
4,8,12,False,7,Web-Based,4,Mirai,0.6105612248569589,0.15885686270970767,0.5575893799557168
4,8,12,False,7,Web-Based,5,Recon,0.11631420717959774,0.183825496184088,0.13010916216150645
4,8,12,False,7,Web-Based,6,Spoofing,0.1419624788101822,0.2035377822066108,0.1695661573199577
4,8,12,False,7,Web-Based,7,Web-Based,0.07035965644400244,0.12868390764803952,0.056658978485675054
4,8,13,False,0,Benign,0,Benign,0.06369441955922697,0.1739964680248522,0.06055386004083888
4,8,13,False,0,Benign,1,BruteForce,0.09678959255735867,0.0425229100309313,0.09363316921225759
4,8,13,False,0,Benign,2,DDoS,0.05640628453542338,0.046156673212367695,0.06796401271045555
4,8,13,False,0,Benign,3,DoS,0.008838110404041942,0.0788100865465469,0.01536906606727667
4,8,13,False,0,Benign,4,Mirai,0.05524549281239256,0.1427168660688359,0.05432285348042039
4,8,13,False,0,Benign,5,Recon,0.38122244656415766,0.20449138477270598,0.39795739412411263
4,8,13,False,0,Benign,6,Spoofing,0.1270902336282704,0.20277819688216173,0.1273448450201094
4,8,13,False,0,Benign,7,Web-Based,0.21071341993912845,0.10852741446159825,0.18285479934452892
4,8,13,False,1,BruteForce,0,Benign,0.06998046028000576,0.17265784438810802,0.06219007911701284
4,8,13,False,1,BruteForce,1,BruteForce,0.1446292937196843,0.05776907029521026,0.11360017528602807
4,8,13,False,1,BruteForce,2,DDoS,0.028263352944382595,0.03496667563528287,0.024879683051240126
4,8,13,False,1,BruteForce,3,DoS,0.010095479038024005,0.041424731757082445,0.01628907518567972
4,8,13,False,1,BruteForce,4,Mirai,0.0647514177833533,0.15346064407431068,0.05909321433342645
4,8,13,False,1,BruteForce,5,Recon,0.3093846065008755,0.1975197991164045,0.39380068182300615
4,8,13,False,1,BruteForce,6,Spoofing,0.10778108606359141,0.19591949006676512,0.1127826349398934
4,8,13,False,1,BruteForce,7,Web-Based,0.26511430367008326,0.14628174466683616,0.21736445626371323
4,8,13,False,2,DDoS,0,Benign,0.021943456492364562,0.04244576252353226,0.029645218230663097
4,8,13,False,2,DDoS,1,BruteForce,0.038348231874673636,0.03177592437521838,0.044390003608591314
4,8,13,False,2,DDoS,2,DDoS,0.6803108046424876,0.6000010953798917,0.6352909363725004
4,8,13,False,2,DDoS,3,DoS,0.004889046964363113,0.09732448852039172,0.010503117844130891
4,8,13,False,2,DDoS,4,Mirai,0.030224982525762747,0.08173230144580107,0.02860493938647318
4,8,13,False,2,DDoS,5,Recon,0.12576620103631334,0.06163442062484502,0.13708271084685927
4,8,13,False,2,DDoS,6,Spoofing,0.03410715957936428,0.04882337334890431,0.05030055513476766
4,8,13,False,2,DDoS,7,Web-Based,0.06441011688467077,0.03626263378141563,0.06418251857601417
4,8,13,False,3,DoS,0,Benign,0.0158865105596286,0.03056834339262619,0.03233971978002759
4,8,13,False,3,DoS,1,BruteForce,0.055547541473253775,0.02079650674501386,0.05300713177743538
4,8,13,False,3,DoS,2,DDoS,0.29791627139464083,0.1371567324107654,0.2691257299968779
4,8,13,False,3,DoS,3,DoS,0.3307018130443339,0.5819594459240547,0.05076355300514008
4,8,13,False,3,DoS,4,Mirai,0.059627126780481536,0.11677700085189616,0.061014517512999064
4,8,13,False,3,DoS,5,Recon,0.07748377378082576,0.03498308649599965,0.29218726986237215
4,8,13,False,3,DoS,6,Spoofing,0.09764830397515611,0.05300654166932405,0.11358387417877497
4,8,13,False,3,DoS,7,Web-Based,0.06518865899167962,0.02475234251032022,0.12797820388637293
4,8,13,False,4,Mirai,0,Benign,0.06813300554417699,0.16901411167400762,0.06505704215425251
4,8,13,False,4,Mirai,1,BruteForce,0.13837414406166618,0.046703245646959636,0.10857552825100836
4,8,13,False,4,Mirai,2,DDoS,0.07203980202879866,0.048511745639963307,0.054829259904598894
4,8,13,False,4,Mirai,3,DoS,0.010032530128586618,0.07906783089972236,0.01631967809243778
4,8,13,False,4,Mirai,4,Mirai,0.10995387093891501,0.2235047915986168,0.06634550226409335
4,8,13,False,4,Mirai,5,Recon,0.262801486008001,0.14005898338496425,0.36094686593090997
4,8,13,False,4,Mirai,6,Spoofing,0.11784775535392482,0.19539873225486631,0.12982506029211566
4,8,13,False,4,Mirai,7,Web-Based,0.22081740593593083,0.09774055890089962,0.19810106311058343
4,8,13,False,5,Recon,0,Benign,0.06309581827937281,0.15726162948694503,0.058890944199925195
4,8,13,False,5,Recon,1,BruteForce,0.12352154291817678,0.051763506017069354,0.10996258594731881
4,8,13,False,5,Recon,2,DDoS,0.02483231059229377,0.03332801436687636,0.024575459907588162
4,8,13,False,5,Recon,3,DoS,0.009429143415495651,0.043368977058719504,0.016073495926865418
4,8,13,False,5,Recon,4,Mirai,0.05708472487473181,0.13848163427212679,0.05682780049595466
4,8,13,False,5,Recon,5,Recon,0.37852980624749744,0.24918889822034493,0.4166202590929207
4,8,13,False,5,Recon,6,Spoofing,0.09652305586821854,0.18014094011864354,0.10761596507282863
4,8,13,False,5,Recon,7,Web-Based,0.24698359780421328,0.14646640045927442,0.20943348935659842
4,8,13,False,6,Spoofing,0,Benign,0.06167310284465268,0.17268670443300768,0.05824697724820248
4,8,13,False,6,Spoofing,1,BruteForce,0.10120516632544041,0.04148451766738673,0.09347761890614228
4,8,13,False,6,Spoofing,2,DDoS,0.022687102053573886,0.0326429456381421,0.023553621414356338
4,8,13,False,6,Spoofing,3,DoS,0.009079179187604758,0.04639978580159599,0.015169114494199247
4,8,13,False,6,Spoofing,4,Mirai,0.05648922314170068,0.14200454438071672,0.05348185281645945
4,8,13,False,6,Spoofing,5,Recon,0.391793998969212,0.21483592984828326,0.4310847366068133
4,8,13,False,6,Spoofing,6,Spoofing,0.12860242243214068,0.22752191317128465,0.12784485484416347
4,8,13,False,6,Spoofing,7,Web-Based,0.2284698050456749,0.12242365905958288,0.19714122366966352
4,8,13,False,7,Web-Based,0,Benign,0.06877767544040803,0.20115795081543963,0.06390660193207431
4,8,13,False,7,Web-Based,1,BruteForce,0.11564232174125649,0.04518434703028847,0.10607394555793523
4,8,13,False,7,Web-Based,2,DDoS,0.02819488136237872,0.035029791433313064,0.030251013981192044
4,8,13,False,7,Web-Based,3,DoS,0.009277622634199718,0.04372386197251289,0.015764724610940636
4,8,13,False,7,Web-Based,4,Mirai,0.07092521214284832,0.15885686270970767,0.05832549336769389
4,8,13,False,7,Web-Based,5,Recon,0.3448516316523824,0.183825496184088,0.40326458703784607
4,8,13,False,7,Web-Based,6,Spoofing,0.117361130682116,0.2035377822066108,0.11685334765521006
4,8,13,False,7,Web-Based,7,Web-Based,0.2449695243444103,0.12868390764803952,0.20556028585710787
4,8,14,True,0,Benign,0,Benign,0.08582318576822513,0.1739964680248522,0.1480594796370353
4,8,14,True,0,Benign,1,BruteForce,0.40042523215923564,0.0425229100309313,0.09103057403818236
4,8,14,True,0,Benign,2,DDoS,0.0754217504428704,0.046156673212367695,0.13501037934870694
4,8,14,True,0,Benign,3,DoS,0.07747183921042396,0.0788100865465469,0.08956857574426136
4,8,14,True,0,Benign,4,Mirai,0.07738161507504271,0.1427168660688359,0.15442565169066882
4,8,14,True,0,Benign,5,Recon,0.10560698872787329,0.20449138477270598,0.16030056009055077
4,8,14,True,0,Benign,6,Spoofing,0.06887898264686697,0.20277819688216173,0.031531698583245976
4,8,14,True,0,Benign,7,Web-Based,0.10899040596946202,0.10852741446159825,0.19007308086734842
4,8,14,True,1,BruteForce,0,Benign,0.08704257893722854,0.17265784438810802,0.15016749450818784
4,8,14,True,1,BruteForce,1,BruteForce,0.4519929893237497,0.05776907029521026,0.11283321346819068
4,8,14,True,1,BruteForce,2,DDoS,0.05656600277806237,0.03496667563528287,0.09277722713760264
4,8,14,True,1,BruteForce,3,DoS,0.05247828627217852,0.041424731757082445,0.04227046551479721
4,8,14,True,1,BruteForce,4,Mirai,0.06627114349120304,0.15346064407431068,0.1726806064477769
4,8,14,True,1,BruteForce,5,Recon,0.10460184305273869,0.1975197991164045,0.15484809839740113
4,8,14,True,1,BruteForce,6,Spoofing,0.06498734631342212,0.19591949006676512,0.03177492365119014
4,8,14,True,1,BruteForce,7,Web-Based,0.11605980983141712,0.14628174466683616,0.24264797087485346
4,8,14,True,2,DDoS,0,Benign,0.03182403985834847,0.04244576252353226,0.05504383470168419
4,8,14,True,2,DDoS,1,BruteForce,0.1426913837471873,0.03177592437521838,0.04343006115053119
4,8,14,True,2,DDoS,2,DDoS,0.181045514911047,0.6000010953798917,0.6399708418223041
4,8,14,True,2,DDoS,3,DoS,0.47091426153118926,0.09732448852039172,0.049627131916077385
4,8,14,True,2,DDoS,4,Mirai,0.054717107152421014,0.08173230144580107,0.06286634217661555
4,8,14,True,2,DDoS,5,Recon,0.04363017545441448,0.06163442062484502,0.059088950315579924
4,8,14,True,2,DDoS,6,Spoofing,0.02966029244870665,0.04882337334890431,0.016241914274441712
4,8,14,True,2,DDoS,7,Web-Based,0.045517224896685915,0.03626263378141563,0.07373092364276607
4,8,14,True,3,DoS,0,Benign,0.024796942528943437,0.03056834339262619,0.036745108652393624
4,8,14,True,3,DoS,1,BruteForce,0.09877020688247862,0.02079650674501386,0.04923689543867314
4,8,14,True,3,DoS,2,DDoS,0.14614682347152844,0.1371567324107654,0.2189361691991132
4,8,14,True,3,DoS,3,DoS,0.30302376749172955,0.5819594459240547,0.4824966946835219
4,8,14,True,3,DoS,4,Mirai,0.3040746799360081,0.11677700085189616,0.06901901062078761
4,8,14,True,3,DoS,5,Recon,0.03990005042940187,0.03498308649599965,0.05468298899091042
4,8,14,True,3,DoS,6,Spoofing,0.03415038131448734,0.05300654166932405,0.018572282182331694
4,8,14,True,3,DoS,7,Web-Based,0.049137147945422725,0.02475234251032022,0.07031085023226843
4,8,14,True,4,Mirai,0,Benign,0.076473552392049,0.16901411167400762,0.14558260732719783
4,8,14,True,4,Mirai,1,BruteForce,0.3985372207659025,0.046703245646959636,0.10089984082769843
4,8,14,True,4,Mirai,2,DDoS,0.07469049389735455,0.048511745639963307,0.132365923533683
4,8,14,True,4,Mirai,3,DoS,0.07691155499990254,0.07906783089972236,0.07981239993660168
4,8,14,True,4,Mirai,4,Mirai,0.11587955506447335,0.2235047915986168,0.1897777612426273
4,8,14,True,4,Mirai,5,Recon,0.09355579244689277,0.14005898338496425,0.12823493531298275
4,8,14,True,4,Mirai,6,Spoofing,0.05932184121186243,0.19539873225486631,0.03008714133987326
4,8,14,True,4,Mirai,7,Web-Based,0.10462998922156286,0.09774055890089962,0.1932393904793358
4,8,14,True,5,Recon,0,Benign,0.08452213223870009,0.15726162948694503,0.14467575747633607
4,8,14,True,5,Recon,1,BruteForce,0.44253630372311853,0.051763506017069354,0.1141463146584827
4,8,14,True,5,Recon,2,DDoS,0.05484877224147917,0.03332801436687636,0.09065836586990135
4,8,14,True,5,Recon,3,DoS,0.05226510131272136,0.043368977058719504,0.0434782976751668
4,8,14,True,5,Recon,4,Mirai,0.06157788728943639,0.13848163427212679,0.16795692760821904
4,8,14,True,5,Recon,5,Recon,0.1213758591189827,0.24918889822034493,0.16936905507596675
4,8,14,True,5,Recon,6,Spoofing,0.06592428227035566,0.18014094011864354,0.03200187725743563
4,8,14,True,5,Recon,7,Web-Based,0.116949661805206,0.14646640045927442,0.2377134043784918
4,8,14,True,6,Spoofing,0,Benign,0.08871866376308007,0.17268670443300768,0.15515672168342898
4,8,14,True,6,Spoofing,1,BruteForce,0.4167056213433049,0.04148451766738673,0.09402456146783492
4,8,14,True,6,Spoofing,2,DDoS,0.05561183089604601,0.0326429456381421,0.08721759719181094
4,8,14,True,6,Spoofing,3,DoS,0.05294505419825867,0.04639978580159599,0.07751984771762219
4,8,14,True,6,Spoofing,4,Mirai,0.076861725141473,0.14200454438071672,0.15508192804945162
4,8,14,True,6,Spoofing,5,Recon,0.11424679368752826,0.21483592984828326,0.17753370357063722
4,8,14,True,6,Spoofing,6,Spoofing,0.07726836297988783,0.22752191317128465,0.03393015712444098
4,8,14,True,6,Spoofing,7,Web-Based,0.1176419479904212,0.12242365905958288,0.21953548319477323
4,8,14,True,7,Web-Based,0,Benign,0.08666276557945274,0.20115795081543963,0.16189355912712247
4,8,14,True,7,Web-Based,1,BruteForce,0.42926679297300946,0.04518434703028847,0.10210076203622208
4,8,14,True,7,Web-Based,2,DDoS,0.05708720368385184,0.035029791433313064,0.10510760822241653
4,8,14,True,7,Web-Based,3,DoS,0.060579943530425784,0.04372386197251289,0.046255614517100856
4,8,14,True,7,Web-Based,4,Mirai,0.0753647165971657,0.15885686270970767,0.17585135880458092
4,8,14,True,7,Web-Based,5,Recon,0.10882737898232436,0.183825496184088,0.15516483640281217
4,8,14,True,7,Web-Based,6,Spoofing,0.06694399672954689,0.2035377822066108,0.032388845509535816
4,8,14,True,7,Web-Based,7,Web-Based,0.1152672019242233,0.12868390764803952,0.22123741538020916
4,8,15,True,0,Benign,0,Benign,0.09215370887139586,0.1739964680248522,0.049839407048369984
4,8,15,True,0,Benign,1,BruteForce,0.10479616323292451,0.0425229100309313,0.031952746373506424
4,8,15,True,0,Benign,2,DDoS,0.10566571140498317,0.046156673212367695,0.5022519274526185
4,8,15,True,0,Benign,3,DoS,0.22891329645724778,0.0788100865465469,0.2867873313995385
4,8,15,True,0,Benign,4,Mirai,0.33601076403388613,0.1427168660688359,0.03710599221636177
4,8,15,True,0,Benign,5,Recon,0.03604530310532039,0.20449138477270598,0.023070707372011598
4,8,15,True,0,Benign,6,Spoofing,0.039096690042997276,0.20277819688216173,0.03884810561062139
4,8,15,True,0,Benign,7,Web-Based,0.0573183628512449,0.10852741446159825,0.03014378252697195
4,8,15,True,1,BruteForce,0,Benign,0.08949840114907964,0.17265784438810802,0.05207551206555742
4,8,15,True,1,BruteForce,1,BruteForce,0.14452813114641475,0.05776907029521026,0.033464480183938446
4,8,15,True,1,BruteForce,2,DDoS,0.1206137771564449,0.03496667563528287,0.5329504797880963
4,8,15,True,1,BruteForce,3,DoS,0.1895411163958903,0.041424731757082445,0.2504226473607079
4,8,15,True,1,BruteForce,4,Mirai,0.3118835188056396,0.15346064407431068,0.03849186840165198
4,8,15,True,1,BruteForce,5,Recon,0.03275604265216365,0.1975197991164045,0.02265328635101351
4,8,15,True,1,BruteForce,6,Spoofing,0.03823582903057471,0.19591949006676512,0.03799244616487405
4,8,15,True,1,BruteForce,7,Web-Based,0.07294318366379261,0.14628174466683616,0.0319492796841605
4,8,15,True,2,DDoS,0,Benign,0.029921790795496145,0.04244576252353226,0.037558931196428384
4,8,15,True,2,DDoS,1,BruteForce,0.03913155752344195,0.03177592437521838,0.02688383215724133
4,8,15,True,2,DDoS,2,DDoS,0.42523450092363696,0.6000010953798917,0.7419043758520436
4,8,15,True,2,DDoS,3,DoS,0.2766121418059428,0.09732448852039172,0.10634900120256495
4,8,15,True,2,DDoS,4,Mirai,0.1712926217800548,0.08173230144580107,0.027500291863635604
4,8,15,True,2,DDoS,5,Recon,0.01848868527958048,0.06163442062484502,0.016731122419306972
4,8,15,True,2,DDoS,6,Spoofing,0.016021884133129972,0.04882337334890431,0.021729241659544984
4,8,15,True,2,DDoS,7,Web-Based,0.023296817758717,0.03626263378141563,0.0213432036492342
4,8,15,True,3,DoS,0,Benign,0.016065505929967454,0.03056834339262619,0.02093062169185039
4,8,15,True,3,DoS,1,BruteForce,0.018085383101083603,0.02079650674501386,0.03937447271880717
4,8,15,True,3,DoS,2,DDoS,0.09087500641789893,0.1371567324107654,0.230983461552189
4,8,15,True,3,DoS,3,DoS,0.4674592312756188,0.5819594459240547,0.6203742998024961
4,8,15,True,3,DoS,4,Mirai,0.3593929008016354,0.11677700085189616,0.02558702906097365
4,8,15,True,3,DoS,5,Recon,0.013652240474908118,0.03498308649599965,0.016732501945439
4,8,15,True,3,DoS,6,Spoofing,0.016825687582515406,0.05300654166932405,0.022870721632670718
4,8,15,True,3,DoS,7,Web-Based,0.017644044416372382,0.02475234251032022,0.02314689159557398
4,8,15,True,4,Mirai,0,Benign,0.07852446349821747,0.16901411167400762,0.04918618415140519
4,8,15,True,4,Mirai,1,BruteForce,0.10725640916917885,0.046703245646959636,0.03309853823094742
4,8,15,True,4,Mirai,2,DDoS,0.11415036610707742,0.048511745639963307,0.5135747760258506
4,8,15,True,4,Mirai,3,DoS,0.1611294940326943,0.07906783089972236,0.2778038421421814
4,8,15,True,4,Mirai,4,Mirai,0.42641775792108816,0.2235047915986168,0.039747188923165984
4,8,15,True,4,Mirai,5,Recon,0.024335350629712035,0.14005898338496425,0.018826301336706326
4,8,15,True,4,Mirai,6,Spoofing,0.034604902660322005,0.19539873225486631,0.03737634189122307
4,8,15,True,4,Mirai,7,Web-Based,0.05358125598170973,0.09774055890089962,0.030386827298520075
4,8,15,True,5,Recon,0,Benign,0.0786610832536947,0.15726162948694503,0.05231090400242893
4,8,15,True,5,Recon,1,BruteForce,0.14350088756399768,0.051763506017069354,0.03487046593706778
4,8,15,True,5,Recon,2,DDoS,0.12097506431680809,0.03332801436687636,0.5151354536604092
4,8,15,True,5,Recon,3,DoS,0.20601889184916375,0.043368977058719504,0.26560072345031455
4,8,15,True,5,Recon,4,Mirai,0.30850389096604625,0.13848163427212679,0.0376412932965182
4,8,15,True,5,Recon,5,Recon,0.03791840418604022,0.24918889822034493,0.022822761923066533
4,8,15,True,5,Recon,6,Spoofing,0.03331140373969179,0.18014094011864354,0.039236306790337246
4,8,15,True,5,Recon,7,Web-Based,0.07111037412455758,0.14646640045927442,0.03238209093985765
4,8,15,True,6,Spoofing,0,Benign,0.08953044153103486,0.17268670443300768,0.04989348536388863
4,8,15,True,6,Spoofing,1,BruteForce,0.11440287488551143,0.04148451766738673,0.03188649971154166
4,8,15,True,6,Spoofing,2,DDoS,0.10187579931668166,0.0326429456381421,0.48386588385254226
4,8,15,True,6,Spoofing,3,DoS,0.1921881720294979,0.04639978580159599,0.30516149358828903
4,8,15,True,6,Spoofing,4,Mirai,0.35692443683087777,0.14200454438071672,0.03665031104580393
4,8,15,True,6,Spoofing,5,Recon,0.036559969024478604,0.21483592984828326,0.021957736856461973
4,8,15,True,6,Spoofing,6,Spoofing,0.0440708657996714,0.22752191317128465,0.0405992718729204
4,8,15,True,6,Spoofing,7,Web-Based,0.06444744058224637,0.12242365905958288,0.029985317708552225
4,8,15,True,7,Web-Based,0,Benign,0.10501939183429426,0.20115795081543963,0.055652764274874436
4,8,15,True,7,Web-Based,1,BruteForce,0.1247746280012386,0.04518434703028847,0.030874757337916416
4,8,15,True,7,Web-Based,2,DDoS,0.10807279583817997,0.035029791433313064,0.5642708408093295
4,8,15,True,7,Web-Based,3,DoS,0.18258343472406358,0.04372386197251289,0.21004699373683333
4,8,15,True,7,Web-Based,4,Mirai,0.33225063562733215,0.15885686270970767,0.039571216454673305
4,8,15,True,7,Web-Based,5,Recon,0.03930445779093244,0.183825496184088,0.02516263858178125
4,8,15,True,7,Web-Based,6,Spoofing,0.041237698358898546,0.2035377822066108,0.0418851396147757
4,8,15,True,7,Web-Based,7,Web-Based,0.0667569578250606,0.12868390764803952,0.032535649189816065
4,8,16,False,0,Benign,0,Benign,0.5534238702869202,0.1739964680248522,0.5289869720531107
4,8,16,False,0,Benign,1,BruteForce,0.021123526863768893,0.0425229100309313,0.022867332490681114
4,8,16,False,0,Benign,2,DDoS,0.14208787621546626,0.046156673212367695,0.16887718426678153
4,8,16,False,0,Benign,3,DoS,0.02653897174875222,0.0788100865465469,0.051841357131975206
4,8,16,False,0,Benign,4,Mirai,0.01732330996482445,0.1427168660688359,0.01948582065520686
4,8,16,False,0,Benign,5,Recon,0.024693468307971266,0.20449138477270598,0.023208244931691616
4,8,16,False,0,Benign,6,Spoofing,0.12534313729431656,0.20277819688216173,0.1089540888176844
4,8,16,False,0,Benign,7,Web-Based,0.08946583931798009,0.10852741446159825,0.07577899965286862
4,8,16,False,1,BruteForce,0,Benign,0.5445168871373883,0.17265784438810802,0.5744545563340866
4,8,16,False,1,BruteForce,1,BruteForce,0.02956566963678926,0.05776907029521026,0.023981889028737272
4,8,16,False,1,BruteForce,2,DDoS,0.12087065659967107,0.03496667563528287,0.12414438639312116
4,8,16,False,1,BruteForce,3,DoS,0.019215157268205628,0.041424731757082445,0.031614801917984124
4,8,16,False,1,BruteForce,4,Mirai,0.018935637798780564,0.15346064407431068,0.0186004018028425
4,8,16,False,1,BruteForce,5,Recon,0.021565053721381396,0.1975197991164045,0.023643384612350504
4,8,16,False,1,BruteForce,6,Spoofing,0.13098280094918507,0.19591949006676512,0.11807850717401792
4,8,16,False,1,BruteForce,7,Web-Based,0.11434813688859863,0.14628174466683616,0.08548207273686008
4,8,16,False,2,DDoS,0,Benign,0.1622315583334086,0.04244576252353226,0.1741260159576502
4,8,16,False,2,DDoS,1,BruteForce,0.012317305706789296,0.03177592437521838,0.020852015820541595
4,8,16,False,2,DDoS,2,DDoS,0.7139955254801309,0.6000010953798917,0.6737905432890671
4,8,16,False,2,DDoS,3,DoS,0.017051531218215697,0.09732448852039172,0.028548930532557998
4,8,16,False,2,DDoS,4,Mirai,0.008917231316386148,0.08173230144580107,0.014523519766539204
4,8,16,False,2,DDoS,5,Recon,0.010353159551688817,0.06163442062484502,0.012179546227798073
4,8,16,False,2,DDoS,6,Spoofing,0.03841338453412353,0.04882337334890431,0.04110077740829184
4,8,16,False,2,DDoS,7,Web-Based,0.03672030385925707,0.03626263378141563,0.03487865099755404
4,8,16,False,3,DoS,0,Benign,0.07587829703792798,0.03056834339262619,0.14296338459993616
4,8,16,False,3,DoS,1,BruteForce,0.012298161144027946,0.02079650674501386,0.028642659897336577
4,8,16,False,3,DoS,2,DDoS,0.2691665918570967,0.1371567324107654,0.3066166315495205
4,8,16,False,3,DoS,3,DoS,0.5638624116565161,0.5819594459240547,0.39191929596958774
4,8,16,False,3,DoS,4,Mirai,0.0077597683701882076,0.11677700085189616,0.017658223094010092
4,8,16,False,3,DoS,5,Recon,0.00863603037346758,0.03498308649599965,0.013790035974995387
4,8,16,False,3,DoS,6,Spoofing,0.037658128952301737,0.05300654166932405,0.05532115693381596
4,8,16,False,3,DoS,7,Web-Based,0.024740610608473764,0.02475234251032022,0.0430886119807976
4,8,16,False,4,Mirai,0,Benign,0.5022678756632233,0.16901411167400762,0.5206070171457508
4,8,16,False,4,Mirai,1,BruteForce,0.024282491425350067,0.046703245646959636,0.023978315131557546
4,8,16,False,4,Mirai,2,DDoS,0.18946300892042045,0.048511745639963307,0.1769630014019333
4,8,16,False,4,Mirai,3,DoS,0.040376347181220504,0.07906783089972236,0.05453570918791254
4,8,16,False,4,Mirai,4,Mirai,0.018347590337521553,0.2235047915986168,0.01941199305439611
4,8,16,False,4,Mirai,5,Recon,0.019641581500707796,0.14005898338496425,0.02135227064962333
4,8,16,False,4,Mirai,6,Spoofing,0.11779427026785415,0.19539873225486631,0.1063665389238147
4,8,16,False,4,Mirai,7,Web-Based,0.08782683470370223,0.09774055890089962,0.07678515450501171
4,8,16,False,5,Recon,0,Benign,0.5460048070992549,0.15726162948694503,0.5716181821311552
4,8,16,False,5,Recon,1,BruteForce,0.028778563958321082,0.051763506017069354,0.024593033053676886
4,8,16,False,5,Recon,2,DDoS,0.11484688508706876,0.03332801436687636,0.12484120043291991
4,8,16,False,5,Recon,3,DoS,0.02152073960827778,0.043368977058719504,0.03375637061389429
4,8,16,False,5,Recon,4,Mirai,0.018176655375536817,0.13848163427212679,0.01840659021605707
4,8,16,False,5,Recon,5,Recon,0.031278605139974804,0.24918889822034493,0.02445099893113418
4,8,16,False,5,Recon,6,Spoofing,0.12202670472910077,0.18014094011864354,0.1158587790935409
4,8,16,False,5,Recon,7,Web-Based,0.11736703900246506,0.14646640045927442,0.08647484552762154
4,8,16,False,6,Spoofing,0,Benign,0.5550825880750203,0.17268670443300768,0.5684098316127797
4,8,16,False,6,Spoofing,1,BruteForce,0.022841644339097036,0.04148451766738673,0.022899105575981814
4,8,16,False,6,Spoofing,2,DDoS,0.10129781154632346,0.0326429456381421,0.11984449504853653
4,8,16,False,6,Spoofing,3,DoS,0.018628778766303273,0.04639978580159599,0.04571222361566175
4,8,16,False,6,Spoofing,4,Mirai,0.018220495361032037,0.14200454438071672,0.019652787043212223
4,8,16,False,6,Spoofing,5,Recon,0.025163345338441914,0.21483592984828326,0.02456865175624679
4,8,16,False,6,Spoofing,6,Spoofing,0.1618241058853098,0.22752191317128465,0.11996086300199292
4,8,16,False,6,Spoofing,7,Web-Based,0.09694123068847219,0.12242365905958288,0.0789520423455883
4,8,16,False,7,Web-Based,0,Benign,0.5663777334366158,0.20115795081543963,0.5714476609725303
4,8,16,False,7,Web-Based,1,BruteForce,0.024062241463178757,0.04518434703028847,0.023310026981546425
4,8,16,False,7,Web-Based,2,DDoS,0.11447977362403151,0.035029791433313064,0.1346747131750776
4,8,16,False,7,Web-Based,3,DoS,0.018702030304231666,0.04372386197251289,0.03355962287673245
4,8,16,False,7,Web-Based,4,Mirai,0.01907294154669104,0.15885686270970767,0.019237949411600824
4,8,16,False,7,Web-Based,5,Recon,0.02316832591482833,0.183825496184088,0.02394913990804512
4,8,16,False,7,Web-Based,6,Spoofing,0.12982156561676894,0.2035377822066108,0.11199076947497222
4,8,16,False,7,Web-Based,7,Web-Based,0.10431538809365402,0.12868390764803952,0.08183011719949508
4,8,17,True,0,Benign,0,Benign,0.09044109146276834,0.1739964680248522,0.286889015939312
4,8,17,True,0,Benign,1,BruteForce,0.42545466644755353,0.0425229100309313,0.014141176556226539
4,8,17,True,0,Benign,2,DDoS,0.02314452531940321,0.046156673212367695,0.03934222345283236
4,8,17,True,0,Benign,3,DoS,0.044980620736876024,0.0788100865465469,0.07510850393543397
4,8,17,True,0,Benign,4,Mirai,0.1674831478923192,0.1427168660688359,0.4623639116782699
4,8,17,True,0,Benign,5,Recon,0.1880079207951466,0.20449138477270598,0.012580999550135604
4,8,17,True,0,Benign,6,Spoofing,0.015470682108571757,0.20277819688216173,0.01989494697695438
4,8,17,True,0,Benign,7,Web-Based,0.045017345237361304,0.10852741446159825,0.08967922191083538
4,8,17,True,1,BruteForce,0,Benign,0.08754843042439488,0.17265784438810802,0.26788477225842416
4,8,17,True,1,BruteForce,1,BruteForce,0.4296747293330511,0.05776907029521026,0.01355950147760995
4,8,17,True,1,BruteForce,2,DDoS,0.019928892987059698,0.03496667563528287,0.023824451384301438
4,8,17,True,1,BruteForce,3,DoS,0.024553937276754572,0.041424731757082445,0.021147476688527626
4,8,17,True,1,BruteForce,4,Mirai,0.17137710867569453,0.15346064407431068,0.5076466959494363
4,8,17,True,1,BruteForce,5,Recon,0.20277677972871946,0.1975197991164045,0.01194216929091869
4,8,17,True,1,BruteForce,6,Spoofing,0.015728890705869077,0.19591949006676512,0.021224212398854504
4,8,17,True,1,BruteForce,7,Web-Based,0.04841123086845662,0.14628174466683616,0.1327707205519274
4,8,17,True,2,DDoS,0,Benign,0.03544998416067044,0.04244576252353226,0.09965223464425019
4,8,17,True,2,DDoS,1,BruteForce,0.1562317011184033,0.03177592437521838,0.016912555800301876
4,8,17,True,2,DDoS,2,DDoS,0.15776650779419013,0.6000010953798917,0.5916063038604549
4,8,17,True,2,DDoS,3,DoS,0.420759441783825,0.09732448852039172,0.059647025808189195
4,8,17,True,2,DDoS,4,Mirai,0.11206296290424933,0.08173230144580107,0.16515504529755384
4,8,17,True,2,DDoS,5,Recon,0.08307916637055156,0.06163442062484502,0.010300366663951063
4,8,17,True,2,DDoS,6,Spoofing,0.010601654923002003,0.04882337334890431,0.011752445730340406
4,8,17,True,2,DDoS,7,Web-Based,0.024048580945108214,0.03626263378141563,0.04497402219495862
4,8,17,True,3,DoS,0,Benign,0.026197785218620585,0.03056834339262619,0.05992432340690582
4,8,17,True,3,DoS,1,BruteForce,0.10736244380018355,0.02079650674501386,0.02264921063857181
4,8,17,True,3,DoS,2,DDoS,0.04644137719503575,0.1371567324107654,0.09107857185936827
4,8,17,True,3,DoS,3,DoS,0.3200738368689772,0.5819594459240547,0.6004928338303238
4,8,17,True,3,DoS,4,Mirai,0.369266828141323,0.11677700085189616,0.16149540713187366
4,8,17,True,3,DoS,5,Recon,0.09150745789633148,0.03498308649599965,0.011963184394358726
4,8,17,True,3,DoS,6,Spoofing,0.012180639868021294,0.05300654166932405,0.014793874814484666
4,8,17,True,3,DoS,7,Web-Based,0.026969631011507164,0.02475234251032022,0.037602593924113276
4,8,17,True,4,Mirai,0,Benign,0.08040897472948853,0.16901411167400762,0.24452659773493632
4,8,17,True,4,Mirai,1,BruteForce,0.37451284841403565,0.046703245646959636,0.012452768444411106
4,8,17,True,4,Mirai,2,DDoS,0.022439667191885795,0.048511745639963307,0.02989616356771772
4,8,17,True,4,Mirai,3,DoS,0.03950661728745039,0.07906783089972236,0.03160659118771453
4,8,17,True,4,Mirai,4,Mirai,0.20787646042394606,0.2235047915986168,0.5618601648015825
4,8,17,True,4,Mirai,5,Recon,0.21477120089503973,0.14005898338496425,0.011154268779432132
4,8,17,True,4,Mirai,6,Spoofing,0.015510843147399573,0.19539873225486631,0.01860752929236095
4,8,17,True,4,Mirai,7,Web-Based,0.04497338791075418,0.09774055890089962,0.0898959161918447
4,8,17,True,5,Recon,0,Benign,0.0842910267724365,0.15726162948694503,0.25952094279778837
4,8,17,True,5,Recon,1,BruteForce,0.4189882148733568,0.051763506017069354,0.013930722871897163
4,8,17,True,5,Recon,2,DDoS,0.02001170594445069,0.03332801436687636,0.02460110721417558
4,8,17,True,5,Recon,3,DoS,0.02574117062220776,0.043368977058719504,0.026782891227141448
4,8,17,True,5,Recon,4,Mirai,0.17422814872252967,0.13848163427212679,0.5082181784870103
4,8,17,True,5,Recon,5,Recon,0.2134122358017883,0.24918889822034493,0.011940778991640274
4,8,17,True,5,Recon,6,Spoofing,0.015444636621034723,0.18014094011864354,0.02098337634349378
4,8,17,True,5,Recon,7,Web-Based,0.04788286064219566,0.14646640045927442,0.1340220020668531
4,8,17,True,6,Spoofing,0,Benign,0.09310334255663497,0.17268670443300768,0.302606185767156
4,8,17,True,6,Spoofing,1,BruteForce,0.452060164262238,0.04148451766738673,0.013507241985149722
4,8,17,True,6,Spoofing,2,DDoS,0.020353584539664717,0.0326429456381421,0.025089976437142267
4,8,17,True,6,Spoofing,3,DoS,0.028329279554624668,0.04639978580159599,0.04117615354337931
4,8,17,True,6,Spoofing,4,Mirai,0.1587768610056749,0.14200454438071672,0.48033069048874455
4,8,17,True,6,Spoofing,5,Recon,0.18513924466144163,0.21483592984828326,0.013000229641819839
4,8,17,True,6,Spoofing,6,Spoofing,0.015622678264468733,0.22752191317128465,0.021249318788605573
4,8,17,True,6,Spoofing,7,Web-Based,0.04661484515525239,0.12242365905958288,0.10304020334800273
4,8,17,True,7,Web-Based,0,Benign,0.08836318524418342,0.20115795081543963,0.28968093350244056
4,8,17,True,7,Web-Based,1,BruteForce,0.4171814707710784,0.04518434703028847,0.013761211173983294
4,8,17,True,7,Web-Based,2,DDoS,0.0207715425890493,0.035029791433313064,0.027595103491214332
4,8,17,True,7,Web-Based,3,DoS,0.029755084722268732,0.04372386197251289,0.021580846561655005
4,8,17,True,7,Web-Based,4,Mirai,0.17591000724024755,0.15885686270970767,0.5045295700101171
4,8,17,True,7,Web-Based,5,Recon,0.2058792028305857,0.183825496184088,0.012630118921325022
4,8,17,True,7,Web-Based,6,Spoofing,0.01555109258096467,0.2035377822066108,0.020622524472812886
4,8,17,True,7,Web-Based,7,Web-Based,0.04658841402162218,0.12868390764803952,0.10959969186645173
4,8,18,True,0,Benign,0,Benign,0.05257396316553197,0.1739964680248522,0.06003669693124527
4,8,18,True,0,Benign,1,BruteForce,0.1474667161814734,0.0425229100309313,0.015925282420627428
4,8,18,True,0,Benign,2,DDoS,0.0901701263706531,0.046156673212367695,0.1752512081883567
4,8,18,True,0,Benign,3,DoS,0.07631338030758635,0.0788100865465469,0.05925209115095998
4,8,18,True,0,Benign,4,Mirai,0.08633087289829626,0.1427168660688359,0.2680656923199855
4,8,18,True,0,Benign,5,Recon,0.14992042377257594,0.20449138477270598,0.10830681306316478
4,8,18,True,0,Benign,6,Spoofing,0.09946080860750854,0.20277819688216173,0.1953149492678493
4,8,18,True,0,Benign,7,Web-Based,0.29776370869637436,0.10852741446159825,0.11784726665781116
4,8,18,True,1,BruteForce,0,Benign,0.053101113244686755,0.17265784438810802,0.05985143394031293
4,8,18,True,1,BruteForce,1,BruteForce,0.16602996368549075,0.05776907029521026,0.015592786599150038
4,8,18,True,1,BruteForce,2,DDoS,0.06592433675376504,0.03496667563528287,0.1289359280752761
4,8,18,True,1,BruteForce,3,DoS,0.05407412035720136,0.041424731757082445,0.02215712225230054
4,8,18,True,1,BruteForce,4,Mirai,0.08368539766330761,0.15346064407431068,0.317016468517998
4,8,18,True,1,BruteForce,5,Recon,0.16280231396505054,0.1975197991164045,0.11847456578080608
4,8,18,True,1,BruteForce,6,Spoofing,0.09922613692141961,0.19591949006676512,0.18611693944709506
4,8,18,True,1,BruteForce,7,Web-Based,0.31515661740907835,0.14628174466683616,0.15185475538706122
4,8,18,True,2,DDoS,0,Benign,0.022905828368585623,0.04244576252353226,0.029062631855855094
4,8,18,True,2,DDoS,1,BruteForce,0.06482631803452388,0.03177592437521838,0.016288194304989984
4,8,18,True,2,DDoS,2,DDoS,0.22997466615529297,0.6000010953798917,0.6648201106739219
4,8,18,True,2,DDoS,3,DoS,0.4250110687414065,0.09732448852039172,0.034976272066712825
4,8,18,True,2,DDoS,4,Mirai,0.04969669302661021,0.08173230144580107,0.096397978138924
4,8,18,True,2,DDoS,5,Recon,0.05946044454098531,0.06163442062484502,0.05429758367867338
4,8,18,True,2,DDoS,6,Spoofing,0.03906882982877867,0.04882337334890431,0.056696095005218945
4,8,18,True,2,DDoS,7,Web-Based,0.10905615130381682,0.03626263378141563,0.047461134275703955
4,8,18,True,3,DoS,0,Benign,0.021430329252072413,0.03056834339262619,0.02066310555668643
4,8,18,True,3,DoS,1,BruteForce,0.05643396857115179,0.02079650674501386,0.023275818268509742
4,8,18,True,3,DoS,2,DDoS,0.18950102794662085,0.1371567324107654,0.258822317646216
4,8,18,True,3,DoS,3,DoS,0.285088059826118,0.5819594459240547,0.4234930144571863
4,8,18,True,3,DoS,4,Mirai,0.21709805801550444,0.11677700085189616,0.09426692062515364
4,8,18,True,3,DoS,5,Recon,0.05898466276187756,0.03498308649599965,0.039583359254818457
4,8,18,True,3,DoS,6,Spoofing,0.04626835670128091,0.05300654166932405,0.08592159588391285
4,8,18,True,3,DoS,7,Web-Based,0.1251955369253739,0.02475234251032022,0.05397386830751663
4,8,18,True,4,Mirai,0,Benign,0.04801589150762694,0.16901411167400762,0.05628407963491555
4,8,18,True,4,Mirai,1,BruteForce,0.1499684525294023,0.046703245646959636,0.01544059660104304
4,8,18,True,4,Mirai,2,DDoS,0.08486352105686366,0.048511745639963307,0.15448560210473708
4,8,18,True,4,Mirai,3,DoS,0.07714367006836555,0.07906783089972236,0.04912073475735243
4,8,18,True,4,Mirai,4,Mirai,0.10744785099094885,0.2235047915986168,0.3346982396821286
4,8,18,True,4,Mirai,5,Recon,0.14705977466036782,0.14005898338496425,0.09483282830803735
4,8,18,True,4,Mirai,6,Spoofing,0.09200376433836993,0.19539873225486631,0.17399327749416404
4,8,18,True,4,Mirai,7,Web-Based,0.29349707484805504,0.09774055890089962,0.12114464141762199
4,8,18,True,5,Recon,0,Benign,0.05098247679107367,0.15726162948694503,0.05812312447001411
4,8,18,True,5,Recon,1,BruteForce,0.1601923479677815,0.051763506017069354,0.015691333544148797
4,8,18,True,5,Recon,2,DDoS,0.06425974510489309,0.03332801436687636,0.122115431082052
4,8,18,True,5,Recon,3,DoS,0.05379846948308331,0.043368977058719504,0.022574914676715394
4,8,18,True,5,Recon,4,Mirai,0.08255917316357315,0.13848163427212679,0.3151549157088511
4,8,18,True,5,Recon,5,Recon,0.17746866254818394,0.24918889822034493,0.13887600447012433
4,8,18,True,5,Recon,6,Spoofing,0.09879675848929131,0.18014094011864354,0.17694869786890408
4,8,18,True,5,Recon,7,Web-Based,0.3119423664521201,0.14646640045927442,0.15051557817919023
4,8,18,True,6,Spoofing,0,Benign,0.05379365279038706,0.17268670443300768,0.06170834865848539
4,8,18,True,6,Spoofing,1,BruteForce,0.15021008820944343,0.04148451766738673,0.015800834351637857
4,8,18,True,6,Spoofing,2,DDoS,0.0650614845714343,0.0326429456381421,0.1232908717829644
4,8,18,True,6,Spoofing,3,DoS,0.05477705167337978,0.04639978580159599,0.04271692378464614
4,8,18,True,6,Spoofing,4,Mirai,0.08740971935673375,0.14200454438071672,0.2729913861731602
4,8,18,True,6,Spoofing,5,Recon,0.1595036789141597,0.21483592984828326,0.11501973307918247
4,8,18,True,6,Spoofing,6,Spoofing,0.10980975076947097,0.22752191317128465,0.23591856384237125
4,8,18,True,6,Spoofing,7,Web-Based,0.319434573714991,0.12242365905958288,0.13255333832755234
4,8,18,True,7,Web-Based,0,Benign,0.05278397688289055,0.20115795081543963,0.06290869206457517
4,8,18,True,7,Web-Based,1,BruteForce,0.15645391223255864,0.04518434703028847,0.015319260554912553
4,8,18,True,7,Web-Based,2,DDoS,0.06840110830330226,0.035029791433313064,0.14188922350994165
4,8,18,True,7,Web-Based,3,DoS,0.06029775799771387,0.04372386197251289,0.02459099334319162
4,8,18,True,7,Web-Based,4,Mirai,0.08833499530798945,0.15885686270970767,0.31275061179402036
4,8,18,True,7,Web-Based,5,Recon,0.16493258129590896,0.183825496184088,0.11708161224186986
4,8,18,True,7,Web-Based,6,Spoofing,0.09916519143781437,0.2035377822066108,0.1881912653758733
4,8,18,True,7,Web-Based,7,Web-Based,0.309630476541822,0.12868390764803952,0.13726834111561545
4,8,19,False,0,Benign,0,Benign,0.10074223944250517,0.1739964680248522,0.08823387665806656
4,8,19,False,0,Benign,1,BruteForce,0.01119221199088658,0.0425229100309313,0.01888932090882132
4,8,19,False,0,Benign,2,DDoS,0.27231334994040823,0.046156673212367695,0.2429632693628746
4,8,19,False,0,Benign,3,DoS,0.05750782239937565,0.0788100865465469,0.08348141086570714
4,8,19,False,0,Benign,4,Mirai,0.01569763133038961,0.1427168660688359,0.019610591700312093
4,8,19,False,0,Benign,5,Recon,0.15930797173476244,0.20449138477270598,0.17813600008336025
4,8,19,False,0,Benign,6,Spoofing,0.3678967071860746,0.20277819688216173,0.3497237577388485
4,8,19,False,0,Benign,7,Web-Based,0.015342065975597763,0.10852741446159825,0.018961772682009412
4,8,19,False,1,BruteForce,0,Benign,0.10743254293232118,0.17265784438810802,0.09913790567731263
4,8,19,False,1,BruteForce,1,BruteForce,0.013188880388861094,0.05776907029521026,0.018064839186361405
4,8,19,False,1,BruteForce,2,DDoS,0.2818876541555083,0.03496667563528287,0.20349844104536582
4,8,19,False,1,BruteForce,3,DoS,0.017281744257382187,0.041424731757082445,0.02784390523462867
4,8,19,False,1,BruteForce,4,Mirai,0.017813104382143553,0.15346064407431068,0.01950739318485699
4,8,19,False,1,BruteForce,5,Recon,0.1359969003422458,0.1975197991164045,0.2187069857341637
4,8,19,False,1,BruteForce,6,Spoofing,0.4100134488896761,0.19591949006676512,0.3939871007678026
4,8,19,False,1,BruteForce,7,Web-Based,0.016385724651861767,0.14628174466683616,0.019253429169508115
4,8,19,False,2,DDoS,0,Benign,0.030095519976466267,0.04244576252353226,0.03767276258733159
4,8,19,False,2,DDoS,1,BruteForce,0.007450667139250934,0.03177592437521838,0.016056824115162807
4,8,19,False,2,DDoS,2,DDoS,0.7575056358858245,0.6000010953798917,0.6882905537192153
4,8,19,False,2,DDoS,3,DoS,0.03633068379737588,0.09732448852039172,0.048163516725315256
4,8,19,False,2,DDoS,4,Mirai,0.007711646366022369,0.08173230144580107,0.016534657503638764
4,8,19,False,2,DDoS,5,Recon,0.0662134427088605,0.06163442062484502,0.07958947246139361
4,8,19,False,2,DDoS,6,Spoofing,0.08826247079990061,0.04882337334890431,0.10282389900793108
4,8,19,False,2,DDoS,7,Web-Based,0.006429933326298847,0.03626263378141563,0.010868313880011578
4,8,19,False,3,DoS,0,Benign,0.01434535126292718,0.03056834339262619,0.020026217259025727
4,8,19,False,3,DoS,1,BruteForce,0.010045879036761593,0.02079650674501386,0.025034336214780212
4,8,19,False,3,DoS,2,DDoS,0.1839817492577538,0.1371567324107654,0.20879855364634697
4,8,19,False,3,DoS,3,DoS,0.6873209558056325,0.5819594459240547,0.5733914465592493
4,8,19,False,3,DoS,4,Mirai,0.005648873921796328,0.11677700085189616,0.015936369513321242
4,8,19,False,3,DoS,5,Recon,0.03412378671761795,0.03498308649599965,0.0464978550774566
4,8,19,False,3,DoS,6,Spoofing,0.059110875730977654,0.05300654166932405,0.09841889403122607
4,8,19,False,3,DoS,7,Web-Based,0.005422528266532985,0.02475234251032022,0.011896327698594002
4,8,19,False,4,Mirai,0,Benign,0.09436443500662801,0.16901411167400762,0.09167101573892925
4,8,19,False,4,Mirai,1,BruteForce,0.012339105462098038,0.046703245646959636,0.019798226119701657
4,8,19,False,4,Mirai,2,DDoS,0.3744012731542665,0.048511745639963307,0.2596567372868506
4,8,19,False,4,Mirai,3,DoS,0.04617640666575517,0.07906783089972236,0.07104045203391178
4,8,19,False,4,Mirai,4,Mirai,0.01794623666711044,0.2235047915986168,0.021280885764181936
4,8,19,False,4,Mirai,5,Recon,0.11036830015365097,0.14005898338496425,0.16300272388462222
4,8,19,False,4,Mirai,6,Spoofing,0.3305451897431969,0.19539873225486631,0.35435016413821613
4,8,19,False,4,Mirai,7,Web-Based,0.013859053147293932,0.09774055890089962,0.019199795033586476
4,8,19,False,5,Recon,0,Benign,0.1088861192152244,0.15726162948694503,0.09760074570728806
4,8,19,False,5,Recon,1,BruteForce,0.01247284719507092,0.051763506017069354,0.01785633303978797
4,8,19,False,5,Recon,2,DDoS,0.2611628608423821,0.03332801436687636,0.1952643830935358
4,8,19,False,5,Recon,3,DoS,0.020178006927724566,0.043368977058719504,0.02951280555912488
4,8,19,False,5,Recon,4,Mirai,0.016270195238157727,0.13848163427212679,0.019269203289343086
4,8,19,False,5,Recon,5,Recon,0.20872168485589693,0.24918889822034493,0.24910730652688962
4,8,19,False,5,Recon,6,Spoofing,0.3550584371126686,0.18014094011864354,0.37247809202891285
4,8,19,False,5,Recon,7,Web-Based,0.017249848612874843,0.14646640045927442,0.018911130755117668
4,8,19,False,6,Spoofing,0,Benign,0.10372439337332752,0.17268670443300768,0.09459257177217283
4,8,19,False,6,Spoofing,1,BruteForce,0.010775111304143867,0.04148451766738673,0.018608910498152272
4,8,19,False,6,Spoofing,2,DDoS,0.22453505044636232,0.0326429456381421,0.18479530680509787
4,8,19,False,6,Spoofing,3,DoS,0.02688008439626429,0.04639978580159599,0.06258030746707754
4,8,19,False,6,Spoofing,4,Mirai,0.015666665923880732,0.14200454438071672,0.01943747529338753
4,8,19,False,6,Spoofing,5,Recon,0.1800945022682538,0.21483592984828326,0.19519971533553404
4,8,19,False,6,Spoofing,6,Spoofing,0.4225253213957773,0.22752191317128465,0.405441605634872
4,8,19,False,6,Spoofing,7,Web-Based,0.015798870891990186,0.12242365905958288,0.01934410719370588
4,8,19,False,7,Web-Based,0,Benign,0.10932051789672638,0.20115795081543963,0.1007990821887821
4,8,19,False,7,Web-Based,1,BruteForce,0.011512565367259905,0.04518434703028847,0.018501421292924862
4,8,19,False,7,Web-Based,2,DDoS,0.29935125639274435,0.035029791433313064,0.2250672477616476
4,8,19,False,7,Web-Based,3,DoS,0.019607587980771,0.04372386197251289,0.03364515979787337
4,8,19,False,7,Web-Based,4,Mirai,0.01772383357788838,0.15885686270970767,0.019942477727555873
4,8,19,False,7,Web-Based,5,Recon,0.16090447010000122,0.183825496184088,0.2106561159097662
4,8,19,False,7,Web-Based,6,Spoofing,0.36518593825535123,0.2035377822066108,0.37142243101012146
4,8,19,False,7,Web-Based,7,Web-Based,0.016393830429257576,0.12868390764803952,0.01996606431132858
