monitoring_round,global_round,client_id,actual_malicious,source_id,source_name,target_id,target_name,local_probability,round_consensus_probability,frozen_profile_probability
1,5,0,False,0,Benign,0,Benign,0.2857051666883632,0.5842648071179685,0.287481559492493
1,5,0,False,0,Benign,1,BruteForce,0.07239539862103343,0.019020032776813137,0.07228694977974952
1,5,0,False,0,Benign,2,DDoS,0.010102208491484806,0.04685358145955228,0.014559770575744205
1,5,0,False,0,Benign,3,DoS,0.16464838278970165,0.024967719235385183,0.17751600084762817
1,5,0,False,0,Benign,4,Mirai,0.27648345306181943,0.07120134561059407,0.25021154950572516
1,5,0,False,0,Benign,5,Recon,0.15395829995940583,0.08802486970076603,0.15625646405612809
1,5,0,False,0,Benign,6,Spoofing,0.019504396416534182,0.12998447559545698,0.02057040764016627
1,5,0,False,0,Benign,7,Web-Based,0.017202693971657527,0.03568316850346383,0.021117298102365744
1,5,0,False,1,BruteForce,0,Benign,0.254393913819714,0.5784907339789943,0.2816643068336483
1,5,0,False,1,BruteForce,1,BruteForce,0.13588747129965517,0.02352413435018667,0.10713506594309821
1,5,0,False,1,BruteForce,2,DDoS,0.009761434307130851,0.03608463917765837,0.011401336052654034
1,5,0,False,1,BruteForce,3,DoS,0.0714669180758001,0.012991920761796968,0.06756117746745939
1,5,0,False,1,BruteForce,4,Mirai,0.3269528967621852,0.08326035914097488,0.2992320399529943
1,5,0,False,1,BruteForce,5,Recon,0.15973782859630561,0.08657140449828356,0.18758787401554558
1,5,0,False,1,BruteForce,6,Spoofing,0.02172879580824872,0.13573043791154105,0.022273746809792105
1,5,0,False,1,BruteForce,7,Web-Based,0.020070741330960512,0.04334637018056419,0.023144452924808108
1,5,0,False,2,DDoS,0,Benign,0.07011731055732566,0.20728869757526858,0.0905086648904161
1,5,0,False,2,DDoS,1,BruteForce,0.02887485720762793,0.015968395466851925,0.03564380106135911
1,5,0,False,2,DDoS,2,DDoS,0.5549267274225921,0.5409248459656422,0.47578741697534715
1,5,0,False,2,DDoS,3,DoS,0.12573385141773255,0.027036283465134772,0.14794723785416541
1,5,0,False,2,DDoS,4,Mirai,0.1235229043518803,0.043573196528457474,0.12024303515023882
1,5,0,False,2,DDoS,5,Recon,0.06765582331215654,0.07120691117924301,0.08158957105959706
1,5,0,False,2,DDoS,6,Spoofing,0.014293396948349406,0.061026966618538236,0.024350385813948563
1,5,0,False,2,DDoS,7,Web-Based,0.014875128782335564,0.032974703200863834,0.02392988719492766
1,5,0,False,3,DoS,0,Benign,0.0243796786042161,0.1382283098165553,0.03413503247318013
1,5,0,False,3,DoS,1,BruteForce,0.012018061728049877,0.017286895553997244,0.013374048978509795
1,5,0,False,3,DoS,2,DDoS,0.018934557551204594,0.13042690896358147,0.019683600917804186
1,5,0,False,3,DoS,3,DoS,0.8900059855211685,0.5128177952903182,0.8489879724457519
1,5,0,False,3,DoS,4,Mirai,0.02075256652875455,0.04351061541728584,0.03819160115485179
1,5,0,False,3,DoS,5,Recon,0.023245094186627846,0.04963492414530268,0.02943178865298327
1,5,0,False,3,DoS,6,Spoofing,0.006047200866840312,0.08128169942291977,0.008810792363855742
1,5,0,False,3,DoS,7,Web-Based,0.004616855013138356,0.026812851390039447,0.007385163013063293
1,5,0,False,4,Mirai,0,Benign,0.24123654242580783,0.5650352280624579,0.2583090055648556
1,5,0,False,4,Mirai,1,BruteForce,0.07609061964781065,0.020383071742731542,0.07734366416157128
1,5,0,False,4,Mirai,2,DDoS,0.009591116643596137,0.04484718415650021,0.011090747417207702
1,5,0,False,4,Mirai,3,DoS,0.08084208657199439,0.020639941325837033,0.1422142410103033
1,5,0,False,4,Mirai,4,Mirai,0.4694060507628203,0.10806777249675113,0.3600789254987451
1,5,0,False,4,Mirai,5,Recon,0.08658237279640991,0.0750009895528592,0.10908879014630084
1,5,0,False,4,Mirai,6,Spoofing,0.0201554691481858,0.13237270290397912,0.021261118216203842
1,5,0,False,4,Mirai,7,Web-Based,0.01609574200337494,0.033653109758883956,0.02061350798481241
1,5,0,False,5,Recon,0,Benign,0.2419173451469869,0.5799327621549804,0.27343486382211757
1,5,0,False,5,Recon,1,BruteForce,0.12113884867195811,0.02313906158018852,0.09895070385902045
1,5,0,False,5,Recon,2,DDoS,0.009421074113242063,0.03498519407133492,0.010944022267512076
1,5,0,False,5,Recon,3,DoS,0.09130829494620563,0.013168625645710579,0.09096030480512388
1,5,0,False,5,Recon,4,Mirai,0.2574509104754559,0.07458723965508815,0.25569446910798205
1,5,0,False,5,Recon,5,Recon,0.23833081969402325,0.10642318053633157,0.22516419245479397
1,5,0,False,5,Recon,6,Spoofing,0.019656951924926114,0.12535534037174687,0.02119070282681814
1,5,0,False,5,Recon,7,Web-Based,0.020775755027202025,0.042408595984619026,0.023660740856631904
1,5,0,False,6,Spoofing,0,Benign,0.2862873046092322,0.5729402850120405,0.2923458153597764
1,5,0,False,6,Spoofing,1,BruteForce,0.09114104987241466,0.02031125270088044,0.08132890682793152
1,5,0,False,6,Spoofing,2,DDoS,0.008955108132572668,0.031808960252860785,0.010805057826152287
1,5,0,False,6,Spoofing,3,DoS,0.09972417742315025,0.01961753311366433,0.14706099631366057
1,5,0,False,6,Spoofing,4,Mirai,0.3035920747126561,0.07429583645329717,0.25200663465848705
1,5,0,False,6,Spoofing,5,Recon,0.16917415287468618,0.09027429418664994,0.17343036558977548
1,5,0,False,6,Spoofing,6,Spoofing,0.0219088362769044,0.15324383805343647,0.020743613204132268
1,5,0,False,6,Spoofing,7,Web-Based,0.019217296098383466,0.03750800022717034,0.022278610220084438
1,5,0,False,7,Web-Based,0,Benign,0.2907934695367004,0.5864260230021386,0.30038018190762333
1,5,0,False,7,Web-Based,1,BruteForce,0.08515812773917975,0.020747112092409342,0.08131166375752925
1,5,0,False,7,Web-Based,2,DDoS,0.0104865193712107,0.03450300218981818,0.016118414029412994
1,5,0,False,7,Web-Based,3,DoS,0.08629748532913756,0.018611659870152834,0.10294941465277208
1,5,0,False,7,Web-Based,4,Mirai,0.3526765486102361,0.08223862227314649,0.3062531154296529
1,5,0,False,7,Web-Based,5,Recon,0.13651258504553018,0.08631878675124989,0.14931776145562006
1,5,0,False,7,Web-Based,6,Spoofing,0.019500012437062047,0.13380786137683714,0.02162325149165005
1,5,0,False,7,Web-Based,7,Web-Based,0.018575251930943167,0.03734693244424735,0.02204619727573924
1,5,1,True,0,Benign,0,Benign,0.49417698041064884,0.5842648071179685,0.0115440898592164
1,5,1,True,0,Benign,1,BruteForce,0.00850580498340562,0.019020032776813137,0.011250505764391865
1,5,1,True,0,Benign,2,DDoS,0.031246237131984725,0.04685358145955228,0.08278370598212627
1,5,1,True,0,Benign,3,DoS,0.013710435120579562,0.024967719235385183,0.018663974783992048
1,5,1,True,0,Benign,4,Mirai,0.06044482084144588,0.07120134561059407,0.0916308303637353
1,5,1,True,0,Benign,5,Recon,0.1439441110202757,0.08802486970076603,0.30937222879502496
1,5,1,True,0,Benign,6,Spoofing,0.24200802120737586,0.12998447559545698,0.46688001753333996
1,5,1,True,0,Benign,7,Web-Based,0.00596358928428385,0.03568316850346383,0.007874646918173266
1,5,1,True,1,BruteForce,0,Benign,0.4785075940183364,0.5784907339789943,0.010939142209091184
1,5,1,True,1,BruteForce,1,BruteForce,0.009142469440889638,0.02352413435018667,0.011458797203437069
1,5,1,True,1,BruteForce,2,DDoS,0.019736292988832834,0.03608463917765837,0.04499154029680548
1,5,1,True,1,BruteForce,3,DoS,0.008153372061907579,0.012991920761796968,0.011964748997474977
1,5,1,True,1,BruteForce,4,Mirai,0.07021187484928956,0.08326035914097488,0.09669317755094246
1,5,1,True,1,BruteForce,5,Recon,0.14006844004615293,0.08657140449828356,0.31793560499664697
1,5,1,True,1,BruteForce,6,Spoofing,0.26842540911809853,0.13573043791154105,0.4983507183452729
1,5,1,True,1,BruteForce,7,Web-Based,0.005754547476492509,0.04334637018056419,0.0076662704003289
1,5,1,True,2,DDoS,0,Benign,0.44490171975371784,0.20728869757526858,0.00670416002287323
1,5,1,True,2,DDoS,1,BruteForce,0.009364556880813644,0.015968395466851925,0.00849074941663019
1,5,1,True,2,DDoS,2,DDoS,0.3195275449088536,0.5409248459656422,0.6473543342640009
1,5,1,True,2,DDoS,3,DoS,0.016778851076541312,0.027036283465134772,0.023195799105994615
1,5,1,True,2,DDoS,4,Mirai,0.03246223445197699,0.043573196528457474,0.035649079256525745
1,5,1,True,2,DDoS,5,Recon,0.06844671826263907,0.07120691117924301,0.11647882417174132
1,5,1,True,2,DDoS,6,Spoofing,0.09522354272602701,0.061026966618538236,0.15367069699528235
1,5,1,True,2,DDoS,7,Web-Based,0.013294831939430606,0.032974703200863834,0.008456356766951674
1,5,1,True,3,DoS,0,Benign,0.4229600634256372,0.1382283098165553,0.012133653430685695
1,5,1,True,3,DoS,1,BruteForce,0.007749891116335402,0.017286895553997244,0.010234815435566294
1,5,1,True,3,DoS,2,DDoS,0.07449710176139764,0.13042690896358147,0.1813398852294473
1,5,1,True,3,DoS,3,DoS,0.3120477918043562,0.5128177952903182,0.5390812360899498
1,5,1,True,3,DoS,4,Mirai,0.03140367390596252,0.04351061541728584,0.03665485493772845
1,5,1,True,3,DoS,5,Recon,0.03772825840726612,0.04963492414530268,0.06098185410589218
1,5,1,True,3,DoS,6,Spoofing,0.1058227367723124,0.08128169942291977,0.1494176009326028
1,5,1,True,3,DoS,7,Web-Based,0.007790482806732509,0.026812851390039447,0.010156099838127352
1,5,1,True,4,Mirai,0,Benign,0.4820994231226781,0.5650352280624579,0.011977958627275605
1,5,1,True,4,Mirai,1,BruteForce,0.009224011062832646,0.020383071742731542,0.012213080288833679
1,5,1,True,4,Mirai,2,DDoS,0.03029025609393063,0.04484718415650021,0.08209994040883421
1,5,1,True,4,Mirai,3,DoS,0.011570063218356262,0.020639941325837033,0.0190462005779907
1,5,1,True,4,Mirai,4,Mirai,0.08359548087419655,0.10806777249675113,0.13255162611547927
1,5,1,True,4,Mirai,5,Recon,0.1035852984764086,0.0750009895528592,0.22069791073852
1,5,1,True,4,Mirai,6,Spoofing,0.2737545173985733,0.13237270290397912,0.5130840844697074
1,5,1,True,4,Mirai,7,Web-Based,0.0058809497530239365,0.033653109758883956,0.008329198773359048
1,5,1,True,5,Recon,0,Benign,0.4773627726924499,0.5799327621549804,0.010262096333179782
1,5,1,True,5,Recon,1,BruteForce,0.008837202461826073,0.02313906158018852,0.011062239670808346
1,5,1,True,5,Recon,2,DDoS,0.017830708610763888,0.03498519407133492,0.041472101649948016
1,5,1,True,5,Recon,3,DoS,0.007766481824914884,0.013168625645710579,0.01093335079757822
1,5,1,True,5,Recon,4,Mirai,0.06271233917443167,0.07458723965508815,0.08305504113175309
1,5,1,True,5,Recon,5,Recon,0.18291092802232833,0.10642318053633157,0.45028640696832256
1,5,1,True,5,Recon,6,Spoofing,0.23681270866233997,0.12535534037174687,0.3857985717820144
1,5,1,True,5,Recon,7,Web-Based,0.005766858550945278,0.042408595984619026,0.007130191666395696
1,5,1,True,6,Spoofing,0,Benign,0.46375515566288766,0.5729402850120405,0.01147791077024147
1,5,1,True,6,Spoofing,1,BruteForce,0.0087426818035899,0.02031125270088044,0.011111816012270724
1,5,1,True,6,Spoofing,2,DDoS,0.017324113271627785,0.031808960252860785,0.039838994641762944
1,5,1,True,6,Spoofing,3,DoS,0.008847644181455788,0.01961753311366433,0.012568133895177991
1,5,1,True,6,Spoofing,4,Mirai,0.06044665555976659,0.07429583645329717,0.08929032998499556
1,5,1,True,6,Spoofing,5,Recon,0.16384745076256177,0.09027429418664994,0.3256757224883316
1,5,1,True,6,Spoofing,6,Spoofing,0.27141092340144135,0.15324383805343647,0.502509164864059
1,5,1,True,6,Spoofing,7,Web-Based,0.005625375356669213,0.03750800022717034,0.007527927343160605
1,5,1,True,7,Web-Based,0,Benign,0.48094349105529743,0.5864260230021386,0.011396068921519873
1,5,1,True,7,Web-Based,1,BruteForce,0.008750208458521907,0.020747112092409342,0.01186759228248964
1,5,1,True,7,Web-Based,2,DDoS,0.019826352802802826,0.03450300218981818,0.04902578708466361
1,5,1,True,7,Web-Based,3,DoS,0.008898378394439122,0.018611659870152834,0.012742154153571519
1,5,1,True,7,Web-Based,4,Mirai,0.07124894105595156,0.08223862227314649,0.10930045716950115
1,5,1,True,7,Web-Based,5,Recon,0.14625494972859793,0.08631878675124989,0.31618854652603784
1,5,1,True,7,Web-Based,6,Spoofing,0.2583172692012185,0.13380786137683714,0.48166719375118716
1,5,1,True,7,Web-Based,7,Web-Based,0.005760409303170602,0.03734693244424735,0.007812200111029302
1,5,2,False,0,Benign,0,Benign,0.2050776832464111,0.5842648071179685,0.19555186028304736
1,5,2,False,0,Benign,1,BruteForce,0.02718127033928658,0.019020032776813137,0.04335597747402379
1,5,2,False,0,Benign,2,DDoS,0.01902410439367034,0.04685358145955228,0.024204151952344377
1,5,2,False,0,Benign,3,DoS,0.010685245650618142,0.024967719235385183,0.017692127169578416
1,5,2,False,0,Benign,4,Mirai,0.3686982556729935,0.07120134561059407,0.24773755582195378
1,5,2,False,0,Benign,5,Recon,0.2954948224211565,0.08802486970076603,0.3861233738890357
1,5,2,False,0,Benign,6,Spoofing,0.04362542262298866,0.12998447559545698,0.048446336681487685
1,5,2,False,0,Benign,7,Web-Based,0.030213195652875256,0.03568316850346383,0.0368886167285289
1,5,2,False,1,BruteForce,0,Benign,0.20754977981909065,0.5784907339789943,0.19649372644100968
1,5,2,False,1,BruteForce,1,BruteForce,0.036480751446235485,0.02352413435018667,0.05021055667244276
1,5,2,False,1,BruteForce,2,DDoS,0.014575878664157816,0.03608463917765837,0.018389876427602637
1,5,2,False,1,BruteForce,3,DoS,0.008217341203908726,0.012991920761796968,0.012798792813184863
1,5,2,False,1,BruteForce,4,Mirai,0.4315260293058543,0.08326035914097488,0.2659225685124101
1,5,2,False,1,BruteForce,5,Recon,0.21637550452172338,0.08657140449828356,0.3654524691129537
1,5,2,False,1,BruteForce,6,Spoofing,0.04725025652362522,0.13573043791154105,0.04554846743737031
1,5,2,False,1,BruteForce,7,Web-Based,0.03802445851540441,0.04334637018056419,0.045183542583026
1,5,2,False,2,DDoS,0,Benign,0.059493764601353506,0.20728869757526858,0.09039253305891366
1,5,2,False,2,DDoS,1,BruteForce,0.017656767459351037,0.015968395466851925,0.027980369749711135
1,5,2,False,2,DDoS,2,DDoS,0.6078097230026438,0.5409248459656422,0.46203873874378953
1,5,2,False,2,DDoS,3,DoS,0.011378207030110771,0.027036283465134772,0.022595769818427112
1,5,2,False,2,DDoS,4,Mirai,0.16004994273636383,0.043573196528457474,0.14948551029105395
1,5,2,False,2,DDoS,5,Recon,0.10494124099134731,0.07120691117924301,0.18042168430663616
1,5,2,False,2,DDoS,6,Spoofing,0.020913938117500683,0.061026966618538236,0.039677920651722126
1,5,2,False,2,DDoS,7,Web-Based,0.017756416061329147,0.032974703200863834,0.02740747337974642
1,5,2,False,3,DoS,0,Benign,0.05308380299776651,0.1382283098165553,0.10718481152491297
1,5,2,False,3,DoS,1,BruteForce,0.01838581428706993,0.017286895553997244,0.030340141775408738
1,5,2,False,3,DoS,2,DDoS,0.1962892185485471,0.13042690896358147,0.11963948514919728
1,5,2,False,3,DoS,3,DoS,0.44227428509384664,0.5128177952903182,0.229327526945055
1,5,2,False,3,DoS,4,Mirai,0.1454035543266058,0.04351061541728584,0.1914166379592827
1,5,2,False,3,DoS,5,Recon,0.09558075560242192,0.04963492414530268,0.24204363065857154
1,5,2,False,3,DoS,6,Spoofing,0.029775938380365043,0.08128169942291977,0.04974036113193333
1,5,2,False,3,DoS,7,Web-Based,0.01920663076337712,0.026812851390039447,0.030307404855638424
1,5,2,False,4,Mirai,0,Benign,0.176570723520742,0.5650352280624579,0.18755389301657102
1,5,2,False,4,Mirai,1,BruteForce,0.02823755070710197,0.020383071742731542,0.04709411354682958
1,5,2,False,4,Mirai,2,DDoS,0.017191113983022956,0.04484718415650021,0.023039729357960073
1,5,2,False,4,Mirai,3,DoS,0.010335896277806251,0.020639941325837033,0.01803171899716474
1,5,2,False,4,Mirai,4,Mirai,0.5460609731987254,0.10806777249675113,0.3521199778820599
1,5,2,False,4,Mirai,5,Recon,0.15269998837493898,0.0750009895528592,0.28527601738441993
1,5,2,False,4,Mirai,6,Spoofing,0.0422119830530224,0.13237270290397912,0.04985987479353526
1,5,2,False,4,Mirai,7,Web-Based,0.026691770884639993,0.033653109758883956,0.03702467502145958
1,5,2,False,5,Recon,0,Benign,0.1938683833804382,0.5799327621549804,0.1898734110713746
1,5,2,False,5,Recon,1,BruteForce,0.03424316744001478,0.02313906158018852,0.0506265397133419
1,5,2,False,5,Recon,2,DDoS,0.013767490874847377,0.03498519407133492,0.01741573348998338
1,5,2,False,5,Recon,3,DoS,0.008236000089405882,0.013168625645710579,0.012687050241555758
1,5,2,False,5,Recon,4,Mirai,0.3754445934072581,0.07458723965508815,0.24255515905150649
1,5,2,False,5,Recon,5,Recon,0.2935525660466634,0.10642318053633157,0.39945051477305843
1,5,2,False,5,Recon,6,Spoofing,0.04411856651950094,0.12535534037174687,0.04437366074073125
1,5,2,False,5,Recon,7,Web-Based,0.03676923224187142,0.042408595984619026,0.04301793091844832
1,5,2,False,6,Spoofing,0,Benign,0.19619325170205879,0.5729402850120405,0.19452181443492522
1,5,2,False,6,Spoofing,1,BruteForce,0.029215908374606074,0.02031125270088044,0.046108329887921864
1,5,2,False,6,Spoofing,2,DDoS,0.01349852707284671,0.031808960252860785,0.02039122588599539
1,5,2,False,6,Spoofing,3,DoS,0.00790195208663629,0.01961753311366433,0.014914858844753263
1,5,2,False,6,Spoofing,4,Mirai,0.3407798049619783,0.07429583645329717,0.2265360791488103
1,5,2,False,6,Spoofing,5,Recon,0.3337822870134787,0.09027429418664994,0.4092619970304159
1,5,2,False,6,Spoofing,6,Spoofing,0.04655208136946739,0.15324383805343647,0.04964733878944321
1,5,2,False,6,Spoofing,7,Web-Based,0.032076187418927773,0.03750800022717034,0.03861835597773493
1,5,2,False,7,Web-Based,0,Benign,0.19118106454800302,0.5864260230021386,0.19811832850671074
1,5,2,False,7,Web-Based,1,BruteForce,0.029052498884500514,0.020747112092409342,0.046696774919406214
1,5,2,False,7,Web-Based,2,DDoS,0.014021050652920995,0.03450300218981818,0.020340652406939528
1,5,2,False,7,Web-Based,3,DoS,0.008288070523657877,0.018611659870152834,0.01404844562634325
1,5,2,False,7,Web-Based,4,Mirai,0.44677894481919994,0.08223862227314649,0.28138774577075754
1,5,2,False,7,Web-Based,5,Recon,0.24001518488950813,0.08631878675124989,0.35429246190802394
1,5,2,False,7,Web-Based,6,Spoofing,0.04053463939115467,0.13380786137683714,0.04575185413515572
1,5,2,False,7,Web-Based,7,Web-Based,0.030128546291054825,0.03734693244424735,0.03936373672666321
1,5,3,False,0,Benign,0,Benign,0.1308242317629634,0.5842648071179685,0.09664043385044996
1,5,3,False,0,Benign,1,BruteForce,0.3651950881853856,0.019020032776813137,0.3899195065579183
1,5,3,False,0,Benign,2,DDoS,0.10060094165150324,0.04685358145955228,0.10945777046777107
1,5,3,False,0,Benign,3,DoS,0.024502200277969833,0.024967719235385183,0.03830800989160171
1,5,3,False,0,Benign,4,Mirai,0.1908933183258593,0.07120134561059407,0.19714914553313662
1,5,3,False,0,Benign,5,Recon,0.11508397810446336,0.08802486970076603,0.09750627878848743
1,5,3,False,0,Benign,6,Spoofing,0.04498733027047808,0.12998447559545698,0.04314489799547411
1,5,3,False,0,Benign,7,Web-Based,0.027912911421377157,0.03568316850346383,0.027873956915160855
1,5,3,False,1,BruteForce,0,Benign,0.0969158417665766,0.5784907339789943,0.0835939090962524
1,5,3,False,1,BruteForce,1,BruteForce,0.49336090158510276,0.02352413435018667,0.4961096713598841
1,5,3,False,1,BruteForce,2,DDoS,0.050095170736047974,0.03608463917765837,0.04981266289964326
1,5,3,False,1,BruteForce,3,DoS,0.02494984672341777,0.012991920761796968,0.024341770202166164
1,5,3,False,1,BruteForce,4,Mirai,0.17608765070845012,0.08326035914097488,0.19048493776915043
1,5,3,False,1,BruteForce,5,Recon,0.07707257164559152,0.08657140449828356,0.08482544989197978
1,5,3,False,1,BruteForce,6,Spoofing,0.05127150281345739,0.13573043791154105,0.043290506812756216
1,5,3,False,1,BruteForce,7,Web-Based,0.03024651402135589,0.04334637018056419,0.027541091968167602
1,5,3,False,2,DDoS,0,Benign,0.03780800494011748,0.20728869757526858,0.03801578485365128
1,5,3,False,2,DDoS,1,BruteForce,0.1263230560326365,0.015968395466851925,0.14116683188540702
1,5,3,False,2,DDoS,2,DDoS,0.6441586648078313,0.5409248459656422,0.607835573033304
1,5,3,False,2,DDoS,3,DoS,0.020158243093096512,0.027036283465134772,0.024931785319781057
1,5,3,False,2,DDoS,4,Mirai,0.0698089514843067,0.043573196528457474,0.07742053091468186
1,5,3,False,2,DDoS,5,Recon,0.06476972526332911,0.07120691117924301,0.06184788991097154
1,5,3,False,2,DDoS,6,Spoofing,0.020435150838444206,0.061026966618538236,0.02794763321361146
1,5,3,False,2,DDoS,7,Web-Based,0.016538203540238175,0.032974703200863834,0.020833970868591754
1,5,3,False,3,DoS,0,Benign,0.030828305351259883,0.1382283098165553,0.04844710560217969
1,5,3,False,3,DoS,1,BruteForce,0.1034242133302532,0.017286895553997244,0.15757942892021087
1,5,3,False,3,DoS,2,DDoS,0.2607065502712687,0.13042690896358147,0.2844666932636793
1,5,3,False,3,DoS,3,DoS,0.42831126336680253,0.5128177952903182,0.2590597842482525
1,5,3,False,3,DoS,4,Mirai,0.08981112571618671,0.04351061541728584,0.12587295879305702
1,5,3,False,3,DoS,5,Recon,0.04027602280737528,0.04963492414530268,0.05952292200259722
1,5,3,False,3,DoS,6,Spoofing,0.029566534521423247,0.08128169942291977,0.04187396807828116
1,5,3,False,3,DoS,7,Web-Based,0.01707598463543052,0.026812851390039447,0.02317713909174224
1,5,3,False,4,Mirai,0,Benign,0.10051946220575238,0.5650352280624579,0.08543018124470432
1,5,3,False,4,Mirai,1,BruteForce,0.40084358731452246,0.020383071742731542,0.42727412983350127
1,5,3,False,4,Mirai,2,DDoS,0.08518063029684138,0.04484718415650021,0.08728781641773449
1,5,3,False,4,Mirai,3,DoS,0.022053962240016763,0.020639941325837033,0.03073508424460966
1,5,3,False,4,Mirai,4,Mirai,0.24625646709303403,0.10806777249675113,0.2211238440932929
1,5,3,False,4,Mirai,5,Recon,0.06932155138255108,0.0750009895528592,0.07577373081537751
1,5,3,False,4,Mirai,6,Spoofing,0.04763841659303889,0.13237270290397912,0.04420236123855148
1,5,3,False,4,Mirai,7,Web-Based,0.028185922874242986,0.033653109758883956,0.028172852112228502
1,5,3,False,5,Recon,0,Benign,0.0932378468039841,0.5799327621549804,0.08359497826856373
1,5,3,False,5,Recon,1,BruteForce,0.4868023502676404,0.02313906158018852,0.49867141166610196
1,5,3,False,5,Recon,2,DDoS,0.046835266813119086,0.03498519407133492,0.04813660576220748
1,5,3,False,5,Recon,3,DoS,0.026379410027952088,0.013168625645710579,0.025537983779200416
1,5,3,False,5,Recon,4,Mirai,0.15388068990259854,0.07458723965508815,0.18140117542834927
1,5,3,False,5,Recon,5,Recon,0.11337519100528236,0.10642318053633157,0.09328048395937594
1,5,3,False,5,Recon,6,Spoofing,0.04873111728337492,0.12535534037174687,0.04202316763557688
1,5,3,False,5,Recon,7,Web-Based,0.03075812789604847,0.042408595984619026,0.027354193500624385
1,5,3,False,6,Spoofing,0,Benign,0.12835905165191233,0.5729402850120405,0.10028474233264223
1,5,3,False,6,Spoofing,1,BruteForce,0.40374485714809016,0.02031125270088044,0.4321261392221168
1,5,3,False,6,Spoofing,2,DDoS,0.04480526947121175,0.031808960252860785,0.060954517439919885
1,5,3,False,6,Spoofing,3,DoS,0.022578670121317604,0.01961753311366433,0.03061468371082537
1,5,3,False,6,Spoofing,4,Mirai,0.19192126554416952,0.07429583645329717,0.20209524857499933
1,5,3,False,6,Spoofing,5,Recon,0.12791388939049317,0.09027429418664994,0.1005903122083862
1,5,3,False,6,Spoofing,6,Spoofing,0.05220273790301671,0.15324383805343647,0.04593849479398274
1,5,3,False,6,Spoofing,7,Web-Based,0.028474258769788843,0.03750800022717034,0.027395861717127497
1,5,3,False,7,Web-Based,0,Benign,0.12284310659061053,0.5864260230021386,0.0977203372961542
1,5,3,False,7,Web-Based,1,BruteForce,0.41797824222976243,0.020747112092409342,0.443778206912821
1,5,3,False,7,Web-Based,2,DDoS,0.05469487868123099,0.03450300218981818,0.06715439945069804
1,5,3,False,7,Web-Based,3,DoS,0.022213805422745297,0.018611659870152834,0.025752113867402164
1,5,3,False,7,Web-Based,4,Mirai,0.18758484461212885,0.08223862227314649,0.19955413503414898
1,5,3,False,7,Web-Based,5,Recon,0.11890491458166606,0.08631878675124989,0.09551412794510059
1,5,3,False,7,Web-Based,6,Spoofing,0.04612924286564263,0.13380786137683714,0.042107321096956286
1,5,3,False,7,Web-Based,7,Web-Based,0.029650965016213268,0.03734693244424735,0.028419358396718747
1,5,4,False,0,Benign,0,Benign,0.4776300219957954,0.5842648071179685,0.5114515187442072
1,5,4,False,0,Benign,1,BruteForce,0.01828263512563588,0.019020032776813137,0.017366935477572266
1,5,4,False,0,Benign,2,DDoS,0.024664294305271076,0.04685358145955228,0.026437907769421
1,5,4,False,0,Benign,3,DoS,0.09544772591036293,0.024967719235385183,0.11089901444123246
1,5,4,False,0,Benign,4,Mirai,0.055538630526963194,0.07120134561059407,0.04991146514848598
1,5,4,False,0,Benign,5,Recon,0.047671239689948575,0.08802486970076603,0.04847753993231641
1,5,4,False,0,Benign,6,Spoofing,0.16093655188028644,0.12998447559545698,0.12582687160653092
1,5,4,False,0,Benign,7,Web-Based,0.11982890056573649,0.03568316850346383,0.10962874688023375
1,5,4,False,1,BruteForce,0,Benign,0.4702130263552266,0.5784907339789943,0.5282264517855866
1,5,4,False,1,BruteForce,1,BruteForce,0.0224333948932392,0.02352413435018667,0.019036748089442165
1,5,4,False,1,BruteForce,2,DDoS,0.028018550272274904,0.03608463917765837,0.0284632038330958
1,5,4,False,1,BruteForce,3,DoS,0.019079281338052,0.012991920761796968,0.031344618400644994
1,5,4,False,1,BruteForce,4,Mirai,0.060924035000505104,0.08326035914097488,0.055386972560604826
1,5,4,False,1,BruteForce,5,Recon,0.05261032662142283,0.08657140449828356,0.05423192085174975
1,5,4,False,1,BruteForce,6,Spoofing,0.17266364480987634,0.13573043791154105,0.1357970920221956
1,5,4,False,1,BruteForce,7,Web-Based,0.17405774070940308,0.04334637018056419,0.14751299245668045
1,5,4,False,2,DDoS,0,Benign,0.14301098458495248,0.20728869757526858,0.18709365275041412
1,5,4,False,2,DDoS,1,BruteForce,0.014677707654128493,0.015968395466851925,0.017858336913377494
1,5,4,False,2,DDoS,2,DDoS,0.5494400274537321,0.5409248459656422,0.4406137479322991
1,5,4,False,2,DDoS,3,DoS,0.10435192355077356,0.027036283465134772,0.12708842784619223
1,5,4,False,2,DDoS,4,Mirai,0.029734727779198042,0.043573196528457474,0.036204004207936624
1,5,4,False,2,DDoS,5,Recon,0.02941311392325166,0.07120691117924301,0.04094537065286566
1,5,4,False,2,DDoS,6,Spoofing,0.0657433968583831,0.061026966618538236,0.07734640427145834
1,5,4,False,2,DDoS,7,Web-Based,0.06362811819558056,0.032974703200863834,0.07285005542545647
1,5,4,False,3,DoS,0,Benign,0.06003451269513534,0.1382283098165553,0.08708292581837755
1,5,4,False,3,DoS,1,BruteForce,0.009191186794889328,0.017286895553997244,0.012171802823390258
1,5,4,False,3,DoS,2,DDoS,0.02520199386738034,0.13042690896358147,0.024614061106730322
1,5,4,False,3,DoS,3,DoS,0.7957270546948744,0.5128177952903182,0.7508578455363979
1,5,4,False,3,DoS,4,Mirai,0.014924370380098258,0.04351061541728584,0.01913003848239789
1,5,4,False,3,DoS,5,Recon,0.013450267402635023,0.04963492414530268,0.01934035014494665
1,5,4,False,3,DoS,6,Spoofing,0.05693252499000156,0.08128169942291977,0.055820477857178356
1,5,4,False,3,DoS,7,Web-Based,0.024538089174985758,0.026812851390039447,0.030982498230580885
1,5,4,False,4,Mirai,0,Benign,0.46305138193034634,0.5650352280624579,0.4977157399392206
1,5,4,False,4,Mirai,1,BruteForce,0.020935802903670333,0.020383071742731542,0.01855210871346273
1,5,4,False,4,Mirai,2,DDoS,0.025891779005376817,0.04484718415650021,0.026361674156741354
1,5,4,False,4,Mirai,3,DoS,0.05667427288889915,0.020639941325837033,0.10781893446293969
1,5,4,False,4,Mirai,4,Mirai,0.08344101591412036,0.10806777249675113,0.059284748637164736
1,5,4,False,4,Mirai,5,Recon,0.04386486172354919,0.0750009895528592,0.04550408303926764
1,5,4,False,4,Mirai,6,Spoofing,0.17846296962734742,0.13237270290397912,0.13222123356476034
1,5,4,False,4,Mirai,7,Web-Based,0.12767791600669046,0.033653109758883956,0.11254147748644304
1,5,4,False,5,Recon,0,Benign,0.47294632201638126,0.5799327621549804,0.5246019121966853
1,5,4,False,5,Recon,1,BruteForce,0.022130135906393494,0.02313906158018852,0.019442493841698518
1,5,4,False,5,Recon,2,DDoS,0.027526055063463686,0.03498519407133492,0.027688213791934
1,5,4,False,5,Recon,3,DoS,0.02251693656282537,0.013168625645710579,0.03830388342453052
1,5,4,False,5,Recon,4,Mirai,0.05605319118430049,0.07458723965508815,0.05298307736818511
1,5,4,False,5,Recon,5,Recon,0.06636655854190578,0.10642318053633157,0.061603524042038886
1,5,4,False,5,Recon,6,Spoofing,0.1525690576426871,0.12535534037174687,0.12630289643235015
1,5,4,False,5,Recon,7,Web-Based,0.17989174308204278,0.042408595984619026,0.14907399890257753
1,5,4,False,6,Spoofing,0,Benign,0.490235414716772,0.5729402850120405,0.536411515885959
1,5,4,False,6,Spoofing,1,BruteForce,0.019325593640707128,0.02031125270088044,0.01758753122824101
1,5,4,False,6,Spoofing,2,DDoS,0.024568266158979463,0.031808960252860785,0.025898201098156284
1,5,4,False,6,Spoofing,3,DoS,0.03624339820947404,0.01961753311366433,0.06500057060532138
1,5,4,False,6,Spoofing,4,Mirai,0.05949165146712462,0.07429583645329717,0.05247179253811593
1,5,4,False,6,Spoofing,5,Recon,0.05115263633467664,0.09027429418664994,0.05039951941938945
1,5,4,False,6,Spoofing,6,Spoofing,0.187991600331017,0.15324383805343647,0.13523722312355066
1,5,4,False,6,Spoofing,7,Web-Based,0.13099143914124908,0.03750800022717034,0.11699364610126642
1,5,4,False,7,Web-Based,0,Benign,0.4957653554252511,0.5864260230021386,0.545824890564863
1,5,4,False,7,Web-Based,1,BruteForce,0.02049279245206628,0.020747112092409342,0.018153644184725353
1,5,4,False,7,Web-Based,2,DDoS,0.0256250758393773,0.03450300218981818,0.0270005517169475
1,5,4,False,7,Web-Based,3,DoS,0.04364947976947459,0.018611659870152834,0.051916731855637416
1,5,4,False,7,Web-Based,4,Mirai,0.060386626534793465,0.08223862227314649,0.05308355155809919
1,5,4,False,7,Web-Based,5,Recon,0.04933151703063173,0.08631878675124989,0.04998887558676116
1,5,4,False,7,Web-Based,6,Spoofing,0.16491030120059416,0.13380786137683714,0.12930244102769778
1,5,4,False,7,Web-Based,7,Web-Based,0.13983885174781135,0.03734693244424735,0.12472931350526854
1,5,5,False,0,Benign,0,Benign,0.36832370280683396,0.5842648071179685,0.3949940662695713
1,5,5,False,0,Benign,1,BruteForce,0.012987182493338993,0.019020032776813137,0.016511035679268198
1,5,5,False,0,Benign,2,DDoS,0.045075917176307066,0.04685358145955228,0.05068400851883798
1,5,5,False,0,Benign,3,DoS,0.011618627375122583,0.024967719235385183,0.016428678385103694
1,5,5,False,0,Benign,4,Mirai,0.02040698233374445,0.07120134561059407,0.019976043200271187
1,5,5,False,0,Benign,5,Recon,0.06926109579466677,0.08802486970076603,0.0796652726590334
1,5,5,False,0,Benign,6,Spoofing,0.4536924094594392,0.12998447559545698,0.40255422714828437
1,5,5,False,0,Benign,7,Web-Based,0.01863408256054695,0.03568316850346383,0.01918666813962988
1,5,5,False,1,BruteForce,0,Benign,0.3816133644736069,0.5784907339789943,0.42339472500805075
1,5,5,False,1,BruteForce,1,BruteForce,0.014156277726674486,0.02352413435018667,0.016828070118440053
1,5,5,False,1,BruteForce,2,DDoS,0.03147777646234467,0.03608463917765837,0.03702570081811362
1,5,5,False,1,BruteForce,3,DoS,0.009493786269440125,0.012991920761796968,0.013948945221778477
1,5,5,False,1,BruteForce,4,Mirai,0.02062130090162104,0.08326035914097488,0.019807443748058387
1,5,5,False,1,BruteForce,5,Recon,0.06246018798905075,0.08657140449828356,0.08446154812879791
1,5,5,False,1,BruteForce,6,Spoofing,0.45969867984128504,0.13573043791154105,0.3836755971714746
1,5,5,False,1,BruteForce,7,Web-Based,0.02047862633597702,0.04334637018056419,0.02085796978528626
1,5,5,False,2,DDoS,0,Benign,0.11834788513445432,0.20728869757526858,0.14006204196583896
1,5,5,False,2,DDoS,1,BruteForce,0.009818732864608522,0.015968395466851925,0.015118387278342192
1,5,5,False,2,DDoS,2,DDoS,0.6359244747610081,0.5409248459656422,0.5699848477141761
1,5,5,False,2,DDoS,3,DoS,0.00827480426898578,0.027036283465134772,0.014136422696305708
1,5,5,False,2,DDoS,4,Mirai,0.010749836547867084,0.043573196528457474,0.016686788161266935
1,5,5,False,2,DDoS,5,Recon,0.04775999039175152,0.07120691117924301,0.059857837735661334
1,5,5,False,2,DDoS,6,Spoofing,0.155739106097218,0.061026966618538236,0.1651709392110041
1,5,5,False,2,DDoS,7,Web-Based,0.01338516993410674,0.032974703200863834,0.018982735237404586
1,5,5,False,3,DoS,0,Benign,0.08378024002012713,0.1382283098165553,0.17218343662378524
1,5,5,False,3,DoS,1,BruteForce,0.012486707609296618,0.017286895553997244,0.017112470154734424
1,5,5,False,3,DoS,2,DDoS,0.1838441508285283,0.13042690896358147,0.13868326430204972
1,5,5,False,3,DoS,3,DoS,0.3818870145137461,0.5128177952903182,0.14680163444492883
1,5,5,False,3,DoS,4,Mirai,0.012264015148696466,0.04351061541728584,0.021423462742001614
1,5,5,False,3,DoS,5,Recon,0.0330251011444986,0.04963492414530268,0.06217380924966875
1,5,5,False,3,DoS,6,Spoofing,0.28040193538252883,0.08128169942291977,0.4250204169792452
1,5,5,False,3,DoS,7,Web-Based,0.012310835352577933,0.026812851390039447,0.016601505503586165
1,5,5,False,4,Mirai,0,Benign,0.34267249548750855,0.5650352280624579,0.38699774478070675
1,5,5,False,4,Mirai,1,BruteForce,0.014099602513102476,0.020383071742731542,0.01715791176952036
1,5,5,False,4,Mirai,2,DDoS,0.04284147098038375,0.04484718415650021,0.046342724047623414
1,5,5,False,4,Mirai,3,DoS,0.010793451459339586,0.020639941325837033,0.015964871696969776
1,5,5,False,4,Mirai,4,Mirai,0.022202801417339733,0.10806777249675113,0.02101833076417777
1,5,5,False,4,Mirai,5,Recon,0.05549655909577445,0.0750009895528592,0.07178465736175996
1,5,5,False,4,Mirai,6,Spoofing,0.4941633862000007,0.13237270290397912,0.4225236271779811
1,5,5,False,4,Mirai,7,Web-Based,0.017730232846550627,0.033653109758883956,0.018210132401260765
1,5,5,False,5,Recon,0,Benign,0.3929655551000838,0.5799327621549804,0.4286206932370712
1,5,5,False,5,Recon,1,BruteForce,0.01382476583395491,0.02313906158018852,0.016706483705206665
1,5,5,False,5,Recon,2,DDoS,0.03077800636094847,0.03498519407133492,0.03576984253645233
1,5,5,False,5,Recon,3,DoS,0.009219256122898268,0.013168625645710579,0.013700870714260674
1,5,5,False,5,Recon,4,Mirai,0.01993643226017678,0.07458723965508815,0.01918451935794694
1,5,5,False,5,Recon,5,Recon,0.08777343280810146,0.10642318053633157,0.10418607771330361
1,5,5,False,5,Recon,6,Spoofing,0.4242688769467625,0.12535534037174687,0.3604877772583204
1,5,5,False,5,Recon,7,Web-Based,0.021233674567073722,0.042408595984619026,0.021343735477438147
1,5,5,False,6,Spoofing,0,Benign,0.3578615008772317,0.5729402850120405,0.3969013659889291
1,5,5,False,6,Spoofing,1,BruteForce,0.01299377432398975,0.02031125270088044,0.016440510094442768
1,5,5,False,6,Spoofing,2,DDoS,0.02857233072659533,0.031808960252860785,0.03796854364615823
1,5,5,False,6,Spoofing,3,DoS,0.010822168978364625,0.01961753311366433,0.015869626828579602
1,5,5,False,6,Spoofing,4,Mirai,0.020385440957319482,0.07429583645329717,0.019910739107708086
1,5,5,False,6,Spoofing,5,Recon,0.06467796917890431,0.09027429418664994,0.07586625026273454
1,5,5,False,6,Spoofing,6,Spoofing,0.4870236378236789,0.15324383805343647,0.41871909821095865
1,5,5,False,6,Spoofing,7,Web-Based,0.01766317713391607,0.03750800022717034,0.01832386586048903
1,5,5,False,7,Web-Based,0,Benign,0.3922148163789079,0.5864260230021386,0.4295461490919319
1,5,5,False,7,Web-Based,1,BruteForce,0.01359014279504439,0.020747112092409342,0.016613345946749965
1,5,5,False,7,Web-Based,2,DDoS,0.03158673471009179,0.03450300218981818,0.03988020068775722
1,5,5,False,7,Web-Based,3,DoS,0.010077224751091724,0.018611659870152834,0.014490127521511948
1,5,5,False,7,Web-Based,4,Mirai,0.020755555198703566,0.08223862227314649,0.01991901086005789
1,5,5,False,7,Web-Based,5,Recon,0.06228783214334371,0.08631878675124989,0.07822231968770609
1,5,5,False,7,Web-Based,6,Spoofing,0.45087209099206516,0.13380786137683714,0.38199006739055763
1,5,5,False,7,Web-Based,7,Web-Based,0.018615603030751788,0.03734693244424735,0.01933877881372748
1,5,6,False,0,Benign,0,Benign,0.5723688423303313,0.5842648071179685,0.5665400724785987
1,5,6,False,0,Benign,1,BruteForce,0.07653328005497224,0.019020032776813137,0.07324667748454332
1,5,6,False,0,Benign,2,DDoS,0.014707221707840414,0.04685358145955228,0.016606781633218694
1,5,6,False,0,Benign,3,DoS,0.026938844683932574,0.024967719235385183,0.02908935793997478
1,5,6,False,0,Benign,4,Mirai,0.2507534930617041,0.07120134561059407,0.251572806884142
1,5,6,False,0,Benign,5,Recon,0.022237046287717947,0.08802486970076603,0.02170086091160983
1,5,6,False,0,Benign,6,Spoofing,0.01882402780230388,0.12998447559545698,0.02271445457152364
1,5,6,False,0,Benign,7,Web-Based,0.01763724407119776,0.03568316850346383,0.01852898809638906
1,5,6,False,1,BruteForce,0,Benign,0.5547632460669137,0.5784907339789943,0.5474973395967081
1,5,6,False,1,BruteForce,1,BruteForce,0.09641908909140658,0.02352413435018667,0.08973052826229379
1,5,6,False,1,BruteForce,2,DDoS,0.014881784965599611,0.03608463917765837,0.01625629028815254
1,5,6,False,1,BruteForce,3,DoS,0.010196082701202838,0.012991920761796968,0.016982319903996623
1,5,6,False,1,BruteForce,4,Mirai,0.2647158657833764,0.08326035914097488,0.26794029106008715
1,5,6,False,1,BruteForce,5,Recon,0.021500676333426477,0.08657140449828356,0.021213046157681062
1,5,6,False,1,BruteForce,6,Spoofing,0.019833378923368058,0.13573043791154105,0.022132871675047912
1,5,6,False,1,BruteForce,7,Web-Based,0.0176898761347063,0.04334637018056419,0.018247313056032968
1,5,6,False,2,DDoS,0,Benign,0.2394060339697267,0.20728869757526858,0.3884599598895505
1,5,6,False,2,DDoS,1,BruteForce,0.060465465700352765,0.015968395466851925,0.06347316484577595
1,5,6,False,2,DDoS,2,DDoS,0.3252794514766519,0.5409248459656422,0.1420855764188866
1,5,6,False,2,DDoS,3,DoS,0.04564134802317882,0.027036283465134772,0.04718551576419004
1,5,6,False,2,DDoS,4,Mirai,0.2649085582154547,0.043573196528457474,0.27667284341143794
1,5,6,False,2,DDoS,5,Recon,0.020124346403376354,0.07120691117924301,0.027754448702479086
1,5,6,False,2,DDoS,6,Spoofing,0.01908584547021332,0.061026966618538236,0.027364887149916993
1,5,6,False,2,DDoS,7,Web-Based,0.02508895074104536,0.032974703200863834,0.02700360381776286
1,5,6,False,3,DoS,0,Benign,0.1709021092006611,0.1382283098165553,0.3452165400748593
1,5,6,False,3,DoS,1,BruteForce,0.03786755768752949,0.017286895553997244,0.05139137383248603
1,5,6,False,3,DoS,2,DDoS,0.019213148755251055,0.13042690896358147,0.023913993474766457
1,5,6,False,3,DoS,3,DoS,0.5907348081645959,0.5128177952903182,0.26737598433736803
1,5,6,False,3,DoS,4,Mirai,0.13488127136656816,0.04351061541728584,0.24320249601227611
1,5,6,False,3,DoS,5,Recon,0.013272648069071082,0.04963492414530268,0.01786204595792165
1,5,6,False,3,DoS,6,Spoofing,0.017139701576044497,0.08128169942291977,0.02906511275660133
1,5,6,False,3,DoS,7,Web-Based,0.015988755180278712,0.026812851390039447,0.021972453553721093
1,5,6,False,4,Mirai,0,Benign,0.48111280986412736,0.5650352280624579,0.5021935163819404
1,5,6,False,4,Mirai,1,BruteForce,0.08480653277507727,0.020383071742731542,0.08196082327597823
1,5,6,False,4,Mirai,2,DDoS,0.015096115246746939,0.04484718415650021,0.016592628412057844
1,5,6,False,4,Mirai,3,DoS,0.015482965968260263,0.020639941325837033,0.02364009457165466
1,5,6,False,4,Mirai,4,Mirai,0.3472206795884565,0.10806777249675113,0.3135281413572825
1,5,6,False,4,Mirai,5,Recon,0.019103056861038824,0.0750009895528592,0.020019872292429082
1,5,6,False,4,Mirai,6,Spoofing,0.019327506139103334,0.13237270290397912,0.023067946595017694
1,5,6,False,4,Mirai,7,Web-Based,0.0178503335571895,0.033653109758883956,0.01899697711363963
1,5,6,False,5,Recon,0,Benign,0.5666971249905511,0.5799327621549804,0.5509907668848977
1,5,6,False,5,Recon,1,BruteForce,0.0951372027730168,0.02313906158018852,0.09011543323766241
1,5,6,False,5,Recon,2,DDoS,0.014622109405517966,0.03498519407133492,0.016106972093674496
1,5,6,False,5,Recon,3,DoS,0.010296377823476826,0.013168625645710579,0.017109256847176037
1,5,6,False,5,Recon,4,Mirai,0.2532419339836483,0.07458723965508815,0.26390925603396775
1,5,6,False,5,Recon,5,Recon,0.023085049644950187,0.10642318053633157,0.021926327482930004
1,5,6,False,5,Recon,6,Spoofing,0.01879722397247281,0.12535534037174687,0.02141031593412912
1,5,6,False,5,Recon,7,Web-Based,0.01812297740636599,0.042408595984619026,0.018431671485562504
1,5,6,False,6,Spoofing,0,Benign,0.5774193624960585,0.5729402850120405,0.5722564450249433
1,5,6,False,6,Spoofing,1,BruteForce,0.08096271221089649,0.02031125270088044,0.07727738156114235
1,5,6,False,6,Spoofing,2,DDoS,0.013761422300058182,0.031808960252860785,0.015961065555623852
1,5,6,False,6,Spoofing,3,DoS,0.014994379439734093,0.01961753311366433,0.022689613214819104
1,5,6,False,6,Spoofing,4,Mirai,0.2541460474172368,0.07429583645329717,0.24887078924955303
1,5,6,False,6,Spoofing,5,Recon,0.022240986368037192,0.09027429418664994,0.022035615872665556
1,5,6,False,6,Spoofing,6,Spoofing,0.01937284945132627,0.15324383805343647,0.02284910776184445
1,5,6,False,6,Spoofing,7,Web-Based,0.017102240316652483,0.03750800022717034,0.018059981759408525
1,5,6,False,7,Web-Based,0,Benign,0.5662786262657349,0.5864260230021386,0.5609395277659274
1,5,6,False,7,Web-Based,1,BruteForce,0.08287087594381877,0.020747112092409342,0.07921245055040718
1,5,6,False,7,Web-Based,2,DDoS,0.013980003356969929,0.03450300218981818,0.015868369367134656
1,5,6,False,7,Web-Based,3,DoS,0.012647517474126476,0.018611659870152834,0.01910009004611149
1,5,6,False,7,Web-Based,4,Mirai,0.2668497331601901,0.08223862227314649,0.26386166570437647
1,5,6,False,7,Web-Based,5,Recon,0.021675787888295644,0.08631878675124989,0.021529987987394403
1,5,6,False,7,Web-Based,6,Spoofing,0.01856735284923086,0.13380786137683714,0.021505235588405395
1,5,6,False,7,Web-Based,7,Web-Based,0.017130103061633283,0.03734693244424735,0.01798267299024312
1,5,7,True,0,Benign,0,Benign,0.5401443499206382,0.5842648071179685,0.19006200738381201
1,5,7,True,0,Benign,1,BruteForce,0.015098809927835941,0.019020032776813137,0.020224434467362364
1,5,7,True,0,Benign,2,DDoS,0.2049725691782713,0.04685358145955228,0.20766379600834892
1,5,7,True,0,Benign,3,DoS,0.014178434754194403,0.024967719235385183,0.04935550501832602
1,5,7,True,0,Benign,4,Mirai,0.035364324695897176,0.07120134561059407,0.09394680506887805
1,5,7,True,0,Benign,5,Recon,0.035964995852206416,0.08802486970076603,0.07136452125495582
1,5,7,True,0,Benign,6,Spoofing,0.11345862046202634,0.12998447559545698,0.2804892911367035
1,5,7,True,0,Benign,7,Web-Based,0.04081789520893016,0.03568316850346383,0.08689363966161333
1,5,7,True,1,BruteForce,0,Benign,0.5252254128210041,0.5784907339789943,0.20138525146779418
1,5,7,True,1,BruteForce,1,BruteForce,0.01802211478480572,0.02352413435018667,0.023224710183203334
1,5,7,True,1,BruteForce,2,DDoS,0.19489557029208296,0.03608463917765837,0.1650994376929682
1,5,7,True,1,BruteForce,3,DoS,0.010025990146954062,0.012991920761796968,0.014715253464496572
1,5,7,True,1,BruteForce,4,Mirai,0.039157035448075556,0.08326035914097488,0.10716327689430788
1,5,7,True,1,BruteForce,5,Recon,0.03211237567630826,0.08657140449828356,0.0822597277055845
1,5,7,True,1,BruteForce,6,Spoofing,0.13242724208004816,0.13573043791154105,0.2848892311519902
1,5,7,True,1,BruteForce,7,Web-Based,0.04813425875072106,0.04334637018056419,0.12126311143965526
1,5,7,True,2,DDoS,0,Benign,0.4040184054879481,0.20728869757526858,0.06315789945901491
1,5,7,True,2,DDoS,1,BruteForce,0.013170981404880024,0.015968395466851925,0.01467582121846028
1,5,7,True,2,DDoS,2,DDoS,0.40278095701597,0.5409248459656422,0.6790982590583068
1,5,7,True,2,DDoS,3,DoS,0.015939938935138526,0.027036283465134772,0.029915301785297034
1,5,7,True,2,DDoS,4,Mirai,0.02796589842789178,0.043573196528457474,0.03756973610451343
1,5,7,True,2,DDoS,5,Recon,0.037517887902663305,0.07120691117924301,0.05053802204661384
1,5,7,True,2,DDoS,6,Spoofing,0.06280637701753528,0.061026966618538236,0.08448000842134977
1,5,7,True,2,DDoS,7,Web-Based,0.035799553807973,0.032974703200863834,0.04056495190644393
1,5,7,True,3,DoS,0,Benign,0.41833570857252966,0.1382283098165553,0.04972260344618292
1,5,7,True,3,DoS,1,BruteForce,0.012965340007303879,0.017286895553997244,0.014356442331074746
1,5,7,True,3,DoS,2,DDoS,0.2334674208930373,0.13042690896358147,0.28075649353886467
1,5,7,True,3,DoS,3,DoS,0.18088133994084268,0.5128177952903182,0.4207169080753143
1,5,7,True,3,DoS,4,Mirai,0.024476488733532673,0.04351061541728584,0.03285208901325873
1,5,7,True,3,DoS,5,Recon,0.03207407329428266,0.04963492414530268,0.039216064908022354
1,5,7,True,3,DoS,6,Spoofing,0.06689226029098393,0.08128169942291977,0.13078423904227499
1,5,7,True,3,DoS,7,Web-Based,0.03090736826748727,0.026812851390039447,0.031595159645007344
1,5,7,True,4,Mirai,0,Benign,0.5258095192178913,0.5650352280624579,0.1855650372380019
1,5,7,True,4,Mirai,1,BruteForce,0.01674293260462666,0.020383071742731542,0.022131127290195243
1,5,7,True,4,Mirai,2,DDoS,0.2103055846782015,0.04484718415650021,0.20587021305424594
1,5,7,True,4,Mirai,3,DoS,0.012495781731093525,0.020639941325837033,0.04262696000184756
1,5,7,True,4,Mirai,4,Mirai,0.04011912684201729,0.10806777249675113,0.11111783965601191
1,5,7,True,4,Mirai,5,Recon,0.03206445653995513,0.0750009895528592,0.06175273355281833
1,5,7,True,4,Mirai,6,Spoofing,0.11996757961588386,0.13237270290397912,0.2815399875187624
1,5,7,True,4,Mirai,7,Web-Based,0.042495018770330746,0.033653109758883956,0.08939610168811668
1,5,7,True,5,Recon,0,Benign,0.529778922793524,0.5799327621549804,0.20421495942813525
1,5,7,True,5,Recon,1,BruteForce,0.017710628730893158,0.02313906158018852,0.02279085271920141
1,5,7,True,5,Recon,2,DDoS,0.1908190549019998,0.03498519407133492,0.16167187425190818
1,5,7,True,5,Recon,3,DoS,0.010041994720994811,0.013168625645710579,0.014778713606031838
1,5,7,True,5,Recon,4,Mirai,0.03867850483813562,0.07458723965508815,0.10613234379293926
1,5,7,True,5,Recon,5,Recon,0.03443493897513645,0.10642318053633157,0.0971590489943933
1,5,7,True,5,Recon,6,Spoofing,0.12961175719978466,0.12535534037174687,0.26555285526483596
1,5,7,True,5,Recon,7,Web-Based,0.04892419783953165,0.042408595984619026,0.1276993519425549
1,5,7,True,6,Spoofing,0,Benign,0.5541673904450132,0.5729402850120405,0.20661552026824628
1,5,7,True,6,Spoofing,1,BruteForce,0.015673020016573,0.02031125270088044,0.02085801698794803
1,5,7,True,6,Spoofing,2,DDoS,0.17788323794530744,0.031808960252860785,0.15493616800557497
1,5,7,True,6,Spoofing,3,DoS,0.01279278431322809,0.01961753311366433,0.03847082851679906
1,5,7,True,6,Spoofing,4,Mirai,0.0358670303704445,0.07429583645329717,0.09757837906788357
1,5,7,True,6,Spoofing,5,Recon,0.035900848432896225,0.09027429418664994,0.07102919801651751
1,5,7,True,6,Spoofing,6,Spoofing,0.1254659700684678,0.15324383805343647,0.31579709415252577
1,5,7,True,6,Spoofing,7,Web-Based,0.042249718408069785,0.03750800022717034,0.09471479498450491
1,5,7,True,7,Web-Based,0,Benign,0.5466419995940672,0.5864260230021386,0.21226598187081436
1,5,7,True,7,Web-Based,1,BruteForce,0.016505305357125025,0.020747112092409342,0.02228738722789408
1,5,7,True,7,Web-Based,2,DDoS,0.18972405744944434,0.03450300218981818,0.16766626934633372
1,5,7,True,7,Web-Based,3,DoS,0.010784326555195806,0.018611659870152834,0.027573497704502545
1,5,7,True,7,Web-Based,4,Mirai,0.03821679004595535,0.08223862227314649,0.10738614640901221
1,5,7,True,7,Web-Based,5,Recon,0.03398855502551322,0.08631878675124989,0.07409610225798595
1,5,7,True,7,Web-Based,6,Spoofing,0.12082220758265368,0.13380786137683714,0.2845562635929751
1,5,7,True,7,Web-Based,7,Web-Based,0.0433167583900453,0.03734693244424735,0.10416835159048211
1,5,8,True,0,Benign,0,Benign,0.4741082950474294,0.5842648071179685,0.021810950269315753
1,5,8,True,0,Benign,1,BruteForce,0.011043676335387873,0.019020032776813137,0.01600275761022942
1,5,8,True,0,Benign,2,DDoS,0.030904247584029768,0.04685358145955228,0.050527097056081015
1,5,8,True,0,Benign,3,DoS,0.023327785000760153,0.024967719235385183,0.05542896077987327
1,5,8,True,0,Benign,4,Mirai,0.026598558715060845,0.07120134561059407,0.027866015471993612
1,5,8,True,0,Benign,5,Recon,0.031561994517027236,0.08802486970076603,0.04699553559445888
1,5,8,True,0,Benign,6,Spoofing,0.38864933642400407,0.12998447559545698,0.7650206642692088
1,5,8,True,0,Benign,7,Web-Based,0.013806106376300706,0.03568316850346383,0.016348018948839253
1,5,8,True,1,BruteForce,0,Benign,0.4409157451597351,0.5784907339789943,0.020994355746090623
1,5,8,True,1,BruteForce,1,BruteForce,0.011956749430456519,0.02352413435018667,0.015058484264763593
1,5,8,True,1,BruteForce,2,DDoS,0.028815122305952352,0.03608463917765837,0.02431701420126772
1,5,8,True,1,BruteForce,3,DoS,0.017355273728982365,0.012991920761796968,0.02464133151018529
1,5,8,True,1,BruteForce,4,Mirai,0.0274696751953406,0.08326035914097488,0.02698844641413626
1,5,8,True,1,BruteForce,5,Recon,0.028516123366933023,0.08657140449828356,0.046872993604331455
1,5,8,True,1,BruteForce,6,Spoofing,0.43105395577160033,0.13573043791154105,0.8257479406982378
1,5,8,True,1,BruteForce,7,Web-Based,0.0139173550409996,0.04334637018056419,0.015379433560987312
1,5,8,True,2,DDoS,0,Benign,0.47218066405279496,0.20728869757526858,0.013699868902236085
1,5,8,True,2,DDoS,1,BruteForce,0.012883894739402487,0.015968395466851925,0.014559939928850532
1,5,8,True,2,DDoS,2,DDoS,0.18953124524024986,0.5409248459656422,0.5753435733898703
1,5,8,True,2,DDoS,3,DoS,0.025945501047277005,0.027036283465134772,0.0355672073720021
1,5,8,True,2,DDoS,4,Mirai,0.02584540206396631,0.043573196528457474,0.019524713804311238
1,5,8,True,2,DDoS,5,Recon,0.0398846790360782,0.07120691117924301,0.05250824397314719
1,5,8,True,2,DDoS,6,Spoofing,0.2111572701974716,0.061026966618538236,0.27138072069535446
1,5,8,True,2,DDoS,7,Web-Based,0.022571343622759605,0.032974703200863834,0.01741573193422817
1,5,8,True,3,DoS,0,Benign,0.47376334837909717,0.1382283098165553,0.02032126727057418
1,5,8,True,3,DoS,1,BruteForce,0.010185009975465372,0.017286895553997244,0.019282406462451693
1,5,8,True,3,DoS,2,DDoS,0.036451540652296596,0.13042690896358147,0.12415177480900132
1,5,8,True,3,DoS,3,DoS,0.2203253080962522,0.5128177952903182,0.4087992067718717
1,5,8,True,3,DoS,4,Mirai,0.020888637949967478,0.04351061541728584,0.02217535269174612
1,5,8,True,3,DoS,5,Recon,0.03155484569140943,0.04963492414530268,0.03368676920989656
1,5,8,True,3,DoS,6,Spoofing,0.19242861444211798,0.08128169942291977,0.35526064203240554
1,5,8,True,3,DoS,7,Web-Based,0.014402694813393744,0.026812851390039447,0.016322580752052833
1,5,8,True,4,Mirai,0,Benign,0.45834430574177226,0.5650352280624579,0.02087656950474786
1,5,8,True,4,Mirai,1,BruteForce,0.011655489078717302,0.020383071742731542,0.015983515560212366
1,5,8,True,4,Mirai,2,DDoS,0.029576192823524545,0.04484718415650021,0.038660112723592654
1,5,8,True,4,Mirai,3,DoS,0.020705478294718846,0.020639941325837033,0.04759563998341388
1,5,8,True,4,Mirai,4,Mirai,0.02894684628161308,0.10806777249675113,0.029070078330790852
1,5,8,True,4,Mirai,5,Recon,0.028709245582382248,0.0750009895528592,0.03957627185741308
1,5,8,True,4,Mirai,6,Spoofing,0.4088327814794393,0.13237270290397912,0.7936433695559995
1,5,8,True,4,Mirai,7,Web-Based,0.013229660717832405,0.033653109758883956,0.014594442483829661
1,5,8,True,5,Recon,0,Benign,0.450482704024029,0.5799327621549804,0.021093264373103205
1,5,8,True,5,Recon,1,BruteForce,0.011804394659029684,0.02313906158018852,0.015407309782515434
1,5,8,True,5,Recon,2,DDoS,0.028180995469566972,0.03498519407133492,0.02369803646236753
1,5,8,True,5,Recon,3,DoS,0.017609576793878257,0.013168625645710579,0.024752002415600757
1,5,8,True,5,Recon,4,Mirai,0.02669586093482195,0.07458723965508815,0.026868550362366135
1,5,8,True,5,Recon,5,Recon,0.02967249905762341,0.10642318053633157,0.059178156633661286
1,5,8,True,5,Recon,6,Spoofing,0.4216108558753857,0.12535534037174687,0.8130179254396086
1,5,8,True,5,Recon,7,Web-Based,0.013943113185665063,0.042408595984619026,0.01598475453077723
1,5,8,True,6,Spoofing,0,Benign,0.46116192034371895,0.5729402850120405,0.021448729478017604
1,5,8,True,6,Spoofing,1,BruteForce,0.011120341973968816,0.02031125270088044,0.015531213899866482
1,5,8,True,6,Spoofing,2,DDoS,0.026782025097408773,0.031808960252860785,0.027829828961803867
1,5,8,True,6,Spoofing,3,DoS,0.020922911580615097,0.01961753311366433,0.04246184559115623
1,5,8,True,6,Spoofing,4,Mirai,0.026878096389769,0.07429583645329717,0.027886377395837242
1,5,8,True,6,Spoofing,5,Recon,0.030574088072120243,0.09027429418664994,0.046378979112625535
1,5,8,True,6,Spoofing,6,Spoofing,0.40924711187094603,0.15324383805343647,0.8038997566766959
1,5,8,True,6,Spoofing,7,Web-Based,0.013313504671453041,0.03750800022717034,0.01456326888399722
1,5,8,True,7,Web-Based,0,Benign,0.4577215820471768,0.5864260230021386,0.021248320312265638
1,5,8,True,7,Web-Based,1,BruteForce,0.011555953645412207,0.020747112092409342,0.015286387545140516
1,5,8,True,7,Web-Based,2,DDoS,0.0285356485134647,0.03450300218981818,0.028256831669733275
1,5,8,True,7,Web-Based,3,DoS,0.018607539248366122,0.018611659870152834,0.027995043899772393
1,5,8,True,7,Web-Based,4,Mirai,0.027310616557668532,0.08223862227314649,0.02802592193319682
1,5,8,True,7,Web-Based,5,Recon,0.02959439102465415,0.08631878675124989,0.04640714133360993
1,5,8,True,7,Web-Based,6,Spoofing,0.4131442262845081,0.13380786137683714,0.8175646326095654
1,5,8,True,7,Web-Based,7,Web-Based,0.01353004267874937,0.03734693244424735,0.015215720696716032
1,5,9,False,0,Benign,0,Benign,0.24984535561248625,0.5842648071179685,0.21548333788446744
1,5,9,False,0,Benign,1,BruteForce,0.006732201207017321,0.019020032776813137,0.009296416774373529
1,5,9,False,0,Benign,2,DDoS,0.011588427947995448,0.04685358145955228,0.010623077642979628
1,5,9,False,0,Benign,3,DoS,0.006013185946670863,0.024967719235385183,0.008020236727995652
1,5,9,False,0,Benign,4,Mirai,0.4949719994783737,0.07120134561059407,0.5178996677385564
1,5,9,False,0,Benign,5,Recon,0.12651712074469734,0.08802486970076603,0.13611500058979864
1,5,9,False,0,Benign,6,Spoofing,0.09827962654142171,0.12998447559545698,0.09492459626863653
1,5,9,False,0,Benign,7,Web-Based,0.006052082521337444,0.03568316850346383,0.007637666373192064
1,5,9,False,1,BruteForce,0,Benign,0.22097132468293762,0.5784907339789943,0.19610232092855845
1,5,9,False,1,BruteForce,1,BruteForce,0.007184550990057957,0.02352413435018667,0.009509156089162493
1,5,9,False,1,BruteForce,2,DDoS,0.00611591520633147,0.03608463917765837,0.007933751693555117
1,5,9,False,1,BruteForce,3,DoS,0.005500459099690991,0.012991920761796968,0.007543328941042238
1,5,9,False,1,BruteForce,4,Mirai,0.5368286715140992,0.08326035914097488,0.5465504398070139
1,5,9,False,1,BruteForce,5,Recon,0.12529795625168644,0.08657140449828356,0.14077342918080463
1,5,9,False,1,BruteForce,6,Spoofing,0.09234897450981666,0.13573043791154105,0.08437531872018512
1,5,9,False,1,BruteForce,7,Web-Based,0.005752147745379747,0.04334637018056419,0.007212254639678165
1,5,9,False,2,DDoS,0,Benign,0.06440350083786818,0.20728869757526858,0.06691000441191074
1,5,9,False,2,DDoS,1,BruteForce,0.010955158675070992,0.015968395466851925,0.016317505097980422
1,5,9,False,2,DDoS,2,DDoS,0.6021792817847139,0.5409248459656422,0.5021414576654377
1,5,9,False,2,DDoS,3,DoS,0.007845219943149495,0.027036283465134772,0.012107688768286091
1,5,9,False,2,DDoS,4,Mirai,0.21102764699458512,0.043573196528457474,0.26844766819488186
1,5,9,False,2,DDoS,5,Recon,0.05421723171149174,0.07120691117924301,0.0631370766309359
1,5,9,False,2,DDoS,6,Spoofing,0.03890171791594252,0.061026966618538236,0.053672271088085595
1,5,9,False,2,DDoS,7,Web-Based,0.010470242137177963,0.032974703200863834,0.017266328142481795
1,5,9,False,3,DoS,0,Benign,0.05859412260014821,0.1382283098165553,0.06897483417857052
1,5,9,False,3,DoS,1,BruteForce,0.011209862987179978,0.017286895553997244,0.012342713245265646
1,5,9,False,3,DoS,2,DDoS,0.15931208414768935,0.13042690896358147,0.06354920168342658
1,5,9,False,3,DoS,3,DoS,0.03656071586069473,0.5128177952903182,0.012717725760159098
1,5,9,False,3,DoS,4,Mirai,0.5010897227175802,0.04351061541728584,0.6439872644043063
1,5,9,False,3,DoS,5,Recon,0.051541816115465065,0.04963492414530268,0.06291269630945055
1,5,9,False,3,DoS,6,Spoofing,0.17142733303156962,0.08128169942291977,0.12566497940791402
1,5,9,False,3,DoS,7,Web-Based,0.010264342539672755,0.026812851390039447,0.009850585010907234
1,5,9,False,4,Mirai,0,Benign,0.167460225223237,0.5650352280624579,0.1573233158549285
1,5,9,False,4,Mirai,1,BruteForce,0.006209403834729741,0.020383071742731542,0.008593220401158006
1,5,9,False,4,Mirai,2,DDoS,0.00658471386290193,0.04484718415650021,0.0077718640202395235
1,5,9,False,4,Mirai,3,DoS,0.005185412989971711,0.020639941325837033,0.007133873239263224
1,5,9,False,4,Mirai,4,Mirai,0.6747743781999198,0.10806777249675113,0.6741252208070134
1,5,9,False,4,Mirai,5,Recon,0.06856000399089818,0.0750009895528592,0.06992492982337814
1,5,9,False,4,Mirai,6,Spoofing,0.06636993258340157,0.13237270290397912,0.06874029873674141
1,5,9,False,4,Mirai,7,Web-Based,0.004855929314939947,0.033653109758883956,0.0063872771172776436
1,5,9,False,5,Recon,0,Benign,0.21591513082097472,0.5799327621549804,0.19677009728360387
1,5,9,False,5,Recon,1,BruteForce,0.007138978414089425,0.02313906158018852,0.009727646911004723
1,5,9,False,5,Recon,2,DDoS,0.006023033610213978,0.03498519407133492,0.00802319202347638
1,5,9,False,5,Recon,3,DoS,0.005303144535771409,0.013168625645710579,0.007357548666432739
1,5,9,False,5,Recon,4,Mirai,0.44892437166393245,0.07458723965508815,0.4674154179724856
1,5,9,False,5,Recon,5,Recon,0.21606982070602115,0.10642318053633157,0.21991341741126344
1,5,9,False,5,Recon,6,Spoofing,0.09472584329926571,0.12535534037174687,0.0833727013453144
1,5,9,False,5,Recon,7,Web-Based,0.005899676949730975,0.042408595984619026,0.007419978386418905
1,5,9,False,6,Spoofing,0,Benign,0.23833771951472227,0.5729402850120405,0.2183978947074893
1,5,9,False,6,Spoofing,1,BruteForce,0.007084702392141088,0.02031125270088044,0.009599091877394172
1,5,9,False,6,Spoofing,2,DDoS,0.006215906590412874,0.031808960252860785,0.008035744435393236
1,5,9,False,6,Spoofing,3,DoS,0.005567880618074628,0.01961753311366433,0.00762166671214706
1,5,9,False,6,Spoofing,4,Mirai,0.475607288532964,0.07429583645329717,0.5021608219716335
1,5,9,False,6,Spoofing,5,Recon,0.13946153411784565,0.09027429418664994,0.1419491261204346
1,5,9,False,6,Spoofing,6,Spoofing,0.1219207931182677,0.15324383805343647,0.10474130642315685
1,5,9,False,6,Spoofing,7,Web-Based,0.005804175115571779,0.03750800022717034,0.007494347752351431
1,5,9,False,7,Web-Based,0,Benign,0.21536972802352553,0.5864260230021386,0.2040040398467659
1,5,9,False,7,Web-Based,1,BruteForce,0.006580280297038135,0.020747112092409342,0.008788214218631895
1,5,9,False,7,Web-Based,2,DDoS,0.006051316034834347,0.03450300218981818,0.007745187882031269
1,5,9,False,7,Web-Based,3,DoS,0.0052962980242785935,0.018611659870152834,0.007102631447772487
1,5,9,False,7,Web-Based,4,Mirai,0.5595132921900482,0.08223862227314649,0.5701774190844833
1,5,9,False,7,Web-Based,5,Recon,0.1069383753978876,0.08631878675124989,0.11617961539210231
1,5,9,False,7,Web-Based,6,Spoofing,0.09503622730961904,0.13380786137683714,0.07919332141071314
1,5,9,False,7,Web-Based,7,Web-Based,0.005214482722768512,0.03734693244424735,0.006809570717499777
1,5,10,True,0,Benign,0,Benign,0.38663994026728526,0.5842648071179685,0.020456815118005726
1,5,10,True,0,Benign,1,BruteForce,0.0166346168997406,0.019020032776813137,0.025362824001889907
1,5,10,True,0,Benign,2,DDoS,0.05315075312246476,0.04685358145955228,0.06891660958467899
1,5,10,True,0,Benign,3,DoS,0.009206823162056817,0.024967719235385183,0.03467179823695802
1,5,10,True,0,Benign,4,Mirai,0.04459057333182483,0.07120134561059407,0.05513886759449659
1,5,10,True,0,Benign,5,Recon,0.07412703973279267,0.08802486970076603,0.11834082118703289
1,5,10,True,0,Benign,6,Spoofing,0.20210689937268567,0.12998447559545698,0.37251161444029873
1,5,10,True,0,Benign,7,Web-Based,0.2135433541111494,0.03568316850346383,0.3046006498366391
1,5,10,True,1,BruteForce,0,Benign,0.3358055576729615,0.5784907339789943,0.020988861261716514
1,5,10,True,1,BruteForce,1,BruteForce,0.01954848927032133,0.02352413435018667,0.02615709495038076
1,5,10,True,1,BruteForce,2,DDoS,0.05006220366836934,0.03608463917765837,0.04277074783899668
1,5,10,True,1,BruteForce,3,DoS,0.007691313612986083,0.012991920761796968,0.021238431213113963
1,5,10,True,1,BruteForce,4,Mirai,0.04824785644642724,0.08326035914097488,0.05713210760192411
1,5,10,True,1,BruteForce,5,Recon,0.07389065187022704,0.08657140449828356,0.1165002425448673
1,5,10,True,1,BruteForce,6,Spoofing,0.20432953024289557,0.13573043791154105,0.33102727944172206
1,5,10,True,1,BruteForce,7,Web-Based,0.26042439721581195,0.04334637018056419,0.38418523514727854
1,5,10,True,2,DDoS,0,Benign,0.43097914297325407,0.20728869757526858,0.010980066183506092
1,5,10,True,2,DDoS,1,BruteForce,0.013470169604529647,0.015968395466851925,0.017406205555134648
1,5,10,True,2,DDoS,2,DDoS,0.2100154096977527,0.5409248459656422,0.6034535978310002
1,5,10,True,2,DDoS,3,DoS,0.013756750624421105,0.027036283465134772,0.021922370333882838
1,5,10,True,2,DDoS,4,Mirai,0.03348306599148197,0.043573196528457474,0.02754543409878271
1,5,10,True,2,DDoS,5,Recon,0.06251328411569597,0.07120691117924301,0.06310723677827348
1,5,10,True,2,DDoS,6,Spoofing,0.11178165634429645,0.061026966618538236,0.13465529117099515
1,5,10,True,2,DDoS,7,Web-Based,0.12400052064856802,0.032974703200863834,0.12092979804842495
1,5,10,True,3,DoS,0,Benign,0.427303054432489,0.1382283098165553,0.01671315907603769
1,5,10,True,3,DoS,1,BruteForce,0.01253838319529433,0.017286895553997244,0.023163585366859422
1,5,10,True,3,DoS,2,DDoS,0.07356685305040203,0.13042690896358147,0.18621460147163402
1,5,10,True,3,DoS,3,DoS,0.17972989033503173,0.5128177952903182,0.3344092985388754
1,5,10,True,3,DoS,4,Mirai,0.02896068053210324,0.04351061541728584,0.03300922919894304
1,5,10,True,3,DoS,5,Recon,0.05236962786541968,0.04963492414530268,0.0737278156823062
1,5,10,True,3,DoS,6,Spoofing,0.12149181910562873,0.08128169942291977,0.22815642465188124
1,5,10,True,3,DoS,7,Web-Based,0.10403969148363124,0.026812851390039447,0.10460588601346293
1,5,10,True,4,Mirai,0,Benign,0.3686789754448928,0.5650352280624579,0.0200071284462001
1,5,10,True,4,Mirai,1,BruteForce,0.018142730354896577,0.020383071742731542,0.02647323222019778
1,5,10,True,4,Mirai,2,DDoS,0.053443066574715675,0.04484718415650021,0.061520798007315206
1,5,10,True,4,Mirai,3,DoS,0.008659099105343064,0.020639941325837033,0.03153725520246945
1,5,10,True,4,Mirai,4,Mirai,0.052301364895524005,0.10806777249675113,0.06240354170747467
1,5,10,True,4,Mirai,5,Recon,0.06680659106729343,0.0750009895528592,0.10017089846354328
1,5,10,True,4,Mirai,6,Spoofing,0.21236302386166694,0.13237270290397912,0.3761678110176306
1,5,10,True,4,Mirai,7,Web-Based,0.21960514869566755,0.033653109758883956,0.32171933493516897
1,5,10,True,5,Recon,0,Benign,0.3332169746671939,0.5799327621549804,0.020775755109562383
1,5,10,True,5,Recon,1,BruteForce,0.01934079016811279,0.02313906158018852,0.026576879637062505
1,5,10,True,5,Recon,2,DDoS,0.04906374051355247,0.03498519407133492,0.04003553730748289
1,5,10,True,5,Recon,3,DoS,0.007660399341991068,0.013168625645710579,0.021804129766206416
1,5,10,True,5,Recon,4,Mirai,0.04610024649220205,0.07458723965508815,0.05562173182493079
1,5,10,True,5,Recon,5,Recon,0.08168458088577694,0.10642318053633157,0.13275841133322416
1,5,10,True,5,Recon,6,Spoofing,0.19335955404454655,0.12535534037174687,0.32143570977265257
1,5,10,True,5,Recon,7,Web-Based,0.26957371388662427,0.042408595984619026,0.3809918452488783
1,5,10,True,6,Spoofing,0,Benign,0.3685595053940915,0.5729402850120405,0.0217800568925602
1,5,10,True,6,Spoofing,1,BruteForce,0.017207089103121114,0.02031125270088044,0.024816041360451055
1,5,10,True,6,Spoofing,2,DDoS,0.046398098675760176,0.031808960252860785,0.042080586224577554
1,5,10,True,6,Spoofing,3,DoS,0.008562149890463248,0.01961753311366433,0.027382275894432356
1,5,10,True,6,Spoofing,4,Mirai,0.04491143613692103,0.07429583645329717,0.05461894290959598
1,5,10,True,6,Spoofing,5,Recon,0.07693502340722684,0.09027429418664994,0.12076925583389725
1,5,10,True,6,Spoofing,6,Spoofing,0.21328550660493525,0.15324383805343647,0.3860480864623868
1,5,10,True,6,Spoofing,7,Web-Based,0.22414119078748074,0.03750800022717034,0.3225047544220988
1,5,10,True,7,Web-Based,0,Benign,0.35855981209713134,0.5864260230021386,0.02160899105266745
1,5,10,True,7,Web-Based,1,BruteForce,0.01832584989934041,0.020747112092409342,0.02580516611001295
1,5,10,True,7,Web-Based,2,DDoS,0.049272048824561286,0.03450300218981818,0.04497421792879827
1,5,10,True,7,Web-Based,3,DoS,0.008015954337049252,0.018611659870152834,0.022280303266128173
1,5,10,True,7,Web-Based,4,Mirai,0.047976285033891015,0.08223862227314649,0.06012807092492322
1,5,10,True,7,Web-Based,5,Recon,0.07452567075073363,0.08631878675124989,0.11465816596375036
1,5,10,True,7,Web-Based,6,Spoofing,0.20255188926091258,0.13380786137683714,0.3503181976069156
1,5,10,True,7,Web-Based,7,Web-Based,0.2407724897963804,0.03734693244424735,0.36022688714680395
1,5,11,False,0,Benign,0,Benign,0.5511013071687141,0.5842648071179685,0.47344337987932344
1,5,11,False,0,Benign,1,BruteForce,0.00714284852485347,0.019020032776813137,0.011146288854414148
1,5,11,False,0,Benign,2,DDoS,0.006977871589259275,0.04685358145955228,0.009687025811638212
1,5,11,False,0,Benign,3,DoS,0.008111192466372338,0.024967719235385183,0.025192573133213474
1,5,11,False,0,Benign,4,Mirai,0.06923728607441741,0.07120134561059407,0.0755225341248627
1,5,11,False,0,Benign,5,Recon,0.12167014454081765,0.08802486970076603,0.1313032708830428
1,5,11,False,0,Benign,6,Spoofing,0.22931277151881285,0.12998447559545698,0.2650792067890557
1,5,11,False,0,Benign,7,Web-Based,0.006446578116752973,0.03568316850346383,0.008625720524449463
1,5,11,False,1,BruteForce,0,Benign,0.5401541235446002,0.5784907339789943,0.4787329953353256
1,5,11,False,1,BruteForce,1,BruteForce,0.00812082423695464,0.02352413435018667,0.012191232034020569
1,5,11,False,1,BruteForce,2,DDoS,0.0061401910149907445,0.03608463917765837,0.008843146455897974
1,5,11,False,1,BruteForce,3,DoS,0.006448259602465118,0.012991920761796968,0.008746682886162885
1,5,11,False,1,BruteForce,4,Mirai,0.08408619078152917,0.08326035914097488,0.08188282129894102
1,5,11,False,1,BruteForce,5,Recon,0.11204426258639043,0.08657140449828356,0.13101498053668761
1,5,11,False,1,BruteForce,6,Spoofing,0.23630452809280536,0.13573043791154105,0.269580061447951
1,5,11,False,1,BruteForce,7,Web-Based,0.0067016201402643584,0.04334637018056419,0.00900808000501328
1,5,11,False,2,DDoS,0,Benign,0.1815594457201862,0.20728869757526858,0.27401982043714707
1,5,11,False,2,DDoS,1,BruteForce,0.014054008564529916,0.015968395466851925,0.014512982552416896
1,5,11,False,2,DDoS,2,DDoS,0.46523332057645334,0.5409248459656422,0.19898017686953826
1,5,11,False,2,DDoS,3,DoS,0.027402398155592436,0.027036283465134772,0.04649153550851696
1,5,11,False,2,DDoS,4,Mirai,0.08031632623197484,0.043573196528457474,0.07936742157051838
1,5,11,False,2,DDoS,5,Recon,0.06836251493772301,0.07120691117924301,0.10151691949519943
1,5,11,False,2,DDoS,6,Spoofing,0.1518771822697732,0.061026966618538236,0.27231829590891415
1,5,11,False,2,DDoS,7,Web-Based,0.011194803543767085,0.032974703200863834,0.012792847657748772
1,5,11,False,3,DoS,0,Benign,0.07441839971132934,0.1382283098165553,0.09628665620705615
1,5,11,False,3,DoS,1,BruteForce,0.008772654783896258,0.017286895553997244,0.012209182401874517
1,5,11,False,3,DoS,2,DDoS,0.014831629673955968,0.13042690896358147,0.01498853043318686
1,5,11,False,3,DoS,3,DoS,0.5860270392165318,0.5128177952903182,0.5188477070716633
1,5,11,False,3,DoS,4,Mirai,0.029276974255353014,0.04351061541728584,0.05715616701225084
1,5,11,False,3,DoS,5,Recon,0.029142653406633235,0.04963492414530268,0.04264760820100689
1,5,11,False,3,DoS,6,Spoofing,0.25058968424006234,0.08128169942291977,0.24874501932390028
1,5,11,False,3,DoS,7,Web-Based,0.006940964712238144,0.026812851390039447,0.00911912934906115
1,5,11,False,4,Mirai,0,Benign,0.49461055465697806,0.5650352280624579,0.45217242285881204
1,5,11,False,4,Mirai,1,BruteForce,0.008426566373923337,0.020383071742731542,0.01219060804833515
1,5,11,False,4,Mirai,2,DDoS,0.006979373928913359,0.04484718415650021,0.009400728795405043
1,5,11,False,4,Mirai,3,DoS,0.009941964343052853,0.020639941325837033,0.021452682420140607
1,5,11,False,4,Mirai,4,Mirai,0.14523197417857914,0.10806777249675113,0.1092350789906522
1,5,11,False,4,Mirai,5,Recon,0.0835553702034092,0.0750009895528592,0.09302419038384412
1,5,11,False,4,Mirai,6,Spoofing,0.24474595401861135,0.13237270290397912,0.2940589909264818
1,5,11,False,4,Mirai,7,Web-Based,0.006508242296532852,0.033653109758883956,0.008465297576329007
1,5,11,False,5,Recon,0,Benign,0.5422156323920796,0.5799327621549804,0.46622386775748786
1,5,11,False,5,Recon,1,BruteForce,0.007542835270294254,0.02313906158018852,0.01191817721515381
1,5,11,False,5,Recon,2,DDoS,0.0057306238486658076,0.03498519407133492,0.008353818531332633
1,5,11,False,5,Recon,3,DoS,0.005364019722465006,0.013168625645710579,0.007904320787992756
1,5,11,False,5,Recon,4,Mirai,0.06434424522354322,0.07458723965508815,0.07108837788594703
1,5,11,False,5,Recon,5,Recon,0.1653572023030325,0.10642318053633157,0.19265422492335146
1,5,11,False,5,Recon,6,Spoofing,0.20262613532257345,0.12535534037174687,0.23274702270435857
1,5,11,False,5,Recon,7,Web-Based,0.006819305917346194,0.042408595984619026,0.009110190194375856
1,5,11,False,6,Spoofing,0,Benign,0.5026019458346168,0.5729402850120405,0.4604096974036885
1,5,11,False,6,Spoofing,1,BruteForce,0.00749349650119186,0.02031125270088044,0.01174389977787997
1,5,11,False,6,Spoofing,2,DDoS,0.006160734362063036,0.031808960252860785,0.009105124378632574
1,5,11,False,6,Spoofing,3,DoS,0.006663264398102254,0.01961753311366433,0.010994779957706494
1,5,11,False,6,Spoofing,4,Mirai,0.06613031828837275,0.07429583645329717,0.07328568588822815
1,5,11,False,6,Spoofing,5,Recon,0.1194472730648264,0.09027429418664994,0.12598781128078118
1,5,11,False,6,Spoofing,6,Spoofing,0.28520818382234747,0.15324383805343647,0.2999916378923495
1,5,11,False,6,Spoofing,7,Web-Based,0.006294783728479435,0.03750800022717034,0.008481363420733726
1,5,11,False,7,Web-Based,0,Benign,0.5402365579250659,0.5864260230021386,0.5013232300528265
1,5,11,False,7,Web-Based,1,BruteForce,0.0075857487762120085,0.020747112092409342,0.01157876764999637
1,5,11,False,7,Web-Based,2,DDoS,0.006230460005012221,0.03450300218981818,0.008736409527310971
1,5,11,False,7,Web-Based,3,DoS,0.012868233549131884,0.018611659870152834,0.012398572803571501
1,5,11,False,7,Web-Based,4,Mirai,0.08135977397276559,0.08223862227314649,0.08401642937910789
1,5,11,False,7,Web-Based,5,Recon,0.10432171166588643,0.08631878675124989,0.11429694186849251
1,5,11,False,7,Web-Based,6,Spoofing,0.24097486024455797,0.13380786137683714,0.2592160403690396
1,5,11,False,7,Web-Based,7,Web-Based,0.0064226538613681786,0.03734693244424735,0.008433608349654592
1,5,12,False,0,Benign,0,Benign,0.024305916641743103,0.5842648071179685,0.024829597480377177
1,5,12,False,0,Benign,1,BruteForce,0.015883877655905737,0.019020032776813137,0.019545179814319358
1,5,12,False,0,Benign,2,DDoS,0.01203029310575324,0.04685358145955228,0.013966971909097016
1,5,12,False,0,Benign,3,DoS,0.059358511987324745,0.024967719235385183,0.09257783156464883
1,5,12,False,0,Benign,4,Mirai,0.5394752027189654,0.07120134561059407,0.5150751649724942
1,5,12,False,0,Benign,5,Recon,0.1114194139061117,0.08802486970076603,0.10670768132055145
1,5,12,False,0,Benign,6,Spoofing,0.18852388147267066,0.12998447559545698,0.18448119915060193
1,5,12,False,0,Benign,7,Web-Based,0.0490029025115255,0.03568316850346383,0.04281637378791012
1,5,12,False,1,BruteForce,0,Benign,0.023426676549762344,0.5784907339789943,0.023625438776656682
1,5,12,False,1,BruteForce,1,BruteForce,0.01902863533527618,0.02352413435018667,0.022419564548223626
1,5,12,False,1,BruteForce,2,DDoS,0.011819114417989307,0.03608463917765837,0.01381975131989612
1,5,12,False,1,BruteForce,3,DoS,0.02074340261310106,0.012991920761796968,0.028607414491510556
1,5,12,False,1,BruteForce,4,Mirai,0.5934010260574755,0.08326035914097488,0.5736013049919146
1,5,12,False,1,BruteForce,5,Recon,0.10589602521447589,0.08657140449828356,0.11170407683280431
1,5,12,False,1,BruteForce,6,Spoofing,0.16380666537459868,0.13573043791154105,0.1707439226238633
1,5,12,False,1,BruteForce,7,Web-Based,0.0618784544373211,0.04334637018056419,0.055478526415130736
1,5,12,False,2,DDoS,0,Benign,0.012547614045001062,0.20728869757526858,0.01680089261063493
1,5,12,False,2,DDoS,1,BruteForce,0.017709806545536767,0.015968395466851925,0.01963444727675615
1,5,12,False,2,DDoS,2,DDoS,0.4671403714037979,0.5409248459656422,0.3179660452894085
1,5,12,False,2,DDoS,3,DoS,0.08658989175307355,0.027036283465134772,0.1258654534577975
1,5,12,False,2,DDoS,4,Mirai,0.2531435359052442,0.043573196528457474,0.29897650513183394
1,5,12,False,2,DDoS,5,Recon,0.06889189405472339,0.07120691117924301,0.0863940954868949
1,5,12,False,2,DDoS,6,Spoofing,0.0622284667508192,0.061026966618538236,0.09892638537775021
1,5,12,False,2,DDoS,7,Web-Based,0.031748419541803935,0.032974703200863834,0.035436175368923704
1,5,12,False,3,DoS,0,Benign,0.00952283415329689,0.1382283098165553,0.016726369208477445
1,5,12,False,3,DoS,1,BruteForce,0.008214409511616382,0.017286895553997244,0.011309717414880686
1,5,12,False,3,DoS,2,DDoS,0.014949139028050985,0.13042690896358147,0.01598929795440228
1,5,12,False,3,DoS,3,DoS,0.8245067085900016,0.5128177952903182,0.7515700510025561
1,5,12,False,3,DoS,4,Mirai,0.07267554735471611,0.04351061541728584,0.09491391062108127
1,5,12,False,3,DoS,5,Recon,0.02143435987414063,0.04963492414530268,0.031933265133675975
1,5,12,False,3,DoS,6,Spoofing,0.035512481143784004,0.08128169942291977,0.058155439238895094
1,5,12,False,3,DoS,7,Web-Based,0.013184520344393387,0.026812851390039447,0.019401949426031125
1,5,12,False,4,Mirai,0,Benign,0.02175427366009009,0.5650352280624579,0.022483003606883073
1,5,12,False,4,Mirai,1,BruteForce,0.01561678596864394,0.020383071742731542,0.01970349502048425
1,5,12,False,4,Mirai,2,DDoS,0.011921118316731366,0.04484718415650021,0.013346202784025247
1,5,12,False,4,Mirai,3,DoS,0.02544912037806993,0.020639941325837033,0.056629723592162784
1,5,12,False,4,Mirai,4,Mirai,0.6707391566687394,0.10806777249675113,0.6230447034702109
1,5,12,False,4,Mirai,5,Recon,0.07492895843849476,0.0750009895528592,0.06890118413292659
1,5,12,False,4,Mirai,6,Spoofing,0.13636309483838133,0.13237270290397912,0.15646814339997697
1,5,12,False,4,Mirai,7,Web-Based,0.04322749173084915,0.033653109758883956,0.039423543993330284
1,5,12,False,5,Recon,0,Benign,0.023309544026922455,0.5799327621549804,0.02332659890335826
1,5,12,False,5,Recon,1,BruteForce,0.019104766343840524,0.02313906158018852,0.022141861595341858
1,5,12,False,5,Recon,2,DDoS,0.012238005673027514,0.03498519407133492,0.01330862680376723
1,5,12,False,5,Recon,3,DoS,0.024329474989369534,0.013168625645710579,0.031113531428126426
1,5,12,False,5,Recon,4,Mirai,0.5453620358621639,0.07458723965508815,0.5418403020321463
1,5,12,False,5,Recon,5,Recon,0.14696943937358029,0.10642318053633157,0.1482011301690765
1,5,12,False,5,Recon,6,Spoofing,0.15909872660770846,0.12535534037174687,0.1616324043129359
1,5,12,False,5,Recon,7,Web-Based,0.06958800712338724,0.042408595984619026,0.05843554475524766
1,5,12,False,6,Spoofing,0,Benign,0.025639581565812475,0.5729402850120405,0.02587574317902584
1,5,12,False,6,Spoofing,1,BruteForce,0.017116129131378482,0.02031125270088044,0.021090653737591
1,5,12,False,6,Spoofing,2,DDoS,0.011501140365943194,0.031808960252860785,0.013597515965767248
1,5,12,False,6,Spoofing,3,DoS,0.030151592888939593,0.01961753311366433,0.06323612196470647
1,5,12,False,6,Spoofing,4,Mirai,0.5163370744807357,0.07429583645329717,0.5183303364393723
1,5,12,False,6,Spoofing,5,Recon,0.12770605060720605,0.09027429418664994,0.10751826190860643
1,5,12,False,6,Spoofing,6,Spoofing,0.21756951625287038,0.15324383805343647,0.20306662056597372
1,5,12,False,6,Spoofing,7,Web-Based,0.0539789147071141,0.03750800022717034,0.04728474623895696
1,5,12,False,7,Web-Based,0,Benign,0.023911511682547373,0.5864260230021386,0.023875346286280782
1,5,12,False,7,Web-Based,1,BruteForce,0.016703639548131373,0.020747112092409342,0.02053453382702186
1,5,12,False,7,Web-Based,2,DDoS,0.011650362886719341,0.03450300218981818,0.013278761077206812
1,5,12,False,7,Web-Based,3,DoS,0.03282236521339272,0.018611659870152834,0.04494010863094038
1,5,12,False,7,Web-Based,4,Mirai,0.5750795501448273,0.08223862227314649,0.567889218230176
1,5,12,False,7,Web-Based,5,Recon,0.11096592920993026,0.08631878675124989,0.1041776086671665
1,5,12,False,7,Web-Based,6,Spoofing,0.17428618444414534,0.13380786137683714,0.17625059201498833
1,5,12,False,7,Web-Based,7,Web-Based,0.05458045687030644,0.03734693244424735,0.04905383126621931
1,5,13,False,0,Benign,0,Benign,0.05744426880873167,0.5842648071179685,0.05749713651177938
1,5,13,False,0,Benign,1,BruteForce,0.09333237858780385,0.019020032776813137,0.10346369031267896
1,5,13,False,0,Benign,2,DDoS,0.07942002474997698,0.04685358145955228,0.05420476858207108
1,5,13,False,0,Benign,3,DoS,0.0078079238715826815,0.024967719235385183,0.010058685551739062
1,5,13,False,0,Benign,4,Mirai,0.05020435833643004,0.07120134561059407,0.05116262246316639
1,5,13,False,0,Benign,5,Recon,0.4192226826533506,0.08802486970076603,0.4232803475807784
1,5,13,False,0,Benign,6,Spoofing,0.11765624417509542,0.12998447559545698,0.12261779034204671
1,5,13,False,0,Benign,7,Web-Based,0.17491211881702884,0.03568316850346383,0.17771495865574
1,5,13,False,1,BruteForce,0,Benign,0.06108608741987452,0.5784907339789943,0.05962613028406457
1,5,13,False,1,BruteForce,1,BruteForce,0.1386864971529203,0.02352413435018667,0.13009449341293977
1,5,13,False,1,BruteForce,2,DDoS,0.024623736726833993,0.03608463917765837,0.023042101435346983
1,5,13,False,1,BruteForce,3,DoS,0.009144834919688847,0.012991920761796968,0.010233785423284502
1,5,13,False,1,BruteForce,4,Mirai,0.05921668855837387,0.08326035914097488,0.057509494562634426
1,5,13,False,1,BruteForce,5,Recon,0.3816874553144779,0.08657140449828356,0.39457579767142514
1,5,13,False,1,BruteForce,6,Spoofing,0.11426545129546736,0.13573043791154105,0.11183157422043899
1,5,13,False,1,BruteForce,7,Web-Based,0.2112892486123633,0.04334637018056419,0.2130866229898656
1,5,13,False,2,DDoS,0,Benign,0.019303066211080584,0.20728869757526858,0.022108211221356814
1,5,13,False,2,DDoS,1,BruteForce,0.04000111746968872,0.015968395466851925,0.04368157776738001
1,5,13,False,2,DDoS,2,DDoS,0.6567219153094227,0.5409248459656422,0.6242929037878691
1,5,13,False,2,DDoS,3,DoS,0.0053677376048626895,0.027036283465134772,0.008008187478934971
1,5,13,False,2,DDoS,4,Mirai,0.02645349915036923,0.043573196528457474,0.02785102017241448
1,5,13,False,2,DDoS,5,Recon,0.14761746855883645,0.07120691117924301,0.15364215292644115
1,5,13,False,2,DDoS,6,Spoofing,0.04527877866730336,0.061026966618538236,0.0538612070837752
1,5,13,False,2,DDoS,7,Web-Based,0.05925641702843632,0.032974703200863834,0.06655473956182839
1,5,13,False,3,DoS,0,Benign,0.015909422973859184,0.1382283098165553,0.02320974683030107
1,5,13,False,3,DoS,1,BruteForce,0.08405365871571001,0.017286895553997244,0.0629421704006566
1,5,13,False,3,DoS,2,DDoS,0.30622146557146795,0.13042690896358147,0.26833510634125607
1,5,13,False,3,DoS,3,DoS,0.17383714863221775,0.5128177952903182,0.027305466423663383
1,5,13,False,3,DoS,4,Mirai,0.0659989622095072,0.04351061541728584,0.049466134721277547
1,5,13,False,3,DoS,5,Recon,0.14351708457592144,0.04963492414530268,0.327906373727517
1,5,13,False,3,DoS,6,Spoofing,0.14775568262185004,0.08128169942291977,0.14732729744242198
1,5,13,False,3,DoS,7,Web-Based,0.06270657469946644,0.026812851390039447,0.09350770411290636
1,5,13,False,4,Mirai,0,Benign,0.06098191842889237,0.5650352280624579,0.06100162194324706
1,5,13,False,4,Mirai,1,BruteForce,0.12341283893023601,0.020383071742731542,0.12361646903270689
1,5,13,False,4,Mirai,2,DDoS,0.06701748870475956,0.04484718415650021,0.05326710468157676
1,5,13,False,4,Mirai,3,DoS,0.009287823596738569,0.020639941325837033,0.01084868097819182
1,5,13,False,4,Mirai,4,Mirai,0.09262924744279868,0.10806777249675113,0.06609670227560022
1,5,13,False,4,Mirai,5,Recon,0.34131633897722513,0.0750009895528592,0.3633896833909897
1,5,13,False,4,Mirai,6,Spoofing,0.1276234221163412,0.13237270290397912,0.1324760997167731
1,5,13,False,4,Mirai,7,Web-Based,0.17773092180300848,0.033653109758883956,0.1893036379809144
1,5,13,False,5,Recon,0,Benign,0.05704081950068953,0.5799327621549804,0.05763777940526026
1,5,13,False,5,Recon,1,BruteForce,0.12070896581386757,0.02313906158018852,0.12702375741754868
1,5,13,False,5,Recon,2,DDoS,0.020796168888500027,0.03498519407133492,0.02078358976432743
1,5,13,False,5,Recon,3,DoS,0.008793858504046946,0.013168625645710579,0.010235010424116757
1,5,13,False,5,Recon,4,Mirai,0.05429160633472748,0.07458723965508815,0.05467545999037426
1,5,13,False,5,Recon,5,Recon,0.43872251981490346,0.10642318053633157,0.42425674886292136
1,5,13,False,5,Recon,6,Spoofing,0.10487791669233075,0.12535534037174687,0.10626563807496904
1,5,13,False,5,Recon,7,Web-Based,0.19476814445093435,0.042408595984619026,0.19912201606048222
1,5,13,False,6,Spoofing,0,Benign,0.05654302907495629,0.5729402850120405,0.05754445650590263
1,5,13,False,6,Spoofing,1,BruteForce,0.09897283230851202,0.02031125270088044,0.10679050974322954
1,5,13,False,6,Spoofing,2,DDoS,0.02011290153504983,0.031808960252860785,0.021396456900998756
1,5,13,False,6,Spoofing,3,DoS,0.0075599532916446515,0.01961753311366433,0.009602884911103072
1,5,13,False,6,Spoofing,4,Mirai,0.04928229821956274,0.07429583645329717,0.04978328944499645
1,5,13,False,6,Spoofing,5,Recon,0.45070100801822965,0.09027429418664994,0.43796047668096205
1,5,13,False,6,Spoofing,6,Spoofing,0.13064733731127606,0.15324383805343647,0.12709461043174292
1,5,13,False,6,Spoofing,7,Web-Based,0.18618064024076872,0.03750800022717034,0.18982731538106454
1,5,13,False,7,Web-Based,0,Benign,0.06261676638813327,0.5864260230021386,0.06181210808361252
1,5,13,False,7,Web-Based,1,BruteForce,0.11025671375928615,0.020747112092409342,0.12019837791274723
1,5,13,False,7,Web-Based,2,DDoS,0.02669171487494756,0.03450300218981818,0.02480355769524339
1,5,13,False,7,Web-Based,3,DoS,0.00816202727556867,0.018611659870152834,0.01011574249907625
1,5,13,False,7,Web-Based,4,Mirai,0.05911458898248184,0.08223862227314649,0.05694971014100658
1,5,13,False,7,Web-Based,5,Recon,0.4191333460483801,0.08631878675124989,0.40772439383732884
1,5,13,False,7,Web-Based,6,Spoofing,0.11752049996203401,0.13380786137683714,0.11785679969935357
1,5,13,False,7,Web-Based,7,Web-Based,0.19650434270916836,0.03734693244424735,0.20053931013163157
1,5,14,True,0,Benign,0,Benign,0.6524344558774343,0.5842648071179685,0.17159013702518777
1,5,14,True,0,Benign,1,BruteForce,0.027536571198618482,0.019020032776813137,0.09262206067163273
1,5,14,True,0,Benign,2,DDoS,0.07272545446679539,0.04685358145955228,0.1392793600444297
1,5,14,True,0,Benign,3,DoS,0.019456058324433995,0.024967719235385183,0.07997898194732465
1,5,14,True,0,Benign,4,Mirai,0.04428671311180117,0.07120134561059407,0.12650162575579732
1,5,14,True,0,Benign,5,Recon,0.06482494359724522,0.08802486970076603,0.16133526539859752
1,5,14,True,0,Benign,6,Spoofing,0.02903238899587349,0.12998447559545698,0.030463576898599198
1,5,14,True,0,Benign,7,Web-Based,0.08970341442779801,0.03568316850346383,0.19822899225843124
1,5,14,True,1,BruteForce,0,Benign,0.6269987238134833,0.5784907339789943,0.15981827942829963
1,5,14,True,1,BruteForce,1,BruteForce,0.036598144064387335,0.02352413435018667,0.11919736472531471
1,5,14,True,1,BruteForce,2,DDoS,0.07006897887168383,0.03608463917765837,0.09586325445684236
1,5,14,True,1,BruteForce,3,DoS,0.010266324227765578,0.012991920761796968,0.02750298718461047
1,5,14,True,1,BruteForce,4,Mirai,0.052540732367116934,0.08326035914097488,0.14991398389204302
1,5,14,True,1,BruteForce,5,Recon,0.058684390045625985,0.08657140449828356,0.15367004774690482
1,5,14,True,1,BruteForce,6,Spoofing,0.0313168620118519,0.13573043791154105,0.03172333368558744
1,5,14,True,1,BruteForce,7,Web-Based,0.11352584459808518,0.04334637018056419,0.2623107488803975
1,5,14,True,2,DDoS,0,Benign,0.521739717125578,0.20728869757526858,0.053017600927377284
1,5,14,True,2,DDoS,1,BruteForce,0.01942148140514024,0.015968395466851925,0.03997535117079434
1,5,14,True,2,DDoS,2,DDoS,0.23840352590923297,0.5409248459656422,0.6360894442448033
1,5,14,True,2,DDoS,3,DoS,0.02469768095000451,0.027036283465134772,0.04657890611579872
1,5,14,True,2,DDoS,4,Mirai,0.03662177120787639,0.043573196528457474,0.0537919496731302
1,5,14,True,2,DDoS,5,Recon,0.060223637964820914,0.07120691117924301,0.06762938575685247
1,5,14,True,2,DDoS,6,Spoofing,0.034940657773627926,0.061026966618538236,0.02081890482345985
1,5,14,True,2,DDoS,7,Web-Based,0.06395152766371921,0.032974703200863834,0.0820984572877838
1,5,14,True,3,DoS,0,Benign,0.4939222298805279,0.1382283098165553,0.047356584015280756
1,5,14,True,3,DoS,1,BruteForce,0.015433498219830389,0.017286895553997244,0.036291005378317316
1,5,14,True,3,DoS,2,DDoS,0.10199398852745066,0.13042690896358147,0.2221581088912121
1,5,14,True,3,DoS,3,DoS,0.23829343563849237,0.5128177952903182,0.5026244153996872
1,5,14,True,3,DoS,4,Mirai,0.029518245424452156,0.04351061541728584,0.043962068927556365
1,5,14,True,3,DoS,5,Recon,0.04449844158999175,0.04963492414530268,0.059214137325506455
1,5,14,True,3,DoS,6,Spoofing,0.029045515537393856,0.08128169942291977,0.02396323625322775
1,5,14,True,3,DoS,7,Web-Based,0.04729464518186086,0.026812851390039447,0.06443044380921217
1,5,14,True,4,Mirai,0,Benign,0.640618665218077,0.5650352280624579,0.16141479010168433
1,5,14,True,4,Mirai,1,BruteForce,0.03239645739398216,0.020383071742731542,0.10572349471627777
1,5,14,True,4,Mirai,2,DDoS,0.07596717622604336,0.04484718415650021,0.13543025838069145
1,5,14,True,4,Mirai,3,DoS,0.015893840487024483,0.020639941325837033,0.06528685374137716
1,5,14,True,4,Mirai,4,Mirai,0.05755954840229703,0.10806777249675113,0.16430024294026874
1,5,14,True,4,Mirai,5,Recon,0.05310879070407849,0.0750009895528592,0.1227110670151238
1,5,14,True,4,Mirai,6,Spoofing,0.030904027254621606,0.13237270290397912,0.03162104662694507
1,5,14,True,4,Mirai,7,Web-Based,0.09355149431387595,0.033653109758883956,0.21351224647763176
1,5,14,True,5,Recon,0,Benign,0.6207337341855785,0.5799327621549804,0.15670669674963092
1,5,14,True,5,Recon,1,BruteForce,0.03608621959532757,0.02313906158018852,0.11970365957095339
1,5,14,True,5,Recon,2,DDoS,0.06896228439707892,0.03498519407133492,0.08588114233073707
1,5,14,True,5,Recon,3,DoS,0.010672072224288523,0.013168625645710579,0.03014968200755131
1,5,14,True,5,Recon,4,Mirai,0.048893565806458865,0.07458723965508815,0.14400217355215475
1,5,14,True,5,Recon,5,Recon,0.06564974317208526,0.10642318053633157,0.17470776341238384
1,5,14,True,5,Recon,6,Spoofing,0.02880504089165607,0.12535534037174687,0.030000272925196855
1,5,14,True,5,Recon,7,Web-Based,0.12019733972752643,0.042408595984619026,0.2588486094513919
1,5,14,True,6,Spoofing,0,Benign,0.6571406623955646,0.5729402850120405,0.1853873308906896
1,5,14,True,6,Spoofing,1,BruteForce,0.029267104011525782,0.02031125270088044,0.09927435898027089
1,5,14,True,6,Spoofing,2,DDoS,0.06061125804803818,0.031808960252860785,0.09171200275668132
1,5,14,True,6,Spoofing,3,DoS,0.01667487447836294,0.01961753311366433,0.06546794508444789
1,5,14,True,6,Spoofing,4,Mirai,0.043338113670347074,0.07429583645329717,0.13180415243329308
1,5,14,True,6,Spoofing,5,Recon,0.06879785382608164,0.09027429418664994,0.1656631835826048
1,5,14,True,6,Spoofing,6,Spoofing,0.029029385997162014,0.15324383805343647,0.03164717560422008
1,5,14,True,6,Spoofing,7,Web-Based,0.09514074757291774,0.03750800022717034,0.22904385066779231
1,5,14,True,7,Web-Based,0,Benign,0.6437201078164394,0.5864260230021386,0.17297623575664542
1,5,14,True,7,Web-Based,1,BruteForce,0.032116440624391514,0.020747112092409342,0.10708717032208526
1,5,14,True,7,Web-Based,2,DDoS,0.06718666017037853,0.03450300218981818,0.1066949517894003
1,5,14,True,7,Web-Based,3,DoS,0.014236188334323517,0.018611659870152834,0.04939253408097092
1,5,14,True,7,Web-Based,4,Mirai,0.050265269366114244,0.08223862227314649,0.14558805307634887
1,5,14,True,7,Web-Based,5,Recon,0.0636408278319587,0.08631878675124989,0.15697656799097004
1,5,14,True,7,Web-Based,6,Spoofing,0.028936431232242894,0.13380786137683714,0.030242968952408876
1,5,14,True,7,Web-Based,7,Web-Based,0.09989807462415114,0.03734693244424735,0.23104151803117037
1,5,15,True,0,Benign,0,Benign,0.7227855496492575,0.5842648071179685,0.04236693763547878
1,5,15,True,0,Benign,1,BruteForce,0.012950735566591052,0.019020032776813137,0.01892103887566981
1,5,15,True,0,Benign,2,DDoS,0.05321629948603132,0.04685358145955228,0.5282522823806991
1,5,15,True,0,Benign,3,DoS,0.02727461296414064,0.024967719235385183,0.24631879642162938
1,5,15,True,0,Benign,4,Mirai,0.044449511251285025,0.07120134561059407,0.03668175591902449
1,5,15,True,0,Benign,5,Recon,0.05256590833948014,0.08802486970076603,0.037223230710445386
1,5,15,True,0,Benign,6,Spoofing,0.06025332661913599,0.12998447559545698,0.06087347994752148
1,5,15,True,0,Benign,7,Web-Based,0.02650405612407839,0.03568316850346383,0.029362478109531586
1,5,15,True,1,BruteForce,0,Benign,0.7134592908217683,0.5784907339789943,0.04489409673142531
1,5,15,True,1,BruteForce,1,BruteForce,0.016068561006834195,0.02352413435018667,0.020358402406729318
1,5,15,True,1,BruteForce,2,DDoS,0.05803649486665794,0.03608463917765837,0.5344620133787376
1,5,15,True,1,BruteForce,3,DoS,0.018462707028900356,0.012991920761796968,0.2206143639574129
1,5,15,True,1,BruteForce,4,Mirai,0.05526888926011544,0.08326035914097488,0.03968907350278579
1,5,15,True,1,BruteForce,5,Recon,0.03762025446137367,0.08657140449828356,0.03958438610992975
1,5,15,True,1,BruteForce,6,Spoofing,0.07234081219212618,0.13573043791154105,0.06672043510797376
1,5,15,True,1,BruteForce,7,Web-Based,0.02874299036222392,0.04334637018056419,0.03367722880500573
1,5,15,True,2,DDoS,0,Benign,0.5573739072990737,0.20728869757526858,0.021176872935646043
1,5,15,True,2,DDoS,1,BruteForce,0.014060456432551056,0.015968395466851925,0.016604307060660434
1,5,15,True,2,DDoS,2,DDoS,0.20440180161272473,0.5409248459656422,0.7370508706933037
1,5,15,True,2,DDoS,3,DoS,0.033785143853589286,0.027036283465134772,0.1129810567230648
1,5,15,True,2,DDoS,4,Mirai,0.038483860233574224,0.043573196528457474,0.026179711930875767
1,5,15,True,2,DDoS,5,Recon,0.06507316860260205,0.07120691117924301,0.028090226780359044
1,5,15,True,2,DDoS,6,Spoofing,0.05326004149613812,0.061026966618538236,0.035164126379575784
1,5,15,True,2,DDoS,7,Web-Based,0.03356162046974694,0.032974703200863834,0.02275282749651443
1,5,15,True,3,DoS,0,Benign,0.47686112546242954,0.1382283098165553,0.024114336298217926
1,5,15,True,3,DoS,1,BruteForce,0.011655971160535168,0.017286895553997244,0.016793409861743457
1,5,15,True,3,DoS,2,DDoS,0.0603816141279638,0.13042690896358147,0.21955537550127938
1,5,15,True,3,DoS,3,DoS,0.30982762616654697,0.5128177952903182,0.6414624660768931
1,5,15,True,3,DoS,4,Mirai,0.029359451019920286,0.04351061541728584,0.02016733558239775
1,5,15,True,3,DoS,5,Recon,0.04394007053014804,0.04963492414530268,0.022461414913278792
1,5,15,True,3,DoS,6,Spoofing,0.042741799684249536,0.08128169942291977,0.035677155829951276
1,5,15,True,3,DoS,7,Web-Based,0.025232341848206625,0.026812851390039447,0.01976850593623829
1,5,15,True,4,Mirai,0,Benign,0.7029594853542084,0.5650352280624579,0.04395137160671898
1,5,15,True,4,Mirai,1,BruteForce,0.015180068676257454,0.020383071742731542,0.01926825074047055
1,5,15,True,4,Mirai,2,DDoS,0.05828877515137945,0.04484718415650021,0.5195156145993107
1,5,15,True,4,Mirai,3,DoS,0.026509245915141717,0.020639941325837033,0.24913312575208632
1,5,15,True,4,Mirai,4,Mirai,0.06358815532566932,0.10806777249675113,0.040414798266695494
1,5,15,True,4,Mirai,5,Recon,0.03865523934732351,0.0750009895528592,0.03364497392438477
1,5,15,True,4,Mirai,6,Spoofing,0.06862177773312739,0.13237270290397912,0.06355147507403948
1,5,15,True,4,Mirai,7,Web-Based,0.02619725249689287,0.033653109758883956,0.030520390036293685
1,5,15,True,5,Recon,0,Benign,0.7207638708456319,0.5799327621549804,0.04514706382886617
1,5,15,True,5,Recon,1,BruteForce,0.015091892397297146,0.02313906158018852,0.02001484453154398
1,5,15,True,5,Recon,2,DDoS,0.0571223779407178,0.03498519407133492,0.5127337985910626
1,5,15,True,5,Recon,3,DoS,0.01979849811867923,0.013168625645710579,0.24398687883372686
1,5,15,True,5,Recon,4,Mirai,0.04639761127617776,0.07458723965508815,0.03886252662398253
1,5,15,True,5,Recon,5,Recon,0.04586906661716679,0.10642318053633157,0.04211230117798616
1,5,15,True,5,Recon,6,Spoofing,0.06423663386616595,0.12535534037174687,0.06376056228826558
1,5,15,True,5,Recon,7,Web-Based,0.030720048938163526,0.042408595984619026,0.03338202412456612
1,5,15,True,6,Spoofing,0,Benign,0.7236151611523608,0.5729402850120405,0.043005885134965845
1,5,15,True,6,Spoofing,1,BruteForce,0.013500130825050253,0.02031125270088044,0.01834045905221986
1,5,15,True,6,Spoofing,2,DDoS,0.04845621417073399,0.031808960252860785,0.49072953955158416
1,5,15,True,6,Spoofing,3,DoS,0.023589651006727694,0.01961753311366433,0.2824016376729417
1,5,15,True,6,Spoofing,4,Mirai,0.04430342665568695,0.07429583645329717,0.03785576603850135
1,5,15,True,6,Spoofing,5,Recon,0.05377340586846887,0.09027429418664994,0.03678623809694415
1,5,15,True,6,Spoofing,6,Spoofing,0.06633401165320969,0.15324383805343647,0.0618361422887544
1,5,15,True,6,Spoofing,7,Web-Based,0.026427998667761788,0.03750800022717034,0.029044332164088547
1,5,15,True,7,Web-Based,0,Benign,0.7232730756356271,0.5864260230021386,0.047836468758936025
1,5,15,True,7,Web-Based,1,BruteForce,0.014195429461150438,0.020747112092409342,0.018904512376939644
1,5,15,True,7,Web-Based,2,DDoS,0.05297388049963792,0.03450300218981818,0.567691749291272
1,5,15,True,7,Web-Based,3,DoS,0.02233611259794746,0.018611659870152834,0.1911275154593667
1,5,15,True,7,Web-Based,4,Mirai,0.050127077855085536,0.08223862227314649,0.03838110695791504
1,5,15,True,7,Web-Based,5,Recon,0.04756996376903113,0.08631878675124989,0.04044927991821215
1,5,15,True,7,Web-Based,6,Spoofing,0.06270943246744765,0.13380786137683714,0.06403901028637875
1,5,15,True,7,Web-Based,7,Web-Based,0.026815027714072716,0.03734693244424735,0.031570356950979664
1,5,16,False,0,Benign,0,Benign,0.566415367400865,0.5842648071179685,0.5300303097474559
1,5,16,False,0,Benign,1,BruteForce,0.018269847444826855,0.019020032776813137,0.021027505928547224
1,5,16,False,0,Benign,2,DDoS,0.16620579790181217,0.04685358145955228,0.17094103833841987
1,5,16,False,0,Benign,3,DoS,0.019617721525336067,0.024967719235385183,0.04830328813067926
1,5,16,False,0,Benign,4,Mirai,0.015465135046346027,0.07120134561059407,0.017511748699624068
1,5,16,False,0,Benign,5,Recon,0.03107288094931078,0.08802486970076603,0.032187210622168616
1,5,16,False,0,Benign,6,Spoofing,0.09825681596959422,0.12998447559545698,0.09566273227944116
1,5,16,False,0,Benign,7,Web-Based,0.08469643376190884,0.03568316850346383,0.0843361662536639
1,5,16,False,1,BruteForce,0,Benign,0.5748994060980094,0.5784907339789943,0.5790399720667506
1,5,16,False,1,BruteForce,1,BruteForce,0.023144957578374408,0.02352413435018667,0.023723883676597893
1,5,16,False,1,BruteForce,2,DDoS,0.13302342971225534,0.03608463917765837,0.1228205229672812
1,5,16,False,1,BruteForce,3,DoS,0.008589186619396656,0.012991920761796968,0.015792268374392043
1,5,16,False,1,BruteForce,4,Mirai,0.01631255722875934,0.08326035914097488,0.018174173392562623
1,5,16,False,1,BruteForce,5,Recon,0.031543266817575195,0.08657140449828356,0.03412165280745364
1,5,16,False,1,BruteForce,6,Spoofing,0.09951136462846878,0.13573043791154105,0.10142397532014479
1,5,16,False,1,BruteForce,7,Web-Based,0.11297583131716081,0.04334637018056419,0.10490355139481723
1,5,16,False,2,DDoS,0,Benign,0.17573700628325323,0.20728869757526858,0.17147717713344024
1,5,16,False,2,DDoS,1,BruteForce,0.01107599630799173,0.015968395466851925,0.01516788800341078
1,5,16,False,2,DDoS,2,DDoS,0.6963582870648405,0.5409248459656422,0.6699083686573377
1,5,16,False,2,DDoS,3,DoS,0.015874845264108532,0.027036283465134772,0.02778530729797473
1,5,16,False,2,DDoS,4,Mirai,0.008430220235062447,0.043573196528457474,0.012607673590376416
1,5,16,False,2,DDoS,5,Recon,0.014451459182634206,0.07120691117924301,0.018954000231230683
1,5,16,False,2,DDoS,6,Spoofing,0.03760157610710474,0.061026966618538236,0.04211813010053166
1,5,16,False,2,DDoS,7,Web-Based,0.04047060955500471,0.032974703200863834,0.04198145498569785
1,5,16,False,3,DoS,0,Benign,0.10326755021095589,0.1382283098165553,0.1534782343859691
1,5,16,False,3,DoS,1,BruteForce,0.011582083075965503,0.017286895553997244,0.015613197748423496
1,5,16,False,3,DoS,2,DDoS,0.2611330973810371,0.13042690896358147,0.2894492400280048
1,5,16,False,3,DoS,3,DoS,0.5210679941173265,0.5128177952903182,0.4078067750738528
1,5,16,False,3,DoS,4,Mirai,0.008774594858124615,0.04351061541728584,0.015628092445181617
1,5,16,False,3,DoS,5,Recon,0.013758805360062605,0.04963492414530268,0.02086665227182742
1,5,16,False,3,DoS,6,Spoofing,0.053056248535921606,0.08128169942291977,0.059511592753765045
1,5,16,False,3,DoS,7,Web-Based,0.027359626460606024,0.026812851390039447,0.03764621529297571
1,5,16,False,4,Mirai,0,Benign,0.5259966227583478,0.5650352280624579,0.5198663663631857
1,5,16,False,4,Mirai,1,BruteForce,0.020548554051898833,0.020383071742731542,0.022457304183630726
1,5,16,False,4,Mirai,2,DDoS,0.2062137640562122,0.04484718415650021,0.18214695932787334
1,5,16,False,4,Mirai,3,DoS,0.0177634466818556,0.020639941325837033,0.04271167804532373
1,5,16,False,4,Mirai,4,Mirai,0.016236012033177673,0.10806777249675113,0.018290116150435708
1,5,16,False,4,Mirai,5,Recon,0.02849689826267506,0.0750009895528592,0.031072125843308845
1,5,16,False,4,Mirai,6,Spoofing,0.09589088648270576,0.13237270290397912,0.09702839134139052
1,5,16,False,4,Mirai,7,Web-Based,0.08885381567312726,0.033653109758883956,0.08642705874485154
1,5,16,False,5,Recon,0,Benign,0.5830319901093285,0.5799327621549804,0.5826766320342817
1,5,16,False,5,Recon,1,BruteForce,0.022802635566040303,0.02313906158018852,0.02367595238873137
1,5,16,False,5,Recon,2,DDoS,0.12308294786599733,0.03498519407133492,0.12281409419594108
1,5,16,False,5,Recon,3,DoS,0.009530186344141713,0.013168625645710579,0.01742187199915193
1,5,16,False,5,Recon,4,Mirai,0.015577369474222806,0.07458723965508815,0.017464406708215047
1,5,16,False,5,Recon,5,Recon,0.03728322195697382,0.10642318053633157,0.03569741203734269
1,5,16,False,5,Recon,6,Spoofing,0.09278596060555643,0.12535534037174687,0.09590141580540332
1,5,16,False,5,Recon,7,Web-Based,0.11590568807773909,0.042408595984619026,0.10434821483093291
1,5,16,False,6,Spoofing,0,Benign,0.611646075742415,0.5729402850120405,0.5806725569369622
1,5,16,False,6,Spoofing,1,BruteForce,0.019156952838431277,0.02031125270088044,0.021809624801036646
1,5,16,False,6,Spoofing,2,DDoS,0.10632090619413641,0.031808960252860785,0.11376674576349277
1,5,16,False,6,Spoofing,3,DoS,0.013797624553573142,0.01961753311366433,0.0412694717319915
1,5,16,False,6,Spoofing,4,Mirai,0.015900710007592366,0.07429583645329717,0.018104983910997404
1,5,16,False,6,Spoofing,5,Recon,0.03282941054297119,0.09027429418664994,0.03349469458128099
1,5,16,False,6,Spoofing,6,Spoofing,0.10677500477045894,0.15324383805343647,0.1009155020751479
1,5,16,False,6,Spoofing,7,Web-Based,0.09357331535042172,0.03750800022717034,0.0899664201990906
1,5,16,False,7,Web-Based,0,Benign,0.5992629166184361,0.5864260230021386,0.5787810032217117
1,5,16,False,7,Web-Based,1,BruteForce,0.020522827092023185,0.020747112092409342,0.02254871787699833
1,5,16,False,7,Web-Based,2,DDoS,0.12277746439542693,0.03450300218981818,0.129315837762052
1,5,16,False,7,Web-Based,3,DoS,0.016224417758271353,0.018611659870152834,0.028902257663981187
1,5,16,False,7,Web-Based,4,Mirai,0.01583718961782642,0.08223862227314649,0.017587063789959806
1,5,16,False,7,Web-Based,5,Recon,0.03173279000677031,0.08631878675124989,0.03354605514786356
1,5,16,False,7,Web-Based,6,Spoofing,0.09665956888616671,0.13380786137683714,0.09505421086934279
1,5,16,False,7,Web-Based,7,Web-Based,0.09698282562507883,0.03734693244424735,0.09426485366809079
1,5,17,True,0,Benign,0,Benign,0.6308870020108714,0.5842648071179685,0.28549025625267427
1,5,17,True,0,Benign,1,BruteForce,0.009909656806991114,0.019020032776813137,0.014185500460604487
1,5,17,True,0,Benign,2,DDoS,0.026236435876769867,0.04685358145955228,0.03715983000034357
1,5,17,True,0,Benign,3,DoS,0.05433903757246763,0.024967719235385183,0.06842733026191232
1,5,17,True,0,Benign,4,Mirai,0.19815031901218083,0.07120134561059407,0.46467994919249345
1,5,17,True,0,Benign,5,Recon,0.013435707109508912,0.08802486970076603,0.014249770964555071
1,5,17,True,0,Benign,6,Spoofing,0.015182775046846925,0.12998447559545698,0.01999197650138378
1,5,17,True,0,Benign,7,Web-Based,0.05185906656436331,0.03568316850346383,0.09581538636603307
1,5,17,True,1,BruteForce,0,Benign,0.6311971003195442,0.5784907339789943,0.2909750364022774
1,5,17,True,1,BruteForce,1,BruteForce,0.010997320338265107,0.02352413435018667,0.013811100446425287
1,5,17,True,1,BruteForce,2,DDoS,0.021884642545124053,0.03608463917765837,0.02055786442993603
1,5,17,True,1,BruteForce,3,DoS,0.022888318730136123,0.012991920761796968,0.02296917489127511
1,5,17,True,1,BruteForce,4,Mirai,0.2273872338760114,0.08326035914097488,0.4832464609218837
1,5,17,True,1,BruteForce,5,Recon,0.011934281664178512,0.08657140449828356,0.013580159110810387
1,5,17,True,1,BruteForce,6,Spoofing,0.014823473624575029,0.13573043791154105,0.019335527489110344
1,5,17,True,1,BruteForce,7,Web-Based,0.058887628902165576,0.04334637018056419,0.13552467630828172
1,5,17,True,2,DDoS,0,Benign,0.4869204072939524,0.20728869757526858,0.09336678958428662
1,5,17,True,2,DDoS,1,BruteForce,0.012206875617448437,0.015968395466851925,0.015296202754621522
1,5,17,True,2,DDoS,2,DDoS,0.2471224332439728,0.5409248459656422,0.5902805016021272
1,5,17,True,2,DDoS,3,DoS,0.0467554349898191,0.027036283465134772,0.05819376522111565
1,5,17,True,2,DDoS,4,Mirai,0.10153720020418892,0.043573196528457474,0.15875435436662108
1,5,17,True,2,DDoS,5,Recon,0.02428830637827237,0.07120691117924301,0.015335901551710924
1,5,17,True,2,DDoS,6,Spoofing,0.02272840971829791,0.061026966618538236,0.017450072799723108
1,5,17,True,2,DDoS,7,Web-Based,0.058440932554047975,0.032974703200863834,0.05132241211979389
1,5,17,True,3,DoS,0,Benign,0.49566483136976336,0.1382283098165553,0.07277321479680557
1,5,17,True,3,DoS,1,BruteForce,0.009607157061931923,0.017286895553997244,0.014065831981087972
1,5,17,True,3,DoS,2,DDoS,0.044726385158894794,0.13042690896358147,0.10673006553962243
1,5,17,True,3,DoS,3,DoS,0.30432903588201193,0.5128177952903182,0.5840085545495027
1,5,17,True,3,DoS,4,Mirai,0.07123798861848661,0.04351061541728584,0.14817217097778823
1,5,17,True,3,DoS,5,Recon,0.017519192201136475,0.04963492414530268,0.013893405935569748
1,5,17,True,3,DoS,6,Spoofing,0.01602959650668599,0.08128169942291977,0.02023589978426069
1,5,17,True,3,DoS,7,Web-Based,0.040885813201088944,0.026812851390039447,0.040120856435362576
1,5,17,True,4,Mirai,0,Benign,0.6156974375417835,0.5650352280624579,0.2548163016978221
1,5,17,True,4,Mirai,1,BruteForce,0.01056651590902277,0.020383071742731542,0.014199170509700397
1,5,17,True,4,Mirai,2,DDoS,0.023239489524472547,0.04484718415650021,0.023378616819069394
1,5,17,True,4,Mirai,3,DoS,0.0412568934749024,0.020639941325837033,0.03831099334161723
1,5,17,True,4,Mirai,4,Mirai,0.2321430680985229,0.10806777249675113,0.5501613249272135
1,5,17,True,4,Mirai,5,Recon,0.012134536264108561,0.0750009895528592,0.011814109727573522
1,5,17,True,4,Mirai,6,Spoofing,0.015034942907873687,0.13237270290397912,0.018878452308612167
1,5,17,True,4,Mirai,7,Web-Based,0.04992711627931356,0.033653109758883956,0.08844103066839169
1,5,17,True,5,Recon,0,Benign,0.6287970029115837,0.5799327621549804,0.2860402242731761
1,5,17,True,5,Recon,1,BruteForce,0.010825127502959955,0.02313906158018852,0.01364981590461533
1,5,17,True,5,Recon,2,DDoS,0.02174830591173244,0.03498519407133492,0.020404437721485168
1,5,17,True,5,Recon,3,DoS,0.024299345036324797,0.013168625645710579,0.027428921617837113
1,5,17,True,5,Recon,4,Mirai,0.2275482951971584,0.07458723965508815,0.4850264000256482
1,5,17,True,5,Recon,5,Recon,0.012071200088313241,0.10642318053633157,0.013369469350166146
1,5,17,True,5,Recon,6,Spoofing,0.014368481818281048,0.12535534037174687,0.018596408727651944
1,5,17,True,5,Recon,7,Web-Based,0.06034224153364636,0.042408595984619026,0.13548432237941996
1,5,17,True,6,Spoofing,0,Benign,0.6313563086965175,0.5729402850120405,0.3092269064147712
1,5,17,True,6,Spoofing,1,BruteForce,0.010187255456182705,0.02031125270088044,0.014497671130676232
1,5,17,True,6,Spoofing,2,DDoS,0.021827999563354798,0.031808960252860785,0.02181494584974878
1,5,17,True,6,Spoofing,3,DoS,0.047063336292220426,0.01961753311366433,0.038256910360335544
1,5,17,True,6,Spoofing,4,Mirai,0.20804649084017734,0.07429583645329717,0.4769918370044921
1,5,17,True,6,Spoofing,5,Recon,0.012863923298159762,0.09027429418664994,0.015049112617538614
1,5,17,True,6,Spoofing,6,Spoofing,0.015213056348465911,0.15324383805343647,0.020963075177904886
1,5,17,True,6,Spoofing,7,Web-Based,0.05344162950492145,0.03750800022717034,0.10319954144453264
1,5,17,True,7,Web-Based,0,Benign,0.631673859824494,0.5864260230021386,0.3032507799452012
1,5,17,True,7,Web-Based,1,BruteForce,0.010292918555468055,0.020747112092409342,0.01414119663574508
1,5,17,True,7,Web-Based,2,DDoS,0.022431457728851842,0.03450300218981818,0.021875898422680094
1,5,17,True,7,Web-Based,3,DoS,0.033386016782976494,0.018611659870152834,0.027305118633913394
1,5,17,True,7,Web-Based,4,Mirai,0.22061045443983335,0.08223862227314649,0.49096564008119264
1,5,17,True,7,Web-Based,5,Recon,0.012687145665254551,0.08631878675124989,0.014075544466187995
1,5,17,True,7,Web-Based,6,Spoofing,0.01461638969685222,0.13380786137683714,0.018988784192794796
1,5,17,True,7,Web-Based,7,Web-Based,0.05430175730626947,0.03734693244424735,0.10939703762228463
1,5,18,True,0,Benign,0,Benign,0.5307387216027951,0.5842648071179685,0.07929120800126538
1,5,18,True,0,Benign,1,BruteForce,0.014693655759135178,0.019020032776813137,0.017458858490775987
1,5,18,True,0,Benign,2,DDoS,0.15802696481920542,0.04685358145955228,0.15861404143960733
1,5,18,True,0,Benign,3,DoS,0.02105345153865326,0.024967719235385183,0.06321693396608763
1,5,18,True,0,Benign,4,Mirai,0.10766729589155068,0.07120134561059407,0.2816342834803418
1,5,18,True,0,Benign,5,Recon,0.035936613280277994,0.08802486970076603,0.10014350934180694
1,5,18,True,0,Benign,6,Spoofing,0.07938542365720645,0.12998447559545698,0.17941355934136277
1,5,18,True,0,Benign,7,Web-Based,0.05249787345117591,0.03568316850346383,0.12022760593875217
1,5,18,True,1,BruteForce,0,Benign,0.4958080983013953,0.5784907339789943,0.07803752230937387
1,5,18,True,1,BruteForce,1,BruteForce,0.01794361109709532,0.02352413435018667,0.017396799929717
1,5,18,True,1,BruteForce,2,DDoS,0.15411979640775003,0.03608463917765837,0.11838409784250419
1,5,18,True,1,BruteForce,3,DoS,0.013567964626154248,0.012991920761796968,0.01956350511775155
1,5,18,True,1,BruteForce,4,Mirai,0.13138511785874912,0.08326035914097488,0.31906778831012245
1,5,18,True,1,BruteForce,5,Recon,0.02975546284165155,0.08657140449828356,0.10577417401014526
1,5,18,True,1,BruteForce,6,Spoofing,0.09093375497231432,0.13573043791154105,0.17149568645348656
1,5,18,True,1,BruteForce,7,Web-Based,0.06648619389489023,0.04334637018056419,0.17028042602689913
1,5,18,True,2,DDoS,0,Benign,0.43267469514916385,0.20728869757526858,0.02826859018663322
1,5,18,True,2,DDoS,1,BruteForce,0.012967745925953914,0.015968395466851925,0.014091817026769218
1,5,18,True,2,DDoS,2,DDoS,0.33511467001065204,0.5409248459656422,0.654270449685772
1,5,18,True,2,DDoS,3,DoS,0.021903837948266724,0.027036283465134772,0.03580051166642515
1,5,18,True,2,DDoS,4,Mirai,0.057392041002437784,0.043573196528457474,0.09936931907685102
1,5,18,True,2,DDoS,5,Recon,0.04383596837425225,0.07120691117924301,0.06003738250304707
1,5,18,True,2,DDoS,6,Spoofing,0.05193005764768296,0.061026966618538236,0.05594373651867415
1,5,18,True,2,DDoS,7,Web-Based,0.04418098394159043,0.032974703200863834,0.05221819333582836
1,5,18,True,3,DoS,0,Benign,0.4509617290471918,0.1382283098165553,0.0295390958768088
1,5,18,True,3,DoS,1,BruteForce,0.01173631090977235,0.017286895553997244,0.01351120180749125
1,5,18,True,3,DoS,2,DDoS,0.18344219079433435,0.13042690896358147,0.25390897836705617
1,5,18,True,3,DoS,3,DoS,0.191530760369263,0.5128177952903182,0.4558741512559204
1,5,18,True,3,DoS,4,Mirai,0.04165800521670078,0.04351061541728584,0.07651992931647782
1,5,18,True,3,DoS,5,Recon,0.034272438511355814,0.04963492414530268,0.0466207342179081
1,5,18,True,3,DoS,6,Spoofing,0.050968301567120046,0.08128169942291977,0.08052143881313642
1,5,18,True,3,DoS,7,Web-Based,0.035430263584261976,0.026812851390039447,0.043504470345201045
1,5,18,True,4,Mirai,0,Benign,0.5083487516666423,0.5650352280624579,0.07483465746274677
1,5,18,True,4,Mirai,1,BruteForce,0.01649548063496034,0.020383071742731542,0.017115618542501317
1,5,18,True,4,Mirai,2,DDoS,0.15993999104712076,0.04484718415650021,0.14687663520600477
1,5,18,True,4,Mirai,3,DoS,0.01804015327567967,0.020639941325837033,0.052860430699017975
1,5,18,True,4,Mirai,4,Mirai,0.13065098226681124,0.10806777249675113,0.3524749224632224
1,5,18,True,4,Mirai,5,Recon,0.029177532454856592,0.0750009895528592,0.07610039554174912
1,5,18,True,4,Mirai,6,Spoofing,0.08331167922101855,0.13237270290397912,0.16375222561590383
1,5,18,True,4,Mirai,7,Web-Based,0.0540354294329106,0.033653109758883956,0.11598511446885378
1,5,18,True,5,Recon,0,Benign,0.49576313594267424,0.5799327621549804,0.07853119486119295
1,5,18,True,5,Recon,1,BruteForce,0.0177396447549282,0.02313906158018852,0.01718766280872607
1,5,18,True,5,Recon,2,DDoS,0.15242589333151121,0.03498519407133492,0.10675435048481621
1,5,18,True,5,Recon,3,DoS,0.013536583052350145,0.013168625645710579,0.01960523070615944
1,5,18,True,5,Recon,4,Mirai,0.13241534283240172,0.07458723965508815,0.3188607933313793
1,5,18,True,5,Recon,5,Recon,0.033140412736755484,0.10642318053633157,0.1282945985828788
1,5,18,True,5,Recon,6,Spoofing,0.08541466202844908,0.12535534037174687,0.16392899799818775
1,5,18,True,5,Recon,7,Web-Based,0.06956432532092982,0.042408595984619026,0.1668371712266596
1,5,18,True,6,Spoofing,0,Benign,0.5395836420493936,0.5729402850120405,0.08523009430516734
1,5,18,True,6,Spoofing,1,BruteForce,0.015208577933021897,0.02031125270088044,0.017586989454200577
1,5,18,True,6,Spoofing,2,DDoS,0.1361165098792396,0.031808960252860785,0.10524883858271505
1,5,18,True,6,Spoofing,3,DoS,0.018409234335380185,0.01961753311366433,0.04423083716352722
1,5,18,True,6,Spoofing,4,Mirai,0.11156217509412153,0.07429583645329717,0.2883854518123898
1,5,18,True,6,Spoofing,5,Recon,0.0360054067971918,0.09027429418664994,0.11415598105720379
1,5,18,True,6,Spoofing,6,Spoofing,0.08731772076722384,0.15324383805343647,0.21060199033088553
1,5,18,True,6,Spoofing,7,Web-Based,0.05579673314442765,0.03750800022717034,0.13455981729391067
1,5,18,True,7,Web-Based,0,Benign,0.5236929849144638,0.5864260230021386,0.08301217323877087
1,5,18,True,7,Web-Based,1,BruteForce,0.01625270015053826,0.020747112092409342,0.017942101522622333
1,5,18,True,7,Web-Based,2,DDoS,0.1456353273188934,0.03450300218981818,0.1209878931536618
1,5,18,True,7,Web-Based,3,DoS,0.015554636743900696,0.018611659870152834,0.029096020910975812
1,5,18,True,7,Web-Based,4,Mirai,0.12685573394345306,0.08223862227314649,0.3312103204607563
1,5,18,True,7,Web-Based,5,Recon,0.03338681414346686,0.08631878675124989,0.10513246698358009
1,5,18,True,7,Web-Based,6,Spoofing,0.08176205186301222,0.13380786137683714,0.17154583115431432
1,5,18,True,7,Web-Based,7,Web-Based,0.05685975092227169,0.03734693244424735,0.14107319257531853
1,5,19,False,0,Benign,0,Benign,0.12060448817449687,0.5842648071179685,0.0995827874382423
1,5,19,False,0,Benign,1,BruteForce,0.010539509673520272,0.019020032776813137,0.014251816067358897
1,5,19,False,0,Benign,2,DDoS,0.2880517923609671,0.04685358145955228,0.2771212132972775
1,5,19,False,0,Benign,3,DoS,0.06725228000234788,0.024967719235385183,0.08176499078480758
1,5,19,False,0,Benign,4,Mirai,0.013784565368300614,0.07120134561059407,0.015329385528938028
1,5,19,False,0,Benign,5,Recon,0.16361427720483226,0.08802486970076603,0.14785265301599917
1,5,19,False,0,Benign,6,Spoofing,0.3200562773843291,0.12998447559545698,0.3444539609682327
1,5,19,False,0,Benign,7,Web-Based,0.016096809831205934,0.03568316850346383,0.019643192899143822
1,5,19,False,1,BruteForce,0,Benign,0.13494778618163114,0.5784907339789943,0.11440749489886082
1,5,19,False,1,BruteForce,1,BruteForce,0.012037951171413376,0.02352413435018667,0.014106951898135198
1,5,19,False,1,BruteForce,2,DDoS,0.27077204591697096,0.03608463917765837,0.24317679512449117
1,5,19,False,1,BruteForce,3,DoS,0.021024235546901623,0.012991920761796968,0.02909499425287026
1,5,19,False,1,BruteForce,4,Mirai,0.014804483103081788,0.08326035914097488,0.015514343510325858
1,5,19,False,1,BruteForce,5,Recon,0.1632894853466254,0.08657140449828356,0.17120358553950188
1,5,19,False,1,BruteForce,6,Spoofing,0.3650015835534654,0.13573043791154105,0.39142410052975257
1,5,19,False,1,BruteForce,7,Web-Based,0.018122429179910277,0.04334637018056419,0.021071734246062287
1,5,19,False,2,DDoS,0,Benign,0.03796620463750103,0.20728869757526858,0.035058761608255475
1,5,19,False,2,DDoS,1,BruteForce,0.007755901805240021,0.015968395466851925,0.011920557143215039
1,5,19,False,2,DDoS,2,DDoS,0.7311333933843558,0.5409248459656422,0.6897807004409165
1,5,19,False,2,DDoS,3,DoS,0.044530491350192956,0.027036283465134772,0.05056734530029262
1,5,19,False,2,DDoS,4,Mirai,0.00765197934289827,0.043573196528457474,0.010566971408359951
1,5,19,False,2,DDoS,5,Recon,0.06811596999981329,0.07120691117924301,0.08057566529853935
1,5,19,False,2,DDoS,6,Spoofing,0.09244583128031007,0.061026966618538236,0.10683950560859325
1,5,19,False,2,DDoS,7,Web-Based,0.010400228199688681,0.032974703200863834,0.014690493191827744
1,5,19,False,3,DoS,0,Benign,0.01922512839082067,0.1382283098165553,0.026857865123341935
1,5,19,False,3,DoS,1,BruteForce,0.008080847436414226,0.017286895553997244,0.012880383328783123
1,5,19,False,3,DoS,2,DDoS,0.19852313085479995,0.13042690896358147,0.2088448649851484
1,5,19,False,3,DoS,3,DoS,0.6598034895839959,0.5128177952903182,0.5769555156578149
1,5,19,False,3,DoS,4,Mirai,0.006504402427839768,0.04351061541728584,0.011155765983904433
1,5,19,False,3,DoS,5,Recon,0.03413988764822668,0.04963492414530268,0.046019767269679455
1,5,19,False,3,DoS,6,Spoofing,0.06490943434566872,0.08128169942291977,0.10382648851343361
1,5,19,False,3,DoS,7,Web-Based,0.008813679312234058,0.026812851390039447,0.013459349137894146
1,5,19,False,4,Mirai,0,Benign,0.11788367287328433,0.5650352280624579,0.10111195262028812
1,5,19,False,4,Mirai,1,BruteForce,0.011861108386897608,0.020383071742731542,0.014685494410402487
1,5,19,False,4,Mirai,2,DDoS,0.3819399243762365,0.04484718415650021,0.3080294153342296
1,5,19,False,4,Mirai,3,DoS,0.03333764545460542,0.020639941325837033,0.06267189360779125
1,5,19,False,4,Mirai,4,Mirai,0.015140097509126744,0.10806777249675113,0.01639232622734928
1,5,19,False,4,Mirai,5,Recon,0.12523801702387444,0.0750009895528592,0.12475391665744152
1,5,19,False,4,Mirai,6,Spoofing,0.2989602358634813,0.13237270290397912,0.3529448092300993
1,5,19,False,4,Mirai,7,Web-Based,0.015639298512493686,0.033653109758883956,0.01941019191239833
1,5,19,False,5,Recon,0,Benign,0.13697854257266698,0.5799327621549804,0.11377128018565753
1,5,19,False,5,Recon,1,BruteForce,0.010994196854616297,0.02313906158018852,0.013451366676126121
1,5,19,False,5,Recon,2,DDoS,0.24401376220309567,0.03498519407133492,0.22580626008649443
1,5,19,False,5,Recon,3,DoS,0.022724465565263197,0.013168625645710579,0.02881382338307064
1,5,19,False,5,Recon,4,Mirai,0.01351878270794312,0.07458723965508815,0.014453942130792558
1,5,19,False,5,Recon,5,Recon,0.23238468663805611,0.10642318053633157,0.20973303424184234
1,5,19,False,5,Recon,6,Spoofing,0.32088560285822815,0.12535534037174687,0.373434181584476
1,5,19,False,5,Recon,7,Web-Based,0.01849996060013049,0.042408595984619026,0.020536111711540364
1,5,19,False,6,Spoofing,0,Benign,0.1326198626393232,0.5729402850120405,0.10624814043453842
1,5,19,False,6,Spoofing,1,BruteForce,0.010606966388565805,0.02031125270088044,0.014004713861896511
1,5,19,False,6,Spoofing,2,DDoS,0.2097563991802183,0.031808960252860785,0.2165432149540412
1,5,19,False,6,Spoofing,3,DoS,0.041630351712588186,0.01961753311366433,0.07314453972683391
1,5,19,False,6,Spoofing,4,Mirai,0.014137372825998529,0.07429583645329717,0.01577531306911422
1,5,19,False,6,Spoofing,5,Recon,0.1953594199917219,0.09027429418664994,0.16522822199154713
1,5,19,False,6,Spoofing,6,Spoofing,0.37930842419006416,0.15324383805343647,0.38918639550452017
1,5,19,False,6,Spoofing,7,Web-Based,0.016581203071519963,0.03750800022717034,0.019869460457508405
1,5,19,False,7,Web-Based,0,Benign,0.13481344770828357,0.5864260230021386,0.11318022560877856
1,5,19,False,7,Web-Based,1,BruteForce,0.01142811108816746,0.020747112092409342,0.01411451322809449
1,5,19,False,7,Web-Based,2,DDoS,0.2898648241124434,0.03450300218981818,0.25970387193636624
1,5,19,False,7,Web-Based,3,DoS,0.03187017050210547,0.018611659870152834,0.04272070016786399
1,5,19,False,7,Web-Based,4,Mirai,0.014506140617242256,0.08223862227314649,0.015506703304554783
1,5,19,False,7,Web-Based,5,Recon,0.17751549241940687,0.08631878675124989,0.16228326293001225
1,5,19,False,7,Web-Based,6,Spoofing,0.3222562164955315,0.13380786137683714,0.3717827409679667
1,5,19,False,7,Web-Based,7,Web-Based,0.01774559705681937,0.03734693244424735,0.02070798185636304
2,6,0,False,0,Benign,0,Benign,0.2536112227633369,0.5695491840706383,0.287481559492493
2,6,0,False,0,Benign,1,BruteForce,0.06822618922512771,0.016045378669821704,0.07228694977974952
2,6,0,False,0,Benign,2,DDoS,0.009617236116703084,0.057104519662118845,0.014559770575744205
2,6,0,False,0,Benign,3,DoS,0.1747617543057247,0.028347151557848192,0.17751600084762817
2,6,0,False,0,Benign,4,Mirai,0.3031817740719573,0.07127721332809042,0.25021154950572516
2,6,0,False,0,Benign,5,Recon,0.1477312018790997,0.10002024692221043,0.15625646405612809
2,6,0,False,0,Benign,6,Spoofing,0.021515578860292855,0.12132021983160204,0.02057040764016627
2,6,0,False,0,Benign,7,Web-Based,0.021355042777757776,0.03633608595767007,0.021117298102365744
2,6,0,False,1,BruteForce,0,Benign,0.2391718058067046,0.5799367601515428,0.2816643068336483
2,6,0,False,1,BruteForce,1,BruteForce,0.1288159122183404,0.021906022636836966,0.10713506594309821
2,6,0,False,1,BruteForce,2,DDoS,0.010477906254815962,0.03172255625084327,0.011401336052654034
2,6,0,False,1,BruteForce,3,DoS,0.08222088546927213,0.012709975005979155,0.06756117746745939
2,6,0,False,1,BruteForce,4,Mirai,0.33184864917819085,0.08781797594960918,0.2992320399529943
2,6,0,False,1,BruteForce,5,Recon,0.15562056179531744,0.09377734526596504,0.18758787401554558
2,6,0,False,1,BruteForce,6,Spoofing,0.022914538193300884,0.12370151490652827,0.022273746809792105
2,6,0,False,1,BruteForce,7,Web-Based,0.02892974108405771,0.04842784983269534,0.023144452924808108
2,6,0,False,2,DDoS,0,Benign,0.0664538478373691,0.21177614624663885,0.0905086648904161
2,6,0,False,2,DDoS,1,BruteForce,0.02643096761418173,0.014278159151660573,0.03564380106135911
2,6,0,False,2,DDoS,2,DDoS,0.5778478451208585,0.5640122122182974,0.47578741697534715
2,6,0,False,2,DDoS,3,DoS,0.12138498521762571,0.02888130186400687,0.14794723785416541
2,6,0,False,2,DDoS,4,Mirai,0.11539812643336617,0.042279282054861145,0.12024303515023882
2,6,0,False,2,DDoS,5,Recon,0.06586502624653008,0.06049190183697414,0.08158957105959706
2,6,0,False,2,DDoS,6,Spoofing,0.011967677252718386,0.05048336974693421,0.024350385813948563
2,6,0,False,2,DDoS,7,Web-Based,0.014651524277350307,0.027797626880626737,0.02392988719492766
2,6,0,False,3,DoS,0,Benign,0.02410278158750685,0.12085566818689887,0.03413503247318013
2,6,0,False,3,DoS,1,BruteForce,0.009843997834303907,0.014271397229682715,0.013374048978509795
2,6,0,False,3,DoS,2,DDoS,0.020948849899646318,0.1655187002502636,0.019683600917804186
2,6,0,False,3,DoS,3,DoS,0.8918094078027933,0.5290788445149156,0.8489879724457519
2,6,0,False,3,DoS,4,Mirai,0.018558048539548386,0.036145411760307854,0.03819160115485179
2,6,0,False,3,DoS,5,Recon,0.02475711959209979,0.04149408568151369,0.02943178865298327
2,6,0,False,3,DoS,6,Spoofing,0.00513946131994872,0.06844374944034101,0.008810792363855742
2,6,0,False,3,DoS,7,Web-Based,0.004840333424152703,0.024192142936076584,0.007385163013063293
2,6,0,False,4,Mirai,0,Benign,0.21254699285402656,0.5390492409857263,0.2583090055648556
2,6,0,False,4,Mirai,1,BruteForce,0.07647620440803674,0.018730109485963847,0.07734366416157128
2,6,0,False,4,Mirai,2,DDoS,0.01032243794660247,0.0584863387479945,0.011090747417207702
2,6,0,False,4,Mirai,3,DoS,0.08863989813767142,0.02156616518004312,0.1422142410103033
2,6,0,False,4,Mirai,4,Mirai,0.48310539592128005,0.1250486671514913,0.3600789254987451
2,6,0,False,4,Mirai,5,Recon,0.0871786952284714,0.07243240293416996,0.10908879014630084
2,6,0,False,4,Mirai,6,Spoofing,0.02108017590190849,0.12698675463986495,0.021261118216203842
2,6,0,False,4,Mirai,7,Web-Based,0.02065019960200286,0.03770032087474601,0.02061350798481241
2,6,0,False,5,Recon,0,Benign,0.232091610570932,0.5619259429470147,0.27343486382211757
2,6,0,False,5,Recon,1,BruteForce,0.11100685585242126,0.021149263390713522,0.09895070385902045
2,6,0,False,5,Recon,2,DDoS,0.010211910758503846,0.02882657127185812,0.010944022267512076
2,6,0,False,5,Recon,3,DoS,0.10586926866214151,0.013437797121237887,0.09096030480512388
2,6,0,False,5,Recon,4,Mirai,0.2729957145236214,0.08031684922803013,0.25569446910798205
2,6,0,False,5,Recon,5,Recon,0.21718694227970495,0.12945101747322726,0.22516419245479397
2,6,0,False,5,Recon,6,Spoofing,0.020681605648426544,0.1170246300835638,0.02119070282681814
2,6,0,False,5,Recon,7,Web-Based,0.029956091704248473,0.0478679284843545,0.023660740856631904
2,6,0,False,6,Spoofing,0,Benign,0.2639754443289077,0.5570238138308842,0.2923458153597764
2,6,0,False,6,Spoofing,1,BruteForce,0.08616837682066483,0.017638773200640966,0.08132890682793152
2,6,0,False,6,Spoofing,2,DDoS,0.009254302106148948,0.027205657434818405,0.010805057826152287
2,6,0,False,6,Spoofing,3,DoS,0.1146993964971598,0.018180841961320787,0.14706099631366057
2,6,0,False,6,Spoofing,4,Mirai,0.3113027121640334,0.0753199312019771,0.25200663465848705
2,6,0,False,6,Spoofing,5,Recon,0.16395991673121646,0.11018134519217611,0.17343036558977548
2,6,0,False,6,Spoofing,6,Spoofing,0.026104646306541718,0.15426571096743938,0.020743613204132268
2,6,0,False,6,Spoofing,7,Web-Based,0.024535205045327316,0.040183926210743126,0.022278610220084438
2,6,0,False,7,Web-Based,0,Benign,0.2600631962104486,0.5791239846268793,0.30038018190762333
2,6,0,False,7,Web-Based,1,BruteForce,0.08178412221655644,0.018699280778835137,0.08131166375752925
2,6,0,False,7,Web-Based,2,DDoS,0.010011498191209197,0.031820138226622954,0.016118414029412994
2,6,0,False,7,Web-Based,3,DoS,0.1063477554116113,0.018811713741608577,0.10294941465277208
2,6,0,False,7,Web-Based,4,Mirai,0.36139600402029737,0.0864343238658811,0.3062531154296529
2,6,0,False,7,Web-Based,5,Recon,0.13519636384502962,0.09973967698328876,0.14931776145562006
2,6,0,False,7,Web-Based,6,Spoofing,0.02102371368074038,0.12484299379931815,0.02162325149165005
2,6,0,False,7,Web-Based,7,Web-Based,0.024177346424107078,0.040527887977566124,0.02204619727573924
2,6,1,True,0,Benign,0,Benign,0.4796906291390708,0.5695491840706383,0.0115440898592164
2,6,1,True,0,Benign,1,BruteForce,0.0064177060312663676,0.016045378669821704,0.011250505764391865
2,6,1,True,0,Benign,2,DDoS,0.0468214457653503,0.057104519662118845,0.08278370598212627
2,6,1,True,0,Benign,3,DoS,0.009356326496877383,0.028347151557848192,0.018663974783992048
2,6,1,True,0,Benign,4,Mirai,0.05780640708267354,0.07127721332809042,0.0916308303637353
2,6,1,True,0,Benign,5,Recon,0.151907701298757,0.10002024692221043,0.30937222879502496
2,6,1,True,0,Benign,6,Spoofing,0.2415668829929336,0.12132021983160204,0.46688001753333996
2,6,1,True,0,Benign,7,Web-Based,0.006432901193071196,0.03633608595767007,0.007874646918173266
2,6,1,True,1,BruteForce,0,Benign,0.48037524221296846,0.5799367601515428,0.010939142209091184
2,6,1,True,1,BruteForce,1,BruteForce,0.006941315991169346,0.021906022636836966,0.011458797203437069
2,6,1,True,1,BruteForce,2,DDoS,0.024548133261751776,0.03172255625084327,0.04499154029680548
2,6,1,True,1,BruteForce,3,DoS,0.006147182599284715,0.012709975005979155,0.011964748997474977
2,6,1,True,1,BruteForce,4,Mirai,0.06498002422234829,0.08781797594960918,0.09669317755094246
2,6,1,True,1,BruteForce,5,Recon,0.14828664712383324,0.09377734526596504,0.31793560499664697
2,6,1,True,1,BruteForce,6,Spoofing,0.26262822189124935,0.12370151490652827,0.4983507183452729
2,6,1,True,1,BruteForce,7,Web-Based,0.006093232697394859,0.04842784983269534,0.0076662704003289
2,6,1,True,2,DDoS,0,Benign,0.42191165316628604,0.21177614624663885,0.00670416002287323
2,6,1,True,2,DDoS,1,BruteForce,0.007458989179021048,0.014278159151660573,0.00849074941663019
2,6,1,True,2,DDoS,2,DDoS,0.36805255149891475,0.5640122122182974,0.6473543342640009
2,6,1,True,2,DDoS,3,DoS,0.011319250121574927,0.02888130186400687,0.023195799105994615
2,6,1,True,2,DDoS,4,Mirai,0.026493331329076233,0.042279282054861145,0.035649079256525745
2,6,1,True,2,DDoS,5,Recon,0.06898756519197553,0.06049190183697414,0.11647882417174132
2,6,1,True,2,DDoS,6,Spoofing,0.08379670174867511,0.05048336974693421,0.15367069699528235
2,6,1,True,2,DDoS,7,Web-Based,0.011979957764476447,0.027797626880626737,0.008456356766951674
2,6,1,True,3,DoS,0,Benign,0.4249719337750196,0.12085566818689887,0.012133653430685695
2,6,1,True,3,DoS,1,BruteForce,0.00631670955195086,0.014271397229682715,0.010234815435566294
2,6,1,True,3,DoS,2,DDoS,0.12055255878953418,0.1655187002502636,0.1813398852294473
2,6,1,True,3,DoS,3,DoS,0.3122504055421635,0.5290788445149156,0.5390812360899498
2,6,1,True,3,DoS,4,Mirai,0.022337876566910556,0.036145411760307854,0.03665485493772845
2,6,1,True,3,DoS,5,Recon,0.03999119394633165,0.04149408568151369,0.06098185410589218
2,6,1,True,3,DoS,6,Spoofing,0.06469009476867622,0.06844374944034101,0.1494176009326028
2,6,1,True,3,DoS,7,Web-Based,0.008889227059413404,0.024192142936076584,0.010156099838127352
2,6,1,True,4,Mirai,0,Benign,0.47522251205508437,0.5390492409857263,0.011977958627275605
2,6,1,True,4,Mirai,1,BruteForce,0.007447333213418155,0.018730109485963847,0.012213080288833679
2,6,1,True,4,Mirai,2,DDoS,0.05264014979905408,0.0584863387479945,0.08209994040883421
2,6,1,True,4,Mirai,3,DoS,0.008322427382792584,0.02156616518004312,0.0190462005779907
2,6,1,True,4,Mirai,4,Mirai,0.09156891422030478,0.1250486671514913,0.13255162611547927
2,6,1,True,4,Mirai,5,Recon,0.10533737212812151,0.07243240293416996,0.22069791073852
2,6,1,True,4,Mirai,6,Spoofing,0.252537715131735,0.12698675463986495,0.5130840844697074
2,6,1,True,4,Mirai,7,Web-Based,0.006923576069489489,0.03770032087474601,0.008329198773359048
2,6,1,True,5,Recon,0,Benign,0.47511837164992815,0.5619259429470147,0.010262096333179782
2,6,1,True,5,Recon,1,BruteForce,0.006557995235712968,0.021149263390713522,0.011062239670808346
2,6,1,True,5,Recon,2,DDoS,0.020945574909695234,0.02882657127185812,0.041472101649948016
2,6,1,True,5,Recon,3,DoS,0.005597123807402936,0.013437797121237887,0.01093335079757822
2,6,1,True,5,Recon,4,Mirai,0.05966930937304249,0.08031684922803013,0.08305504113175309
2,6,1,True,5,Recon,5,Recon,0.2089431939642604,0.12945101747322726,0.45028640696832256
2,6,1,True,5,Recon,6,Spoofing,0.21712933469229137,0.1170246300835638,0.3857985717820144
2,6,1,True,5,Recon,7,Web-Based,0.006039096367666374,0.0478679284843545,0.007130191666395696
2,6,1,True,6,Spoofing,0,Benign,0.46641673019643876,0.5570238138308842,0.01147791077024147
2,6,1,True,6,Spoofing,1,BruteForce,0.0064969397347757205,0.017638773200640966,0.011111816012270724
2,6,1,True,6,Spoofing,2,DDoS,0.02059319609841075,0.027205657434818405,0.039838994641762944
2,6,1,True,6,Spoofing,3,DoS,0.006458992029689761,0.018180841961320787,0.012568133895177991
2,6,1,True,6,Spoofing,4,Mirai,0.05898992034823464,0.0753199312019771,0.08929032998499556
2,6,1,True,6,Spoofing,5,Recon,0.1702067562850705,0.11018134519217611,0.3256757224883316
2,6,1,True,6,Spoofing,6,Spoofing,0.2648818387476522,0.15426571096743938,0.502509164864059
2,6,1,True,6,Spoofing,7,Web-Based,0.005955626559727752,0.040183926210743126,0.007527927343160605
2,6,1,True,7,Web-Based,0,Benign,0.47979092965663755,0.5791239846268793,0.011396068921519873
2,6,1,True,7,Web-Based,1,BruteForce,0.0066949353670103596,0.018699280778835137,0.01186759228248964
2,6,1,True,7,Web-Based,2,DDoS,0.026719452325637442,0.031820138226622954,0.04902578708466361
2,6,1,True,7,Web-Based,3,DoS,0.006705446453716077,0.018811713741608577,0.012742154153571519
2,6,1,True,7,Web-Based,4,Mirai,0.06947572245455103,0.0864343238658811,0.10930045716950115
2,6,1,True,7,Web-Based,5,Recon,0.1515499778289814,0.09973967698328876,0.31618854652603784
2,6,1,True,7,Web-Based,6,Spoofing,0.25272540885110906,0.12484299379931815,0.48166719375118716
2,6,1,True,7,Web-Based,7,Web-Based,0.0063381270623569805,0.040527887977566124,0.007812200111029302
2,6,2,False,0,Benign,0,Benign,0.19097697999681154,0.5695491840706383,0.19555186028304736
2,6,2,False,0,Benign,1,BruteForce,0.02223814939408438,0.016045378669821704,0.04335597747402379
2,6,2,False,0,Benign,2,DDoS,0.01726048216504622,0.057104519662118845,0.024204151952344377
2,6,2,False,0,Benign,3,DoS,0.009550088684375162,0.028347151557848192,0.017692127169578416
2,6,2,False,0,Benign,4,Mirai,0.22056906006954738,0.07127721332809042,0.24773755582195378
2,6,2,False,0,Benign,5,Recon,0.4514714314380067,0.10002024692221043,0.3861233738890357
2,6,2,False,0,Benign,6,Spoofing,0.05980783364578343,0.12132021983160204,0.048446336681487685
2,6,2,False,0,Benign,7,Web-Based,0.028125974606345323,0.03633608595767007,0.0368886167285289
2,6,2,False,1,BruteForce,0,Benign,0.17743121128664197,0.5799367601515428,0.19649372644100968
2,6,2,False,1,BruteForce,1,BruteForce,0.027270486811815747,0.021906022636836966,0.05021055667244276
2,6,2,False,1,BruteForce,2,DDoS,0.011802357205655152,0.03172255625084327,0.018389876427602637
2,6,2,False,1,BruteForce,3,DoS,0.006357515997683981,0.012709975005979155,0.012798792813184863
2,6,2,False,1,BruteForce,4,Mirai,0.22826362104998968,0.08781797594960918,0.2659225685124101
2,6,2,False,1,BruteForce,5,Recon,0.4596227069427525,0.09377734526596504,0.3654524691129537
2,6,2,False,1,BruteForce,6,Spoofing,0.05268118392281315,0.12370151490652827,0.04554846743737031
2,6,2,False,1,BruteForce,7,Web-Based,0.03657091678264789,0.04842784983269534,0.045183542583026
2,6,2,False,2,DDoS,0,Benign,0.05712057188667505,0.21177614624663885,0.09039253305891366
2,6,2,False,2,DDoS,1,BruteForce,0.014915084977390044,0.014278159151660573,0.027980369749711135
2,6,2,False,2,DDoS,2,DDoS,0.620542291568244,0.5640122122182974,0.46203873874378953
2,6,2,False,2,DDoS,3,DoS,0.01184745541063584,0.02888130186400687,0.022595769818427112
2,6,2,False,2,DDoS,4,Mirai,0.10817166625722811,0.042279282054861145,0.14948551029105395
2,6,2,False,2,DDoS,5,Recon,0.14715561293739077,0.06049190183697414,0.18042168430663616
2,6,2,False,2,DDoS,6,Spoofing,0.02379271751478647,0.05048336974693421,0.039677920651722126
2,6,2,False,2,DDoS,7,Web-Based,0.016454599447649636,0.027797626880626737,0.02740747337974642
2,6,2,False,3,DoS,0,Benign,0.040436204130409235,0.12085566818689887,0.10718481152491297
2,6,2,False,3,DoS,1,BruteForce,0.011479557266438413,0.014271397229682715,0.030340141775408738
2,6,2,False,3,DoS,2,DDoS,0.17554156876164492,0.1655187002502636,0.11963948514919728
2,6,2,False,3,DoS,3,DoS,0.4992825842929108,0.5290788445149156,0.229327526945055
2,6,2,False,3,DoS,4,Mirai,0.10610598602205652,0.036145411760307854,0.1914166379592827
2,6,2,False,3,DoS,5,Recon,0.12356370072513317,0.04149408568151369,0.24204363065857154
2,6,2,False,3,DoS,6,Spoofing,0.028888221321322263,0.06844374944034101,0.04974036113193333
2,6,2,False,3,DoS,7,Web-Based,0.014702177480084747,0.024192142936076584,0.030307404855638424
2,6,2,False,4,Mirai,0,Benign,0.16520826298770258,0.5390492409857263,0.18755389301657102
2,6,2,False,4,Mirai,1,BruteForce,0.02596699322075721,0.018730109485963847,0.04709411354682958
2,6,2,False,4,Mirai,2,DDoS,0.01682575375066102,0.0584863387479945,0.023039729357960073
2,6,2,False,4,Mirai,3,DoS,0.009427335699006922,0.02156616518004312,0.01803171899716474
2,6,2,False,4,Mirai,4,Mirai,0.39177180508104154,0.1250486671514913,0.3521199778820599
2,6,2,False,4,Mirai,5,Recon,0.3105083036547996,0.07243240293416996,0.28527601738441993
2,6,2,False,4,Mirai,6,Spoofing,0.052553575160027684,0.12698675463986495,0.04985987479353526
2,6,2,False,4,Mirai,7,Web-Based,0.02773797044600357,0.03770032087474601,0.03702467502145958
2,6,2,False,5,Recon,0,Benign,0.16963265913431524,0.5619259429470147,0.1898734110713746
2,6,2,False,5,Recon,1,BruteForce,0.026489188759099114,0.021149263390713522,0.0506265397133419
2,6,2,False,5,Recon,2,DDoS,0.01124159465093727,0.02882657127185812,0.01741573348998338
2,6,2,False,5,Recon,3,DoS,0.00646936965832495,0.013437797121237887,0.012687050241555758
2,6,2,False,5,Recon,4,Mirai,0.18310542276581568,0.08031684922803013,0.24255515905150649
2,6,2,False,5,Recon,5,Recon,0.5148294781485682,0.12945101747322726,0.39945051477305843
2,6,2,False,5,Recon,6,Spoofing,0.05411380394933595,0.1170246300835638,0.04437366074073125
2,6,2,False,5,Recon,7,Web-Based,0.034118482933603644,0.0478679284843545,0.04301793091844832
2,6,2,False,6,Spoofing,0,Benign,0.17623347157725902,0.5570238138308842,0.19452181443492522
2,6,2,False,6,Spoofing,1,BruteForce,0.02349833649738321,0.017638773200640966,0.046108329887921864
2,6,2,False,6,Spoofing,2,DDoS,0.011158434272340013,0.027205657434818405,0.02039122588599539
2,6,2,False,6,Spoofing,3,DoS,0.0063171066535580135,0.018180841961320787,0.014914858844753263
2,6,2,False,6,Spoofing,4,Mirai,0.18361099990371146,0.0753199312019771,0.2265360791488103
2,6,2,False,6,Spoofing,5,Recon,0.5063180935511197,0.11018134519217611,0.4092619970304159
2,6,2,False,6,Spoofing,6,Spoofing,0.06274351753386263,0.15426571096743938,0.04964733878944321
2,6,2,False,6,Spoofing,7,Web-Based,0.03012004001076596,0.040183926210743126,0.03861835597773493
2,6,2,False,7,Web-Based,0,Benign,0.17962618602375394,0.5791239846268793,0.19811832850671074
2,6,2,False,7,Web-Based,1,BruteForce,0.025340088206225672,0.018699280778835137,0.046696774919406214
2,6,2,False,7,Web-Based,2,DDoS,0.012239336076633902,0.031820138226622954,0.020340652406939528
2,6,2,False,7,Web-Based,3,DoS,0.0069678526345271765,0.018811713741608577,0.01404844562634325
2,6,2,False,7,Web-Based,4,Mirai,0.2602182470078137,0.0864343238658811,0.28138774577075754
2,6,2,False,7,Web-Based,5,Recon,0.43457079377277424,0.09973967698328876,0.35429246190802394
2,6,2,False,7,Web-Based,6,Spoofing,0.051151821662488106,0.12484299379931815,0.04575185413515572
2,6,2,False,7,Web-Based,7,Web-Based,0.02988567461578337,0.040527887977566124,0.03936373672666321
2,6,3,False,0,Benign,0,Benign,0.1490441922488093,0.5695491840706383,0.09664043385044996
2,6,3,False,0,Benign,1,BruteForce,0.26170253378514435,0.016045378669821704,0.3899195065579183
2,6,3,False,0,Benign,2,DDoS,0.12692911088285003,0.057104519662118845,0.10945777046777107
2,6,3,False,0,Benign,3,DoS,0.02688297918042211,0.028347151557848192,0.03830800989160171
2,6,3,False,0,Benign,4,Mirai,0.25585489020431085,0.07127721332809042,0.19714914553313662
2,6,3,False,0,Benign,5,Recon,0.09238851895191648,0.10002024692221043,0.09750627878848743
2,6,3,False,0,Benign,6,Spoofing,0.055694509599619114,0.12132021983160204,0.04314489799547411
2,6,3,False,0,Benign,7,Web-Based,0.03150326514692781,0.03633608595767007,0.027873956915160855
2,6,3,False,1,BruteForce,0,Benign,0.1447918142119601,0.5799367601515428,0.0835939090962524
2,6,3,False,1,BruteForce,1,BruteForce,0.3650212855922803,0.021906022636836966,0.4961096713598841
2,6,3,False,1,BruteForce,2,DDoS,0.07023003213702124,0.03172255625084327,0.04981266289964326
2,6,3,False,1,BruteForce,3,DoS,0.018564015998707956,0.012709975005979155,0.024341770202166164
2,6,3,False,1,BruteForce,4,Mirai,0.23982097571227232,0.08781797594960918,0.19048493776915043
2,6,3,False,1,BruteForce,5,Recon,0.06046148389482231,0.09377734526596504,0.08482544989197978
2,6,3,False,1,BruteForce,6,Spoofing,0.06203047318329508,0.12370151490652827,0.043290506812756216
2,6,3,False,1,BruteForce,7,Web-Based,0.039079919269640696,0.04842784983269534,0.027541091968167602
2,6,3,False,2,DDoS,0,Benign,0.041885550999144365,0.21177614624663885,0.03801578485365128
2,6,3,False,2,DDoS,1,BruteForce,0.08470591621311156,0.014278159151660573,0.14116683188540702
2,6,3,False,2,DDoS,2,DDoS,0.6650498212464971,0.5640122122182974,0.607835573033304
2,6,3,False,2,DDoS,3,DoS,0.0221874036001045,0.02888130186400687,0.024931785319781057
2,6,3,False,2,DDoS,4,Mirai,0.08316712953446488,0.042279282054861145,0.07742053091468186
2,6,3,False,2,DDoS,5,Recon,0.06572025216023572,0.06049190183697414,0.06184788991097154
2,6,3,False,2,DDoS,6,Spoofing,0.021175355682368082,0.05048336974693421,0.02794763321361146
2,6,3,False,2,DDoS,7,Web-Based,0.01610857056407369,0.027797626880626737,0.020833970868591754
2,6,3,False,3,DoS,0,Benign,0.03502968409028247,0.12085566818689887,0.04844710560217969
2,6,3,False,3,DoS,1,BruteForce,0.06925399902090369,0.014271397229682715,0.15757942892021087
2,6,3,False,3,DoS,2,DDoS,0.27643331497414775,0.1655187002502636,0.2844666932636793
2,6,3,False,3,DoS,3,DoS,0.44254602687987404,0.5290788445149156,0.2590597842482525
2,6,3,False,3,DoS,4,Mirai,0.10360579719898741,0.036145411760307854,0.12587295879305702
2,6,3,False,3,DoS,5,Recon,0.026973981816130775,0.04149408568151369,0.05952292200259722
2,6,3,False,3,DoS,6,Spoofing,0.029196470847626877,0.06844374944034101,0.04187396807828116
2,6,3,False,3,DoS,7,Web-Based,0.01696072517204711,0.024192142936076584,0.02317713909174224
2,6,3,False,4,Mirai,0,Benign,0.134172880918795,0.5390492409857263,0.08543018124470432
2,6,3,False,4,Mirai,1,BruteForce,0.2791779786403676,0.018730109485963847,0.42727412983350127
2,6,3,False,4,Mirai,2,DDoS,0.10897524820079911,0.0584863387479945,0.08728781641773449
2,6,3,False,4,Mirai,3,DoS,0.017316168832198386,0.02156616518004312,0.03073508424460966
2,6,3,False,4,Mirai,4,Mirai,0.3209789600958133,0.1250486671514913,0.2211238440932929
2,6,3,False,4,Mirai,5,Recon,0.05197646936319386,0.07243240293416996,0.07577373081537751
2,6,3,False,4,Mirai,6,Spoofing,0.055141277982037246,0.12698675463986495,0.04420236123855148
2,6,3,False,4,Mirai,7,Web-Based,0.032261015966795564,0.03770032087474601,0.028172852112228502
2,6,3,False,5,Recon,0,Benign,0.13984231115268872,0.5619259429470147,0.08359497826856373
2,6,3,False,5,Recon,1,BruteForce,0.3588751454350445,0.021149263390713522,0.49867141166610196
2,6,3,False,5,Recon,2,DDoS,0.06661377069099565,0.02882657127185812,0.04813660576220748
2,6,3,False,5,Recon,3,DoS,0.01952738720468906,0.013437797121237887,0.025537983779200416
2,6,3,False,5,Recon,4,Mirai,0.21949787993148537,0.08031684922803013,0.18140117542834927
2,6,3,False,5,Recon,5,Recon,0.09634031242342805,0.12945101747322726,0.09328048395937594
2,6,3,False,5,Recon,6,Spoofing,0.058334908745709256,0.1170246300835638,0.04202316763557688
2,6,3,False,5,Recon,7,Web-Based,0.040968284415959365,0.0478679284843545,0.027354193500624385
2,6,3,False,6,Spoofing,0,Benign,0.15186059439100258,0.5570238138308842,0.10028474233264223
2,6,3,False,6,Spoofing,1,BruteForce,0.29062587615294205,0.017638773200640966,0.4321261392221168
2,6,3,False,6,Spoofing,2,DDoS,0.06100443789911744,0.027205657434818405,0.060954517439919885
2,6,3,False,6,Spoofing,3,DoS,0.017264169617200495,0.018180841961320787,0.03061468371082537
2,6,3,False,6,Spoofing,4,Mirai,0.27235295627086276,0.0753199312019771,0.20209524857499933
2,6,3,False,6,Spoofing,5,Recon,0.1059487983849013,0.11018134519217611,0.1005903122083862
2,6,3,False,6,Spoofing,6,Spoofing,0.06739388549612825,0.15426571096743938,0.04593849479398274
2,6,3,False,6,Spoofing,7,Web-Based,0.03354928178784522,0.040183926210743126,0.027395861717127497
2,6,3,False,7,Web-Based,0,Benign,0.15394814391282582,0.5791239846268793,0.0977203372961542
2,6,3,False,7,Web-Based,1,BruteForce,0.29400194917873707,0.018699280778835137,0.443778206912821
2,6,3,False,7,Web-Based,2,DDoS,0.08681489491903564,0.031820138226622954,0.06715439945069804
2,6,3,False,7,Web-Based,3,DoS,0.017572106038632688,0.018811713741608577,0.025752113867402164
2,6,3,False,7,Web-Based,4,Mirai,0.2570897858866232,0.0864343238658811,0.19955413503414898
2,6,3,False,7,Web-Based,5,Recon,0.09883841249881481,0.09973967698328876,0.09551412794510059
2,6,3,False,7,Web-Based,6,Spoofing,0.05652467810413265,0.12484299379931815,0.042107321096956286
2,6,3,False,7,Web-Based,7,Web-Based,0.03521002946119822,0.040527887977566124,0.028419358396718747
2,6,4,False,0,Benign,0,Benign,0.606036613960043,0.5695491840706383,0.5114515187442072
2,6,4,False,0,Benign,1,BruteForce,0.013611126199042712,0.016045378669821704,0.017366935477572266
2,6,4,False,0,Benign,2,DDoS,0.020638616269349985,0.057104519662118845,0.026437907769421
2,6,4,False,0,Benign,3,DoS,0.06306883826524912,0.028347151557848192,0.11089901444123246
2,6,4,False,0,Benign,4,Mirai,0.05304234304024542,0.07127721332809042,0.04991146514848598
2,6,4,False,0,Benign,5,Recon,0.0389665622706565,0.10002024692221043,0.04847753993231641
2,6,4,False,0,Benign,6,Spoofing,0.09761988117910389,0.12132021983160204,0.12582687160653092
2,6,4,False,0,Benign,7,Web-Based,0.10701601881630926,0.03633608595767007,0.10962874688023375
2,6,4,False,1,BruteForce,0,Benign,0.5993238907883198,0.5799367601515428,0.5282264517855866
2,6,4,False,1,BruteForce,1,BruteForce,0.017958870195298963,0.021906022636836966,0.019036748089442165
2,6,4,False,1,BruteForce,2,DDoS,0.020975577866592533,0.03172255625084327,0.0284632038330958
2,6,4,False,1,BruteForce,3,DoS,0.010305565609950286,0.012709975005979155,0.031344618400644994
2,6,4,False,1,BruteForce,4,Mirai,0.06415901323419625,0.08781797594960918,0.055386972560604826
2,6,4,False,1,BruteForce,5,Recon,0.037592100532373426,0.09377734526596504,0.05423192085174975
2,6,4,False,1,BruteForce,6,Spoofing,0.09664553132746247,0.12370151490652827,0.1357970920221956
2,6,4,False,1,BruteForce,7,Web-Based,0.15303945044580633,0.04842784983269534,0.14751299245668045
2,6,4,False,2,DDoS,0,Benign,0.1822625425155114,0.21177614624663885,0.18709365275041412
2,6,4,False,2,DDoS,1,BruteForce,0.012198481815256608,0.014278159151660573,0.017858336913377494
2,6,4,False,2,DDoS,2,DDoS,0.5806189658452818,0.5640122122182974,0.4406137479322991
2,6,4,False,2,DDoS,3,DoS,0.07728099723630319,0.02888130186400687,0.12708842784619223
2,6,4,False,2,DDoS,4,Mirai,0.02961085828347949,0.042279282054861145,0.036204004207936624
2,6,4,False,2,DDoS,5,Recon,0.02007492506462329,0.06049190183697414,0.04094537065286566
2,6,4,False,2,DDoS,6,Spoofing,0.04238256485550831,0.05048336974693421,0.07734640427145834
2,6,4,False,2,DDoS,7,Web-Based,0.05557066438403588,0.027797626880626737,0.07285005542545647
2,6,4,False,3,DoS,0,Benign,0.07757950026342261,0.12085566818689887,0.08708292581837755
2,6,4,False,3,DoS,1,BruteForce,0.007596809284360709,0.014271397229682715,0.012171802823390258
2,6,4,False,3,DoS,2,DDoS,0.02797187870222759,0.1655187002502636,0.024614061106730322
2,6,4,False,3,DoS,3,DoS,0.7950932185602736,0.5290788445149156,0.7508578455363979
2,6,4,False,3,DoS,4,Mirai,0.01661295162346955,0.036145411760307854,0.01913003848239789
2,6,4,False,3,DoS,5,Recon,0.011173296285543456,0.04149408568151369,0.01934035014494665
2,6,4,False,3,DoS,6,Spoofing,0.041543833331220414,0.06844374944034101,0.055820477857178356
2,6,4,False,3,DoS,7,Web-Based,0.0224285119494821,0.024192142936076584,0.030982498230580885
2,6,4,False,4,Mirai,0,Benign,0.5624505088219885,0.5390492409857263,0.4977157399392206
2,6,4,False,4,Mirai,1,BruteForce,0.016444488221089553,0.018730109485963847,0.01855210871346273
2,6,4,False,4,Mirai,2,DDoS,0.021383435935704586,0.0584863387479945,0.026361674156741354
2,6,4,False,4,Mirai,3,DoS,0.035069956232648795,0.02156616518004312,0.10781893446293969
2,6,4,False,4,Mirai,4,Mirai,0.10744247632695182,0.1250486671514913,0.059284748637164736
2,6,4,False,4,Mirai,5,Recon,0.034560337869553724,0.07243240293416996,0.04550408303926764
2,6,4,False,4,Mirai,6,Spoofing,0.10971400080172582,0.12698675463986495,0.13222123356476034
2,6,4,False,4,Mirai,7,Web-Based,0.11293479579033704,0.03770032087474601,0.11254147748644304
2,6,4,False,5,Recon,0,Benign,0.5869568384606938,0.5619259429470147,0.5246019121966853
2,6,4,False,5,Recon,1,BruteForce,0.01754014298128282,0.021149263390713522,0.019442493841698518
2,6,4,False,5,Recon,2,DDoS,0.020519344811204716,0.02882657127185812,0.027688213791934
2,6,4,False,5,Recon,3,DoS,0.012803226527213994,0.013437797121237887,0.03830388342453052
2,6,4,False,5,Recon,4,Mirai,0.05142522067553696,0.08031684922803013,0.05298307736818511
2,6,4,False,5,Recon,5,Recon,0.05585503810010893,0.12945101747322726,0.061603524042038886
2,6,4,False,5,Recon,6,Spoofing,0.09110095588367327,0.1170246300835638,0.12630289643235015
2,6,4,False,5,Recon,7,Web-Based,0.16379923256028545,0.0478679284843545,0.14907399890257753
2,6,4,False,6,Spoofing,0,Benign,0.6275398914258359,0.5570238138308842,0.536411515885959
2,6,4,False,6,Spoofing,1,BruteForce,0.014350469598908405,0.017638773200640966,0.01758753122824101
2,6,4,False,6,Spoofing,2,DDoS,0.01853955908202175,0.027205657434818405,0.025898201098156284
2,6,4,False,6,Spoofing,3,DoS,0.015914294414733153,0.018180841961320787,0.06500057060532138
2,6,4,False,6,Spoofing,4,Mirai,0.05301805942284324,0.0753199312019771,0.05247179253811593
2,6,4,False,6,Spoofing,5,Recon,0.04398010777514292,0.11018134519217611,0.05039951941938945
2,6,4,False,6,Spoofing,6,Spoofing,0.10780269868693591,0.15426571096743938,0.13523722312355066
2,6,4,False,6,Spoofing,7,Web-Based,0.1188549195935787,0.040183926210743126,0.11699364610126642
2,6,4,False,7,Web-Based,0,Benign,0.6172953639999388,0.5791239846268793,0.545824890564863
2,6,4,False,7,Web-Based,1,BruteForce,0.015815997723443227,0.018699280778835137,0.018153644184725353
2,6,4,False,7,Web-Based,2,DDoS,0.020506862055139193,0.031820138226622954,0.0270005517169475
2,6,4,False,7,Web-Based,3,DoS,0.01584837095178661,0.018811713741608577,0.051916731855637416
2,6,4,False,7,Web-Based,4,Mirai,0.059572728251664625,0.0864343238658811,0.05308355155809919
2,6,4,False,7,Web-Based,5,Recon,0.039848306174936024,0.09973967698328876,0.04998887558676116
2,6,4,False,7,Web-Based,6,Spoofing,0.1014483678848685,0.12484299379931815,0.12930244102769778
2,6,4,False,7,Web-Based,7,Web-Based,0.1296640029582231,0.040527887977566124,0.12472931350526854
2,6,5,False,0,Benign,0,Benign,0.4202279996462479,0.5695491840706383,0.3949940662695713
2,6,5,False,0,Benign,1,BruteForce,0.010578288654300617,0.016045378669821704,0.016511035679268198
2,6,5,False,0,Benign,2,DDoS,0.04688977833002347,0.057104519662118845,0.05068400851883798
2,6,5,False,0,Benign,3,DoS,0.00996113488405143,0.028347151557848192,0.016428678385103694
2,6,5,False,0,Benign,4,Mirai,0.023443196633275033,0.07127721332809042,0.019976043200271187
2,6,5,False,0,Benign,5,Recon,0.07354265941068529,0.10002024692221043,0.0796652726590334
2,6,5,False,0,Benign,6,Spoofing,0.3989328390519095,0.12132021983160204,0.40255422714828437
2,6,5,False,0,Benign,7,Web-Based,0.016424103389506648,0.03633608595767007,0.01918666813962988
2,6,5,False,1,BruteForce,0,Benign,0.4354935248919793,0.5799367601515428,0.42339472500805075
2,6,5,False,1,BruteForce,1,BruteForce,0.011481501855479942,0.021906022636836966,0.016828070118440053
2,6,5,False,1,BruteForce,2,DDoS,0.02396257149316976,0.03172255625084327,0.03702570081811362
2,6,5,False,1,BruteForce,3,DoS,0.007759331302890806,0.012709975005979155,0.013948945221778477
2,6,5,False,1,BruteForce,4,Mirai,0.02414791451896457,0.08781797594960918,0.019807443748058387
2,6,5,False,1,BruteForce,5,Recon,0.07105621226647844,0.09377734526596504,0.08446154812879791
2,6,5,False,1,BruteForce,6,Spoofing,0.4075184833593249,0.12370151490652827,0.3836755971714746
2,6,5,False,1,BruteForce,7,Web-Based,0.018580460311712368,0.04842784983269534,0.02085796978528626
2,6,5,False,2,DDoS,0,Benign,0.13204577334398354,0.21177614624663885,0.14006204196583896
2,6,5,False,2,DDoS,1,BruteForce,0.009253672781984664,0.014278159151660573,0.015118387278342192
2,6,5,False,2,DDoS,2,DDoS,0.638828999950483,0.5640122122182974,0.5699848477141761
2,6,5,False,2,DDoS,3,DoS,0.008467670050913341,0.02888130186400687,0.014136422696305708
2,6,5,False,2,DDoS,4,Mirai,0.012439208965432585,0.042279282054861145,0.016686788161266935
2,6,5,False,2,DDoS,5,Recon,0.0490154336198476,0.06049190183697414,0.059857837735661334
2,6,5,False,2,DDoS,6,Spoofing,0.1383802471276082,0.05048336974693421,0.1651709392110041
2,6,5,False,2,DDoS,7,Web-Based,0.011568994159747123,0.027797626880626737,0.018982735237404586
2,6,5,False,3,DoS,0,Benign,0.08769281804110672,0.12085566818689887,0.17218343662378524
2,6,5,False,3,DoS,1,BruteForce,0.011836434217020688,0.014271397229682715,0.017112470154734424
2,6,5,False,3,DoS,2,DDoS,0.1558753306695068,0.1655187002502636,0.13868326430204972
2,6,5,False,3,DoS,3,DoS,0.42099870615141743,0.5290788445149156,0.14680163444492883
2,6,5,False,3,DoS,4,Mirai,0.012631813008839145,0.036145411760307854,0.021423462742001614
2,6,5,False,3,DoS,5,Recon,0.0299087872608838,0.04149408568151369,0.06217380924966875
2,6,5,False,3,DoS,6,Spoofing,0.27089330162623704,0.06844374944034101,0.4250204169792452
2,6,5,False,3,DoS,7,Web-Based,0.010162809024988206,0.024192142936076584,0.016601505503586165
2,6,5,False,4,Mirai,0,Benign,0.40330406409350744,0.5390492409857263,0.38699774478070675
2,6,5,False,4,Mirai,1,BruteForce,0.01164010821665429,0.018730109485963847,0.01715791176952036
2,6,5,False,4,Mirai,2,DDoS,0.041331725427385946,0.0584863387479945,0.046342724047623414
2,6,5,False,4,Mirai,3,DoS,0.009084373237760908,0.02156616518004312,0.015964871696969776
2,6,5,False,4,Mirai,4,Mirai,0.027295495429629703,0.1250486671514913,0.02101833076417777
2,6,5,False,4,Mirai,5,Recon,0.06026256593945382,0.07243240293416996,0.07178465736175996
2,6,5,False,4,Mirai,6,Spoofing,0.43101425635075036,0.12698675463986495,0.4225236271779811
2,6,5,False,4,Mirai,7,Web-Based,0.016067411304857532,0.03770032087474601,0.018210132401260765
2,6,5,False,5,Recon,0,Benign,0.44865897503118163,0.5619259429470147,0.4286206932370712
2,6,5,False,5,Recon,1,BruteForce,0.011124691307371483,0.021149263390713522,0.016706483705206665
2,6,5,False,5,Recon,2,DDoS,0.022865830372867366,0.02882657127185812,0.03576984253645233
2,6,5,False,5,Recon,3,DoS,0.0074463459210255155,0.013437797121237887,0.013700870714260674
2,6,5,False,5,Recon,4,Mirai,0.022725537939183065,0.08031684922803013,0.01918451935794694
2,6,5,False,5,Recon,5,Recon,0.1067196222748827,0.12945101747322726,0.10418607771330361
2,6,5,False,5,Recon,6,Spoofing,0.36051492415896885,0.1170246300835638,0.3604877772583204
2,6,5,False,5,Recon,7,Web-Based,0.01994407299451943,0.0478679284843545,0.021343735477438147
2,6,5,False,6,Spoofing,0,Benign,0.41657915615193114,0.5570238138308842,0.3969013659889291
2,6,5,False,6,Spoofing,1,BruteForce,0.010501927028091234,0.017638773200640966,0.016440510094442768
2,6,5,False,6,Spoofing,2,DDoS,0.022164097366998713,0.027205657434818405,0.03796854364615823
2,6,5,False,6,Spoofing,3,DoS,0.008710039073547638,0.018180841961320787,0.015869626828579602
2,6,5,False,6,Spoofing,4,Mirai,0.023484426879702442,0.0753199312019771,0.019910739107708086
2,6,5,False,6,Spoofing,5,Recon,0.07588830319260606,0.11018134519217611,0.07586625026273454
2,6,5,False,6,Spoofing,6,Spoofing,0.4267111565352084,0.15426571096743938,0.41871909821095865
2,6,5,False,6,Spoofing,7,Web-Based,0.015960893771914512,0.040183926210743126,0.01832386586048903
2,6,5,False,7,Web-Based,0,Benign,0.4503953052643988,0.5791239846268793,0.4295461490919319
2,6,5,False,7,Web-Based,1,BruteForce,0.010830048153439674,0.018699280778835137,0.016613345946749965
2,6,5,False,7,Web-Based,2,DDoS,0.024389904836904026,0.031820138226622954,0.03988020068775722
2,6,5,False,7,Web-Based,3,DoS,0.008341972497990948,0.018811713741608577,0.014490127521511948
2,6,5,False,7,Web-Based,4,Mirai,0.024303454191455076,0.0864343238658811,0.01991901086005789
2,6,5,False,7,Web-Based,5,Recon,0.07062091178430574,0.09973967698328876,0.07822231968770609
2,6,5,False,7,Web-Based,6,Spoofing,0.394314511310849,0.12484299379931815,0.38199006739055763
2,6,5,False,7,Web-Based,7,Web-Based,0.016803891960656823,0.040527887977566124,0.01933877881372748
2,6,6,False,0,Benign,0,Benign,0.5668315721916678,0.5695491840706383,0.5665400724785987
2,6,6,False,0,Benign,1,BruteForce,0.0791376522090293,0.016045378669821704,0.07324667748454332
2,6,6,False,0,Benign,2,DDoS,0.013785706640390355,0.057104519662118845,0.016606781633218694
2,6,6,False,0,Benign,3,DoS,0.017398603945141755,0.028347151557848192,0.02908935793997478
2,6,6,False,0,Benign,4,Mirai,0.267789215157462,0.07127721332809042,0.251572806884142
2,6,6,False,0,Benign,5,Recon,0.021802298314474118,0.10002024692221043,0.02170086091160983
2,6,6,False,0,Benign,6,Spoofing,0.01837247544645293,0.12132021983160204,0.02271445457152364
2,6,6,False,0,Benign,7,Web-Based,0.014882476095381918,0.03633608595767007,0.01852898809638906
2,6,6,False,1,BruteForce,0,Benign,0.5271991405747539,0.5799367601515428,0.5474973395967081
2,6,6,False,1,BruteForce,1,BruteForce,0.10634254273424674,0.021906022636836966,0.08973052826229379
2,6,6,False,1,BruteForce,2,DDoS,0.014047349091532643,0.03172255625084327,0.01625629028815254
2,6,6,False,1,BruteForce,3,DoS,0.009410461475053837,0.012709975005979155,0.016982319903996623
2,6,6,False,1,BruteForce,4,Mirai,0.2855678532881571,0.08781797594960918,0.26794029106008715
2,6,6,False,1,BruteForce,5,Recon,0.021365785493419154,0.09377734526596504,0.021213046157681062
2,6,6,False,1,BruteForce,6,Spoofing,0.019682827494881597,0.12370151490652827,0.022132871675047912
2,6,6,False,1,BruteForce,7,Web-Based,0.016384039847955053,0.04842784983269534,0.018247313056032968
2,6,6,False,2,DDoS,0,Benign,0.22096379446596037,0.21177614624663885,0.3884599598895505
2,6,6,False,2,DDoS,1,BruteForce,0.05322877387992367,0.014278159151660573,0.06347316484577595
2,6,6,False,2,DDoS,2,DDoS,0.38582482140563507,0.5640122122182974,0.1420855764188866
2,6,6,False,2,DDoS,3,DoS,0.03881583120444613,0.02888130186400687,0.04718551576419004
2,6,6,False,2,DDoS,4,Mirai,0.24166380385915898,0.042279282054861145,0.27667284341143794
2,6,6,False,2,DDoS,5,Recon,0.020692573589500628,0.06049190183697414,0.027754448702479086
2,6,6,False,2,DDoS,6,Spoofing,0.017470377171358627,0.05048336974693421,0.027364887149916993
2,6,6,False,2,DDoS,7,Web-Based,0.02134002442401654,0.027797626880626737,0.02700360381776286
2,6,6,False,3,DoS,0,Benign,0.12690421837861804,0.12085566818689887,0.3452165400748593
2,6,6,False,3,DoS,1,BruteForce,0.03155714462635206,0.014271397229682715,0.05139137383248603
2,6,6,False,3,DoS,2,DDoS,0.021741033720552357,0.1655187002502636,0.023913993474766457
2,6,6,False,3,DoS,3,DoS,0.6524149556475877,0.5290788445149156,0.26737598433736803
2,6,6,False,3,DoS,4,Mirai,0.12664321584423058,0.036145411760307854,0.24320249601227611
2,6,6,False,3,DoS,5,Recon,0.011585062174958742,0.04149408568151369,0.01786204595792165
2,6,6,False,3,DoS,6,Spoofing,0.01596537058340937,0.06844374944034101,0.02906511275660133
2,6,6,False,3,DoS,7,Web-Based,0.01318899902429107,0.024192142936076584,0.021972453553721093
2,6,6,False,4,Mirai,0,Benign,0.44244538633223573,0.5390492409857263,0.5021935163819404
2,6,6,False,4,Mirai,1,BruteForce,0.08977867247805249,0.018730109485963847,0.08196082327597823
2,6,6,False,4,Mirai,2,DDoS,0.014220769948568702,0.0584863387479945,0.016592628412057844
2,6,6,False,4,Mirai,3,DoS,0.011612504865618286,0.02156616518004312,0.02364009457165466
2,6,6,False,4,Mirai,4,Mirai,0.38953069257134576,0.1250486671514913,0.3135281413572825
2,6,6,False,4,Mirai,5,Recon,0.018010969452546596,0.07243240293416996,0.020019872292429082
2,6,6,False,4,Mirai,6,Spoofing,0.0189378033625516,0.12698675463986495,0.023067946595017694
2,6,6,False,4,Mirai,7,Web-Based,0.015463200989080892,0.03770032087474601,0.01899697711363963
2,6,6,False,5,Recon,0,Benign,0.5358990148920185,0.5619259429470147,0.5509907668848977
2,6,6,False,5,Recon,1,BruteForce,0.10752061359210838,0.021149263390713522,0.09011543323766241
2,6,6,False,5,Recon,2,DDoS,0.013688464987215654,0.02882657127185812,0.016106972093674496
2,6,6,False,5,Recon,3,DoS,0.009902087593319883,0.013437797121237887,0.017109256847176037
2,6,6,False,5,Recon,4,Mirai,0.259974143069271,0.08031684922803013,0.26390925603396775
2,6,6,False,5,Recon,5,Recon,0.03720014609486124,0.12945101747322726,0.021926327482930004
2,6,6,False,5,Recon,6,Spoofing,0.018678950807458794,0.1170246300835638,0.02141031593412912
2,6,6,False,5,Recon,7,Web-Based,0.017136578963746568,0.0478679284843545,0.018431671485562504
2,6,6,False,6,Spoofing,0,Benign,0.5678549075383434,0.5570238138308842,0.5722564450249433
2,6,6,False,6,Spoofing,1,BruteForce,0.08604492797649918,0.017638773200640966,0.07727738156114235
2,6,6,False,6,Spoofing,2,DDoS,0.012630069464292902,0.027205657434818405,0.015961065555623852
2,6,6,False,6,Spoofing,3,DoS,0.010591165246755605,0.018180841961320787,0.022689613214819104
2,6,6,False,6,Spoofing,4,Mirai,0.2674578687444322,0.0753199312019771,0.24887078924955303
2,6,6,False,6,Spoofing,5,Recon,0.021931061988000003,0.11018134519217611,0.022035615872665556
2,6,6,False,6,Spoofing,6,Spoofing,0.018940973062208592,0.15426571096743938,0.02284910776184445
2,6,6,False,6,Spoofing,7,Web-Based,0.014549025979467991,0.040183926210743126,0.018059981759408525
2,6,6,False,7,Web-Based,0,Benign,0.5430126669444381,0.5791239846268793,0.5609395277659274
2,6,6,False,7,Web-Based,1,BruteForce,0.08888415947491651,0.018699280778835137,0.07921245055040718
2,6,6,False,7,Web-Based,2,DDoS,0.01327062278103571,0.031820138226622954,0.015868369367134656
2,6,6,False,7,Web-Based,3,DoS,0.010247897564005607,0.018811713741608577,0.01910009004611149
2,6,6,False,7,Web-Based,4,Mirai,0.29034446701162503,0.0864343238658811,0.26386166570437647
2,6,6,False,7,Web-Based,5,Recon,0.02081778661158538,0.09973967698328876,0.021529987987394403
2,6,6,False,7,Web-Based,6,Spoofing,0.018360053764110425,0.12484299379931815,0.021505235588405395
2,6,6,False,7,Web-Based,7,Web-Based,0.015062345848283263,0.040527887977566124,0.01798267299024312
2,6,7,True,0,Benign,0,Benign,0.5405413073379758,0.5695491840706383,0.19006200738381201
2,6,7,True,0,Benign,1,BruteForce,0.012720100910818596,0.016045378669821704,0.020224434467362364
2,6,7,True,0,Benign,2,DDoS,0.14077233817033674,0.057104519662118845,0.20766379600834892
2,6,7,True,0,Benign,3,DoS,0.02011088411151813,0.028347151557848192,0.04935550501832602
2,6,7,True,0,Benign,4,Mirai,0.039861792688477976,0.07127721332809042,0.09394680506887805
2,6,7,True,0,Benign,5,Recon,0.037824733266568863,0.10002024692221043,0.07136452125495582
2,6,7,True,0,Benign,6,Spoofing,0.16489943747693647,0.12132021983160204,0.2804892911367035
2,6,7,True,0,Benign,7,Web-Based,0.043269406037367425,0.03633608595767007,0.08689363966161333
2,6,7,True,1,BruteForce,0,Benign,0.5208699986656178,0.5799367601515428,0.20138525146779418
2,6,7,True,1,BruteForce,1,BruteForce,0.016179740709023466,0.021906022636836966,0.023224710183203334
2,6,7,True,1,BruteForce,2,DDoS,0.11845597175055368,0.03172255625084327,0.1650994376929682
2,6,7,True,1,BruteForce,3,DoS,0.0075665458971641295,0.012709975005979155,0.014715253464496572
2,6,7,True,1,BruteForce,4,Mirai,0.04404753019286336,0.08781797594960918,0.10716327689430788
2,6,7,True,1,BruteForce,5,Recon,0.04844855584884323,0.09377734526596504,0.0822597277055845
2,6,7,True,1,BruteForce,6,Spoofing,0.17949825321755933,0.12370151490652827,0.2848892311519902
2,6,7,True,1,BruteForce,7,Web-Based,0.06493340371837501,0.04842784983269534,0.12126311143965526
2,6,7,True,2,DDoS,0,Benign,0.4441237869907009,0.21177614624663885,0.06315789945901491
2,6,7,True,2,DDoS,1,BruteForce,0.011239238352288558,0.014278159151660573,0.01467582121846028
2,6,7,True,2,DDoS,2,DDoS,0.366251915474284,0.5640122122182974,0.6790982590583068
2,6,7,True,2,DDoS,3,DoS,0.016803121916087488,0.02888130186400687,0.029915301785297034
2,6,7,True,2,DDoS,4,Mirai,0.025083344515294394,0.042279282054861145,0.03756973610451343
2,6,7,True,2,DDoS,5,Recon,0.0397880078764048,0.06049190183697414,0.05053802204661384
2,6,7,True,2,DDoS,6,Spoofing,0.06366823455175002,0.05048336974693421,0.08448000842134977
2,6,7,True,2,DDoS,7,Web-Based,0.03304235032318984,0.027797626880626737,0.04056495190644393
2,6,7,True,3,DoS,0,Benign,0.402523600111997,0.12085566818689887,0.04972260344618292
2,6,7,True,3,DoS,1,BruteForce,0.009490379323065554,0.014271397229682715,0.014356442331074746
2,6,7,True,3,DoS,2,DDoS,0.1580223605138456,0.1655187002502636,0.28075649353886467
2,6,7,True,3,DoS,3,DoS,0.3001942780000509,0.5290788445149156,0.4207169080753143
2,6,7,True,3,DoS,4,Mirai,0.016775746298519696,0.036145411760307854,0.03285208901325873
2,6,7,True,3,DoS,5,Recon,0.027307672169684962,0.04149408568151369,0.039216064908022354
2,6,7,True,3,DoS,6,Spoofing,0.06264709882769327,0.06844374944034101,0.13078423904227499
2,6,7,True,3,DoS,7,Web-Based,0.023038864755143027,0.024192142936076584,0.031595159645007344
2,6,7,True,4,Mirai,0,Benign,0.5362912487156865,0.5390492409857263,0.1855650372380019
2,6,7,True,4,Mirai,1,BruteForce,0.014413863946619318,0.018730109485963847,0.022131127290195243
2,6,7,True,4,Mirai,2,DDoS,0.14825328028221132,0.0584863387479945,0.20587021305424594
2,6,7,True,4,Mirai,3,DoS,0.012163265231697003,0.02156616518004312,0.04262696000184756
2,6,7,True,4,Mirai,4,Mirai,0.0495325382220868,0.1250486671514913,0.11111783965601191
2,6,7,True,4,Mirai,5,Recon,0.03209043040606623,0.07243240293416996,0.06175273355281833
2,6,7,True,4,Mirai,6,Spoofing,0.16153194064488682,0.12698675463986495,0.2815399875187624
2,6,7,True,4,Mirai,7,Web-Based,0.04572343255074601,0.03770032087474601,0.08939610168811668
2,6,7,True,5,Recon,0,Benign,0.5093028643610654,0.5619259429470147,0.20421495942813525
2,6,7,True,5,Recon,1,BruteForce,0.015361729490988263,0.021149263390713522,0.02279085271920141
2,6,7,True,5,Recon,2,DDoS,0.10834509014356225,0.02882657127185812,0.16167187425190818
2,6,7,True,5,Recon,3,DoS,0.007587497632366806,0.013437797121237887,0.014778713606031838
2,6,7,True,5,Recon,4,Mirai,0.04233744013432011,0.08031684922803013,0.10613234379293926
2,6,7,True,5,Recon,5,Recon,0.0723396049150097,0.12945101747322726,0.0971590489943933
2,6,7,True,5,Recon,6,Spoofing,0.17540931788764966,0.1170246300835638,0.26555285526483596
2,6,7,True,5,Recon,7,Web-Based,0.06931645543503782,0.0478679284843545,0.1276993519425549
2,6,7,True,6,Spoofing,0,Benign,0.5249322242106826,0.5570238138308842,0.20661552026824628
2,6,7,True,6,Spoofing,1,BruteForce,0.01359724066600052,0.017638773200640966,0.02085801698794803
2,6,7,True,6,Spoofing,2,DDoS,0.1070771433422902,0.027205657434818405,0.15493616800557497
2,6,7,True,6,Spoofing,3,DoS,0.01289229534790566,0.018180841961320787,0.03847082851679906
2,6,7,True,6,Spoofing,4,Mirai,0.04308012713589465,0.0753199312019771,0.09757837906788357
2,6,7,True,6,Spoofing,5,Recon,0.04048635620969192,0.11018134519217611,0.07102919801651751
2,6,7,True,6,Spoofing,6,Spoofing,0.21033889070075215,0.15426571096743938,0.31579709415252577
2,6,7,True,6,Spoofing,7,Web-Based,0.04759572238678219,0.040183926210743126,0.09471479498450491
2,6,7,True,7,Web-Based,0,Benign,0.5440648212221507,0.5791239846268793,0.21226598187081436
2,6,7,True,7,Web-Based,1,BruteForce,0.014193309073526736,0.018699280778835137,0.02228738722789408
2,6,7,True,7,Web-Based,2,DDoS,0.12476460443522756,0.031820138226622954,0.16766626934633372
2,6,7,True,7,Web-Based,3,DoS,0.010364004529351609,0.018811713741608577,0.027573497704502545
2,6,7,True,7,Web-Based,4,Mirai,0.04467366549203528,0.0864343238658811,0.10738614640901221
2,6,7,True,7,Web-Based,5,Recon,0.03933220713293955,0.09973967698328876,0.07409610225798595
2,6,7,True,7,Web-Based,6,Spoofing,0.1711933296649465,0.12484299379931815,0.2845562635929751
2,6,7,True,7,Web-Based,7,Web-Based,0.051414058449822005,0.040527887977566124,0.10416835159048211
2,6,8,True,0,Benign,0,Benign,0.5138300925560141,0.5695491840706383,0.021810950269315753
2,6,8,True,0,Benign,1,BruteForce,0.009130697706950094,0.016045378669821704,0.01600275761022942
2,6,8,True,0,Benign,2,DDoS,0.03533940416836041,0.057104519662118845,0.050527097056081015
2,6,8,True,0,Benign,3,DoS,0.026408135535629516,0.028347151557848192,0.05542896077987327
2,6,8,True,0,Benign,4,Mirai,0.01907250466308723,0.07127721332809042,0.027866015471993612
2,6,8,True,0,Benign,5,Recon,0.028802319939542163,0.10002024692221043,0.04699553559445888
2,6,8,True,0,Benign,6,Spoofing,0.3560630360540566,0.12132021983160204,0.7650206642692088
2,6,8,True,0,Benign,7,Web-Based,0.011353809376359861,0.03633608595767007,0.016348018948839253
2,6,8,True,1,BruteForce,0,Benign,0.48915122474450495,0.5799367601515428,0.020994355746090623
2,6,8,True,1,BruteForce,1,BruteForce,0.009840615091131509,0.021906022636836966,0.015058484264763593
2,6,8,True,1,BruteForce,2,DDoS,0.027240949638390976,0.03172255625084327,0.02431701420126772
2,6,8,True,1,BruteForce,3,DoS,0.017761526303187832,0.012709975005979155,0.02464133151018529
2,6,8,True,1,BruteForce,4,Mirai,0.018977337908567125,0.08781797594960918,0.02698844641413626
2,6,8,True,1,BruteForce,5,Recon,0.02622487731327135,0.09377734526596504,0.046872993604331455
2,6,8,True,1,BruteForce,6,Spoofing,0.39976242624391717,0.12370151490652827,0.8257479406982378
2,6,8,True,1,BruteForce,7,Web-Based,0.011041042757029114,0.04842784983269534,0.015379433560987312
2,6,8,True,2,DDoS,0,Benign,0.42439868841434353,0.21177614624663885,0.013699868902236085
2,6,8,True,2,DDoS,1,BruteForce,0.01157156363379491,0.014278159151660573,0.014559939928850532
2,6,8,True,2,DDoS,2,DDoS,0.3140132832742157,0.5640122122182974,0.5753435733898703
2,6,8,True,2,DDoS,3,DoS,0.02515335742290586,0.02888130186400687,0.0355672073720021
2,6,8,True,2,DDoS,4,Mirai,0.018918822656292116,0.042279282054861145,0.019524713804311238
2,6,8,True,2,DDoS,5,Recon,0.0356497343854209,0.06049190183697414,0.05250824397314719
2,6,8,True,2,DDoS,6,Spoofing,0.14935119230233257,0.05048336974693421,0.27138072069535446
2,6,8,True,2,DDoS,7,Web-Based,0.02094335791069447,0.027797626880626737,0.01741573193422817
2,6,8,True,3,DoS,0,Benign,0.4844762772843078,0.12085566818689887,0.02032126727057418
2,6,8,True,3,DoS,1,BruteForce,0.008970408170867675,0.014271397229682715,0.019282406462451693
2,6,8,True,3,DoS,2,DDoS,0.054635017693374865,0.1655187002502636,0.12415177480900132
2,6,8,True,3,DoS,3,DoS,0.26927829229034217,0.5290788445149156,0.4087992067718717
2,6,8,True,3,DoS,4,Mirai,0.012991850625381185,0.036145411760307854,0.02217535269174612
2,6,8,True,3,DoS,5,Recon,0.028482111049167952,0.04149408568151369,0.03368676920989656
2,6,8,True,3,DoS,6,Spoofing,0.12849845531243104,0.06844374944034101,0.35526064203240554
2,6,8,True,3,DoS,7,Web-Based,0.012667587574127328,0.024192142936076584,0.016322580752052833
2,6,8,True,4,Mirai,0,Benign,0.4973061164228769,0.5390492409857263,0.02087656950474786
2,6,8,True,4,Mirai,1,BruteForce,0.009736811377876934,0.018730109485963847,0.015983515560212366
2,6,8,True,4,Mirai,2,DDoS,0.03127717032406276,0.0584863387479945,0.038660112723592654
2,6,8,True,4,Mirai,3,DoS,0.02237695156708353,0.02156616518004312,0.04759563998341388
2,6,8,True,4,Mirai,4,Mirai,0.021317269801266598,0.1250486671514913,0.029070078330790852
2,6,8,True,4,Mirai,5,Recon,0.02494381379313994,0.07243240293416996,0.03957627185741308
2,6,8,True,4,Mirai,6,Spoofing,0.3824908266872061,0.12698675463986495,0.7936433695559995
2,6,8,True,4,Mirai,7,Web-Based,0.010551040026487213,0.03770032087474601,0.014594442483829661
2,6,8,True,5,Recon,0,Benign,0.5017364392801388,0.5619259429470147,0.021093264373103205
2,6,8,True,5,Recon,1,BruteForce,0.009551142091361023,0.021149263390713522,0.015407309782515434
2,6,8,True,5,Recon,2,DDoS,0.026422667991639684,0.02882657127185812,0.02369803646236753
2,6,8,True,5,Recon,3,DoS,0.01836834824023992,0.013437797121237887,0.024752002415600757
2,6,8,True,5,Recon,4,Mirai,0.01785862494836899,0.08031684922803013,0.026868550362366135
2,6,8,True,5,Recon,5,Recon,0.03396839127723516,0.12945101747322726,0.059178156633661286
2,6,8,True,5,Recon,6,Spoofing,0.3806471203200462,0.1170246300835638,0.8130179254396086
2,6,8,True,5,Recon,7,Web-Based,0.01144726585097028,0.0478679284843545,0.01598475453077723
2,6,8,True,6,Spoofing,0,Benign,0.4978013224106846,0.5570238138308842,0.021448729478017604
2,6,8,True,6,Spoofing,1,BruteForce,0.0091654713757707,0.017638773200640966,0.015531213899866482
2,6,8,True,6,Spoofing,2,DDoS,0.02601703110219303,0.027205657434818405,0.027829828961803867
2,6,8,True,6,Spoofing,3,DoS,0.0223215639709788,0.018180841961320787,0.04246184559115623
2,6,8,True,6,Spoofing,4,Mirai,0.019446795171865663,0.0753199312019771,0.027886377395837242
2,6,8,True,6,Spoofing,5,Recon,0.026911917034470472,0.11018134519217611,0.046378979112625535
2,6,8,True,6,Spoofing,6,Spoofing,0.3878253645538537,0.15426571096743938,0.8038997566766959
2,6,8,True,6,Spoofing,7,Web-Based,0.010510534380183031,0.040183926210743126,0.01456326888399722
2,6,8,True,7,Web-Based,0,Benign,0.501209080569969,0.5791239846268793,0.021248320312265638
2,6,8,True,7,Web-Based,1,BruteForce,0.00945328627224184,0.018699280778835137,0.015286387545140516
2,6,8,True,7,Web-Based,2,DDoS,0.028126265568170727,0.031820138226622954,0.028256831669733275
2,6,8,True,7,Web-Based,3,DoS,0.019082827241530802,0.018811713741608577,0.027995043899772393
2,6,8,True,7,Web-Based,4,Mirai,0.019397664617443817,0.0864343238658811,0.02802592193319682
2,6,8,True,7,Web-Based,5,Recon,0.02634941632757494,0.09973967698328876,0.04640714133360993
2,6,8,True,7,Web-Based,6,Spoofing,0.38563545847272046,0.12484299379931815,0.8175646326095654
2,6,8,True,7,Web-Based,7,Web-Based,0.01074600093034841,0.040527887977566124,0.015215720696716032
2,6,9,False,0,Benign,0,Benign,0.23771206726676522,0.5695491840706383,0.21548333788446744
2,6,9,False,0,Benign,1,BruteForce,0.005879801877294653,0.016045378669821704,0.009296416774373529
2,6,9,False,0,Benign,2,DDoS,0.007222851824373224,0.057104519662118845,0.010623077642979628
2,6,9,False,0,Benign,3,DoS,0.005427574877722989,0.028347151557848192,0.008020236727995652
2,6,9,False,0,Benign,4,Mirai,0.49261014212942444,0.07127721332809042,0.5178996677385564
2,6,9,False,0,Benign,5,Recon,0.13842890374627848,0.10002024692221043,0.13611500058979864
2,6,9,False,0,Benign,6,Spoofing,0.10717656895528287,0.12132021983160204,0.09492459626863653
2,6,9,False,0,Benign,7,Web-Based,0.005542089322858091,0.03633608595767007,0.007637666373192064
2,6,9,False,1,BruteForce,0,Benign,0.22089631837758036,0.5799367601515428,0.19610232092855845
2,6,9,False,1,BruteForce,1,BruteForce,0.006564981600486052,0.021906022636836966,0.009509156089162493
2,6,9,False,1,BruteForce,2,DDoS,0.0051428587488751105,0.03172255625084327,0.007933751693555117
2,6,9,False,1,BruteForce,3,DoS,0.0050834002481612815,0.012709975005979155,0.007543328941042238
2,6,9,False,1,BruteForce,4,Mirai,0.5121014035060064,0.08781797594960918,0.5465504398070139
2,6,9,False,1,BruteForce,5,Recon,0.14814667667286915,0.09377734526596504,0.14077342918080463
2,6,9,False,1,BruteForce,6,Spoofing,0.09659292662479431,0.12370151490652827,0.08437531872018512
2,6,9,False,1,BruteForce,7,Web-Based,0.005471434221227357,0.04842784983269534,0.007212254639678165
2,6,9,False,2,DDoS,0,Benign,0.06423420006491638,0.21177614624663885,0.06691000441191074
2,6,9,False,2,DDoS,1,BruteForce,0.010362134202210323,0.014278159151660573,0.016317505097980422
2,6,9,False,2,DDoS,2,DDoS,0.5828932727799648,0.5640122122182974,0.5021414576654377
2,6,9,False,2,DDoS,3,DoS,0.007258087444231449,0.02888130186400687,0.012107688768286091
2,6,9,False,2,DDoS,4,Mirai,0.2331908968416295,0.042279282054861145,0.26844766819488186
2,6,9,False,2,DDoS,5,Recon,0.053748287937959424,0.06049190183697414,0.0631370766309359
2,6,9,False,2,DDoS,6,Spoofing,0.03900320344652275,0.05048336974693421,0.053672271088085595
2,6,9,False,2,DDoS,7,Web-Based,0.009309917282565392,0.027797626880626737,0.017266328142481795
2,6,9,False,3,DoS,0,Benign,0.05029390103501083,0.12085566818689887,0.06897483417857052
2,6,9,False,3,DoS,1,BruteForce,0.010010280424687715,0.014271397229682715,0.012342713245265646
2,6,9,False,3,DoS,2,DDoS,0.10632130512142257,0.1655187002502636,0.06354920168342658
2,6,9,False,3,DoS,3,DoS,0.026068892107715864,0.5290788445149156,0.012717725760159098
2,6,9,False,3,DoS,4,Mirai,0.5531898929017818,0.036145411760307854,0.6439872644043063
2,6,9,False,3,DoS,5,Recon,0.04742467545804596,0.04149408568151369,0.06291269630945055
2,6,9,False,3,DoS,6,Spoofing,0.1979671252110131,0.06844374944034101,0.12566497940791402
2,6,9,False,3,DoS,7,Web-Based,0.008723927740322216,0.024192142936076584,0.009850585010907234
2,6,9,False,4,Mirai,0,Benign,0.16446758733046934,0.5390492409857263,0.1573233158549285
2,6,9,False,4,Mirai,1,BruteForce,0.005354811068072384,0.018730109485963847,0.008593220401158006
2,6,9,False,4,Mirai,2,DDoS,0.005403584644732904,0.0584863387479945,0.0077718640202395235
2,6,9,False,4,Mirai,3,DoS,0.0049448973799358625,0.02156616518004312,0.007133873239263224
2,6,9,False,4,Mirai,4,Mirai,0.6922649671153365,0.1250486671514913,0.6741252208070134
2,6,9,False,4,Mirai,5,Recon,0.05513270931884704,0.07243240293416996,0.06992492982337814
2,6,9,False,4,Mirai,6,Spoofing,0.06807083908718262,0.12698675463986495,0.06874029873674141
2,6,9,False,4,Mirai,7,Web-Based,0.0043606040554232915,0.03770032087474601,0.0063872771172776436
2,6,9,False,5,Recon,0,Benign,0.2198171412078992,0.5619259429470147,0.19677009728360387
2,6,9,False,5,Recon,1,BruteForce,0.006612565047115242,0.021149263390713522,0.009727646911004723
2,6,9,False,5,Recon,2,DDoS,0.004901439168462247,0.02882657127185812,0.00802319202347638
2,6,9,False,5,Recon,3,DoS,0.004812130790391111,0.013437797121237887,0.007357548666432739
2,6,9,False,5,Recon,4,Mirai,0.4004018463978713,0.08031684922803013,0.4674154179724856
2,6,9,False,5,Recon,5,Recon,0.26619875175009156,0.12945101747322726,0.21991341741126344
2,6,9,False,5,Recon,6,Spoofing,0.09163986933253364,0.1170246300835638,0.0833727013453144
2,6,9,False,5,Recon,7,Web-Based,0.005616256305635769,0.0478679284843545,0.007419978386418905
2,6,9,False,6,Spoofing,0,Benign,0.22880185511083337,0.5570238138308842,0.2183978947074893
2,6,9,False,6,Spoofing,1,BruteForce,0.006270479884876979,0.017638773200640966,0.009599091877394172
2,6,9,False,6,Spoofing,2,DDoS,0.00525991729130948,0.027205657434818405,0.008035744435393236
2,6,9,False,6,Spoofing,3,DoS,0.005110478567843249,0.018180841961320787,0.00762166671214706
2,6,9,False,6,Spoofing,4,Mirai,0.4657406374512636,0.0753199312019771,0.5021608219716335
2,6,9,False,6,Spoofing,5,Recon,0.14235368110393576,0.11018134519217611,0.1419491261204346
2,6,9,False,6,Spoofing,6,Spoofing,0.14093034653801723,0.15426571096743938,0.10474130642315685
2,6,9,False,6,Spoofing,7,Web-Based,0.005532604051920375,0.040183926210743126,0.007494347752351431
2,6,9,False,7,Web-Based,0,Benign,0.21441653604390123,0.5791239846268793,0.2040040398467659
2,6,9,False,7,Web-Based,1,BruteForce,0.0057022850167829245,0.018699280778835137,0.008788214218631895
2,6,9,False,7,Web-Based,2,DDoS,0.005081304752508698,0.031820138226622954,0.007745187882031269
2,6,9,False,7,Web-Based,3,DoS,0.005031887226153996,0.018811713741608577,0.007102631447772487
2,6,9,False,7,Web-Based,4,Mirai,0.5575653491075776,0.0864343238658811,0.5701774190844833
2,6,9,False,7,Web-Based,5,Recon,0.10152041201439986,0.09973967698328876,0.11617961539210231
2,6,9,False,7,Web-Based,6,Spoofing,0.10568346754087611,0.12484299379931815,0.07919332141071314
2,6,9,False,7,Web-Based,7,Web-Based,0.004998758297799606,0.040527887977566124,0.006809570717499777
2,6,10,True,0,Benign,0,Benign,0.41466426278192814,0.5695491840706383,0.020456815118005726
2,6,10,True,0,Benign,1,BruteForce,0.015993492478656772,0.016045378669821704,0.025362824001889907
2,6,10,True,0,Benign,2,DDoS,0.05456668745424462,0.057104519662118845,0.06891660958467899
2,6,10,True,0,Benign,3,DoS,0.010454591832480528,0.028347151557848192,0.03467179823695802
2,6,10,True,0,Benign,4,Mirai,0.04607923695035274,0.07127721332809042,0.05513886759449659
2,6,10,True,0,Benign,5,Recon,0.06899531751578736,0.10002024692221043,0.11834082118703289
2,6,10,True,0,Benign,6,Spoofing,0.19572190364590675,0.12132021983160204,0.37251161444029873
2,6,10,True,0,Benign,7,Web-Based,0.19352450734064314,0.03633608595767007,0.3046006498366391
2,6,10,True,1,BruteForce,0,Benign,0.36444429408296797,0.5799367601515428,0.020988861261716514
2,6,10,True,1,BruteForce,1,BruteForce,0.019573736014474704,0.021906022636836966,0.02615709495038076
2,6,10,True,1,BruteForce,2,DDoS,0.04111562880023486,0.03172255625084327,0.04277074783899668
2,6,10,True,1,BruteForce,3,DoS,0.006785388618354555,0.012709975005979155,0.021238431213113963
2,6,10,True,1,BruteForce,4,Mirai,0.04960504533836053,0.08781797594960918,0.05713210760192411
2,6,10,True,1,BruteForce,5,Recon,0.07543665488833688,0.09377734526596504,0.1165002425448673
2,6,10,True,1,BruteForce,6,Spoofing,0.19173425392756985,0.12370151490652827,0.33102727944172206
2,6,10,True,1,BruteForce,7,Web-Based,0.25130499832970066,0.04842784983269534,0.38418523514727854
2,6,10,True,2,DDoS,0,Benign,0.37373098539385946,0.21177614624663885,0.010980066183506092
2,6,10,True,2,DDoS,1,BruteForce,0.013240382389386367,0.014278159151660573,0.017406205555134648
2,6,10,True,2,DDoS,2,DDoS,0.3314604414905144,0.5640122122182974,0.6034535978310002
2,6,10,True,2,DDoS,3,DoS,0.013668730422493414,0.02888130186400687,0.021922370333882838
2,6,10,True,2,DDoS,4,Mirai,0.030422623482329603,0.042279282054861145,0.02754543409878271
2,6,10,True,2,DDoS,5,Recon,0.047482268601340215,0.06049190183697414,0.06310723677827348
2,6,10,True,2,DDoS,6,Spoofing,0.08530594081136383,0.05048336974693421,0.13465529117099515
2,6,10,True,2,DDoS,7,Web-Based,0.10468862740871283,0.027797626880626737,0.12092979804842495
2,6,10,True,3,DoS,0,Benign,0.41270233103967174,0.12085566818689887,0.01671315907603769
2,6,10,True,3,DoS,1,BruteForce,0.011533106789168147,0.014271397229682715,0.023163585366859422
2,6,10,True,3,DoS,2,DDoS,0.11236703531616034,0.1655187002502636,0.18621460147163402
2,6,10,True,3,DoS,3,DoS,0.23117063069255867,0.5290788445149156,0.3344092985388754
2,6,10,True,3,DoS,4,Mirai,0.02494256958617198,0.036145411760307854,0.03300922919894304
2,6,10,True,3,DoS,5,Recon,0.036846934182603534,0.04149408568151369,0.0737278156823062
2,6,10,True,3,DoS,6,Spoofing,0.09582112094700582,0.06844374944034101,0.22815642465188124
2,6,10,True,3,DoS,7,Web-Based,0.07461627144665986,0.024192142936076584,0.10460588601346293
2,6,10,True,4,Mirai,0,Benign,0.39296253084681104,0.5390492409857263,0.0200071284462001
2,6,10,True,4,Mirai,1,BruteForce,0.0183019024229108,0.018730109485963847,0.02647323222019778
2,6,10,True,4,Mirai,2,DDoS,0.05486749492111778,0.0584863387479945,0.061520798007315206
2,6,10,True,4,Mirai,3,DoS,0.008297569825961236,0.02156616518004312,0.03153725520246945
2,6,10,True,4,Mirai,4,Mirai,0.06035685128703059,0.1250486671514913,0.06240354170747467
2,6,10,True,4,Mirai,5,Recon,0.060141396011242784,0.07243240293416996,0.10017089846354328
2,6,10,True,4,Mirai,6,Spoofing,0.2043987672749369,0.12698675463986495,0.3761678110176306
2,6,10,True,4,Mirai,7,Web-Based,0.20067348740998886,0.03770032087474601,0.32171933493516897
2,6,10,True,5,Recon,0,Benign,0.36522439343188445,0.5619259429470147,0.020775755109562383
2,6,10,True,5,Recon,1,BruteForce,0.018765480464987373,0.021149263390713522,0.026576879637062505
2,6,10,True,5,Recon,2,DDoS,0.039257418662161876,0.02882657127185812,0.04003553730748289
2,6,10,True,5,Recon,3,DoS,0.006826743711793891,0.013437797121237887,0.021804129766206416
2,6,10,True,5,Recon,4,Mirai,0.04476625009998036,0.08031684922803013,0.05562173182493079
2,6,10,True,5,Recon,5,Recon,0.09046682354789769,0.12945101747322726,0.13275841133322416
2,6,10,True,5,Recon,6,Spoofing,0.17816041833005677,0.1170246300835638,0.32143570977265257
2,6,10,True,5,Recon,7,Web-Based,0.2565324717512376,0.0478679284843545,0.3809918452488783
2,6,10,True,6,Spoofing,0,Benign,0.38931550595644876,0.5570238138308842,0.0217800568925602
2,6,10,True,6,Spoofing,1,BruteForce,0.016672052828136122,0.017638773200640966,0.024816041360451055
2,6,10,True,6,Spoofing,2,DDoS,0.03922318534506306,0.027205657434818405,0.042080586224577554
2,6,10,True,6,Spoofing,3,DoS,0.007908690908351395,0.018180841961320787,0.027382275894432356
2,6,10,True,6,Spoofing,4,Mirai,0.046934753707719136,0.0753199312019771,0.05461894290959598
2,6,10,True,6,Spoofing,5,Recon,0.0740817805888966,0.11018134519217611,0.12076925583389725
2,6,10,True,6,Spoofing,6,Spoofing,0.21494821348089488,0.15426571096743938,0.3860480864623868
2,6,10,True,6,Spoofing,7,Web-Based,0.21091581718449007,0.040183926210743126,0.3225047544220988
2,6,10,True,7,Web-Based,0,Benign,0.38515742909735246,0.5791239846268793,0.02160899105266745
2,6,10,True,7,Web-Based,1,BruteForce,0.01798518697359856,0.018699280778835137,0.02580516611001295
2,6,10,True,7,Web-Based,2,DDoS,0.04273962921911851,0.031820138226622954,0.04497421792879827
2,6,10,True,7,Web-Based,3,DoS,0.007204351138531767,0.018811713741608577,0.022280303266128173
2,6,10,True,7,Web-Based,4,Mirai,0.05033461899070166,0.0864343238658811,0.06012807092492322
2,6,10,True,7,Web-Based,5,Recon,0.07278833335099645,0.09973967698328876,0.11465816596375036
2,6,10,True,7,Web-Based,6,Spoofing,0.19476281695045317,0.12484299379931815,0.3503181976069156
2,6,10,True,7,Web-Based,7,Web-Based,0.22902763427924733,0.040527887977566124,0.36022688714680395
2,6,11,False,0,Benign,0,Benign,0.49865624483277105,0.5695491840706383,0.47344337987932344
2,6,11,False,0,Benign,1,BruteForce,0.008043114216607373,0.016045378669821704,0.011146288854414148
2,6,11,False,0,Benign,2,DDoS,0.007192596168744342,0.057104519662118845,0.009687025811638212
2,6,11,False,0,Benign,3,DoS,0.018550994788074086,0.028347151557848192,0.025192573133213474
2,6,11,False,0,Benign,4,Mirai,0.08696493396952308,0.07127721332809042,0.0755225341248627
2,6,11,False,0,Benign,5,Recon,0.10904543517868288,0.10002024692221043,0.1313032708830428
2,6,11,False,0,Benign,6,Spoofing,0.26478532107409886,0.12132021983160204,0.2650792067890557
2,6,11,False,0,Benign,7,Web-Based,0.0067613597714982435,0.03633608595767007,0.008625720524449463
2,6,11,False,1,BruteForce,0,Benign,0.4704459482518353,0.5799367601515428,0.4787329953353256
2,6,11,False,1,BruteForce,1,BruteForce,0.0098355907240654,0.021906022636836966,0.012191232034020569
2,6,11,False,1,BruteForce,2,DDoS,0.006026172535342533,0.03172255625084327,0.008843146455897974
2,6,11,False,1,BruteForce,3,DoS,0.006875853130831407,0.012709975005979155,0.008746682886162885
2,6,11,False,1,BruteForce,4,Mirai,0.10613050803016656,0.08781797594960918,0.08188282129894102
2,6,11,False,1,BruteForce,5,Recon,0.12566364422826085,0.09377734526596504,0.13101498053668761
2,6,11,False,1,BruteForce,6,Spoofing,0.26795284797235464,0.12370151490652827,0.269580061447951
2,6,11,False,1,BruteForce,7,Web-Based,0.0070694351271433165,0.04842784983269534,0.00900808000501328
2,6,11,False,2,DDoS,0,Benign,0.14969973702706693,0.21177614624663885,0.27401982043714707
2,6,11,False,2,DDoS,1,BruteForce,0.012830397616996635,0.014278159151660573,0.014512982552416896
2,6,11,False,2,DDoS,2,DDoS,0.480454772069205,0.5640122122182974,0.19898017686953826
2,6,11,False,2,DDoS,3,DoS,0.04231740410313409,0.02888130186400687,0.04649153550851696
2,6,11,False,2,DDoS,4,Mirai,0.11073534107498512,0.042279282054861145,0.07936742157051838
2,6,11,False,2,DDoS,5,Recon,0.05561863145511709,0.06049190183697414,0.10151691949519943
2,6,11,False,2,DDoS,6,Spoofing,0.1360935792995079,0.05048336974693421,0.27231829590891415
2,6,11,False,2,DDoS,7,Web-Based,0.012250137353987287,0.027797626880626737,0.012792847657748772
2,6,11,False,3,DoS,0,Benign,0.05880351840670957,0.12085566818689887,0.09628665620705615
2,6,11,False,3,DoS,1,BruteForce,0.008597177210961425,0.014271397229682715,0.012209182401874517
2,6,11,False,3,DoS,2,DDoS,0.018030937895452924,0.1655187002502636,0.01498853043318686
2,6,11,False,3,DoS,3,DoS,0.7026278976286403,0.5290788445149156,0.5188477070716633
2,6,11,False,3,DoS,4,Mirai,0.031074884803144555,0.036145411760307854,0.05715616701225084
2,6,11,False,3,DoS,5,Recon,0.02493305949708007,0.04149408568151369,0.04264760820100689
2,6,11,False,3,DoS,6,Spoofing,0.14765572534122579,0.06844374944034101,0.24874501932390028
2,6,11,False,3,DoS,7,Web-Based,0.008276799216785313,0.024192142936076584,0.00911912934906115
2,6,11,False,4,Mirai,0,Benign,0.42935341203833877,0.5390492409857263,0.45217242285881204
2,6,11,False,4,Mirai,1,BruteForce,0.009861533976664815,0.018730109485963847,0.01219060804833515
2,6,11,False,4,Mirai,2,DDoS,0.007487121643495785,0.0584863387479945,0.009400728795405043
2,6,11,False,4,Mirai,3,DoS,0.014159149215278128,0.02156616518004312,0.021452682420140607
2,6,11,False,4,Mirai,4,Mirai,0.20255928423509667,0.1250486671514913,0.1092350789906522
2,6,11,False,4,Mirai,5,Recon,0.06545822117585737,0.07243240293416996,0.09302419038384412
2,6,11,False,4,Mirai,6,Spoofing,0.2642688141376622,0.12698675463986495,0.2940589909264818
2,6,11,False,4,Mirai,7,Web-Based,0.006852463577606313,0.03770032087474601,0.008465297576329007
2,6,11,False,5,Recon,0,Benign,0.43279137976194565,0.5619259429470147,0.46622386775748786
2,6,11,False,5,Recon,1,BruteForce,0.008892236222062071,0.021149263390713522,0.01191817721515381
2,6,11,False,5,Recon,2,DDoS,0.00534443373250015,0.02882657127185812,0.008353818531332633
2,6,11,False,5,Recon,3,DoS,0.005811057012037006,0.013437797121237887,0.007904320787992756
2,6,11,False,5,Recon,4,Mirai,0.07598482353253579,0.08031684922803013,0.07108837788594703
2,6,11,False,5,Recon,5,Recon,0.24386177528076736,0.12945101747322726,0.19265422492335146
2,6,11,False,5,Recon,6,Spoofing,0.21994433411263736,0.1170246300835638,0.23274702270435857
2,6,11,False,5,Recon,7,Web-Based,0.007369960345514623,0.0478679284843545,0.009110190194375856
2,6,11,False,6,Spoofing,0,Benign,0.43977236466749975,0.5570238138308842,0.4604096974036885
2,6,11,False,6,Spoofing,1,BruteForce,0.008395548729959073,0.017638773200640966,0.01174389977787997
2,6,11,False,6,Spoofing,2,DDoS,0.0058558753772446044,0.027205657434818405,0.009105124378632574
2,6,11,False,6,Spoofing,3,DoS,0.0077923912593756695,0.018180841961320787,0.010994779957706494
2,6,11,False,6,Spoofing,4,Mirai,0.08163781937023214,0.0753199312019771,0.07328568588822815
2,6,11,False,6,Spoofing,5,Recon,0.1211598817503647,0.11018134519217611,0.12598781128078118
2,6,11,False,6,Spoofing,6,Spoofing,0.32888785557066824,0.15426571096743938,0.2999916378923495
2,6,11,False,6,Spoofing,7,Web-Based,0.006498263274655781,0.040183926210743126,0.008481363420733726
2,6,11,False,7,Web-Based,0,Benign,0.48702000408154716,0.5791239846268793,0.5013232300528265
2,6,11,False,7,Web-Based,1,BruteForce,0.008866705935538403,0.018699280778835137,0.01157876764999637
2,6,11,False,7,Web-Based,2,DDoS,0.005974055545472381,0.031820138226622954,0.008736409527310971
2,6,11,False,7,Web-Based,3,DoS,0.00936024796006736,0.018811713741608577,0.012398572803571501
2,6,11,False,7,Web-Based,4,Mirai,0.12053949048769753,0.0864343238658811,0.08401642937910789
2,6,11,False,7,Web-Based,5,Recon,0.087413069229662,0.09973967698328876,0.11429694186849251
2,6,11,False,7,Web-Based,6,Spoofing,0.2742962902223727,0.12484299379931815,0.2592160403690396
2,6,11,False,7,Web-Based,7,Web-Based,0.006530136537642587,0.040527887977566124,0.008433608349654592
2,6,12,False,0,Benign,0,Benign,0.02527142881384233,0.5695491840706383,0.024829597480377177
2,6,12,False,0,Benign,1,BruteForce,0.015786332532118877,0.016045378669821704,0.019545179814319358
2,6,12,False,0,Benign,2,DDoS,0.013183870108176652,0.057104519662118845,0.013966971909097016
2,6,12,False,0,Benign,3,DoS,0.05295460738322568,0.028347151557848192,0.09257783156464883
2,6,12,False,0,Benign,4,Mirai,0.5458255656181417,0.07127721332809042,0.5150751649724942
2,6,12,False,0,Benign,5,Recon,0.12285824858468367,0.10002024692221043,0.10670768132055145
2,6,12,False,0,Benign,6,Spoofing,0.17463619083975412,0.12132021983160204,0.18448119915060193
2,6,12,False,0,Benign,7,Web-Based,0.04948375612005706,0.03633608595767007,0.04281637378791012
2,6,12,False,1,BruteForce,0,Benign,0.024117799279479258,0.5799367601515428,0.023625438776656682
2,6,12,False,1,BruteForce,1,BruteForce,0.019204012827543224,0.021906022636836966,0.022419564548223626
2,6,12,False,1,BruteForce,2,DDoS,0.013718475251812632,0.03172255625084327,0.01381975131989612
2,6,12,False,1,BruteForce,3,DoS,0.02044018948486713,0.012709975005979155,0.028607414491510556
2,6,12,False,1,BruteForce,4,Mirai,0.5971520846615148,0.08781797594960918,0.5736013049919146
2,6,12,False,1,BruteForce,5,Recon,0.10078191813050419,0.09377734526596504,0.11170407683280431
2,6,12,False,1,BruteForce,6,Spoofing,0.15464608832975654,0.12370151490652827,0.1707439226238633
2,6,12,False,1,BruteForce,7,Web-Based,0.06993943203452219,0.04842784983269534,0.055478526415130736
2,6,12,False,2,DDoS,0,Benign,0.013529858305486088,0.21177614624663885,0.01680089261063493
2,6,12,False,2,DDoS,1,BruteForce,0.017183164172411978,0.014278159151660573,0.01963444727675615
2,6,12,False,2,DDoS,2,DDoS,0.47768990798741223,0.5640122122182974,0.3179660452894085
2,6,12,False,2,DDoS,3,DoS,0.08854597332498938,0.02888130186400687,0.1258654534577975
2,6,12,False,2,DDoS,4,Mirai,0.25183187821068875,0.042279282054861145,0.29897650513183394
2,6,12,False,2,DDoS,5,Recon,0.06335052116539783,0.06049190183697414,0.0863940954868949
2,6,12,False,2,DDoS,6,Spoofing,0.05603548210898501,0.05048336974693421,0.09892638537775021
2,6,12,False,2,DDoS,7,Web-Based,0.03183321472462864,0.027797626880626737,0.035436175368923704
2,6,12,False,3,DoS,0,Benign,0.00909330903353612,0.12085566818689887,0.016726369208477445
2,6,12,False,3,DoS,1,BruteForce,0.010072574533892943,0.014271397229682715,0.011309717414880686
2,6,12,False,3,DoS,2,DDoS,0.017229695297722156,0.1655187002502636,0.01598929795440228
2,6,12,False,3,DoS,3,DoS,0.801194743063464,0.5290788445149156,0.7515700510025561
2,6,12,False,3,DoS,4,Mirai,0.0745910744819413,0.036145411760307854,0.09491391062108127
2,6,12,False,3,DoS,5,Recon,0.02631821928238682,0.04149408568151369,0.031933265133675975
2,6,12,False,3,DoS,6,Spoofing,0.0444176805209372,0.06844374944034101,0.058155439238895094
2,6,12,False,3,DoS,7,Web-Based,0.017082703786119386,0.024192142936076584,0.019401949426031125
2,6,12,False,4,Mirai,0,Benign,0.021736874459253624,0.5390492409857263,0.022483003606883073
2,6,12,False,4,Mirai,1,BruteForce,0.015394571591428504,0.018730109485963847,0.01970349502048425
2,6,12,False,4,Mirai,2,DDoS,0.013325378103587132,0.0584863387479945,0.013346202784025247
2,6,12,False,4,Mirai,3,DoS,0.023506564259447756,0.02156616518004312,0.056629723592162784
2,6,12,False,4,Mirai,4,Mirai,0.6874192872765192,0.1250486671514913,0.6230447034702109
2,6,12,False,4,Mirai,5,Recon,0.07586093254484355,0.07243240293416996,0.06890118413292659
2,6,12,False,4,Mirai,6,Spoofing,0.12071203542144653,0.12698675463986495,0.15646814339997697
2,6,12,False,4,Mirai,7,Web-Based,0.04204435634347376,0.03770032087474601,0.039423543993330284
2,6,12,False,5,Recon,0,Benign,0.02488599118532775,0.5619259429470147,0.02332659890335826
2,6,12,False,5,Recon,1,BruteForce,0.01924825809547315,0.021149263390713522,0.022141861595341858
2,6,12,False,5,Recon,2,DDoS,0.013887614769595992,0.02882657127185812,0.01330862680376723
2,6,12,False,5,Recon,3,DoS,0.022930725242426776,0.013437797121237887,0.031113531428126426
2,6,12,False,5,Recon,4,Mirai,0.5470874374367921,0.08031684922803013,0.5418403020321463
2,6,12,False,5,Recon,5,Recon,0.13873416016921528,0.12945101747322726,0.1482011301690765
2,6,12,False,5,Recon,6,Spoofing,0.15351961567461314,0.1170246300835638,0.1616324043129359
2,6,12,False,5,Recon,7,Web-Based,0.07970619742655582,0.0478679284843545,0.05843554475524766
2,6,12,False,6,Spoofing,0,Benign,0.02688745424331202,0.5570238138308842,0.02587574317902584
2,6,12,False,6,Spoofing,1,BruteForce,0.01704913485349834,0.017638773200640966,0.021090653737591
2,6,12,False,6,Spoofing,2,DDoS,0.012468388629189833,0.027205657434818405,0.013597515965767248
2,6,12,False,6,Spoofing,3,DoS,0.030657168768216274,0.018180841961320787,0.06323612196470647
2,6,12,False,6,Spoofing,4,Mirai,0.5148105671972711,0.0753199312019771,0.5183303364393723
2,6,12,False,6,Spoofing,5,Recon,0.1384712749865114,0.11018134519217611,0.10751826190860643
2,6,12,False,6,Spoofing,6,Spoofing,0.20362779912827253,0.15426571096743938,0.20306662056597372
2,6,12,False,6,Spoofing,7,Web-Based,0.05602821219372837,0.040183926210743126,0.04728474623895696
2,6,12,False,7,Web-Based,0,Benign,0.024946694272607903,0.5791239846268793,0.023875346286280782
2,6,12,False,7,Web-Based,1,BruteForce,0.016788532077952976,0.018699280778835137,0.02053453382702186
2,6,12,False,7,Web-Based,2,DDoS,0.013025072633972783,0.031820138226622954,0.013278761077206812
2,6,12,False,7,Web-Based,3,DoS,0.03217163172139261,0.018811713741608577,0.04494010863094038
2,6,12,False,7,Web-Based,4,Mirai,0.5849398221300994,0.0864343238658811,0.567889218230176
2,6,12,False,7,Web-Based,5,Recon,0.11370477449614115,0.09973967698328876,0.1041776086671665
2,6,12,False,7,Web-Based,6,Spoofing,0.15896046725105165,0.12484299379931815,0.17625059201498833
2,6,12,False,7,Web-Based,7,Web-Based,0.05546300541678157,0.040527887977566124,0.04905383126621931
2,6,13,False,0,Benign,0,Benign,0.0492904332353217,0.5695491840706383,0.05749713651177938
2,6,13,False,0,Benign,1,BruteForce,0.0918519113646364,0.016045378669821704,0.10346369031267896
2,6,13,False,0,Benign,2,DDoS,0.050823806863097044,0.057104519662118845,0.05420476858207108
2,6,13,False,0,Benign,3,DoS,0.009107980294684724,0.028347151557848192,0.010058685551739062
2,6,13,False,0,Benign,4,Mirai,0.04886944645937291,0.07127721332809042,0.05116262246316639
2,6,13,False,0,Benign,5,Recon,0.4590101059886405,0.10002024692221043,0.4232803475807784
2,6,13,False,0,Benign,6,Spoofing,0.09624198777829203,0.12132021983160204,0.12261779034204671
2,6,13,False,0,Benign,7,Web-Based,0.19480432801595468,0.03633608595767007,0.17771495865574
2,6,13,False,1,BruteForce,0,Benign,0.05260518050930373,0.5799367601515428,0.05962613028406457
2,6,13,False,1,BruteForce,1,BruteForce,0.12225531891862818,0.021906022636836966,0.13009449341293977
2,6,13,False,1,BruteForce,2,DDoS,0.02500678008630755,0.03172255625084327,0.023042101435346983
2,6,13,False,1,BruteForce,3,DoS,0.009660720550363266,0.012709975005979155,0.010233785423284502
2,6,13,False,1,BruteForce,4,Mirai,0.05589142977126126,0.08781797594960918,0.057509494562634426
2,6,13,False,1,BruteForce,5,Recon,0.4023501858413765,0.09377734526596504,0.39457579767142514
2,6,13,False,1,BruteForce,6,Spoofing,0.09492327400709903,0.12370151490652827,0.11183157422043899
2,6,13,False,1,BruteForce,7,Web-Based,0.23730711031566043,0.04842784983269534,0.2130866229898656
2,6,13,False,2,DDoS,0,Benign,0.01745702816561963,0.21177614624663885,0.022108211221356814
2,6,13,False,2,DDoS,1,BruteForce,0.03806445232740401,0.014278159151660573,0.04368157776738001
2,6,13,False,2,DDoS,2,DDoS,0.6501269705631355,0.5640122122182974,0.6242929037878691
2,6,13,False,2,DDoS,3,DoS,0.006069547508076068,0.02888130186400687,0.008008187478934971
2,6,13,False,2,DDoS,4,Mirai,0.025949402756489912,0.042279282054861145,0.02785102017241448
2,6,13,False,2,DDoS,5,Recon,0.15760051287030744,0.06049190183697414,0.15364215292644115
2,6,13,False,2,DDoS,6,Spoofing,0.03989673677915559,0.05048336974693421,0.0538612070837752
2,6,13,False,2,DDoS,7,Web-Based,0.06483534902981179,0.027797626880626737,0.06655473956182839
2,6,13,False,3,DoS,0,Benign,0.018179412601689475,0.12085566818689887,0.02320974683030107
2,6,13,False,3,DoS,1,BruteForce,0.06731166047748187,0.014271397229682715,0.0629421704006566
2,6,13,False,3,DoS,2,DDoS,0.29353023133501893,0.1655187002502636,0.26833510634125607
2,6,13,False,3,DoS,3,DoS,0.13259632147132364,0.5290788445149156,0.027305466423663383
2,6,13,False,3,DoS,4,Mirai,0.0737466215706662,0.036145411760307854,0.049466134721277547
2,6,13,False,3,DoS,5,Recon,0.22060335652202215,0.04149408568151369,0.327906373727517
2,6,13,False,3,DoS,6,Spoofing,0.12586890205684037,0.06844374944034101,0.14732729744242198
2,6,13,False,3,DoS,7,Web-Based,0.06816349396495733,0.024192142936076584,0.09350770411290636
2,6,13,False,4,Mirai,0,Benign,0.053005312983357186,0.5390492409857263,0.06100162194324706
2,6,13,False,4,Mirai,1,BruteForce,0.11468107302102835,0.018730109485963847,0.12361646903270689
2,6,13,False,4,Mirai,2,DDoS,0.05174761613933037,0.0584863387479945,0.05326710468157676
2,6,13,False,4,Mirai,3,DoS,0.010146111735704635,0.02156616518004312,0.01084868097819182
2,6,13,False,4,Mirai,4,Mirai,0.08748962719867524,0.1250486671514913,0.06609670227560022
2,6,13,False,4,Mirai,5,Recon,0.372414772415658,0.07243240293416996,0.3633896833909897
2,6,13,False,4,Mirai,6,Spoofing,0.1051531097788174,0.12698675463986495,0.1324760997167731
2,6,13,False,4,Mirai,7,Web-Based,0.20536237672742866,0.03770032087474601,0.1893036379809144
2,6,13,False,5,Recon,0,Benign,0.0498773104988177,0.5619259429470147,0.05763777940526026
2,6,13,False,5,Recon,1,BruteForce,0.11453715507085006,0.021149263390713522,0.12702375741754868
2,6,13,False,5,Recon,2,DDoS,0.02235221266994086,0.02882657127185812,0.02078358976432743
2,6,13,False,5,Recon,3,DoS,0.009608794220402528,0.013437797121237887,0.010235010424116757
2,6,13,False,5,Recon,4,Mirai,0.04866130184343429,0.08031684922803013,0.05467545999037426
2,6,13,False,5,Recon,5,Recon,0.44726875016711226,0.12945101747322726,0.42425674886292136
2,6,13,False,5,Recon,6,Spoofing,0.09192773953370832,0.1170246300835638,0.10626563807496904
2,6,13,False,5,Recon,7,Web-Based,0.21576673599573395,0.0478679284843545,0.19912201606048222
2,6,13,False,6,Spoofing,0,Benign,0.04933330234829393,0.5570238138308842,0.05754445650590263
2,6,13,False,6,Spoofing,1,BruteForce,0.09399673905250885,0.017638773200640966,0.10679050974322954
2,6,13,False,6,Spoofing,2,DDoS,0.020941838794538915,0.027205657434818405,0.021396456900998756
2,6,13,False,6,Spoofing,3,DoS,0.008149367610690492,0.018180841961320787,0.009602884911103072
2,6,13,False,6,Spoofing,4,Mirai,0.044715351356418256,0.0753199312019771,0.04978328944499645
2,6,13,False,6,Spoofing,5,Recon,0.48531917318959233,0.11018134519217611,0.43796047668096205
2,6,13,False,6,Spoofing,6,Spoofing,0.09408353890510951,0.15426571096743938,0.12709461043174292
2,6,13,False,6,Spoofing,7,Web-Based,0.20346068874284767,0.040183926210743126,0.18982731538106454
2,6,13,False,7,Web-Based,0,Benign,0.05325749466389883,0.5791239846268793,0.06181210808361252
2,6,13,False,7,Web-Based,1,BruteForce,0.10731495596103642,0.018699280778835137,0.12019837791274723
2,6,13,False,7,Web-Based,2,DDoS,0.023935312894532202,0.031820138226622954,0.02480355769524339
2,6,13,False,7,Web-Based,3,DoS,0.008833731837656015,0.018811713741608577,0.01011574249907625
2,6,13,False,7,Web-Based,4,Mirai,0.05467658746943464,0.0864343238658811,0.05694971014100658
2,6,13,False,7,Web-Based,5,Recon,0.4408811800854897,0.09973967698328876,0.40772439383732884
2,6,13,False,7,Web-Based,6,Spoofing,0.09209373309609928,0.12484299379931815,0.11785679969935357
2,6,13,False,7,Web-Based,7,Web-Based,0.21900700399185297,0.040527887977566124,0.20053931013163157
2,6,14,True,0,Benign,0,Benign,0.5242594452487053,0.5695491840706383,0.17159013702518777
2,6,14,True,0,Benign,1,BruteForce,0.03485594619402222,0.016045378669821704,0.09262206067163273
2,6,14,True,0,Benign,2,DDoS,0.12616793507613513,0.057104519662118845,0.1392793600444297
2,6,14,True,0,Benign,3,DoS,0.027013715372315915,0.028347151557848192,0.07997898194732465
2,6,14,True,0,Benign,4,Mirai,0.05916287924709791,0.07127721332809042,0.12650162575579732
2,6,14,True,0,Benign,5,Recon,0.0905953077565548,0.10002024692221043,0.16133526539859752
2,6,14,True,0,Benign,6,Spoofing,0.029209493464010704,0.12132021983160204,0.030463576898599198
2,6,14,True,0,Benign,7,Web-Based,0.10873527764115805,0.03633608595767007,0.19822899225843124
2,6,14,True,1,BruteForce,0,Benign,0.47739284920879993,0.5799367601515428,0.15981827942829963
2,6,14,True,1,BruteForce,1,BruteForce,0.04939057910533979,0.021906022636836966,0.11919736472531471
2,6,14,True,1,BruteForce,2,DDoS,0.10503673790535646,0.03172255625084327,0.09586325445684236
2,6,14,True,1,BruteForce,3,DoS,0.010193975429900113,0.012709975005979155,0.02750298718461047
2,6,14,True,1,BruteForce,4,Mirai,0.07220350393261109,0.08781797594960918,0.14991398389204302
2,6,14,True,1,BruteForce,5,Recon,0.10191353435108365,0.09377734526596504,0.15367004774690482
2,6,14,True,1,BruteForce,6,Spoofing,0.03227774347853686,0.12370151490652827,0.03172333368558744
2,6,14,True,1,BruteForce,7,Web-Based,0.15159107658837215,0.04842784983269534,0.2623107488803975
2,6,14,True,2,DDoS,0,Benign,0.3883950377498173,0.21177614624663885,0.053017600927377284
2,6,14,True,2,DDoS,1,BruteForce,0.021373692436389712,0.014278159151660573,0.03997535117079434
2,6,14,True,2,DDoS,2,DDoS,0.37880029039232693,0.5640122122182974,0.6360894442448033
2,6,14,True,2,DDoS,3,DoS,0.025190724172168093,0.02888130186400687,0.04657890611579872
2,6,14,True,2,DDoS,4,Mirai,0.03927733414171531,0.042279282054861145,0.0537919496731302
2,6,14,True,2,DDoS,5,Recon,0.05552955939367627,0.06049190183697414,0.06762938575685247
2,6,14,True,2,DDoS,6,Spoofing,0.027299058102932035,0.05048336974693421,0.02081890482345985
2,6,14,True,2,DDoS,7,Web-Based,0.06413430361097427,0.027797626880626737,0.0820984572877838
2,6,14,True,3,DoS,0,Benign,0.3698607526414592,0.12085566818689887,0.047356584015280756
2,6,14,True,3,DoS,1,BruteForce,0.014168514179772973,0.014271397229682715,0.036291005378317316
2,6,14,True,3,DoS,2,DDoS,0.16864357082982837,0.1655187002502636,0.2221581088912121
2,6,14,True,3,DoS,3,DoS,0.32352641111929864,0.5290788445149156,0.5026244153996872
2,6,14,True,3,DoS,4,Mirai,0.025921620522043266,0.036145411760307854,0.043962068927556365
2,6,14,True,3,DoS,5,Recon,0.036575586759332084,0.04149408568151369,0.059214137325506455
2,6,14,True,3,DoS,6,Spoofing,0.019986384115648532,0.06844374944034101,0.02396323625322775
2,6,14,True,3,DoS,7,Web-Based,0.04131715983261692,0.024192142936076584,0.06443044380921217
2,6,14,True,4,Mirai,0,Benign,0.49134120364480083,0.5390492409857263,0.16141479010168433
2,6,14,True,4,Mirai,1,BruteForce,0.04243471818910493,0.018730109485963847,0.10572349471627777
2,6,14,True,4,Mirai,2,DDoS,0.1375602580526681,0.0584863387479945,0.13543025838069145
2,6,14,True,4,Mirai,3,DoS,0.021641218239842008,0.02156616518004312,0.06528685374137716
2,6,14,True,4,Mirai,4,Mirai,0.08771085905529728,0.1250486671514913,0.16430024294026874
2,6,14,True,4,Mirai,5,Recon,0.07271021239496218,0.07243240293416996,0.1227110670151238
2,6,14,True,4,Mirai,6,Spoofing,0.031424992952446336,0.12698675463986495,0.03162104662694507
2,6,14,True,4,Mirai,7,Web-Based,0.11517653747087837,0.03770032087474601,0.21351224647763176
2,6,14,True,5,Recon,0,Benign,0.4707639407726579,0.5619259429470147,0.15670669674963092
2,6,14,True,5,Recon,1,BruteForce,0.047771813257274226,0.021149263390713522,0.11970365957095339
2,6,14,True,5,Recon,2,DDoS,0.09560930151161727,0.02882657127185812,0.08588114233073707
2,6,14,True,5,Recon,3,DoS,0.011176759519581733,0.013437797121237887,0.03014968200755131
2,6,14,True,5,Recon,4,Mirai,0.06631760427011124,0.08031684922803013,0.14400217355215475
2,6,14,True,5,Recon,5,Recon,0.12458950102101261,0.12945101747322726,0.17470776341238384
2,6,14,True,5,Recon,6,Spoofing,0.029712266329746884,0.1170246300835638,0.030000272925196855
2,6,14,True,5,Recon,7,Web-Based,0.15405881331799812,0.0478679284843545,0.2588486094513919
2,6,14,True,6,Spoofing,0,Benign,0.5282813496228276,0.5570238138308842,0.1853873308906896
2,6,14,True,6,Spoofing,1,BruteForce,0.03814796912521996,0.017638773200640966,0.09927435898027089
2,6,14,True,6,Spoofing,2,DDoS,0.09735620679234276,0.027205657434818405,0.09171200275668132
2,6,14,True,6,Spoofing,3,DoS,0.02363919318705671,0.018180841961320787,0.06546794508444789
2,6,14,True,6,Spoofing,4,Mirai,0.06035055704558073,0.0753199312019771,0.13180415243329308
2,6,14,True,6,Spoofing,5,Recon,0.09868825476874672,0.11018134519217611,0.1656631835826048
2,6,14,True,6,Spoofing,6,Spoofing,0.030451685896076826,0.15426571096743938,0.03164717560422008
2,6,14,True,6,Spoofing,7,Web-Based,0.12308478356214879,0.040183926210743126,0.22904385066779231
2,6,14,True,7,Web-Based,0,Benign,0.5048184672088701,0.5791239846268793,0.17297623575664542
2,6,14,True,7,Web-Based,1,BruteForce,0.04240209264063704,0.018699280778835137,0.10708717032208526
2,6,14,True,7,Web-Based,2,DDoS,0.11042046555185926,0.031820138226622954,0.1066949517894003
2,6,14,True,7,Web-Based,3,DoS,0.01931032916335979,0.018811713741608577,0.04939253408097092
2,6,14,True,7,Web-Based,4,Mirai,0.06935468419239507,0.0864343238658811,0.14558805307634887
2,6,14,True,7,Web-Based,5,Recon,0.09715175920560264,0.09973967698328876,0.15697656799097004
2,6,14,True,7,Web-Based,6,Spoofing,0.029461294252993448,0.12484299379931815,0.030242968952408876
2,6,14,True,7,Web-Based,7,Web-Based,0.1270809077842827,0.040527887977566124,0.23104151803117037
2,6,15,True,0,Benign,0,Benign,0.7327628851090624,0.5695491840706383,0.04236693763547878
2,6,15,True,0,Benign,1,BruteForce,0.011480191132169327,0.016045378669821704,0.01892103887566981
2,6,15,True,0,Benign,2,DDoS,0.06707362720056975,0.057104519662118845,0.5282522823806991
2,6,15,True,0,Benign,3,DoS,0.03209057907535772,0.028347151557848192,0.24631879642162938
2,6,15,True,0,Benign,4,Mirai,0.04020953453802867,0.07127721332809042,0.03668175591902449
2,6,15,True,0,Benign,5,Recon,0.03819029043860846,0.10002024692221043,0.037223230710445386
2,6,15,True,0,Benign,6,Spoofing,0.058732660998876134,0.12132021983160204,0.06087347994752148
2,6,15,True,0,Benign,7,Web-Based,0.019460231507327418,0.03633608595767007,0.029362478109531586
2,6,15,True,1,BruteForce,0,Benign,0.7321167849386881,0.5799367601515428,0.04489409673142531
2,6,15,True,1,BruteForce,1,BruteForce,0.014390355280351715,0.021906022636836966,0.020358402406729318
2,6,15,True,1,BruteForce,2,DDoS,0.067301978692147,0.03172255625084327,0.5344620133787376
2,6,15,True,1,BruteForce,3,DoS,0.017773339162344144,0.012709975005979155,0.2206143639574129
2,6,15,True,1,BruteForce,4,Mirai,0.049034289554367554,0.08781797594960918,0.03968907350278579
2,6,15,True,1,BruteForce,5,Recon,0.028714854383623752,0.09377734526596504,0.03958438610992975
2,6,15,True,1,BruteForce,6,Spoofing,0.06957478092971649,0.12370151490652827,0.06672043510797376
2,6,15,True,1,BruteForce,7,Web-Based,0.02109361705876119,0.04842784983269534,0.03367722880500573
2,6,15,True,2,DDoS,0,Benign,0.5964489112855271,0.21177614624663885,0.021176872935646043
2,6,15,True,2,DDoS,1,BruteForce,0.01205727353152711,0.014278159151660573,0.016604307060660434
2,6,15,True,2,DDoS,2,DDoS,0.20805956127499525,0.5640122122182974,0.7370508706933037
2,6,15,True,2,DDoS,3,DoS,0.033254527658530916,0.02888130186400687,0.1129810567230648
2,6,15,True,2,DDoS,4,Mirai,0.032546765230444016,0.042279282054861145,0.026179711930875767
2,6,15,True,2,DDoS,5,Recon,0.046522742942275236,0.06049190183697414,0.028090226780359044
2,6,15,True,2,DDoS,6,Spoofing,0.045227597783295964,0.05048336974693421,0.035164126379575784
2,6,15,True,2,DDoS,7,Web-Based,0.02588262029340448,0.027797626880626737,0.02275282749651443
2,6,15,True,3,DoS,0,Benign,0.4942562219132008,0.12085566818689887,0.024114336298217926
2,6,15,True,3,DoS,1,BruteForce,0.010166909095595925,0.014271397229682715,0.016793409861743457
2,6,15,True,3,DoS,2,DDoS,0.07885990970933353,0.1655187002502636,0.21955537550127938
2,6,15,True,3,DoS,3,DoS,0.3113687500925204,0.5290788445149156,0.6414624660768931
2,6,15,True,3,DoS,4,Mirai,0.020548156395947915,0.036145411760307854,0.02016733558239775
2,6,15,True,3,DoS,5,Recon,0.03501410890076445,0.04149408568151369,0.022461414913278792
2,6,15,True,3,DoS,6,Spoofing,0.03004105055662653,0.06844374944034101,0.035677155829951276
2,6,15,True,3,DoS,7,Web-Based,0.01974489333601055,0.024192142936076584,0.01976850593623829
2,6,15,True,4,Mirai,0,Benign,0.7158748604986664,0.5390492409857263,0.04395137160671898
2,6,15,True,4,Mirai,1,BruteForce,0.013646802235779685,0.018730109485963847,0.01926825074047055
2,6,15,True,4,Mirai,2,DDoS,0.07259591260941667,0.0584863387479945,0.5195156145993107
2,6,15,True,4,Mirai,3,DoS,0.027987987047387853,0.02156616518004312,0.24913312575208632
2,6,15,True,4,Mirai,4,Mirai,0.056470993170950036,0.1250486671514913,0.040414798266695494
2,6,15,True,4,Mirai,5,Recon,0.028773666587010287,0.07243240293416996,0.03364497392438477
2,6,15,True,4,Mirai,6,Spoofing,0.06498787124771178,0.12698675463986495,0.06355147507403948
2,6,15,True,4,Mirai,7,Web-Based,0.019661906603077227,0.03770032087474601,0.030520390036293685
2,6,15,True,5,Recon,0,Benign,0.7386428401285521,0.5619259429470147,0.04514706382886617
2,6,15,True,5,Recon,1,BruteForce,0.013455026750628136,0.021149263390713522,0.02001484453154398
2,6,15,True,5,Recon,2,DDoS,0.06544714814545245,0.02882657127185812,0.5127337985910626
2,6,15,True,5,Recon,3,DoS,0.020478825100821666,0.013437797121237887,0.24398687883372686
2,6,15,True,5,Recon,4,Mirai,0.043500742351660536,0.08031684922803013,0.03886252662398253
2,6,15,True,5,Recon,5,Recon,0.03308665740244638,0.12945101747322726,0.04211230117798616
2,6,15,True,5,Recon,6,Spoofing,0.06320874054501989,0.1170246300835638,0.06376056228826558
2,6,15,True,5,Recon,7,Web-Based,0.02218001957541886,0.0478679284843545,0.03338202412456612
2,6,15,True,6,Spoofing,0,Benign,0.7408540898456093,0.5570238138308842,0.043005885134965845
2,6,15,True,6,Spoofing,1,BruteForce,0.01191624025174722,0.017638773200640966,0.01834045905221986
2,6,15,True,6,Spoofing,2,DDoS,0.05721622212823937,0.027205657434818405,0.49072953955158416
2,6,15,True,6,Spoofing,3,DoS,0.027480672963318204,0.018180841961320787,0.2824016376729417
2,6,15,True,6,Spoofing,4,Mirai,0.04034346253130337,0.0753199312019771,0.03785576603850135
2,6,15,True,6,Spoofing,5,Recon,0.03851083154224004,0.11018134519217611,0.03678623809694415
2,6,15,True,6,Spoofing,6,Spoofing,0.06456392625051874,0.15426571096743938,0.0618361422887544
2,6,15,True,6,Spoofing,7,Web-Based,0.01911455448702377,0.040183926210743126,0.029044332164088547
2,6,15,True,7,Web-Based,0,Benign,0.7373665591243018,0.5791239846268793,0.047836468758936025
2,6,15,True,7,Web-Based,1,BruteForce,0.01267501732348226,0.018699280778835137,0.018904512376939644
2,6,15,True,7,Web-Based,2,DDoS,0.06416300400091635,0.031820138226622954,0.567691749291272
2,6,15,True,7,Web-Based,3,DoS,0.023386432265990142,0.018811713741608577,0.1911275154593667
2,6,15,True,7,Web-Based,4,Mirai,0.04699614133103657,0.0864343238658811,0.03838110695791504
2,6,15,True,7,Web-Based,5,Recon,0.034718103230554735,0.09973967698328876,0.04044927991821215
2,6,15,True,7,Web-Based,6,Spoofing,0.06095327472470369,0.12484299379931815,0.06403901028637875
2,6,15,True,7,Web-Based,7,Web-Based,0.01974146799901438,0.040527887977566124,0.031570356950979664
2,6,16,False,0,Benign,0,Benign,0.5852856970562537,0.5695491840706383,0.5300303097474559
2,6,16,False,0,Benign,1,BruteForce,0.01758157786534579,0.016045378669821704,0.021027505928547224
2,6,16,False,0,Benign,2,DDoS,0.14315184307895568,0.057104519662118845,0.17094103833841987
2,6,16,False,0,Benign,3,DoS,0.017640765948407522,0.028347151557848192,0.04830328813067926
2,6,16,False,0,Benign,4,Mirai,0.013724341102300551,0.07127721332809042,0.017511748699624068
2,6,16,False,0,Benign,5,Recon,0.033019686080072566,0.10002024692221043,0.032187210622168616
2,6,16,False,0,Benign,6,Spoofing,0.09705075105589461,0.12132021983160204,0.09566273227944116
2,6,16,False,0,Benign,7,Web-Based,0.09254533781276975,0.03633608595767007,0.0843361662536639
2,6,16,False,1,BruteForce,0,Benign,0.5866540982491562,0.5799367601515428,0.5790399720667506
2,6,16,False,1,BruteForce,1,BruteForce,0.022770125548456272,0.021906022636836966,0.023723883676597893
2,6,16,False,1,BruteForce,2,DDoS,0.11468546081372503,0.03172255625084327,0.1228205229672812
2,6,16,False,1,BruteForce,3,DoS,0.007666824095360287,0.012709975005979155,0.015792268374392043
2,6,16,False,1,BruteForce,4,Mirai,0.014663523856036082,0.08781797594960918,0.018174173392562623
2,6,16,False,1,BruteForce,5,Recon,0.03352817639468786,0.09377734526596504,0.03412165280745364
2,6,16,False,1,BruteForce,6,Spoofing,0.09268091223119757,0.12370151490652827,0.10142397532014479
2,6,16,False,1,BruteForce,7,Web-Based,0.12735087881138082,0.04842784983269534,0.10490355139481723
2,6,16,False,2,DDoS,0,Benign,0.1775030503092291,0.21177614624663885,0.17147717713344024
2,6,16,False,2,DDoS,1,BruteForce,0.011291582215762772,0.014278159151660573,0.01516788800341078
2,6,16,False,2,DDoS,2,DDoS,0.6862553061412869,0.5640122122182974,0.6699083686573377
2,6,16,False,2,DDoS,3,DoS,0.018151872763673995,0.02888130186400687,0.02778530729797473
2,6,16,False,2,DDoS,4,Mirai,0.00798714911413803,0.042279282054861145,0.012607673590376416
2,6,16,False,2,DDoS,5,Recon,0.019181098359010985,0.06049190183697414,0.018954000231230683
2,6,16,False,2,DDoS,6,Spoofing,0.03487801480384766,0.05048336974693421,0.04211813010053166
2,6,16,False,2,DDoS,7,Web-Based,0.04475192629305052,0.027797626880626737,0.04198145498569785
2,6,16,False,3,DoS,0,Benign,0.08237650425844505,0.12085566818689887,0.1534782343859691
2,6,16,False,3,DoS,1,BruteForce,0.01064529624954138,0.014271397229682715,0.015613197748423496
2,6,16,False,3,DoS,2,DDoS,0.24093093775922514,0.1655187002502636,0.2894492400280048
2,6,16,False,3,DoS,3,DoS,0.567711111129598,0.5290788445149156,0.4078067750738528
2,6,16,False,3,DoS,4,Mirai,0.007350758252716242,0.036145411760307854,0.015628092445181617
2,6,16,False,3,DoS,5,Recon,0.01356772947315899,0.04149408568151369,0.02086665227182742
2,6,16,False,3,DoS,6,Spoofing,0.05189705802287698,0.06844374944034101,0.059511592753765045
2,6,16,False,3,DoS,7,Web-Based,0.0255206048544382,0.024192142936076584,0.03764621529297571
2,6,16,False,4,Mirai,0,Benign,0.551087093589186,0.5390492409857263,0.5198663663631857
2,6,16,False,4,Mirai,1,BruteForce,0.020219173224386433,0.018730109485963847,0.022457304183630726
2,6,16,False,4,Mirai,2,DDoS,0.17140690385648352,0.0584863387479945,0.18214695932787334
2,6,16,False,4,Mirai,3,DoS,0.01700576853041846,0.02156616518004312,0.04271167804532373
2,6,16,False,4,Mirai,4,Mirai,0.015274485565597238,0.1250486671514913,0.018290116150435708
2,6,16,False,4,Mirai,5,Recon,0.029742431177811116,0.07243240293416996,0.031072125843308845
2,6,16,False,4,Mirai,6,Spoofing,0.09694269178096292,0.12698675463986495,0.09702839134139052
2,6,16,False,4,Mirai,7,Web-Based,0.09832145227515444,0.03770032087474601,0.08642705874485154
2,6,16,False,5,Recon,0,Benign,0.5787364602393168,0.5619259429470147,0.5826766320342817
2,6,16,False,5,Recon,1,BruteForce,0.02205913319153893,0.021149263390713522,0.02367595238873137
2,6,16,False,5,Recon,2,DDoS,0.10718924089441695,0.02882657127185812,0.12281409419594108
2,6,16,False,5,Recon,3,DoS,0.009105663322888202,0.013437797121237887,0.01742187199915193
2,6,16,False,5,Recon,4,Mirai,0.013226481973570353,0.08031684922803013,0.017464406708215047
2,6,16,False,5,Recon,5,Recon,0.05143503540586514,0.12945101747322726,0.03569741203734269
2,6,16,False,5,Recon,6,Spoofing,0.08618008839653735,0.1170246300835638,0.09590141580540332
2,6,16,False,5,Recon,7,Web-Based,0.1320678965758664,0.0478679284843545,0.10434821483093291
2,6,16,False,6,Spoofing,0,Benign,0.6167072732403442,0.5570238138308842,0.5806725569369622
2,6,16,False,6,Spoofing,1,BruteForce,0.018510658943223738,0.017638773200640966,0.021809624801036646
2,6,16,False,6,Spoofing,2,DDoS,0.08893252609918913,0.027205657434818405,0.11376674576349277
2,6,16,False,6,Spoofing,3,DoS,0.01089972752595818,0.018180841961320787,0.0412694717319915
2,6,16,False,6,Spoofing,4,Mirai,0.014067714241481706,0.0753199312019771,0.018104983910997404
2,6,16,False,6,Spoofing,5,Recon,0.035322207925875544,0.11018134519217611,0.03349469458128099
2,6,16,False,6,Spoofing,6,Spoofing,0.1144158589400726,0.15426571096743938,0.1009155020751479
2,6,16,False,6,Spoofing,7,Web-Based,0.10114403308385496,0.040183926210743126,0.0899664201990906
2,6,16,False,7,Web-Based,0,Benign,0.611864727268862,0.5791239846268793,0.5787810032217117
2,6,16,False,7,Web-Based,1,BruteForce,0.020161032433150004,0.018699280778835137,0.02254871787699833
2,6,16,False,7,Web-Based,2,DDoS,0.1014151627074205,0.031820138226622954,0.129315837762052
2,6,16,False,7,Web-Based,3,DoS,0.014366915657337616,0.018811713741608577,0.028902257663981187
2,6,16,False,7,Web-Based,4,Mirai,0.0141360612694486,0.0864343238658811,0.017587063789959806
2,6,16,False,7,Web-Based,5,Recon,0.03354202802485507,0.09973967698328876,0.03354605514786356
2,6,16,False,7,Web-Based,6,Spoofing,0.09652689166646543,0.12484299379931815,0.09505421086934279
2,6,16,False,7,Web-Based,7,Web-Based,0.1079871809724608,0.040527887977566124,0.09426485366809079
2,6,17,True,0,Benign,0,Benign,0.6416237331544903,0.5695491840706383,0.28549025625267427
2,6,17,True,0,Benign,1,BruteForce,0.007215188527683737,0.016045378669821704,0.014185500460604487
2,6,17,True,0,Benign,2,DDoS,0.02388936774973258,0.057104519662118845,0.03715983000034357
2,6,17,True,0,Benign,3,DoS,0.03351380154141351,0.028347151557848192,0.06842733026191232
2,6,17,True,0,Benign,4,Mirai,0.22857228556611262,0.07127721332809042,0.46467994919249345
2,6,17,True,0,Benign,5,Recon,0.010880682441763108,0.10002024692221043,0.014249770964555071
2,6,17,True,0,Benign,6,Spoofing,0.011949541569330768,0.12132021983160204,0.01999197650138378
2,6,17,True,0,Benign,7,Web-Based,0.04235539944947339,0.03633608595767007,0.09581538636603307
2,6,17,True,1,BruteForce,0,Benign,0.6215244686377802,0.5799367601515428,0.2909750364022774
2,6,17,True,1,BruteForce,1,BruteForce,0.00877600771791172,0.021906022636836966,0.013811100446425287
2,6,17,True,1,BruteForce,2,DDoS,0.016409423729920738,0.03172255625084327,0.02055786442993603
2,6,17,True,1,BruteForce,3,DoS,0.01331678660972316,0.012709975005979155,0.02296917489127511
2,6,17,True,1,BruteForce,4,Mirai,0.25059650514978093,0.08781797594960918,0.4832464609218837
2,6,17,True,1,BruteForce,5,Recon,0.012044728615367315,0.09377734526596504,0.013580159110810387
2,6,17,True,1,BruteForce,6,Spoofing,0.01121838821529919,0.12370151490652827,0.019335527489110344
2,6,17,True,1,BruteForce,7,Web-Based,0.06611369132421675,0.04842784983269534,0.13552467630828172
2,6,17,True,2,DDoS,0,Benign,0.41048633997838774,0.21177614624663885,0.09336678958428662
2,6,17,True,2,DDoS,1,BruteForce,0.009967601461014839,0.014278159151660573,0.015296202754621522
2,6,17,True,2,DDoS,2,DDoS,0.36564589908754114,0.5640122122182974,0.5902805016021272
2,6,17,True,2,DDoS,3,DoS,0.031977850433348345,0.02888130186400687,0.05819376522111565
2,6,17,True,2,DDoS,4,Mirai,0.09868214064368128,0.042279282054861145,0.15875435436662108
2,6,17,True,2,DDoS,5,Recon,0.01802292952709291,0.06049190183697414,0.015335901551710924
2,6,17,True,2,DDoS,6,Spoofing,0.01821169061855475,0.05048336974693421,0.017450072799723108
2,6,17,True,2,DDoS,7,Web-Based,0.047005548250379024,0.027797626880626737,0.05132241211979389
2,6,17,True,3,DoS,0,Benign,0.5098402361354678,0.12085566818689887,0.07277321479680557
2,6,17,True,3,DoS,1,BruteForce,0.007562957242649784,0.014271397229682715,0.014065831981087972
2,6,17,True,3,DoS,2,DDoS,0.06392348118484675,0.1655187002502636,0.10673006553962243
2,6,17,True,3,DoS,3,DoS,0.2910775669365446,0.5290788445149156,0.5840085545495027
2,6,17,True,3,DoS,4,Mirai,0.06519831829391236,0.036145411760307854,0.14817217097778823
2,6,17,True,3,DoS,5,Recon,0.016160754309610115,0.04149408568151369,0.013893405935569748
2,6,17,True,3,DoS,6,Spoofing,0.01420636416867372,0.06844374944034101,0.02023589978426069
2,6,17,True,3,DoS,7,Web-Based,0.032030321728294835,0.024192142936076584,0.040120856435362576
2,6,17,True,4,Mirai,0,Benign,0.6082583830042475,0.5390492409857263,0.2548163016978221
2,6,17,True,4,Mirai,1,BruteForce,0.007904902502622374,0.018730109485963847,0.014199170509700397
2,6,17,True,4,Mirai,2,DDoS,0.01717463395807173,0.0584863387479945,0.023378616819069394
2,6,17,True,4,Mirai,3,DoS,0.020224465944759733,0.02156616518004312,0.03831099334161723
2,6,17,True,4,Mirai,4,Mirai,0.2842443953503862,0.1250486671514913,0.5501613249272135
2,6,17,True,4,Mirai,5,Recon,0.009963031682035986,0.07243240293416996,0.011814109727573522
2,6,17,True,4,Mirai,6,Spoofing,0.011478395886794618,0.12698675463986495,0.018878452308612167
2,6,17,True,4,Mirai,7,Web-Based,0.04075179167108202,0.03770032087474601,0.08844103066839169
2,6,17,True,5,Recon,0,Benign,0.6147623724077639,0.5619259429470147,0.2860402242731761
2,6,17,True,5,Recon,1,BruteForce,0.00863063826404741,0.021149263390713522,0.01364981590461533
2,6,17,True,5,Recon,2,DDoS,0.016776870676501854,0.02882657127185812,0.020404437721485168
2,6,17,True,5,Recon,3,DoS,0.015796930448577065,0.013437797121237887,0.027428921617837113
2,6,17,True,5,Recon,4,Mirai,0.24477385289692608,0.08031684922803013,0.4850264000256482
2,6,17,True,5,Recon,5,Recon,0.01280655832605746,0.12945101747322726,0.013369469350166146
2,6,17,True,5,Recon,6,Spoofing,0.01070590781508402,0.1170246300835638,0.018596408727651944
2,6,17,True,5,Recon,7,Web-Based,0.07574686916504221,0.0478679284843545,0.13548432237941996
2,6,17,True,6,Spoofing,0,Benign,0.6405927811586721,0.5570238138308842,0.3092269064147712
2,6,17,True,6,Spoofing,1,BruteForce,0.007528728306112523,0.017638773200640966,0.014497671130676232
2,6,17,True,6,Spoofing,2,DDoS,0.01616924144119685,0.027205657434818405,0.02181494584974878
2,6,17,True,6,Spoofing,3,DoS,0.024991713845192932,0.018180841961320787,0.038256910360335544
2,6,17,True,6,Spoofing,4,Mirai,0.24044660355824352,0.0753199312019771,0.4769918370044921
2,6,17,True,6,Spoofing,5,Recon,0.010944167215511507,0.11018134519217611,0.015049112617538614
2,6,17,True,6,Spoofing,6,Spoofing,0.011855896292344124,0.15426571096743938,0.020963075177904886
2,6,17,True,6,Spoofing,7,Web-Based,0.04747086818272658,0.040183926210743126,0.10319954144453264
2,6,17,True,7,Web-Based,0,Benign,0.6314328521114918,0.5791239846268793,0.3032507799452012
2,6,17,True,7,Web-Based,1,BruteForce,0.007723240523397998,0.018699280778835137,0.01414119663574508
2,6,17,True,7,Web-Based,2,DDoS,0.01772618607658245,0.031820138226622954,0.021875898422680094
2,6,17,True,7,Web-Based,3,DoS,0.018936246867033414,0.018811713741608577,0.027305118633913394
2,6,17,True,7,Web-Based,4,Mirai,0.25145239160263455,0.0864343238658811,0.49096564008119264
2,6,17,True,7,Web-Based,5,Recon,0.010966406477201865,0.09973967698328876,0.014075544466187995
2,6,17,True,7,Web-Based,6,Spoofing,0.011014499389511876,0.12484299379931815,0.018988784192794796
2,6,17,True,7,Web-Based,7,Web-Based,0.05074817695214607,0.040527887977566124,0.10939703762228463
2,6,18,True,0,Benign,0,Benign,0.4549665842931397,0.5695491840706383,0.07929120800126538
2,6,18,True,0,Benign,1,BruteForce,0.012653533079976733,0.016045378669821704,0.017458858490775987
2,6,18,True,0,Benign,2,DDoS,0.14121384466047368,0.057104519662118845,0.15861404143960733
2,6,18,True,0,Benign,3,DoS,0.028406174421481165,0.028347151557848192,0.06321693396608763
2,6,18,True,0,Benign,4,Mirai,0.15755140186667269,0.07127721332809042,0.2816342834803418
2,6,18,True,0,Benign,5,Recon,0.0471392535003368,0.10002024692221043,0.10014350934180694
2,6,18,True,0,Benign,6,Spoofing,0.10147235136586417,0.12132021983160204,0.17941355934136277
2,6,18,True,0,Benign,7,Web-Based,0.05659685681205501,0.03633608595767007,0.12022760593875217
2,6,18,True,1,BruteForce,0,Benign,0.4041868336011531,0.5799367601515428,0.07803752230937387
2,6,18,True,1,BruteForce,1,BruteForce,0.016261293053374457,0.021906022636836966,0.017396799929717
2,6,18,True,1,BruteForce,2,DDoS,0.11808427108100834,0.03172255625084327,0.11838409784250419
2,6,18,True,1,BruteForce,3,DoS,0.011036131159368738,0.012709975005979155,0.01956350511775155
2,6,18,True,1,BruteForce,4,Mirai,0.1879701710983685,0.08781797594960918,0.31906778831012245
2,6,18,True,1,BruteForce,5,Recon,0.06330761147115462,0.09377734526596504,0.10577417401014526
2,6,18,True,1,BruteForce,6,Spoofing,0.09940771663790274,0.12370151490652827,0.17149568645348656
2,6,18,True,1,BruteForce,7,Web-Based,0.09974597189766962,0.04842784983269534,0.17028042602689913
2,6,18,True,2,DDoS,0,Benign,0.390757805855587,0.21177614624663885,0.02826859018663322
2,6,18,True,2,DDoS,1,BruteForce,0.011390824942807881,0.014278159151660573,0.014091817026769218
2,6,18,True,2,DDoS,2,DDoS,0.37502385074562167,0.5640122122182974,0.654270449685772
2,6,18,True,2,DDoS,3,DoS,0.023910235766450447,0.02888130186400687,0.03580051166642515
2,6,18,True,2,DDoS,4,Mirai,0.06947296102629001,0.042279282054861145,0.09936931907685102
2,6,18,True,2,DDoS,5,Recon,0.0457872970327271,0.06049190183697414,0.06003738250304707
2,6,18,True,2,DDoS,6,Spoofing,0.04337864936379432,0.05048336974693421,0.05594373651867415
2,6,18,True,2,DDoS,7,Web-Based,0.04027837526672145,0.027797626880626737,0.05221819333582836
2,6,18,True,3,DoS,0,Benign,0.38638346563603276,0.12085566818689887,0.0295390958768088
2,6,18,True,3,DoS,1,BruteForce,0.008610950721918347,0.014271397229682715,0.01351120180749125
2,6,18,True,3,DoS,2,DDoS,0.15514965630181518,0.1655187002502636,0.25390897836705617
2,6,18,True,3,DoS,3,DoS,0.31717235614778094,0.5290788445149156,0.4558741512559204
2,6,18,True,3,DoS,4,Mirai,0.03014681077287201,0.036145411760307854,0.07651992931647782
2,6,18,True,3,DoS,5,Recon,0.030915011006059947,0.04149408568151369,0.0466207342179081
2,6,18,True,3,DoS,6,Spoofing,0.042799663354176155,0.06844374944034101,0.08052143881313642
2,6,18,True,3,DoS,7,Web-Based,0.02882208605934464,0.024192142936076584,0.043504470345201045
2,6,18,True,4,Mirai,0,Benign,0.42852809494366717,0.5390492409857263,0.07483465746274677
2,6,18,True,4,Mirai,1,BruteForce,0.014318322607695166,0.018730109485963847,0.017115618542501317
2,6,18,True,4,Mirai,2,DDoS,0.13875986029627194,0.0584863387479945,0.14687663520600477
2,6,18,True,4,Mirai,3,DoS,0.021257725254784973,0.02156616518004312,0.052860430699017975
2,6,18,True,4,Mirai,4,Mirai,0.20633852960879162,0.1250486671514913,0.3524749224632224
2,6,18,True,4,Mirai,5,Recon,0.03773559305162128,0.07243240293416996,0.07610039554174912
2,6,18,True,4,Mirai,6,Spoofing,0.0942140809882191,0.12698675463986495,0.16375222561590383
2,6,18,True,4,Mirai,7,Web-Based,0.05884779324894875,0.03770032087474601,0.11598511446885378
2,6,18,True,5,Recon,0,Benign,0.39997878639363527,0.5619259429470147,0.07853119486119295
2,6,18,True,5,Recon,1,BruteForce,0.015635092925409478,0.021149263390713522,0.01718766280872607
2,6,18,True,5,Recon,2,DDoS,0.10816646774236342,0.02882657127185812,0.10675435048481621
2,6,18,True,5,Recon,3,DoS,0.011233960505338023,0.013437797121237887,0.01960523070615944
2,6,18,True,5,Recon,4,Mirai,0.1824222092197191,0.08031684922803013,0.3188607933313793
2,6,18,True,5,Recon,5,Recon,0.08965787207719,0.12945101747322726,0.1282945985828788
2,6,18,True,5,Recon,6,Spoofing,0.09335255977736262,0.1170246300835638,0.16392899799818775
2,6,18,True,5,Recon,7,Web-Based,0.09955305135898206,0.0478679284843545,0.1668371712266596
2,6,18,True,6,Spoofing,0,Benign,0.44280262977907664,0.5570238138308842,0.08523009430516734
2,6,18,True,6,Spoofing,1,BruteForce,0.013277708876852921,0.017638773200640966,0.017586989454200577
2,6,18,True,6,Spoofing,2,DDoS,0.10739922251118622,0.027205657434818405,0.10524883858271505
2,6,18,True,6,Spoofing,3,DoS,0.02129539420326099,0.018180841961320787,0.04423083716352722
2,6,18,True,6,Spoofing,4,Mirai,0.16506670551119867,0.0753199312019771,0.2883854518123898
2,6,18,True,6,Spoofing,5,Recon,0.0537512949802422,0.11018134519217611,0.11415598105720379
2,6,18,True,6,Spoofing,6,Spoofing,0.13001006257308065,0.15426571096743938,0.21060199033088553
2,6,18,True,6,Spoofing,7,Web-Based,0.06639698156510179,0.040183926210743126,0.13455981729391067
2,6,18,True,7,Web-Based,0,Benign,0.4374932900697335,0.5791239846268793,0.08301217323877087
2,6,18,True,7,Web-Based,1,BruteForce,0.014218699586844373,0.018699280778835137,0.017942101522622333
2,6,18,True,7,Web-Based,2,DDoS,0.12154494787469036,0.031820138226622954,0.1209878931536618
2,6,18,True,7,Web-Based,3,DoS,0.01623679526995145,0.018811713741608577,0.029096020910975812
2,6,18,True,7,Web-Based,4,Mirai,0.18996852691263516,0.0864343238658811,0.3312103204607563
2,6,18,True,7,Web-Based,5,Recon,0.051511588262400015,0.09973967698328876,0.10513246698358009
2,6,18,True,7,Web-Based,6,Spoofing,0.09907386473044458,0.12484299379931815,0.17154583115431432
2,6,18,True,7,Web-Based,7,Web-Based,0.06995228729330069,0.040527887977566124,0.14107319257531853
2,6,19,False,0,Benign,0,Benign,0.0788050416270068,0.5695491840706383,0.0995827874382423
2,6,19,False,0,Benign,1,BruteForce,0.010178503878071985,0.016045378669821704,0.014251816067358897
2,6,19,False,0,Benign,2,DDoS,0.23115052634218183,0.057104519662118845,0.2771212132972775
2,6,19,False,0,Benign,3,DoS,0.06252492258601601,0.028347151557848192,0.08176499078480758
2,6,19,False,0,Benign,4,Mirai,0.01733519067651547,0.07127721332809042,0.015329385528938028
2,6,19,False,0,Benign,5,Recon,0.17668231481652497,0.10002024692221043,0.14785265301599917
2,6,19,False,0,Benign,6,Spoofing,0.40626761221751645,0.12132021983160204,0.3444539609682327
2,6,19,False,0,Benign,7,Web-Based,0.017055887856166352,0.03633608595767007,0.019643192899143822
2,6,19,False,1,BruteForce,0,Benign,0.08515381213775224,0.5799367601515428,0.11440749489886082
2,6,19,False,1,BruteForce,1,BruteForce,0.011743446584430326,0.021906022636836966,0.014106951898135198
2,6,19,False,1,BruteForce,2,DDoS,0.20905712430990833,0.03172255625084327,0.24317679512449117
2,6,19,False,1,BruteForce,3,DoS,0.019986033082577948,0.012709975005979155,0.02909499425287026
2,6,19,False,1,BruteForce,4,Mirai,0.01867382537295809,0.08781797594960918,0.015514343510325858
2,6,19,False,1,BruteForce,5,Recon,0.17480904738167677,0.09377734526596504,0.17120358553950188
2,6,19,False,1,BruteForce,6,Spoofing,0.46106094838085404,0.12370151490652827,0.39142410052975257
2,6,19,False,1,BruteForce,7,Web-Based,0.019515762749842343,0.04842784983269534,0.021071734246062287
2,6,19,False,2,DDoS,0,Benign,0.025041410789392957,0.21177614624663885,0.035058761608255475
2,6,19,False,2,DDoS,1,BruteForce,0.007716039370514876,0.014278159151660573,0.011920557143215039
2,6,19,False,2,DDoS,2,DDoS,0.7169560438137185,0.5640122122182974,0.6897807004409165
2,6,19,False,2,DDoS,3,DoS,0.03999038696447103,0.02888130186400687,0.05056734530029262
2,6,19,False,2,DDoS,4,Mirai,0.009019579318215594,0.042279282054861145,0.010566971408359951
2,6,19,False,2,DDoS,5,Recon,0.07670124260535684,0.06049190183697414,0.08057566529853935
2,6,19,False,2,DDoS,6,Spoofing,0.11429992322362025,0.05048336974693421,0.10683950560859325
2,6,19,False,2,DDoS,7,Web-Based,0.010275373914710104,0.027797626880626737,0.014690493191827744
2,6,19,False,3,DoS,0,Benign,0.01441850511445717,0.12085566818689887,0.026857865123341935
2,6,19,False,3,DoS,1,BruteForce,0.008423941038129183,0.014271397229682715,0.012880383328783123
2,6,19,False,3,DoS,2,DDoS,0.2154761463510714,0.1655187002502636,0.2088448649851484
2,6,19,False,3,DoS,3,DoS,0.613088164788308,0.5290788445149156,0.5769555156578149
2,6,19,False,3,DoS,4,Mirai,0.006593077525826173,0.036145411760307854,0.011155765983904433
2,6,19,False,3,DoS,5,Recon,0.03860230944271458,0.04149408568151369,0.046019767269679455
2,6,19,False,3,DoS,6,Spoofing,0.09444049112288362,0.06844374944034101,0.10382648851343361
2,6,19,False,3,DoS,7,Web-Based,0.008957364616609868,0.024192142936076584,0.013459349137894146
2,6,19,False,4,Mirai,0,Benign,0.07636452292638059,0.5390492409857263,0.10111195262028812
2,6,19,False,4,Mirai,1,BruteForce,0.011557291014319042,0.018730109485963847,0.014685494410402487
2,6,19,False,4,Mirai,2,DDoS,0.30416439910954135,0.0584863387479945,0.3080294153342296
2,6,19,False,4,Mirai,3,DoS,0.02827183352303962,0.02156616518004312,0.06267189360779125
2,6,19,False,4,Mirai,4,Mirai,0.019611473496743723,0.1250486671514913,0.01639232622734928
2,6,19,False,4,Mirai,5,Recon,0.14978290332583657,0.07243240293416996,0.12475391665744152
2,6,19,False,4,Mirai,6,Spoofing,0.39290895788734154,0.12698675463986495,0.3529448092300993
2,6,19,False,4,Mirai,7,Web-Based,0.017338618716797618,0.03770032087474601,0.01941019191239833
2,6,19,False,5,Recon,0,Benign,0.08957664739028716,0.5619259429470147,0.11377128018565753
2,6,19,False,5,Recon,1,BruteForce,0.01099102500039344,0.021149263390713522,0.013451366676126121
2,6,19,False,5,Recon,2,DDoS,0.19258903623572426,0.02882657127185812,0.22580626008649443
2,6,19,False,5,Recon,3,DoS,0.020039722118568876,0.013437797121237887,0.02881382338307064
2,6,19,False,5,Recon,4,Mirai,0.017313777414009888,0.08031684922803013,0.014453942130792558
2,6,19,False,5,Recon,5,Recon,0.23624378568281865,0.12945101747322726,0.20973303424184234
2,6,19,False,5,Recon,6,Spoofing,0.41351120333563446,0.1170246300835638,0.373434181584476
2,6,19,False,5,Recon,7,Web-Based,0.019734802822563374,0.0478679284843545,0.020536111711540364
2,6,19,False,6,Spoofing,0,Benign,0.08417084172558106,0.5570238138308842,0.10624814043453842
2,6,19,False,6,Spoofing,1,BruteForce,0.010199766850009371,0.017638773200640966,0.014004713861896511
2,6,19,False,6,Spoofing,2,DDoS,0.15491495572480862,0.027205657434818405,0.2165432149540412
2,6,19,False,6,Spoofing,3,DoS,0.03885436017452946,0.018180841961320787,0.07314453972683391
2,6,19,False,6,Spoofing,4,Mirai,0.018023182676636898,0.0753199312019771,0.01577531306911422
2,6,19,False,6,Spoofing,5,Recon,0.20445878777874035,0.11018134519217611,0.16522822199154713
2,6,19,False,6,Spoofing,6,Spoofing,0.4723008833935038,0.15426571096743938,0.38918639550452017
2,6,19,False,6,Spoofing,7,Web-Based,0.017077221676190475,0.040183926210743126,0.019869460457508405
2,6,19,False,7,Web-Based,0,Benign,0.08868074157080978,0.5791239846268793,0.11318022560877856
2,6,19,False,7,Web-Based,1,BruteForce,0.011129535221547289,0.018699280778835137,0.01411451322809449
2,6,19,False,7,Web-Based,2,DDoS,0.21251597203855657,0.031820138226622954,0.25970387193636624
2,6,19,False,7,Web-Based,3,DoS,0.035988085053989594,0.018811713741608577,0.04272070016786399
2,6,19,False,7,Web-Based,4,Mirai,0.018745644829829076,0.0864343238658811,0.015506703304554783
2,6,19,False,7,Web-Based,5,Recon,0.1929190584013154,0.09973967698328876,0.16228326293001225
2,6,19,False,7,Web-Based,6,Spoofing,0.4211625875744511,0.12484299379931815,0.3717827409679667
2,6,19,False,7,Web-Based,7,Web-Based,0.018858375309501244,0.040527887977566124,0.02070798185636304
3,7,0,False,0,Benign,0,Benign,0.2836725176155181,0.5665635975965543,0.287481559492493
3,7,0,False,0,Benign,1,BruteForce,0.08469529836240619,0.016899627068091425,0.07228694977974952
3,7,0,False,0,Benign,2,DDoS,0.008949573998230096,0.05000616556262618,0.014559770575744205
3,7,0,False,0,Benign,3,DoS,0.14875183366494707,0.024913084165882973,0.17751600084762817
3,7,0,False,0,Benign,4,Mirai,0.25725921141793795,0.06526181863481019,0.25021154950572516
3,7,0,False,0,Benign,5,Recon,0.17553124807229528,0.08873613012871322,0.15625646405612809
3,7,0,False,0,Benign,6,Spoofing,0.023866544839519766,0.15449340230930297,0.02057040764016627
3,7,0,False,0,Benign,7,Web-Based,0.017273772029145693,0.0331261745340189,0.021117298102365744
3,7,0,False,1,BruteForce,0,Benign,0.2422879461571692,0.5657019715402684,0.2816643068336483
3,7,0,False,1,BruteForce,1,BruteForce,0.16961377420872134,0.023220084862478688,0.10713506594309821
3,7,0,False,1,BruteForce,2,DDoS,0.009326019240350196,0.030570074904154892,0.011401336052654034
3,7,0,False,1,BruteForce,3,DoS,0.0660065089622384,0.012945371187220884,0.06756117746745939
3,7,0,False,1,BruteForce,4,Mirai,0.2788233175051824,0.07961415016331565,0.2992320399529943
3,7,0,False,1,BruteForce,5,Recon,0.18455089549510387,0.08891830640366703,0.18758787401554558
3,7,0,False,1,BruteForce,6,Spoofing,0.02620877099614534,0.1533223877493581,0.022273746809792105
3,7,0,False,1,BruteForce,7,Web-Based,0.023182767435089287,0.045707653189536526,0.023144452924808108
3,7,0,False,2,DDoS,0,Benign,0.07489520487557065,0.202648165995333,0.0905086648904161
3,7,0,False,2,DDoS,1,BruteForce,0.03618507951109876,0.014366230305068754,0.03564380106135911
3,7,0,False,2,DDoS,2,DDoS,0.560057342829657,0.5689333607247253,0.47578741697534715
3,7,0,False,2,DDoS,3,DoS,0.12024700724179609,0.02520805838865985,0.14794723785416541
3,7,0,False,2,DDoS,4,Mirai,0.1110394011397594,0.04121860857000729,0.12024303515023882
3,7,0,False,2,DDoS,5,Recon,0.0707878699682244,0.06344700772097588,0.08158957105959706
3,7,0,False,2,DDoS,6,Spoofing,0.013201215261860069,0.0562967339569204,0.024350385813948563
3,7,0,False,2,DDoS,7,Web-Based,0.013586879172033757,0.027881834338309448,0.02392988719492766
3,7,0,False,3,DoS,0,Benign,0.022861922771492224,0.13098499537380542,0.03413503247318013
3,7,0,False,3,DoS,1,BruteForce,0.01395785316854577,0.013829944241762562,0.013374048978509795
3,7,0,False,3,DoS,2,DDoS,0.018990202785208583,0.1429377264303473,0.019683600917804186
3,7,0,False,3,DoS,3,DoS,0.8933870063900716,0.5400192185466124,0.8489879724457519
3,7,0,False,3,DoS,4,Mirai,0.017417293043114047,0.03018864218543535,0.03819160115485179
3,7,0,False,3,DoS,5,Recon,0.023204922598545875,0.044163032436345645,0.02943178865298327
3,7,0,False,3,DoS,6,Spoofing,0.005883996499670782,0.07495754153065298,0.008810792363855742
3,7,0,False,3,DoS,7,Web-Based,0.004296802743351201,0.022918899255038337,0.007385163013063293
3,7,0,False,4,Mirai,0,Benign,0.2391701960687556,0.527010497302046,0.2583090055648556
3,7,0,False,4,Mirai,1,BruteForce,0.09682974675689843,0.018592866361418874,0.07734366416157128
3,7,0,False,4,Mirai,2,DDoS,0.009045722822847727,0.0543803408768597,0.011090747417207702
3,7,0,False,4,Mirai,3,DoS,0.06522943077228113,0.019749900671692553,0.1422142410103033
3,7,0,False,4,Mirai,4,Mirai,0.44795896586487494,0.1294034329596931,0.3600789254987451
3,7,0,False,4,Mirai,5,Recon,0.1011989179179015,0.07051133046607258,0.10908879014630084
3,7,0,False,4,Mirai,6,Spoofing,0.024725118891576567,0.1466598403655207,0.021261118216203842
3,7,0,False,4,Mirai,7,Web-Based,0.015841900904864106,0.03369179099669653,0.02061350798481241
3,7,0,False,5,Recon,0,Benign,0.22795643116242006,0.5606421387091255,0.27343486382211757
3,7,0,False,5,Recon,1,BruteForce,0.14196762299283847,0.02290869879456599,0.09895070385902045
3,7,0,False,5,Recon,2,DDoS,0.008806883575890316,0.028050051652984076,0.010944022267512076
3,7,0,False,5,Recon,3,DoS,0.08182740622944264,0.015333291459054469,0.09096030480512388
3,7,0,False,5,Recon,4,Mirai,0.2218223965398286,0.06891178975549128,0.25569446910798205
3,7,0,False,5,Recon,5,Recon,0.270087466062162,0.11781330609245998,0.22516419245479397
3,7,0,False,5,Recon,6,Spoofing,0.023593863906776005,0.140675589593222,0.02119070282681814
3,7,0,False,5,Recon,7,Web-Based,0.02393792953064196,0.0456651339430968,0.023660740856631904
3,7,0,False,6,Spoofing,0,Benign,0.2744238296251616,0.5501659416602996,0.2923458153597764
3,7,0,False,6,Spoofing,1,BruteForce,0.11111733373433531,0.019011317612100148,0.08132890682793152
3,7,0,False,6,Spoofing,2,DDoS,0.008182227301704223,0.02668322704751277,0.010805057826152287
3,7,0,False,6,Spoofing,3,DoS,0.08421199319778473,0.01813030902152279,0.14706099631366057
3,7,0,False,6,Spoofing,4,Mirai,0.2737180848076676,0.0685667049310544,0.25200663465848705
3,7,0,False,6,Spoofing,5,Recon,0.19971397253731138,0.09551482287495401,0.17343036558977548
3,7,0,False,6,Spoofing,6,Spoofing,0.02878237175579121,0.18452964514294318,0.020743613204132268
3,7,0,False,6,Spoofing,7,Web-Based,0.01985018704024406,0.037398031709612985,0.022278610220084438
3,7,0,False,7,Web-Based,0,Benign,0.2812394669408767,0.5769443621428678,0.30038018190762333
3,7,0,False,7,Web-Based,1,BruteForce,0.10805393165942641,0.018972929358620674,0.08131166375752925
3,7,0,False,7,Web-Based,2,DDoS,0.008771728769842224,0.029576316578003022,0.016118414029412994
3,7,0,False,7,Web-Based,3,DoS,0.08071140364596549,0.01794480217146088,0.10294941465277208
3,7,0,False,7,Web-Based,4,Mirai,0.3187274350058963,0.07941939719199233,0.3062531154296529
3,7,0,False,7,Web-Based,5,Recon,0.15820876992300315,0.08755437607494951,0.14931776145562006
3,7,0,False,7,Web-Based,6,Spoofing,0.024507850305747272,0.15286795120673807,0.02162325149165005
3,7,0,False,7,Web-Based,7,Web-Based,0.019779413749242542,0.03671986527536778,0.02204619727573924
3,7,1,True,0,Benign,0,Benign,0.4900015026024478,0.5665635975965543,0.0115440898592164
3,7,1,True,0,Benign,1,BruteForce,0.006384395618752097,0.016899627068091425,0.011250505764391865
3,7,1,True,0,Benign,2,DDoS,0.041592973539105314,0.05000616556262618,0.08278370598212627
3,7,1,True,0,Benign,3,DoS,0.010470655283463312,0.024913084165882973,0.018663974783992048
3,7,1,True,0,Benign,4,Mirai,0.054232533101831765,0.06526181863481019,0.0916308303637353
3,7,1,True,0,Benign,5,Recon,0.13402256340860325,0.08873613012871322,0.30937222879502496
3,7,1,True,0,Benign,6,Spoofing,0.2579680672162126,0.15449340230930297,0.46688001753333996
3,7,1,True,0,Benign,7,Web-Based,0.005327309229583869,0.0331261745340189,0.007874646918173266
3,7,1,True,1,BruteForce,0,Benign,0.483193852722597,0.5657019715402684,0.010939142209091184
3,7,1,True,1,BruteForce,1,BruteForce,0.007082342463707846,0.023220084862478688,0.011458797203437069
3,7,1,True,1,BruteForce,2,DDoS,0.022428701575551362,0.030570074904154892,0.04499154029680548
3,7,1,True,1,BruteForce,3,DoS,0.006333412646660584,0.012945371187220884,0.011964748997474977
3,7,1,True,1,BruteForce,4,Mirai,0.06276245585603943,0.07961415016331565,0.09669317755094246
3,7,1,True,1,BruteForce,5,Recon,0.12654467415951773,0.08891830640366703,0.31793560499664697
3,7,1,True,1,BruteForce,6,Spoofing,0.2865544824175753,0.1533223877493581,0.4983507183452729
3,7,1,True,1,BruteForce,7,Web-Based,0.0051000781583507085,0.045707653189536526,0.0076662704003289
3,7,1,True,2,DDoS,0,Benign,0.448225603652624,0.202648165995333,0.00670416002287323
3,7,1,True,2,DDoS,1,BruteForce,0.007375255816965057,0.014366230305068754,0.00849074941663019
3,7,1,True,2,DDoS,2,DDoS,0.34235299302426525,0.5689333607247253,0.6473543342640009
3,7,1,True,2,DDoS,3,DoS,0.013762368676844767,0.02520805838865985,0.023195799105994615
3,7,1,True,2,DDoS,4,Mirai,0.02713259707678666,0.04121860857000729,0.035649079256525745
3,7,1,True,2,DDoS,5,Recon,0.05851489284616265,0.06344700772097588,0.11647882417174132
3,7,1,True,2,DDoS,6,Spoofing,0.0919825288168562,0.0562967339569204,0.15367069699528235
3,7,1,True,2,DDoS,7,Web-Based,0.010653760089495458,0.027881834338309448,0.008456356766951674
3,7,1,True,3,DoS,0,Benign,0.4404963088808668,0.13098499537380542,0.012133653430685695
3,7,1,True,3,DoS,1,BruteForce,0.006241656370377315,0.013829944241762562,0.010234815435566294
3,7,1,True,3,DoS,2,DDoS,0.10084614373902817,0.1429377264303473,0.1813398852294473
3,7,1,True,3,DoS,3,DoS,0.3334476895023864,0.5400192185466124,0.5390812360899498
3,7,1,True,3,DoS,4,Mirai,0.017078650474769298,0.03018864218543535,0.03665485493772845
3,7,1,True,3,DoS,5,Recon,0.035668053114808834,0.044163032436345645,0.06098185410589218
3,7,1,True,3,DoS,6,Spoofing,0.05872715124508951,0.07495754153065298,0.1494176009326028
3,7,1,True,3,DoS,7,Web-Based,0.007494346672673571,0.022918899255038337,0.010156099838127352
3,7,1,True,4,Mirai,0,Benign,0.48005997252324056,0.527010497302046,0.011977958627275605
3,7,1,True,4,Mirai,1,BruteForce,0.0076188329605808005,0.018592866361418874,0.012213080288833679
3,7,1,True,4,Mirai,2,DDoS,0.046203702540377874,0.0543803408768597,0.08209994040883421
3,7,1,True,4,Mirai,3,DoS,0.009172039817761572,0.019749900671692553,0.0190462005779907
3,7,1,True,4,Mirai,4,Mirai,0.09135188960401534,0.1294034329596931,0.13255162611547927
3,7,1,True,4,Mirai,5,Recon,0.08464483556536456,0.07051133046607258,0.22069791073852
3,7,1,True,4,Mirai,6,Spoofing,0.275298056288743,0.1466598403655207,0.5130840844697074
3,7,1,True,4,Mirai,7,Web-Based,0.005650670699916178,0.03369179099669653,0.008329198773359048
3,7,1,True,5,Recon,0,Benign,0.48929068598123127,0.5606421387091255,0.010262096333179782
3,7,1,True,5,Recon,1,BruteForce,0.006401168813700145,0.02290869879456599,0.011062239670808346
3,7,1,True,5,Recon,2,DDoS,0.018843600127432924,0.028050051652984076,0.041472101649948016
3,7,1,True,5,Recon,3,DoS,0.005840994956853856,0.015333291459054469,0.01093335079757822
3,7,1,True,5,Recon,4,Mirai,0.05374463661075804,0.06891178975549128,0.08305504113175309
3,7,1,True,5,Recon,5,Recon,0.18457418915851848,0.11781330609245998,0.45028640696832256
3,7,1,True,5,Recon,6,Spoofing,0.2363153754055012,0.140675589593222,0.3857985717820144
3,7,1,True,5,Recon,7,Web-Based,0.004989348946004178,0.0456651339430968,0.007130191666395696
3,7,1,True,6,Spoofing,0,Benign,0.47030300009340487,0.5501659416602996,0.01147791077024147
3,7,1,True,6,Spoofing,1,BruteForce,0.006399144828879296,0.019011317612100148,0.011111816012270724
3,7,1,True,6,Spoofing,2,DDoS,0.01853693784385703,0.02668322704751277,0.039838994641762944
3,7,1,True,6,Spoofing,3,DoS,0.006509208103079531,0.01813030902152279,0.012568133895177991
3,7,1,True,6,Spoofing,4,Mirai,0.05484739220407834,0.0685667049310544,0.08929032998499556
3,7,1,True,6,Spoofing,5,Recon,0.150026118713215,0.09551482287495401,0.3256757224883316
3,7,1,True,6,Spoofing,6,Spoofing,0.2884964175163096,0.18452964514294318,0.502509164864059
3,7,1,True,6,Spoofing,7,Web-Based,0.00488178069717634,0.037398031709612985,0.007527927343160605
3,7,1,True,7,Web-Based,0,Benign,0.47976789368501455,0.5769443621428678,0.011396068921519873
3,7,1,True,7,Web-Based,1,BruteForce,0.006560064104508006,0.018972929358620674,0.01186759228248964
3,7,1,True,7,Web-Based,2,DDoS,0.023249821433349,0.029576316578003022,0.04902578708466361
3,7,1,True,7,Web-Based,3,DoS,0.006839080995597258,0.01794480217146088,0.012742154153571519
3,7,1,True,7,Web-Based,4,Mirai,0.0671349831479776,0.07941939719199233,0.10930045716950115
3,7,1,True,7,Web-Based,5,Recon,0.1292127965779055,0.08755437607494951,0.31618854652603784
3,7,1,True,7,Web-Based,6,Spoofing,0.2820138923086753,0.15286795120673807,0.48166719375118716
3,7,1,True,7,Web-Based,7,Web-Based,0.005221467746972881,0.03671986527536778,0.007812200111029302
3,7,2,False,0,Benign,0,Benign,0.1813295082644928,0.5665635975965543,0.19555186028304736
3,7,2,False,0,Benign,1,BruteForce,0.022075533094500967,0.016899627068091425,0.04335597747402379
3,7,2,False,0,Benign,2,DDoS,0.02156958939938022,0.05000616556262618,0.024204151952344377
3,7,2,False,0,Benign,3,DoS,0.008935753141376642,0.024913084165882973,0.017692127169578416
3,7,2,False,0,Benign,4,Mirai,0.39081313795945904,0.06526181863481019,0.24773755582195378
3,7,2,False,0,Benign,5,Recon,0.3131019173550947,0.08873613012871322,0.3861233738890357
3,7,2,False,0,Benign,6,Spoofing,0.03862341318700195,0.15449340230930297,0.048446336681487685
3,7,2,False,0,Benign,7,Web-Based,0.02355114759869374,0.0331261745340189,0.0368886167285289
3,7,2,False,1,BruteForce,0,Benign,0.17656442041903841,0.5657019715402684,0.19649372644100968
3,7,2,False,1,BruteForce,1,BruteForce,0.0323892533914728,0.023220084862478688,0.05021055667244276
3,7,2,False,1,BruteForce,2,DDoS,0.01408877263344024,0.030570074904154892,0.018389876427602637
3,7,2,False,1,BruteForce,3,DoS,0.007182984555634412,0.012945371187220884,0.012798792813184863
3,7,2,False,1,BruteForce,4,Mirai,0.4455586001525991,0.07961415016331565,0.2659225685124101
3,7,2,False,1,BruteForce,5,Recon,0.24852650351621403,0.08891830640366703,0.3654524691129537
3,7,2,False,1,BruteForce,6,Spoofing,0.041166178263181,0.1533223877493581,0.04554846743737031
3,7,2,False,1,BruteForce,7,Web-Based,0.034523287068420075,0.045707653189536526,0.045183542583026
3,7,2,False,2,DDoS,0,Benign,0.059455151608188324,0.202648165995333,0.09039253305891366
3,7,2,False,2,DDoS,1,BruteForce,0.014912871997583463,0.014366230305068754,0.027980369749711135
3,7,2,False,2,DDoS,2,DDoS,0.6033913951463786,0.5689333607247253,0.46203873874378953
3,7,2,False,2,DDoS,3,DoS,0.011041242035688173,0.02520805838865985,0.022595769818427112
3,7,2,False,2,DDoS,4,Mirai,0.17588356369574598,0.04121860857000729,0.14948551029105395
3,7,2,False,2,DDoS,5,Recon,0.10238476095036157,0.06344700772097588,0.18042168430663616
3,7,2,False,2,DDoS,6,Spoofing,0.01694006417690817,0.0562967339569204,0.039677920651722126
3,7,2,False,2,DDoS,7,Web-Based,0.01599095038914567,0.027881834338309448,0.02740747337974642
3,7,2,False,3,DoS,0,Benign,0.05827683390533772,0.13098499537380542,0.10718481152491297
3,7,2,False,3,DoS,1,BruteForce,0.01352362844785523,0.013829944241762562,0.030340141775408738
3,7,2,False,3,DoS,2,DDoS,0.18282272422856993,0.1429377264303473,0.11963948514919728
3,7,2,False,3,DoS,3,DoS,0.4752629475266797,0.5400192185466124,0.229327526945055
3,7,2,False,3,DoS,4,Mirai,0.1419471649569248,0.03018864218543535,0.1914166379592827
3,7,2,False,3,DoS,5,Recon,0.09023560994021501,0.044163032436345645,0.24204363065857154
3,7,2,False,3,DoS,6,Spoofing,0.021585638881322426,0.07495754153065298,0.04974036113193333
3,7,2,False,3,DoS,7,Web-Based,0.016345452113095085,0.022918899255038337,0.030307404855638424
3,7,2,False,4,Mirai,0,Benign,0.14472545337212409,0.527010497302046,0.18755389301657102
3,7,2,False,4,Mirai,1,BruteForce,0.02366811267746435,0.018592866361418874,0.04709411354682958
3,7,2,False,4,Mirai,2,DDoS,0.017079235217181663,0.0543803408768597,0.023039729357960073
3,7,2,False,4,Mirai,3,DoS,0.00836421809831412,0.019749900671692553,0.01803171899716474
3,7,2,False,4,Mirai,4,Mirai,0.5975033429563511,0.1294034329596931,0.3521199778820599
3,7,2,False,4,Mirai,5,Recon,0.15454743812314695,0.07051133046607258,0.28527601738441993
3,7,2,False,4,Mirai,6,Spoofing,0.033176726186121684,0.1466598403655207,0.04985987479353526
3,7,2,False,4,Mirai,7,Web-Based,0.020935473369296156,0.03369179099669653,0.03702467502145958
3,7,2,False,5,Recon,0,Benign,0.16528620543117808,0.5606421387091255,0.1898734110713746
3,7,2,False,5,Recon,1,BruteForce,0.029461170928238065,0.02290869879456599,0.0506265397133419
3,7,2,False,5,Recon,2,DDoS,0.01302722078611978,0.028050051652984076,0.01741573348998338
3,7,2,False,5,Recon,3,DoS,0.007127839309016101,0.015333291459054469,0.012687050241555758
3,7,2,False,5,Recon,4,Mirai,0.38221302083128933,0.06891178975549128,0.24255515905150649
3,7,2,False,5,Recon,5,Recon,0.33353851102317694,0.11781330609245998,0.39945051477305843
3,7,2,False,5,Recon,6,Spoofing,0.036574370676668765,0.140675589593222,0.04437366074073125
3,7,2,False,5,Recon,7,Web-Based,0.03277166101431297,0.0456651339430968,0.04301793091844832
3,7,2,False,6,Spoofing,0,Benign,0.16976114528526964,0.5501659416602996,0.19452181443492522
3,7,2,False,6,Spoofing,1,BruteForce,0.024488134695185265,0.019011317612100148,0.046108329887921864
3,7,2,False,6,Spoofing,2,DDoS,0.012200572632760316,0.02668322704751277,0.02039122588599539
3,7,2,False,6,Spoofing,3,DoS,0.0065507334436159135,0.01813030902152279,0.014914858844753263
3,7,2,False,6,Spoofing,4,Mirai,0.35905680222103475,0.0685667049310544,0.2265360791488103
3,7,2,False,6,Spoofing,5,Recon,0.3586133917607519,0.09551482287495401,0.4092619970304159
3,7,2,False,6,Spoofing,6,Spoofing,0.0429247129380704,0.18452964514294318,0.04964733878944321
3,7,2,False,6,Spoofing,7,Web-Based,0.02640450702331186,0.037398031709612985,0.03861835597773493
3,7,2,False,7,Web-Based,0,Benign,0.16328788487390944,0.5769443621428678,0.19811832850671074
3,7,2,False,7,Web-Based,1,BruteForce,0.024506127159892425,0.018972929358620674,0.046696774919406214
3,7,2,False,7,Web-Based,2,DDoS,0.013269026299251484,0.029576316578003022,0.020340652406939528
3,7,2,False,7,Web-Based,3,DoS,0.007111137580621063,0.01794480217146088,0.01404844562634325
3,7,2,False,7,Web-Based,4,Mirai,0.47659262762895016,0.07941939719199233,0.28138774577075754
3,7,2,False,7,Web-Based,5,Recon,0.25794894716687644,0.08755437607494951,0.35429246190802394
3,7,2,False,7,Web-Based,6,Spoofing,0.03281882857746283,0.15286795120673807,0.04575185413515572
3,7,2,False,7,Web-Based,7,Web-Based,0.024465420713036066,0.03671986527536778,0.03936373672666321
3,7,3,False,0,Benign,0,Benign,0.12777958966837039,0.5665635975965543,0.09664043385044996
3,7,3,False,0,Benign,1,BruteForce,0.339748748696823,0.016899627068091425,0.3899195065579183
3,7,3,False,0,Benign,2,DDoS,0.11318971163052562,0.05000616556262618,0.10945777046777107
3,7,3,False,0,Benign,3,DoS,0.02320628611912151,0.024913084165882973,0.03830800989160171
3,7,3,False,0,Benign,4,Mirai,0.20888446356746637,0.06526181863481019,0.19714914553313662
3,7,3,False,0,Benign,5,Recon,0.11104065066358605,0.08873613012871322,0.09750627878848743
3,7,3,False,0,Benign,6,Spoofing,0.04439801596169554,0.15449340230930297,0.04314489799547411
3,7,3,False,0,Benign,7,Web-Based,0.03175253369241164,0.0331261745340189,0.027873956915160855
3,7,3,False,1,BruteForce,0,Benign,0.10015270240663544,0.5657019715402684,0.0835939090962524
3,7,3,False,1,BruteForce,1,BruteForce,0.47778295496998563,0.023220084862478688,0.4961096713598841
3,7,3,False,1,BruteForce,2,DDoS,0.05890189110158164,0.030570074904154892,0.04981266289964326
3,7,3,False,1,BruteForce,3,DoS,0.02373236435225281,0.012945371187220884,0.024341770202166164
3,7,3,False,1,BruteForce,4,Mirai,0.1904532080641754,0.07961415016331565,0.19048493776915043
3,7,3,False,1,BruteForce,5,Recon,0.06357917711123029,0.08891830640366703,0.08482544989197978
3,7,3,False,1,BruteForce,6,Spoofing,0.0477091539204459,0.1533223877493581,0.043290506812756216
3,7,3,False,1,BruteForce,7,Web-Based,0.03768854807369307,0.045707653189536526,0.027541091968167602
3,7,3,False,2,DDoS,0,Benign,0.03684929291919852,0.202648165995333,0.03801578485365128
3,7,3,False,2,DDoS,1,BruteForce,0.11419333891887037,0.014366230305068754,0.14116683188540702
3,7,3,False,2,DDoS,2,DDoS,0.6611147072964089,0.5689333607247253,0.607835573033304
3,7,3,False,2,DDoS,3,DoS,0.020710015901377977,0.02520805838865985,0.024931785319781057
3,7,3,False,2,DDoS,4,Mirai,0.07385648791930652,0.04121860857000729,0.07742053091468186
3,7,3,False,2,DDoS,5,Recon,0.05957942042242153,0.06344700772097588,0.06184788991097154
3,7,3,False,2,DDoS,6,Spoofing,0.017182138974274796,0.0562967339569204,0.02794763321361146
3,7,3,False,2,DDoS,7,Web-Based,0.016514597648141366,0.027881834338309448,0.020833970868591754
3,7,3,False,3,DoS,0,Benign,0.03268884073610405,0.13098499537380542,0.04844710560217969
3,7,3,False,3,DoS,1,BruteForce,0.08372879815283751,0.013829944241762562,0.15757942892021087
3,7,3,False,3,DoS,2,DDoS,0.2699892951377594,0.1429377264303473,0.2844666932636793
3,7,3,False,3,DoS,3,DoS,0.4718281625709564,0.5400192185466124,0.2590597842482525
3,7,3,False,3,DoS,4,Mirai,0.07430595072137654,0.03018864218543535,0.12587295879305702
3,7,3,False,3,DoS,5,Recon,0.030247625683334306,0.044163032436345645,0.05952292200259722
3,7,3,False,3,DoS,6,Spoofing,0.021958678730227624,0.07495754153065298,0.04187396807828116
3,7,3,False,3,DoS,7,Web-Based,0.015252648267404268,0.022918899255038337,0.02317713909174224
3,7,3,False,4,Mirai,0,Benign,0.0991928873947357,0.527010497302046,0.08543018124470432
3,7,3,False,4,Mirai,1,BruteForce,0.36830174744286287,0.018592866361418874,0.42727412983350127
3,7,3,False,4,Mirai,2,DDoS,0.10357488339135124,0.0543803408768597,0.08728781641773449
3,7,3,False,4,Mirai,3,DoS,0.020725020692619864,0.019749900671692553,0.03073508424460966
3,7,3,False,4,Mirai,4,Mirai,0.27491998629583725,0.1294034329596931,0.2211238440932929
3,7,3,False,4,Mirai,5,Recon,0.0578105026096721,0.07051133046607258,0.07577373081537751
3,7,3,False,4,Mirai,6,Spoofing,0.0431281842862529,0.1466598403655207,0.04420236123855148
3,7,3,False,4,Mirai,7,Web-Based,0.032346787886668164,0.03369179099669653,0.028172852112228502
3,7,3,False,5,Recon,0,Benign,0.09429253759235214,0.5606421387091255,0.08359497826856373
3,7,3,False,5,Recon,1,BruteForce,0.4791488655080518,0.02290869879456599,0.49867141166610196
3,7,3,False,5,Recon,2,DDoS,0.05403852718325655,0.028050051652984076,0.04813660576220748
3,7,3,False,5,Recon,3,DoS,0.02592986395540804,0.015333291459054469,0.025537983779200416
3,7,3,False,5,Recon,4,Mirai,0.16519760715089876,0.06891178975549128,0.18140117542834927
3,7,3,False,5,Recon,5,Recon,0.09809217073067422,0.11781330609245998,0.09328048395937594
3,7,3,False,5,Recon,6,Spoofing,0.04410966402677974,0.140675589593222,0.04202316763557688
3,7,3,False,5,Recon,7,Web-Based,0.039190763852578685,0.0456651339430968,0.027354193500624385
3,7,3,False,6,Spoofing,0,Benign,0.12583563447537158,0.5501659416602996,0.10028474233264223
3,7,3,False,6,Spoofing,1,BruteForce,0.38271008782752003,0.019011317612100148,0.4321261392221168
3,7,3,False,6,Spoofing,2,DDoS,0.05018414977062181,0.02668322704751277,0.060954517439919885
3,7,3,False,6,Spoofing,3,DoS,0.020415903963313983,0.01813030902152279,0.03061468371082537
3,7,3,False,6,Spoofing,4,Mirai,0.2138855434642298,0.0685667049310544,0.20209524857499933
3,7,3,False,6,Spoofing,5,Recon,0.12031165918716254,0.09551482287495401,0.1005903122083862
3,7,3,False,6,Spoofing,6,Spoofing,0.05287320292770126,0.18452964514294318,0.04593849479398274
3,7,3,False,6,Spoofing,7,Web-Based,0.03378381838407895,0.037398031709612985,0.027395861717127497
3,7,3,False,7,Web-Based,0,Benign,0.11892617883898134,0.5769443621428678,0.0977203372961542
3,7,3,False,7,Web-Based,1,BruteForce,0.3966654901590991,0.018972929358620674,0.443778206912821
3,7,3,False,7,Web-Based,2,DDoS,0.06924074710693812,0.029576316578003022,0.06715439945069804
3,7,3,False,7,Web-Based,3,DoS,0.020982051232709048,0.01794480217146088,0.025752113867402164
3,7,3,False,7,Web-Based,4,Mirai,0.20581175635992596,0.07941939719199233,0.19955413503414898
3,7,3,False,7,Web-Based,5,Recon,0.10846120416092576,0.08755437607494951,0.09551412794510059
3,7,3,False,7,Web-Based,6,Spoofing,0.044361789587215684,0.15286795120673807,0.042107321096956286
3,7,3,False,7,Web-Based,7,Web-Based,0.03555078255420506,0.03671986527536778,0.028419358396718747
3,7,4,False,0,Benign,0,Benign,0.5642270624532612,0.5665635975965543,0.5114515187442072
3,7,4,False,0,Benign,1,BruteForce,0.016272743427200368,0.016899627068091425,0.017366935477572266
3,7,4,False,0,Benign,2,DDoS,0.01982911126129492,0.05000616556262618,0.026437907769421
3,7,4,False,0,Benign,3,DoS,0.06185065545404296,0.024913084165882973,0.11089901444123246
3,7,4,False,0,Benign,4,Mirai,0.05472115288901454,0.06526181863481019,0.04991146514848598
3,7,4,False,0,Benign,5,Recon,0.04330291129534531,0.08873613012871322,0.04847753993231641
3,7,4,False,0,Benign,6,Spoofing,0.1362892284826207,0.15449340230930297,0.12582687160653092
3,7,4,False,0,Benign,7,Web-Based,0.10350713473722013,0.0331261745340189,0.10962874688023375
3,7,4,False,1,BruteForce,0,Benign,0.5490782025626064,0.5657019715402684,0.5282264517855866
3,7,4,False,1,BruteForce,1,BruteForce,0.02212336544962737,0.023220084862478688,0.019036748089442165
3,7,4,False,1,BruteForce,2,DDoS,0.019875010531831355,0.030570074904154892,0.0284632038330958
3,7,4,False,1,BruteForce,3,DoS,0.012266010995503474,0.012945371187220884,0.031344618400644994
3,7,4,False,1,BruteForce,4,Mirai,0.06301700306155116,0.07961415016331565,0.055386972560604826
3,7,4,False,1,BruteForce,5,Recon,0.04292638598569346,0.08891830640366703,0.05423192085174975
3,7,4,False,1,BruteForce,6,Spoofing,0.13118938052577636,0.1533223877493581,0.1357970920221956
3,7,4,False,1,BruteForce,7,Web-Based,0.15952464088741047,0.045707653189536526,0.14751299245668045
3,7,4,False,2,DDoS,0,Benign,0.1698676733257287,0.202648165995333,0.18709365275041412
3,7,4,False,2,DDoS,1,BruteForce,0.013036137173551706,0.014366230305068754,0.017858336913377494
3,7,4,False,2,DDoS,2,DDoS,0.5789372730078933,0.5689333607247253,0.4406137479322991
3,7,4,False,2,DDoS,3,DoS,0.07140443241753758,0.02520805838865985,0.12708842784619223
3,7,4,False,2,DDoS,4,Mirai,0.027895047574860634,0.04121860857000729,0.036204004207936624
3,7,4,False,2,DDoS,5,Recon,0.029631060151497326,0.06344700772097588,0.04094537065286566
3,7,4,False,2,DDoS,6,Spoofing,0.05321786736156686,0.0562967339569204,0.07734640427145834
3,7,4,False,2,DDoS,7,Web-Based,0.05601050898736387,0.027881834338309448,0.07285005542545647
3,7,4,False,3,DoS,0,Benign,0.06423826011883771,0.13098499537380542,0.08708292581837755
3,7,4,False,3,DoS,1,BruteForce,0.008513999891146047,0.013829944241762562,0.012171802823390258
3,7,4,False,3,DoS,2,DDoS,0.026666228952260906,0.1429377264303473,0.024614061106730322
3,7,4,False,3,DoS,3,DoS,0.8014641317180916,0.5400192185466124,0.7508578455363979
3,7,4,False,3,DoS,4,Mirai,0.011793399234733843,0.03018864218543535,0.01913003848239789
3,7,4,False,3,DoS,5,Recon,0.012416450012598975,0.044163032436345645,0.01934035014494665
3,7,4,False,3,DoS,6,Spoofing,0.05237755104077275,0.07495754153065298,0.055820477857178356
3,7,4,False,3,DoS,7,Web-Based,0.022529979031557998,0.022918899255038337,0.030982498230580885
3,7,4,False,4,Mirai,0,Benign,0.5426360945468313,0.527010497302046,0.4977157399392206
3,7,4,False,4,Mirai,1,BruteForce,0.019588031042191898,0.018592866361418874,0.01855210871346273
3,7,4,False,4,Mirai,2,DDoS,0.020451942695406834,0.0543803408768597,0.026361674156741354
3,7,4,False,4,Mirai,3,DoS,0.030944742091679148,0.019749900671692553,0.10781893446293969
3,7,4,False,4,Mirai,4,Mirai,0.1078612315505429,0.1294034329596931,0.059284748637164736
3,7,4,False,4,Mirai,5,Recon,0.035006579333503464,0.07051133046607258,0.04550408303926764
3,7,4,False,4,Mirai,6,Spoofing,0.13811948106004676,0.1466598403655207,0.13222123356476034
3,7,4,False,4,Mirai,7,Web-Based,0.10539189767979779,0.03369179099669653,0.11254147748644304
3,7,4,False,5,Recon,0,Benign,0.5391045305051916,0.5606421387091255,0.5246019121966853
3,7,4,False,5,Recon,1,BruteForce,0.0214250476987557,0.02290869879456599,0.019442493841698518
3,7,4,False,5,Recon,2,DDoS,0.019419175617856155,0.028050051652984076,0.027688213791934
3,7,4,False,5,Recon,3,DoS,0.012785999320322422,0.015333291459054469,0.03830388342453052
3,7,4,False,5,Recon,4,Mirai,0.05039863126580904,0.06891178975549128,0.05298307736818511
3,7,4,False,5,Recon,5,Recon,0.0648443249116992,0.11781330609245998,0.061603524042038886
3,7,4,False,5,Recon,6,Spoofing,0.11566310781533229,0.140675589593222,0.12630289643235015
3,7,4,False,5,Recon,7,Web-Based,0.1763591828650337,0.0456651339430968,0.14907399890257753
3,7,4,False,6,Spoofing,0,Benign,0.5702081351820321,0.5501659416602996,0.536411515885959
3,7,4,False,6,Spoofing,1,BruteForce,0.017665228891082276,0.019011317612100148,0.01758753122824101
3,7,4,False,6,Spoofing,2,DDoS,0.01735016645865946,0.02668322704751277,0.025898201098156284
3,7,4,False,6,Spoofing,3,DoS,0.018534086839818747,0.01813030902152279,0.06500057060532138
3,7,4,False,6,Spoofing,4,Mirai,0.05550374019100027,0.0685667049310544,0.05247179253811593
3,7,4,False,6,Spoofing,5,Recon,0.04475334945264291,0.09551482287495401,0.05039951941938945
3,7,4,False,6,Spoofing,6,Spoofing,0.1606210910120436,0.18452964514294318,0.13523722312355066
3,7,4,False,6,Spoofing,7,Web-Based,0.11536420197272074,0.037398031709612985,0.11699364610126642
3,7,4,False,7,Web-Based,0,Benign,0.582161231142098,0.5769443621428678,0.545824890564863
3,7,4,False,7,Web-Based,1,BruteForce,0.01882191131502069,0.018972929358620674,0.018153644184725353
3,7,4,False,7,Web-Based,2,DDoS,0.019234646400783803,0.029576316578003022,0.0270005517169475
3,7,4,False,7,Web-Based,3,DoS,0.02249590324896636,0.01794480217146088,0.051916731855637416
3,7,4,False,7,Web-Based,4,Mirai,0.05939362393963451,0.07941939719199233,0.05308355155809919
3,7,4,False,7,Web-Based,5,Recon,0.041994461734685115,0.08755437607494951,0.04998887558676116
3,7,4,False,7,Web-Based,6,Spoofing,0.13105857143196892,0.15286795120673807,0.12930244102769778
3,7,4,False,7,Web-Based,7,Web-Based,0.1248396507868427,0.03671986527536778,0.12472931350526854
3,7,5,False,0,Benign,0,Benign,0.4402527955189813,0.5665635975965543,0.3949940662695713
3,7,5,False,0,Benign,1,BruteForce,0.009883973288237922,0.016899627068091425,0.016511035679268198
3,7,5,False,0,Benign,2,DDoS,0.04189161475905973,0.05000616556262618,0.05068400851883798
3,7,5,False,0,Benign,3,DoS,0.008470526212455963,0.024913084165882973,0.016428678385103694
3,7,5,False,0,Benign,4,Mirai,0.019397037292814435,0.06526181863481019,0.019976043200271187
3,7,5,False,0,Benign,5,Recon,0.07481801722545293,0.08873613012871322,0.0796652726590334
3,7,5,False,0,Benign,6,Spoofing,0.39012261988388136,0.15449340230930297,0.40255422714828437
3,7,5,False,0,Benign,7,Web-Based,0.015163415819116526,0.0331261745340189,0.01918666813962988
3,7,5,False,1,BruteForce,0,Benign,0.441029614962445,0.5657019715402684,0.42339472500805075
3,7,5,False,1,BruteForce,1,BruteForce,0.011548869905986778,0.023220084862478688,0.016828070118440053
3,7,5,False,1,BruteForce,2,DDoS,0.020995113342136898,0.030570074904154892,0.03702570081811362
3,7,5,False,1,BruteForce,3,DoS,0.006585955308132581,0.012945371187220884,0.013948945221778477
3,7,5,False,1,BruteForce,4,Mirai,0.020311948461780034,0.07961415016331565,0.019807443748058387
3,7,5,False,1,BruteForce,5,Recon,0.07476427089213206,0.08891830640366703,0.08446154812879791
3,7,5,False,1,BruteForce,6,Spoofing,0.40593441578178663,0.1533223877493581,0.3836755971714746
3,7,5,False,1,BruteForce,7,Web-Based,0.01882981134559989,0.045707653189536526,0.02085796978528626
3,7,5,False,2,DDoS,0,Benign,0.13617455876844003,0.202648165995333,0.14006204196583896
3,7,5,False,2,DDoS,1,BruteForce,0.008482836084381034,0.014366230305068754,0.015118387278342192
3,7,5,False,2,DDoS,2,DDoS,0.6399087122752062,0.5689333607247253,0.5699848477141761
3,7,5,False,2,DDoS,3,DoS,0.007295984168081862,0.02520805838865985,0.014136422696305708
3,7,5,False,2,DDoS,4,Mirai,0.010035646521779054,0.04121860857000729,0.016686788161266935
3,7,5,False,2,DDoS,5,Recon,0.05351995367195752,0.06344700772097588,0.059857837735661334
3,7,5,False,2,DDoS,6,Spoofing,0.13336226346162308,0.0562967339569204,0.1651709392110041
3,7,5,False,2,DDoS,7,Web-Based,0.011220045048531276,0.027881834338309448,0.018982735237404586
3,7,5,False,3,DoS,0,Benign,0.10480335663563921,0.13098499537380542,0.17218343662378524
3,7,5,False,3,DoS,1,BruteForce,0.011325246665093745,0.013829944241762562,0.017112470154734424
3,7,5,False,3,DoS,2,DDoS,0.16094452401886628,0.1429377264303473,0.13868326430204972
3,7,5,False,3,DoS,3,DoS,0.41107242401412697,0.5400192185466124,0.14680163444492883
3,7,5,False,3,DoS,4,Mirai,0.010378578836455196,0.03018864218543535,0.021423462742001614
3,7,5,False,3,DoS,5,Recon,0.03468980464070006,0.044163032436345645,0.06217380924966875
3,7,5,False,3,DoS,6,Spoofing,0.2561079659458926,0.07495754153065298,0.4250204169792452
3,7,5,False,3,DoS,7,Web-Based,0.010678099243226009,0.022918899255038337,0.016601505503586165
3,7,5,False,4,Mirai,0,Benign,0.4115770634863396,0.527010497302046,0.38699774478070675
3,7,5,False,4,Mirai,1,BruteForce,0.011321415618643157,0.018592866361418874,0.01715791176952036
3,7,5,False,4,Mirai,2,DDoS,0.042954062636885136,0.0543803408768597,0.046342724047623414
3,7,5,False,4,Mirai,3,DoS,0.0076612291652459604,0.019749900671692553,0.015964871696969776
3,7,5,False,4,Mirai,4,Mirai,0.02373197930151948,0.1294034329596931,0.02101833076417777
3,7,5,False,4,Mirai,5,Recon,0.05779437486371683,0.07051133046607258,0.07178465736175996
3,7,5,False,4,Mirai,6,Spoofing,0.4298519222620569,0.1466598403655207,0.4225236271779811
3,7,5,False,4,Mirai,7,Web-Based,0.015107952665593026,0.03369179099669653,0.018210132401260765
3,7,5,False,5,Recon,0,Benign,0.4444488736529527,0.5606421387091255,0.4286206932370712
3,7,5,False,5,Recon,1,BruteForce,0.01124164534784581,0.02290869879456599,0.016706483705206665
3,7,5,False,5,Recon,2,DDoS,0.01966315419928869,0.028050051652984076,0.03576984253645233
3,7,5,False,5,Recon,3,DoS,0.006324304736620097,0.015333291459054469,0.013700870714260674
3,7,5,False,5,Recon,4,Mirai,0.018744356043662935,0.06891178975549128,0.01918451935794694
3,7,5,False,5,Recon,5,Recon,0.11906331813850043,0.11781330609245998,0.10418607771330361
3,7,5,False,5,Recon,6,Spoofing,0.3592858955002739,0.140675589593222,0.3604877772583204
3,7,5,False,5,Recon,7,Web-Based,0.02122845238085534,0.0456651339430968,0.021343735477438147
3,7,5,False,6,Spoofing,0,Benign,0.43498410946347943,0.5501659416602996,0.3969013659889291
3,7,5,False,6,Spoofing,1,BruteForce,0.010033203011348996,0.019011317612100148,0.016440510094442768
3,7,5,False,6,Spoofing,2,DDoS,0.01945592550652213,0.02668322704751277,0.03796854364615823
3,7,5,False,6,Spoofing,3,DoS,0.0073937318012577795,0.01813030902152279,0.015869626828579602
3,7,5,False,6,Spoofing,4,Mirai,0.01935964333353745,0.0685667049310544,0.019910739107708086
3,7,5,False,6,Spoofing,5,Recon,0.0748523729745303,0.09551482287495401,0.07586625026273454
3,7,5,False,6,Spoofing,6,Spoofing,0.41910910001620344,0.18452964514294318,0.41871909821095865
3,7,5,False,6,Spoofing,7,Web-Based,0.014811913893120544,0.037398031709612985,0.01832386586048903
3,7,5,False,7,Web-Based,0,Benign,0.4642923958854105,0.5769443621428678,0.4295461490919319
3,7,5,False,7,Web-Based,1,BruteForce,0.010441519073073906,0.018972929358620674,0.016613345946749965
3,7,5,False,7,Web-Based,2,DDoS,0.021832690310858043,0.029576316578003022,0.03988020068775722
3,7,5,False,7,Web-Based,3,DoS,0.007108456632497044,0.01794480217146088,0.014490127521511948
3,7,5,False,7,Web-Based,4,Mirai,0.02070012555085333,0.07941939719199233,0.01991901086005789
3,7,5,False,7,Web-Based,5,Recon,0.06874918832317159,0.08755437607494951,0.07822231968770609
3,7,5,False,7,Web-Based,6,Spoofing,0.3910107382029147,0.15286795120673807,0.38199006739055763
3,7,5,False,7,Web-Based,7,Web-Based,0.01586488602122091,0.03671986527536778,0.01933877881372748
3,7,6,False,0,Benign,0,Benign,0.558718426155769,0.5665635975965543,0.5665400724785987
3,7,6,False,0,Benign,1,BruteForce,0.0813443329103435,0.016899627068091425,0.07324667748454332
3,7,6,False,0,Benign,2,DDoS,0.015394041501893668,0.05000616556262618,0.016606781633218694
3,7,6,False,0,Benign,3,DoS,0.024664491671368634,0.024913084165882973,0.02908935793997478
3,7,6,False,0,Benign,4,Mirai,0.26366999144132125,0.06526181863481019,0.251572806884142
3,7,6,False,0,Benign,5,Recon,0.022652395080532923,0.08873613012871322,0.02170086091160983
3,7,6,False,0,Benign,6,Spoofing,0.018267199521695993,0.15449340230930297,0.02271445457152364
3,7,6,False,0,Benign,7,Web-Based,0.015289121717074895,0.0331261745340189,0.01852898809638906
3,7,6,False,1,BruteForce,0,Benign,0.5051463661345489,0.5657019715402684,0.5474973395967081
3,7,6,False,1,BruteForce,1,BruteForce,0.11166668629886424,0.023220084862478688,0.08973052826229379
3,7,6,False,1,BruteForce,2,DDoS,0.01627526614999698,0.030570074904154892,0.01625629028815254
3,7,6,False,1,BruteForce,3,DoS,0.010461717540999426,0.012945371187220884,0.016982319903996623
3,7,6,False,1,BruteForce,4,Mirai,0.2978687421436749,0.07961415016331565,0.26794029106008715
3,7,6,False,1,BruteForce,5,Recon,0.021323129074743628,0.08891830640366703,0.021213046157681062
3,7,6,False,1,BruteForce,6,Spoofing,0.02016561976373137,0.1533223877493581,0.022132871675047912
3,7,6,False,1,BruteForce,7,Web-Based,0.017092472893440566,0.045707653189536526,0.018247313056032968
3,7,6,False,2,DDoS,0,Benign,0.2658290200805056,0.202648165995333,0.3884599598895505
3,7,6,False,2,DDoS,1,BruteForce,0.05727892521452063,0.014366230305068754,0.06347316484577595
3,7,6,False,2,DDoS,2,DDoS,0.33254747573759974,0.5689333607247253,0.1420855764188866
3,7,6,False,2,DDoS,3,DoS,0.04242578947656688,0.02520805838865985,0.04718551576419004
3,7,6,False,2,DDoS,4,Mirai,0.23989905596932878,0.04121860857000729,0.27667284341143794
3,7,6,False,2,DDoS,5,Recon,0.02141158527310727,0.06344700772097588,0.027754448702479086
3,7,6,False,2,DDoS,6,Spoofing,0.018181646826438563,0.0562967339569204,0.027364887149916993
3,7,6,False,2,DDoS,7,Web-Based,0.022426501421932577,0.027881834338309448,0.02700360381776286
3,7,6,False,3,DoS,0,Benign,0.14960921276684733,0.13098499537380542,0.3452165400748593
3,7,6,False,3,DoS,1,BruteForce,0.03021845584288897,0.013829944241762562,0.05139137383248603
3,7,6,False,3,DoS,2,DDoS,0.019487537541366493,0.1429377264303473,0.023913993474766457
3,7,6,False,3,DoS,3,DoS,0.6594753171782167,0.5400192185466124,0.26737598433736803
3,7,6,False,3,DoS,4,Mirai,0.10378686054595254,0.03018864218543535,0.24320249601227611
3,7,6,False,3,DoS,5,Recon,0.011415664928748952,0.044163032436345645,0.01786204595792165
3,7,6,False,3,DoS,6,Spoofing,0.013752637302030801,0.07495754153065298,0.02906511275660133
3,7,6,False,3,DoS,7,Web-Based,0.012254313893948142,0.022918899255038337,0.021972453553721093
3,7,6,False,4,Mirai,0,Benign,0.428765436862182,0.527010497302046,0.5021935163819404
3,7,6,False,4,Mirai,1,BruteForce,0.09214512768510708,0.018592866361418874,0.08196082327597823
3,7,6,False,4,Mirai,2,DDoS,0.01619002187203655,0.0543803408768597,0.016592628412057844
3,7,6,False,4,Mirai,3,DoS,0.013673382025464904,0.019749900671692553,0.02364009457165466
3,7,6,False,4,Mirai,4,Mirai,0.3960089757954844,0.1294034329596931,0.3135281413572825
3,7,6,False,4,Mirai,5,Recon,0.01837205416487118,0.07051133046607258,0.020019872292429082
3,7,6,False,4,Mirai,6,Spoofing,0.018833132060094016,0.1466598403655207,0.023067946595017694
3,7,6,False,4,Mirai,7,Web-Based,0.016011869534759877,0.03369179099669653,0.01899697711363963
3,7,6,False,5,Recon,0,Benign,0.5130484441413734,0.5606421387091255,0.5509907668848977
3,7,6,False,5,Recon,1,BruteForce,0.11391122145564184,0.02290869879456599,0.09011543323766241
3,7,6,False,5,Recon,2,DDoS,0.01627953515681409,0.028050051652984076,0.016106972093674496
3,7,6,False,5,Recon,3,DoS,0.011884985821122058,0.015333291459054469,0.017109256847176037
3,7,6,False,5,Recon,4,Mirai,0.27889844869906766,0.06891178975549128,0.26390925603396775
3,7,6,False,5,Recon,5,Recon,0.02887090332571248,0.11781330609245998,0.021926327482930004
3,7,6,False,5,Recon,6,Spoofing,0.019142202311473056,0.140675589593222,0.02141031593412912
3,7,6,False,5,Recon,7,Web-Based,0.01796425908879548,0.0456651339430968,0.018431671485562504
3,7,6,False,6,Spoofing,0,Benign,0.5520935891039516,0.5501659416602996,0.5722564450249433
3,7,6,False,6,Spoofing,1,BruteForce,0.08992084924709015,0.019011317612100148,0.07727738156114235
3,7,6,False,6,Spoofing,2,DDoS,0.01426843760916185,0.02668322704751277,0.015961065555623852
3,7,6,False,6,Spoofing,3,DoS,0.012995771743262928,0.01813030902152279,0.022689613214819104
3,7,6,False,6,Spoofing,4,Mirai,0.2736804262087662,0.0685667049310544,0.24887078924955303
3,7,6,False,6,Spoofing,5,Recon,0.022845780302902113,0.09551482287495401,0.022035615872665556
3,7,6,False,6,Spoofing,6,Spoofing,0.018960782299331243,0.18452964514294318,0.02284910776184445
3,7,6,False,6,Spoofing,7,Web-Based,0.015234363485533847,0.037398031709612985,0.018059981759408525
3,7,6,False,7,Web-Based,0,Benign,0.522205651134942,0.5769443621428678,0.5609395277659274
3,7,6,False,7,Web-Based,1,BruteForce,0.09184171149862465,0.018972929358620674,0.07921245055040718
3,7,6,False,7,Web-Based,2,DDoS,0.015098212296507697,0.029576316578003022,0.015868369367134656
3,7,6,False,7,Web-Based,3,DoS,0.012570461303381086,0.01794480217146088,0.01910009004611149
3,7,6,False,7,Web-Based,4,Mirai,0.3027460291645205,0.07941939719199233,0.26386166570437647
3,7,6,False,7,Web-Based,5,Recon,0.021526251828561067,0.08755437607494951,0.021529987987394403
3,7,6,False,7,Web-Based,6,Spoofing,0.01818625480781916,0.15286795120673807,0.021505235588405395
3,7,6,False,7,Web-Based,7,Web-Based,0.01582542796564386,0.03671986527536778,0.01798267299024312
3,7,7,True,0,Benign,0,Benign,0.5317067514970332,0.5665635975965543,0.19006200738381201
3,7,7,True,0,Benign,1,BruteForce,0.013363942090773184,0.016899627068091425,0.020224434467362364
3,7,7,True,0,Benign,2,DDoS,0.18510817537886254,0.05000616556262618,0.20766379600834892
3,7,7,True,0,Benign,3,DoS,0.015286464818217757,0.024913084165882973,0.04935550501832602
3,7,7,True,0,Benign,4,Mirai,0.03785249743188396,0.06526181863481019,0.09394680506887805
3,7,7,True,0,Benign,5,Recon,0.033640939201885836,0.08873613012871322,0.07136452125495582
3,7,7,True,0,Benign,6,Spoofing,0.13962628585844633,0.15449340230930297,0.2804892911367035
3,7,7,True,0,Benign,7,Web-Based,0.04341494372289738,0.0331261745340189,0.08689363966161333
3,7,7,True,1,BruteForce,0,Benign,0.5168579424666018,0.5657019715402684,0.20138525146779418
3,7,7,True,1,BruteForce,1,BruteForce,0.01722938064433098,0.023220084862478688,0.023224710183203334
3,7,7,True,1,BruteForce,2,DDoS,0.1623758015211373,0.030570074904154892,0.1650994376929682
3,7,7,True,1,BruteForce,3,DoS,0.007769365462978853,0.012945371187220884,0.014715253464496572
3,7,7,True,1,BruteForce,4,Mirai,0.04225377363318321,0.07961415016331565,0.10716327689430788
3,7,7,True,1,BruteForce,5,Recon,0.03460426032377438,0.08891830640366703,0.0822597277055845
3,7,7,True,1,BruteForce,6,Spoofing,0.15905812753648563,0.1533223877493581,0.2848892311519902
3,7,7,True,1,BruteForce,7,Web-Based,0.05985134841150784,0.045707653189536526,0.12126311143965526
3,7,7,True,2,DDoS,0,Benign,0.4245023641839945,0.202648165995333,0.06315789945901491
3,7,7,True,2,DDoS,1,BruteForce,0.010489412224086114,0.014366230305068754,0.01467582121846028
3,7,7,True,2,DDoS,2,DDoS,0.40768013687183213,0.5689333607247253,0.6790982590583068
3,7,7,True,2,DDoS,3,DoS,0.01447526559454092,0.02520805838865985,0.029915301785297034
3,7,7,True,2,DDoS,4,Mirai,0.024464763316791153,0.04121860857000729,0.03756973610451343
3,7,7,True,2,DDoS,5,Recon,0.031258552198864836,0.06344700772097588,0.05053802204661384
3,7,7,True,2,DDoS,6,Spoofing,0.05529061897102811,0.0562967339569204,0.08448000842134977
3,7,7,True,2,DDoS,7,Web-Based,0.03183888663886215,0.027881834338309448,0.04056495190644393
3,7,7,True,3,DoS,0,Benign,0.4225372256451505,0.13098499537380542,0.04972260344618292
3,7,7,True,3,DoS,1,BruteForce,0.008715988379039743,0.013829944241762562,0.014356442331074746
3,7,7,True,3,DoS,2,DDoS,0.18016352562975432,0.1429377264303473,0.28075649353886467
3,7,7,True,3,DoS,3,DoS,0.27035181365229655,0.5400192185466124,0.4207169080753143
3,7,7,True,3,DoS,4,Mirai,0.016462426300693975,0.03018864218543535,0.03285208901325873
3,7,7,True,3,DoS,5,Recon,0.02674283599807023,0.044163032436345645,0.039216064908022354
3,7,7,True,3,DoS,6,Spoofing,0.05254026521724108,0.07495754153065298,0.13078423904227499
3,7,7,True,3,DoS,7,Web-Based,0.022485919177753742,0.022918899255038337,0.031595159645007344
3,7,7,True,4,Mirai,0,Benign,0.5179076942823584,0.527010497302046,0.1855650372380019
3,7,7,True,4,Mirai,1,BruteForce,0.015394825456937053,0.018592866361418874,0.022131127290195243
3,7,7,True,4,Mirai,2,DDoS,0.19508738853023072,0.0543803408768597,0.20587021305424594
3,7,7,True,4,Mirai,3,DoS,0.010841153401946895,0.019749900671692553,0.04262696000184756
3,7,7,True,4,Mirai,4,Mirai,0.04776005732283356,0.1294034329596931,0.11111783965601191
3,7,7,True,4,Mirai,5,Recon,0.029552146600463347,0.07051133046607258,0.06175273355281833
3,7,7,True,4,Mirai,6,Spoofing,0.13750512405608556,0.1466598403655207,0.2815399875187624
3,7,7,True,4,Mirai,7,Web-Based,0.04595161034914458,0.03369179099669653,0.08939610168811668
3,7,7,True,5,Recon,0,Benign,0.5198428504037302,0.5606421387091255,0.20421495942813525
3,7,7,True,5,Recon,1,BruteForce,0.016709408663976768,0.02290869879456599,0.02279085271920141
3,7,7,True,5,Recon,2,DDoS,0.15799519409944754,0.028050051652984076,0.16167187425190818
3,7,7,True,5,Recon,3,DoS,0.007733747613003105,0.015333291459054469,0.014778713606031838
3,7,7,True,5,Recon,4,Mirai,0.040169607699069514,0.06891178975549128,0.10613234379293926
3,7,7,True,5,Recon,5,Recon,0.04164010071536751,0.11781330609245998,0.0971590489943933
3,7,7,True,5,Recon,6,Spoofing,0.1510783068979976,0.140675589593222,0.26555285526483596
3,7,7,True,5,Recon,7,Web-Based,0.06483078390740778,0.0456651339430968,0.1276993519425549
3,7,7,True,6,Spoofing,0,Benign,0.5344252507638095,0.5501659416602996,0.20661552026824628
3,7,7,True,6,Spoofing,1,BruteForce,0.01434032715896111,0.019011317612100148,0.02085801698794803
3,7,7,True,6,Spoofing,2,DDoS,0.1467491595189582,0.02668322704751277,0.15493616800557497
3,7,7,True,6,Spoofing,3,DoS,0.011574343207970433,0.01813030902152279,0.03847082851679906
3,7,7,True,6,Spoofing,4,Mirai,0.040023950820784894,0.0685667049310544,0.09757837906788357
3,7,7,True,6,Spoofing,5,Recon,0.03421483741304603,0.09551482287495401,0.07102919801651751
3,7,7,True,6,Spoofing,6,Spoofing,0.17174104735123413,0.18452964514294318,0.31579709415252577
3,7,7,True,6,Spoofing,7,Web-Based,0.046931083765235505,0.037398031709612985,0.09471479498450491
3,7,7,True,7,Web-Based,0,Benign,0.5346453088894112,0.5769443621428678,0.21226598187081436
3,7,7,True,7,Web-Based,1,BruteForce,0.015128471184200848,0.018972929358620674,0.02228738722789408
3,7,7,True,7,Web-Based,2,DDoS,0.1697704606568216,0.029576316578003022,0.16766626934633372
3,7,7,True,7,Web-Based,3,DoS,0.009972134944191646,0.01794480217146088,0.027573497704502545
3,7,7,True,7,Web-Based,4,Mirai,0.0422688324613637,0.07941939719199233,0.10738614640901221
3,7,7,True,7,Web-Based,5,Recon,0.03319744698801341,0.08755437607494951,0.07409610225798595
3,7,7,True,7,Web-Based,6,Spoofing,0.14534917738693623,0.15286795120673807,0.2845562635929751
3,7,7,True,7,Web-Based,7,Web-Based,0.04966816748906147,0.03671986527536778,0.10416835159048211
3,7,8,True,0,Benign,0,Benign,0.4558684347923595,0.5665635975965543,0.021810950269315753
3,7,8,True,0,Benign,1,BruteForce,0.008319578446826861,0.016899627068091425,0.01600275761022942
3,7,8,True,0,Benign,2,DDoS,0.030856534267577552,0.05000616556262618,0.050527097056081015
3,7,8,True,0,Benign,3,DoS,0.020658051986898393,0.024913084165882973,0.05542896077987327
3,7,8,True,0,Benign,4,Mirai,0.021615719253900115,0.06526181863481019,0.027866015471993612
3,7,8,True,0,Benign,5,Recon,0.025289280878412135,0.08873613012871322,0.04699553559445888
3,7,8,True,0,Benign,6,Spoofing,0.4275229278422178,0.15449340230930297,0.7650206642692088
3,7,8,True,0,Benign,7,Web-Based,0.009869472531807703,0.0331261745340189,0.016348018948839253
3,7,8,True,1,BruteForce,0,Benign,0.41780291702548283,0.5657019715402684,0.020994355746090623
3,7,8,True,1,BruteForce,1,BruteForce,0.009188627096462522,0.023220084862478688,0.015058484264763593
3,7,8,True,1,BruteForce,2,DDoS,0.02295629042392375,0.030570074904154892,0.02431701420126772
3,7,8,True,1,BruteForce,3,DoS,0.014926969468903355,0.012945371187220884,0.02464133151018529
3,7,8,True,1,BruteForce,4,Mirai,0.022341501165043357,0.07961415016331565,0.02698844641413626
3,7,8,True,1,BruteForce,5,Recon,0.022184081150049266,0.08891830640366703,0.046872993604331455
3,7,8,True,1,BruteForce,6,Spoofing,0.4809976109130761,0.1533223877493581,0.8257479406982378
3,7,8,True,1,BruteForce,7,Web-Based,0.009602002757058928,0.045707653189536526,0.015379433560987312
3,7,8,True,2,DDoS,0,Benign,0.4757120129480147,0.202648165995333,0.013699868902236085
3,7,8,True,2,DDoS,1,BruteForce,0.009772124655791248,0.014366230305068754,0.014559939928850532
3,7,8,True,2,DDoS,2,DDoS,0.24564344302781987,0.5689333607247253,0.5753435733898703
3,7,8,True,2,DDoS,3,DoS,0.021069861394315655,0.02520805838865985,0.0355672073720021
3,7,8,True,2,DDoS,4,Mirai,0.019351526904572577,0.04121860857000729,0.019524713804311238
3,7,8,True,2,DDoS,5,Recon,0.030783434308267306,0.06344700772097588,0.05250824397314719
3,7,8,True,2,DDoS,6,Spoofing,0.1799736815956293,0.0562967339569204,0.27138072069535446
3,7,8,True,2,DDoS,7,Web-Based,0.01769391516558937,0.027881834338309448,0.01741573193422817
3,7,8,True,3,DoS,0,Benign,0.47953007893744587,0.13098499537380542,0.02032126727057418
3,7,8,True,3,DoS,1,BruteForce,0.008092159476125007,0.013829944241762562,0.019282406462451693
3,7,8,True,3,DoS,2,DDoS,0.05064470114642796,0.1429377264303473,0.12415177480900132
3,7,8,True,3,DoS,3,DoS,0.25202999975131707,0.5400192185466124,0.4087992067718717
3,7,8,True,3,DoS,4,Mirai,0.013628157746830119,0.03018864218543535,0.02217535269174612
3,7,8,True,3,DoS,5,Recon,0.02603243021809101,0.044163032436345645,0.03368676920989656
3,7,8,True,3,DoS,6,Spoofing,0.15865355794312225,0.07495754153065298,0.35526064203240554
3,7,8,True,3,DoS,7,Web-Based,0.011388914780640675,0.022918899255038337,0.016322580752052833
3,7,8,True,4,Mirai,0,Benign,0.4352798671348491,0.527010497302046,0.02087656950474786
3,7,8,True,4,Mirai,1,BruteForce,0.008825945343167121,0.018592866361418874,0.015983515560212366
3,7,8,True,4,Mirai,2,DDoS,0.026976776748650875,0.0543803408768597,0.038660112723592654
3,7,8,True,4,Mirai,3,DoS,0.017803551846697664,0.019749900671692553,0.04759563998341388
3,7,8,True,4,Mirai,4,Mirai,0.024589014554456105,0.1294034329596931,0.029070078330790852
3,7,8,True,4,Mirai,5,Recon,0.022309813188413997,0.07051133046607258,0.03957627185741308
3,7,8,True,4,Mirai,6,Spoofing,0.4549558212091248,0.1466598403655207,0.7936433695559995
3,7,8,True,4,Mirai,7,Web-Based,0.009259209974640307,0.03369179099669653,0.014594442483829661
3,7,8,True,5,Recon,0,Benign,0.4298810414566827,0.5606421387091255,0.021093264373103205
3,7,8,True,5,Recon,1,BruteForce,0.008878424092526654,0.02290869879456599,0.015407309782515434
3,7,8,True,5,Recon,2,DDoS,0.022140185287032123,0.028050051652984076,0.02369803646236753
3,7,8,True,5,Recon,3,DoS,0.01536874120442161,0.015333291459054469,0.024752002415600757
3,7,8,True,5,Recon,4,Mirai,0.020945802273606224,0.06891178975549128,0.026868550362366135
3,7,8,True,5,Recon,5,Recon,0.024821346533621943,0.11781330609245998,0.059178156633661286
3,7,8,True,5,Recon,6,Spoofing,0.46829920554057164,0.140675589593222,0.8130179254396086
3,7,8,True,5,Recon,7,Web-Based,0.009665253611537155,0.0456651339430968,0.01598475453077723
3,7,8,True,6,Spoofing,0,Benign,0.4344941584044933,0.5501659416602996,0.021448729478017604
3,7,8,True,6,Spoofing,1,BruteForce,0.008386606802454,0.019011317612100148,0.015531213899866482
3,7,8,True,6,Spoofing,2,DDoS,0.021823737153195143,0.02668322704751277,0.027829828961803867
3,7,8,True,6,Spoofing,3,DoS,0.01790196472526168,0.01813030902152279,0.04246184559115623
3,7,8,True,6,Spoofing,4,Mirai,0.021744809988522476,0.0685667049310544,0.027886377395837242
3,7,8,True,6,Spoofing,5,Recon,0.023881975682717365,0.09551482287495401,0.046378979112625535
3,7,8,True,6,Spoofing,6,Spoofing,0.46252150102935263,0.18452964514294318,0.8038997566766959
3,7,8,True,6,Spoofing,7,Web-Based,0.009245246214003513,0.037398031709612985,0.01456326888399722
3,7,8,True,7,Web-Based,0,Benign,0.43216040062144634,0.5769443621428678,0.021248320312265638
3,7,8,True,7,Web-Based,1,BruteForce,0.00866159139537514,0.018972929358620674,0.015286387545140516
3,7,8,True,7,Web-Based,2,DDoS,0.023526016921953163,0.029576316578003022,0.028256831669733275
3,7,8,True,7,Web-Based,3,DoS,0.015942175767581456,0.01794480217146088,0.027995043899772393
3,7,8,True,7,Web-Based,4,Mirai,0.022577815727514754,0.07941939719199233,0.02802592193319682
3,7,8,True,7,Web-Based,5,Recon,0.023040262241363043,0.08755437607494951,0.04640714133360993
3,7,8,True,7,Web-Based,6,Spoofing,0.46471884851805556,0.15286795120673807,0.8175646326095654
3,7,8,True,7,Web-Based,7,Web-Based,0.00937288880671064,0.03671986527536778,0.015215720696716032
3,7,9,False,0,Benign,0,Benign,0.25820174534253304,0.5665635975965543,0.21548333788446744
3,7,9,False,0,Benign,1,BruteForce,0.005532778668826669,0.016899627068091425,0.009296416774373529
3,7,9,False,0,Benign,2,DDoS,0.007785707684333903,0.05000616556262618,0.010623077642979628
3,7,9,False,0,Benign,3,DoS,0.004860121717911884,0.024913084165882973,0.008020236727995652
3,7,9,False,0,Benign,4,Mirai,0.474666965267783,0.06526181863481019,0.5178996677385564
3,7,9,False,0,Benign,5,Recon,0.151306861584582,0.08873613012871322,0.13611500058979864
3,7,9,False,0,Benign,6,Spoofing,0.0922735330351154,0.15449340230930297,0.09492459626863653
3,7,9,False,0,Benign,7,Web-Based,0.0053722866989140815,0.0331261745340189,0.007637666373192064
3,7,9,False,1,BruteForce,0,Benign,0.23235619009234434,0.5657019715402684,0.19610232092855845
3,7,9,False,1,BruteForce,1,BruteForce,0.0062514060690485925,0.023220084862478688,0.009509156089162493
3,7,9,False,1,BruteForce,2,DDoS,0.005368079187329403,0.030570074904154892,0.007933751693555117
3,7,9,False,1,BruteForce,3,DoS,0.0045788322019027685,0.012945371187220884,0.007543328941042238
3,7,9,False,1,BruteForce,4,Mirai,0.50658279086613,0.07961415016331565,0.5465504398070139
3,7,9,False,1,BruteForce,5,Recon,0.14910830239208975,0.08891830640366703,0.14077342918080463
3,7,9,False,1,BruteForce,6,Spoofing,0.09043911181864295,0.1533223877493581,0.08437531872018512
3,7,9,False,1,BruteForce,7,Web-Based,0.005315287372512216,0.045707653189536526,0.007212254639678165
3,7,9,False,2,DDoS,0,Benign,0.06471829295132182,0.202648165995333,0.06691000441191074
3,7,9,False,2,DDoS,1,BruteForce,0.0093526907504311,0.014366230305068754,0.016317505097980422
3,7,9,False,2,DDoS,2,DDoS,0.5864943657862202,0.5689333607247253,0.5021414576654377
3,7,9,False,2,DDoS,3,DoS,0.0067816872833616725,0.02520805838865985,0.012107688768286091
3,7,9,False,2,DDoS,4,Mirai,0.23790994790029074,0.04121860857000729,0.26844766819488186
3,7,9,False,2,DDoS,5,Recon,0.05308047711283718,0.06344700772097588,0.0631370766309359
3,7,9,False,2,DDoS,6,Spoofing,0.0327572004748818,0.0562967339569204,0.053672271088085595
3,7,9,False,2,DDoS,7,Web-Based,0.008905337740655585,0.027881834338309448,0.017266328142481795
3,7,9,False,3,DoS,0,Benign,0.06182865373638483,0.13098499537380542,0.06897483417857052
3,7,9,False,3,DoS,1,BruteForce,0.011803734423333387,0.013829944241762562,0.012342713245265646
3,7,9,False,3,DoS,2,DDoS,0.09622093952909948,0.1429377264303473,0.06354920168342658
3,7,9,False,3,DoS,3,DoS,0.15419190275013872,0.5400192185466124,0.012717725760159098
3,7,9,False,3,DoS,4,Mirai,0.3834313499990513,0.03018864218543535,0.6439872644043063
3,7,9,False,3,DoS,5,Recon,0.054274571139425604,0.044163032436345645,0.06291269630945055
3,7,9,False,3,DoS,6,Spoofing,0.22585449716660275,0.07495754153065298,0.12566497940791402
3,7,9,False,3,DoS,7,Web-Based,0.012394351255963878,0.022918899255038337,0.009850585010907234
3,7,9,False,4,Mirai,0,Benign,0.1743968614339879,0.527010497302046,0.1573233158549285
3,7,9,False,4,Mirai,1,BruteForce,0.004957452232803759,0.018592866361418874,0.008593220401158006
3,7,9,False,4,Mirai,2,DDoS,0.005716218322417696,0.0543803408768597,0.0077718640202395235
3,7,9,False,4,Mirai,3,DoS,0.004269103489519688,0.019749900671692553,0.007133873239263224
3,7,9,False,4,Mirai,4,Mirai,0.6903328642841272,0.1294034329596931,0.6741252208070134
3,7,9,False,4,Mirai,5,Recon,0.05815699559326135,0.07051133046607258,0.06992492982337814
3,7,9,False,4,Mirai,6,Spoofing,0.05805478971548527,0.1466598403655207,0.06874029873674141
3,7,9,False,4,Mirai,7,Web-Based,0.0041157149283972735,0.03369179099669653,0.0063872771172776436
3,7,9,False,5,Recon,0,Benign,0.22728352042740171,0.5606421387091255,0.19677009728360387
3,7,9,False,5,Recon,1,BruteForce,0.006105159365020112,0.02290869879456599,0.009727646911004723
3,7,9,False,5,Recon,2,DDoS,0.005166924878157733,0.028050051652984076,0.00802319202347638
3,7,9,False,5,Recon,3,DoS,0.004456968657967219,0.015333291459054469,0.007357548666432739
3,7,9,False,5,Recon,4,Mirai,0.39442566907345256,0.06891178975549128,0.4674154179724856
3,7,9,False,5,Recon,5,Recon,0.2696354398675974,0.11781330609245998,0.21991341741126344
3,7,9,False,5,Recon,6,Spoofing,0.08744087374146695,0.140675589593222,0.0833727013453144
3,7,9,False,5,Recon,7,Web-Based,0.0054854439889363985,0.0456651339430968,0.007419978386418905
3,7,9,False,6,Spoofing,0,Benign,0.23279543349761803,0.5501659416602996,0.2183978947074893
3,7,9,False,6,Spoofing,1,BruteForce,0.0059165017404765865,0.019011317612100148,0.009599091877394172
3,7,9,False,6,Spoofing,2,DDoS,0.005223799496807819,0.02668322704751277,0.008035744435393236
3,7,9,False,6,Spoofing,3,DoS,0.004421578806119369,0.01813030902152279,0.00762166671214706
3,7,9,False,6,Spoofing,4,Mirai,0.4573180091923345,0.0685667049310544,0.5021608219716335
3,7,9,False,6,Spoofing,5,Recon,0.16616136383854985,0.09551482287495401,0.1419491261204346
3,7,9,False,6,Spoofing,6,Spoofing,0.12296513282572939,0.18452964514294318,0.10474130642315685
3,7,9,False,6,Spoofing,7,Web-Based,0.005198180602364411,0.037398031709612985,0.007494347752351431
3,7,9,False,7,Web-Based,0,Benign,0.20924142210823107,0.5769443621428678,0.2040040398467659
3,7,9,False,7,Web-Based,1,BruteForce,0.005350651217092039,0.018972929358620674,0.008788214218631895
3,7,9,False,7,Web-Based,2,DDoS,0.005154907797754558,0.029576316578003022,0.007745187882031269
3,7,9,False,7,Web-Based,3,DoS,0.004400154244815094,0.01794480217146088,0.007102631447772487
3,7,9,False,7,Web-Based,4,Mirai,0.5725150036835672,0.07941939719199233,0.5701774190844833
3,7,9,False,7,Web-Based,5,Recon,0.1098973682476737,0.08755437607494951,0.11617961539210231
3,7,9,False,7,Web-Based,6,Spoofing,0.08878478337271194,0.15286795120673807,0.07919332141071314
3,7,9,False,7,Web-Based,7,Web-Based,0.00465570932815448,0.03671986527536778,0.006809570717499777
3,7,10,True,0,Benign,0,Benign,0.38843409347803015,0.5665635975965543,0.020456815118005726
3,7,10,True,0,Benign,1,BruteForce,0.017066767523490307,0.016899627068091425,0.025362824001889907
3,7,10,True,0,Benign,2,DDoS,0.05411592239975244,0.05000616556262618,0.06891660958467899
3,7,10,True,0,Benign,3,DoS,0.009489630237815438,0.024913084165882973,0.03467179823695802
3,7,10,True,0,Benign,4,Mirai,0.04380011610440112,0.06526181863481019,0.05513886759449659
3,7,10,True,0,Benign,5,Recon,0.06824331186540723,0.08873613012871322,0.11834082118703289
3,7,10,True,0,Benign,6,Spoofing,0.20184802562959317,0.15449340230930297,0.37251161444029873
3,7,10,True,0,Benign,7,Web-Based,0.21700213276151012,0.0331261745340189,0.3046006498366391
3,7,10,True,1,BruteForce,0,Benign,0.33501761666337904,0.5657019715402684,0.020988861261716514
3,7,10,True,1,BruteForce,1,BruteForce,0.02151226866016093,0.023220084862478688,0.02615709495038076
3,7,10,True,1,BruteForce,2,DDoS,0.044716876235218334,0.030570074904154892,0.04277074783899668
3,7,10,True,1,BruteForce,3,DoS,0.007143077986511289,0.012945371187220884,0.021238431213113963
3,7,10,True,1,BruteForce,4,Mirai,0.04741181727918069,0.07961415016331565,0.05713210760192411
3,7,10,True,1,BruteForce,5,Recon,0.06896911763371086,0.08891830640366703,0.1165002425448673
3,7,10,True,1,BruteForce,6,Spoofing,0.19851435829227926,0.1533223877493581,0.33102727944172206
3,7,10,True,1,BruteForce,7,Web-Based,0.27671486724955974,0.045707653189536526,0.38418523514727854
3,7,10,True,2,DDoS,0,Benign,0.4029663288799872,0.202648165995333,0.010980066183506092
3,7,10,True,2,DDoS,1,BruteForce,0.012067103665489388,0.014366230305068754,0.017406205555134648
3,7,10,True,2,DDoS,2,DDoS,0.3009692472752375,0.5689333607247253,0.6034535978310002
3,7,10,True,2,DDoS,3,DoS,0.012903337969748923,0.02520805838865985,0.021922370333882838
3,7,10,True,2,DDoS,4,Mirai,0.028822267879478548,0.04121860857000729,0.02754543409878271
3,7,10,True,2,DDoS,5,Recon,0.04635068623581289,0.06344700772097588,0.06310723677827348
3,7,10,True,2,DDoS,6,Spoofing,0.08641327812915471,0.0562967339569204,0.13465529117099515
3,7,10,True,2,DDoS,7,Web-Based,0.1095077499650909,0.027881834338309448,0.12092979804842495
3,7,10,True,3,DoS,0,Benign,0.43540415045030534,0.13098499537380542,0.01671315907603769
3,7,10,True,3,DoS,1,BruteForce,0.010351243495626111,0.013829944241762562,0.023163585366859422
3,7,10,True,3,DoS,2,DDoS,0.0940176193611629,0.1429377264303473,0.18621460147163402
3,7,10,True,3,DoS,3,DoS,0.2374842163621604,0.5400192185466124,0.3344092985388754
3,7,10,True,3,DoS,4,Mirai,0.02040671721373426,0.03018864218543535,0.03300922919894304
3,7,10,True,3,DoS,5,Recon,0.038973418996839905,0.044163032436345645,0.0737278156823062
3,7,10,True,3,DoS,6,Spoofing,0.08665618530834127,0.07495754153065298,0.22815642465188124
3,7,10,True,3,DoS,7,Web-Based,0.07670644881182988,0.022918899255038337,0.10460588601346293
3,7,10,True,4,Mirai,0,Benign,0.3710505856839573,0.527010497302046,0.0200071284462001
3,7,10,True,4,Mirai,1,BruteForce,0.01935145839742405,0.018592866361418874,0.02647323222019778
3,7,10,True,4,Mirai,2,DDoS,0.05561745514801257,0.0543803408768597,0.061520798007315206
3,7,10,True,4,Mirai,3,DoS,0.008254032845035281,0.019749900671692553,0.03153725520246945
3,7,10,True,4,Mirai,4,Mirai,0.05713478912805134,0.1294034329596931,0.06240354170747467
3,7,10,True,4,Mirai,5,Recon,0.05826911846076538,0.07051133046607258,0.10017089846354328
3,7,10,True,4,Mirai,6,Spoofing,0.2120774202809571,0.1466598403655207,0.3761678110176306
3,7,10,True,4,Mirai,7,Web-Based,0.21824514005579698,0.03369179099669653,0.32171933493516897
3,7,10,True,5,Recon,0,Benign,0.33342255555409067,0.5606421387091255,0.020775755109562383
3,7,10,True,5,Recon,1,BruteForce,0.02066247139705883,0.02290869879456599,0.026576879637062505
3,7,10,True,5,Recon,2,DDoS,0.04314453642777019,0.028050051652984076,0.04003553730748289
3,7,10,True,5,Recon,3,DoS,0.007175753936470629,0.015333291459054469,0.021804129766206416
3,7,10,True,5,Recon,4,Mirai,0.042293355555739404,0.06891178975549128,0.05562173182493079
3,7,10,True,5,Recon,5,Recon,0.08100744057252758,0.11781330609245998,0.13275841133322416
3,7,10,True,5,Recon,6,Spoofing,0.18147426599719052,0.140675589593222,0.32143570977265257
3,7,10,True,5,Recon,7,Web-Based,0.2908196205591523,0.0456651339430968,0.3809918452488783
3,7,10,True,6,Spoofing,0,Benign,0.35988785728613726,0.5501659416602996,0.0217800568925602
3,7,10,True,6,Spoofing,1,BruteForce,0.0180614497792277,0.019011317612100148,0.024816041360451055
3,7,10,True,6,Spoofing,2,DDoS,0.04121480659758065,0.02668322704751277,0.042080586224577554
3,7,10,True,6,Spoofing,3,DoS,0.007704194230803415,0.01813030902152279,0.027382275894432356
3,7,10,True,6,Spoofing,4,Mirai,0.04401493494945552,0.0685667049310544,0.05461894290959598
3,7,10,True,6,Spoofing,5,Recon,0.07293916461881655,0.09551482287495401,0.12076925583389725
3,7,10,True,6,Spoofing,6,Spoofing,0.21883621857829438,0.18452964514294318,0.3860480864623868
3,7,10,True,6,Spoofing,7,Web-Based,0.23734137395968447,0.037398031709612985,0.3225047544220988
3,7,10,True,7,Web-Based,0,Benign,0.3525725971498897,0.5769443621428678,0.02160899105266745
3,7,10,True,7,Web-Based,1,BruteForce,0.0197110870909648,0.018972929358620674,0.02580516611001295
3,7,10,True,7,Web-Based,2,DDoS,0.04585416800990078,0.029576316578003022,0.04497421792879827
3,7,10,True,7,Web-Based,3,DoS,0.00719800647295915,0.01794480217146088,0.022280303266128173
3,7,10,True,7,Web-Based,4,Mirai,0.048796555533405374,0.07941939719199233,0.06012807092492322
3,7,10,True,7,Web-Based,5,Recon,0.06900596775423078,0.08755437607494951,0.11465816596375036
3,7,10,True,7,Web-Based,6,Spoofing,0.2025608873956439,0.15286795120673807,0.3503181976069156
3,7,10,True,7,Web-Based,7,Web-Based,0.25430073059300556,0.03671986527536778,0.36022688714680395
3,7,11,False,0,Benign,0,Benign,0.5224455630664218,0.5665635975965543,0.47344337987932344
3,7,11,False,0,Benign,1,BruteForce,0.005976364733468268,0.016899627068091425,0.011146288854414148
3,7,11,False,0,Benign,2,DDoS,0.005660561431716303,0.05000616556262618,0.009687025811638212
3,7,11,False,0,Benign,3,DoS,0.008794581872009318,0.024913084165882973,0.025192573133213474
3,7,11,False,0,Benign,4,Mirai,0.06732053979455757,0.06526181863481019,0.0755225341248627
3,7,11,False,0,Benign,5,Recon,0.13050843513069238,0.08873613012871322,0.1313032708830428
3,7,11,False,0,Benign,6,Spoofing,0.2532072565797017,0.15449340230930297,0.2650792067890557
3,7,11,False,0,Benign,7,Web-Based,0.006086697391432616,0.0331261745340189,0.008625720524449463
3,7,11,False,1,BruteForce,0,Benign,0.470702713432356,0.5657019715402684,0.4787329953353256
3,7,11,False,1,BruteForce,1,BruteForce,0.0074687395761397005,0.023220084862478688,0.012191232034020569
3,7,11,False,1,BruteForce,2,DDoS,0.00510090443211133,0.030570074904154892,0.008843146455897974
3,7,11,False,1,BruteForce,3,DoS,0.00536984001340991,0.012945371187220884,0.008746682886162885
3,7,11,False,1,BruteForce,4,Mirai,0.0861380448316914,0.07961415016331565,0.08188282129894102
3,7,11,False,1,BruteForce,5,Recon,0.15167405060365338,0.08891830640366703,0.13101498053668761
3,7,11,False,1,BruteForce,6,Spoofing,0.26674293038616853,0.1533223877493581,0.269580061447951
3,7,11,False,1,BruteForce,7,Web-Based,0.006802776724469728,0.045707653189536526,0.00900808000501328
3,7,11,False,2,DDoS,0,Benign,0.16382747449384077,0.202648165995333,0.27401982043714707
3,7,11,False,2,DDoS,1,BruteForce,0.011821005061343754,0.014366230305068754,0.014512982552416896
3,7,11,False,2,DDoS,2,DDoS,0.45785463901287266,0.5689333607247253,0.19898017686953826
3,7,11,False,2,DDoS,3,DoS,0.02753342306902543,0.02520805838865985,0.04649153550851696
3,7,11,False,2,DDoS,4,Mirai,0.12148714145670518,0.04121860857000729,0.07936742157051838
3,7,11,False,2,DDoS,5,Recon,0.06900686085605497,0.06344700772097588,0.10151691949519943
3,7,11,False,2,DDoS,6,Spoofing,0.13793762470903229,0.0562967339569204,0.27231829590891415
3,7,11,False,2,DDoS,7,Web-Based,0.01053183134112494,0.027881834338309448,0.012792847657748772
3,7,11,False,3,DoS,0,Benign,0.05797252095501007,0.13098499537380542,0.09628665620705615
3,7,11,False,3,DoS,1,BruteForce,0.007827818916377086,0.013829944241762562,0.012209182401874517
3,7,11,False,3,DoS,2,DDoS,0.014415572476247241,0.1429377264303473,0.01498853043318686
3,7,11,False,3,DoS,3,DoS,0.6627055338842314,0.5400192185466124,0.5188477070716633
3,7,11,False,3,DoS,4,Mirai,0.03188242337213958,0.03018864218543535,0.05715616701225084
3,7,11,False,3,DoS,5,Recon,0.027940253210822906,0.044163032436345645,0.04264760820100689
3,7,11,False,3,DoS,6,Spoofing,0.1902875140738876,0.07495754153065298,0.24874501932390028
3,7,11,False,3,DoS,7,Web-Based,0.006968363111284197,0.022918899255038337,0.00911912934906115
3,7,11,False,4,Mirai,0,Benign,0.46481950122972565,0.527010497302046,0.45217242285881204
3,7,11,False,4,Mirai,1,BruteForce,0.007569358743338993,0.018592866361418874,0.01219060804833515
3,7,11,False,4,Mirai,2,DDoS,0.005899129163394926,0.0543803408768597,0.009400728795405043
3,7,11,False,4,Mirai,3,DoS,0.008775582851722327,0.019749900671692553,0.021452682420140607
3,7,11,False,4,Mirai,4,Mirai,0.16622354324501779,0.1294034329596931,0.1092350789906522
3,7,11,False,4,Mirai,5,Recon,0.08170240319222347,0.07051133046607258,0.09302419038384412
3,7,11,False,4,Mirai,6,Spoofing,0.25877531668196896,0.1466598403655207,0.2940589909264818
3,7,11,False,4,Mirai,7,Web-Based,0.006235164892607798,0.03369179099669653,0.008465297576329007
3,7,11,False,5,Recon,0,Benign,0.43905160691813006,0.5606421387091255,0.46622386775748786
3,7,11,False,5,Recon,1,BruteForce,0.006258521846263967,0.02290869879456599,0.01191817721515381
3,7,11,False,5,Recon,2,DDoS,0.004635569503004236,0.028050051652984076,0.008353818531332633
3,7,11,False,5,Recon,3,DoS,0.004279773780334113,0.015333291459054469,0.007904320787992756
3,7,11,False,5,Recon,4,Mirai,0.05485155187085347,0.06891178975549128,0.07108837788594703
3,7,11,False,5,Recon,5,Recon,0.2699545312421683,0.11781330609245998,0.19265422492335146
3,7,11,False,5,Recon,6,Spoofing,0.21377939943623656,0.140675589593222,0.23274702270435857
3,7,11,False,5,Recon,7,Web-Based,0.007189045403009381,0.0456651339430968,0.009110190194375856
3,7,11,False,6,Spoofing,0,Benign,0.45045197396018405,0.5501659416602996,0.4604096974036885
3,7,11,False,6,Spoofing,1,BruteForce,0.006431797149873061,0.019011317612100148,0.01174389977787997
3,7,11,False,6,Spoofing,2,DDoS,0.004923739258830895,0.02668322704751277,0.009105124378632574
3,7,11,False,6,Spoofing,3,DoS,0.00498080920386932,0.01813030902152279,0.010994779957706494
3,7,11,False,6,Spoofing,4,Mirai,0.05976847767390855,0.0685667049310544,0.07328568588822815
3,7,11,False,6,Spoofing,5,Recon,0.16215636907904118,0.09551482287495401,0.12598781128078118
3,7,11,False,6,Spoofing,6,Spoofing,0.3050692159070146,0.18452964514294318,0.2999916378923495
3,7,11,False,6,Spoofing,7,Web-Based,0.006217617767278206,0.037398031709612985,0.008481363420733726
3,7,11,False,7,Web-Based,0,Benign,0.5039728633676684,0.5769443621428678,0.5013232300528265
3,7,11,False,7,Web-Based,1,BruteForce,0.0067210716327419,0.018972929358620674,0.01157876764999637
3,7,11,False,7,Web-Based,2,DDoS,0.004962018499542318,0.029576316578003022,0.008736409527310971
3,7,11,False,7,Web-Based,3,DoS,0.005770914152274448,0.01794480217146088,0.012398572803571501
3,7,11,False,7,Web-Based,4,Mirai,0.08967233393574636,0.07941939719199233,0.08401642937910789
3,7,11,False,7,Web-Based,5,Recon,0.12816851741629828,0.08755437607494951,0.11429694186849251
3,7,11,False,7,Web-Based,6,Spoofing,0.2545386993774762,0.15286795120673807,0.2592160403690396
3,7,11,False,7,Web-Based,7,Web-Based,0.006193581618252138,0.03671986527536778,0.008433608349654592
3,7,12,False,0,Benign,0,Benign,0.02580117050886722,0.5665635975965543,0.024829597480377177
3,7,12,False,0,Benign,1,BruteForce,0.01484974700732859,0.016899627068091425,0.019545179814319358
3,7,12,False,0,Benign,2,DDoS,0.012461202734894365,0.05000616556262618,0.013966971909097016
3,7,12,False,0,Benign,3,DoS,0.048289846687328435,0.024913084165882973,0.09257783156464883
3,7,12,False,0,Benign,4,Mirai,0.5103782986130363,0.06526181863481019,0.5150751649724942
3,7,12,False,0,Benign,5,Recon,0.14047520507971115,0.08873613012871322,0.10670768132055145
3,7,12,False,0,Benign,6,Spoofing,0.19719762485213607,0.15449340230930297,0.18448119915060193
3,7,12,False,0,Benign,7,Web-Based,0.05054690451669792,0.0331261745340189,0.04281637378791012
3,7,12,False,1,BruteForce,0,Benign,0.02372067969425557,0.5657019715402684,0.023625438776656682
3,7,12,False,1,BruteForce,1,BruteForce,0.01866102583584917,0.023220084862478688,0.022419564548223626
3,7,12,False,1,BruteForce,2,DDoS,0.01278000262584793,0.030570074904154892,0.01381975131989612
3,7,12,False,1,BruteForce,3,DoS,0.01910472761882386,0.012945371187220884,0.028607414491510556
3,7,12,False,1,BruteForce,4,Mirai,0.5747283166503794,0.07961415016331565,0.5736013049919146
3,7,12,False,1,BruteForce,5,Recon,0.11362641743697711,0.08891830640366703,0.11170407683280431
3,7,12,False,1,BruteForce,6,Spoofing,0.16970190619560244,0.1533223877493581,0.1707439226238633
3,7,12,False,1,BruteForce,7,Web-Based,0.06767692394226463,0.045707653189536526,0.055478526415130736
3,7,12,False,2,DDoS,0,Benign,0.014873576572983186,0.202648165995333,0.01680089261063493
3,7,12,False,2,DDoS,1,BruteForce,0.016168064402403835,0.014366230305068754,0.01963444727675615
3,7,12,False,2,DDoS,2,DDoS,0.48509644567672944,0.5689333607247253,0.3179660452894085
3,7,12,False,2,DDoS,3,DoS,0.10126714614612906,0.02520805838865985,0.1258654534577975
3,7,12,False,2,DDoS,4,Mirai,0.22820059457610556,0.04121860857000729,0.29897650513183394
3,7,12,False,2,DDoS,5,Recon,0.06419577340143506,0.06344700772097588,0.0863940954868949
3,7,12,False,2,DDoS,6,Spoofing,0.059463273121032535,0.0562967339569204,0.09892638537775021
3,7,12,False,2,DDoS,7,Web-Based,0.030735126103181392,0.027881834338309448,0.035436175368923704
3,7,12,False,3,DoS,0,Benign,0.007887191765434499,0.13098499537380542,0.016726369208477445
3,7,12,False,3,DoS,1,BruteForce,0.007810774722563249,0.013829944241762562,0.011309717414880686
3,7,12,False,3,DoS,2,DDoS,0.01588719953304583,0.1429377264303473,0.01598929795440228
3,7,12,False,3,DoS,3,DoS,0.8427028332038412,0.5400192185466124,0.7515700510025561
3,7,12,False,3,DoS,4,Mirai,0.05397564210241475,0.03018864218543535,0.09491391062108127
3,7,12,False,3,DoS,5,Recon,0.024931323412684017,0.044163032436345645,0.031933265133675975
3,7,12,False,3,DoS,6,Spoofing,0.034464089825571045,0.07495754153065298,0.058155439238895094
3,7,12,False,3,DoS,7,Web-Based,0.012340945434445475,0.022918899255038337,0.019401949426031125
3,7,12,False,4,Mirai,0,Benign,0.021306125493436526,0.527010497302046,0.022483003606883073
3,7,12,False,4,Mirai,1,BruteForce,0.014318671116278815,0.018592866361418874,0.01970349502048425
3,7,12,False,4,Mirai,2,DDoS,0.012883566093142408,0.0543803408768597,0.013346202784025247
3,7,12,False,4,Mirai,3,DoS,0.02668732932644186,0.019749900671692553,0.056629723592162784
3,7,12,False,4,Mirai,4,Mirai,0.6721080002117322,0.1294034329596931,0.6230447034702109
3,7,12,False,4,Mirai,5,Recon,0.08514726041495618,0.07051133046607258,0.06890118413292659
3,7,12,False,4,Mirai,6,Spoofing,0.12615933729617543,0.1466598403655207,0.15646814339997697
3,7,12,False,4,Mirai,7,Web-Based,0.041389710047836585,0.03369179099669653,0.039423543993330284
3,7,12,False,5,Recon,0,Benign,0.02490508734317048,0.5606421387091255,0.02332659890335826
3,7,12,False,5,Recon,1,BruteForce,0.018834614362542575,0.02290869879456599,0.022141861595341858
3,7,12,False,5,Recon,2,DDoS,0.013032167900413576,0.028050051652984076,0.01330862680376723
3,7,12,False,5,Recon,3,DoS,0.021606550520815334,0.015333291459054469,0.031113531428126426
3,7,12,False,5,Recon,4,Mirai,0.5100064274563891,0.06891178975549128,0.5418403020321463
3,7,12,False,5,Recon,5,Recon,0.15988767680198998,0.11781330609245998,0.1482011301690765
3,7,12,False,5,Recon,6,Spoofing,0.17134618424176318,0.140675589593222,0.1616324043129359
3,7,12,False,5,Recon,7,Web-Based,0.08038129137291582,0.0456651339430968,0.05843554475524766
3,7,12,False,6,Spoofing,0,Benign,0.026940325419108537,0.5501659416602996,0.02587574317902584
3,7,12,False,6,Spoofing,1,BruteForce,0.016256453434874717,0.019011317612100148,0.021090653737591
3,7,12,False,6,Spoofing,2,DDoS,0.011822578911784601,0.02668322704751277,0.013597515965767248
3,7,12,False,6,Spoofing,3,DoS,0.02268717112234107,0.01813030902152279,0.06323612196470647
3,7,12,False,6,Spoofing,4,Mirai,0.48121525936510895,0.0685667049310544,0.5183303364393723
3,7,12,False,6,Spoofing,5,Recon,0.1593029641989309,0.09551482287495401,0.10751826190860643
3,7,12,False,6,Spoofing,6,Spoofing,0.22536066325890913,0.18452964514294318,0.20306662056597372
3,7,12,False,6,Spoofing,7,Web-Based,0.05641458428894208,0.037398031709612985,0.04728474623895696
3,7,12,False,7,Web-Based,0,Benign,0.025015108398818237,0.5769443621428678,0.023875346286280782
3,7,12,False,7,Web-Based,1,BruteForce,0.01588170282560978,0.018972929358620674,0.02053453382702186
3,7,12,False,7,Web-Based,2,DDoS,0.012302578098989944,0.029576316578003022,0.013278761077206812
3,7,12,False,7,Web-Based,3,DoS,0.028397925302005952,0.01794480217146088,0.04494010863094038
3,7,12,False,7,Web-Based,4,Mirai,0.5663938937048667,0.07941939719199233,0.567889218230176
3,7,12,False,7,Web-Based,5,Recon,0.12596944411601357,0.08755437607494951,0.1041776086671665
3,7,12,False,7,Web-Based,6,Spoofing,0.17061943782985645,0.15286795120673807,0.17625059201498833
3,7,12,False,7,Web-Based,7,Web-Based,0.055419909723839506,0.03671986527536778,0.04905383126621931
3,7,13,False,0,Benign,0,Benign,0.053889818923107465,0.5665635975965543,0.05749713651177938
3,7,13,False,0,Benign,1,BruteForce,0.1066029769437294,0.016899627068091425,0.10346369031267896
3,7,13,False,0,Benign,2,DDoS,0.0638804281527899,0.05000616556262618,0.05420476858207108
3,7,13,False,0,Benign,3,DoS,0.008079647045514298,0.024913084165882973,0.010058685551739062
3,7,13,False,0,Benign,4,Mirai,0.053419283114177395,0.06526181863481019,0.05116262246316639
3,7,13,False,0,Benign,5,Recon,0.39740217236363534,0.08873613012871322,0.4232803475807784
3,7,13,False,0,Benign,6,Spoofing,0.14321468420241107,0.15449340230930297,0.12261779034204671
3,7,13,False,0,Benign,7,Web-Based,0.17351098925463523,0.0331261745340189,0.17771495865574
3,7,13,False,1,BruteForce,0,Benign,0.0567291999097405,0.5657019715402684,0.05962613028406457
3,7,13,False,1,BruteForce,1,BruteForce,0.15200785708635603,0.023220084862478688,0.13009449341293977
3,7,13,False,1,BruteForce,2,DDoS,0.025340243202664463,0.030570074904154892,0.023042101435346983
3,7,13,False,1,BruteForce,3,DoS,0.008899004018323518,0.012945371187220884,0.010233785423284502
3,7,13,False,1,BruteForce,4,Mirai,0.06272663075031107,0.07961415016331565,0.057509494562634426
3,7,13,False,1,BruteForce,5,Recon,0.36219092647116125,0.08891830640366703,0.39457579767142514
3,7,13,False,1,BruteForce,6,Spoofing,0.12846111470512755,0.1533223877493581,0.11183157422043899
3,7,13,False,1,BruteForce,7,Web-Based,0.20364502385631558,0.045707653189536526,0.2130866229898656
3,7,13,False,2,DDoS,0,Benign,0.018352022087708766,0.202648165995333,0.022108211221356814
3,7,13,False,2,DDoS,1,BruteForce,0.04326597833682721,0.014366230305068754,0.04368157776738001
3,7,13,False,2,DDoS,2,DDoS,0.656548582840077,0.5689333607247253,0.6242929037878691
3,7,13,False,2,DDoS,3,DoS,0.005527401003585745,0.02520805838865985,0.008008187478934971
3,7,13,False,2,DDoS,4,Mirai,0.029153910726819752,0.04121860857000729,0.02785102017241448
3,7,13,False,2,DDoS,5,Recon,0.14006464112256872,0.06344700772097588,0.15364215292644115
3,7,13,False,2,DDoS,6,Spoofing,0.05078410840833089,0.0562967339569204,0.0538612070837752
3,7,13,False,2,DDoS,7,Web-Based,0.05630335547408199,0.027881834338309448,0.06655473956182839
3,7,13,False,3,DoS,0,Benign,0.017763618698515123,0.13098499537380542,0.02320974683030107
3,7,13,False,3,DoS,1,BruteForce,0.07650910662263768,0.013829944241762562,0.0629421704006566
3,7,13,False,3,DoS,2,DDoS,0.33391092139206646,0.1429377264303473,0.26833510634125607
3,7,13,False,3,DoS,3,DoS,0.11836979402695047,0.5400192185466124,0.027305466423663383
3,7,13,False,3,DoS,4,Mirai,0.08350916931128062,0.03018864218543535,0.049466134721277547
3,7,13,False,3,DoS,5,Recon,0.14044564580894275,0.044163032436345645,0.327906373727517
3,7,13,False,3,DoS,6,Spoofing,0.17187304550702545,0.07495754153065298,0.14732729744242198
3,7,13,False,3,DoS,7,Web-Based,0.05761869863258146,0.022918899255038337,0.09350770411290636
3,7,13,False,4,Mirai,0,Benign,0.05790330255745122,0.527010497302046,0.06100162194324706
3,7,13,False,4,Mirai,1,BruteForce,0.13635123607096009,0.018592866361418874,0.12361646903270689
3,7,13,False,4,Mirai,2,DDoS,0.06190089686143104,0.0543803408768597,0.05326710468157676
3,7,13,False,4,Mirai,3,DoS,0.009221468557608916,0.019749900671692553,0.01084868097819182
3,7,13,False,4,Mirai,4,Mirai,0.1042985435247445,0.1294034329596931,0.06609670227560022
3,7,13,False,4,Mirai,5,Recon,0.312167163948481,0.07051133046607258,0.3633896833909897
3,7,13,False,4,Mirai,6,Spoofing,0.14513031825694903,0.1466598403655207,0.1324760997167731
3,7,13,False,4,Mirai,7,Web-Based,0.1730270702223742,0.03369179099669653,0.1893036379809144
3,7,13,False,5,Recon,0,Benign,0.05331851155472809,0.5606421387091255,0.05763777940526026
3,7,13,False,5,Recon,1,BruteForce,0.13564211545034607,0.02290869879456599,0.12702375741754868
3,7,13,False,5,Recon,2,DDoS,0.022063117326852816,0.028050051652984076,0.02078358976432743
3,7,13,False,5,Recon,3,DoS,0.008618914705805959,0.015333291459054469,0.010235010424116757
3,7,13,False,5,Recon,4,Mirai,0.056371625326476965,0.06891178975549128,0.05467545999037426
3,7,13,False,5,Recon,5,Recon,0.4159116658828192,0.11781330609245998,0.42425674886292136
3,7,13,False,5,Recon,6,Spoofing,0.11901926155439652,0.140675589593222,0.10626563807496904
3,7,13,False,5,Recon,7,Web-Based,0.18905478819857455,0.0456651339430968,0.19912201606048222
3,7,13,False,6,Spoofing,0,Benign,0.05362381713315528,0.5501659416602996,0.05754445650590263
3,7,13,False,6,Spoofing,1,BruteForce,0.11301761549559736,0.019011317612100148,0.10679050974322954
3,7,13,False,6,Spoofing,2,DDoS,0.021120200777157774,0.02668322704751277,0.021396456900998756
3,7,13,False,6,Spoofing,3,DoS,0.007500168868358716,0.01813030902152279,0.009602884911103072
3,7,13,False,6,Spoofing,4,Mirai,0.052538421937469014,0.0685667049310544,0.04978328944499645
3,7,13,False,6,Spoofing,5,Recon,0.42056273165179653,0.09551482287495401,0.43796047668096205
3,7,13,False,6,Spoofing,6,Spoofing,0.15129689173234498,0.18452964514294318,0.12709461043174292
3,7,13,False,6,Spoofing,7,Web-Based,0.1803401524041204,0.037398031709612985,0.18982731538106454
3,7,13,False,7,Web-Based,0,Benign,0.058547287466712804,0.5769443621428678,0.06181210808361252
3,7,13,False,7,Web-Based,1,BruteForce,0.12527741925744887,0.018972929358620674,0.12019837791274723
3,7,13,False,7,Web-Based,2,DDoS,0.02487002925717885,0.029576316578003022,0.02480355769524339
3,7,13,False,7,Web-Based,3,DoS,0.008162725740011298,0.01794480217146088,0.01011574249907625
3,7,13,False,7,Web-Based,4,Mirai,0.06281983404116152,0.07941939719199233,0.05694971014100658
3,7,13,False,7,Web-Based,5,Recon,0.3908963033253415,0.08755437607494951,0.40772439383732884
3,7,13,False,7,Web-Based,6,Spoofing,0.13578072131266003,0.15286795120673807,0.11785679969935357
3,7,13,False,7,Web-Based,7,Web-Based,0.19364567959948517,0.03671986527536778,0.20053931013163157
3,7,14,True,0,Benign,0,Benign,0.5882115173121552,0.5665635975965543,0.17159013702518777
3,7,14,True,0,Benign,1,BruteForce,0.03324177458787564,0.016899627068091425,0.09262206067163273
3,7,14,True,0,Benign,2,DDoS,0.10825211987949417,0.05000616556262618,0.1392793600444297
3,7,14,True,0,Benign,3,DoS,0.02192032684755183,0.024913084165882973,0.07997898194732465
3,7,14,True,0,Benign,4,Mirai,0.0472097176153634,0.06526181863481019,0.12650162575579732
3,7,14,True,0,Benign,5,Recon,0.0733257008064835,0.08873613012871322,0.16133526539859752
3,7,14,True,0,Benign,6,Spoofing,0.02707543364587093,0.15449340230930297,0.030463576898599198
3,7,14,True,0,Benign,7,Web-Based,0.10076340930520547,0.0331261745340189,0.19822899225843124
3,7,14,True,1,BruteForce,0,Benign,0.5350777507066508,0.5657019715402684,0.15981827942829963
3,7,14,True,1,BruteForce,1,BruteForce,0.05190456484812354,0.023220084862478688,0.11919736472531471
3,7,14,True,1,BruteForce,2,DDoS,0.09886836928723698,0.030570074904154892,0.09586325445684236
3,7,14,True,1,BruteForce,3,DoS,0.010694702351222714,0.012945371187220884,0.02750298718461047
3,7,14,True,1,BruteForce,4,Mirai,0.06003732661447223,0.07961415016331565,0.14991398389204302
3,7,14,True,1,BruteForce,5,Recon,0.0715096345024282,0.08891830640366703,0.15367004774690482
3,7,14,True,1,BruteForce,6,Spoofing,0.031530580154886696,0.1533223877493581,0.03172333368558744
3,7,14,True,1,BruteForce,7,Web-Based,0.14037707153497878,0.045707653189536526,0.2623107488803975
3,7,14,True,2,DDoS,0,Benign,0.4665768744861805,0.202648165995333,0.053017600927377284
3,7,14,True,2,DDoS,1,BruteForce,0.019185654404436737,0.014366230305068754,0.03997535117079434
3,7,14,True,2,DDoS,2,DDoS,0.32776755758860254,0.5689333607247253,0.6360894442448033
3,7,14,True,2,DDoS,3,DoS,0.02329809230685799,0.02520805838865985,0.04657890611579872
3,7,14,True,2,DDoS,4,Mirai,0.033441022235208145,0.04121860857000729,0.0537919496731302
3,7,14,True,2,DDoS,5,Recon,0.04683528625129499,0.06344700772097588,0.06762938575685247
3,7,14,True,2,DDoS,6,Spoofing,0.025662168493264415,0.0562967339569204,0.02081890482345985
3,7,14,True,2,DDoS,7,Web-Based,0.05723334423415475,0.027881834338309448,0.0820984572877838
3,7,14,True,3,DoS,0,Benign,0.4267861320548815,0.13098499537380542,0.047356584015280756
3,7,14,True,3,DoS,1,BruteForce,0.01204574088528123,0.013829944241762562,0.036291005378317316
3,7,14,True,3,DoS,2,DDoS,0.14360189220740394,0.1429377264303473,0.2221581088912121
3,7,14,True,3,DoS,3,DoS,0.3069934394720927,0.5400192185466124,0.5026244153996872
3,7,14,True,3,DoS,4,Mirai,0.02121411873966188,0.03018864218543535,0.043962068927556365
3,7,14,True,3,DoS,5,Recon,0.03515374393540842,0.044163032436345645,0.059214137325506455
3,7,14,True,3,DoS,6,Spoofing,0.01892484546394938,0.07495754153065298,0.02396323625322775
3,7,14,True,3,DoS,7,Web-Based,0.035280087241321076,0.022918899255038337,0.06443044380921217
3,7,14,True,4,Mirai,0,Benign,0.549719526136787,0.527010497302046,0.16141479010168433
3,7,14,True,4,Mirai,1,BruteForce,0.04213659559340938,0.018592866361418874,0.10572349471627777
3,7,14,True,4,Mirai,2,DDoS,0.12145443366088816,0.0543803408768597,0.13543025838069145
3,7,14,True,4,Mirai,3,DoS,0.01856342039390133,0.019749900671692553,0.06528685374137716
3,7,14,True,4,Mirai,4,Mirai,0.07418216934420295,0.1294034329596931,0.16430024294026874
3,7,14,True,4,Mirai,5,Recon,0.056490894840809665,0.07051133046607258,0.1227110670151238
3,7,14,True,4,Mirai,6,Spoofing,0.03032782397956595,0.1466598403655207,0.03162104662694507
3,7,14,True,4,Mirai,7,Web-Based,0.10712513605043554,0.03369179099669653,0.21351224647763176
3,7,14,True,5,Recon,0,Benign,0.5320675349221662,0.5606421387091255,0.15670669674963092
3,7,14,True,5,Recon,1,BruteForce,0.04868268154141548,0.02290869879456599,0.11970365957095339
3,7,14,True,5,Recon,2,DDoS,0.09020114088268513,0.028050051652984076,0.08588114233073707
3,7,14,True,5,Recon,3,DoS,0.012278325206484449,0.015333291459054469,0.03014968200755131
3,7,14,True,5,Recon,4,Mirai,0.051011311860137784,0.06891178975549128,0.14400217355215475
3,7,14,True,5,Recon,5,Recon,0.0875665683537953,0.11781330609245998,0.17470776341238384
3,7,14,True,5,Recon,6,Spoofing,0.027234698811883628,0.140675589593222,0.030000272925196855
3,7,14,True,5,Recon,7,Web-Based,0.15095773842143212,0.0456651339430968,0.2588486094513919
3,7,14,True,6,Spoofing,0,Benign,0.5912371673941889,0.5501659416602996,0.1853873308906896
3,7,14,True,6,Spoofing,1,BruteForce,0.037742026422876,0.019011317612100148,0.09927435898027089
3,7,14,True,6,Spoofing,2,DDoS,0.08257297972009561,0.02668322704751277,0.09171200275668132
3,7,14,True,6,Spoofing,3,DoS,0.019118425061778004,0.01813030902152279,0.06546794508444789
3,7,14,True,6,Spoofing,4,Mirai,0.0474462098975137,0.0685667049310544,0.13180415243329308
3,7,14,True,6,Spoofing,5,Recon,0.07886901228621608,0.09551482287495401,0.1656631835826048
3,7,14,True,6,Spoofing,6,Spoofing,0.028714891097442758,0.18452964514294318,0.03164717560422008
3,7,14,True,6,Spoofing,7,Web-Based,0.11429928811988899,0.037398031709612985,0.22904385066779231
3,7,14,True,7,Web-Based,0,Benign,0.564513345572511,0.5769443621428678,0.17297623575664542
3,7,14,True,7,Web-Based,1,BruteForce,0.04251852995166009,0.018972929358620674,0.10708717032208526
3,7,14,True,7,Web-Based,2,DDoS,0.09892264911958772,0.029576316578003022,0.1066949517894003
3,7,14,True,7,Web-Based,3,DoS,0.017445932583513752,0.01794480217146088,0.04939253408097092
3,7,14,True,7,Web-Based,4,Mirai,0.056101128792024293,0.07941939719199233,0.14558805307634887
3,7,14,True,7,Web-Based,5,Recon,0.07426020322189986,0.08755437607494951,0.15697656799097004
3,7,14,True,7,Web-Based,6,Spoofing,0.027511823008228388,0.15286795120673807,0.030242968952408876
3,7,14,True,7,Web-Based,7,Web-Based,0.11872638775057498,0.03671986527536778,0.23104151803117037
3,7,15,True,0,Benign,0,Benign,0.7172691177200406,0.5665635975965543,0.04236693763547878
3,7,15,True,0,Benign,1,BruteForce,0.010468027076095425,0.016899627068091425,0.01892103887566981
3,7,15,True,0,Benign,2,DDoS,0.06449437734416423,0.05000616556262618,0.5282522823806991
3,7,15,True,0,Benign,3,DoS,0.02165219814573681,0.024913084165882973,0.24631879642162938
3,7,15,True,0,Benign,4,Mirai,0.048607874836115526,0.06526181863481019,0.03668175591902449
3,7,15,True,0,Benign,5,Recon,0.05262734913226618,0.08873613012871322,0.037223230710445386
3,7,15,True,0,Benign,6,Spoofing,0.06220903640735353,0.15449340230930297,0.06087347994752148
3,7,15,True,0,Benign,7,Web-Based,0.022672019338227656,0.0331261745340189,0.029362478109531586
3,7,15,True,1,BruteForce,0,Benign,0.6991846500375974,0.5657019715402684,0.04489409673142531
3,7,15,True,1,BruteForce,1,BruteForce,0.014396422944049414,0.023220084862478688,0.020358402406729318
3,7,15,True,1,BruteForce,2,DDoS,0.06603801855218079,0.030570074904154892,0.5344620133787376
3,7,15,True,1,BruteForce,3,DoS,0.012526483704521618,0.012945371187220884,0.2206143639574129
3,7,15,True,1,BruteForce,4,Mirai,0.062273740438395696,0.07961415016331565,0.03968907350278579
3,7,15,True,1,BruteForce,5,Recon,0.04228782977239574,0.08891830640366703,0.03958438610992975
3,7,15,True,1,BruteForce,6,Spoofing,0.07550693308270111,0.1533223877493581,0.06672043510797376
3,7,15,True,1,BruteForce,7,Web-Based,0.02778592146815814,0.045707653189536526,0.03367722880500573
3,7,15,True,2,DDoS,0,Benign,0.6210271389872299,0.202648165995333,0.021176872935646043
3,7,15,True,2,DDoS,1,BruteForce,0.009763358536064706,0.014366230305068754,0.016604307060660434
3,7,15,True,2,DDoS,2,DDoS,0.19154473989245976,0.5689333607247253,0.7370508706933037
3,7,15,True,2,DDoS,3,DoS,0.025232462266354328,0.02520805838865985,0.1129810567230648
3,7,15,True,2,DDoS,4,Mirai,0.03487476717635725,0.04121860857000729,0.026179711930875767
3,7,15,True,2,DDoS,5,Recon,0.052076697489463676,0.06344700772097588,0.028090226780359044
3,7,15,True,2,DDoS,6,Spoofing,0.041695939136370846,0.0562967339569204,0.035164126379575784
3,7,15,True,2,DDoS,7,Web-Based,0.02378489651569955,0.027881834338309448,0.02275282749651443
3,7,15,True,3,DoS,0,Benign,0.5573780476063748,0.13098499537380542,0.024114336298217926
3,7,15,True,3,DoS,1,BruteForce,0.008268041482889635,0.013829944241762562,0.016793409861743457
3,7,15,True,3,DoS,2,DDoS,0.06890886704031543,0.1429377264303473,0.21955537550127938
3,7,15,True,3,DoS,3,DoS,0.2586089352075699,0.5400192185466124,0.6414624660768931
3,7,15,True,3,DoS,4,Mirai,0.01780972506499969,0.03018864218543535,0.02016733558239775
3,7,15,True,3,DoS,5,Recon,0.0442724678064954,0.044163032436345645,0.022461414913278792
3,7,15,True,3,DoS,6,Spoofing,0.026626929023407152,0.07495754153065298,0.035677155829951276
3,7,15,True,3,DoS,7,Web-Based,0.018126986767947977,0.022918899255038337,0.01976850593623829
3,7,15,True,4,Mirai,0,Benign,0.6876726188487357,0.527010497302046,0.04395137160671898
3,7,15,True,4,Mirai,1,BruteForce,0.013006185689233646,0.018592866361418874,0.01926825074047055
3,7,15,True,4,Mirai,2,DDoS,0.07111369436061907,0.0543803408768597,0.5195156145993107
3,7,15,True,4,Mirai,3,DoS,0.01967354160585751,0.019749900671692553,0.24913312575208632
3,7,15,True,4,Mirai,4,Mirai,0.07773466271350776,0.1294034329596931,0.040414798266695494
3,7,15,True,4,Mirai,5,Recon,0.038157671339112936,0.07051133046607258,0.03364497392438477
3,7,15,True,4,Mirai,6,Spoofing,0.06974998080695587,0.1466598403655207,0.06355147507403948
3,7,15,True,4,Mirai,7,Web-Based,0.022891644635977655,0.03369179099669653,0.030520390036293685
3,7,15,True,5,Recon,0,Benign,0.7036362280923035,0.5606421387091255,0.04514706382886617
3,7,15,True,5,Recon,1,BruteForce,0.01314022760628693,0.02290869879456599,0.02001484453154398
3,7,15,True,5,Recon,2,DDoS,0.06546557864321774,0.028050051652984076,0.5127337985910626
3,7,15,True,5,Recon,3,DoS,0.014279853022104402,0.015333291459054469,0.24398687883372686
3,7,15,True,5,Recon,4,Mirai,0.05194068663734394,0.06891178975549128,0.03886252662398253
3,7,15,True,5,Recon,5,Recon,0.054991234687851796,0.11781330609245998,0.04211230117798616
3,7,15,True,5,Recon,6,Spoofing,0.0653035668029394,0.140675589593222,0.06376056228826558
3,7,15,True,5,Recon,7,Web-Based,0.031242624507952305,0.0456651339430968,0.03338202412456612
3,7,15,True,6,Spoofing,0,Benign,0.7140110825517416,0.5501659416602996,0.043005885134965845
3,7,15,True,6,Spoofing,1,BruteForce,0.011316591684154846,0.019011317612100148,0.01834045905221986
3,7,15,True,6,Spoofing,2,DDoS,0.054823444055854154,0.02668322704751277,0.49072953955158416
3,7,15,True,6,Spoofing,3,DoS,0.018269862355145917,0.01813030902152279,0.2824016376729417
3,7,15,True,6,Spoofing,4,Mirai,0.0500095057355904,0.0685667049310544,0.03785576603850135
3,7,15,True,6,Spoofing,5,Recon,0.05487391646855292,0.09551482287495401,0.03678623809694415
3,7,15,True,6,Spoofing,6,Spoofing,0.0733108395411923,0.18452964514294318,0.0618361422887544
3,7,15,True,6,Spoofing,7,Web-Based,0.023384757607767776,0.037398031709612985,0.029044332164088547
3,7,15,True,7,Web-Based,0,Benign,0.7073318019063549,0.5769443621428678,0.047836468758936025
3,7,15,True,7,Web-Based,1,BruteForce,0.012274755625312203,0.018972929358620674,0.018904512376939644
3,7,15,True,7,Web-Based,2,DDoS,0.06372541846282224,0.029576316578003022,0.567691749291272
3,7,15,True,7,Web-Based,3,DoS,0.01671281116952152,0.01794480217146088,0.1911275154593667
3,7,15,True,7,Web-Based,4,Mirai,0.06215156641769181,0.07941939719199233,0.03838110695791504
3,7,15,True,7,Web-Based,5,Recon,0.048527031984888946,0.08755437607494951,0.04044927991821215
3,7,15,True,7,Web-Based,6,Spoofing,0.06474228493955343,0.15286795120673807,0.06403901028637875
3,7,15,True,7,Web-Based,7,Web-Based,0.024534329493854912,0.03671986527536778,0.031570356950979664
3,7,16,False,0,Benign,0,Benign,0.5360515003326509,0.5665635975965543,0.5300303097474559
3,7,16,False,0,Benign,1,BruteForce,0.020125064434197888,0.016899627068091425,0.021027505928547224
3,7,16,False,0,Benign,2,DDoS,0.16162921861714538,0.05000616556262618,0.17094103833841987
3,7,16,False,0,Benign,3,DoS,0.0193526824373013,0.024913084165882973,0.04830328813067926
3,7,16,False,0,Benign,4,Mirai,0.013409792896958284,0.06526181863481019,0.017511748699624068
3,7,16,False,0,Benign,5,Recon,0.030143681350842985,0.08873613012871322,0.032187210622168616
3,7,16,False,0,Benign,6,Spoofing,0.12163532824873101,0.15449340230930297,0.09566273227944116
3,7,16,False,0,Benign,7,Web-Based,0.09765273168217231,0.0331261745340189,0.0843361662536639
3,7,16,False,1,BruteForce,0,Benign,0.5411364058569098,0.5657019715402684,0.5790399720667506
3,7,16,False,1,BruteForce,1,BruteForce,0.026954880386643676,0.023220084862478688,0.023723883676597893
3,7,16,False,1,BruteForce,2,DDoS,0.13135243081651538,0.030570074904154892,0.1228205229672812
3,7,16,False,1,BruteForce,3,DoS,0.009309292144427132,0.012945371187220884,0.015792268374392043
3,7,16,False,1,BruteForce,4,Mirai,0.014128136907330233,0.07961415016331565,0.018174173392562623
3,7,16,False,1,BruteForce,5,Recon,0.030796323377821833,0.08891830640366703,0.03412165280745364
3,7,16,False,1,BruteForce,6,Spoofing,0.11376726971532532,0.1533223877493581,0.10142397532014479
3,7,16,False,1,BruteForce,7,Web-Based,0.13255526079502664,0.045707653189536526,0.10490355139481723
3,7,16,False,2,DDoS,0,Benign,0.16600172918609568,0.202648165995333,0.17147717713344024
3,7,16,False,2,DDoS,1,BruteForce,0.011989608596131102,0.014366230305068754,0.01516788800341078
3,7,16,False,2,DDoS,2,DDoS,0.6964702000598945,0.5689333607247253,0.6699083686573377
3,7,16,False,2,DDoS,3,DoS,0.015992235536970986,0.02520805838865985,0.02778530729797473
3,7,16,False,2,DDoS,4,Mirai,0.007361449300610113,0.04121860857000729,0.012607673590376416
3,7,16,False,2,DDoS,5,Recon,0.014010212052255217,0.06344700772097588,0.018954000231230683
3,7,16,False,2,DDoS,6,Spoofing,0.04252219073633273,0.0562967339569204,0.04211813010053166
3,7,16,False,2,DDoS,7,Web-Based,0.04565237453170976,0.027881834338309448,0.04198145498569785
3,7,16,False,3,DoS,0,Benign,0.07578459333978922,0.13098499537380542,0.1534782343859691
3,7,16,False,3,DoS,1,BruteForce,0.011232406621083317,0.013829944241762562,0.015613197748423496
3,7,16,False,3,DoS,2,DDoS,0.25340030081237064,0.1429377264303473,0.2894492400280048
3,7,16,False,3,DoS,3,DoS,0.5659858589402346,0.5400192185466124,0.4078067750738528
3,7,16,False,3,DoS,4,Mirai,0.0063192160909475575,0.03018864218543535,0.015628092445181617
3,7,16,False,3,DoS,5,Recon,0.01148475993367363,0.044163032436345645,0.02086665227182742
3,7,16,False,3,DoS,6,Spoofing,0.050965803070805844,0.07495754153065298,0.059511592753765045
3,7,16,False,3,DoS,7,Web-Based,0.024827061191095248,0.022918899255038337,0.03764621529297571
3,7,16,False,4,Mirai,0,Benign,0.49311124785602706,0.527010497302046,0.5198663663631857
3,7,16,False,4,Mirai,1,BruteForce,0.023310176196484678,0.018592866361418874,0.022457304183630726
3,7,16,False,4,Mirai,2,DDoS,0.2085584912329753,0.0543803408768597,0.18214695932787334
3,7,16,False,4,Mirai,3,DoS,0.017779307622822545,0.019749900671692553,0.04271167804532373
3,7,16,False,4,Mirai,4,Mirai,0.014678329817821042,0.1294034329596931,0.018290116150435708
3,7,16,False,4,Mirai,5,Recon,0.02705565707491928,0.07051133046607258,0.031072125843308845
3,7,16,False,4,Mirai,6,Spoofing,0.11429269734357266,0.1466598403655207,0.09702839134139052
3,7,16,False,4,Mirai,7,Web-Based,0.10121409285537755,0.03369179099669653,0.08642705874485154
3,7,16,False,5,Recon,0,Benign,0.540498399311523,0.5606421387091255,0.5826766320342817
3,7,16,False,5,Recon,1,BruteForce,0.02629615016584955,0.02290869879456599,0.02367595238873137
3,7,16,False,5,Recon,2,DDoS,0.1185951989298813,0.028050051652984076,0.12281409419594108
3,7,16,False,5,Recon,3,DoS,0.012434931277703926,0.015333291459054469,0.01742187199915193
3,7,16,False,5,Recon,4,Mirai,0.012968405095652107,0.06891178975549128,0.017464406708215047
3,7,16,False,5,Recon,5,Recon,0.04246556973729642,0.11781330609245998,0.03569741203734269
3,7,16,False,5,Recon,6,Spoofing,0.1060236731612134,0.140675589593222,0.09590141580540332
3,7,16,False,5,Recon,7,Web-Based,0.14071767232088034,0.0456651339430968,0.10434821483093291
3,7,16,False,6,Spoofing,0,Benign,0.5646493619006542,0.5501659416602996,0.5806725569369622
3,7,16,False,6,Spoofing,1,BruteForce,0.021820248250827016,0.019011317612100148,0.021809624801036646
3,7,16,False,6,Spoofing,2,DDoS,0.09993037731555397,0.02668322704751277,0.11376674576349277
3,7,16,False,6,Spoofing,3,DoS,0.013599363728571187,0.01813030902152279,0.0412694717319915
3,7,16,False,6,Spoofing,4,Mirai,0.014244386047647613,0.0685667049310544,0.018104983910997404
3,7,16,False,6,Spoofing,5,Recon,0.031873660803347185,0.09551482287495401,0.03349469458128099
3,7,16,False,6,Spoofing,6,Spoofing,0.14568478942706578,0.18452964514294318,0.1009155020751479
3,7,16,False,6,Spoofing,7,Web-Based,0.1081978125263331,0.037398031709612985,0.0899664201990906
3,7,16,False,7,Web-Based,0,Benign,0.5649194114743792,0.5769443621428678,0.5787810032217117
3,7,16,False,7,Web-Based,1,BruteForce,0.023550007472691693,0.018972929358620674,0.02254871787699833
3,7,16,False,7,Web-Based,2,DDoS,0.11522002912769465,0.029576316578003022,0.129315837762052
3,7,16,False,7,Web-Based,3,DoS,0.016830898924520322,0.01794480217146088,0.028902257663981187
3,7,16,False,7,Web-Based,4,Mirai,0.01401710087122536,0.07941939719199233,0.017587063789959806
3,7,16,False,7,Web-Based,5,Recon,0.03089623612207291,0.08755437607494951,0.03354605514786356
3,7,16,False,7,Web-Based,6,Spoofing,0.11908090778272501,0.15286795120673807,0.09505421086934279
3,7,16,False,7,Web-Based,7,Web-Based,0.11548540822469089,0.03671986527536778,0.09426485366809079
3,7,17,True,0,Benign,0,Benign,0.6246309268719318,0.5665635975965543,0.28549025625267427
3,7,17,True,0,Benign,1,BruteForce,0.008268451236262823,0.016899627068091425,0.014185500460604487
3,7,17,True,0,Benign,2,DDoS,0.03332749796664728,0.05000616556262618,0.03715983000034357
3,7,17,True,0,Benign,3,DoS,0.03995062551401463,0.024913084165882973,0.06842733026191232
3,7,17,True,0,Benign,4,Mirai,0.21444028621280234,0.06526181863481019,0.46467994919249345
3,7,17,True,0,Benign,5,Recon,0.012072817124003064,0.08873613012871322,0.014249770964555071
3,7,17,True,0,Benign,6,Spoofing,0.013608791771280193,0.15449340230930297,0.01999197650138378
3,7,17,True,0,Benign,7,Web-Based,0.05370060330305792,0.0331261745340189,0.09581538636603307
3,7,17,True,1,BruteForce,0,Benign,0.6180602114374653,0.5657019715402684,0.2909750364022774
3,7,17,True,1,BruteForce,1,BruteForce,0.01035451404081084,0.023220084862478688,0.013811100446425287
3,7,17,True,1,BruteForce,2,DDoS,0.025602107362741485,0.030570074904154892,0.02055786442993603
3,7,17,True,1,BruteForce,3,DoS,0.01480563752418001,0.012945371187220884,0.02296917489127511
3,7,17,True,1,BruteForce,4,Mirai,0.228648331466204,0.07961415016331565,0.4832464609218837
3,7,17,True,1,BruteForce,5,Recon,0.012561632052002865,0.08891830640366703,0.013580159110810387
3,7,17,True,1,BruteForce,6,Spoofing,0.013294527537956178,0.1533223877493581,0.019335527489110344
3,7,17,True,1,BruteForce,7,Web-Based,0.07667303857863939,0.045707653189536526,0.13552467630828172
3,7,17,True,2,DDoS,0,Benign,0.4196322145572165,0.202648165995333,0.09336678958428662
3,7,17,True,2,DDoS,1,BruteForce,0.009451156654090593,0.014366230305068754,0.015296202754621522
3,7,17,True,2,DDoS,2,DDoS,0.35708805207766653,0.5689333607247253,0.5902805016021272
3,7,17,True,2,DDoS,3,DoS,0.032835407714939154,0.02520805838865985,0.05819376522111565
3,7,17,True,2,DDoS,4,Mirai,0.09274826175949023,0.04121860857000729,0.15875435436662108
3,7,17,True,2,DDoS,5,Recon,0.01721195262105839,0.06344700772097588,0.015335901551710924
3,7,17,True,2,DDoS,6,Spoofing,0.017430106848283774,0.0562967339569204,0.017450072799723108
3,7,17,True,2,DDoS,7,Web-Based,0.05360284776725491,0.027881834338309448,0.05132241211979389
3,7,17,True,3,DoS,0,Benign,0.484963460589863,0.13098499537380542,0.07277321479680557
3,7,17,True,3,DoS,1,BruteForce,0.007103170126341287,0.013829944241762562,0.014065831981087972
3,7,17,True,3,DoS,2,DDoS,0.06925900312364926,0.1429377264303473,0.10673006553962243
3,7,17,True,3,DoS,3,DoS,0.3111676461548282,0.5400192185466124,0.5840085545495027
3,7,17,True,3,DoS,4,Mirai,0.06108564823335055,0.03018864218543535,0.14817217097778823
3,7,17,True,3,DoS,5,Recon,0.01631593495423266,0.044163032436345645,0.013893405935569748
3,7,17,True,3,DoS,6,Spoofing,0.013174311966423958,0.07495754153065298,0.02023589978426069
3,7,17,True,3,DoS,7,Web-Based,0.036930824851311175,0.022918899255038337,0.040120856435362576
3,7,17,True,4,Mirai,0,Benign,0.6004536253467526,0.527010497302046,0.2548163016978221
3,7,17,True,4,Mirai,1,BruteForce,0.009093922861741275,0.018592866361418874,0.014199170509700397
3,7,17,True,4,Mirai,2,DDoS,0.025900924736789566,0.0543803408768597,0.023378616819069394
3,7,17,True,4,Mirai,3,DoS,0.02432905731151061,0.019749900671692553,0.03831099334161723
3,7,17,True,4,Mirai,4,Mirai,0.2648024280439953,0.1294034329596931,0.5501613249272135
3,7,17,True,4,Mirai,5,Recon,0.01109719961308908,0.07051133046607258,0.011814109727573522
3,7,17,True,4,Mirai,6,Spoofing,0.013398707486950047,0.1466598403655207,0.018878452308612167
3,7,17,True,4,Mirai,7,Web-Based,0.05092413459917151,0.03369179099669653,0.08844103066839169
3,7,17,True,5,Recon,0,Benign,0.6122859558479206,0.5606421387091255,0.2860402242731761
3,7,17,True,5,Recon,1,BruteForce,0.010013222801342684,0.02290869879456599,0.01364981590461533
3,7,17,True,5,Recon,2,DDoS,0.025894752389010855,0.028050051652984076,0.020404437721485168
3,7,17,True,5,Recon,3,DoS,0.01770177347818781,0.015333291459054469,0.027428921617837113
3,7,17,True,5,Recon,4,Mirai,0.2254000899891699,0.06891178975549128,0.4850264000256482
3,7,17,True,5,Recon,5,Recon,0.013096323955438914,0.11781330609245998,0.013369469350166146
3,7,17,True,5,Recon,6,Spoofing,0.01248386225827272,0.140675589593222,0.018596408727651944
3,7,17,True,5,Recon,7,Web-Based,0.08312401928065674,0.0456651339430968,0.13548432237941996
3,7,17,True,6,Spoofing,0,Benign,0.6207670765281915,0.5501659416602996,0.3092269064147712
3,7,17,True,6,Spoofing,1,BruteForce,0.008834077138433018,0.019011317612100148,0.014497671130676232
3,7,17,True,6,Spoofing,2,DDoS,0.023669258409227366,0.02668322704751277,0.02181494584974878
3,7,17,True,6,Spoofing,3,DoS,0.03405191205867293,0.01813030902152279,0.038256910360335544
3,7,17,True,6,Spoofing,4,Mirai,0.228517777255606,0.0685667049310544,0.4769918370044921
3,7,17,True,6,Spoofing,5,Recon,0.011939104016970493,0.09551482287495401,0.015049112617538614
3,7,17,True,6,Spoofing,6,Spoofing,0.01371763194976084,0.18452964514294318,0.020963075177904886
3,7,17,True,6,Spoofing,7,Web-Based,0.058503162643137964,0.037398031709612985,0.10319954144453264
3,7,17,True,7,Web-Based,0,Benign,0.6194334514297728,0.5769443621428678,0.3032507799452012
3,7,17,True,7,Web-Based,1,BruteForce,0.009058818348979519,0.018972929358620674,0.01414119663574508
3,7,17,True,7,Web-Based,2,DDoS,0.026402942261806787,0.029576316578003022,0.021875898422680094
3,7,17,True,7,Web-Based,3,DoS,0.023609286765866922,0.01794480217146088,0.027305118633913394
3,7,17,True,7,Web-Based,4,Mirai,0.23487193740320744,0.07941939719199233,0.49096564008119264
3,7,17,True,7,Web-Based,5,Recon,0.011895732894499642,0.08755437607494951,0.014075544466187995
3,7,17,True,7,Web-Based,6,Spoofing,0.012957738502048663,0.15286795120673807,0.018988784192794796
3,7,17,True,7,Web-Based,7,Web-Based,0.06177009239381839,0.03671986527536778,0.10939703762228463
3,7,18,True,0,Benign,0,Benign,0.4946563441809824,0.5665635975965543,0.07929120800126538
3,7,18,True,0,Benign,1,BruteForce,0.013073365302052395,0.016899627068091425,0.017458858490775987
3,7,18,True,0,Benign,2,DDoS,0.17318012956641726,0.05000616556262618,0.15861404143960733
3,7,18,True,0,Benign,3,DoS,0.020933990742743092,0.024913084165882973,0.06321693396608763
3,7,18,True,0,Benign,4,Mirai,0.12097339029320425,0.06526181863481019,0.2816342834803418
3,7,18,True,0,Benign,5,Recon,0.03918912834774984,0.08873613012871322,0.10014350934180694
3,7,18,True,0,Benign,6,Spoofing,0.08518947670240314,0.15449340230930297,0.17941355934136277
3,7,18,True,0,Benign,7,Web-Based,0.052804174864447585,0.0331261745340189,0.12022760593875217
3,7,18,True,1,BruteForce,0,Benign,0.4527020614165506,0.5657019715402684,0.07803752230937387
3,7,18,True,1,BruteForce,1,BruteForce,0.018023529661282237,0.023220084862478688,0.017396799929717
3,7,18,True,1,BruteForce,2,DDoS,0.1588648965951948,0.030570074904154892,0.11838409784250419
3,7,18,True,1,BruteForce,3,DoS,0.00999019684954412,0.012945371187220884,0.01956350511775155
3,7,18,True,1,BruteForce,4,Mirai,0.14600575833335167,0.07961415016331565,0.31906778831012245
3,7,18,True,1,BruteForce,5,Recon,0.04100677984681213,0.08891830640366703,0.10577417401014526
3,7,18,True,1,BruteForce,6,Spoofing,0.08806898727166056,0.1533223877493581,0.17149568645348656
3,7,18,True,1,BruteForce,7,Web-Based,0.08533779002560388,0.045707653189536526,0.17028042602689913
3,7,18,True,2,DDoS,0,Benign,0.4221012479590645,0.202648165995333,0.02826859018663322
3,7,18,True,2,DDoS,1,BruteForce,0.010367770617418741,0.014366230305068754,0.014091817026769218
3,7,18,True,2,DDoS,2,DDoS,0.37700794011632843,0.5689333607247253,0.654270449685772
3,7,18,True,2,DDoS,3,DoS,0.019057821818532102,0.02520805838865985,0.03580051166642515
3,7,18,True,2,DDoS,4,Mirai,0.05631926988384937,0.04121860857000729,0.09936931907685102
3,7,18,True,2,DDoS,5,Recon,0.037984590498167915,0.06344700772097588,0.06003738250304707
3,7,18,True,2,DDoS,6,Spoofing,0.03926439259196577,0.0562967339569204,0.05594373651867415
3,7,18,True,2,DDoS,7,Web-Based,0.037896966514673155,0.027881834338309448,0.05221819333582836
3,7,18,True,3,DoS,0,Benign,0.4319267817481679,0.13098499537380542,0.0295390958768088
3,7,18,True,3,DoS,1,BruteForce,0.00801325918347992,0.013829944241762562,0.01351120180749125
3,7,18,True,3,DoS,2,DDoS,0.17461175176730404,0.1429377264303473,0.25390897836705617
3,7,18,True,3,DoS,3,DoS,0.26541447433224713,0.5400192185466124,0.4558741512559204
3,7,18,True,3,DoS,4,Mirai,0.026070979722020764,0.03018864218543535,0.07651992931647782
3,7,18,True,3,DoS,5,Recon,0.030639588685136224,0.044163032436345645,0.0466207342179081
3,7,18,True,3,DoS,6,Spoofing,0.03585008781403813,0.07495754153065298,0.08052143881313642
3,7,18,True,3,DoS,7,Web-Based,0.0274730767476059,0.022918899255038337,0.043504470345201045
3,7,18,True,4,Mirai,0,Benign,0.4690382943485458,0.527010497302046,0.07483465746274677
3,7,18,True,4,Mirai,1,BruteForce,0.01508858796589075,0.018592866361418874,0.017115618542501317
3,7,18,True,4,Mirai,2,DDoS,0.17688822862508471,0.0543803408768597,0.14687663520600477
3,7,18,True,4,Mirai,3,DoS,0.014601089005222978,0.019749900671692553,0.052860430699017975
3,7,18,True,4,Mirai,4,Mirai,0.15552828285263917,0.1294034329596931,0.3524749224632224
3,7,18,True,4,Mirai,5,Recon,0.03251124291789002,0.07051133046607258,0.07610039554174912
3,7,18,True,4,Mirai,6,Spoofing,0.08202327277214964,0.1466598403655207,0.16375222561590383
3,7,18,True,4,Mirai,7,Web-Based,0.05432100151257694,0.03369179099669653,0.11598511446885378
3,7,18,True,5,Recon,0,Benign,0.44939598592997165,0.5606421387091255,0.07853119486119295
3,7,18,True,5,Recon,1,BruteForce,0.017266572110631463,0.02290869879456599,0.01718766280872607
3,7,18,True,5,Recon,2,DDoS,0.15315259839733725,0.028050051652984076,0.10675435048481621
3,7,18,True,5,Recon,3,DoS,0.009990156344270083,0.015333291459054469,0.01960523070615944
3,7,18,True,5,Recon,4,Mirai,0.14317626650239407,0.06891178975549128,0.3188607933313793
3,7,18,True,5,Recon,5,Recon,0.05306006399421437,0.11781330609245998,0.1282945985828788
3,7,18,True,5,Recon,6,Spoofing,0.08032157639378361,0.140675589593222,0.16392899799818775
3,7,18,True,5,Recon,7,Web-Based,0.09363678032739751,0.0456651339430968,0.1668371712266596
3,7,18,True,6,Spoofing,0,Benign,0.4963251657761673,0.5501659416602996,0.08523009430516734
3,7,18,True,6,Spoofing,1,BruteForce,0.014229919185053758,0.019011317612100148,0.017586989454200577
3,7,18,True,6,Spoofing,2,DDoS,0.14009804372022672,0.02668322704751277,0.10524883858271505
3,7,18,True,6,Spoofing,3,DoS,0.01557952321385233,0.01813030902152279,0.04423083716352722
3,7,18,True,6,Spoofing,4,Mirai,0.12747734534965535,0.0685667049310544,0.2883854518123898
3,7,18,True,6,Spoofing,5,Recon,0.04177838534440881,0.09551482287495401,0.11415598105720379
3,7,18,True,6,Spoofing,6,Spoofing,0.10434981486702853,0.18452964514294318,0.21060199033088553
3,7,18,True,6,Spoofing,7,Web-Based,0.06016180254360717,0.037398031709612985,0.13455981729391067
3,7,18,True,7,Web-Based,0,Benign,0.48259913254917036,0.5769443621428678,0.08301217323877087
3,7,18,True,7,Web-Based,1,BruteForce,0.015163906351975417,0.018972929358620674,0.017942101522622333
3,7,18,True,7,Web-Based,2,DDoS,0.15701821534795687,0.029576316578003022,0.1209878931536618
3,7,18,True,7,Web-Based,3,DoS,0.01342109779202442,0.01794480217146088,0.029096020910975812
3,7,18,True,7,Web-Based,4,Mirai,0.14612107691190251,0.07941939719199233,0.3312103204607563
3,7,18,True,7,Web-Based,5,Recon,0.039647709409873735,0.08755437607494951,0.10513246698358009
3,7,18,True,7,Web-Based,6,Spoofing,0.0838578743680257,0.15286795120673807,0.17154583115431432
3,7,18,True,7,Web-Based,7,Web-Based,0.06217098726907092,0.03671986527536778,0.14107319257531853
3,7,19,False,0,Benign,0,Benign,0.09522298620630447,0.5665635975965543,0.0995827874382423
3,7,19,False,0,Benign,1,BruteForce,0.009282385087642977,0.016899627068091425,0.014251816067358897
3,7,19,False,0,Benign,2,DDoS,0.2711100910290957,0.05000616556262618,0.2771212132972775
3,7,19,False,0,Benign,3,DoS,0.054666878215830626,0.024913084165882973,0.08176499078480758
3,7,19,False,0,Benign,4,Mirai,0.014066057746055393,0.06526181863481019,0.015329385528938028
3,7,19,False,0,Benign,5,Recon,0.15748457510718053,0.08873613012871322,0.14785265301599917
3,7,19,False,0,Benign,6,Spoofing,0.38203209378208175,0.15449340230930297,0.3444539609682327
3,7,19,False,0,Benign,7,Web-Based,0.016134932825808544,0.0331261745340189,0.019643192899143822
3,7,19,False,1,BruteForce,0,Benign,0.10074875112498949,0.5657019715402684,0.11440749489886082
3,7,19,False,1,BruteForce,1,BruteForce,0.0110326374637787,0.023220084862478688,0.014106951898135198
3,7,19,False,1,BruteForce,2,DDoS,0.26336073055133696,0.030570074904154892,0.24317679512449117
3,7,19,False,1,BruteForce,3,DoS,0.019966725087262036,0.012945371187220884,0.02909499425287026
3,7,19,False,1,BruteForce,4,Mirai,0.015169836661925845,0.07961415016331565,0.015514343510325858
3,7,19,False,1,BruteForce,5,Recon,0.12898310657566076,0.08891830640366703,0.17120358553950188
3,7,19,False,1,BruteForce,6,Spoofing,0.44233016606170156,0.1533223877493581,0.39142410052975257
3,7,19,False,1,BruteForce,7,Web-Based,0.018408046473344614,0.045707653189536526,0.021071734246062287
3,7,19,False,2,DDoS,0,Benign,0.028646953565461934,0.202648165995333,0.035058761608255475
3,7,19,False,2,DDoS,1,BruteForce,0.006888967822941558,0.014366230305068754,0.011920557143215039
3,7,19,False,2,DDoS,2,DDoS,0.7461560546600735,0.5689333607247253,0.6897807004409165
3,7,19,False,2,DDoS,3,DoS,0.03525965912607441,0.02520805838865985,0.05056734530029262
3,7,19,False,2,DDoS,4,Mirai,0.007237197920114287,0.04121860857000729,0.010566971408359951
3,7,19,False,2,DDoS,5,Recon,0.06241718389668994,0.06344700772097588,0.08057566529853935
3,7,19,False,2,DDoS,6,Spoofing,0.10389553430169146,0.0562967339569204,0.10683950560859325
3,7,19,False,2,DDoS,7,Web-Based,0.009498448706952956,0.027881834338309448,0.014690493191827744
3,7,19,False,3,DoS,0,Benign,0.014476786367856745,0.13098499537380542,0.026857865123341935
3,7,19,False,3,DoS,1,BruteForce,0.006931035571417723,0.013829944241762562,0.012880383328783123
3,7,19,False,3,DoS,2,DDoS,0.20937237964348449,0.1429377264303473,0.2088448649851484
3,7,19,False,3,DoS,3,DoS,0.6463475142162232,0.5400192185466124,0.5769555156578149
3,7,19,False,3,DoS,4,Mirai,0.005029660532260015,0.03018864218543535,0.011155765983904433
3,7,19,False,3,DoS,5,Recon,0.03417610214704484,0.044163032436345645,0.046019767269679455
3,7,19,False,3,DoS,6,Spoofing,0.07629789338778122,0.07495754153065298,0.10382648851343361
3,7,19,False,3,DoS,7,Web-Based,0.007368628133931734,0.022918899255038337,0.013459349137894146
3,7,19,False,4,Mirai,0,Benign,0.08774443225452305,0.527010497302046,0.10111195262028812
3,7,19,False,4,Mirai,1,BruteForce,0.010485815501730061,0.018592866361418874,0.014685494410402487
3,7,19,False,4,Mirai,2,DDoS,0.37672340647325697,0.0543803408768597,0.3080294153342296
3,7,19,False,4,Mirai,3,DoS,0.026682524160635355,0.019749900671692553,0.06267189360779125
3,7,19,False,4,Mirai,4,Mirai,0.015778516491324713,0.1294034329596931,0.01639232622734928
3,7,19,False,4,Mirai,5,Recon,0.11555432219429342,0.07051133046607258,0.12475391665744152
3,7,19,False,4,Mirai,6,Spoofing,0.3510615910395212,0.1466598403655207,0.3529448092300993
3,7,19,False,4,Mirai,7,Web-Based,0.015969391884715207,0.03369179099669653,0.01941019191239833
3,7,19,False,5,Recon,0,Benign,0.1054094987436347,0.5606421387091255,0.11377128018565753
3,7,19,False,5,Recon,1,BruteForce,0.010353706070720108,0.02290869879456599,0.013451366676126121
3,7,19,False,5,Recon,2,DDoS,0.2509294417404128,0.028050051652984076,0.22580626008649443
3,7,19,False,5,Recon,3,DoS,0.021424460133972742,0.015333291459054469,0.02881382338307064
3,7,19,False,5,Recon,4,Mirai,0.013767387144033682,0.06891178975549128,0.014453942130792558
3,7,19,False,5,Recon,5,Recon,0.18378540720761977,0.11781330609245998,0.20973303424184234
3,7,19,False,5,Recon,6,Spoofing,0.39511810804763764,0.140675589593222,0.373434181584476
3,7,19,False,5,Recon,7,Web-Based,0.019211990911968416,0.0456651339430968,0.020536111711540364
3,7,19,False,6,Spoofing,0,Benign,0.10141614090514799,0.5501659416602996,0.10624814043453842
3,7,19,False,6,Spoofing,1,BruteForce,0.009369424317408009,0.019011317612100148,0.014004713861896511
3,7,19,False,6,Spoofing,2,DDoS,0.20999078779404154,0.02668322704751277,0.2165432149540412
3,7,19,False,6,Spoofing,3,DoS,0.028807515503285298,0.01813030902152279,0.07314453972683391
3,7,19,False,6,Spoofing,4,Mirai,0.014159746507550306,0.0685667049310544,0.01577531306911422
3,7,19,False,6,Spoofing,5,Recon,0.18534225418621528,0.09551482287495401,0.16522822199154713
3,7,19,False,6,Spoofing,6,Spoofing,0.43465849385405936,0.18452964514294318,0.38918639550452017
3,7,19,False,6,Spoofing,7,Web-Based,0.016255636932292268,0.037398031709612985,0.019869460457508405
3,7,19,False,7,Web-Based,0,Benign,0.10188947733490838,0.5769443621428678,0.11318022560877856
3,7,19,False,7,Web-Based,1,BruteForce,0.010267663157080206,0.018972929358620674,0.01411451322809449
3,7,19,False,7,Web-Based,2,DDoS,0.27934858552353,0.029576316578003022,0.25970387193636624
3,7,19,False,7,Web-Based,3,DoS,0.029783471371179954,0.01794480217146088,0.04272070016786399
3,7,19,False,7,Web-Based,4,Mirai,0.014853275607212934,0.07941939719199233,0.015506703304554783
3,7,19,False,7,Web-Based,5,Recon,0.1627787211518363,0.08755437607494951,0.16228326293001225
3,7,19,False,7,Web-Based,6,Spoofing,0.3832836212559736,0.15286795120673807,0.3717827409679667
3,7,19,False,7,Web-Based,7,Web-Based,0.017795184598278554,0.03671986527536778,0.02070798185636304
4,8,0,False,0,Benign,0,Benign,0.25508499451056454,0.5513877600447902,0.287481559492493
4,8,0,False,0,Benign,1,BruteForce,0.07295774300790742,0.016556066029480947,0.07228694977974952
4,8,0,False,0,Benign,2,DDoS,0.009345045155277034,0.05263060080504971,0.014559770575744205
4,8,0,False,0,Benign,3,DoS,0.18161276967303075,0.02519764124390212,0.17751600084762817
4,8,0,False,0,Benign,4,Mirai,0.27888749765770326,0.07592697931821502,0.25021154950572516
4,8,0,False,0,Benign,5,Recon,0.16380875250024662,0.09331959838231721,0.15625646405612809
4,8,0,False,0,Benign,6,Spoofing,0.022958454468183745,0.15234757415887223,0.02057040764016627
4,8,0,False,0,Benign,7,Web-Based,0.01534474302708668,0.0326337800173725,0.021117298102365744
4,8,0,False,1,BruteForce,0,Benign,0.20797670017971864,0.5513801253596069,0.2816643068336483
4,8,0,False,1,BruteForce,1,BruteForce,0.16062958957640466,0.023576857069582065,0.10713506594309821
4,8,0,False,1,BruteForce,2,DDoS,0.00982269078795886,0.02825581033071321,0.011401336052654034
4,8,0,False,1,BruteForce,3,DoS,0.10645340707659862,0.011710265997992833,0.06756117746745939
4,8,0,False,1,BruteForce,4,Mirai,0.3030544576298634,0.09604126747330274,0.2992320399529943
4,8,0,False,1,BruteForce,5,Recon,0.16829114189415897,0.08848709072677563,0.18758787401554558
4,8,0,False,1,BruteForce,6,Spoofing,0.024064619144480576,0.15360626614875164,0.022273746809792105
4,8,0,False,1,BruteForce,7,Web-Based,0.01970739371081638,0.04694231689327497,0.023144452924808108
4,8,0,False,2,DDoS,0,Benign,0.06800746852085142,0.20011434903215738,0.0905086648904161
4,8,0,False,2,DDoS,1,BruteForce,0.03182627542739179,0.013863528648765113,0.03564380106135911
4,8,0,False,2,DDoS,2,DDoS,0.5591724224436483,0.576500048649476,0.47578741697534715
4,8,0,False,2,DDoS,3,DoS,0.13631555583163626,0.02464213028733665,0.14794723785416541
4,8,0,False,2,DDoS,4,Mirai,0.12022999801662412,0.04288184684067563,0.12024303515023882
4,8,0,False,2,DDoS,5,Recon,0.060260726769467816,0.061349763904554495,0.08158957105959706
4,8,0,False,2,DDoS,6,Spoofing,0.011925579128619536,0.054694771763862664,0.024350385813948563
4,8,0,False,2,DDoS,7,Web-Based,0.012261973861760794,0.025953560873172098,0.02392988719492766
4,8,0,False,3,DoS,0,Benign,0.021694589564038805,0.11214782503852885,0.03413503247318013
4,8,0,False,3,DoS,1,BruteForce,0.01141609280223507,0.01298520975966575,0.013374048978509795
4,8,0,False,3,DoS,2,DDoS,0.018066894501339373,0.161961703677268,0.019683600917804186
4,8,0,False,3,DoS,3,DoS,0.9038672684152662,0.5450480188258566,0.8489879724457519
4,8,0,False,3,DoS,4,Mirai,0.01480469194084574,0.030748094666202815,0.03819160115485179
4,8,0,False,3,DoS,5,Recon,0.021855033842732824,0.04095690090889675,0.02943178865298327
4,8,0,False,3,DoS,6,Spoofing,0.0046107159775121654,0.07430279609419083,0.008810792363855742
4,8,0,False,3,DoS,7,Web-Based,0.0036847129560297833,0.02184945102939041,0.007385163013063293
4,8,0,False,4,Mirai,0,Benign,0.2069315947716901,0.5079543400195876,0.2583090055648556
4,8,0,False,4,Mirai,1,BruteForce,0.08298854534354413,0.018567920009346105,0.07734366416157128
4,8,0,False,4,Mirai,2,DDoS,0.0100589212862025,0.05623485642668978,0.011090747417207702
4,8,0,False,4,Mirai,3,DoS,0.08624048193860288,0.016665299637709265,0.1422142410103033
4,8,0,False,4,Mirai,4,Mirai,0.4889236553442435,0.15597936288395042,0.3600789254987451
4,8,0,False,4,Mirai,5,Recon,0.08771799462281286,0.06384667584079441,0.10908879014630084
4,8,0,False,4,Mirai,6,Spoofing,0.023152634539434322,0.14830233552440517,0.021261118216203842
4,8,0,False,4,Mirai,7,Web-Based,0.013986172153469763,0.03244920965751721,0.02061350798481241
4,8,0,False,5,Recon,0,Benign,0.1932911677445085,0.547030921205778,0.27343486382211757
4,8,0,False,5,Recon,1,BruteForce,0.12888856003669932,0.022862988805216065,0.09895070385902045
4,8,0,False,5,Recon,2,DDoS,0.009273397160187888,0.02603675262492521,0.010944022267512076
4,8,0,False,5,Recon,3,DoS,0.13534298848154008,0.013927736829052791,0.09096030480512388
4,8,0,False,5,Recon,4,Mirai,0.2349833375793778,0.08034596479027138,0.25569446910798205
4,8,0,False,5,Recon,5,Recon,0.25722909299679614,0.12507380196843032,0.22516419245479397
4,8,0,False,5,Recon,6,Spoofing,0.020806923491627802,0.1398517151757608,0.02119070282681814
4,8,0,False,5,Recon,7,Web-Based,0.020184532509262484,0.044870118600565494,0.023660740856631904
4,8,0,False,6,Spoofing,0,Benign,0.251477510210996,0.53516050773996,0.2923458153597764
4,8,0,False,6,Spoofing,1,BruteForce,0.1029926828336944,0.018966048565760146,0.08132890682793152
4,8,0,False,6,Spoofing,2,DDoS,0.008620515965693252,0.024195027613423143,0.010805057826152287
4,8,0,False,6,Spoofing,3,DoS,0.11647498233732238,0.01564122905883193,0.14706099631366057
4,8,0,False,6,Spoofing,4,Mirai,0.28786341423763345,0.07994400548524448,0.25200663465848705
4,8,0,False,6,Spoofing,5,Recon,0.18593365773567452,0.1049119531405451,0.17343036558977548
4,8,0,False,6,Spoofing,6,Spoofing,0.028112172188037115,0.18302995581582004,0.020743613204132268
4,8,0,False,6,Spoofing,7,Web-Based,0.018525064490948744,0.03815127258041516,0.022278610220084438
4,8,0,False,7,Web-Based,0,Benign,0.25430359221871773,0.5488409479823619,0.30038018190762333
4,8,0,False,7,Web-Based,1,BruteForce,0.09263826314992585,0.019135403409945656,0.08131166375752925
4,8,0,False,7,Web-Based,2,DDoS,0.009432821151849043,0.02783236400435949,0.016118414029412994
4,8,0,False,7,Web-Based,3,DoS,0.10925318961806062,0.016566767782370324,0.10294941465277208
4,8,0,False,7,Web-Based,4,Mirai,0.3484784853691285,0.09882561472244822,0.3062531154296529
4,8,0,False,7,Web-Based,5,Recon,0.1454067618700787,0.09537637191819076,0.14931776145562006
4,8,0,False,7,Web-Based,6,Spoofing,0.02277587589514542,0.1554511756071837,0.02162325149165005
4,8,0,False,7,Web-Based,7,Web-Based,0.017711010727094117,0.03797135457313988,0.02204619727573924
4,8,1,True,0,Benign,0,Benign,0.4543315166072984,0.5513877600447902,0.0115440898592164
4,8,1,True,0,Benign,1,BruteForce,0.005512128471865592,0.016556066029480947,0.011250505764391865
4,8,1,True,0,Benign,2,DDoS,0.03958336096028235,0.05263060080504971,0.08278370598212627
4,8,1,True,0,Benign,3,DoS,0.007648134865304731,0.02519764124390212,0.018663974783992048
4,8,1,True,0,Benign,4,Mirai,0.06426212202929246,0.07592697931821502,0.0916308303637353
4,8,1,True,0,Benign,5,Recon,0.143422744369717,0.09331959838231721,0.30937222879502496
4,8,1,True,0,Benign,6,Spoofing,0.2804027121414753,0.15234757415887223,0.46688001753333996
4,8,1,True,0,Benign,7,Web-Based,0.004837280554764121,0.0326337800173725,0.007874646918173266
4,8,1,True,1,BruteForce,0,Benign,0.4470297294709196,0.5513801253596069,0.010939142209091184
4,8,1,True,1,BruteForce,1,BruteForce,0.006234916728031649,0.023576857069582065,0.011458797203437069
4,8,1,True,1,BruteForce,2,DDoS,0.022436778661613605,0.02825581033071321,0.04499154029680548
4,8,1,True,1,BruteForce,3,DoS,0.006290794459716041,0.011710265997992833,0.011964748997474977
4,8,1,True,1,BruteForce,4,Mirai,0.07168450975159342,0.09604126747330274,0.09669317755094246
4,8,1,True,1,BruteForce,5,Recon,0.1368122182761955,0.08848709072677563,0.31793560499664697
4,8,1,True,1,BruteForce,6,Spoofing,0.30493686636139217,0.15360626614875164,0.4983507183452729
4,8,1,True,1,BruteForce,7,Web-Based,0.004574186290538064,0.04694231689327497,0.0076662704003289
4,8,1,True,2,DDoS,0,Benign,0.4372355385705567,0.20011434903215738,0.00670416002287323
4,8,1,True,2,DDoS,1,BruteForce,0.0065335291010297225,0.013863528648765113,0.00849074941663019
4,8,1,True,2,DDoS,2,DDoS,0.3482604042514628,0.576500048649476,0.6473543342640009
4,8,1,True,2,DDoS,3,DoS,0.01103933347662705,0.02464213028733665,0.023195799105994615
4,8,1,True,2,DDoS,4,Mirai,0.03163856163295967,0.04288184684067563,0.035649079256525745
4,8,1,True,2,DDoS,5,Recon,0.06231936703404913,0.061349763904554495,0.11647882417174132
4,8,1,True,2,DDoS,6,Spoofing,0.09280012754275747,0.054694771763862664,0.15367069699528235
4,8,1,True,2,DDoS,7,Web-Based,0.010173138390557458,0.025953560873172098,0.008456356766951674
4,8,1,True,3,DoS,0,Benign,0.44204970249396347,0.11214782503852885,0.012133653430685695
4,8,1,True,3,DoS,1,BruteForce,0.005339560957261185,0.01298520975966575,0.010234815435566294
4,8,1,True,3,DoS,2,DDoS,0.10869040064402538,0.161961703677268,0.1813398852294473
4,8,1,True,3,DoS,3,DoS,0.31121040906060593,0.5450480188258566,0.5390812360899498
4,8,1,True,3,DoS,4,Mirai,0.02199423059995563,0.030748094666202815,0.03665485493772845
4,8,1,True,3,DoS,5,Recon,0.03787657535959409,0.04095690090889675,0.06098185410589218
4,8,1,True,3,DoS,6,Spoofing,0.06604203434934319,0.07430279609419083,0.1494176009326028
4,8,1,True,3,DoS,7,Web-Based,0.006797086535251153,0.02184945102939041,0.010156099838127352
4,8,1,True,4,Mirai,0,Benign,0.44208298402707846,0.5079543400195876,0.011977958627275605
4,8,1,True,4,Mirai,1,BruteForce,0.00677519350226466,0.018567920009346105,0.012213080288833679
4,8,1,True,4,Mirai,2,DDoS,0.0463681969146112,0.05623485642668978,0.08209994040883421
4,8,1,True,4,Mirai,3,DoS,0.007369487909045358,0.016665299637709265,0.0190462005779907
4,8,1,True,4,Mirai,4,Mirai,0.11662699335319514,0.15597936288395042,0.13255162611547927
4,8,1,True,4,Mirai,5,Recon,0.08785175803030305,0.06384667584079441,0.22069791073852
4,8,1,True,4,Mirai,6,Spoofing,0.2874746540460408,0.14830233552440517,0.5130840844697074
4,8,1,True,4,Mirai,7,Web-Based,0.005450732217461391,0.03244920965751721,0.008329198773359048
4,8,1,True,5,Recon,0,Benign,0.44386604457033235,0.547030921205778,0.010262096333179782
4,8,1,True,5,Recon,1,BruteForce,0.005626901265539564,0.022862988805216065,0.011062239670808346
4,8,1,True,5,Recon,2,DDoS,0.0178276457435209,0.02603675262492521,0.041472101649948016
4,8,1,True,5,Recon,3,DoS,0.005727277799434737,0.013927736829052791,0.01093335079757822
4,8,1,True,5,Recon,4,Mirai,0.06310077547235249,0.08034596479027138,0.08305504113175309
4,8,1,True,5,Recon,5,Recon,0.20212902151883544,0.12507380196843032,0.45028640696832256
4,8,1,True,5,Recon,6,Spoofing,0.25730490437211256,0.1398517151757608,0.3857985717820144
4,8,1,True,5,Recon,7,Web-Based,0.004417429257872061,0.044870118600565494,0.007130191666395696
4,8,1,True,6,Spoofing,0,Benign,0.4303279083318685,0.53516050773996,0.01147791077024147
4,8,1,True,6,Spoofing,1,BruteForce,0.005555185744303431,0.018966048565760146,0.011111816012270724
4,8,1,True,6,Spoofing,2,DDoS,0.017584703997671775,0.024195027613423143,0.039838994641762944
4,8,1,True,6,Spoofing,3,DoS,0.005928667396211539,0.01564122905883193,0.012568133895177991
4,8,1,True,6,Spoofing,4,Mirai,0.06555676469260403,0.07994400548524448,0.08929032998499556
4,8,1,True,6,Spoofing,5,Recon,0.15893826006081477,0.1049119531405451,0.3256757224883316
4,8,1,True,6,Spoofing,6,Spoofing,0.3116924727679894,0.18302995581582004,0.502509164864059
4,8,1,True,6,Spoofing,7,Web-Based,0.004416037008536511,0.03815127258041516,0.007527927343160605
4,8,1,True,7,Web-Based,0,Benign,0.4390583924182047,0.5488409479823619,0.011396068921519873
4,8,1,True,7,Web-Based,1,BruteForce,0.005828041125840382,0.019135403409945656,0.01186759228248964
4,8,1,True,7,Web-Based,2,DDoS,0.023168602175645255,0.02783236400435949,0.04902578708466361
4,8,1,True,7,Web-Based,3,DoS,0.006017791598263628,0.016566767782370324,0.012742154153571519
4,8,1,True,7,Web-Based,4,Mirai,0.0859450773664683,0.09882561472244822,0.10930045716950115
4,8,1,True,7,Web-Based,5,Recon,0.13851713940226903,0.09537637191819076,0.31618854652603784
4,8,1,True,7,Web-Based,6,Spoofing,0.29662188455418753,0.1554511756071837,0.48166719375118716
4,8,1,True,7,Web-Based,7,Web-Based,0.004843071359121137,0.03797135457313988,0.007812200111029302
4,8,2,False,0,Benign,0,Benign,0.18048238517611906,0.5513877600447902,0.19555186028304736
4,8,2,False,0,Benign,1,BruteForce,0.02086733118550563,0.016556066029480947,0.04335597747402379
4,8,2,False,0,Benign,2,DDoS,0.02120887444318394,0.05263060080504971,0.024204151952344377
4,8,2,False,0,Benign,3,DoS,0.008749620386306198,0.02519764124390212,0.017692127169578416
4,8,2,False,0,Benign,4,Mirai,0.34457898666847747,0.07592697931821502,0.24773755582195378
4,8,2,False,0,Benign,5,Recon,0.35393835487272063,0.09331959838231721,0.3861233738890357
4,8,2,False,0,Benign,6,Spoofing,0.04617281207377871,0.15234757415887223,0.048446336681487685
4,8,2,False,0,Benign,7,Web-Based,0.024001635193908362,0.0326337800173725,0.0368886167285289
4,8,2,False,1,BruteForce,0,Benign,0.1761494983019079,0.5513801253596069,0.19649372644100968
4,8,2,False,1,BruteForce,1,BruteForce,0.03137434360321239,0.023576857069582065,0.05021055667244276
4,8,2,False,1,BruteForce,2,DDoS,0.014777397741677885,0.02825581033071321,0.018389876427602637
4,8,2,False,1,BruteForce,3,DoS,0.006878761950254609,0.011710265997992833,0.012798792813184863
4,8,2,False,1,BruteForce,4,Mirai,0.3715265130591605,0.09604126747330274,0.2659225685124101
4,8,2,False,1,BruteForce,5,Recon,0.31523948939052054,0.08848709072677563,0.3654524691129537
4,8,2,False,1,BruteForce,6,Spoofing,0.04648364812452137,0.15360626614875164,0.04554846743737031
4,8,2,False,1,BruteForce,7,Web-Based,0.03757034782874488,0.04694231689327497,0.045183542583026
4,8,2,False,2,DDoS,0,Benign,0.057690014766659206,0.20011434903215738,0.09039253305891366
4,8,2,False,2,DDoS,1,BruteForce,0.01403245181885532,0.013863528648765113,0.027980369749711135
4,8,2,False,2,DDoS,2,DDoS,0.6067555594701031,0.576500048649476,0.46203873874378953
4,8,2,False,2,DDoS,3,DoS,0.010996678444565922,0.02464213028733665,0.022595769818427112
4,8,2,False,2,DDoS,4,Mirai,0.1664313656748282,0.04288184684067563,0.14948551029105395
4,8,2,False,2,DDoS,5,Recon,0.11184087032256348,0.061349763904554495,0.18042168430663616
4,8,2,False,2,DDoS,6,Spoofing,0.017236693480219223,0.054694771763862664,0.039677920651722126
4,8,2,False,2,DDoS,7,Web-Based,0.015016366022205638,0.025953560873172098,0.02740747337974642
4,8,2,False,3,DoS,0,Benign,0.04861073958537333,0.11214782503852885,0.10718481152491297
4,8,2,False,3,DoS,1,BruteForce,0.01134646411778286,0.01298520975966575,0.030340141775408738
4,8,2,False,3,DoS,2,DDoS,0.1605129163813387,0.161961703677268,0.11963948514919728
4,8,2,False,3,DoS,3,DoS,0.5193028343452075,0.5450480188258566,0.229327526945055
4,8,2,False,3,DoS,4,Mirai,0.1260976209675335,0.030748094666202815,0.1914166379592827
4,8,2,False,3,DoS,5,Recon,0.09698274537332635,0.04095690090889675,0.24204363065857154
4,8,2,False,3,DoS,6,Spoofing,0.02276935041007117,0.07430279609419083,0.04974036113193333
4,8,2,False,3,DoS,7,Web-Based,0.014377328819366646,0.02184945102939041,0.030307404855638424
4,8,2,False,4,Mirai,0,Benign,0.1503325161516077,0.5079543400195876,0.18755389301657102
4,8,2,False,4,Mirai,1,BruteForce,0.02316025101233986,0.018567920009346105,0.04709411354682958
4,8,2,False,4,Mirai,2,DDoS,0.01832762420443862,0.05623485642668978,0.023039729357960073
4,8,2,False,4,Mirai,3,DoS,0.008447154100460189,0.016665299637709265,0.01803171899716474
4,8,2,False,4,Mirai,4,Mirai,0.5657584511469123,0.15597936288395042,0.3521199778820599
4,8,2,False,4,Mirai,5,Recon,0.1732994668356125,0.06384667584079441,0.28527601738441993
4,8,2,False,4,Mirai,6,Spoofing,0.038528810522118,0.14830233552440517,0.04985987479353526
4,8,2,False,4,Mirai,7,Web-Based,0.02214572602651087,0.03244920965751721,0.03702467502145958
4,8,2,False,5,Recon,0,Benign,0.15992177312100928,0.547030921205778,0.1898734110713746
4,8,2,False,5,Recon,1,BruteForce,0.02806329896030525,0.022862988805216065,0.0506265397133419
4,8,2,False,5,Recon,2,DDoS,0.013229811578752462,0.02603675262492521,0.01741573348998338
4,8,2,False,5,Recon,3,DoS,0.006862482955463083,0.013927736829052791,0.012687050241555758
4,8,2,False,5,Recon,4,Mirai,0.31115875338487736,0.08034596479027138,0.24255515905150649
4,8,2,False,5,Recon,5,Recon,0.40708369689972995,0.12507380196843032,0.39945051477305843
4,8,2,False,5,Recon,6,Spoofing,0.0404466862075914,0.1398517151757608,0.04437366074073125
4,8,2,False,5,Recon,7,Web-Based,0.03323349689227122,0.044870118600565494,0.04301793091844832
4,8,2,False,6,Spoofing,0,Benign,0.16843137029744992,0.53516050773996,0.19452181443492522
4,8,2,False,6,Spoofing,1,BruteForce,0.02366883771513148,0.018966048565760146,0.046108329887921864
4,8,2,False,6,Spoofing,2,DDoS,0.01278777930046736,0.024195027613423143,0.02039122588599539
4,8,2,False,6,Spoofing,3,DoS,0.006218271241276939,0.01564122905883193,0.014914858844753263
4,8,2,False,6,Spoofing,4,Mirai,0.31420921261202117,0.07994400548524448,0.2265360791488103
4,8,2,False,6,Spoofing,5,Recon,0.3951399724735688,0.1049119531405451,0.4092619970304159
4,8,2,False,6,Spoofing,6,Spoofing,0.05153030464606763,0.18302995581582004,0.04964733878944321
4,8,2,False,6,Spoofing,7,Web-Based,0.028014251714016808,0.03815127258041516,0.03861835597773493
4,8,2,False,7,Web-Based,0,Benign,0.16796581182272752,0.5488409479823619,0.19811832850671074
4,8,2,False,7,Web-Based,1,BruteForce,0.024455005315516493,0.019135403409945656,0.046696774919406214
4,8,2,False,7,Web-Based,2,DDoS,0.014454929509505375,0.02783236400435949,0.020340652406939528
4,8,2,False,7,Web-Based,3,DoS,0.00692881674849846,0.016566767782370324,0.01404844562634325
4,8,2,False,7,Web-Based,4,Mirai,0.43128504640441273,0.09882561472244822,0.28138774577075754
4,8,2,False,7,Web-Based,5,Recon,0.28926243979675326,0.09537637191819076,0.35429246190802394
4,8,2,False,7,Web-Based,6,Spoofing,0.03864076716181776,0.1554511756071837,0.04575185413515572
4,8,2,False,7,Web-Based,7,Web-Based,0.027007183240768274,0.03797135457313988,0.03936373672666321
4,8,3,False,0,Benign,0,Benign,0.1108460751235699,0.5513877600447902,0.09664043385044996
4,8,3,False,0,Benign,1,BruteForce,0.3472706306788537,0.016556066029480947,0.3899195065579183
4,8,3,False,0,Benign,2,DDoS,0.1230359093637322,0.05263060080504971,0.10945777046777107
4,8,3,False,0,Benign,3,DoS,0.03078557615919188,0.02519764124390212,0.03830800989160171
4,8,3,False,0,Benign,4,Mirai,0.20739776092229,0.07592697931821502,0.19714914553313662
4,8,3,False,0,Benign,5,Recon,0.1066167489939645,0.09331959838231721,0.09750627878848743
4,8,3,False,0,Benign,6,Spoofing,0.04314349554891386,0.15234757415887223,0.04314489799547411
4,8,3,False,0,Benign,7,Web-Based,0.030903803209483924,0.0326337800173725,0.027873956915160855
4,8,3,False,1,BruteForce,0,Benign,0.08837240649979093,0.5513801253596069,0.0835939090962524
4,8,3,False,1,BruteForce,1,BruteForce,0.49086653475313013,0.023576857069582065,0.4961096713598841
4,8,3,False,1,BruteForce,2,DDoS,0.06681441842419666,0.02825581033071321,0.04981266289964326
4,8,3,False,1,BruteForce,3,DoS,0.025504874800656486,0.011710265997992833,0.024341770202166164
4,8,3,False,1,BruteForce,4,Mirai,0.1815331092891702,0.09604126747330274,0.19048493776915043
4,8,3,False,1,BruteForce,5,Recon,0.06290285902257702,0.08848709072677563,0.08482544989197978
4,8,3,False,1,BruteForce,6,Spoofing,0.04699176712291554,0.15360626614875164,0.043290506812756216
4,8,3,False,1,BruteForce,7,Web-Based,0.03701403008756291,0.04694231689327497,0.027541091968167602
4,8,3,False,2,DDoS,0,Benign,0.032097649461650134,0.20011434903215738,0.03801578485365128
4,8,3,False,2,DDoS,1,BruteForce,0.11718455769149445,0.013863528648765113,0.14116683188540702
4,8,3,False,2,DDoS,2,DDoS,0.6656501443759886,0.576500048649476,0.607835573033304
4,8,3,False,2,DDoS,3,DoS,0.01957715008954911,0.02464213028733665,0.024931785319781057
4,8,3,False,2,DDoS,4,Mirai,0.0730532491410485,0.04288184684067563,0.07742053091468186
4,8,3,False,2,DDoS,5,Recon,0.06075622278881448,0.061349763904554495,0.06184788991097154
4,8,3,False,2,DDoS,6,Spoofing,0.016061111583072083,0.054694771763862664,0.02794763321361146
4,8,3,False,2,DDoS,7,Web-Based,0.015619914868382696,0.025953560873172098,0.020833970868591754
4,8,3,False,3,DoS,0,Benign,0.028952018034610047,0.11214782503852885,0.04844710560217969
4,8,3,False,3,DoS,1,BruteForce,0.08695502963349135,0.01298520975966575,0.15757942892021087
4,8,3,False,3,DoS,2,DDoS,0.2747926419909789,0.161961703677268,0.2844666932636793
4,8,3,False,3,DoS,3,DoS,0.4608207851097063,0.5450480188258566,0.2590597842482525
4,8,3,False,3,DoS,4,Mirai,0.08505000346010234,0.030748094666202815,0.12587295879305702
4,8,3,False,3,DoS,5,Recon,0.027715357656998767,0.04095690090889675,0.05952292200259722
4,8,3,False,3,DoS,6,Spoofing,0.02038696255621127,0.07430279609419083,0.04187396807828116
4,8,3,False,3,DoS,7,Web-Based,0.01532720155790109,0.02184945102939041,0.02317713909174224
4,8,3,False,4,Mirai,0,Benign,0.08675968856530634,0.5079543400195876,0.08543018124470432
4,8,3,False,4,Mirai,1,BruteForce,0.37316481933967566,0.018567920009346105,0.42727412983350127
4,8,3,False,4,Mirai,2,DDoS,0.10832425101455544,0.05623485642668978,0.08728781641773449
4,8,3,False,4,Mirai,3,DoS,0.02215850715943601,0.016665299637709265,0.03073508424460966
4,8,3,False,4,Mirai,4,Mirai,0.2800918939065605,0.15597936288395042,0.2211238440932929
4,8,3,False,4,Mirai,5,Recon,0.05709779046275123,0.06384667584079441,0.07577373081537751
4,8,3,False,4,Mirai,6,Spoofing,0.04162087396455786,0.14830233552440517,0.04420236123855148
4,8,3,False,4,Mirai,7,Web-Based,0.030782175587157127,0.03244920965751721,0.028172852112228502
4,8,3,False,5,Recon,0,Benign,0.08198837036818349,0.547030921205778,0.08359497826856373
4,8,3,False,5,Recon,1,BruteForce,0.4948774073841611,0.022862988805216065,0.49867141166610196
4,8,3,False,5,Recon,2,DDoS,0.060765314774827744,0.02603675262492521,0.04813660576220748
4,8,3,False,5,Recon,3,DoS,0.028535228815359085,0.013927736829052791,0.025537983779200416
4,8,3,False,5,Recon,4,Mirai,0.152603751280022,0.08034596479027138,0.18140117542834927
4,8,3,False,5,Recon,5,Recon,0.09941841752016503,0.12507380196843032,0.09328048395937594
4,8,3,False,5,Recon,6,Spoofing,0.04346067780178798,0.1398517151757608,0.04202316763557688
4,8,3,False,5,Recon,7,Web-Based,0.03835083205549369,0.044870118600565494,0.027354193500624385
4,8,3,False,6,Spoofing,0,Benign,0.10893973445929866,0.53516050773996,0.10028474233264223
4,8,3,False,6,Spoofing,1,BruteForce,0.3928998577675194,0.018966048565760146,0.4321261392221168
4,8,3,False,6,Spoofing,2,DDoS,0.05870282148341961,0.024195027613423143,0.060954517439919885
4,8,3,False,6,Spoofing,3,DoS,0.02326022671242732,0.01564122905883193,0.03061468371082537
4,8,3,False,6,Spoofing,4,Mirai,0.2064265810037142,0.07994400548524448,0.20209524857499933
4,8,3,False,6,Spoofing,5,Recon,0.12404099320176215,0.1049119531405451,0.1005903122083862
4,8,3,False,6,Spoofing,6,Spoofing,0.05217348122871496,0.18302995581582004,0.04593849479398274
4,8,3,False,6,Spoofing,7,Web-Based,0.033556304143143846,0.03815127258041516,0.027395861717127497
4,8,3,False,7,Web-Based,0,Benign,0.10111408767125167,0.5488409479823619,0.0977203372961542
4,8,3,False,7,Web-Based,1,BruteForce,0.40484908731544905,0.019135403409945656,0.443778206912821
4,8,3,False,7,Web-Based,2,DDoS,0.08271981404289275,0.02783236400435949,0.06715439945069804
4,8,3,False,7,Web-Based,3,DoS,0.024157450995278693,0.016566767782370324,0.025752113867402164
4,8,3,False,7,Web-Based,4,Mirai,0.20472521487542278,0.09882561472244822,0.19955413503414898
4,8,3,False,7,Web-Based,5,Recon,0.10390865002572594,0.09537637191819076,0.09551412794510059
4,8,3,False,7,Web-Based,6,Spoofing,0.043746077574150354,0.1554511756071837,0.042107321096956286
4,8,3,False,7,Web-Based,7,Web-Based,0.03477961749982864,0.03797135457313988,0.028419358396718747
4,8,4,False,0,Benign,0,Benign,0.5781787027720942,0.5513877600447902,0.5114515187442072
4,8,4,False,0,Benign,1,BruteForce,0.013625490953622124,0.016556066029480947,0.017366935477572266
4,8,4,False,0,Benign,2,DDoS,0.016467090991190075,0.05263060080504971,0.026437907769421
4,8,4,False,0,Benign,3,DoS,0.072769063111303,0.02519764124390212,0.11089901444123246
4,8,4,False,0,Benign,4,Mirai,0.06348293489922281,0.07592697931821502,0.04991146514848598
4,8,4,False,0,Benign,5,Recon,0.03704149788233815,0.09331959838231721,0.04847753993231641
4,8,4,False,0,Benign,6,Spoofing,0.1319155124074029,0.15234757415887223,0.12582687160653092
4,8,4,False,0,Benign,7,Web-Based,0.0865197069828268,0.0326337800173725,0.10962874688023375
4,8,4,False,1,BruteForce,0,Benign,0.5632832657015036,0.5513801253596069,0.5282264517855866
4,8,4,False,1,BruteForce,1,BruteForce,0.01970407422956765,0.023576857069582065,0.019036748089442165
4,8,4,False,1,BruteForce,2,DDoS,0.01607695741596942,0.02825581033071321,0.0284632038330958
4,8,4,False,1,BruteForce,3,DoS,0.013072167379052292,0.011710265997992833,0.031344618400644994
4,8,4,False,1,BruteForce,4,Mirai,0.07699551619768338,0.09604126747330274,0.055386972560604826
4,8,4,False,1,BruteForce,5,Recon,0.035572811804177054,0.08848709072677563,0.05423192085174975
4,8,4,False,1,BruteForce,6,Spoofing,0.14426522750925472,0.15360626614875164,0.1357970920221956
4,8,4,False,1,BruteForce,7,Web-Based,0.13102997976279201,0.04694231689327497,0.14751299245668045
4,8,4,False,2,DDoS,0,Benign,0.16125690507465926,0.20011434903215738,0.18709365275041412
4,8,4,False,2,DDoS,1,BruteForce,0.011891498238954109,0.013863528648765113,0.017858336913377494
4,8,4,False,2,DDoS,2,DDoS,0.5800355720877972,0.576500048649476,0.4406137479322991
4,8,4,False,2,DDoS,3,DoS,0.08853158775126391,0.02464213028733665,0.12708842784619223
4,8,4,False,2,DDoS,4,Mirai,0.03272271413725246,0.04288184684067563,0.036204004207936624
4,8,4,False,2,DDoS,5,Recon,0.024651248531865882,0.061349763904554495,0.04094537065286566
4,8,4,False,2,DDoS,6,Spoofing,0.05004482071147116,0.054694771763862664,0.07734640427145834
4,8,4,False,2,DDoS,7,Web-Based,0.05086565346673602,0.025953560873172098,0.07285005542545647
4,8,4,False,3,DoS,0,Benign,0.060596022369261066,0.11214782503852885,0.08708292581837755
4,8,4,False,3,DoS,1,BruteForce,0.006665647358034361,0.01298520975966575,0.012171802823390258
4,8,4,False,3,DoS,2,DDoS,0.02563666257573534,0.161961703677268,0.024614061106730322
4,8,4,False,3,DoS,3,DoS,0.8305547816441075,0.5450480188258566,0.7508578455363979
4,8,4,False,3,DoS,4,Mirai,0.01196400092756199,0.030748094666202815,0.01913003848239789
4,8,4,False,3,DoS,5,Recon,0.009748237289393506,0.04095690090889675,0.01934035014494665
4,8,4,False,3,DoS,6,Spoofing,0.03733231027509008,0.07430279609419083,0.055820477857178356
4,8,4,False,3,DoS,7,Web-Based,0.017502337560816154,0.02184945102939041,0.030982498230580885
4,8,4,False,4,Mirai,0,Benign,0.5334993489435033,0.5079543400195876,0.4977157399392206
4,8,4,False,4,Mirai,1,BruteForce,0.01671269960827504,0.018567920009346105,0.01855210871346273
4,8,4,False,4,Mirai,2,DDoS,0.017517126011572095,0.05623485642668978,0.026361674156741354
4,8,4,False,4,Mirai,3,DoS,0.03940050139226528,0.016665299637709265,0.10781893446293969
4,8,4,False,4,Mirai,4,Mirai,0.14574282193473997,0.15597936288395042,0.059284748637164736
4,8,4,False,4,Mirai,5,Recon,0.03027115646836876,0.06384667584079441,0.04550408303926764
4,8,4,False,4,Mirai,6,Spoofing,0.13256040707215247,0.14830233552440517,0.13222123356476034
4,8,4,False,4,Mirai,7,Web-Based,0.08429593856912308,0.03244920965751721,0.11254147748644304
4,8,4,False,5,Recon,0,Benign,0.5594116978928169,0.547030921205778,0.5246019121966853
4,8,4,False,5,Recon,1,BruteForce,0.01865955585360968,0.022862988805216065,0.019442493841698518
4,8,4,False,5,Recon,2,DDoS,0.015674234277585852,0.02603675262492521,0.027688213791934
4,8,4,False,5,Recon,3,DoS,0.013559896812970056,0.013927736829052791,0.03830388342453052
4,8,4,False,5,Recon,4,Mirai,0.05765288137301355,0.08034596479027138,0.05298307736818511
4,8,4,False,5,Recon,5,Recon,0.05744006959743641,0.12507380196843032,0.061603524042038886
4,8,4,False,5,Recon,6,Spoofing,0.12235785291397344,0.1398517151757608,0.12630289643235015
4,8,4,False,5,Recon,7,Web-Based,0.1552438112785942,0.044870118600565494,0.14907399890257753
4,8,4,False,6,Spoofing,0,Benign,0.5886690090539569,0.53516050773996,0.536411515885959
4,8,4,False,6,Spoofing,1,BruteForce,0.015254210521056036,0.018966048565760146,0.01758753122824101
4,8,4,False,6,Spoofing,2,DDoS,0.01446160123108338,0.024195027613423143,0.025898201098156284
4,8,4,False,6,Spoofing,3,DoS,0.020258500738532977,0.01564122905883193,0.06500057060532138
4,8,4,False,6,Spoofing,4,Mirai,0.06346112965939714,0.07994400548524448,0.05247179253811593
4,8,4,False,6,Spoofing,5,Recon,0.04144301658019998,0.1049119531405451,0.05039951941938945
4,8,4,False,6,Spoofing,6,Spoofing,0.15825676556329224,0.18302995581582004,0.13523722312355066
4,8,4,False,6,Spoofing,7,Web-Based,0.09819576665248142,0.03815127258041516,0.11699364610126642
4,8,4,False,7,Web-Based,0,Benign,0.5901888427096347,0.5488409479823619,0.545824890564863
4,8,4,False,7,Web-Based,1,BruteForce,0.01661825184954237,0.019135403409945656,0.018153644184725353
4,8,4,False,7,Web-Based,2,DDoS,0.015829706327652585,0.02783236400435949,0.0270005517169475
4,8,4,False,7,Web-Based,3,DoS,0.026829123739245713,0.016566767782370324,0.051916731855637416
4,8,4,False,7,Web-Based,4,Mirai,0.07132000756116408,0.09882561472244822,0.05308355155809919
4,8,4,False,7,Web-Based,5,Recon,0.03737725585001926,0.09537637191819076,0.04998887558676116
4,8,4,False,7,Web-Based,6,Spoofing,0.1362475210869024,0.1554511756071837,0.12930244102769778
4,8,4,False,7,Web-Based,7,Web-Based,0.10558929087583899,0.03797135457313988,0.12472931350526854
4,8,5,False,0,Benign,0,Benign,0.4009962768769364,0.5513877600447902,0.3949940662695713
4,8,5,False,0,Benign,1,BruteForce,0.009737650246497143,0.016556066029480947,0.016511035679268198
4,8,5,False,0,Benign,2,DDoS,0.055310176855137234,0.05263060080504971,0.05068400851883798
4,8,5,False,0,Benign,3,DoS,0.008527274603926981,0.02519764124390212,0.016428678385103694
4,8,5,False,0,Benign,4,Mirai,0.01990605842152181,0.07592697931821502,0.019976043200271187
4,8,5,False,0,Benign,5,Recon,0.077769033639758,0.09331959838231721,0.0796652726590334
4,8,5,False,0,Benign,6,Spoofing,0.4125556066634825,0.15234757415887223,0.40255422714828437
4,8,5,False,0,Benign,7,Web-Based,0.015197922692740062,0.0326337800173725,0.01918666813962988
4,8,5,False,1,BruteForce,0,Benign,0.4157410497424923,0.5513801253596069,0.42339472500805075
4,8,5,False,1,BruteForce,1,BruteForce,0.011703631188293345,0.023576857069582065,0.016828070118440053
4,8,5,False,1,BruteForce,2,DDoS,0.01880135208281445,0.02825581033071321,0.03702570081811362
4,8,5,False,1,BruteForce,3,DoS,0.006501585045528667,0.011710265997992833,0.013948945221778477
4,8,5,False,1,BruteForce,4,Mirai,0.02009189994689332,0.09604126747330274,0.019807443748058387
4,8,5,False,1,BruteForce,5,Recon,0.09564927412649651,0.08848709072677563,0.08446154812879791
4,8,5,False,1,BruteForce,6,Spoofing,0.4119550450941614,0.15360626614875164,0.3836755971714746
4,8,5,False,1,BruteForce,7,Web-Based,0.019556162773320035,0.04694231689327497,0.02085796978528626
4,8,5,False,2,DDoS,0,Benign,0.1256396152908716,0.20011434903215738,0.14006204196583896
4,8,5,False,2,DDoS,1,BruteForce,0.008170898154009306,0.013863528648765113,0.015118387278342192
4,8,5,False,2,DDoS,2,DDoS,0.650129643335748,0.576500048649476,0.5699848477141761
4,8,5,False,2,DDoS,3,DoS,0.0074389656191667765,0.02464213028733665,0.014136422696305708
4,8,5,False,2,DDoS,4,Mirai,0.010322810064322105,0.04288184684067563,0.016686788161266935
4,8,5,False,2,DDoS,5,Recon,0.05600560621472784,0.061349763904554495,0.059857837735661334
4,8,5,False,2,DDoS,6,Spoofing,0.13198343733431844,0.054694771763862664,0.1651709392110041
4,8,5,False,2,DDoS,7,Web-Based,0.010309023986835995,0.025953560873172098,0.018982735237404586
4,8,5,False,3,DoS,0,Benign,0.08445492739522169,0.11214782503852885,0.17218343662378524
4,8,5,False,3,DoS,1,BruteForce,0.010355501081799933,0.01298520975966575,0.017112470154734424
4,8,5,False,3,DoS,2,DDoS,0.2002661040967529,0.161961703677268,0.13868326430204972
4,8,5,False,3,DoS,3,DoS,0.42978740413406097,0.5450480188258566,0.14680163444492883
4,8,5,False,3,DoS,4,Mirai,0.009821196988398416,0.030748094666202815,0.021423462742001614
4,8,5,False,3,DoS,5,Recon,0.03004362810878086,0.04095690090889675,0.06217380924966875
4,8,5,False,3,DoS,6,Spoofing,0.22585903684222422,0.07430279609419083,0.4250204169792452
4,8,5,False,3,DoS,7,Web-Based,0.009412201352761017,0.02184945102939041,0.016601505503586165
4,8,5,False,4,Mirai,0,Benign,0.3855017758086619,0.5079543400195876,0.38699774478070675
4,8,5,False,4,Mirai,1,BruteForce,0.0116217013222955,0.018567920009346105,0.01715791176952036
4,8,5,False,4,Mirai,2,DDoS,0.053615364147104626,0.05623485642668978,0.046342724047623414
4,8,5,False,4,Mirai,3,DoS,0.007663441382105676,0.016665299637709265,0.015964871696969776
4,8,5,False,4,Mirai,4,Mirai,0.024840085445173448,0.15597936288395042,0.02101833076417777
4,8,5,False,4,Mirai,5,Recon,0.05873679315201257,0.06384667584079441,0.07178465736175996
4,8,5,False,4,Mirai,6,Spoofing,0.44284230645348105,0.14830233552440517,0.4225236271779811
4,8,5,False,4,Mirai,7,Web-Based,0.015178532289165193,0.03244920965751721,0.018210132401260765
4,8,5,False,5,Recon,0,Benign,0.40929924535406437,0.547030921205778,0.4286206932370712
4,8,5,False,5,Recon,1,BruteForce,0.011191593337911152,0.022862988805216065,0.016706483705206665
4,8,5,False,5,Recon,2,DDoS,0.017119196396993903,0.02603675262492521,0.03576984253645233
4,8,5,False,5,Recon,3,DoS,0.0062743038739969436,0.013927736829052791,0.013700870714260674
4,8,5,False,5,Recon,4,Mirai,0.018496230594363137,0.08034596479027138,0.01918451935794694
4,8,5,False,5,Recon,5,Recon,0.16317643161190182,0.12507380196843032,0.10418607771330361
4,8,5,False,5,Recon,6,Spoofing,0.3524869686220732,0.1398517151757608,0.3604877772583204
4,8,5,False,5,Recon,7,Web-Based,0.02195603020869551,0.044870118600565494,0.021343735477438147
4,8,5,False,6,Spoofing,0,Benign,0.399381363371497,0.53516050773996,0.3969013659889291
4,8,5,False,6,Spoofing,1,BruteForce,0.010007657770815777,0.018966048565760146,0.016440510094442768
4,8,5,False,6,Spoofing,2,DDoS,0.01713322885592774,0.024195027613423143,0.03796854364615823
4,8,5,False,6,Spoofing,3,DoS,0.007218731716880156,0.01564122905883193,0.015869626828579602
4,8,5,False,6,Spoofing,4,Mirai,0.01952198701622815,0.07994400548524448,0.019910739107708086
4,8,5,False,6,Spoofing,5,Recon,0.08486309963729821,0.1049119531405451,0.07586625026273454
4,8,5,False,6,Spoofing,6,Spoofing,0.44667744540856774,0.18302995581582004,0.41871909821095865
4,8,5,False,6,Spoofing,7,Web-Based,0.015196486222785086,0.03815127258041516,0.01832386586048903
4,8,5,False,7,Web-Based,0,Benign,0.43895996988300606,0.5488409479823619,0.4295461490919319
4,8,5,False,7,Web-Based,1,BruteForce,0.010601080640588333,0.019135403409945656,0.016613345946749965
4,8,5,False,7,Web-Based,2,DDoS,0.019744357362600298,0.02783236400435949,0.03988020068775722
4,8,5,False,7,Web-Based,3,DoS,0.0070237357727531155,0.016566767782370324,0.014490127521511948
4,8,5,False,7,Web-Based,4,Mirai,0.02101503885327696,0.09882561472244822,0.01991901086005789
4,8,5,False,7,Web-Based,5,Recon,0.07855420234962286,0.09537637191819076,0.07822231968770609
4,8,5,False,7,Web-Based,6,Spoofing,0.40746892252198746,0.1554511756071837,0.38199006739055763
4,8,5,False,7,Web-Based,7,Web-Based,0.016632692616164863,0.03797135457313988,0.01933877881372748
4,8,6,False,0,Benign,0,Benign,0.5662256895789971,0.5513877600447902,0.5665400724785987
4,8,6,False,0,Benign,1,BruteForce,0.07611439660272638,0.016556066029480947,0.07324667748454332
4,8,6,False,0,Benign,2,DDoS,0.01246051074755117,0.05263060080504971,0.016606781633218694
4,8,6,False,0,Benign,3,DoS,0.020922243960792817,0.02519764124390212,0.02908935793997478
4,8,6,False,0,Benign,4,Mirai,0.2712444253604408,0.07592697931821502,0.251572806884142
4,8,6,False,0,Benign,5,Recon,0.022066447025994473,0.09331959838231721,0.02170086091160983
4,8,6,False,0,Benign,6,Spoofing,0.01713816310270433,0.15234757415887223,0.02271445457152364
4,8,6,False,0,Benign,7,Web-Based,0.013828123620792927,0.0326337800173725,0.01852898809638906
4,8,6,False,1,BruteForce,0,Benign,0.5152772731498576,0.5513801253596069,0.5474973395967081
4,8,6,False,1,BruteForce,1,BruteForce,0.10690585861048182,0.023576857069582065,0.08973052826229379
4,8,6,False,1,BruteForce,2,DDoS,0.013393171733511148,0.02825581033071321,0.01625629028815254
4,8,6,False,1,BruteForce,3,DoS,0.00919220332927587,0.011710265997992833,0.016982319903996623
4,8,6,False,1,BruteForce,4,Mirai,0.2992628714966949,0.09604126747330274,0.26794029106008715
4,8,6,False,1,BruteForce,5,Recon,0.021161986968348357,0.08848709072677563,0.021213046157681062
4,8,6,False,1,BruteForce,6,Spoofing,0.018889273513941235,0.15360626614875164,0.022132871675047912
4,8,6,False,1,BruteForce,7,Web-Based,0.015917361197889147,0.04694231689327497,0.018247313056032968
4,8,6,False,2,DDoS,0,Benign,0.24352024584876672,0.20011434903215738,0.3884599598895505
4,8,6,False,2,DDoS,1,BruteForce,0.05058278470990829,0.013863528648765113,0.06347316484577595
4,8,6,False,2,DDoS,2,DDoS,0.3629778756187941,0.576500048649476,0.1420855764188866
4,8,6,False,2,DDoS,3,DoS,0.03676265038217067,0.02464213028733665,0.04718551576419004
4,8,6,False,2,DDoS,4,Mirai,0.2519444201624401,0.04288184684067563,0.27667284341143794
4,8,6,False,2,DDoS,5,Recon,0.01856126683574602,0.061349763904554495,0.027754448702479086
4,8,6,False,2,DDoS,6,Spoofing,0.01582648538212012,0.054694771763862664,0.027364887149916993
4,8,6,False,2,DDoS,7,Web-Based,0.019824271060053942,0.025953560873172098,0.02700360381776286
4,8,6,False,3,DoS,0,Benign,0.12807416698437613,0.11214782503852885,0.3452165400748593
4,8,6,False,3,DoS,1,BruteForce,0.027008846951327607,0.01298520975966575,0.05139137383248603
4,8,6,False,3,DoS,2,DDoS,0.016231143364861693,0.161961703677268,0.023913993474766457
4,8,6,False,3,DoS,3,DoS,0.6891608785281588,0.5450480188258566,0.26737598433736803
4,8,6,False,3,DoS,4,Mirai,0.10756954902435358,0.030748094666202815,0.24320249601227611
4,8,6,False,3,DoS,5,Recon,0.009797175644551655,0.04095690090889675,0.01786204595792165
4,8,6,False,3,DoS,6,Spoofing,0.011237149112923934,0.07430279609419083,0.02906511275660133
4,8,6,False,3,DoS,7,Web-Based,0.01092109038944674,0.02184945102939041,0.021972453553721093
4,8,6,False,4,Mirai,0,Benign,0.4268691911828004,0.5079543400195876,0.5021935163819404
4,8,6,False,4,Mirai,1,BruteForce,0.08426807599797259,0.018567920009346105,0.08196082327597823
4,8,6,False,4,Mirai,2,DDoS,0.013267321057694343,0.05623485642668978,0.016592628412057844
4,8,6,False,4,Mirai,3,DoS,0.010194121899265907,0.016665299637709265,0.02364009457165466
4,8,6,False,4,Mirai,4,Mirai,0.41607709780678664,0.15597936288395042,0.3135281413572825
4,8,6,False,4,Mirai,5,Recon,0.017655325648214537,0.06384667584079441,0.020019872292429082
4,8,6,False,4,Mirai,6,Spoofing,0.017459294601527547,0.14830233552440517,0.023067946595017694
4,8,6,False,4,Mirai,7,Web-Based,0.0142095718057381,0.03244920965751721,0.01899697711363963
4,8,6,False,5,Recon,0,Benign,0.5291501261410176,0.547030921205778,0.5509907668848977
4,8,6,False,5,Recon,1,BruteForce,0.11095268625665018,0.022862988805216065,0.09011543323766241
4,8,6,False,5,Recon,2,DDoS,0.013057140481671904,0.02603675262492521,0.016106972093674496
4,8,6,False,5,Recon,3,DoS,0.010918055115559582,0.013927736829052791,0.017109256847176037
4,8,6,False,5,Recon,4,Mirai,0.26742904163300607,0.08034596479027138,0.26390925603396775
4,8,6,False,5,Recon,5,Recon,0.033827623450308666,0.12507380196843032,0.021926327482930004
4,8,6,False,5,Recon,6,Spoofing,0.017788238299116032,0.1398517151757608,0.02141031593412912
4,8,6,False,5,Recon,7,Web-Based,0.016877088622670018,0.044870118600565494,0.018431671485562504
4,8,6,False,6,Spoofing,0,Benign,0.5625798834097806,0.53516050773996,0.5722564450249433
4,8,6,False,6,Spoofing,1,BruteForce,0.08595135254769859,0.018966048565760146,0.07727738156114235
4,8,6,False,6,Spoofing,2,DDoS,0.011655815371341702,0.024195027613423143,0.015961065555623852
4,8,6,False,6,Spoofing,3,DoS,0.009289788512426215,0.01564122905883193,0.022689613214819104
4,8,6,False,6,Spoofing,4,Mirai,0.2759056635564381,0.07994400548524448,0.24887078924955303
4,8,6,False,6,Spoofing,5,Recon,0.02261253611761109,0.1049119531405451,0.022035615872665556
4,8,6,False,6,Spoofing,6,Spoofing,0.01802155872030703,0.18302995581582004,0.02284910776184445
4,8,6,False,6,Spoofing,7,Web-Based,0.013983401764396755,0.03815127258041516,0.018059981759408525
4,8,6,False,7,Web-Based,0,Benign,0.5242783000186737,0.5488409479823619,0.5609395277659274
4,8,6,False,7,Web-Based,1,BruteForce,0.08533271063418923,0.019135403409945656,0.07921245055040718
4,8,6,False,7,Web-Based,2,DDoS,0.012250348233659466,0.02783236400435949,0.015868369367134656
4,8,6,False,7,Web-Based,3,DoS,0.009300463314770071,0.016566767782370324,0.01910009004611149
4,8,6,False,7,Web-Based,4,Mirai,0.3164198010030794,0.09882561472244822,0.26386166570437647
4,8,6,False,7,Web-Based,5,Recon,0.02073460706524651,0.09537637191819076,0.021529987987394403
4,8,6,False,7,Web-Based,6,Spoofing,0.017318635316099847,0.1554511756071837,0.021505235588405395
4,8,6,False,7,Web-Based,7,Web-Based,0.014365134414281758,0.03797135457313988,0.01798267299024312
4,8,7,True,0,Benign,0,Benign,0.520540690854924,0.5513877600447902,0.19006200738381201
4,8,7,True,0,Benign,1,BruteForce,0.014404418299538866,0.016556066029480947,0.020224434467362364
4,8,7,True,0,Benign,2,DDoS,0.1632085359721727,0.05263060080504971,0.20766379600834892
4,8,7,True,0,Benign,3,DoS,0.017894707260258866,0.02519764124390212,0.04935550501832602
4,8,7,True,0,Benign,4,Mirai,0.035628452445816736,0.07592697931821502,0.09394680506887805
4,8,7,True,0,Benign,5,Recon,0.035994520920179345,0.09331959838231721,0.07136452125495582
4,8,7,True,0,Benign,6,Spoofing,0.16848816500734598,0.15234757415887223,0.2804892911367035
4,8,7,True,0,Benign,7,Web-Based,0.04384050923976344,0.0326337800173725,0.08689363966161333
4,8,7,True,1,BruteForce,0,Benign,0.5066055941995634,0.5513801253596069,0.20138525146779418
4,8,7,True,1,BruteForce,1,BruteForce,0.020380585497266967,0.023576857069582065,0.023224710183203334
4,8,7,True,1,BruteForce,2,DDoS,0.1376407307179923,0.02825581033071321,0.1650994376929682
4,8,7,True,1,BruteForce,3,DoS,0.006809175752397233,0.011710265997992833,0.014715253464496572
4,8,7,True,1,BruteForce,4,Mirai,0.03928071936268647,0.09604126747330274,0.10716327689430788
4,8,7,True,1,BruteForce,5,Recon,0.04079869842900511,0.08848709072677563,0.0822597277055845
4,8,7,True,1,BruteForce,6,Spoofing,0.18036558703591765,0.15360626614875164,0.2848892311519902
4,8,7,True,1,BruteForce,7,Web-Based,0.06811890900517091,0.04694231689327497,0.12126311143965526
4,8,7,True,2,DDoS,0,Benign,0.42776483023950695,0.20011434903215738,0.06315789945901491
4,8,7,True,2,DDoS,1,BruteForce,0.010341625195046715,0.013863528648765113,0.01467582121846028
4,8,7,True,2,DDoS,2,DDoS,0.4024154379024072,0.576500048649476,0.6790982590583068
4,8,7,True,2,DDoS,3,DoS,0.014249262930342633,0.02464213028733665,0.029915301785297034
4,8,7,True,2,DDoS,4,Mirai,0.02264663620629734,0.04288184684067563,0.03756973610451343
4,8,7,True,2,DDoS,5,Recon,0.03544626875721341,0.061349763904554495,0.05053802204661384
4,8,7,True,2,DDoS,6,Spoofing,0.056482792670986715,0.054694771763862664,0.08448000842134977
4,8,7,True,2,DDoS,7,Web-Based,0.03065314609819904,0.025953560873172098,0.04056495190644393
4,8,7,True,3,DoS,0,Benign,0.42531745238184315,0.11214782503852885,0.04972260344618292
4,8,7,True,3,DoS,1,BruteForce,0.008547408734244614,0.01298520975966575,0.014356442331074746
4,8,7,True,3,DoS,2,DDoS,0.17297145256468624,0.161961703677268,0.28075649353886467
4,8,7,True,3,DoS,3,DoS,0.2788650722050431,0.5450480188258566,0.4207169080753143
4,8,7,True,3,DoS,4,Mirai,0.013248711977887443,0.030748094666202815,0.03285208901325873
4,8,7,True,3,DoS,5,Recon,0.02693402470980018,0.04095690090889675,0.039216064908022354
4,8,7,True,3,DoS,6,Spoofing,0.05286757260632803,0.07430279609419083,0.13078423904227499
4,8,7,True,3,DoS,7,Web-Based,0.021248304820167162,0.02184945102939041,0.031595159645007344
4,8,7,True,4,Mirai,0,Benign,0.5142494823462539,0.5079543400195876,0.1855650372380019
4,8,7,True,4,Mirai,1,BruteForce,0.01687670375741429,0.018567920009346105,0.022131127290195243
4,8,7,True,4,Mirai,2,DDoS,0.17619651329562236,0.05623485642668978,0.20587021305424594
4,8,7,True,4,Mirai,3,DoS,0.009583976693507535,0.016665299637709265,0.04262696000184756
4,8,7,True,4,Mirai,4,Mirai,0.04763206636972855,0.15597936288395042,0.11111783965601191
4,8,7,True,4,Mirai,5,Recon,0.029899668448205758,0.06384667584079441,0.06175273355281833
4,8,7,True,4,Mirai,6,Spoofing,0.15918561835527414,0.14830233552440517,0.2815399875187624
4,8,7,True,4,Mirai,7,Web-Based,0.04637597073399336,0.03244920965751721,0.08939610168811668
4,8,7,True,5,Recon,0,Benign,0.5000479749082467,0.547030921205778,0.20421495942813525
4,8,7,True,5,Recon,1,BruteForce,0.019304005513257165,0.022862988805216065,0.02279085271920141
4,8,7,True,5,Recon,2,DDoS,0.13035675575776412,0.02603675262492521,0.16167187425190818
4,8,7,True,5,Recon,3,DoS,0.0067635315726451775,0.013927736829052791,0.014778713606031838
4,8,7,True,5,Recon,4,Mirai,0.035650051644242245,0.08034596479027138,0.10613234379293926
4,8,7,True,5,Recon,5,Recon,0.059092518613165536,0.12507380196843032,0.0971590489943933
4,8,7,True,5,Recon,6,Spoofing,0.17297095039599902,0.1398517151757608,0.26555285526483596
4,8,7,True,5,Recon,7,Web-Based,0.07581421159468008,0.044870118600565494,0.1276993519425549
4,8,7,True,6,Spoofing,0,Benign,0.5147865718253185,0.53516050773996,0.20661552026824628
4,8,7,True,6,Spoofing,1,BruteForce,0.01596485735130279,0.018966048565760146,0.02085801698794803
4,8,7,True,6,Spoofing,2,DDoS,0.12143643675504946,0.024195027613423143,0.15493616800557497
4,8,7,True,6,Spoofing,3,DoS,0.01011488110820947,0.01564122905883193,0.03847082851679906
4,8,7,True,6,Spoofing,4,Mirai,0.03796687757011725,0.07994400548524448,0.09757837906788357
4,8,7,True,6,Spoofing,5,Recon,0.037776335108361196,0.1049119531405451,0.07102919801651751
4,8,7,True,6,Spoofing,6,Spoofing,0.21344193584250468,0.18302995581582004,0.31579709415252577
4,8,7,True,6,Spoofing,7,Web-Based,0.048512104439136755,0.03815127258041516,0.09471479498450491
4,8,7,True,7,Web-Based,0,Benign,0.5283082221601927,0.5488409479823619,0.21226598187081436
4,8,7,True,7,Web-Based,1,BruteForce,0.016823923636641498,0.019135403409945656,0.02228738722789408
4,8,7,True,7,Web-Based,2,DDoS,0.1453302131006494,0.02783236400435949,0.16766626934633372
4,8,7,True,7,Web-Based,3,DoS,0.008428567838185965,0.016566767782370324,0.027573497704502545
4,8,7,True,7,Web-Based,4,Mirai,0.04104302991443761,0.09882561472244822,0.10738614640901221
4,8,7,True,7,Web-Based,5,Recon,0.036415804335242094,0.09537637191819076,0.07409610225798595
4,8,7,True,7,Web-Based,6,Spoofing,0.17049953187344494,0.1554511756071837,0.2845562635929751
4,8,7,True,7,Web-Based,7,Web-Based,0.05315070714120579,0.03797135457313988,0.10416835159048211
4,8,8,True,0,Benign,0,Benign,0.4733632426086824,0.5513877600447902,0.021810950269315753
4,8,8,True,0,Benign,1,BruteForce,0.007222517533085529,0.016556066029480947,0.01600275761022942
4,8,8,True,0,Benign,2,DDoS,0.027981546874815914,0.05263060080504971,0.050527097056081015
4,8,8,True,0,Benign,3,DoS,0.021472095232869373,0.02519764124390212,0.05542896077987327
4,8,8,True,0,Benign,4,Mirai,0.01866814997345206,0.07592697931821502,0.027866015471993612
4,8,8,True,0,Benign,5,Recon,0.023616840108908552,0.09331959838231721,0.04699553559445888
4,8,8,True,0,Benign,6,Spoofing,0.41898708766279497,0.15234757415887223,0.7650206642692088
4,8,8,True,0,Benign,7,Web-Based,0.008688520005391305,0.0326337800173725,0.016348018948839253
4,8,8,True,1,BruteForce,0,Benign,0.4450840659354334,0.5513801253596069,0.020994355746090623
4,8,8,True,1,BruteForce,1,BruteForce,0.008090283120290658,0.023576857069582065,0.015058484264763593
4,8,8,True,1,BruteForce,2,DDoS,0.019512248969662114,0.02825581033071321,0.02431701420126772
4,8,8,True,1,BruteForce,3,DoS,0.014908449025455186,0.011710265997992833,0.02464133151018529
4,8,8,True,1,BruteForce,4,Mirai,0.018795605654727456,0.09604126747330274,0.02698844641413626
4,8,8,True,1,BruteForce,5,Recon,0.020187887643304245,0.08848709072677563,0.046872993604331455
4,8,8,True,1,BruteForce,6,Spoofing,0.46506715661828985,0.15360626614875164,0.8257479406982378
4,8,8,True,1,BruteForce,7,Web-Based,0.008354303032837102,0.04694231689327497,0.015379433560987312
4,8,8,True,2,DDoS,0,Benign,0.46865329772273995,0.20011434903215738,0.013699868902236085
4,8,8,True,2,DDoS,1,BruteForce,0.008471202660848153,0.013863528648765113,0.014559939928850532
4,8,8,True,2,DDoS,2,DDoS,0.2757489331292233,0.576500048649476,0.5753435733898703
4,8,8,True,2,DDoS,3,DoS,0.020015661585502605,0.02464213028733665,0.0355672073720021
4,8,8,True,2,DDoS,4,Mirai,0.015989058551322433,0.04288184684067563,0.019524713804311238
4,8,8,True,2,DDoS,5,Recon,0.028542009614367633,0.061349763904554495,0.05250824397314719
4,8,8,True,2,DDoS,6,Spoofing,0.1662622009643751,0.054694771763862664,0.27138072069535446
4,8,8,True,2,DDoS,7,Web-Based,0.016317635771620837,0.025953560873172098,0.01741573193422817
4,8,8,True,3,DoS,0,Benign,0.5121084279669182,0.11214782503852885,0.02032126727057418
4,8,8,True,3,DoS,1,BruteForce,0.0070994198343339735,0.01298520975966575,0.019282406462451693
4,8,8,True,3,DoS,2,DDoS,0.054160114166577816,0.161961703677268,0.12415177480900132
4,8,8,True,3,DoS,3,DoS,0.24327516952667208,0.5450480188258566,0.4087992067718717
4,8,8,True,3,DoS,4,Mirai,0.011284423674077537,0.030748094666202815,0.02217535269174612
4,8,8,True,3,DoS,5,Recon,0.026018990573358047,0.04095690090889675,0.03368676920989656
4,8,8,True,3,DoS,6,Spoofing,0.13542776097880396,0.07430279609419083,0.35526064203240554
4,8,8,True,3,DoS,7,Web-Based,0.010625693279258464,0.02184945102939041,0.016322580752052833
4,8,8,True,4,Mirai,0,Benign,0.45743983547330913,0.5079543400195876,0.02087656950474786
4,8,8,True,4,Mirai,1,BruteForce,0.00767491543393685,0.018567920009346105,0.015983515560212366
4,8,8,True,4,Mirai,2,DDoS,0.023744036105110316,0.05623485642668978,0.038660112723592654
4,8,8,True,4,Mirai,3,DoS,0.01743657336286021,0.016665299637709265,0.04759563998341388
4,8,8,True,4,Mirai,4,Mirai,0.021407045473955593,0.15597936288395042,0.029070078330790852
4,8,8,True,4,Mirai,5,Recon,0.02042155589390271,0.06384667584079441,0.03957627185741308
4,8,8,True,4,Mirai,6,Spoofing,0.4438165765381215,0.14830233552440517,0.7936433695559995
4,8,8,True,4,Mirai,7,Web-Based,0.008059461718803694,0.03244920965751721,0.014594442483829661
4,8,8,True,5,Recon,0,Benign,0.4592934565798643,0.547030921205778,0.021093264373103205
4,8,8,True,5,Recon,1,BruteForce,0.0078073609730816285,0.022862988805216065,0.015407309782515434
4,8,8,True,5,Recon,2,DDoS,0.018819719886654273,0.02603675262492521,0.02369803646236753
4,8,8,True,5,Recon,3,DoS,0.01568427157873261,0.013927736829052791,0.024752002415600757
4,8,8,True,5,Recon,4,Mirai,0.01748063600611333,0.08034596479027138,0.026868550362366135
4,8,8,True,5,Recon,5,Recon,0.024527578584577787,0.12507380196843032,0.059178156633661286
4,8,8,True,5,Recon,6,Spoofing,0.4479183698641967,0.1398517151757608,0.8130179254396086
4,8,8,True,5,Recon,7,Web-Based,0.008468606526779322,0.044870118600565494,0.01598475453077723
4,8,8,True,6,Spoofing,0,Benign,0.4541310703534386,0.53516050773996,0.021448729478017604
4,8,8,True,6,Spoofing,1,BruteForce,0.007332160767194152,0.018966048565760146,0.015531213899866482
4,8,8,True,6,Spoofing,2,DDoS,0.018527995883630036,0.024195027613423143,0.027829828961803867
4,8,8,True,6,Spoofing,3,DoS,0.017721929569778243,0.01564122905883193,0.04246184559115623
4,8,8,True,6,Spoofing,4,Mirai,0.018835171958152666,0.07994400548524448,0.027886377395837242
4,8,8,True,6,Spoofing,5,Recon,0.02196874746712917,0.1049119531405451,0.046378979112625535
4,8,8,True,6,Spoofing,6,Spoofing,0.45337824026171736,0.18302995581582004,0.8038997566766959
4,8,8,True,6,Spoofing,7,Web-Based,0.008104683738959832,0.03815127258041516,0.01456326888399722
4,8,8,True,7,Web-Based,0,Benign,0.45401288914346294,0.5488409479823619,0.021248320312265638
4,8,8,True,7,Web-Based,1,BruteForce,0.007555143109220942,0.019135403409945656,0.015286387545140516
4,8,8,True,7,Web-Based,2,DDoS,0.02006727496702304,0.02783236400435949,0.028256831669733275
4,8,8,True,7,Web-Based,3,DoS,0.015979431443280828,0.016566767782370324,0.027995043899772393
4,8,8,True,7,Web-Based,4,Mirai,0.019264043668343486,0.09882561472244822,0.02802592193319682
4,8,8,True,7,Web-Based,5,Recon,0.020886695261921263,0.09537637191819076,0.04640714133360993
4,8,8,True,7,Web-Based,6,Spoofing,0.4540745532525132,0.1554511756071837,0.8175646326095654
4,8,8,True,7,Web-Based,7,Web-Based,0.008159969154234371,0.03797135457313988,0.015215720696716032
4,8,9,False,0,Benign,0,Benign,0.2509235606914989,0.5513877600447902,0.21548333788446744
4,8,9,False,0,Benign,1,BruteForce,0.005053739115507591,0.016556066029480947,0.009296416774373529
4,8,9,False,0,Benign,2,DDoS,0.007292236495983978,0.05263060080504971,0.010623077642979628
4,8,9,False,0,Benign,3,DoS,0.004524981155291279,0.02519764124390212,0.008020236727995652
4,8,9,False,0,Benign,4,Mirai,0.476781674095344,0.07592697931821502,0.5178996677385564
4,8,9,False,0,Benign,5,Recon,0.15207764540248567,0.09331959838231721,0.13611500058979864
4,8,9,False,0,Benign,6,Spoofing,0.09875423305149723,0.15234757415887223,0.09492459626863653
4,8,9,False,0,Benign,7,Web-Based,0.0045919299923912965,0.0326337800173725,0.007637666373192064
4,8,9,False,1,BruteForce,0,Benign,0.2254919535576153,0.5513801253596069,0.19610232092855845
4,8,9,False,1,BruteForce,1,BruteForce,0.005887046685495444,0.023576857069582065,0.009509156089162493
4,8,9,False,1,BruteForce,2,DDoS,0.004673019680317481,0.02825581033071321,0.007933751693555117
4,8,9,False,1,BruteForce,3,DoS,0.004144592063619751,0.011710265997992833,0.007543328941042238
4,8,9,False,1,BruteForce,4,Mirai,0.5137614545555277,0.09604126747330274,0.5465504398070139
4,8,9,False,1,BruteForce,5,Recon,0.15165355660361127,0.08848709072677563,0.14077342918080463
4,8,9,False,1,BruteForce,6,Spoofing,0.08978395395523876,0.15360626614875164,0.08437531872018512
4,8,9,False,1,BruteForce,7,Web-Based,0.004604422898574362,0.04694231689327497,0.007212254639678165
4,8,9,False,2,DDoS,0,Benign,0.0674950614560693,0.20011434903215738,0.06691000441191074
4,8,9,False,2,DDoS,1,BruteForce,0.009311112674592682,0.013863528648765113,0.016317505097980422
4,8,9,False,2,DDoS,2,DDoS,0.5809503051775474,0.576500048649476,0.5021414576654377
4,8,9,False,2,DDoS,3,DoS,0.006858227393376773,0.02464213028733665,0.012107688768286091
4,8,9,False,2,DDoS,4,Mirai,0.2343316365736056,0.04288184684067563,0.26844766819488186
4,8,9,False,2,DDoS,5,Recon,0.05447533059371318,0.061349763904554495,0.0631370766309359
4,8,9,False,2,DDoS,6,Spoofing,0.03854347954603029,0.054694771763862664,0.053672271088085595
4,8,9,False,2,DDoS,7,Web-Based,0.008034846585064873,0.025953560873172098,0.017266328142481795
4,8,9,False,3,DoS,0,Benign,0.05864711378984354,0.11214782503852885,0.06897483417857052
4,8,9,False,3,DoS,1,BruteForce,0.008862252535322895,0.01298520975966575,0.012342713245265646
4,8,9,False,3,DoS,2,DDoS,0.07650139579147883,0.161961703677268,0.06354920168342658
4,8,9,False,3,DoS,3,DoS,0.04820566231157107,0.5450480188258566,0.012717725760159098
4,8,9,False,3,DoS,4,Mirai,0.5062567151409967,0.030748094666202815,0.6439872644043063
4,8,9,False,3,DoS,5,Recon,0.04854606529826889,0.04095690090889675,0.06291269630945055
4,8,9,False,3,DoS,6,Spoofing,0.24495471226192458,0.07430279609419083,0.12566497940791402
4,8,9,False,3,DoS,7,Web-Based,0.008026082870593552,0.02184945102939041,0.009850585010907234
4,8,9,False,4,Mirai,0,Benign,0.1750531758172266,0.5079543400195876,0.1573233158549285
4,8,9,False,4,Mirai,1,BruteForce,0.00457836476332264,0.018567920009346105,0.008593220401158006
4,8,9,False,4,Mirai,2,DDoS,0.005005570194194015,0.05623485642668978,0.0077718640202395235
4,8,9,False,4,Mirai,3,DoS,0.003963547594305277,0.016665299637709265,0.007133873239263224
4,8,9,False,4,Mirai,4,Mirai,0.689975250221992,0.15597936288395042,0.6741252208070134
4,8,9,False,4,Mirai,5,Recon,0.05792123851338624,0.06384667584079441,0.06992492982337814
4,8,9,False,4,Mirai,6,Spoofing,0.059869968392768626,0.14830233552440517,0.06874029873674141
4,8,9,False,4,Mirai,7,Web-Based,0.003632884502804652,0.03244920965751721,0.0063872771172776436
4,8,9,False,5,Recon,0,Benign,0.22112579927572415,0.547030921205778,0.19677009728360387
4,8,9,False,5,Recon,1,BruteForce,0.005888573147269879,0.022862988805216065,0.009727646911004723
4,8,9,False,5,Recon,2,DDoS,0.004440160092696521,0.02603675262492521,0.00802319202347638
4,8,9,False,5,Recon,3,DoS,0.004055386950438783,0.013927736829052791,0.007357548666432739
4,8,9,False,5,Recon,4,Mirai,0.3930144339080232,0.08034596479027138,0.4674154179724856
4,8,9,False,5,Recon,5,Recon,0.27707879736014074,0.12507380196843032,0.21991341741126344
4,8,9,False,5,Recon,6,Spoofing,0.08957097000646574,0.1398517151757608,0.0833727013453144
4,8,9,False,5,Recon,7,Web-Based,0.004825879259240908,0.044870118600565494,0.007419978386418905
4,8,9,False,6,Spoofing,0,Benign,0.23590890842156045,0.53516050773996,0.2183978947074893
4,8,9,False,6,Spoofing,1,BruteForce,0.0053687905146698805,0.018966048565760146,0.009599091877394172
4,8,9,False,6,Spoofing,2,DDoS,0.004671780887438114,0.024195027613423143,0.008035744435393236
4,8,9,False,6,Spoofing,3,DoS,0.004105404364655135,0.01564122905883193,0.00762166671214706
4,8,9,False,6,Spoofing,4,Mirai,0.4579993367761298,0.07994400548524448,0.5021608219716335
4,8,9,False,6,Spoofing,5,Recon,0.15796737798614122,0.1049119531405451,0.1419491261204346
4,8,9,False,6,Spoofing,6,Spoofing,0.12943928873496552,0.18302995581582004,0.10474130642315685
4,8,9,False,6,Spoofing,7,Web-Based,0.0045391123144397985,0.03815127258041516,0.007494347752351431
4,8,9,False,7,Web-Based,0,Benign,0.21516424954337307,0.5488409479823619,0.2040040398467659
4,8,9,False,7,Web-Based,1,BruteForce,0.004858893534745882,0.019135403409945656,0.008788214218631895
4,8,9,False,7,Web-Based,2,DDoS,0.0045857468791707465,0.02783236400435949,0.007745187882031269
4,8,9,False,7,Web-Based,3,DoS,0.004004265196344556,0.016566767782370324,0.007102631447772487
4,8,9,False,7,Web-Based,4,Mirai,0.5680682603923678,0.09882561472244822,0.5701774190844833
4,8,9,False,7,Web-Based,5,Recon,0.10309369972392879,0.09537637191819076,0.11617961539210231
4,8,9,False,7,Web-Based,6,Spoofing,0.09615842509561688,0.1554511756071837,0.07919332141071314
4,8,9,False,7,Web-Based,7,Web-Based,0.004066459634452328,0.03797135457313988,0.006809570717499777
4,8,10,True,0,Benign,0,Benign,0.4033926600317383,0.5513877600447902,0.020456815118005726
4,8,10,True,0,Benign,1,BruteForce,0.01675331911538117,0.016556066029480947,0.025362824001889907
4,8,10,True,0,Benign,2,DDoS,0.04896617908983927,0.05263060080504971,0.06891660958467899
4,8,10,True,0,Benign,3,DoS,0.009671382654306145,0.02519764124390212,0.03467179823695802
4,8,10,True,0,Benign,4,Mirai,0.04933666992477145,0.07592697931821502,0.05513886759449659
4,8,10,True,0,Benign,5,Recon,0.05625480943757457,0.09331959838231721,0.11834082118703289
4,8,10,True,0,Benign,6,Spoofing,0.2257147979112123,0.15234757415887223,0.37251161444029873
4,8,10,True,0,Benign,7,Web-Based,0.1899101818351768,0.0326337800173725,0.3046006498366391
4,8,10,True,1,BruteForce,0,Benign,0.3644279411188665,0.5513801253596069,0.020988861261716514
4,8,10,True,1,BruteForce,1,BruteForce,0.021358585060616997,0.023576857069582065,0.02615709495038076
4,8,10,True,1,BruteForce,2,DDoS,0.0344843058495194,0.02825581033071321,0.04277074783899668
4,8,10,True,1,BruteForce,3,DoS,0.006515214432353243,0.011710265997992833,0.021238431213113963
4,8,10,True,1,BruteForce,4,Mirai,0.053646690567406737,0.09604126747330274,0.05713210760192411
4,8,10,True,1,BruteForce,5,Recon,0.05570206146451212,0.08848709072677563,0.1165002425448673
4,8,10,True,1,BruteForce,6,Spoofing,0.22628206317725244,0.15360626614875164,0.33102727944172206
4,8,10,True,1,BruteForce,7,Web-Based,0.23758313832947253,0.04694231689327497,0.38418523514727854
4,8,10,True,2,DDoS,0,Benign,0.4117139212390298,0.20011434903215738,0.010980066183506092
4,8,10,True,2,DDoS,1,BruteForce,0.011363224875048027,0.013863528648765113,0.017406205555134648
4,8,10,True,2,DDoS,2,DDoS,0.309776207470182,0.576500048649476,0.6034535978310002
4,8,10,True,2,DDoS,3,DoS,0.011458604512981694,0.02464213028733665,0.021922370333882838
4,8,10,True,2,DDoS,4,Mirai,0.028928310163620633,0.04288184684067563,0.02754543409878271
4,8,10,True,2,DDoS,5,Recon,0.04002578176923385,0.061349763904554495,0.06310723677827348
4,8,10,True,2,DDoS,6,Spoofing,0.09057542440391991,0.054694771763862664,0.13465529117099515
4,8,10,True,2,DDoS,7,Web-Based,0.09615852556598418,0.025953560873172098,0.12092979804842495
4,8,10,True,3,DoS,0,Benign,0.4348393930137761,0.11214782503852885,0.01671315907603769
4,8,10,True,3,DoS,1,BruteForce,0.009690037249733682,0.01298520975966575,0.023163585366859422
4,8,10,True,3,DoS,2,DDoS,0.11149803065175483,0.161961703677268,0.18621460147163402
4,8,10,True,3,DoS,3,DoS,0.2494173534634336,0.5450480188258566,0.3344092985388754
4,8,10,True,3,DoS,4,Mirai,0.01815798151303515,0.030748094666202815,0.03300922919894304
4,8,10,True,3,DoS,5,Recon,0.03393895080858734,0.04095690090889675,0.0737278156823062
4,8,10,True,3,DoS,6,Spoofing,0.08145430435844632,0.07430279609419083,0.22815642465188124
4,8,10,True,3,DoS,7,Web-Based,0.061003948941233094,0.02184945102939041,0.10460588601346293
4,8,10,True,4,Mirai,0,Benign,0.38686857879125186,0.5079543400195876,0.0200071284462001
4,8,10,True,4,Mirai,1,BruteForce,0.019321454987692003,0.018567920009346105,0.02647323222019778
4,8,10,True,4,Mirai,2,DDoS,0.04822334789373284,0.05623485642668978,0.061520798007315206
4,8,10,True,4,Mirai,3,DoS,0.007588031256971755,0.016665299637709265,0.03153725520246945
4,8,10,True,4,Mirai,4,Mirai,0.06817530782067523,0.15597936288395042,0.06240354170747467
4,8,10,True,4,Mirai,5,Recon,0.046550108077947544,0.06384667584079441,0.10017089846354328
4,8,10,True,4,Mirai,6,Spoofing,0.23816242435916915,0.14830233552440517,0.3761678110176306
4,8,10,True,4,Mirai,7,Web-Based,0.1851107468125597,0.03244920965751721,0.32171933493516897
4,8,10,True,5,Recon,0,Benign,0.36362650891405535,0.547030921205778,0.020775755109562383
4,8,10,True,5,Recon,1,BruteForce,0.019944956521316958,0.022862988805216065,0.026576879637062505
4,8,10,True,5,Recon,2,DDoS,0.032886656439208024,0.02603675262492521,0.04003553730748289
4,8,10,True,5,Recon,3,DoS,0.006681658567478183,0.013927736829052791,0.021804129766206416
4,8,10,True,5,Recon,4,Mirai,0.04755570584365119,0.08034596479027138,0.05562173182493079
4,8,10,True,5,Recon,5,Recon,0.06768095923224869,0.12507380196843032,0.13275841133322416
4,8,10,True,5,Recon,6,Spoofing,0.20478483924161375,0.1398517151757608,0.32143570977265257
4,8,10,True,5,Recon,7,Web-Based,0.25683871524042784,0.044870118600565494,0.3809918452488783
4,8,10,True,6,Spoofing,0,Benign,0.3789260323420358,0.53516050773996,0.0217800568925602
4,8,10,True,6,Spoofing,1,BruteForce,0.017736191569385423,0.018966048565760146,0.024816041360451055
4,8,10,True,6,Spoofing,2,DDoS,0.03255440908872226,0.024195027613423143,0.042080586224577554
4,8,10,True,6,Spoofing,3,DoS,0.00693436614598061,0.01564122905883193,0.027382275894432356
4,8,10,True,6,Spoofing,4,Mirai,0.050035816141782825,0.07994400548524448,0.05461894290959598
4,8,10,True,6,Spoofing,5,Recon,0.05991614515317791,0.1049119531405451,0.12076925583389725
4,8,10,True,6,Spoofing,6,Spoofing,0.24383939728350387,0.18302995581582004,0.3860480864623868
4,8,10,True,6,Spoofing,7,Web-Based,0.21005764227541127,0.03815127258041516,0.3225047544220988
4,8,10,True,7,Web-Based,0,Benign,0.37402474582846407,0.5488409479823619,0.02160899105266745
4,8,10,True,7,Web-Based,1,BruteForce,0.019530876639219135,0.019135403409945656,0.02580516611001295
4,8,10,True,7,Web-Based,2,DDoS,0.03567353925320677,0.02783236400435949,0.04497421792879827
4,8,10,True,7,Web-Based,3,DoS,0.006541179404736583,0.016566767782370324,0.022280303266128173
4,8,10,True,7,Web-Based,4,Mirai,0.05631355586319353,0.09882561472244822,0.06012807092492322
4,8,10,True,7,Web-Based,5,Recon,0.056727542733141255,0.09537637191819076,0.11465816596375036
4,8,10,True,7,Web-Based,6,Spoofing,0.2265661442510508,0.1554511756071837,0.3503181976069156
4,8,10,True,7,Web-Based,7,Web-Based,0.22462241602698785,0.03797135457313988,0.36022688714680395
4,8,11,False,0,Benign,0,Benign,0.506079486295129,0.5513877600447902,0.47344337987932344
4,8,11,False,0,Benign,1,BruteForce,0.006240451963219582,0.016556066029480947,0.011146288854414148
4,8,11,False,0,Benign,2,DDoS,0.005603930133059915,0.05263060080504971,0.009687025811638212
4,8,11,False,0,Benign,3,DoS,0.010675142504274305,0.02519764124390212,0.025192573133213474
4,8,11,False,0,Benign,4,Mirai,0.10842147954327154,0.07592697931821502,0.0755225341248627
4,8,11,False,0,Benign,5,Recon,0.08243117205898066,0.09331959838231721,0.1313032708830428
4,8,11,False,0,Benign,6,Spoofing,0.2752175980536451,0.15234757415887223,0.2650792067890557
4,8,11,False,0,Benign,7,Web-Based,0.00533073944841999,0.0326337800173725,0.008625720524449463
4,8,11,False,1,BruteForce,0,Benign,0.4985236417109027,0.5513801253596069,0.4787329953353256
4,8,11,False,1,BruteForce,1,BruteForce,0.0077908824945138394,0.023576857069582065,0.012191232034020569
4,8,11,False,1,BruteForce,2,DDoS,0.005101360030056294,0.02825581033071321,0.008843146455897974
4,8,11,False,1,BruteForce,3,DoS,0.0052304795226492985,0.011710265997992833,0.008746682886162885
4,8,11,False,1,BruteForce,4,Mirai,0.1382280117530172,0.09604126747330274,0.08188282129894102
4,8,11,False,1,BruteForce,5,Recon,0.0784673181804384,0.08848709072677563,0.13101498053668761
4,8,11,False,1,BruteForce,6,Spoofing,0.26075256975745187,0.15360626614875164,0.269580061447951
4,8,11,False,1,BruteForce,7,Web-Based,0.005905736550970521,0.04694231689327497,0.00900808000501328
4,8,11,False,2,DDoS,0,Benign,0.15271921458823254,0.20011434903215738,0.27401982043714707
4,8,11,False,2,DDoS,1,BruteForce,0.011375753864915976,0.013863528648765113,0.014512982552416896
4,8,11,False,2,DDoS,2,DDoS,0.482359424007637,0.576500048649476,0.19898017686953826
4,8,11,False,2,DDoS,3,DoS,0.03565748162733901,0.02464213028733665,0.04649153550851696
4,8,11,False,2,DDoS,4,Mirai,0.12387271193398092,0.04288184684067563,0.07936742157051838
4,8,11,False,2,DDoS,5,Recon,0.055066403241569924,0.061349763904554495,0.10151691949519943
4,8,11,False,2,DDoS,6,Spoofing,0.12925550579007428,0.054694771763862664,0.27231829590891415
4,8,11,False,2,DDoS,7,Web-Based,0.00969350494625041,0.025953560873172098,0.012792847657748772
4,8,11,False,3,DoS,0,Benign,0.058061842195710735,0.11214782503852885,0.09628665620705615
4,8,11,False,3,DoS,1,BruteForce,0.007916507165936002,0.01298520975966575,0.012209182401874517
4,8,11,False,3,DoS,2,DDoS,0.01591807856232744,0.161961703677268,0.01498853043318686
4,8,11,False,3,DoS,3,DoS,0.6688053690434675,0.5450480188258566,0.5188477070716633
4,8,11,False,3,DoS,4,Mirai,0.026607201015914614,0.030748094666202815,0.05715616701225084
4,8,11,False,3,DoS,5,Recon,0.022312332178664327,0.04095690090889675,0.04264760820100689
4,8,11,False,3,DoS,6,Spoofing,0.1941946051911381,0.07430279609419083,0.24874501932390028
4,8,11,False,3,DoS,7,Web-Based,0.006184064646841403,0.02184945102939041,0.00911912934906115
4,8,11,False,4,Mirai,0,Benign,0.42755080324171396,0.5079543400195876,0.45217242285881204
4,8,11,False,4,Mirai,1,BruteForce,0.00807086923178965,0.018567920009346105,0.01219060804833515
4,8,11,False,4,Mirai,2,DDoS,0.006031998767427876,0.05623485642668978,0.009400728795405043
4,8,11,False,4,Mirai,3,DoS,0.010643702762027718,0.016665299637709265,0.021452682420140607
4,8,11,False,4,Mirai,4,Mirai,0.23418056132654017,0.15597936288395042,0.1092350789906522
4,8,11,False,4,Mirai,5,Recon,0.05029744591580144,0.06384667584079441,0.09302419038384412
4,8,11,False,4,Mirai,6,Spoofing,0.2576124365266445,0.14830233552440517,0.2940589909264818
4,8,11,False,4,Mirai,7,Web-Based,0.005612182228054718,0.03244920965751721,0.008465297576329007
4,8,11,False,5,Recon,0,Benign,0.47290876016370853,0.547030921205778,0.46622386775748786
4,8,11,False,5,Recon,1,BruteForce,0.0067562963173685275,0.022862988805216065,0.01191817721515381
4,8,11,False,5,Recon,2,DDoS,0.004693880211118591,0.02603675262492521,0.008353818531332633
4,8,11,False,5,Recon,3,DoS,0.004570912627492961,0.013927736829052791,0.007904320787992756
4,8,11,False,5,Recon,4,Mirai,0.10509528032382903,0.08034596479027138,0.07108837788594703
4,8,11,False,5,Recon,5,Recon,0.18236333705167676,0.12507380196843032,0.19265422492335146
4,8,11,False,5,Recon,6,Spoofing,0.21741095423394236,0.1398517151757608,0.23274702270435857
4,8,11,False,5,Recon,7,Web-Based,0.006200579070863238,0.044870118600565494,0.009110190194375856
4,8,11,False,6,Spoofing,0,Benign,0.4333426249353365,0.53516050773996,0.4604096974036885
4,8,11,False,6,Spoofing,1,BruteForce,0.006794090215560299,0.018966048565760146,0.01174389977787997
4,8,11,False,6,Spoofing,2,DDoS,0.004786296433449769,0.024195027613423143,0.009105124378632574
4,8,11,False,6,Spoofing,3,DoS,0.00530660644440879,0.01564122905883193,0.010994779957706494
4,8,11,False,6,Spoofing,4,Mirai,0.10540924251756584,0.07994400548524448,0.07328568588822815
4,8,11,False,6,Spoofing,5,Recon,0.10939623896151686,0.1049119531405451,0.12598781128078118
4,8,11,False,6,Spoofing,6,Spoofing,0.3295237838833482,0.18302995581582004,0.2999916378923495
4,8,11,False,6,Spoofing,7,Web-Based,0.005441116608813883,0.03815127258041516,0.008481363420733726
4,8,11,False,7,Web-Based,0,Benign,0.47783652454849324,0.5488409479823619,0.5013232300528265
4,8,11,False,7,Web-Based,1,BruteForce,0.007094324191273066,0.019135403409945656,0.01157876764999637
4,8,11,False,7,Web-Based,2,DDoS,0.00497966133535536,0.02783236400435949,0.008736409527310971
4,8,11,False,7,Web-Based,3,DoS,0.005853407447308881,0.016566767782370324,0.012398572803571501
4,8,11,False,7,Web-Based,4,Mirai,0.16226856875230125,0.09882561472244822,0.08401642937910789
4,8,11,False,7,Web-Based,5,Recon,0.07699055654657318,0.09537637191819076,0.11429694186849251
4,8,11,False,7,Web-Based,6,Spoofing,0.259485266125932,0.1554511756071837,0.2592160403690396
4,8,11,False,7,Web-Based,7,Web-Based,0.005491691052763142,0.03797135457313988,0.008433608349654592
4,8,12,False,0,Benign,0,Benign,0.025698247165509242,0.5513877600447902,0.024829597480377177
4,8,12,False,0,Benign,1,BruteForce,0.014229635332705985,0.016556066029480947,0.019545179814319358
4,8,12,False,0,Benign,2,DDoS,0.011896167176362077,0.05263060080504971,0.013966971909097016
4,8,12,False,0,Benign,3,DoS,0.046589749350340784,0.02519764124390212,0.09257783156464883
4,8,12,False,0,Benign,4,Mirai,0.5037410577628463,0.07592697931821502,0.5150751649724942
4,8,12,False,0,Benign,5,Recon,0.13311270981873327,0.09331959838231721,0.10670768132055145
4,8,12,False,0,Benign,6,Spoofing,0.21406576037784789,0.15234757415887223,0.18448119915060193
4,8,12,False,0,Benign,7,Web-Based,0.05066667301565451,0.0326337800173725,0.04281637378791012
4,8,12,False,1,BruteForce,0,Benign,0.02383351945908837,0.5513801253596069,0.023625438776656682
4,8,12,False,1,BruteForce,1,BruteForce,0.01775605416065252,0.023576857069582065,0.022419564548223626
4,8,12,False,1,BruteForce,2,DDoS,0.012356140489430565,0.02825581033071321,0.01381975131989612
4,8,12,False,1,BruteForce,3,DoS,0.019698210294269842,0.011710265997992833,0.028607414491510556
4,8,12,False,1,BruteForce,4,Mirai,0.5563961204725025,0.09604126747330274,0.5736013049919146
4,8,12,False,1,BruteForce,5,Recon,0.10518770651805329,0.08848709072677563,0.11170407683280431
4,8,12,False,1,BruteForce,6,Spoofing,0.19905260231458705,0.15360626614875164,0.1707439226238633
4,8,12,False,1,BruteForce,7,Web-Based,0.06571964629141588,0.04694231689327497,0.055478526415130736
4,8,12,False,2,DDoS,0,Benign,0.013903909706942918,0.20011434903215738,0.01680089261063493
4,8,12,False,2,DDoS,1,BruteForce,0.016151850386901676,0.013863528648765113,0.01963444727675615
4,8,12,False,2,DDoS,2,DDoS,0.4632167479719499,0.576500048649476,0.3179660452894085
4,8,12,False,2,DDoS,3,DoS,0.096558032990915,0.02464213028733665,0.1258654534577975
4,8,12,False,2,DDoS,4,Mirai,0.24992487819808257,0.04288184684067563,0.29897650513183394
4,8,12,False,2,DDoS,5,Recon,0.05926751229119422,0.061349763904554495,0.0863940954868949
4,8,12,False,2,DDoS,6,Spoofing,0.06985138147601916,0.054694771763862664,0.09892638537775021
4,8,12,False,2,DDoS,7,Web-Based,0.03112568697799453,0.025953560873172098,0.035436175368923704
4,8,12,False,3,DoS,0,Benign,0.0077699743241750946,0.11214782503852885,0.016726369208477445
4,8,12,False,3,DoS,1,BruteForce,0.008791260005671426,0.01298520975966575,0.011309717414880686
4,8,12,False,3,DoS,2,DDoS,0.01244072456890642,0.161961703677268,0.01598929795440228
4,8,12,False,3,DoS,3,DoS,0.8193997803192482,0.5450480188258566,0.7515700510025561
4,8,12,False,3,DoS,4,Mirai,0.059519655527471585,0.030748094666202815,0.09491391062108127
4,8,12,False,3,DoS,5,Recon,0.025470378337240595,0.04095690090889675,0.031933265133675975
4,8,12,False,3,DoS,6,Spoofing,0.052668975028668207,0.07430279609419083,0.058155439238895094
4,8,12,False,3,DoS,7,Web-Based,0.013939251888618496,0.02184945102939041,0.019401949426031125
4,8,12,False,4,Mirai,0,Benign,0.02071817454972364,0.5079543400195876,0.022483003606883073
4,8,12,False,4,Mirai,1,BruteForce,0.012864715997355999,0.018567920009346105,0.01970349502048425
4,8,12,False,4,Mirai,2,DDoS,0.012101556987787266,0.05623485642668978,0.013346202784025247
4,8,12,False,4,Mirai,3,DoS,0.02496347611443126,0.016665299637709265,0.056629723592162784
4,8,12,False,4,Mirai,4,Mirai,0.6716012618441013,0.15597936288395042,0.6230447034702109
4,8,12,False,4,Mirai,5,Recon,0.07330156069647442,0.06384667584079441,0.06890118413292659
4,8,12,False,4,Mirai,6,Spoofing,0.14569293831114827,0.14830233552440517,0.15646814339997697
4,8,12,False,4,Mirai,7,Web-Based,0.03875631549897774,0.03244920965751721,0.039423543993330284
4,8,12,False,5,Recon,0,Benign,0.024751173842652723,0.547030921205778,0.02332659890335826
4,8,12,False,5,Recon,1,BruteForce,0.017815313444842024,0.022862988805216065,0.022141861595341858
4,8,12,False,5,Recon,2,DDoS,0.012567342653413293,0.02603675262492521,0.01330862680376723
4,8,12,False,5,Recon,3,DoS,0.022047009503391668,0.013927736829052791,0.031113531428126426
4,8,12,False,5,Recon,4,Mirai,0.4876467782066012,0.08034596479027138,0.5418403020321463
4,8,12,False,5,Recon,5,Recon,0.15507249336970724,0.12507380196843032,0.1482011301690765
4,8,12,False,5,Recon,6,Spoofing,0.20057360289325124,0.1398517151757608,0.1616324043129359
4,8,12,False,5,Recon,7,Web-Based,0.07952628608614062,0.044870118600565494,0.05843554475524766
4,8,12,False,6,Spoofing,0,Benign,0.02654969471756795,0.53516050773996,0.02587574317902584
4,8,12,False,6,Spoofing,1,BruteForce,0.015354208900507838,0.018966048565760146,0.021090653737591
4,8,12,False,6,Spoofing,2,DDoS,0.011374460992354778,0.024195027613423143,0.013597515965767248
4,8,12,False,6,Spoofing,3,DoS,0.025220251161207862,0.01564122905883193,0.06323612196470647
4,8,12,False,6,Spoofing,4,Mirai,0.47585626860601,0.07994400548524448,0.5183303364393723
4,8,12,False,6,Spoofing,5,Recon,0.14618711254253558,0.1049119531405451,0.10751826190860643
4,8,12,False,6,Spoofing,6,Spoofing,0.24407209627667392,0.18302995581582004,0.20306662056597372
4,8,12,False,6,Spoofing,7,Web-Based,0.05538590680314215,0.03815127258041516,0.04728474623895696
4,8,12,False,7,Web-Based,0,Benign,0.024532792441190197,0.5488409479823619,0.023875346286280782
4,8,12,False,7,Web-Based,1,BruteForce,0.014518782129687739,0.019135403409945656,0.02053453382702186
4,8,12,False,7,Web-Based,2,DDoS,0.011758257097124759,0.02783236400435949,0.013278761077206812
4,8,12,False,7,Web-Based,3,DoS,0.028746005931787316,0.016566767782370324,0.04494010863094038
4,8,12,False,7,Web-Based,4,Mirai,0.5663576768177578,0.09882561472244822,0.567889218230176
4,8,12,False,7,Web-Based,5,Recon,0.11188544348406591,0.09537637191819076,0.1041776086671665
4,8,12,False,7,Web-Based,6,Spoofing,0.18791499782118828,0.1554511756071837,0.17625059201498833
4,8,12,False,7,Web-Based,7,Web-Based,0.05428604427719797,0.03797135457313988,0.04905383126621931
4,8,13,False,0,Benign,0,Benign,0.05169460233698291,0.5513877600447902,0.05749713651177938
4,8,13,False,0,Benign,1,BruteForce,0.09971707434685083,0.016556066029480947,0.10346369031267896
4,8,13,False,0,Benign,2,DDoS,0.06283338169109108,0.05263060080504971,0.05420476858207108
4,8,13,False,0,Benign,3,DoS,0.008329566683369528,0.02519764124390212,0.010058685551739062
4,8,13,False,0,Benign,4,Mirai,0.05043489801889464,0.07592697931821502,0.05116262246316639
4,8,13,False,0,Benign,5,Recon,0.3989998855878644,0.09331959838231721,0.4232803475807784
4,8,13,False,0,Benign,6,Spoofing,0.13759307929169767,0.15234757415887223,0.12261779034204671
4,8,13,False,0,Benign,7,Web-Based,0.19039751204324887,0.0326337800173725,0.17771495865574
4,8,13,False,1,BruteForce,0,Benign,0.05469951024995753,0.5513801253596069,0.05962613028406457
4,8,13,False,1,BruteForce,1,BruteForce,0.14310406823918534,0.023576857069582065,0.13009449341293977
4,8,13,False,1,BruteForce,2,DDoS,0.026931515989511393,0.02825581033071321,0.023042101435346983
4,8,13,False,1,BruteForce,3,DoS,0.009338595094871747,0.011710265997992833,0.010233785423284502
4,8,13,False,1,BruteForce,4,Mirai,0.06006649820611085,0.09604126747330274,0.057509494562634426
4,8,13,False,1,BruteForce,5,Recon,0.35062159685649236,0.08848709072677563,0.39457579767142514
4,8,13,False,1,BruteForce,6,Spoofing,0.12377630257971095,0.15360626614875164,0.11183157422043899
4,8,13,False,1,BruteForce,7,Web-Based,0.23146191278415995,0.04694231689327497,0.2130866229898656
4,8,13,False,2,DDoS,0,Benign,0.01767473990207408,0.20011434903215738,0.022108211221356814
4,8,13,False,2,DDoS,1,BruteForce,0.04203107266860641,0.013863528648765113,0.04368157776738001
4,8,13,False,2,DDoS,2,DDoS,0.6571995897353137,0.576500048649476,0.6242929037878691
4,8,13,False,2,DDoS,3,DoS,0.005532624040711665,0.02464213028733665,0.008008187478934971
4,8,13,False,2,DDoS,4,Mirai,0.026833890876830503,0.04288184684067563,0.02785102017241448
4,8,13,False,2,DDoS,5,Recon,0.1395096787852308,0.061349763904554495,0.15364215292644115
4,8,13,False,2,DDoS,6,Spoofing,0.04859444150566983,0.054694771763862664,0.0538612070837752
4,8,13,False,2,DDoS,7,Web-Based,0.06262396248556312,0.025953560873172098,0.06655473956182839
4,8,13,False,3,DoS,0,Benign,0.01771429875445445,0.11214782503852885,0.02320974683030107
4,8,13,False,3,DoS,1,BruteForce,0.07442882190339901,0.01298520975966575,0.0629421704006566
4,8,13,False,3,DoS,2,DDoS,0.30929719834959296,0.161961703677268,0.26833510634125607
4,8,13,False,3,DoS,3,DoS,0.16941936473463115,0.5450480188258566,0.027305466423663383
4,8,13,False,3,DoS,4,Mirai,0.0638868744879378,0.030748094666202815,0.049466134721277547
4,8,13,False,3,DoS,5,Recon,0.14453689404174994,0.04095690090889675,0.327906373727517
4,8,13,False,3,DoS,6,Spoofing,0.15751647178074848,0.07430279609419083,0.14732729744242198
4,8,13,False,3,DoS,7,Web-Based,0.06320007594748626,0.02184945102939041,0.09350770411290636
4,8,13,False,4,Mirai,0,Benign,0.055698630019864324,0.5079543400195876,0.06100162194324706
4,8,13,False,4,Mirai,1,BruteForce,0.1284714757975665,0.018567920009346105,0.12361646903270689
4,8,13,False,4,Mirai,2,DDoS,0.06305461079456133,0.05623485642668978,0.05326710468157676
4,8,13,False,4,Mirai,3,DoS,0.009606741765100343,0.016665299637709265,0.01084868097819182
4,8,13,False,4,Mirai,4,Mirai,0.10071404250517013,0.15597936288395042,0.06609670227560022
4,8,13,False,4,Mirai,5,Recon,0.3100102477948878,0.06384667584079441,0.3633896833909897
4,8,13,False,4,Mirai,6,Spoofing,0.13493776605553334,0.14830233552440517,0.1324760997167731
4,8,13,False,4,Mirai,7,Web-Based,0.19750648526731632,0.03244920965751721,0.1893036379809144
4,8,13,False,5,Recon,0,Benign,0.05117770543890345,0.547030921205778,0.05763777940526026
4,8,13,False,5,Recon,1,BruteForce,0.1287138126105511,0.022862988805216065,0.12702375741754868
4,8,13,False,5,Recon,2,DDoS,0.023241185536107056,0.02603675262492521,0.02078358976432743
4,8,13,False,5,Recon,3,DoS,0.009123714358329761,0.013927736829052791,0.010235010424116757
4,8,13,False,5,Recon,4,Mirai,0.051248269643320514,0.08034596479027138,0.05467545999037426
4,8,13,False,5,Recon,5,Recon,0.4120099176128706,0.12507380196843032,0.42425674886292136
4,8,13,False,5,Recon,6,Spoofing,0.11271621604620669,0.1398517151757608,0.10626563807496904
4,8,13,False,5,Recon,7,Web-Based,0.21176917875371093,0.044870118600565494,0.19912201606048222
4,8,13,False,6,Spoofing,0,Benign,0.05184714893256336,0.53516050773996,0.05754445650590263
4,8,13,False,6,Spoofing,1,BruteForce,0.10559022188224267,0.018966048565760146,0.10679050974322954
4,8,13,False,6,Spoofing,2,DDoS,0.022365969632224574,0.024195027613423143,0.021396456900998756
4,8,13,False,6,Spoofing,3,DoS,0.007815592569599603,0.01564122905883193,0.009602884911103072
4,8,13,False,6,Spoofing,4,Mirai,0.048521449974247954,0.07994400548524448,0.04978328944499645
4,8,13,False,6,Spoofing,5,Recon,0.4224723925746598,0.1049119531405451,0.43796047668096205
4,8,13,False,6,Spoofing,6,Spoofing,0.14374588265599977,0.18302995581582004,0.12709461043174292
4,8,13,False,6,Spoofing,7,Web-Based,0.1976413417784623,0.03815127258041516,0.18982731538106454
4,8,13,False,7,Web-Based,0,Benign,0.056472878881625437,0.5488409479823619,0.06181210808361252
4,8,13,False,7,Web-Based,1,BruteForce,0.11895889186333043,0.019135403409945656,0.12019837791274723
4,8,13,False,7,Web-Based,2,DDoS,0.02622073965447289,0.02783236400435949,0.02480355769524339
4,8,13,False,7,Web-Based,3,DoS,0.008574174227109944,0.016566767782370324,0.01011574249907625
4,8,13,False,7,Web-Based,4,Mirai,0.059406042970290694,0.09882561472244822,0.05694971014100658
4,8,13,False,7,Web-Based,5,Recon,0.38802682649462183,0.09537637191819076,0.40772439383732884
4,8,13,False,7,Web-Based,6,Spoofing,0.12691598373014895,0.1554511756071837,0.11785679969935357
4,8,13,False,7,Web-Based,7,Web-Based,0.21542446217839983,0.03797135457313988,0.20053931013163157
4,8,14,True,0,Benign,0,Benign,0.5309280373772489,0.5513877600447902,0.17159013702518777
4,8,14,True,0,Benign,1,BruteForce,0.04659431019975767,0.016556066029480947,0.09262206067163273
4,8,14,True,0,Benign,2,DDoS,0.12394900256218307,0.05263060080504971,0.1392793600444297
4,8,14,True,0,Benign,3,DoS,0.024144010449180697,0.02519764124390212,0.07997898194732465
4,8,14,True,0,Benign,4,Mirai,0.06047896614023794,0.07592697931821502,0.12650162575579732
4,8,14,True,0,Benign,5,Recon,0.07923862707505983,0.09331959838231721,0.16133526539859752
4,8,14,True,0,Benign,6,Spoofing,0.023799770214484397,0.15234757415887223,0.030463576898599198
4,8,14,True,0,Benign,7,Web-Based,0.11086727598184744,0.0326337800173725,0.19822899225843124
4,8,14,True,1,BruteForce,0,Benign,0.4611942299161554,0.5513801253596069,0.15981827942829963
4,8,14,True,1,BruteForce,1,BruteForce,0.07245398950956682,0.023576857069582065,0.11919736472531471
4,8,14,True,1,BruteForce,2,DDoS,0.11184851706037108,0.02825581033071321,0.09586325445684236
4,8,14,True,1,BruteForce,3,DoS,0.012998420890116581,0.011710265997992833,0.02750298718461047
4,8,14,True,1,BruteForce,4,Mirai,0.07559981063877742,0.09604126747330274,0.14991398389204302
4,8,14,True,1,BruteForce,5,Recon,0.07769000158303016,0.08848709072677563,0.15367004774690482
4,8,14,True,1,BruteForce,6,Spoofing,0.028085469955757145,0.15360626614875164,0.03172333368558744
4,8,14,True,1,BruteForce,7,Web-Based,0.16012956044622545,0.04694231689327497,0.2623107488803975
4,8,14,True,2,DDoS,0,Benign,0.4488540860137313,0.20011434903215738,0.053017600927377284
4,8,14,True,2,DDoS,1,BruteForce,0.022922694123280463,0.013863528648765113,0.03997535117079434
4,8,14,True,2,DDoS,2,DDoS,0.3424732235928644,0.576500048649476,0.6360894442448033
4,8,14,True,2,DDoS,3,DoS,0.022032550670827402,0.02464213028733665,0.04657890611579872
4,8,14,True,2,DDoS,4,Mirai,0.037612149975959526,0.04288184684067563,0.0537919496731302
4,8,14,True,2,DDoS,5,Recon,0.04615063646495029,0.061349763904554495,0.06762938575685247
4,8,14,True,2,DDoS,6,Spoofing,0.02146383098073695,0.054694771763862664,0.02081890482345985
4,8,14,True,2,DDoS,7,Web-Based,0.05849082817764969,0.025953560873172098,0.0820984572877838
4,8,14,True,3,DoS,0,Benign,0.42577273138441346,0.11214782503852885,0.047356584015280756
4,8,14,True,3,DoS,1,BruteForce,0.012232029017936004,0.01298520975966575,0.036291005378317316
4,8,14,True,3,DoS,2,DDoS,0.149088333936059,0.161961703677268,0.2221581088912121
4,8,14,True,3,DoS,3,DoS,0.3084242229593418,0.5450480188258566,0.5026244153996872
4,8,14,True,3,DoS,4,Mirai,0.01980808794922615,0.030748094666202815,0.043962068927556365
4,8,14,True,3,DoS,5,Recon,0.03442301251196871,0.04095690090889675,0.059214137325506455
4,8,14,True,3,DoS,6,Spoofing,0.014544559927938037,0.07430279609419083,0.02396323625322775
4,8,14,True,3,DoS,7,Web-Based,0.035707022313116885,0.02184945102939041,0.06443044380921217
4,8,14,True,4,Mirai,0,Benign,0.47939724493172803,0.5079543400195876,0.16141479010168433
4,8,14,True,4,Mirai,1,BruteForce,0.05823755186092414,0.018567920009346105,0.10572349471627777
4,8,14,True,4,Mirai,2,DDoS,0.14044490034082383,0.05623485642668978,0.13543025838069145
4,8,14,True,4,Mirai,3,DoS,0.019865371815652958,0.016665299637709265,0.06528685374137716
4,8,14,True,4,Mirai,4,Mirai,0.09879191601242632,0.15597936288395042,0.16430024294026874
4,8,14,True,4,Mirai,5,Recon,0.05793615391280745,0.06384667584079441,0.1227110670151238
4,8,14,True,4,Mirai,6,Spoofing,0.026628556514432442,0.14830233552440517,0.03162104662694507
4,8,14,True,4,Mirai,7,Web-Based,0.11869830461120483,0.03244920965751721,0.21351224647763176
4,8,14,True,5,Recon,0,Benign,0.4565924963876565,0.547030921205778,0.15670669674963092
4,8,14,True,5,Recon,1,BruteForce,0.06955729941002507,0.022862988805216065,0.11970365957095339
4,8,14,True,5,Recon,2,DDoS,0.09954726510392593,0.02603675262492521,0.08588114233073707
4,8,14,True,5,Recon,3,DoS,0.01461834621959672,0.013927736829052791,0.03014968200755131
4,8,14,True,5,Recon,4,Mirai,0.06508056553038419,0.08034596479027138,0.14400217355215475
4,8,14,True,5,Recon,5,Recon,0.10012026127313961,0.12507380196843032,0.17470776341238384
4,8,14,True,5,Recon,6,Spoofing,0.02372247607754791,0.1398517151757608,0.030000272925196855
4,8,14,True,5,Recon,7,Web-Based,0.17076128999772408,0.044870118600565494,0.2588486094513919
4,8,14,True,6,Spoofing,0,Benign,0.523727111273474,0.53516050773996,0.1853873308906896
4,8,14,True,6,Spoofing,1,BruteForce,0.05399357240545623,0.018966048565760146,0.09927435898027089
4,8,14,True,6,Spoofing,2,DDoS,0.09667298282840255,0.024195027613423143,0.09171200275668132
4,8,14,True,6,Spoofing,3,DoS,0.021162890187750524,0.01564122905883193,0.06546794508444789
4,8,14,True,6,Spoofing,4,Mirai,0.0618088583913738,0.07994400548524448,0.13180415243329308
4,8,14,True,6,Spoofing,5,Recon,0.08444939858431313,0.1049119531405451,0.1656631835826048
4,8,14,True,6,Spoofing,6,Spoofing,0.025823508455117616,0.18302995581582004,0.03164717560422008
4,8,14,True,6,Spoofing,7,Web-Based,0.13236167787411213,0.03815127258041516,0.22904385066779231
4,8,14,True,7,Web-Based,0,Benign,0.4957891882692238,0.5488409479823619,0.17297623575664542
4,8,14,True,7,Web-Based,1,BruteForce,0.06039273369387241,0.019135403409945656,0.10708717032208526
4,8,14,True,7,Web-Based,2,DDoS,0.1145844180797894,0.02783236400435949,0.1066949517894003
4,8,14,True,7,Web-Based,3,DoS,0.01928490808423539,0.016566767782370324,0.04939253408097092
4,8,14,True,7,Web-Based,4,Mirai,0.07486347512173418,0.09882561472244822,0.14558805307634887
4,8,14,True,7,Web-Based,5,Recon,0.0782054050754781,0.09537637191819076,0.15697656799097004
4,8,14,True,7,Web-Based,6,Spoofing,0.024351253671458312,0.1554511756071837,0.030242968952408876
4,8,14,True,7,Web-Based,7,Web-Based,0.1325286180042085,0.03797135457313988,0.23104151803117037
4,8,15,True,0,Benign,0,Benign,0.7100253178466477,0.5513877600447902,0.04236693763547878
4,8,15,True,0,Benign,1,BruteForce,0.011351800674856966,0.016556066029480947,0.01892103887566981
4,8,15,True,0,Benign,2,DDoS,0.0920833764245645,0.05263060080504971,0.5282522823806991
4,8,15,True,0,Benign,3,DoS,0.027258967862930538,0.02519764124390212,0.24631879642162938
4,8,15,True,0,Benign,4,Mirai,0.037324758511410094,0.07592697931821502,0.03668175591902449
4,8,15,True,0,Benign,5,Recon,0.04202142301260999,0.09331959838231721,0.037223230710445386
4,8,15,True,0,Benign,6,Spoofing,0.056892374408757496,0.15234757415887223,0.06087347994752148
4,8,15,True,0,Benign,7,Web-Based,0.023041981258222738,0.0326337800173725,0.029362478109531586
4,8,15,True,1,BruteForce,0,Benign,0.6889197372198662,0.5513801253596069,0.04489409673142531
4,8,15,True,1,BruteForce,1,BruteForce,0.016839134416218045,0.023576857069582065,0.020358402406729318
4,8,15,True,1,BruteForce,2,DDoS,0.10200517795014168,0.02825581033071321,0.5344620133787376
4,8,15,True,1,BruteForce,3,DoS,0.01656049276933697,0.011710265997992833,0.2206143639574129
4,8,15,True,1,BruteForce,4,Mirai,0.04787307297995192,0.09604126747330274,0.03968907350278579
4,8,15,True,1,BruteForce,5,Recon,0.02997801060130388,0.08848709072677563,0.03958438610992975
4,8,15,True,1,BruteForce,6,Spoofing,0.06861085194913495,0.15360626614875164,0.06672043510797376
4,8,15,True,1,BruteForce,7,Web-Based,0.029213522114046406,0.04694231689327497,0.03367722880500573
4,8,15,True,2,DDoS,0,Benign,0.6077916214621555,0.20011434903215738,0.021176872935646043
4,8,15,True,2,DDoS,1,BruteForce,0.00956885734647833,0.013863528648765113,0.016604307060660434
4,8,15,True,2,DDoS,2,DDoS,0.22471506749877238,0.576500048649476,0.7370508706933037
4,8,15,True,2,DDoS,3,DoS,0.027978102859788506,0.02464213028733665,0.1129810567230648
4,8,15,True,2,DDoS,4,Mirai,0.02841409890746449,0.04288184684067563,0.026179711930875767
4,8,15,True,2,DDoS,5,Recon,0.04324644632043981,0.061349763904554495,0.028090226780359044
4,8,15,True,2,DDoS,6,Spoofing,0.035541010457269935,0.054694771763862664,0.035164126379575784
4,8,15,True,2,DDoS,7,Web-Based,0.02274479514763121,0.025953560873172098,0.02275282749651443
4,8,15,True,3,DoS,0,Benign,0.52046800019075,0.11214782503852885,0.024114336298217926
4,8,15,True,3,DoS,1,BruteForce,0.007525837614306835,0.01298520975966575,0.016793409861743457
4,8,15,True,3,DoS,2,DDoS,0.07279967860904016,0.161961703677268,0.21955537550127938
4,8,15,True,3,DoS,3,DoS,0.30818310854648895,0.5450480188258566,0.6414624660768931
4,8,15,True,3,DoS,4,Mirai,0.014734980072139397,0.030748094666202815,0.02016733558239775
4,8,15,True,3,DoS,5,Recon,0.037670340531523426,0.04095690090889675,0.022461414913278792
4,8,15,True,3,DoS,6,Spoofing,0.021595468177824324,0.07430279609419083,0.035677155829951276
4,8,15,True,3,DoS,7,Web-Based,0.017022586257927057,0.02184945102939041,0.01976850593623829
4,8,15,True,4,Mirai,0,Benign,0.6746313471525663,0.5079543400195876,0.04395137160671898
4,8,15,True,4,Mirai,1,BruteForce,0.014520033062635006,0.018567920009346105,0.01926825074047055
4,8,15,True,4,Mirai,2,DDoS,0.10718147679368997,0.05623485642668978,0.5195156145993107
4,8,15,True,4,Mirai,3,DoS,0.024221898629791325,0.016665299637709265,0.24913312575208632
4,8,15,True,4,Mirai,4,Mirai,0.06266820718574789,0.15597936288395042,0.040414798266695494
4,8,15,True,4,Mirai,5,Recon,0.02974810928784189,0.06384667584079441,0.03364497392438477
4,8,15,True,4,Mirai,6,Spoofing,0.06322892679029013,0.14830233552440517,0.06355147507403948
4,8,15,True,4,Mirai,7,Web-Based,0.02380000109743741,0.03244920965751721,0.030520390036293685
4,8,15,True,5,Recon,0,Benign,0.695481738747818,0.547030921205778,0.04514706382886617
4,8,15,True,5,Recon,1,BruteForce,0.015092144713827275,0.022862988805216065,0.02001484453154398
4,8,15,True,5,Recon,2,DDoS,0.10218299105900476,0.02603675262492521,0.5127337985910626
4,8,15,True,5,Recon,3,DoS,0.019377432193379975,0.013927736829052791,0.24398687883372686
4,8,15,True,5,Recon,4,Mirai,0.038733154659248786,0.08034596479027138,0.03886252662398253
4,8,15,True,5,Recon,5,Recon,0.037806217069790635,0.12507380196843032,0.04211230117798616
4,8,15,True,5,Recon,6,Spoofing,0.05841333415573207,0.1398517151757608,0.06376056228826558
4,8,15,True,5,Recon,7,Web-Based,0.032912987401198426,0.044870118600565494,0.03338202412456612
4,8,15,True,6,Spoofing,0,Benign,0.70668296186076,0.53516050773996,0.043005885134965845
4,8,15,True,6,Spoofing,1,BruteForce,0.012624395044515627,0.018966048565760146,0.01834045905221986
4,8,15,True,6,Spoofing,2,DDoS,0.08246512228640873,0.024195027613423143,0.49072953955158416
4,8,15,True,6,Spoofing,3,DoS,0.024279838714368875,0.01564122905883193,0.2824016376729417
4,8,15,True,6,Spoofing,4,Mirai,0.0388093920934653,0.07994400548524448,0.03785576603850135
4,8,15,True,6,Spoofing,5,Recon,0.043141214924184254,0.1049119531405451,0.03678623809694415
4,8,15,True,6,Spoofing,6,Spoofing,0.06774568947577075,0.18302995581582004,0.0618361422887544
4,8,15,True,6,Spoofing,7,Web-Based,0.024251385600526473,0.03815127258041516,0.029044332164088547
4,8,15,True,7,Web-Based,0,Benign,0.697840974693549,0.5488409479823619,0.047836468758936025
4,8,15,True,7,Web-Based,1,BruteForce,0.013549814321740327,0.019135403409945656,0.018904512376939644
4,8,15,True,7,Web-Based,2,DDoS,0.09794490051546866,0.02783236400435949,0.567691749291272
4,8,15,True,7,Web-Based,3,DoS,0.021683327167178378,0.016566767782370324,0.1911275154593667
4,8,15,True,7,Web-Based,4,Mirai,0.04678552114228001,0.09882561472244822,0.03838110695791504
4,8,15,True,7,Web-Based,5,Recon,0.03755796193941746,0.09537637191819076,0.04044927991821215
4,8,15,True,7,Web-Based,6,Spoofing,0.059249157677957597,0.1554511756071837,0.06403901028637875
4,8,15,True,7,Web-Based,7,Web-Based,0.025388342542408605,0.03797135457313988,0.031570356950979664
4,8,16,False,0,Benign,0,Benign,0.5503567823148017,0.5513877600447902,0.5300303097474559
4,8,16,False,0,Benign,1,BruteForce,0.019828208070692088,0.016556066029480947,0.021027505928547224
4,8,16,False,0,Benign,2,DDoS,0.1427520996698576,0.05263060080504971,0.17094103833841987
4,8,16,False,0,Benign,3,DoS,0.015008138593050118,0.02519764124390212,0.04830328813067926
4,8,16,False,0,Benign,4,Mirai,0.012941589057006589,0.07592697931821502,0.017511748699624068
4,8,16,False,0,Benign,5,Recon,0.029454684046004938,0.09331959838231721,0.032187210622168616
4,8,16,False,0,Benign,6,Spoofing,0.12440509600612647,0.15234757415887223,0.09566273227944116
4,8,16,False,0,Benign,7,Web-Based,0.1052534022424605,0.0326337800173725,0.0843361662536639
4,8,16,False,1,BruteForce,0,Benign,0.5451805461894316,0.5513801253596069,0.5790399720667506
4,8,16,False,1,BruteForce,1,BruteForce,0.02741641799388123,0.023576857069582065,0.023723883676597893
4,8,16,False,1,BruteForce,2,DDoS,0.11051294861899753,0.02825581033071321,0.1228205229672812
4,8,16,False,1,BruteForce,3,DoS,0.008853805756096646,0.011710265997992833,0.015792268374392043
4,8,16,False,1,BruteForce,4,Mirai,0.01376373242810964,0.09604126747330274,0.018174173392562623
4,8,16,False,1,BruteForce,5,Recon,0.02996578139393023,0.08848709072677563,0.03412165280745364
4,8,16,False,1,BruteForce,6,Spoofing,0.12028126771019397,0.15360626614875164,0.10142397532014479
4,8,16,False,1,BruteForce,7,Web-Based,0.1440254999093592,0.04694231689327497,0.10490355139481723
4,8,16,False,2,DDoS,0,Benign,0.166970925190566,0.20011434903215738,0.17147717713344024
4,8,16,False,2,DDoS,1,BruteForce,0.011768905541513717,0.013863528648765113,0.01516788800341078
4,8,16,False,2,DDoS,2,DDoS,0.6912701790218438,0.576500048649476,0.6699083686573377
4,8,16,False,2,DDoS,3,DoS,0.018374727658327143,0.02464213028733665,0.02778530729797473
4,8,16,False,2,DDoS,4,Mirai,0.007096377171024642,0.04288184684067563,0.012607673590376416
4,8,16,False,2,DDoS,5,Recon,0.013638082229513784,0.061349763904554495,0.018954000231230683
4,8,16,False,2,DDoS,6,Spoofing,0.04111599829902153,0.054694771763862664,0.04211813010053166
4,8,16,False,2,DDoS,7,Web-Based,0.049764804888189365,0.025953560873172098,0.04198145498569785
4,8,16,False,3,DoS,0,Benign,0.06801107603527407,0.11214782503852885,0.1534782343859691
4,8,16,False,3,DoS,1,BruteForce,0.010790346896348155,0.01298520975966575,0.015613197748423496
4,8,16,False,3,DoS,2,DDoS,0.24232565438877798,0.161961703677268,0.2894492400280048
4,8,16,False,3,DoS,3,DoS,0.5896618121775656,0.5450480188258566,0.4078067750738528
4,8,16,False,3,DoS,4,Mirai,0.005474516611470927,0.030748094666202815,0.015628092445181617
4,8,16,False,3,DoS,5,Recon,0.010602972638179739,0.04095690090889675,0.02086665227182742
4,8,16,False,3,DoS,6,Spoofing,0.04834636218630071,0.07430279609419083,0.059511592753765045
4,8,16,False,3,DoS,7,Web-Based,0.024787259066082677,0.02184945102939041,0.03764621529297571
4,8,16,False,4,Mirai,0,Benign,0.5136674146431031,0.5079543400195876,0.5198663663631857
4,8,16,False,4,Mirai,1,BruteForce,0.02313673563056486,0.018567920009346105,0.022457304183630726
4,8,16,False,4,Mirai,2,DDoS,0.1811367668934225,0.05623485642668978,0.18214695932787334
4,8,16,False,4,Mirai,3,DoS,0.014356093164885474,0.016665299637709265,0.04271167804532373
4,8,16,False,4,Mirai,4,Mirai,0.01458944623264938,0.15597936288395042,0.018290116150435708
4,8,16,False,4,Mirai,5,Recon,0.026050667102352043,0.06384667584079441,0.031072125843308845
4,8,16,False,4,Mirai,6,Spoofing,0.11689603164440308,0.14830233552440517,0.09702839134139052
4,8,16,False,4,Mirai,7,Web-Based,0.11016684468861959,0.03244920965751721,0.08642705874485154
4,8,16,False,5,Recon,0,Benign,0.5370481066410374,0.547030921205778,0.5826766320342817
4,8,16,False,5,Recon,1,BruteForce,0.026468102044987528,0.022862988805216065,0.02367595238873137
4,8,16,False,5,Recon,2,DDoS,0.10245311478076442,0.02603675262492521,0.12281409419594108
4,8,16,False,5,Recon,3,DoS,0.01130180357356476,0.013927736829052791,0.01742187199915193
4,8,16,False,5,Recon,4,Mirai,0.012316742126012543,0.08034596479027138,0.017464406708215047
4,8,16,False,5,Recon,5,Recon,0.04548538942657296,0.12507380196843032,0.03569741203734269
4,8,16,False,5,Recon,6,Spoofing,0.11039866519960786,0.1398517151757608,0.09590141580540332
4,8,16,False,5,Recon,7,Web-Based,0.1545280762074526,0.044870118600565494,0.10434821483093291
4,8,16,False,6,Spoofing,0,Benign,0.5671201989742308,0.53516050773996,0.5806725569369622
4,8,16,False,6,Spoofing,1,BruteForce,0.021747798886886802,0.018966048565760146,0.021809624801036646
4,8,16,False,6,Spoofing,2,DDoS,0.08551722622394252,0.024195027613423143,0.11376674576349277
4,8,16,False,6,Spoofing,3,DoS,0.010998098106525559,0.01564122905883193,0.0412694717319915
4,8,16,False,6,Spoofing,4,Mirai,0.013562493894164447,0.07994400548524448,0.018104983910997404
4,8,16,False,6,Spoofing,5,Recon,0.03151878739005797,0.1049119531405451,0.03349469458128099
4,8,16,False,6,Spoofing,6,Spoofing,0.15163760931896073,0.18302995581582004,0.1009155020751479
4,8,16,False,6,Spoofing,7,Web-Based,0.11789778720523127,0.03815127258041516,0.0899664201990906
4,8,16,False,7,Web-Based,0,Benign,0.5682695967153565,0.5488409479823619,0.5787810032217117
4,8,16,False,7,Web-Based,1,BruteForce,0.02371072975458654,0.019135403409945656,0.02254871787699833
4,8,16,False,7,Web-Based,2,DDoS,0.09706433408153338,0.02783236400435949,0.129315837762052
4,8,16,False,7,Web-Based,3,DoS,0.015050860408277982,0.016566767782370324,0.028902257663981187
4,8,16,False,7,Web-Based,4,Mirai,0.013911548865450865,0.09882561472244822,0.017587063789959806
4,8,16,False,7,Web-Based,5,Recon,0.03021872009381116,0.09537637191819076,0.03354605514786356
4,8,16,False,7,Web-Based,6,Spoofing,0.12603340193456083,0.1554511756071837,0.09505421086934279
4,8,16,False,7,Web-Based,7,Web-Based,0.12574080814642277,0.03797135457313988,0.09426485366809079
4,8,17,True,0,Benign,0,Benign,0.6100301576015755,0.5513877600447902,0.28549025625267427
4,8,17,True,0,Benign,1,BruteForce,0.0076962634333095125,0.016556066029480947,0.014185500460604487
4,8,17,True,0,Benign,2,DDoS,0.030981546239505078,0.05263060080504971,0.03715983000034357
4,8,17,True,0,Benign,3,DoS,0.029435054818343475,0.02519764124390212,0.06842733026191232
4,8,17,True,0,Benign,4,Mirai,0.2368073710130645,0.07592697931821502,0.46467994919249345
4,8,17,True,0,Benign,5,Recon,0.011386431339584002,0.09331959838231721,0.014249770964555071
4,8,17,True,0,Benign,6,Spoofing,0.01183947618793923,0.15234757415887223,0.01999197650138378
4,8,17,True,0,Benign,7,Web-Based,0.06182369936667868,0.0326337800173725,0.09581538636603307
4,8,17,True,1,BruteForce,0,Benign,0.5930582417736163,0.5513801253596069,0.2909750364022774
4,8,17,True,1,BruteForce,1,BruteForce,0.010315244859694947,0.023576857069582065,0.013811100446425287
4,8,17,True,1,BruteForce,2,DDoS,0.022457512364301713,0.02825581033071321,0.02055786442993603
4,8,17,True,1,BruteForce,3,DoS,0.01202669114400135,0.011710265997992833,0.02296917489127511
4,8,17,True,1,BruteForce,4,Mirai,0.23900941483415486,0.09604126747330274,0.4832464609218837
4,8,17,True,1,BruteForce,5,Recon,0.012860634467248725,0.08848709072677563,0.013580159110810387
4,8,17,True,1,BruteForce,6,Spoofing,0.011400711630869198,0.15360626614875164,0.019335527489110344
4,8,17,True,1,BruteForce,7,Web-Based,0.09887154892611286,0.04694231689327497,0.13552467630828172
4,8,17,True,2,DDoS,0,Benign,0.4038887903307588,0.20011434903215738,0.09336678958428662
4,8,17,True,2,DDoS,1,BruteForce,0.008774452212591549,0.013863528648765113,0.015296202754621522
4,8,17,True,2,DDoS,2,DDoS,0.37437597174441745,0.576500048649476,0.5902805016021272
4,8,17,True,2,DDoS,3,DoS,0.028150116583122914,0.02464213028733665,0.05819376522111565
4,8,17,True,2,DDoS,4,Mirai,0.09844521397973875,0.04288184684067563,0.15875435436662108
4,8,17,True,2,DDoS,5,Recon,0.01519498265874322,0.061349763904554495,0.015335901551710924
4,8,17,True,2,DDoS,6,Spoofing,0.014560635512593612,0.054694771763862664,0.017450072799723108
4,8,17,True,2,DDoS,7,Web-Based,0.056609836978033776,0.025953560873172098,0.05132241211979389
4,8,17,True,3,DoS,0,Benign,0.5007182059128896,0.11214782503852885,0.07277321479680557
4,8,17,True,3,DoS,1,BruteForce,0.00667964008790812,0.01298520975966575,0.014065831981087972
4,8,17,True,3,DoS,2,DDoS,0.07590935074927646,0.161961703677268,0.10673006553962243
4,8,17,True,3,DoS,3,DoS,0.28125683430897425,0.5450480188258566,0.5840085545495027
4,8,17,True,3,DoS,4,Mirai,0.06802811757205614,0.030748094666202815,0.14817217097778823
4,8,17,True,3,DoS,5,Recon,0.015518693947341627,0.04095690090889675,0.013893405935569748
4,8,17,True,3,DoS,6,Spoofing,0.01175874517444695,0.07430279609419083,0.02023589978426069
4,8,17,True,3,DoS,7,Web-Based,0.04013041224710689,0.02184945102939041,0.040120856435362576
4,8,17,True,4,Mirai,0,Benign,0.578906976919528,0.5079543400195876,0.2548163016978221
4,8,17,True,4,Mirai,1,BruteForce,0.008478454387071517,0.018567920009346105,0.014199170509700397
4,8,17,True,4,Mirai,2,DDoS,0.02238678627020784,0.05623485642668978,0.023378616819069394
4,8,17,True,4,Mirai,3,DoS,0.015597921312311294,0.016665299637709265,0.03831099334161723
4,8,17,True,4,Mirai,4,Mirai,0.29297954250206815,0.15597936288395042,0.5501613249272135
4,8,17,True,4,Mirai,5,Recon,0.010721067760363495,0.06384667584079441,0.011814109727573522
4,8,17,True,4,Mirai,6,Spoofing,0.011392813244800615,0.14830233552440517,0.018878452308612167
4,8,17,True,4,Mirai,7,Web-Based,0.059536437603649135,0.03244920965751721,0.08844103066839169
4,8,17,True,5,Recon,0,Benign,0.5904742061008276,0.547030921205778,0.2860402242731761
4,8,17,True,5,Recon,1,BruteForce,0.009925307355796949,0.022862988805216065,0.01364981590461533
4,8,17,True,5,Recon,2,DDoS,0.02271846906323492,0.02603675262492521,0.020404437721485168
4,8,17,True,5,Recon,3,DoS,0.01503509588910674,0.013927736829052791,0.027428921617837113
4,8,17,True,5,Recon,4,Mirai,0.22777521272187076,0.08034596479027138,0.4850264000256482
4,8,17,True,5,Recon,5,Recon,0.013643423151275298,0.12507380196843032,0.013369469350166146
4,8,17,True,5,Recon,6,Spoofing,0.010595674478123542,0.1398517151757608,0.018596408727651944
4,8,17,True,5,Recon,7,Web-Based,0.10983261123976422,0.044870118600565494,0.13548432237941996
4,8,17,True,6,Spoofing,0,Benign,0.6086599835848655,0.53516050773996,0.3092269064147712
4,8,17,True,6,Spoofing,1,BruteForce,0.0083905000417078,0.018966048565760146,0.014497671130676232
4,8,17,True,6,Spoofing,2,DDoS,0.020519228452015002,0.024195027613423143,0.02181494584974878
4,8,17,True,6,Spoofing,3,DoS,0.021726394626828165,0.01564122905883193,0.038256910360335544
4,8,17,True,6,Spoofing,4,Mirai,0.24666812321321915,0.07994400548524448,0.4769918370044921
4,8,17,True,6,Spoofing,5,Recon,0.011573763924927335,0.1049119531405451,0.015049112617538614
4,8,17,True,6,Spoofing,6,Spoofing,0.011909154894764734,0.18302995581582004,0.020963075177904886
4,8,17,True,6,Spoofing,7,Web-Based,0.07055285126167227,0.03815127258041516,0.10319954144453264
4,8,17,True,7,Web-Based,0,Benign,0.6009729275783958,0.5488409479823619,0.3032507799452012
4,8,17,True,7,Web-Based,1,BruteForce,0.008585046975874729,0.019135403409945656,0.01414119663574508
4,8,17,True,7,Web-Based,2,DDoS,0.022120083155943673,0.02783236400435949,0.021875898422680094
4,8,17,True,7,Web-Based,3,DoS,0.016243136542321283,0.016566767782370324,0.027305118633913394
4,8,17,True,7,Web-Based,4,Mirai,0.2534780469750368,0.09882561472244822,0.49096564008119264
4,8,17,True,7,Web-Based,5,Recon,0.011599806741594899,0.09537637191819076,0.014075544466187995
4,8,17,True,7,Web-Based,6,Spoofing,0.01105717280962471,0.1554511756071837,0.018988784192794796
4,8,17,True,7,Web-Based,7,Web-Based,0.07594377922120814,0.03797135457313988,0.10939703762228463
4,8,18,True,0,Benign,0,Benign,0.4783707673679037,0.5513877600447902,0.07929120800126538
4,8,18,True,0,Benign,1,BruteForce,0.010756842724077705,0.016556066029480947,0.017458858490775987
4,8,18,True,0,Benign,2,DDoS,0.1327525065216181,0.05263060080504971,0.15861404143960733
4,8,18,True,0,Benign,3,DoS,0.021641531871437036,0.02519764124390212,0.06321693396608763
4,8,18,True,0,Benign,4,Mirai,0.15649392241113774,0.07592697931821502,0.2816342834803418
4,8,18,True,0,Benign,5,Recon,0.049134470203306274,0.09331959838231721,0.10014350934180694
4,8,18,True,0,Benign,6,Spoofing,0.09896384019291961,0.15234757415887223,0.17941355934136277
4,8,18,True,0,Benign,7,Web-Based,0.05188611870759996,0.0326337800173725,0.12022760593875217
4,8,18,True,1,BruteForce,0,Benign,0.4309771591391565,0.5513801253596069,0.07803752230937387
4,8,18,True,1,BruteForce,1,BruteForce,0.015512699689334095,0.023576857069582065,0.017396799929717
4,8,18,True,1,BruteForce,2,DDoS,0.11208073266954166,0.02825581033071321,0.11838409784250419
4,8,18,True,1,BruteForce,3,DoS,0.009267280424236081,0.011710265997992833,0.01956350511775155
4,8,18,True,1,BruteForce,4,Mirai,0.1861498839579255,0.09604126747330274,0.31906778831012245
4,8,18,True,1,BruteForce,5,Recon,0.05688848143091824,0.08848709072677563,0.10577417401014526
4,8,18,True,1,BruteForce,6,Spoofing,0.09368183396517787,0.15360626614875164,0.17149568645348656
4,8,18,True,1,BruteForce,7,Web-Based,0.09544192872371011,0.04694231689327497,0.17028042602689913
4,8,18,True,2,DDoS,0,Benign,0.42343539552370174,0.20011434903215738,0.02826859018663322
4,8,18,True,2,DDoS,1,BruteForce,0.009055922677724664,0.013863528648765113,0.014091817026769218
4,8,18,True,2,DDoS,2,DDoS,0.3652855217996845,0.576500048649476,0.654270449685772
4,8,18,True,2,DDoS,3,DoS,0.02040239437322208,0.02464213028733665,0.03580051166642515
4,8,18,True,2,DDoS,4,Mirai,0.06831061011634668,0.04288184684067563,0.09936931907685102
4,8,18,True,2,DDoS,5,Recon,0.04094213672209122,0.061349763904554495,0.06003738250304707
4,8,18,True,2,DDoS,6,Spoofing,0.036686158094814715,0.054694771763862664,0.05594373651867415
4,8,18,True,2,DDoS,7,Web-Based,0.03588186069241441,0.025953560873172098,0.05221819333582836
4,8,18,True,3,DoS,0,Benign,0.41550041022901946,0.11214782503852885,0.0295390958768088
4,8,18,True,3,DoS,1,BruteForce,0.007009730949403814,0.01298520975966575,0.01351120180749125
4,8,18,True,3,DoS,2,DDoS,0.15325881748235848,0.161961703677268,0.25390897836705617
4,8,18,True,3,DoS,3,DoS,0.30713022211759033,0.5450480188258566,0.4558741512559204
4,8,18,True,3,DoS,4,Mirai,0.027815022825443184,0.030748094666202815,0.07651992931647782
4,8,18,True,3,DoS,5,Recon,0.027965927221535344,0.04095690090889675,0.0466207342179081
4,8,18,True,3,DoS,6,Spoofing,0.03549102106988286,0.07430279609419083,0.08052143881313642
4,8,18,True,3,DoS,7,Web-Based,0.025828848104766343,0.02184945102939041,0.043504470345201045
4,8,18,True,4,Mirai,0,Benign,0.45221536350792535,0.5079543400195876,0.07483465746274677
4,8,18,True,4,Mirai,1,BruteForce,0.01241926837471827,0.018567920009346105,0.017115618542501317
4,8,18,True,4,Mirai,2,DDoS,0.13312013212480941,0.05623485642668978,0.14687663520600477
4,8,18,True,4,Mirai,3,DoS,0.013676279238872952,0.016665299637709265,0.052860430699017975
4,8,18,True,4,Mirai,4,Mirai,0.21356943307066453,0.15597936288395042,0.3524749224632224
4,8,18,True,4,Mirai,5,Recon,0.0371879787179036,0.06384667584079441,0.07610039554174912
4,8,18,True,4,Mirai,6,Spoofing,0.08563601246424556,0.14830233552440517,0.16375222561590383
4,8,18,True,4,Mirai,7,Web-Based,0.05217553250086045,0.03244920965751721,0.11598511446885378
4,8,18,True,5,Recon,0,Benign,0.4288493087539123,0.547030921205778,0.07853119486119295
4,8,18,True,5,Recon,1,BruteForce,0.014078538092510483,0.022862988805216065,0.01718766280872607
4,8,18,True,5,Recon,2,DDoS,0.10216988011704096,0.02603675262492521,0.10675435048481621
4,8,18,True,5,Recon,3,DoS,0.009322253648895037,0.013927736829052791,0.01960523070615944
4,8,18,True,5,Recon,4,Mirai,0.17586932384813225,0.08034596479027138,0.3188607933313793
4,8,18,True,5,Recon,5,Recon,0.08352343773097233,0.12507380196843032,0.1282945985828788
4,8,18,True,5,Recon,6,Spoofing,0.08425024872551524,0.1398517151757608,0.16392899799818775
4,8,18,True,5,Recon,7,Web-Based,0.10193700908302149,0.044870118600565494,0.1668371712266596
4,8,18,True,6,Spoofing,0,Benign,0.4625897040638624,0.53516050773996,0.08523009430516734
4,8,18,True,6,Spoofing,1,BruteForce,0.011932307624331326,0.018966048565760146,0.017586989454200577
4,8,18,True,6,Spoofing,2,DDoS,0.09691741228626209,0.024195027613423143,0.10524883858271505
4,8,18,True,6,Spoofing,3,DoS,0.014244550494817,0.01564122905883193,0.04423083716352722
4,8,18,True,6,Spoofing,4,Mirai,0.165975954129524,0.07994400548524448,0.2883854518123898
4,8,18,True,6,Spoofing,5,Recon,0.05378669669443296,0.1049119531405451,0.11415598105720379
4,8,18,True,6,Spoofing,6,Spoofing,0.1325144564506975,0.18302995581582004,0.21060199033088553
4,8,18,True,6,Spoofing,7,Web-Based,0.06203891825607272,0.03815127258041516,0.13455981729391067
4,8,18,True,7,Web-Based,0,Benign,0.45664833707356367,0.5488409479823619,0.08301217323877087
4,8,18,True,7,Web-Based,1,BruteForce,0.01243937039096186,0.019135403409945656,0.017942101522622333
4,8,18,True,7,Web-Based,2,DDoS,0.11467352179247015,0.02783236400435949,0.1209878931536618
4,8,18,True,7,Web-Based,3,DoS,0.011906502356155342,0.016566767782370324,0.029096020910975812
4,8,18,True,7,Web-Based,4,Mirai,0.19701988149409955,0.09882561472244822,0.3312103204607563
4,8,18,True,7,Web-Based,5,Recon,0.04833485307599931,0.09537637191819076,0.10513246698358009
4,8,18,True,7,Web-Based,6,Spoofing,0.09560289872109613,0.1554511756071837,0.17154583115431432
4,8,18,True,7,Web-Based,7,Web-Based,0.06337463509565405,0.03797135457313988,0.14107319257531853
4,8,19,False,0,Benign,0,Benign,0.08794862245951175,0.5513877600447902,0.0995827874382423
4,8,19,False,0,Benign,1,BruteForce,0.009493937128395058,0.016556066029480947,0.014251816067358897
4,8,19,False,0,Benign,2,DDoS,0.2284456154132399,0.05263060080504971,0.2771212132972775
4,8,19,False,0,Benign,3,DoS,0.06408731917503419,0.02519764124390212,0.08176499078480758
4,8,19,False,0,Benign,4,Mirai,0.013661525058015983,0.07592697931821502,0.015329385528938028
4,8,19,False,0,Benign,5,Recon,0.2015426712192747,0.09331959838231721,0.14785265301599917
4,8,19,False,0,Benign,6,Spoofing,0.3802369215012724,0.15234757415887223,0.3444539609682327
4,8,19,False,0,Benign,7,Web-Based,0.014583388045256093,0.0326337800173725,0.019643192899143822
4,8,19,False,1,BruteForce,0,Benign,0.09105885856080703,0.5513801253596069,0.11440749489886082
4,8,19,False,1,BruteForce,1,BruteForce,0.012219530278862032,0.023576857069582065,0.014106951898135198
4,8,19,False,1,BruteForce,2,DDoS,0.2201941752781913,0.02825581033071321,0.24317679512449117
4,8,19,False,1,BruteForce,3,DoS,0.02207531928615669,0.011710265997992833,0.02909499425287026
4,8,19,False,1,BruteForce,4,Mirai,0.014466424901479626,0.09604126747330274,0.015514343510325858
4,8,19,False,1,BruteForce,5,Recon,0.18784248127485348,0.08848709072677563,0.17120358553950188
4,8,19,False,1,BruteForce,6,Spoofing,0.43533254197405985,0.15360626614875164,0.39142410052975257
4,8,19,False,1,BruteForce,7,Web-Based,0.016810668445590038,0.04694231689327497,0.021071734246062287
4,8,19,False,2,DDoS,0,Benign,0.026572591304264922,0.20011434903215738,0.035058761608255475
4,8,19,False,2,DDoS,1,BruteForce,0.0070687555736319106,0.013863528648765113,0.011920557143215039
4,8,19,False,2,DDoS,2,DDoS,0.7282036964095131,0.576500048649476,0.6897807004409165
4,8,19,False,2,DDoS,3,DoS,0.04388749730694567,0.02464213028733665,0.05056734530029262
4,8,19,False,2,DDoS,4,Mirai,0.007147640243182611,0.04288184684067563,0.010566971408359951
4,8,19,False,2,DDoS,5,Recon,0.07589648442964156,0.061349763904554495,0.08057566529853935
4,8,19,False,2,DDoS,6,Spoofing,0.10247931748538121,0.054694771763862664,0.10683950560859325
4,8,19,False,2,DDoS,7,Web-Based,0.008744017247439041,0.025953560873172098,0.014690493191827744
4,8,19,False,3,DoS,0,Benign,0.013572435862201809,0.11214782503852885,0.026857865123341935
4,8,19,False,3,DoS,1,BruteForce,0.007232400526926132,0.01298520975966575,0.012880383328783123
4,8,19,False,3,DoS,2,DDoS,0.19765542198522054,0.161961703677268,0.2088448649851484
4,8,19,False,3,DoS,3,DoS,0.6642179692015169,0.5450480188258566,0.5769555156578149
4,8,19,False,3,DoS,4,Mirai,0.004677073265929695,0.030748094666202815,0.011155765983904433
4,8,19,False,3,DoS,5,Recon,0.038345430733212796,0.04095690090889675,0.046019767269679455
4,8,19,False,3,DoS,6,Spoofing,0.06707034339613724,0.07430279609419083,0.10382648851343361
4,8,19,False,3,DoS,7,Web-Based,0.007228925028854813,0.02184945102939041,0.013459349137894146
4,8,19,False,4,Mirai,0,Benign,0.0818182410986381,0.5079543400195876,0.10111195262028812
4,8,19,False,4,Mirai,1,BruteForce,0.010843292089880554,0.018567920009346105,0.014685494410402487
4,8,19,False,4,Mirai,2,DDoS,0.33451931726512835,0.05623485642668978,0.3080294153342296
4,8,19,False,4,Mirai,3,DoS,0.030798038682018764,0.016665299637709265,0.06267189360779125
4,8,19,False,4,Mirai,4,Mirai,0.015769363536981527,0.15597936288395042,0.01639232622734928
4,8,19,False,4,Mirai,5,Recon,0.15212189142018437,0.06384667584079441,0.12475391665744152
4,8,19,False,4,Mirai,6,Spoofing,0.35982432169151907,0.14830233552440517,0.3529448092300993
4,8,19,False,4,Mirai,7,Web-Based,0.014305534215649353,0.03244920965751721,0.01941019191239833
4,8,19,False,5,Recon,0,Benign,0.09799836421364244,0.547030921205778,0.11377128018565753
4,8,19,False,5,Recon,1,BruteForce,0.011060156591799453,0.022862988805216065,0.013451366676126121
4,8,19,False,5,Recon,2,DDoS,0.2063298468153314,0.02603675262492521,0.22580626008649443
4,8,19,False,5,Recon,3,DoS,0.02232874461970448,0.013927736829052791,0.02881382338307064
4,8,19,False,5,Recon,4,Mirai,0.012966547538553082,0.08034596479027138,0.014453942130792558
4,8,19,False,5,Recon,5,Recon,0.2695163554637053,0.12507380196843032,0.20973303424184234
4,8,19,False,5,Recon,6,Spoofing,0.36249021099535406,0.1398517151757608,0.373434181584476
4,8,19,False,5,Recon,7,Web-Based,0.017309773761909873,0.044870118600565494,0.020536111711540364
4,8,19,False,6,Spoofing,0,Benign,0.09407737119117211,0.53516050773996,0.10624814043453842
4,8,19,False,6,Spoofing,1,BruteForce,0.00966683742813237,0.018966048565760146,0.014004713861896511
4,8,19,False,6,Spoofing,2,DDoS,0.16622711204185228,0.024195027613423143,0.2165432149540412
4,8,19,False,6,Spoofing,3,DoS,0.03195209555103299,0.01564122905883193,0.07314453972683391
4,8,19,False,6,Spoofing,4,Mirai,0.013746575848944368,0.07994400548524448,0.01577531306911422
4,8,19,False,6,Spoofing,5,Recon,0.23613297605335806,0.1049119531405451,0.16522822199154713
4,8,19,False,6,Spoofing,6,Spoofing,0.4336546945764672,0.18302995581582004,0.38918639550452017
4,8,19,False,6,Spoofing,7,Web-Based,0.014542337309040637,0.03815127258041516,0.019869460457508405
4,8,19,False,7,Web-Based,0,Benign,0.09647746229744497,0.5488409479823619,0.11318022560877856
4,8,19,False,7,Web-Based,1,BruteForce,0.010578705204486243,0.019135403409945656,0.01411451322809449
4,8,19,False,7,Web-Based,2,DDoS,0.2257425395455541,0.02783236400435949,0.25970387193636624
4,8,19,False,7,Web-Based,3,DoS,0.03505190191470018,0.016566767782370324,0.04272070016786399
4,8,19,False,7,Web-Based,4,Mirai,0.01457650407485673,0.09882561472244822,0.015506703304554783
4,8,19,False,7,Web-Based,5,Recon,0.21780936712828683,0.09537637191819076,0.16228326293001225
4,8,19,False,7,Web-Based,6,Spoofing,0.3838579676072975,0.1554511756071837,0.3717827409679667
4,8,19,False,7,Web-Based,7,Web-Based,0.015905552227373443,0.03797135457313988,0.02070798185636304
