monitoring_round,global_round,client_id,actual_malicious,source_id,source_name,target_id,target_name,local_probability,round_consensus_probability,frozen_profile_probability
1,5,0,False,0,Benign,0,Benign,0.2846240717600752,0.6624269896588939,0.2695434779274763
1,5,0,False,0,Benign,1,BruteForce,0.06599596538225917,0.01842614452386307,0.073007406369225
1,5,0,False,0,Benign,2,DDoS,0.007026007756148783,0.026316491609114843,0.010778390064773007
1,5,0,False,0,Benign,3,DoS,0.1450053445099408,0.018691649228478966,0.18204991669475112
1,5,0,False,0,Benign,4,Mirai,0.3114050789254074,0.07112618000436756,0.2753507390958716
1,5,0,False,0,Benign,5,Recon,0.1454738013699036,0.07446340526574748,0.15101139244834436
1,5,0,False,0,Benign,6,Spoofing,0.019884260084171643,0.0986198658805537,0.01813722422140563
1,5,0,False,0,Benign,7,Web-Based,0.020585470212093577,0.02992927382898051,0.02012145317815296
1,5,0,False,1,BruteForce,0,Benign,0.2693932657923099,0.6498097023345404,0.2839332576701928
1,5,0,False,1,BruteForce,1,BruteForce,0.1119789647710695,0.021074843293851318,0.1028368231449146
1,5,0,False,1,BruteForce,2,DDoS,0.007667830832422302,0.023063197334055565,0.008596221758707303
1,5,0,False,1,BruteForce,3,DoS,0.05893713862321809,0.017841525183533,0.07047986306366458
1,5,0,False,1,BruteForce,4,Mirai,0.3771838845136643,0.08344070165556823,0.3123241807904805
1,5,0,False,1,BruteForce,5,Recon,0.12630141462757177,0.07021393184189192,0.1777805182048553
1,5,0,False,1,BruteForce,6,Spoofing,0.020126482772525565,0.09856818888571907,0.01795847659940625
1,5,0,False,1,BruteForce,7,Web-Based,0.028411018067218612,0.03598790947084068,0.02609065876777864
1,5,0,False,2,DDoS,0,Benign,0.07151693925100273,0.1913059441060292,0.08482875547455743
1,5,0,False,2,DDoS,1,BruteForce,0.027302113022278484,0.015306813755140503,0.03882815535864814
1,5,0,False,2,DDoS,2,DDoS,0.5855857782838751,0.5995419773217262,0.5300357881927316
1,5,0,False,2,DDoS,3,DoS,0.10205705797297294,0.021034454378406144,0.13231050994392587
1,5,0,False,2,DDoS,4,Mirai,0.1339568873331822,0.05385321374849745,0.11009046875300106
1,5,0,False,2,DDoS,5,Recon,0.06013744068562544,0.05052206595141243,0.0750025153134342
1,5,0,False,2,DDoS,6,Spoofing,0.008384924455419308,0.04531296997615174,0.011780942796338192
1,5,0,False,2,DDoS,7,Web-Based,0.011058858995643798,0.023122560762636243,0.017122864167363423
1,5,0,False,3,DoS,0,Benign,0.02829528386845688,0.16159784057762058,0.03897824859356729
1,5,0,False,3,DoS,1,BruteForce,0.01585566084681654,0.02577531836502258,0.01979899216122622
1,5,0,False,3,DoS,2,DDoS,0.02100603331673788,0.0846335852977764,0.019992927785115314
1,5,0,False,3,DoS,3,DoS,0.855443529439063,0.4635745981788168,0.8196725942875323
1,5,0,False,3,DoS,4,Mirai,0.04628325970704318,0.08134334385273169,0.04394419228293901
1,5,0,False,3,DoS,5,Recon,0.020257753912380105,0.056560110851059976,0.04190483911313008
1,5,0,False,3,DoS,6,Spoofing,0.0076027395129741335,0.09233861828304275,0.009296967053168573
1,5,0,False,3,DoS,7,Web-Based,0.005255739396528376,0.03417658459392906,0.006411238723321233
1,5,0,False,4,Mirai,0,Benign,0.22684434846435328,0.6525973986210691,0.26468545248958086
1,5,0,False,4,Mirai,1,BruteForce,0.07046902198834323,0.02081258400166365,0.08104205714317578
1,5,0,False,4,Mirai,2,DDoS,0.009062706269292268,0.029819144897262066,0.009235041321103145
1,5,0,False,4,Mirai,3,DoS,0.07461550354164648,0.019541609293777008,0.1368131858753524
1,5,0,False,4,Mirai,4,Mirai,0.5106004285568007,0.10025559254778105,0.3660098214660486
1,5,0,False,4,Mirai,5,Recon,0.07354702014492884,0.05664883154053897,0.1056291184830733
1,5,0,False,4,Mirai,6,Spoofing,0.018186307970449046,0.08870015611602264,0.017479306056300506
1,5,0,False,4,Mirai,7,Web-Based,0.01667466306418615,0.031624682981885574,0.01910601716536553
1,5,0,False,5,Recon,0,Benign,0.2570155463211735,0.6358194781996405,0.2697354952239179
1,5,0,False,5,Recon,1,BruteForce,0.10345943497057854,0.020717704885310946,0.09816528640543035
1,5,0,False,5,Recon,2,DDoS,0.00702285576171292,0.021665235647994004,0.008290229323074659
1,5,0,False,5,Recon,3,DoS,0.08921744340289943,0.01789211414093808,0.10258295235809174
1,5,0,False,5,Recon,4,Mirai,0.3049002567912231,0.07048142408992883,0.2703366835588477
1,5,0,False,5,Recon,5,Recon,0.1899995754843868,0.10091637283350781,0.20811273486733373
1,5,0,False,5,Recon,6,Spoofing,0.019073009900030007,0.097644939158108,0.01742386481205669
1,5,0,False,5,Recon,7,Web-Based,0.02931187736799569,0.034862731044571854,0.025352753451247274
1,5,0,False,6,Spoofing,0,Benign,0.27588352712345077,0.654116333453516,0.2782425072126134
1,5,0,False,6,Spoofing,1,BruteForce,0.07974559120096891,0.01825981749785193,0.07880469056473649
1,5,0,False,6,Spoofing,2,DDoS,0.00693517915302531,0.02136229824570209,0.009035142698165011
1,5,0,False,6,Spoofing,3,DoS,0.08772551424501843,0.018392478558345835,0.1504420044070767
1,5,0,False,6,Spoofing,4,Mirai,0.338743167154514,0.06731632525995287,0.2699775359829951
1,5,0,False,6,Spoofing,5,Recon,0.1648643752984362,0.0778171361014285,0.17289862575564113
1,5,0,False,6,Spoofing,6,Spoofing,0.021941547903628206,0.1125328514325767,0.018449960254190257
1,5,0,False,6,Spoofing,7,Web-Based,0.02416109792095813,0.030202759450626098,0.022149533124581948
1,5,0,False,7,Web-Based,0,Benign,0.26585872024702534,0.6678776050811925,0.2879011973958506
1,5,0,False,7,Web-Based,1,BruteForce,0.07616925389255264,0.01878414442898912,0.08289495648235258
1,5,0,False,7,Web-Based,2,DDoS,0.0072023531681694375,0.022840119702302056,0.012804949069375798
1,5,0,False,7,Web-Based,3,DoS,0.08129410385741725,0.01770636142702604,0.10179823313656905
1,5,0,False,7,Web-Based,4,Mirai,0.4112723212332778,0.07716641922502339,0.32507280490717133
1,5,0,False,7,Web-Based,5,Recon,0.11868770445644489,0.07064023263679034,0.15013832223241355
1,5,0,False,7,Web-Based,6,Spoofing,0.018916213478222945,0.09391373574709089,0.017629198824478803
1,5,0,False,7,Web-Based,7,Web-Based,0.020599329666889744,0.03107138175158572,0.021760337951788226
1,5,1,True,0,Benign,0,Benign,0.7439575138326129,0.6624269896588939,0.010186090730206536
1,5,1,True,0,Benign,1,BruteForce,0.00696364338207675,0.01842614452386307,0.008811980586556672
1,5,1,True,0,Benign,2,DDoS,0.02614294708763003,0.026316491609114843,0.0799869670566325
1,5,1,True,0,Benign,3,DoS,0.013453098126908184,0.018691649228478966,0.01373771407455914
1,5,1,True,0,Benign,4,Mirai,0.019700176522895175,0.07112618000436756,0.1006470055178695
1,5,1,True,0,Benign,5,Recon,0.07637228070804673,0.07446340526574748,0.30275933076306
1,5,1,True,0,Benign,6,Spoofing,0.10685865571611193,0.0986198658805537,0.47768374197190844
1,5,1,True,0,Benign,7,Web-Based,0.006551684623718292,0.02992927382898051,0.006187169299207316
1,5,1,True,1,BruteForce,0,Benign,0.732221917685604,0.6498097023345404,0.009244908484393941
1,5,1,True,1,BruteForce,1,BruteForce,0.0070662378644596865,0.021074843293851318,0.008624218840097496
1,5,1,True,1,BruteForce,2,DDoS,0.018905759616865296,0.023063197334055565,0.04663514271770176
1,5,1,True,1,BruteForce,3,DoS,0.010124693634828753,0.017841525183533,0.00891527456608392
1,5,1,True,1,BruteForce,4,Mirai,0.020001405525542963,0.08344070165556823,0.10647923554024705
1,5,1,True,1,BruteForce,5,Recon,0.09265391693719444,0.07021393184189192,0.31866185899277083
1,5,1,True,1,BruteForce,6,Spoofing,0.11238618542463916,0.09856818888571907,0.49515451153410917
1,5,1,True,1,BruteForce,7,Web-Based,0.006639883310865681,0.03598790947084068,0.006284849324595851
1,5,1,True,2,DDoS,0,Benign,0.6645186838611329,0.1913059441060292,0.005901462491373086
1,5,1,True,2,DDoS,1,BruteForce,0.008845821808052648,0.015306813755140503,0.006500318288547962
1,5,1,True,2,DDoS,2,DDoS,0.17720834744338235,0.5995419773217262,0.6709756990245247
1,5,1,True,2,DDoS,3,DoS,0.01811411565391068,0.021034454378406144,0.024245637016585383
1,5,1,True,2,DDoS,4,Mirai,0.020647113726177977,0.05385321374849745,0.03823622085610246
1,5,1,True,2,DDoS,5,Recon,0.04658824722501575,0.05052206595141243,0.11454177439027904
1,5,1,True,2,DDoS,6,Spoofing,0.055220541821749736,0.04531296997615174,0.13391432668866093
1,5,1,True,2,DDoS,7,Web-Based,0.008857128460577983,0.023122560762636243,0.005684561243926547
1,5,1,True,3,DoS,0,Benign,0.7151421573269886,0.16159784057762058,0.013705374029007103
1,5,1,True,3,DoS,1,BruteForce,0.009526497071829891,0.02577531836502258,0.01381009737827864
1,5,1,True,3,DoS,2,DDoS,0.06102108138392717,0.0846335852977764,0.1848364489545465
1,5,1,True,3,DoS,3,DoS,0.08502804359402683,0.4635745981788168,0.5116376641944259
1,5,1,True,3,DoS,4,Mirai,0.014626825717925103,0.08134334385273169,0.03701448876741091
1,5,1,True,3,DoS,5,Recon,0.049734945439098656,0.056560110851059976,0.06235320522321921
1,5,1,True,3,DoS,6,Spoofing,0.05649818388123573,0.09233861828304275,0.1693952678771879
1,5,1,True,3,DoS,7,Web-Based,0.008422265584968168,0.03417658459392906,0.007247453575923826
1,5,1,True,4,Mirai,0,Benign,0.7484445116559414,0.6525973986210691,0.011242730300144442
1,5,1,True,4,Mirai,1,BruteForce,0.006998096567196677,0.02081258400166365,0.011774018230763133
1,5,1,True,4,Mirai,2,DDoS,0.024948258754320718,0.029819144897262066,0.0850032837279757
1,5,1,True,4,Mirai,3,DoS,0.012061476895230492,0.019541609293777008,0.02037925949333292
1,5,1,True,4,Mirai,4,Mirai,0.02069853278059086,0.10025559254778105,0.15280035237404035
1,5,1,True,4,Mirai,5,Recon,0.06944943890872335,0.05664883154053897,0.19930016576283074
1,5,1,True,4,Mirai,6,Spoofing,0.11103800373276886,0.08870015611602264,0.5125938969755856
1,5,1,True,4,Mirai,7,Web-Based,0.006361680705227682,0.031624682981885574,0.006906293135327093
1,5,1,True,5,Recon,0,Benign,0.7256716773516004,0.6358194781996405,0.008265339894159923
1,5,1,True,5,Recon,1,BruteForce,0.007156123801553018,0.020717704885310946,0.007653115795120904
1,5,1,True,5,Recon,2,DDoS,0.01753546279314917,0.021665235647994004,0.044129590640207474
1,5,1,True,5,Recon,3,DoS,0.010412185755689298,0.01789211414093808,0.008083133176638255
1,5,1,True,5,Recon,4,Mirai,0.01984104138310822,0.07048142408992883,0.10134706594942654
1,5,1,True,5,Recon,5,Recon,0.1007152666512176,0.10091637283350781,0.4237458747914807
1,5,1,True,5,Recon,6,Spoofing,0.11204654802863036,0.097644939158108,0.40098471674730424
1,5,1,True,5,Recon,7,Web-Based,0.006621694235051923,0.034862731044571854,0.005791163005661837
1,5,1,True,6,Spoofing,0,Benign,0.736589245649927,0.654116333453516,0.009677493708596947
1,5,1,True,6,Spoofing,1,BruteForce,0.006954844062036488,0.01825981749785193,0.008057488040001688
1,5,1,True,6,Spoofing,2,DDoS,0.021289526123167157,0.02136229824570209,0.04244706340857639
1,5,1,True,6,Spoofing,3,DoS,0.012745066155842569,0.018392478558345835,0.010103737300147051
1,5,1,True,6,Spoofing,4,Mirai,0.01913426466162404,0.06731632525995287,0.0984611548783505
1,5,1,True,6,Spoofing,5,Recon,0.08077548641148628,0.0778171361014285,0.3224195255155999
1,5,1,True,6,Spoofing,6,Spoofing,0.11591448648716172,0.1125328514325767,0.5029657545734436
1,5,1,True,6,Spoofing,7,Web-Based,0.006597080448754732,0.030202759450626098,0.00586778257528397
1,5,1,True,7,Web-Based,0,Benign,0.7373500744313488,0.6678776050811925,0.010100320759845847
1,5,1,True,7,Web-Based,1,BruteForce,0.006985198034784201,0.01878414442898912,0.009472127230265396
1,5,1,True,7,Web-Based,2,DDoS,0.021673674408822813,0.022840119702302056,0.05269576966093534
1,5,1,True,7,Web-Based,3,DoS,0.010842169685163905,0.01770636142702604,0.009366829953333388
1,5,1,True,7,Web-Based,4,Mirai,0.02041245332719907,0.07716641922502339,0.11736541780230506
1,5,1,True,7,Web-Based,5,Recon,0.08225312015426342,0.07064023263679034,0.32700266431556996
1,5,1,True,7,Web-Based,6,Spoofing,0.11399497552588282,0.09391373574709089,0.4676247954505973
1,5,1,True,7,Web-Based,7,Web-Based,0.006488334432534814,0.03107138175158572,0.006372074827147713
1,5,2,False,0,Benign,0,Benign,0.19574207169451777,0.6624269896588939,0.1931568243485471
1,5,2,False,0,Benign,1,BruteForce,0.02007731503732965,0.01842614452386307,0.023481524741603674
1,5,2,False,0,Benign,2,DDoS,0.021073025814581866,0.026316491609114843,0.022796145909677705
1,5,2,False,0,Benign,3,DoS,0.008296817327068669,0.018691649228478966,0.013651480667963121
1,5,2,False,0,Benign,4,Mirai,0.32345620182677054,0.07112618000436756,0.2850278144384692
1,5,2,False,0,Benign,5,Recon,0.3773911894453768,0.07446340526574748,0.40908645368191593
1,5,2,False,0,Benign,6,Spoofing,0.03205479388308557,0.0986198658805537,0.029225803668486382
1,5,2,False,0,Benign,7,Web-Based,0.0219085849712692,0.02992927382898051,0.023573952543336968
1,5,2,False,1,BruteForce,0,Benign,0.18745880949998403,0.6498097023345404,0.19062395392771306
1,5,2,False,1,BruteForce,1,BruteForce,0.02523180740596977,0.021074843293851318,0.026694315465545272
1,5,2,False,1,BruteForce,2,DDoS,0.017880676779219493,0.023063197334055565,0.018044250076142222
1,5,2,False,1,BruteForce,3,DoS,0.006394297789470944,0.017841525183533,0.011264695508394209
1,5,2,False,1,BruteForce,4,Mirai,0.3462003125034759,0.08344070165556823,0.29494844138351395
1,5,2,False,1,BruteForce,5,Recon,0.3594425216426433,0.07021393184189192,0.4049974118016735
1,5,2,False,1,BruteForce,6,Spoofing,0.02817237052607793,0.09856818888571907,0.025660213033891897
1,5,2,False,1,BruteForce,7,Web-Based,0.029219203853158796,0.03598790947084068,0.02776671880312593
1,5,2,False,2,DDoS,0,Benign,0.05899599919682138,0.1913059441060292,0.07748550845078792
1,5,2,False,2,DDoS,1,BruteForce,0.014922006967132898,0.015306813755140503,0.021180867878837575
1,5,2,False,2,DDoS,2,DDoS,0.6178460791812894,0.5995419773217262,0.5188216465810164
1,5,2,False,2,DDoS,3,DoS,0.010570734699009566,0.021034454378406144,0.01547133120812474
1,5,2,False,2,DDoS,4,Mirai,0.14336386144234767,0.05385321374849745,0.14241454842113838
1,5,2,False,2,DDoS,5,Recon,0.12930230951090474,0.05052206595141243,0.18802818601833254
1,5,2,False,2,DDoS,6,Spoofing,0.011829171163803637,0.04531296997615174,0.01760328965393357
1,5,2,False,2,DDoS,7,Web-Based,0.013169837838690752,0.023122560762636243,0.01899462178782902
1,5,2,False,3,DoS,0,Benign,0.05917784854769789,0.16159784057762058,0.10187374935946887
1,5,2,False,3,DoS,1,BruteForce,0.023295152901645275,0.02577531836502258,0.03763440460288163
1,5,2,False,3,DoS,2,DDoS,0.199399725352317,0.0846335852977764,0.12584268495491974
1,5,2,False,3,DoS,3,DoS,0.3636215417806515,0.4635745981788168,0.20460129623138426
1,5,2,False,3,DoS,4,Mirai,0.19303791641903711,0.08134334385273169,0.20737315290238612
1,5,2,False,3,DoS,5,Recon,0.12489595717105008,0.056560110851059976,0.2672297420068147
1,5,2,False,3,DoS,6,Spoofing,0.022465373231315183,0.09233861828304275,0.030973829979523183
1,5,2,False,3,DoS,7,Web-Based,0.014106484596285938,0.03417658459392906,0.02447113996262161
1,5,2,False,4,Mirai,0,Benign,0.1668300196057401,0.6525973986210691,0.19750324920048695
1,5,2,False,4,Mirai,1,BruteForce,0.022580306745523287,0.02081258400166365,0.025154741911021114
1,5,2,False,4,Mirai,2,DDoS,0.02190056152883772,0.029819144897262066,0.021487077924768304
1,5,2,False,4,Mirai,3,DoS,0.007248025648625333,0.019541609293777008,0.01179027141680889
1,5,2,False,4,Mirai,4,Mirai,0.4972892365244476,0.10025559254778105,0.3669815663729654
1,5,2,False,4,Mirai,5,Recon,0.23685877247560827,0.05664883154053897,0.3286483552254222
1,5,2,False,4,Mirai,6,Spoofing,0.028109534145007095,0.08870015611602264,0.026359132603808923
1,5,2,False,4,Mirai,7,Web-Based,0.019183543326210594,0.031624682981885574,0.022075605344718356
1,5,2,False,5,Recon,0,Benign,0.1710501334913636,0.6358194781996405,0.18481733906996436
1,5,2,False,5,Recon,1,BruteForce,0.024405886223003808,0.020717704885310946,0.026223535553646645
1,5,2,False,5,Recon,2,DDoS,0.01714397674751581,0.021665235647994004,0.01740964947451766
1,5,2,False,5,Recon,3,DoS,0.007029817507183961,0.01789211414093808,0.011626045066314676
1,5,2,False,5,Recon,4,Mirai,0.3015397754232606,0.07048142408992883,0.28103280905252337
1,5,2,False,5,Recon,5,Recon,0.41987529287550684,0.10091637283350781,0.42772612119188935
1,5,2,False,5,Recon,6,Spoofing,0.03140748663816688,0.097644939158108,0.025326664057965062
1,5,2,False,5,Recon,7,Web-Based,0.02754763109399829,0.034862731044571854,0.025837836533178924
1,5,2,False,6,Spoofing,0,Benign,0.18342645147478698,0.654116333453516,0.19436096696872585
1,5,2,False,6,Spoofing,1,BruteForce,0.020226779985334387,0.01825981749785193,0.023278131040264598
1,5,2,False,6,Spoofing,2,DDoS,0.01530436523607777,0.02136229824570209,0.017741098045604767
1,5,2,False,6,Spoofing,3,DoS,0.007014648561137901,0.018392478558345835,0.012648525007504335
1,5,2,False,6,Spoofing,4,Mirai,0.29081112928805475,0.06731632525995287,0.2670821207875175
1,5,2,False,6,Spoofing,5,Recon,0.4260969181546313,0.0778171361014285,0.43052505663098384
1,5,2,False,6,Spoofing,6,Spoofing,0.03337691488917063,0.1125328514325767,0.03004922431937169
1,5,2,False,6,Spoofing,7,Web-Based,0.023742792410806197,0.030202759450626098,0.024314877200027393
1,5,2,False,7,Web-Based,0,Benign,0.17853011857888557,0.6678776050811925,0.1962894387748555
1,5,2,False,7,Web-Based,1,BruteForce,0.021851646698495052,0.01878414442898912,0.024985598368520306
1,5,2,False,7,Web-Based,2,DDoS,0.016982677957584486,0.022840119702302056,0.01880469511973978
1,5,2,False,7,Web-Based,3,DoS,0.00666601676061706,0.01770636142702604,0.011493724610087918
1,5,2,False,7,Web-Based,4,Mirai,0.3672646302408879,0.07716641922502339,0.3146452233364279
1,5,2,False,7,Web-Based,5,Recon,0.3577751549847511,0.07064023263679034,0.3845096424447793
1,5,2,False,7,Web-Based,6,Spoofing,0.02794072222607281,0.09391373574709089,0.02524278815100173
1,5,2,False,7,Web-Based,7,Web-Based,0.022989032552706047,0.03107138175158572,0.024028889194587375
1,5,3,False,0,Benign,0,Benign,0.11642304554299424,0.6624269896588939,0.10365542845886015
1,5,3,False,0,Benign,1,BruteForce,0.32771287664036003,0.01842614452386307,0.31364233041119
1,5,3,False,0,Benign,2,DDoS,0.11420050919711634,0.026316491609114843,0.13289411350267347
1,5,3,False,0,Benign,3,DoS,0.02739368250708382,0.018691649228478966,0.040096497599244205
1,5,3,False,0,Benign,4,Mirai,0.24198132651225948,0.07112618000436756,0.2613729189824508
1,5,3,False,0,Benign,5,Recon,0.10324567842965869,0.07446340526574748,0.08689860809750052
1,5,3,False,0,Benign,6,Spoofing,0.026245669235046683,0.0986198658805537,0.029032341688400323
1,5,3,False,0,Benign,7,Web-Based,0.04279721193548063,0.02992927382898051,0.03240776125968047
1,5,3,False,1,BruteForce,0,Benign,0.07914560837806664,0.6498097023345404,0.08775969915175771
1,5,3,False,1,BruteForce,1,BruteForce,0.4243286916323762,0.021074843293851318,0.3879287918362911
1,5,3,False,1,BruteForce,2,DDoS,0.08620180530250215,0.023063197334055565,0.08307686873606433
1,5,3,False,1,BruteForce,3,DoS,0.025102338946225718,0.017841525183533,0.03238223734852856
1,5,3,False,1,BruteForce,4,Mirai,0.2446299084255638,0.08344070165556823,0.2727573923287271
1,5,3,False,1,BruteForce,5,Recon,0.06426199191799287,0.07021393184189192,0.07102259152657818
1,5,3,False,1,BruteForce,6,Spoofing,0.025756893630631272,0.09856818888571907,0.02849853630148117
1,5,3,False,1,BruteForce,7,Web-Based,0.05057276176664141,0.03598790947084068,0.03657388277057195
1,5,3,False,2,DDoS,0,Benign,0.032852980663447696,0.1913059441060292,0.038052256140832116
1,5,3,False,2,DDoS,1,BruteForce,0.11260065632813711,0.015306813755140503,0.11155543201374449
1,5,3,False,2,DDoS,2,DDoS,0.6615358121182945,0.5995419773217262,0.6339289401729801
1,5,3,False,2,DDoS,3,DoS,0.020378483311392352,0.021034454378406144,0.025024617857510645
1,5,3,False,2,DDoS,4,Mirai,0.08308776922183873,0.05385321374849745,0.09674701962557258
1,5,3,False,2,DDoS,5,Recon,0.06071980967167018,0.05052206595141243,0.060603384119144434
1,5,3,False,2,DDoS,6,Spoofing,0.009771700815127337,0.04531296997615174,0.013919040611359026
1,5,3,False,2,DDoS,7,Web-Based,0.019052787870092142,0.023122560762636243,0.020169309458856595
1,5,3,False,3,DoS,0,Benign,0.032944170757024396,0.16159784057762058,0.05169134784625525
1,5,3,False,3,DoS,1,BruteForce,0.11731286817121846,0.02577531836502258,0.17446440899656004
1,5,3,False,3,DoS,2,DDoS,0.26259265219034467,0.0846335852977764,0.26446126794935265
1,5,3,False,3,DoS,3,DoS,0.40675325915942706,0.4635745981788168,0.24373739424368973
1,5,3,False,3,DoS,4,Mirai,0.12097658785493873,0.08134334385273169,0.17188703543288478
1,5,3,False,3,DoS,5,Recon,0.027637225205669424,0.056560110851059976,0.05176005062554211
1,5,3,False,3,DoS,6,Spoofing,0.014507944398108678,0.09233861828304275,0.02072297423657049
1,5,3,False,3,DoS,7,Web-Based,0.01727529226326842,0.03417658459392906,0.021275520669144954
1,5,3,False,4,Mirai,0,Benign,0.07549196304669945,0.6525973986210691,0.08364169677834647
1,5,3,False,4,Mirai,1,BruteForce,0.3564352095855545,0.02081258400166365,0.34454204107461806
1,5,3,False,4,Mirai,2,DDoS,0.10757358004653866,0.029819144897262066,0.10802410304332254
1,5,3,False,4,Mirai,3,DoS,0.027402324792165453,0.019541609293777008,0.03628623651519381
1,5,3,False,4,Mirai,4,Mirai,0.31089192642201713,0.10025559254778105,0.29901039748220415
1,5,3,False,4,Mirai,5,Recon,0.056063936917196314,0.05664883154053897,0.0676934788905486
1,5,3,False,4,Mirai,6,Spoofing,0.02527483984353814,0.08870015611602264,0.02839695355056522
1,5,3,False,4,Mirai,7,Web-Based,0.040866219346290394,0.031624682981885574,0.03240509266520112
1,5,3,False,5,Recon,0,Benign,0.0781645504702621,0.6358194781996405,0.08487527973875741
1,5,3,False,5,Recon,1,BruteForce,0.417537501907111,0.020717704885310946,0.38693583863055114
1,5,3,False,5,Recon,2,DDoS,0.08402996271600155,0.021665235647994004,0.07605386908149572
1,5,3,False,5,Recon,3,DoS,0.02747200183055602,0.01789211414093808,0.03388258326476488
1,5,3,False,5,Recon,4,Mirai,0.21987367799125898,0.07048142408992883,0.266624031286924
1,5,3,False,5,Recon,5,Recon,0.09898560359008941,0.10091637283350781,0.09026341051925259
1,5,3,False,5,Recon,6,Spoofing,0.02346440817790776,0.097644939158108,0.026266967665470074
1,5,3,False,5,Recon,7,Web-Based,0.050472293316813154,0.034862731044571854,0.03509801981278423
1,5,3,False,6,Spoofing,0,Benign,0.11484814405237477,0.654116333453516,0.10961079379192289
1,5,3,False,6,Spoofing,1,BruteForce,0.3565938850095471,0.01825981749785193,0.33452140163577865
1,5,3,False,6,Spoofing,2,DDoS,0.07417849317793467,0.02136229824570209,0.0906754260509376
1,5,3,False,6,Spoofing,3,DoS,0.026476829258134178,0.018392478558345835,0.03826446730635175
1,5,3,False,6,Spoofing,4,Mirai,0.2370650100961499,0.06731632525995287,0.26724093586339676
1,5,3,False,6,Spoofing,5,Recon,0.11654283895555285,0.0778171361014285,0.09517719567603027
1,5,3,False,6,Spoofing,6,Spoofing,0.028162148824661924,0.1125328514325767,0.031129274587726147
1,5,3,False,6,Spoofing,7,Web-Based,0.0461326506256447,0.030202759450626098,0.03338050508785609
1,5,3,False,7,Web-Based,0,Benign,0.1029391355530012,0.6678776050811925,0.10195829002179528
1,5,3,False,7,Web-Based,1,BruteForce,0.36643848690486575,0.01878414442898912,0.3489360624085352
1,5,3,False,7,Web-Based,2,DDoS,0.08690391576479051,0.022840119702302056,0.09654555279946356
1,5,3,False,7,Web-Based,3,DoS,0.025085428142095606,0.01770636142702604,0.03293791713796543
1,5,3,False,7,Web-Based,4,Mirai,0.24799679605804956,0.07716641922502339,0.27190372087218245
1,5,3,False,7,Web-Based,5,Recon,0.09895591129103724,0.07064023263679034,0.08565920363249828
1,5,3,False,7,Web-Based,6,Spoofing,0.02592472242139253,0.09391373574709089,0.02822449452280109
1,5,3,False,7,Web-Based,7,Web-Based,0.04575560386476759,0.03107138175158572,0.03383475860475867
1,5,4,False,0,Benign,0,Benign,0.521036145519799,0.6624269896588939,0.5177038304156285
1,5,4,False,0,Benign,1,BruteForce,0.018095242241824922,0.01842614452386307,0.020012755595907723
1,5,4,False,0,Benign,2,DDoS,0.013924723659586354,0.026316491609114843,0.01793366016228454
1,5,4,False,0,Benign,3,DoS,0.07459935942045715,0.018691649228478966,0.11535192895060196
1,5,4,False,0,Benign,4,Mirai,0.040343196770292425,0.07112618000436756,0.04411739693800474
1,5,4,False,0,Benign,5,Recon,0.04382445668676088,0.07446340526574748,0.042483218691302345
1,5,4,False,0,Benign,6,Spoofing,0.14903729940533536,0.0986198658805537,0.1304068259606468
1,5,4,False,0,Benign,7,Web-Based,0.13913957629594392,0.02992927382898051,0.11199038328562326
1,5,4,False,1,BruteForce,0,Benign,0.5000493225526297,0.6498097023345404,0.5495432546709869
1,5,4,False,1,BruteForce,1,BruteForce,0.021588599677471086,0.021074843293851318,0.02165859105931664
1,5,4,False,1,BruteForce,2,DDoS,0.015129878808639943,0.023063197334055565,0.017828682684649624
1,5,4,False,1,BruteForce,3,DoS,0.02739366714074329,0.017841525183533,0.03635635178125444
1,5,4,False,1,BruteForce,4,Mirai,0.042684945001155224,0.08344070165556823,0.04683117034977552
1,5,4,False,1,BruteForce,5,Recon,0.04773116759102279,0.07021393184189192,0.04482766196349518
1,5,4,False,1,BruteForce,6,Spoofing,0.14628633934999236,0.09856818888571907,0.13509577416583657
1,5,4,False,1,BruteForce,7,Web-Based,0.19913607987834575,0.03598790947084068,0.1478585133246852
1,5,4,False,2,DDoS,0,Benign,0.15053776689782125,0.1913059441060292,0.1844103631468208
1,5,4,False,2,DDoS,1,BruteForce,0.012059764841420425,0.015306813755140503,0.01898262559210523
1,5,4,False,2,DDoS,2,DDoS,0.6003393578845337,0.5995419773217262,0.5205270368697392
1,5,4,False,2,DDoS,3,DoS,0.08363705791583147,0.021034454378406144,0.10396134561340926
1,5,4,False,2,DDoS,4,Mirai,0.018806699913450017,0.05385321374849745,0.026753962094986414
1,5,4,False,2,DDoS,5,Recon,0.026051987459667133,0.05052206595141243,0.03161822390434221
1,5,4,False,2,DDoS,6,Spoofing,0.05068764776104511,0.04531296997615174,0.05490353552938421
1,5,4,False,2,DDoS,7,Web-Based,0.05787971732623088,0.023122560762636243,0.05884290724921263
1,5,4,False,3,DoS,0,Benign,0.06357737362368315,0.16159784057762058,0.09351345782694219
1,5,4,False,3,DoS,1,BruteForce,0.01038927939612623,0.02577531836502258,0.016997392263314304
1,5,4,False,3,DoS,2,DDoS,0.02596263575866143,0.0846335852977764,0.025245331134652337
1,5,4,False,3,DoS,3,DoS,0.7964684152239851,0.4635745981788168,0.7356166966541927
1,5,4,False,3,DoS,4,Mirai,0.014332782451914003,0.08134334385273169,0.01619302477329737
1,5,4,False,3,DoS,5,Recon,0.01612290124223182,0.056560110851059976,0.023789949494644646
1,5,4,False,3,DoS,6,Spoofing,0.04760747928184601,0.09233861828304275,0.05650297212537534
1,5,4,False,3,DoS,7,Web-Based,0.025539133021552324,0.03417658459392906,0.032141175727581114
1,5,4,False,4,Mirai,0,Benign,0.5056338257068415,0.6525973986210691,0.5206893661128501
1,5,4,False,4,Mirai,1,BruteForce,0.020824617614218215,0.02081258400166365,0.02156250948491538
1,5,4,False,4,Mirai,2,DDoS,0.015088472671843762,0.029819144897262066,0.0179766618232953
1,5,4,False,4,Mirai,3,DoS,0.06783730325171887,0.019541609293777008,0.10459671151441557
1,5,4,False,4,Mirai,4,Mirai,0.06081698373159251,0.10025559254778105,0.050580328145037164
1,5,4,False,4,Mirai,5,Recon,0.03478013401533751,0.05664883154053897,0.03847202985574258
1,5,4,False,4,Mirai,6,Spoofing,0.16033299583155916,0.08870015611602264,0.13433892473411488
1,5,4,False,4,Mirai,7,Web-Based,0.13468566717688854,0.031624682981885574,0.11178346832962907
1,5,4,False,5,Recon,0,Benign,0.4928013506226312,0.6358194781996405,0.5437600394027363
1,5,4,False,5,Recon,1,BruteForce,0.02145105390979997,0.020717704885310946,0.021492765532408677
1,5,4,False,5,Recon,2,DDoS,0.01497462377349852,0.021665235647994004,0.017652583357376076
1,5,4,False,5,Recon,3,DoS,0.03142470433615841,0.01789211414093808,0.04745859597937408
1,5,4,False,5,Recon,4,Mirai,0.03751451727273561,0.07048142408992883,0.045098754252087016
1,5,4,False,5,Recon,5,Recon,0.06530278367918083,0.10091637283350781,0.052156142547658234
1,5,4,False,5,Recon,6,Spoofing,0.1337973616557574,0.097644939158108,0.12716849671123942
1,5,4,False,5,Recon,7,Web-Based,0.20273360475023808,0.034862731044571854,0.1452126222171203
1,5,4,False,6,Spoofing,0,Benign,0.5177129527517057,0.654116333453516,0.5434011377035223
1,5,4,False,6,Spoofing,1,BruteForce,0.018998170997051853,0.01825981749785193,0.020362518855757978
1,5,4,False,6,Spoofing,2,DDoS,0.013726311463616327,0.02136229824570209,0.01727954712139606
1,5,4,False,6,Spoofing,3,DoS,0.0343141253622517,0.018392478558345835,0.07245160376449086
1,5,4,False,6,Spoofing,4,Mirai,0.03977083285017965,0.06731632525995287,0.0453972295389844
1,5,4,False,6,Spoofing,5,Recon,0.046685720301160395,0.0778171361014285,0.04387503068262231
1,5,4,False,6,Spoofing,6,Spoofing,0.17056657435104586,0.1125328514325767,0.13507063633062197
1,5,4,False,6,Spoofing,7,Web-Based,0.15822531192298864,0.030202759450626098,0.12216229600260421
1,5,4,False,7,Web-Based,0,Benign,0.5381390464893462,0.6678776050811925,0.5641695824205943
1,5,4,False,7,Web-Based,1,BruteForce,0.01954405833202595,0.01878414442898912,0.02097256177134513
1,5,4,False,7,Web-Based,2,DDoS,0.014770858474787214,0.022840119702302056,0.0188801704016472
1,5,4,False,7,Web-Based,3,DoS,0.029438753740602914,0.01770636142702604,0.04438591305510618
1,5,4,False,7,Web-Based,4,Mirai,0.04154102154745948,0.07716641922502339,0.04744043216397025
1,5,4,False,7,Web-Based,5,Recon,0.044122496825937406,0.07064023263679034,0.042341671985028514
1,5,4,False,7,Web-Based,6,Spoofing,0.14520467962732486,0.09391373574709089,0.13116663310945315
1,5,4,False,7,Web-Based,7,Web-Based,0.16723908496251602,0.03107138175158572,0.13064303509285538
1,5,5,False,0,Benign,0,Benign,0.3874454576014932,0.6624269896588939,0.40220593450963066
1,5,5,False,0,Benign,1,BruteForce,0.014875885938462468,0.01842614452386307,0.02103857152147979
1,5,5,False,0,Benign,2,DDoS,0.03961849348307786,0.026316491609114843,0.04061830490910044
1,5,5,False,0,Benign,3,DoS,0.015192271374335516,0.018691649228478966,0.022009938603603275
1,5,5,False,0,Benign,4,Mirai,0.023411899833870063,0.07112618000436756,0.03126625917252156
1,5,5,False,0,Benign,5,Recon,0.07278789671462552,0.07446340526574748,0.07220608344950574
1,5,5,False,0,Benign,6,Spoofing,0.42249177943247007,0.0986198658805537,0.3828969373834561
1,5,5,False,0,Benign,7,Web-Based,0.02417631562166542,0.02992927382898051,0.027757970450702364
1,5,5,False,1,BruteForce,0,Benign,0.39105811602942775,0.6498097023345404,0.42905685708193025
1,5,5,False,1,BruteForce,1,BruteForce,0.015705972148989406,0.021074843293851318,0.021558676539520146
1,5,5,False,1,BruteForce,2,DDoS,0.013963402278183169,0.023063197334055565,0.01766640951671411
1,5,5,False,1,BruteForce,3,DoS,0.01315731942432361,0.017841525183533,0.020968978844544007
1,5,5,False,1,BruteForce,4,Mirai,0.022753548011627805,0.08344070165556823,0.03155842333233177
1,5,5,False,1,BruteForce,5,Recon,0.0814162707090227,0.07021393184189192,0.07636215708923196
1,5,5,False,1,BruteForce,6,Spoofing,0.43458994029980613,0.09856818888571907,0.37208668638201414
1,5,5,False,1,BruteForce,7,Web-Based,0.027355431098619435,0.03598790947084068,0.030741811213713676
1,5,5,False,2,DDoS,0,Benign,0.11783484695857621,0.1913059441060292,0.13903364655999942
1,5,5,False,2,DDoS,1,BruteForce,0.009225235468688338,0.015306813755140503,0.015549456999288376
1,5,5,False,2,DDoS,2,DDoS,0.649552859100236,0.5995419773217262,0.6035273335389713
1,5,5,False,2,DDoS,3,DoS,0.009890878486800035,0.021034454378406144,0.015202293716484332
1,5,5,False,2,DDoS,4,Mirai,0.011164195625862858,0.05385321374849745,0.017922082298651696
1,5,5,False,2,DDoS,5,Recon,0.04907807782445183,0.05052206595141243,0.04909046060605887
1,5,5,False,2,DDoS,6,Spoofing,0.13996902116981783,0.04531296997615174,0.13984095993223702
1,5,5,False,2,DDoS,7,Web-Based,0.013284885365567075,0.023122560762636243,0.019833766348308975
1,5,5,False,3,DoS,0,Benign,0.08384660656845863,0.16159784057762058,0.1771378606540393
1,5,5,False,3,DoS,1,BruteForce,0.013551120105642602,0.02577531836502258,0.022192060148302464
1,5,5,False,3,DoS,2,DDoS,0.18521750155439748,0.0846335852977764,0.14757139245977752
1,5,5,False,3,DoS,3,DoS,0.3938748818568675,0.4635745981788168,0.193839159142574
1,5,5,False,3,DoS,4,Mirai,0.011547158695195434,0.08134334385273169,0.0205013011768532
1,5,5,False,3,DoS,5,Recon,0.03313379705029837,0.056560110851059976,0.054400707778905044
1,5,5,False,3,DoS,6,Spoofing,0.2634456607651602,0.09233861828304275,0.35955569026902856
1,5,5,False,3,DoS,7,Web-Based,0.015383273403979925,0.03417658459392906,0.02480182837051996
1,5,5,False,4,Mirai,0,Benign,0.36696215622055195,0.6525973986210691,0.40791080878104446
1,5,5,False,4,Mirai,1,BruteForce,0.015281408940412586,0.02081258400166365,0.021205339273532357
1,5,5,False,4,Mirai,2,DDoS,0.0306035869179737,0.029819144897262066,0.029801017908906765
1,5,5,False,4,Mirai,3,DoS,0.013552096110537011,0.019541609293777008,0.020934601355838127
1,5,5,False,4,Mirai,4,Mirai,0.025193842293618793,0.10025559254778105,0.032194897366475565
1,5,5,False,4,Mirai,5,Recon,0.05474718928887613,0.05664883154053897,0.06396417723101923
1,5,5,False,4,Mirai,6,Spoofing,0.47029151375487777,0.08870015611602264,0.39746907879743465
1,5,5,False,4,Mirai,7,Web-Based,0.023368206473152082,0.031624682981885574,0.02652007928574893
1,5,5,False,5,Recon,0,Benign,0.3962060027088333,0.6358194781996405,0.4292482908677216
1,5,5,False,5,Recon,1,BruteForce,0.0158307384310772,0.020717704885310946,0.021791092174908384
1,5,5,False,5,Recon,2,DDoS,0.013090930412771123,0.021665235647994004,0.017496807203920127
1,5,5,False,5,Recon,3,DoS,0.013266951248266056,0.01789211414093808,0.021242025442751427
1,5,5,False,5,Recon,4,Mirai,0.022360159286572343,0.07048142408992883,0.031083646837736515
1,5,5,False,5,Recon,5,Recon,0.11993482780637399,0.10091637283350781,0.09258055764430936
1,5,5,False,5,Recon,6,Spoofing,0.39135079282991736,0.097644939158108,0.35566082176020447
1,5,5,False,5,Recon,7,Web-Based,0.02795959727618865,0.034862731044571854,0.03089675806844817
1,5,5,False,6,Spoofing,0,Benign,0.3750929739429085,0.654116333453516,0.40447750095603274
1,5,5,False,6,Spoofing,1,BruteForce,0.014479148912771996,0.01825981749785193,0.02065305880153374
1,5,5,False,6,Spoofing,2,DDoS,0.01431977778651302,0.02136229824570209,0.019035760135493303
1,5,5,False,6,Spoofing,3,DoS,0.013324905205436367,0.018392478558345835,0.020471612679430515
1,5,5,False,6,Spoofing,4,Mirai,0.021747311997665542,0.06731632525995287,0.030508931855372786
1,5,5,False,6,Spoofing,5,Recon,0.07485434041332366,0.0778171361014285,0.0701164953852932
1,5,5,False,6,Spoofing,6,Spoofing,0.4621908213330319,0.1125328514325767,0.4072008247561573
1,5,5,False,6,Spoofing,7,Web-Based,0.023990720408348917,0.030202759450626098,0.027535815430686495
1,5,5,False,7,Web-Based,0,Benign,0.4175118466862771,0.6678776050811925,0.44349633709586733
1,5,5,False,7,Web-Based,1,BruteForce,0.015141866968844888,0.01878414442898912,0.02171641108782637
1,5,5,False,7,Web-Based,2,DDoS,0.017560104729629055,0.022840119702302056,0.022566626046648587
1,5,5,False,7,Web-Based,3,DoS,0.012761479394149983,0.01770636142702604,0.02037516233284626
1,5,5,False,7,Web-Based,4,Mirai,0.023741892836413165,0.07716641922502339,0.031884403356347214
1,5,5,False,7,Web-Based,5,Recon,0.07122771344537042,0.07064023263679034,0.06879019730964084
1,5,5,False,7,Web-Based,6,Spoofing,0.4164770302232182,0.09391373574709089,0.36173890379685236
1,5,5,False,7,Web-Based,7,Web-Based,0.025578065716097304,0.03107138175158572,0.029431958973971033
1,5,6,False,0,Benign,0,Benign,0.5783071343311826,0.6624269896588939,0.5533220535677777
1,5,6,False,0,Benign,1,BruteForce,0.06628743704278302,0.01842614452386307,0.06898462915298148
1,5,6,False,0,Benign,2,DDoS,0.014075204798026443,0.026316491609114843,0.016236759281946685
1,5,6,False,0,Benign,3,DoS,0.02441706902150748,0.018691649228478966,0.030917905927527717
1,5,6,False,0,Benign,4,Mirai,0.27468444049941154,0.07112618000436756,0.28439518176001205
1,5,6,False,0,Benign,5,Recon,0.01558358301531968,0.07446340526574748,0.01695806317709389
1,5,6,False,0,Benign,6,Spoofing,0.01278792555327079,0.0986198658805537,0.014593666581891563
1,5,6,False,0,Benign,7,Web-Based,0.013857205738498447,0.02992927382898051,0.014591740550768924
1,5,6,False,1,BruteForce,0,Benign,0.5364150903495214,0.6498097023345404,0.54400529882358
1,5,6,False,1,BruteForce,1,BruteForce,0.08394880461848485,0.021074843293851318,0.07990857131163231
1,5,6,False,1,BruteForce,2,DDoS,0.015464217262629027,0.023063197334055565,0.016266151961424412
1,5,6,False,1,BruteForce,3,DoS,0.01598638246103757,0.017841525183533,0.021643890188641896
1,5,6,False,1,BruteForce,4,Mirai,0.3049789033190509,0.08344070165556823,0.29143996169570435
1,5,6,False,1,BruteForce,5,Recon,0.01447394643792826,0.07021393184189192,0.016803302371100354
1,5,6,False,1,BruteForce,6,Spoofing,0.012360607321969879,0.09856818888571907,0.014395744172331583
1,5,6,False,1,BruteForce,7,Web-Based,0.01637204822937803,0.03598790947084068,0.015537079475585209
1,5,6,False,2,DDoS,0,Benign,0.3236452949575834,0.1913059441060292,0.3669103531475369
1,5,6,False,2,DDoS,1,BruteForce,0.058171815155094654,0.015306813755140503,0.06385259809738451
1,5,6,False,2,DDoS,2,DDoS,0.27869801840561736,0.5995419773217262,0.19803431817143052
1,5,6,False,2,DDoS,3,DoS,0.039354151219109144,0.021034454378406144,0.04152386304983489
1,5,6,False,2,DDoS,4,Mirai,0.2532585334232782,0.05385321374849745,0.27389020300576633
1,5,6,False,2,DDoS,5,Recon,0.018983757492846944,0.05052206595141243,0.021806495604995393
1,5,6,False,2,DDoS,6,Spoofing,0.010749037056566754,0.04531296997615174,0.014683040269177664
1,5,6,False,2,DDoS,7,Web-Based,0.01713939228990365,0.023122560762636243,0.019299128653873846
1,5,6,False,3,DoS,0,Benign,0.16841196171837133,0.16159784057762058,0.2859807207133825
1,5,6,False,3,DoS,1,BruteForce,0.04896072170084381,0.02577531836502258,0.07974435842859702
1,5,6,False,3,DoS,2,DDoS,0.022364006304775478,0.0846335852977764,0.030716426453766214
1,5,6,False,3,DoS,3,DoS,0.5463152992144976,0.4635745981788168,0.25965062762879243
1,5,6,False,3,DoS,4,Mirai,0.17420491629729193,0.08134334385273169,0.28656192753974036
1,5,6,False,3,DoS,5,Recon,0.012750579760988236,0.056560110851059976,0.019257743359012473
1,5,6,False,3,DoS,6,Spoofing,0.0165535584123602,0.09233861828304275,0.02173634008807531
1,5,6,False,3,DoS,7,Web-Based,0.010438956590871394,0.03417658459392906,0.016351855788633726
1,5,6,False,4,Mirai,0,Benign,0.47503726002960667,0.6525973986210691,0.5068176393200531
1,5,6,False,4,Mirai,1,BruteForce,0.07622214346583246,0.02081258400166365,0.07718628775546857
1,5,6,False,4,Mirai,2,DDoS,0.01542351688131635,0.029819144897262066,0.016775599890702073
1,5,6,False,4,Mirai,3,DoS,0.02028659788177494,0.019541609293777008,0.02572932358749826
1,5,6,False,4,Mirai,4,Mirai,0.3743618542572465,0.10025559254778105,0.32851279039527786
1,5,6,False,4,Mirai,5,Recon,0.01294348263414726,0.05664883154053897,0.015945339240675878
1,5,6,False,4,Mirai,6,Spoofing,0.012104349580563242,0.08870015611602264,0.014541908948421844
1,5,6,False,4,Mirai,7,Web-Based,0.013620795269512572,0.031624682981885574,0.014491110861902466
1,5,6,False,5,Recon,0,Benign,0.5422909117612205,0.6358194781996405,0.5405821954874683
1,5,6,False,5,Recon,1,BruteForce,0.08607928766454262,0.020717704885310946,0.08139451097409532
1,5,6,False,5,Recon,2,DDoS,0.01564144340581764,0.021665235647994004,0.016296481576927063
1,5,6,False,5,Recon,3,DoS,0.018183275289574436,0.01789211414093808,0.022507649117635895
1,5,6,False,5,Recon,4,Mirai,0.2906738240868565,0.07048142408992883,0.29245870682761
1,5,6,False,5,Recon,5,Recon,0.018556467406481737,0.10091637283350781,0.017181213443863825
1,5,6,False,5,Recon,6,Spoofing,0.012120480448759966,0.097644939158108,0.014030698384707137
1,5,6,False,5,Recon,7,Web-Based,0.016454309936746674,0.034862731044571854,0.015548544187692432
1,5,6,False,6,Spoofing,0,Benign,0.580749893564544,0.654116333453516,0.5663001184610619
1,5,6,False,6,Spoofing,1,BruteForce,0.0687326100580475,0.01825981749785193,0.06862083192680174
1,5,6,False,6,Spoofing,2,DDoS,0.013467316305008534,0.02136229824570209,0.015746564946312814
1,5,6,False,6,Spoofing,3,DoS,0.019615942197577136,0.018392478558345835,0.026705564723010826
1,5,6,False,6,Spoofing,4,Mirai,0.27354728426273006,0.06731632525995287,0.275207956181117
1,5,6,False,6,Spoofing,5,Recon,0.015808961738762554,0.0778171361014285,0.017248043145104478
1,5,6,False,6,Spoofing,6,Spoofing,0.013352882170893155,0.1125328514325767,0.015202957638115607
1,5,6,False,6,Spoofing,7,Web-Based,0.014725109702437017,0.030202759450626098,0.014967962978475633
1,5,6,False,7,Web-Based,0,Benign,0.5534400352689929,0.6678776050811925,0.5530833125561773
1,5,6,False,7,Web-Based,1,BruteForce,0.07312778176078748,0.01878414442898912,0.07304811479536019
1,5,6,False,7,Web-Based,2,DDoS,0.01419166017252886,0.022840119702302056,0.01591351671596977
1,5,6,False,7,Web-Based,3,DoS,0.0170987474221225,0.01770636142702604,0.023354978390403413
1,5,6,False,7,Web-Based,4,Mirai,0.30053480002877797,0.07716641922502339,0.2886024526750806
1,5,6,False,7,Web-Based,5,Recon,0.01485044441628962,0.07064023263679034,0.016811274346654012
1,5,6,False,7,Web-Based,6,Spoofing,0.012410258771987717,0.09391373574709089,0.014167355507495693
1,5,6,False,7,Web-Based,7,Web-Based,0.01434627215851299,0.03107138175158572,0.015018995012859014
1,5,7,True,0,Benign,0,Benign,0.7933258454801947,0.6624269896588939,0.17799036194300333
1,5,7,True,0,Benign,1,BruteForce,0.012660641166983318,0.01842614452386307,0.02187674971394593
1,5,7,True,0,Benign,2,DDoS,0.06226803114120076,0.026316491609114843,0.20918877221220372
1,5,7,True,0,Benign,3,DoS,0.014833163990263876,0.018691649228478966,0.04114902439379042
1,5,7,True,0,Benign,4,Mirai,0.0381006907755018,0.07112618000436756,0.09724482852833909
1,5,7,True,0,Benign,5,Recon,0.01957624157838104,0.07446340526574748,0.08934189131968302
1,5,7,True,0,Benign,6,Spoofing,0.034909950183777405,0.0986198658805537,0.275095812367344
1,5,7,True,0,Benign,7,Web-Based,0.024325435683697192,0.02992927382898051,0.08811255952169059
1,5,7,True,1,BruteForce,0,Benign,0.7942723825781516,0.6498097023345404,0.19794884703247667
1,5,7,True,1,BruteForce,1,BruteForce,0.012888278180707364,0.021074843293851318,0.023402910423112284
1,5,7,True,1,BruteForce,2,DDoS,0.06101766128814986,0.023063197334055565,0.16579686728100976
1,5,7,True,1,BruteForce,3,DoS,0.013594196902172801,0.017841525183533,0.014982032762471079
1,5,7,True,1,BruteForce,4,Mirai,0.03783297910490004,0.08344070165556823,0.11099502275214887
1,5,7,True,1,BruteForce,5,Recon,0.017364039410931703,0.07021393184189192,0.10014214717299005
1,5,7,True,1,BruteForce,6,Spoofing,0.036175857578822294,0.09856818888571907,0.26173941061019373
1,5,7,True,1,BruteForce,7,Web-Based,0.0268546049561643,0.03598790947084068,0.12499276196559765
1,5,7,True,2,DDoS,0,Benign,0.7701843075732545,0.1913059441060292,0.06130843670232397
1,5,7,True,2,DDoS,1,BruteForce,0.013737626260569642,0.015306813755140503,0.012272504593164405
1,5,7,True,2,DDoS,2,DDoS,0.08579039763329788,0.5995419773217262,0.7004594695903055
1,5,7,True,2,DDoS,3,DoS,0.01741613959775027,0.021034454378406144,0.02344782293096984
1,5,7,True,2,DDoS,4,Mirai,0.03825692684706845,0.05385321374849745,0.0378035247023691
1,5,7,True,2,DDoS,5,Recon,0.021555840866590813,0.05052206595141243,0.05123042397734178
1,5,7,True,2,DDoS,6,Spoofing,0.029163919257534636,0.04531296997615174,0.07748226820645948
1,5,7,True,2,DDoS,7,Web-Based,0.023894841963933676,0.023122560762636243,0.03599554929706604
1,5,7,True,3,DoS,0,Benign,0.7760211314256348,0.16159784057762058,0.05912436404983344
1,5,7,True,3,DoS,1,BruteForce,0.014134226722153273,0.02577531836502258,0.01987724292083008
1,5,7,True,3,DoS,2,DDoS,0.07580730112935014,0.0846335852977764,0.27974746942285916
1,5,7,True,3,DoS,3,DoS,0.03094614229542327,0.4635745981788168,0.3982860176001124
1,5,7,True,3,DoS,4,Mirai,0.0312920234426397,0.08134334385273169,0.03559378359501032
1,5,7,True,3,DoS,5,Recon,0.021096922013901006,0.056560110851059976,0.04099630124410015
1,5,7,True,3,DoS,6,Spoofing,0.0272507990389016,0.09233861828304275,0.1281256458776892
1,5,7,True,3,DoS,7,Web-Based,0.02345145393199634,0.03417658459392906,0.038249175289565354
1,5,7,True,4,Mirai,0,Benign,0.7925652335251326,0.6525973986210691,0.18817983163875468
1,5,7,True,4,Mirai,1,BruteForce,0.012734080163644685,0.02081258400166365,0.023487794738531277
1,5,7,True,4,Mirai,2,DDoS,0.06395289577584354,0.029819144897262066,0.2105404355382201
1,5,7,True,4,Mirai,3,DoS,0.014361633659724052,0.019541609293777008,0.033926098429761194
1,5,7,True,4,Mirai,4,Mirai,0.040052970700260114,0.10025559254778105,0.11725573870217634
1,5,7,True,4,Mirai,5,Recon,0.01692153677369364,0.05664883154053897,0.07754839506547791
1,5,7,True,4,Mirai,6,Spoofing,0.03557240440852894,0.08870015611602264,0.2614029317040846
1,5,7,True,4,Mirai,7,Web-Based,0.02383924499317239,0.031624682981885574,0.08765877418299396
1,5,7,True,5,Recon,0,Benign,0.7939448502732659,0.6358194781996405,0.2000017254195583
1,5,7,True,5,Recon,1,BruteForce,0.012848813985241103,0.020717704885310946,0.023705868124519008
1,5,7,True,5,Recon,2,DDoS,0.0615639516211888,0.021665235647994004,0.16496333744467795
1,5,7,True,5,Recon,3,DoS,0.013754149476792007,0.01789211414093808,0.015418307969859076
1,5,7,True,5,Recon,4,Mirai,0.03704802687494518,0.07048142408992883,0.10963311489477491
1,5,7,True,5,Recon,5,Recon,0.018172961498810983,0.10091637283350781,0.11675238353955904
1,5,7,True,5,Recon,6,Spoofing,0.035955878006745386,0.097644939158108,0.24483656754617894
1,5,7,True,5,Recon,7,Web-Based,0.026711368263010724,0.034862731044571854,0.12468869506087282
1,5,7,True,6,Spoofing,0,Benign,0.7963527254931552,0.654116333453516,0.1937722794759604
1,5,7,True,6,Spoofing,1,BruteForce,0.01273769908923163,0.01825981749785193,0.02242835226609015
1,5,7,True,6,Spoofing,2,DDoS,0.057683297525418745,0.02136229824570209,0.15804611420041184
1,5,7,True,6,Spoofing,3,DoS,0.014713216951904967,0.018392478558345835,0.031148825804048003
1,5,7,True,6,Spoofing,4,Mirai,0.03641046917172396,0.06731632525995287,0.1001326832849986
1,5,7,True,6,Spoofing,5,Recon,0.020355553598519514,0.0778171361014285,0.09110586929081994
1,5,7,True,6,Spoofing,6,Spoofing,0.03637669537580038,0.1125328514325767,0.30553536478896126
1,5,7,True,6,Spoofing,7,Web-Based,0.025370342794245795,0.030202759450626098,0.0978305108887098
1,5,7,True,7,Web-Based,0,Benign,0.7946902910209627,0.6678776050811925,0.20061626070220598
1,5,7,True,7,Web-Based,1,BruteForce,0.012778093225707556,0.01878414442898912,0.02354598482732804
1,5,7,True,7,Web-Based,2,DDoS,0.06080640724201346,0.022840119702302056,0.17620558467171252
1,5,7,True,7,Web-Based,3,DoS,0.014001066136286999,0.01770636142702604,0.016535773602640844
1,5,7,True,7,Web-Based,4,Mirai,0.038221040147915324,0.07716641922502339,0.11208217686044311
1,5,7,True,7,Web-Based,5,Recon,0.018271095438484618,0.07064023263679034,0.0915469054239257
1,5,7,True,7,Web-Based,6,Spoofing,0.03602700970501577,0.09391373574709089,0.27096461243105235
1,5,7,True,7,Web-Based,7,Web-Based,0.025204997083613657,0.03107138175158572,0.1085027014806915
1,5,8,True,0,Benign,0,Benign,0.7419889178555928,0.6624269896588939,0.015012125580573696
1,5,8,True,0,Benign,1,BruteForce,0.011673991720612805,0.01842614452386307,0.013583283882797656
1,5,8,True,0,Benign,2,DDoS,0.014036269071753905,0.026316491609114843,0.05403850225466629
1,5,8,True,0,Benign,3,DoS,0.014452650323112543,0.018691649228478966,0.04637137098908002
1,5,8,True,0,Benign,4,Mirai,0.03651049792965156,0.07112618000436756,0.023900470780523812
1,5,8,True,0,Benign,5,Recon,0.022563399919929398,0.07446340526574748,0.04399718309899066
1,5,8,True,0,Benign,6,Spoofing,0.13967962695123418,0.0986198658805537,0.7898947728227513
1,5,8,True,0,Benign,7,Web-Based,0.019094646228112792,0.02992927382898051,0.013202290590616356
1,5,8,True,1,BruteForce,0,Benign,0.7332176314203361,0.6498097023345404,0.013984800476541343
1,5,8,True,1,BruteForce,1,BruteForce,0.01220604475626248,0.021074843293851318,0.010884808187682527
1,5,8,True,1,BruteForce,2,DDoS,0.01397356856310051,0.023063197334055565,0.024654729550449367
1,5,8,True,1,BruteForce,3,DoS,0.01381509076166571,0.017841525183533,0.01728556636239547
1,5,8,True,1,BruteForce,4,Mirai,0.036791133734892796,0.08344070165556823,0.024138858706464972
1,5,8,True,1,BruteForce,5,Recon,0.020649079297107093,0.07021393184189192,0.03876761971958701
1,5,8,True,1,BruteForce,6,Spoofing,0.14875458635956013,0.09856818888571907,0.8587316660898501
1,5,8,True,1,BruteForce,7,Web-Based,0.020592865107075073,0.03598790947084068,0.011551950907029152
1,5,8,True,2,DDoS,0,Benign,0.7705138807612125,0.1913059441060292,0.010899026149208716
1,5,8,True,2,DDoS,1,BruteForce,0.012183065176725528,0.015306813755140503,0.012513172752424412
1,5,8,True,2,DDoS,2,DDoS,0.02524590734671341,0.5995419773217262,0.6063147205053784
1,5,8,True,2,DDoS,3,DoS,0.015341685489139804,0.021034454378406144,0.028914547967623713
1,5,8,True,2,DDoS,4,Mirai,0.03350854940224509,0.05385321374849745,0.01612851130447124
1,5,8,True,2,DDoS,5,Recon,0.02374843397711061,0.05052206595141243,0.04662922813799656
1,5,8,True,2,DDoS,6,Spoofing,0.09837360697945662,0.04531296997615174,0.263056379206694
1,5,8,True,2,DDoS,7,Web-Based,0.021084870867396393,0.023122560762636243,0.015544413976203035
1,5,8,True,3,DoS,0,Benign,0.7740215601637023,0.16159784057762058,0.020003983910308325
1,5,8,True,3,DoS,1,BruteForce,0.012288049239738637,0.02577531836502258,0.022406860727097955
1,5,8,True,3,DoS,2,DDoS,0.016272669485193375,0.0846335852977764,0.13360353264894187
1,5,8,True,3,DoS,3,DoS,0.028634565757484968,0.4635745981788168,0.417401482055483
1,5,8,True,3,DoS,4,Mirai,0.028932783045576057,0.08134334385273169,0.01963867126954134
1,5,8,True,3,DoS,5,Recon,0.022974717224657583,0.056560110851059976,0.03558047060135157
1,5,8,True,3,DoS,6,Spoofing,0.09739879139968559,0.09233861828304275,0.3332810755085388
1,5,8,True,3,DoS,7,Web-Based,0.019476863683961638,0.03417658459392906,0.01808392327873717
1,5,8,True,4,Mirai,0,Benign,0.739527201055609,0.6525973986210691,0.014523434832365126
1,5,8,True,4,Mirai,1,BruteForce,0.011989479524092623,0.02081258400166365,0.013286013515741277
1,5,8,True,4,Mirai,2,DDoS,0.014672601448397618,0.029819144897262066,0.037567689144802116
1,5,8,True,4,Mirai,3,DoS,0.014395359491090613,0.019541609293777008,0.04171931782971395
1,5,8,True,4,Mirai,4,Mirai,0.038772032110037095,0.10025559254778105,0.025720901054699593
1,5,8,True,4,Mirai,5,Recon,0.019667005950540356,0.05664883154053897,0.03131927243426966
1,5,8,True,4,Mirai,6,Spoofing,0.14220838757149024,0.08870015611602264,0.8238329746591988
1,5,8,True,4,Mirai,7,Web-Based,0.01876793284874255,0.031624682981885574,0.012030396529209444
1,5,8,True,5,Recon,0,Benign,0.7345071228410975,0.6358194781996405,0.014276808954101479
1,5,8,True,5,Recon,1,BruteForce,0.01213677997163744,0.020717704885310946,0.011012061550043247
1,5,8,True,5,Recon,2,DDoS,0.013884311088886494,0.021665235647994004,0.02479339580083074
1,5,8,True,5,Recon,3,DoS,0.013772331464746226,0.01789211414093808,0.018921535133082406
1,5,8,True,5,Recon,4,Mirai,0.03565894849022077,0.07048142408992883,0.02395125985481923
1,5,8,True,5,Recon,5,Recon,0.021550334371702028,0.10091637283350781,0.05109435652913009
1,5,8,True,5,Recon,6,Spoofing,0.14812964736383868,0.097644939158108,0.843917265987947
1,5,8,True,5,Recon,7,Web-Based,0.020360524407870874,0.034862731044571854,0.012033316190045638
1,5,8,True,6,Spoofing,0,Benign,0.7374026873548086,0.654116333453516,0.01451475091290104
1,5,8,True,6,Spoofing,1,BruteForce,0.011778813163769325,0.01825981749785193,0.012436933269371103
1,5,8,True,6,Spoofing,2,DDoS,0.013339507040205928,0.02136229824570209,0.025764582498723522
1,5,8,True,6,Spoofing,3,DoS,0.01449890377845832,0.018392478558345835,0.03633149160460762
1,5,8,True,6,Spoofing,4,Mirai,0.0351521920199079,0.06731632525995287,0.02356491866089236
1,5,8,True,6,Spoofing,5,Recon,0.02343105974806284,0.0778171361014285,0.03869837244947222
1,5,8,True,6,Spoofing,6,Spoofing,0.14484986890121745,0.1125328514325767,0.8372912018582762
1,5,8,True,6,Spoofing,7,Web-Based,0.019546967993569645,0.030202759450626098,0.011397748745755979
1,5,8,True,7,Web-Based,0,Benign,0.7361073854362866,0.6678776050811925,0.014084720087147869
1,5,8,True,7,Web-Based,1,BruteForce,0.01195706896348936,0.01878414442898912,0.011929617482471871
1,5,8,True,7,Web-Based,2,DDoS,0.014004828364504953,0.022840119702302056,0.03443744537240116
1,5,8,True,7,Web-Based,3,DoS,0.013998216216199993,0.01770636142702604,0.01986583874170117
1,5,8,True,7,Web-Based,4,Mirai,0.03682993736146703,0.07716641922502339,0.024269555268988177
1,5,8,True,7,Web-Based,5,Recon,0.021272375131906697,0.07064023263679034,0.03783601648500252
1,5,8,True,7,Web-Based,6,Spoofing,0.14615000911875767,0.09391373574709089,0.8455805147589214
1,5,8,True,7,Web-Based,7,Web-Based,0.019680179407387702,0.03107138175158572,0.011996291803365967
1,5,9,False,0,Benign,0,Benign,0.24743723045163002,0.6624269896588939,0.22027493266218157
1,5,9,False,0,Benign,1,BruteForce,0.005308067358435575,0.01842614452386307,0.007158388790665719
1,5,9,False,0,Benign,2,DDoS,0.006497239697868824,0.026316491609114843,0.010021434087771227
1,5,9,False,0,Benign,3,DoS,0.003558022018126807,0.018691649228478966,0.005121503375723047
1,5,9,False,0,Benign,4,Mirai,0.5048232888824966,0.07112618000436756,0.5309479912755538
1,5,9,False,0,Benign,5,Recon,0.1339503532064871,0.07446340526574748,0.12933863605735318
1,5,9,False,0,Benign,6,Spoofing,0.09377471457677927,0.0986198658805537,0.09118224646429039
1,5,9,False,0,Benign,7,Web-Based,0.0046510838081758685,0.02992927382898051,0.005954867286461147
1,5,9,False,1,BruteForce,0,Benign,0.2113731841831655,0.6498097023345404,0.19560910001048665
1,5,9,False,1,BruteForce,1,BruteForce,0.005379000043834482,0.021074843293851318,0.006510673209619323
1,5,9,False,1,BruteForce,2,DDoS,0.004961606420886674,0.023063197334055565,0.006386759347100015
1,5,9,False,1,BruteForce,3,DoS,0.003177910632786866,0.017841525183533,0.004638020366097675
1,5,9,False,1,BruteForce,4,Mirai,0.5491568596091966,0.08344070165556823,0.5625829354056487
1,5,9,False,1,BruteForce,5,Recon,0.1345677079755541,0.07021393184189192,0.1302007532028732
1,5,9,False,1,BruteForce,6,Spoofing,0.08681106072499727,0.09856818888571907,0.08871675863006295
1,5,9,False,1,BruteForce,7,Web-Based,0.0045726704095786,0.03598790947084068,0.005354999828111578
1,5,9,False,2,DDoS,0,Benign,0.06199490641962842,0.1913059441060292,0.06193325534919987
1,5,9,False,2,DDoS,1,BruteForce,0.009456408729025194,0.015306813755140503,0.012826512543752777
1,5,9,False,2,DDoS,2,DDoS,0.5489125588305717,0.5995419773217262,0.5420618085443238
1,5,9,False,2,DDoS,3,DoS,0.00555527717311099,0.021034454378406144,0.007166806000963308
1,5,9,False,2,DDoS,4,Mirai,0.2755984676091525,0.05385321374849745,0.2590767458982176
1,5,9,False,2,DDoS,5,Recon,0.05658526224645497,0.05052206595141243,0.06364564766958493
1,5,9,False,2,DDoS,6,Spoofing,0.034573113579666824,0.04531296997615174,0.04186467937364931
1,5,9,False,2,DDoS,7,Web-Based,0.007324005412389354,0.023122560762636243,0.011424544620308341
1,5,9,False,3,DoS,0,Benign,0.0627066069365138,0.16159784057762058,0.06609204501600774
1,5,9,False,3,DoS,1,BruteForce,0.010931169524421459,0.02577531836502258,0.014071188369125963
1,5,9,False,3,DoS,2,DDoS,0.06710385790286669,0.0846335852977764,0.0908846909305015
1,5,9,False,3,DoS,3,DoS,0.014845414227296502,0.4635745981788168,0.009330757913482085
1,5,9,False,3,DoS,4,Mirai,0.6279822813696059,0.08134334385273169,0.6360774456422916
1,5,9,False,3,DoS,5,Recon,0.03879202409000475,0.056560110851059976,0.049724422867887266
1,5,9,False,3,DoS,6,Spoofing,0.1708809384484087,0.09233861828304275,0.1248976780823852
1,5,9,False,3,DoS,7,Web-Based,0.0067577075008823494,0.03417658459392906,0.008921771178318612
1,5,9,False,4,Mirai,0,Benign,0.15206117241557449,0.6525973986210691,0.14241902749575885
1,5,9,False,4,Mirai,1,BruteForce,0.005342566661477513,0.02081258400166365,0.007238306306116324
1,5,9,False,4,Mirai,2,DDoS,0.005659950078257496,0.029819144897262066,0.006958832914329471
1,5,9,False,4,Mirai,3,DoS,0.0030543254134116357,0.019541609293777008,0.004578687409301001
1,5,9,False,4,Mirai,4,Mirai,0.7172141077930063,0.10025559254778105,0.7140882226677944
1,5,9,False,4,Mirai,5,Recon,0.049781882530592,0.05664883154053897,0.057983451710110684
1,5,9,False,4,Mirai,6,Spoofing,0.0635519196826925,0.08870015611602264,0.06240855521804545
1,5,9,False,4,Mirai,7,Web-Based,0.0033340754249880145,0.031624682981885574,0.004324916278543922
1,5,9,False,5,Recon,0,Benign,0.1852882115342849,0.6358194781996405,0.18754795935055854
1,5,9,False,5,Recon,1,BruteForce,0.004970803129615862,0.020717704885310946,0.006151490230419646
1,5,9,False,5,Recon,2,DDoS,0.004622774734117393,0.021665235647994004,0.006229298587220222
1,5,9,False,5,Recon,3,DoS,0.0031177672990343828,0.01789211414093808,0.004611133813343026
1,5,9,False,5,Recon,4,Mirai,0.4545248076369859,0.07048142408992883,0.5132006567116012
1,5,9,False,5,Recon,5,Recon,0.2537572219184636,0.10091637283350781,0.18949700511591605
1,5,9,False,5,Recon,6,Spoofing,0.08925462932324518,0.097644939158108,0.08752302564223557
1,5,9,False,5,Recon,7,Web-Based,0.004463784424252752,0.034862731044571854,0.005239430548705853
1,5,9,False,6,Spoofing,0,Benign,0.2052308516209854,0.654116333453516,0.205443009544199
1,5,9,False,6,Spoofing,1,BruteForce,0.005209229761079315,0.01825981749785193,0.0066961046765206
1,5,9,False,6,Spoofing,2,DDoS,0.005209042326825114,0.02136229824570209,0.00673200014664689
1,5,9,False,6,Spoofing,3,DoS,0.003404673359121456,0.018392478558345835,0.0048283255176033366
1,5,9,False,6,Spoofing,4,Mirai,0.4987356103763899,0.06731632525995287,0.518269037228291
1,5,9,False,6,Spoofing,5,Recon,0.15345723628347577,0.0778171361014285,0.14414039337227424
1,5,9,False,6,Spoofing,6,Spoofing,0.12419990223830844,0.1125328514325767,0.10824015711730466
1,5,9,False,6,Spoofing,7,Web-Based,0.004553454033814432,0.030202759450626098,0.0056509723971603
1,5,9,False,7,Web-Based,0,Benign,0.18649849431095797,0.6678776050811925,0.18706900309494476
1,5,9,False,7,Web-Based,1,BruteForce,0.005020240493058352,0.01878414442898912,0.006575002348028501
1,5,9,False,7,Web-Based,2,DDoS,0.005029609383291506,0.022840119702302056,0.006528943093799414
1,5,9,False,7,Web-Based,3,DoS,0.0031074277868442107,0.01770636142702604,0.0044778123355648895
1,5,9,False,7,Web-Based,4,Mirai,0.611909578627451,0.07716641922502339,0.6018600880832153
1,5,9,False,7,Web-Based,5,Recon,0.0996586767629557,0.07064023263679034,0.11467017219124158
1,5,9,False,7,Web-Based,6,Spoofing,0.08480079606985784,0.09391373574709089,0.07386433235894052
1,5,9,False,7,Web-Based,7,Web-Based,0.0039751765655835014,0.03107138175158572,0.004954646494265065
1,5,10,True,0,Benign,0,Benign,0.7279212970103767,0.6624269896588939,0.02419440131396116
1,5,10,True,0,Benign,1,BruteForce,0.015092387461024611,0.01842614452386307,0.02812839628105664
1,5,10,True,0,Benign,2,DDoS,0.021574047366960416,0.026316491609114843,0.07166336211654858
1,5,10,True,0,Benign,3,DoS,0.015098397472060642,0.018691649228478966,0.03127661889303174
1,5,10,True,0,Benign,4,Mirai,0.032505149200064025,0.07112618000436756,0.057878703281944034
1,5,10,True,0,Benign,5,Recon,0.03842159223914789,0.07446340526574748,0.11903014022809146
1,5,10,True,0,Benign,6,Spoofing,0.06604326951594616,0.0986198658805537,0.3285455251867474
1,5,10,True,0,Benign,7,Web-Based,0.0833438597344197,0.02992927382898051,0.339282852698619
1,5,10,True,1,BruteForce,0,Benign,0.7031616222081334,0.6498097023345404,0.02580711986082917
1,5,10,True,1,BruteForce,1,BruteForce,0.01676469530075,0.021074843293851318,0.02891338815887502
1,5,10,True,1,BruteForce,2,DDoS,0.02306427133493976,0.023063197334055565,0.04230432076647959
1,5,10,True,1,BruteForce,3,DoS,0.015141979914269582,0.017841525183533,0.019350857597387264
1,5,10,True,1,BruteForce,4,Mirai,0.03208071914030455,0.08344070165556823,0.05981152973791078
1,5,10,True,1,BruteForce,5,Recon,0.03701499565811102,0.07021393184189192,0.11255251642714446
1,5,10,True,1,BruteForce,6,Spoofing,0.07040792147430058,0.09856818888571907,0.28921163186813914
1,5,10,True,1,BruteForce,7,Web-Based,0.1023637949691911,0.03598790947084068,0.42204863558323463
1,5,10,True,2,DDoS,0,Benign,0.7540573770179285,0.1913059441060292,0.01191874950936505
1,5,10,True,2,DDoS,1,BruteForce,0.014457461384738173,0.015306813755140503,0.017480686643925616
1,5,10,True,2,DDoS,2,DDoS,0.03477231119527095,0.5995419773217262,0.6238601570373535
1,5,10,True,2,DDoS,3,DoS,0.015756737815924127,0.021034454378406144,0.016082057547873653
1,5,10,True,2,DDoS,4,Mirai,0.032683258758273076,0.05385321374849745,0.027391841670405398
1,5,10,True,2,DDoS,5,Recon,0.034410494673731494,0.05052206595141243,0.05872959178198046
1,5,10,True,2,DDoS,6,Spoofing,0.0497866291590023,0.04531296997615174,0.11241896906782459
1,5,10,True,2,DDoS,7,Web-Based,0.06407572999513134,0.023122560762636243,0.13211794674127172
1,5,10,True,3,DoS,0,Benign,0.7493668232788404,0.16159784057762058,0.018527460564022213
1,5,10,True,3,DoS,1,BruteForce,0.015267251360692999,0.02577531836502258,0.03510543547762633
1,5,10,True,3,DoS,2,DDoS,0.02372351624421641,0.0846335852977764,0.19537996554427528
1,5,10,True,3,DoS,3,DoS,0.03274057856735399,0.4635745981788168,0.31513788027067596
1,5,10,True,3,DoS,4,Mirai,0.028268368265097432,0.08134334385273169,0.04448504030333819
1,5,10,True,3,DoS,5,Recon,0.03492995383570157,0.056560110851059976,0.07184579693290886
1,5,10,True,3,DoS,6,Spoofing,0.051710602387884115,0.09233861828304275,0.20160401291234772
1,5,10,True,3,DoS,7,Web-Based,0.06399290606021309,0.03417658459392906,0.11791440799480547
1,5,10,True,4,Mirai,0,Benign,0.7254465458356805,0.6525973986210691,0.02454132117417262
1,5,10,True,4,Mirai,1,BruteForce,0.015571475157426561,0.02081258400166365,0.030928409146634115
1,5,10,True,4,Mirai,2,DDoS,0.022611689750048125,0.029819144897262066,0.06517744958234532
1,5,10,True,4,Mirai,3,DoS,0.014775196079008254,0.019541609293777008,0.026945381736966166
1,5,10,True,4,Mirai,4,Mirai,0.03415346721744701,0.10025559254778105,0.06951594165829783
1,5,10,True,4,Mirai,5,Recon,0.03378210788269707,0.05664883154053897,0.10141639327346967
1,5,10,True,4,Mirai,6,Spoofing,0.06885441360137569,0.08870015611602264,0.33746609425952623
1,5,10,True,4,Mirai,7,Web-Based,0.08480510447631695,0.031624682981885574,0.34400900916858806
1,5,10,True,5,Recon,0,Benign,0.6999906822033334,0.6358194781996405,0.025985143243103023
1,5,10,True,5,Recon,1,BruteForce,0.01679864840540767,0.020717704885310946,0.028403556354155614
1,5,10,True,5,Recon,2,DDoS,0.022970568407506293,0.021665235647994004,0.03986090658207348
1,5,10,True,5,Recon,3,DoS,0.01538651647259387,0.01789211414093808,0.019322885470738793
1,5,10,True,5,Recon,4,Mirai,0.031112240426177665,0.07048142408992883,0.05760894564822739
1,5,10,True,5,Recon,5,Recon,0.03965500794787562,0.10091637283350781,0.13356892303175036
1,5,10,True,5,Recon,6,Spoofing,0.06970797633597338,0.097644939158108,0.27933004710710635
1,5,10,True,5,Recon,7,Web-Based,0.10437835980113223,0.034862731044571854,0.415919592562845
1,5,10,True,6,Spoofing,0,Benign,0.7188168247664217,0.654116333453516,0.024900999484018145
1,5,10,True,6,Spoofing,1,BruteForce,0.015415880213031618,0.01825981749785193,0.027007335921959637
1,5,10,True,6,Spoofing,2,DDoS,0.02108401330803251,0.02136229824570209,0.04043196086041688
1,5,10,True,6,Spoofing,3,DoS,0.015295736909999115,0.018392478558345835,0.024128903835969613
1,5,10,True,6,Spoofing,4,Mirai,0.03126706815979684,0.06731632525995287,0.054439341604995556
1,5,10,True,6,Spoofing,5,Recon,0.04068908005711911,0.0778171361014285,0.12237014079609465
1,5,10,True,6,Spoofing,6,Spoofing,0.06863534805221096,0.1125328514325767,0.3392420202195158
1,5,10,True,6,Spoofing,7,Web-Based,0.08879604853338807,0.030202759450626098,0.3674792972770297
1,5,10,True,7,Web-Based,0,Benign,0.7156386240460869,0.6678776050811925,0.025416234922749713
1,5,10,True,7,Web-Based,1,BruteForce,0.015882637013452064,0.01878414442898912,0.029508277065806696
1,5,10,True,7,Web-Based,2,DDoS,0.02217800758157186,0.022840119702302056,0.04809308501247399
1,5,10,True,7,Web-Based,3,DoS,0.01495180760874387,0.01770636142702604,0.019703370349366752
1,5,10,True,7,Web-Based,4,Mirai,0.03212656933947705,0.07716641922502339,0.061133336727339685
1,5,10,True,7,Web-Based,5,Recon,0.03755925743598911,0.07064023263679034,0.11655808243061823
1,5,10,True,7,Web-Based,6,Spoofing,0.06869180295035081,0.09391373574709089,0.30029712635162814
1,5,10,True,7,Web-Based,7,Web-Based,0.09297129402432833,0.03107138175158572,0.3992904871400168
1,5,11,False,0,Benign,0,Benign,0.5127622042520972,0.6624269896588939,0.49468169906890513
1,5,11,False,0,Benign,1,BruteForce,0.008208117213184202,0.01842614452386307,0.008969054803885644
1,5,11,False,0,Benign,2,DDoS,0.004933163161712369,0.026316491609114843,0.0065124930854304685
1,5,11,False,0,Benign,3,DoS,0.009838654852793886,0.018691649228478966,0.01651623172900435
1,5,11,False,0,Benign,4,Mirai,0.07214999482257856,0.07112618000436756,0.08316159729392886
1,5,11,False,0,Benign,5,Recon,0.14084422493288068,0.07446340526574748,0.12559159089101943
1,5,11,False,0,Benign,6,Spoofing,0.2433947221653715,0.0986198658805537,0.25522407105826334
1,5,11,False,0,Benign,7,Web-Based,0.007868918599381807,0.02992927382898051,0.009343262069562779
1,5,11,False,1,BruteForce,0,Benign,0.48989794677306414,0.6498097023345404,0.4859863201002979
1,5,11,False,1,BruteForce,1,BruteForce,0.009321912109364899,0.021074843293851318,0.008710597347057713
1,5,11,False,1,BruteForce,2,DDoS,0.004895942623223287,0.023063197334055565,0.006068031632809313
1,5,11,False,1,BruteForce,3,DoS,0.006402133426110435,0.017841525183533,0.008219240589696971
1,5,11,False,1,BruteForce,4,Mirai,0.08754226837031225,0.08344070165556823,0.08757231856634627
1,5,11,False,1,BruteForce,5,Recon,0.16348583142369952,0.07021393184189192,0.13115094741555774
1,5,11,False,1,BruteForce,6,Spoofing,0.23010171494422194,0.09856818888571907,0.26280073700305673
1,5,11,False,1,BruteForce,7,Web-Based,0.008352250330003507,0.03598790947084068,0.009491807345177341
1,5,11,False,2,DDoS,0,Benign,0.17376782750227282,0.1913059441060292,0.3251445252692935
1,5,11,False,2,DDoS,1,BruteForce,0.011125524347146603,0.015306813755140503,0.014075874748430275
1,5,11,False,2,DDoS,2,DDoS,0.5324182581069529,0.5995419773217262,0.21903709839348182
1,5,11,False,2,DDoS,3,DoS,0.02861457390146029,0.021034454378406144,0.028899116641746
1,5,11,False,2,DDoS,4,Mirai,0.0641645709252365,0.05385321374849745,0.0827004723183464
1,5,11,False,2,DDoS,5,Recon,0.06847326802517466,0.05052206595141243,0.10910304899480142
1,5,11,False,2,DDoS,6,Spoofing,0.111042375659873,0.04531296997615174,0.2070909932893693
1,5,11,False,2,DDoS,7,Web-Based,0.010393601531883222,0.023122560762636243,0.013948870344531246
1,5,11,False,3,DoS,0,Benign,0.07675847102083484,0.16159784057762058,0.1042581125965123
1,5,11,False,3,DoS,1,BruteForce,0.013824124882278648,0.02577531836502258,0.020096583742438414
1,5,11,False,3,DoS,2,DDoS,0.01969424666660943,0.0846335852977764,0.011541322888350391
1,5,11,False,3,DoS,3,DoS,0.6127020729102844,0.4635745981788168,0.4831797465884648
1,5,11,False,3,DoS,4,Mirai,0.05921608997094723,0.08134334385273169,0.061421893746448034
1,5,11,False,3,DoS,5,Recon,0.035648322461619135,0.056560110851059976,0.04220184660571649
1,5,11,False,3,DoS,6,Spoofing,0.17431811529454902,0.09233861828304275,0.26636540024192495
1,5,11,False,3,DoS,7,Web-Based,0.007838556792877165,0.03417658459392906,0.010935093590144539
1,5,11,False,4,Mirai,0,Benign,0.4914886472437472,0.6525973986210691,0.4693887723034425
1,5,11,False,4,Mirai,1,BruteForce,0.009807159307598281,0.02081258400166365,0.010666274111835768
1,5,11,False,4,Mirai,2,DDoS,0.006363852768087906,0.029819144897262066,0.007285439023842553
1,5,11,False,4,Mirai,3,DoS,0.009228054249750687,0.019541609293777008,0.018850743547208327
1,5,11,False,4,Mirai,4,Mirai,0.15464774304802476,0.10025559254778105,0.12006862172654138
1,5,11,False,4,Mirai,5,Recon,0.07887300161719103,0.05664883154053897,0.08270583414874996
1,5,11,False,4,Mirai,6,Spoofing,0.242299735223128,0.08870015611602264,0.28223546720926523
1,5,11,False,4,Mirai,7,Web-Based,0.007291806542472169,0.031624682981885574,0.008798847929114317
1,5,11,False,5,Recon,0,Benign,0.4593362531524074,0.6358194781996405,0.4665805057336679
1,5,11,False,5,Recon,1,BruteForce,0.008596474394327095,0.020717704885310946,0.00840037108406371
1,5,11,False,5,Recon,2,DDoS,0.004301342401726833,0.021665235647994004,0.0056873208488470986
1,5,11,False,5,Recon,3,DoS,0.0058075894889404005,0.01789211414093808,0.0077768304148356435
1,5,11,False,5,Recon,4,Mirai,0.06260228372811284,0.07048142408992883,0.08297448032878815
1,5,11,False,5,Recon,5,Recon,0.25460676762529505,0.10091637283350781,0.18512838668840184
1,5,11,False,5,Recon,6,Spoofing,0.19636960077136434,0.097644939158108,0.23430641139270103
1,5,11,False,5,Recon,7,Web-Based,0.008379688437825992,0.034862731044571854,0.00914569350869469
1,5,11,False,6,Spoofing,0,Benign,0.4466163040465134,0.654116333453516,0.45548172693480227
1,5,11,False,6,Spoofing,1,BruteForce,0.008141437312649297,0.01825981749785193,0.00839529214760301
1,5,11,False,6,Spoofing,2,DDoS,0.004761307584444564,0.02136229824570209,0.00609576627986407
1,5,11,False,6,Spoofing,3,DoS,0.00662055868603752,0.018392478558345835,0.010323817598873705
1,5,11,False,6,Spoofing,4,Mirai,0.0672019850969599,0.06731632525995287,0.07814004391143099
1,5,11,False,6,Spoofing,5,Recon,0.1540956036946872,0.0778171361014285,0.13281642149606263
1,5,11,False,6,Spoofing,6,Spoofing,0.30480039448738466,0.1125328514325767,0.29955771003870946
1,5,11,False,6,Spoofing,7,Web-Based,0.0077624090913235985,0.030202759450626098,0.00918922159265382
1,5,11,False,7,Web-Based,0,Benign,0.5101177454128039,0.6678776050811925,0.5065747209573159
1,5,11,False,7,Web-Based,1,BruteForce,0.008327082572073078,0.01878414442898912,0.008597365119134347
1,5,11,False,7,Web-Based,2,DDoS,0.004815343111649704,0.022840119702302056,0.006165098298963649
1,5,11,False,7,Web-Based,3,DoS,0.006238661821182955,0.01770636142702604,0.009394986332144728
1,5,11,False,7,Web-Based,4,Mirai,0.08235573325379228,0.07716641922502339,0.09251771202481428
1,5,11,False,7,Web-Based,5,Recon,0.1348575290885845,0.07064023263679034,0.12218315970447956
1,5,11,False,7,Web-Based,6,Spoofing,0.24543421497660559,0.09391373574709089,0.24547153024129614
1,5,11,False,7,Web-Based,7,Web-Based,0.007853689763308075,0.03107138175158572,0.00909542732185148
1,5,12,False,0,Benign,0,Benign,0.03072806938224493,0.6624269896588939,0.03173627289785977
1,5,12,False,0,Benign,1,BruteForce,0.01496315062205435,0.01842614452386307,0.0165286180636927
1,5,12,False,0,Benign,2,DDoS,0.013083968199954405,0.026316491609114843,0.016502646029220927
1,5,12,False,0,Benign,3,DoS,0.044180844173071006,0.018691649228478966,0.0870367473955642
1,5,12,False,0,Benign,4,Mirai,0.5155065942821515,0.07112618000436756,0.504942045449222
1,5,12,False,0,Benign,5,Recon,0.11885535421418617,0.07446340526574748,0.12175768395756004
1,5,12,False,0,Benign,6,Spoofing,0.2118998265247143,0.0986198658805537,0.17805372939872052
1,5,12,False,0,Benign,7,Web-Based,0.05078219260162341,0.02992927382898051,0.04344225680815978
1,5,12,False,1,BruteForce,0,Benign,0.02832256569840592,0.6498097023345404,0.03107779928183897
1,5,12,False,1,BruteForce,1,BruteForce,0.01685026151366961,0.021074843293851318,0.01729889351226295
1,5,12,False,1,BruteForce,2,DDoS,0.01407011616344671,0.023063197334055565,0.01744771580742801
1,5,12,False,1,BruteForce,3,DoS,0.016691003263258997,0.017841525183533,0.021633838279563913
1,5,12,False,1,BruteForce,4,Mirai,0.5476301739754325,0.08344070165556823,0.5488477620277777
1,5,12,False,1,BruteForce,5,Recon,0.08552609621024392,0.07021393184189192,0.12673717792377312
1,5,12,False,1,BruteForce,6,Spoofing,0.222216524267287,0.09856818888571907,0.17759801217076215
1,5,12,False,1,BruteForce,7,Web-Based,0.06869325890825538,0.03598790947084068,0.05935880099659317
1,5,12,False,2,DDoS,0,Benign,0.015601992430468623,0.1913059441060292,0.022231065288382944
1,5,12,False,2,DDoS,1,BruteForce,0.015079991498369232,0.015306813755140503,0.023344007922321042
1,5,12,False,2,DDoS,2,DDoS,0.5311742043120922,0.5995419773217262,0.39052535858574633
1,5,12,False,2,DDoS,3,DoS,0.07752285376944396,0.021034454378406144,0.110203576906135
1,5,12,False,2,DDoS,4,Mirai,0.20618406281902438,0.05385321374849745,0.25150815680096245
1,5,12,False,2,DDoS,5,Recon,0.06490255528428236,0.05052206595141243,0.09050165379397504
1,5,12,False,2,DDoS,6,Spoofing,0.06219711652848168,0.04531296997615174,0.07789049125397604
1,5,12,False,2,DDoS,7,Web-Based,0.027337223357837566,0.023122560762636243,0.03379568944850122
1,5,12,False,3,DoS,0,Benign,0.01441896077201642,0.16159784057762058,0.020485817285976093
1,5,12,False,3,DoS,1,BruteForce,0.010706216220242877,0.02577531836502258,0.01665151718553791
1,5,12,False,3,DoS,2,DDoS,0.01982480012459849,0.0846335852977764,0.018185909124348948
1,5,12,False,3,DoS,3,DoS,0.7832775068443213,0.4635745981788168,0.6896778050003807
1,5,12,False,3,DoS,4,Mirai,0.07799964066500406,0.08134334385273169,0.12369738390354118
1,5,12,False,3,DoS,5,Recon,0.030320507704728657,0.056560110851059976,0.04570082737009043
1,5,12,False,3,DoS,6,Spoofing,0.04905814579179803,0.09233861828304275,0.06724106075606488
1,5,12,False,3,DoS,7,Web-Based,0.014394221877289974,0.03417658459392906,0.01835967937405992
1,5,12,False,4,Mirai,0,Benign,0.02501065600502305,0.6525973986210691,0.029918407080366752
1,5,12,False,4,Mirai,1,BruteForce,0.015496316090002316,0.02081258400166365,0.01706598282692606
1,5,12,False,4,Mirai,2,DDoS,0.01375588036338264,0.029819144897262066,0.01663728250472877
1,5,12,False,4,Mirai,3,DoS,0.02112403607813773,0.019541609293777008,0.04173397047555752
1,5,12,False,4,Mirai,4,Mirai,0.6743942284915752,0.10025559254778105,0.605239817871976
1,5,12,False,4,Mirai,5,Recon,0.05850225435309791,0.05664883154053897,0.09140959059613461
1,5,12,False,4,Mirai,6,Spoofing,0.15457145994745736,0.08870015611602264,0.15840976138299426
1,5,12,False,4,Mirai,7,Web-Based,0.037145168671323836,0.031624682981885574,0.03958518726131608
1,5,12,False,5,Recon,0,Benign,0.026926574654165782,0.6358194781996405,0.029621861109237813
1,5,12,False,5,Recon,1,BruteForce,0.017237987348298848,0.020717704885310946,0.017175282169865937
1,5,12,False,5,Recon,2,DDoS,0.014120828793275754,0.021665235647994004,0.01708118649804606
1,5,12,False,5,Recon,3,DoS,0.02046801746342834,0.01789211414093808,0.026726280053793815
1,5,12,False,5,Recon,4,Mirai,0.493115884863313,0.07048142408992883,0.5324266438102963
1,5,12,False,5,Recon,5,Recon,0.12971531683780463,0.10091637283350781,0.1504646465311618
1,5,12,False,5,Recon,6,Spoofing,0.21688862266872203,0.097644939158108,0.1656920785788231
1,5,12,False,5,Recon,7,Web-Based,0.08152676737099168,0.034862731044571854,0.060812021248775244
1,5,12,False,6,Spoofing,0,Benign,0.029762080243101428,0.654116333453516,0.032715217577048726
1,5,12,False,6,Spoofing,1,BruteForce,0.01486640066353683,0.01825981749785193,0.01640021842282711
1,5,12,False,6,Spoofing,2,DDoS,0.013407315214272924,0.02136229824570209,0.016866260790927946
1,5,12,False,6,Spoofing,3,DoS,0.02327839272082385,0.018392478558345835,0.05306923001391153
1,5,12,False,6,Spoofing,4,Mirai,0.49114690153698376,0.06731632525995287,0.4990949452677579
1,5,12,False,6,Spoofing,5,Recon,0.12707569053497922,0.0778171361014285,0.1250189767579518
1,5,12,False,6,Spoofing,6,Spoofing,0.24261406230995552,0.1125328514325767,0.20697735596760036
1,5,12,False,6,Spoofing,7,Web-Based,0.0578491567763465,0.030202759450626098,0.04985779520197467
1,5,12,False,7,Web-Based,0,Benign,0.027320153492723633,0.6678776050811925,0.031005623315597336
1,5,12,False,7,Web-Based,1,BruteForce,0.015088539811390782,0.01878414442898912,0.01636876663959574
1,5,12,False,7,Web-Based,2,DDoS,0.01338501271675734,0.022840119702302056,0.01687666560967591
1,5,12,False,7,Web-Based,3,DoS,0.020986070254520747,0.01770636142702604,0.032783655067641956
1,5,12,False,7,Web-Based,4,Mirai,0.5775051461089261,0.07716641922502339,0.5521443459844294
1,5,12,False,7,Web-Based,5,Recon,0.10507902263413266,0.07064023263679034,0.1294272098868998
1,5,12,False,7,Web-Based,6,Spoofing,0.18453484453411828,0.09391373574709089,0.16888296360719504
1,5,12,False,7,Web-Based,7,Web-Based,0.05610121044743061,0.03107138175158572,0.05251076988896483
1,5,13,False,0,Benign,0,Benign,0.05884572045437087,0.6624269896588939,0.06021732024664312
1,5,13,False,0,Benign,1,BruteForce,0.09621865991252938,0.01842614452386307,0.09139989264571256
1,5,13,False,0,Benign,2,DDoS,0.06485573060555427,0.026316491609114843,0.06174356418797107
1,5,13,False,0,Benign,3,DoS,0.009749116774768075,0.018691649228478966,0.01197304561342974
1,5,13,False,0,Benign,4,Mirai,0.06332824208857368,0.07112618000436756,0.05961668608314425
1,5,13,False,0,Benign,5,Recon,0.40663912022053844,0.07446340526574748,0.4160282132187437
1,5,13,False,0,Benign,6,Spoofing,0.138224268467003,0.0986198658805537,0.139355064976164
1,5,13,False,0,Benign,7,Web-Based,0.16213914147666225,0.02992927382898051,0.15966621302819156
1,5,13,False,1,BruteForce,0,Benign,0.06319246874623724,0.6498097023345404,0.06822755264647094
1,5,13,False,1,BruteForce,1,BruteForce,0.1351433303669396,0.021074843293851318,0.11987573463055916
1,5,13,False,1,BruteForce,2,DDoS,0.03383899359779136,0.023063197334055565,0.030460241166093714
1,5,13,False,1,BruteForce,3,DoS,0.010572375003902394,0.017841525183533,0.012653005923996678
1,5,13,False,1,BruteForce,4,Mirai,0.0798926358000277,0.08344070165556823,0.06821062698113127
1,5,13,False,1,BruteForce,5,Recon,0.3461719394379712,0.07021393184189192,0.37080797334063925
1,5,13,False,1,BruteForce,6,Spoofing,0.1278743231251759,0.09856818888571907,0.1270025130190938
1,5,13,False,1,BruteForce,7,Web-Based,0.2033139339219546,0.03598790947084068,0.20276235229201514
1,5,13,False,2,DDoS,0,Benign,0.019141467334806084,0.1913059441060292,0.022803251521217874
1,5,13,False,2,DDoS,1,BruteForce,0.04083885630403604,0.015306813755140503,0.037986902724882206
1,5,13,False,2,DDoS,2,DDoS,0.6585941126014455,0.5995419773217262,0.6384349908124279
1,5,13,False,2,DDoS,3,DoS,0.006010635906434254,0.021034454378406144,0.008902401426990494
1,5,13,False,2,DDoS,4,Mirai,0.029656254013087413,0.05385321374849745,0.02786382527011328
1,5,13,False,2,DDoS,5,Recon,0.1432460857639686,0.05052206595141243,0.14464280239747743
1,5,13,False,2,DDoS,6,Spoofing,0.04686251472307564,0.04531296997615174,0.05534938869240468
1,5,13,False,2,DDoS,7,Web-Based,0.05565007335314657,0.023122560762636243,0.06401643715448604
1,5,13,False,3,DoS,0,Benign,0.01989650598801082,0.16159784057762058,0.02660571770375682
1,5,13,False,3,DoS,1,BruteForce,0.06431171743247666,0.02577531836502258,0.06605289113507826
1,5,13,False,3,DoS,2,DDoS,0.39022230393075613,0.0846335852977764,0.42699375712190657
1,5,13,False,3,DoS,3,DoS,0.13488836281844083,0.4635745981788168,0.03699369127515266
1,5,13,False,3,DoS,4,Mirai,0.11528077724206078,0.08134334385273169,0.07269902527154604
1,5,13,False,3,DoS,5,Recon,0.1114479098215833,0.056560110851059976,0.17703238364058604
1,5,13,False,3,DoS,6,Spoofing,0.10936123633229043,0.09233861828304275,0.12006031090505746
1,5,13,False,3,DoS,7,Web-Based,0.05459118643438111,0.03417658459392906,0.07356222294691613
1,5,13,False,4,Mirai,0,Benign,0.060785594772654626,0.6525973986210691,0.06755458333906479
1,5,13,False,4,Mirai,1,BruteForce,0.12870414323519722,0.02081258400166365,0.11316485127905956
1,5,13,False,4,Mirai,2,DDoS,0.0628663146520195,0.029819144897262066,0.06568757705439755
1,5,13,False,4,Mirai,3,DoS,0.01092309847417585,0.019541609293777008,0.01277088742881881
1,5,13,False,4,Mirai,4,Mirai,0.12121259114214372,0.10025559254778105,0.07980722606324694
1,5,13,False,4,Mirai,5,Recon,0.3050975003358403,0.05664883154053897,0.3322611083833468
1,5,13,False,4,Mirai,6,Spoofing,0.14274950319791524,0.08870015611602264,0.15077972540924725
1,5,13,False,4,Mirai,7,Web-Based,0.1676612541900536,0.031624682981885574,0.17797404104281833
1,5,13,False,5,Recon,0,Benign,0.05858393162208524,0.6358194781996405,0.06399825964041304
1,5,13,False,5,Recon,1,BruteForce,0.12187646537086493,0.020717704885310946,0.11289096848179281
1,5,13,False,5,Recon,2,DDoS,0.028951251216738808,0.021665235647994004,0.027800341690945796
1,5,13,False,5,Recon,3,DoS,0.010271943326627805,0.01789211414093808,0.012384925679576154
1,5,13,False,5,Recon,4,Mirai,0.06493806054992032,0.07048142408992883,0.062421234302634784
1,5,13,False,5,Recon,5,Recon,0.4080707987933529,0.10091637283350781,0.4115133873033791
1,5,13,False,5,Recon,6,Spoofing,0.11797069192634811,0.097644939158108,0.12030906815303158
1,5,13,False,5,Recon,7,Web-Based,0.18933685719406199,0.034862731044571854,0.18868181474822673
1,5,13,False,6,Spoofing,0,Benign,0.05764687384882274,0.654116333453516,0.06134039136237188
1,5,13,False,6,Spoofing,1,BruteForce,0.10119378914821554,0.01825981749785193,0.09328387613075517
1,5,13,False,6,Spoofing,2,DDoS,0.027287581083501572,0.02136229824570209,0.027431735585683802
1,5,13,False,6,Spoofing,3,DoS,0.009464876997628683,0.018392478558345835,0.011666331232813777
1,5,13,False,6,Spoofing,4,Mirai,0.060350908349469955,0.06731632525995287,0.0565308778362759
1,5,13,False,6,Spoofing,5,Recon,0.4187158958741622,0.0778171361014285,0.4351622281115992
1,5,13,False,6,Spoofing,6,Spoofing,0.14970929668616337,0.1125328514325767,0.1414793775391553
1,5,13,False,6,Spoofing,7,Web-Based,0.17563077801203594,0.030202759450626098,0.17310518220134494
1,5,13,False,7,Web-Based,0,Benign,0.06337722983557863,0.6678776050811925,0.06622176668292754
1,5,13,False,7,Web-Based,1,BruteForce,0.114906822593189,0.01878414442898912,0.1062723171110605
1,5,13,False,7,Web-Based,2,DDoS,0.03224722526319546,0.022840119702302056,0.034246920241730275
1,5,13,False,7,Web-Based,3,DoS,0.00998323648554623,0.01770636142702604,0.01225080938480458
1,5,13,False,7,Web-Based,4,Mirai,0.07303027089963537,0.07716641922502339,0.06762813179193718
1,5,13,False,7,Web-Based,5,Recon,0.39509354401365404,0.07064023263679034,0.40559586969205536
1,5,13,False,7,Web-Based,6,Spoofing,0.12494295609481139,0.09391373574709089,0.12593682436297501
1,5,13,False,7,Web-Based,7,Web-Based,0.18641871481438985,0.03107138175158572,0.1818473607325095
1,5,14,True,0,Benign,0,Benign,0.7989486874209814,0.6624269896588939,0.18035115358371046
1,5,14,True,0,Benign,1,BruteForce,0.01628426731702604,0.01842614452386307,0.08743539696123714
1,5,14,True,0,Benign,2,DDoS,0.02522430032232594,0.026316491609114843,0.15420426070248563
1,5,14,True,0,Benign,3,DoS,0.01576239600624229,0.018691649228478966,0.06777568043178447
1,5,14,True,0,Benign,4,Mirai,0.04881179743721213,0.07112618000436756,0.1443378562634044
1,5,14,True,0,Benign,5,Recon,0.033669605386006767,0.07446340526574748,0.15700617689526467
1,5,14,True,0,Benign,6,Spoofing,0.025509648194864426,0.0986198658805537,0.02424804425766118
1,5,14,True,0,Benign,7,Web-Based,0.0357892979153411,0.02992927382898051,0.18464143090445206
1,5,14,True,1,BruteForce,0,Benign,0.7949979662245316,0.6498097023345404,0.18019377324172536
1,5,14,True,1,BruteForce,1,BruteForce,0.01766898169810891,0.021074843293851318,0.10666831308489151
1,5,14,True,1,BruteForce,2,DDoS,0.0258437441571788,0.023063197334055565,0.1098908449516765
1,5,14,True,1,BruteForce,3,DoS,0.014642634412633415,0.017841525183533,0.024382636583572835
1,5,14,True,1,BruteForce,4,Mirai,0.04921812085144283,0.08344070165556823,0.16382308201998455
1,5,14,True,1,BruteForce,5,Recon,0.030129589639898414,0.07021393184189192,0.15641694541249407
1,5,14,True,1,BruteForce,6,Spoofing,0.02561537639101137,0.09856818888571907,0.02200485434100745
1,5,14,True,1,BruteForce,7,Web-Based,0.04188358662519479,0.03598790947084068,0.23661955036464774
1,5,14,True,2,DDoS,0,Benign,0.790452584927284,0.1913059441060292,0.05401936596902673
1,5,14,True,2,DDoS,1,BruteForce,0.01588596896328403,0.015306813755140503,0.038518264157989014
1,5,14,True,2,DDoS,2,DDoS,0.040806823924279055,0.5995419773217262,0.663970394302625
1,5,14,True,2,DDoS,3,DoS,0.01804050246571826,0.021034454378406144,0.037364758439095064
1,5,14,True,2,DDoS,4,Mirai,0.04757742019854824,0.05385321374849745,0.0562582310491621
1,5,14,True,2,DDoS,5,Recon,0.03125185066388033,0.05052206595141243,0.06866000561123375
1,5,14,True,2,DDoS,6,Spoofing,0.023816393950159404,0.04531296997615174,0.012248018300361678
1,5,14,True,2,DDoS,7,Web-Based,0.03216845490684681,0.023122560762636243,0.0689609621705066
1,5,14,True,3,DoS,0,Benign,0.7852324842197422,0.16159784057762058,0.056043116408137215
1,5,14,True,3,DoS,1,BruteForce,0.01713950644097284,0.02577531836502258,0.04479948841595896
1,5,14,True,3,DoS,2,DDoS,0.03238626909278174,0.0846335852977764,0.2296211819489902
1,5,14,True,3,DoS,3,DoS,0.03934705696910868,0.4635745981788168,0.4685993275587585
1,5,14,True,3,DoS,4,Mirai,0.04119017551374239,0.08134334385273169,0.04867453806861749
1,5,14,True,3,DoS,5,Recon,0.030502012716461243,0.056560110851059976,0.06859969867861192
1,5,14,True,3,DoS,6,Spoofing,0.023024611032751885,0.09233861828304275,0.021326604523136984
1,5,14,True,3,DoS,7,Web-Based,0.03117788401443894,0.03417658459392906,0.06233604439778876
1,5,14,True,4,Mirai,0,Benign,0.7999249757135095,0.6525973986210691,0.1782349463214397
1,5,14,True,4,Mirai,1,BruteForce,0.01658658274797316,0.02081258400166365,0.10079580803888191
1,5,14,True,4,Mirai,2,DDoS,0.026424058520469067,0.029819144897262066,0.14652593309772052
1,5,14,True,4,Mirai,3,DoS,0.01509227616151756,0.019541609293777008,0.051301909962960836
1,5,14,True,4,Mirai,4,Mirai,0.0533480381689223,0.10025559254778105,0.18925010703166065
1,5,14,True,4,Mirai,5,Recon,0.02796429777013096,0.05664883154053897,0.13653121238014687
1,5,14,True,4,Mirai,6,Spoofing,0.025527226592906786,0.08870015611602264,0.022863807130739416
1,5,14,True,4,Mirai,7,Web-Based,0.03513254432457069,0.031624682981885574,0.17449627603645002
1,5,14,True,5,Recon,0,Benign,0.7944419930891404,0.6358194781996405,0.1793017335040198
1,5,14,True,5,Recon,1,BruteForce,0.017800700096780697,0.020717704885310946,0.10814944948860344
1,5,14,True,5,Recon,2,DDoS,0.0257413206328178,0.021665235647994004,0.1061837741073292
1,5,14,True,5,Recon,3,DoS,0.01513485760778253,0.01789211414093808,0.03071906648810728
1,5,14,True,5,Recon,4,Mirai,0.04686597345630346,0.07048142408992883,0.15849822901819693
1,5,14,True,5,Recon,5,Recon,0.03315144590612623,0.10091637283350781,0.17017519874411857
1,5,14,True,5,Recon,6,Spoofing,0.024780361172195054,0.097644939158108,0.021164743958933176
1,5,14,True,5,Recon,7,Web-Based,0.04208334803885382,0.034862731044571854,0.2258078046906917
1,5,14,True,6,Spoofing,0,Benign,0.7969104210579713,0.654116333453516,0.18547946101181612
1,5,14,True,6,Spoofing,1,BruteForce,0.016557594904432697,0.01825981749785193,0.09028884743858828
1,5,14,True,6,Spoofing,2,DDoS,0.02370918553416829,0.02136229824570209,0.10949590029584595
1,5,14,True,6,Spoofing,3,DoS,0.015802328677355433,0.018392478558345835,0.055750454887365894
1,5,14,True,6,Spoofing,4,Mirai,0.0463126855665722,0.06731632525995287,0.14177956089956134
1,5,14,True,6,Spoofing,5,Recon,0.03615160946989066,0.0778171361014285,0.17548115919195867
1,5,14,True,6,Spoofing,6,Spoofing,0.026539345192808407,0.1125328514325767,0.02489935218345641
1,5,14,True,6,Spoofing,7,Web-Based,0.03801682959680093,0.030202759450626098,0.21682526409140737
1,5,14,True,7,Web-Based,0,Benign,0.7985806792707805,0.6678776050811925,0.19135203858181501
1,5,14,True,7,Web-Based,1,BruteForce,0.01694081416147092,0.01878414442898912,0.10070092552180611
1,5,14,True,7,Web-Based,2,DDoS,0.025015495593562573,0.022840119702302056,0.12376302212896746
1,5,14,True,7,Web-Based,3,DoS,0.014924565809922857,0.01770636142702604,0.030720300145513975
1,5,14,True,7,Web-Based,4,Mirai,0.049117458357003846,0.07716641922502339,0.16739362924234627
1,5,14,True,7,Web-Based,5,Recon,0.03186370239291255,0.07064023263679034,0.15513690527876917
1,5,14,True,7,Web-Based,6,Spoofing,0.025457285927752815,0.09391373574709089,0.023364052500259854
1,5,14,True,7,Web-Based,7,Web-Based,0.03809999848659393,0.03107138175158572,0.20756912660052224
1,5,15,True,0,Benign,0,Benign,0.711343087674921,0.6624269896588939,0.04804057304261851
1,5,15,True,0,Benign,1,BruteForce,0.014897255758661307,0.01842614452386307,0.020643197571811697
1,5,15,True,0,Benign,2,DDoS,0.01925719115015674,0.026316491609114843,0.5785992667281423
1,5,15,True,0,Benign,3,DoS,0.014701110778763333,0.018691649228478966,0.24370463653036392
1,5,15,True,0,Benign,4,Mirai,0.1025352346248183,0.07112618000436756,0.0255965721431436
1,5,15,True,0,Benign,5,Recon,0.04788344279687965,0.07446340526574748,0.03380657515872149
1,5,15,True,0,Benign,6,Spoofing,0.05993846054268838,0.0986198658805537,0.03562992092581387
1,5,15,True,0,Benign,7,Web-Based,0.02944421667311129,0.02992927382898051,0.01397925789938462
1,5,15,True,1,BruteForce,0,Benign,0.6997360333423371,0.6498097023345404,0.047392199649588074
1,5,15,True,1,BruteForce,1,BruteForce,0.016867919999824458,0.021074843293851318,0.02144480073266191
1,5,15,True,1,BruteForce,2,DDoS,0.02066306745604095,0.023063197334055565,0.6080327670063629
1,5,15,True,1,BruteForce,3,DoS,0.013234550165068311,0.017841525183533,0.21574213581652105
1,5,15,True,1,BruteForce,4,Mirai,0.11189690852855917,0.08344070165556823,0.025694288499393696
1,5,15,True,1,BruteForce,5,Recon,0.03879596775971871,0.07021393184189192,0.03290241579731521
1,5,15,True,1,BruteForce,6,Spoofing,0.0625586906302484,0.09856818888571907,0.03438195071723076
1,5,15,True,1,BruteForce,7,Web-Based,0.03624686211820291,0.03598790947084068,0.014409441780926537
1,5,15,True,2,DDoS,0,Benign,0.6624625439561282,0.1913059441060292,0.021602963729499824
1,5,15,True,2,DDoS,1,BruteForce,0.01618397532138988,0.015306813755140503,0.014812476872041371
1,5,15,True,2,DDoS,2,DDoS,0.09622241120872799,0.5995419773217262,0.803147311252643
1,5,15,True,2,DDoS,3,DoS,0.01908849923420848,0.021034454378406144,0.08852492154087582
1,5,15,True,2,DDoS,4,Mirai,0.09057613315241375,0.05385321374849745,0.018293392655691722
1,5,15,True,2,DDoS,5,Recon,0.043038318660837044,0.05052206595141243,0.022686151174044544
1,5,15,True,2,DDoS,6,Spoofing,0.04302078396818483,0.04531296997615174,0.01819082351071926
1,5,15,True,2,DDoS,7,Web-Based,0.029407334498109963,0.023122560762636243,0.012741959264484399
1,5,15,True,3,DoS,0,Benign,0.6823195357011602,0.16159784057762058,0.029719845008311273
1,5,15,True,3,DoS,1,BruteForce,0.018080681820467685,0.02577531836502258,0.022903262866255044
1,5,15,True,3,DoS,2,DDoS,0.02916089164054519,0.0846335852977764,0.2429897155854159
1,5,15,True,3,DoS,3,DoS,0.08175861312221033,0.4635745981788168,0.6243819494499407
1,5,15,True,3,DoS,4,Mirai,0.0709178489762204,0.08134334385273169,0.01672875375105059
1,5,15,True,3,DoS,5,Recon,0.03771893081903052,0.056560110851059976,0.026884923909579223
1,5,15,True,3,DoS,6,Spoofing,0.05250612207497058,0.09233861828304275,0.02348012189020257
1,5,15,True,3,DoS,7,Web-Based,0.02753737584539515,0.03417658459392906,0.012911427539244583
1,5,15,True,4,Mirai,0,Benign,0.6990716136473851,0.6525973986210691,0.046473568991918915
1,5,15,True,4,Mirai,1,BruteForce,0.015883274959825427,0.02081258400166365,0.02237650619247533
1,5,15,True,4,Mirai,2,DDoS,0.021461610065118972,0.029819144897262066,0.6015497879211953
1,5,15,True,4,Mirai,3,DoS,0.014309387867986549,0.019541609293777008,0.22487164393566147
1,5,15,True,4,Mirai,4,Mirai,0.12631610545452765,0.10025559254778105,0.02707909284053757
1,5,15,True,4,Mirai,5,Recon,0.034409437883471845,0.05664883154053897,0.02897799073289967
1,5,15,True,4,Mirai,6,Spoofing,0.060462255419835374,0.08870015611602264,0.03509169011183555
1,5,15,True,4,Mirai,7,Web-Based,0.028086314701849045,0.031624682981885574,0.013579719273476148
1,5,15,True,5,Recon,0,Benign,0.7000558125184555,0.6358194781996405,0.050396835746006695
1,5,15,True,5,Recon,1,BruteForce,0.01692906324296694,0.020717704885310946,0.022268749432812755
1,5,15,True,5,Recon,2,DDoS,0.020776914899574492,0.021665235647994004,0.5887153412977978
1,5,15,True,5,Recon,3,DoS,0.013992889402129956,0.01789211414093808,0.22605756793804133
1,5,15,True,5,Recon,4,Mirai,0.10330535649259931,0.07048142408992883,0.026704886678723866
1,5,15,True,5,Recon,5,Recon,0.04901749612615475,0.10091637283350781,0.03573000865705117
1,5,15,True,5,Recon,6,Spoofing,0.059261661077745505,0.097644939158108,0.03575849593592455
1,5,15,True,5,Recon,7,Web-Based,0.0366608062403734,0.034862731044571854,0.01436811431364185
1,5,15,True,6,Spoofing,0,Benign,0.7056748192866682,0.654116333453516,0.0489599890805229
1,5,15,True,6,Spoofing,1,BruteForce,0.01507904420032799,0.01825981749785193,0.020216586203615293
1,5,15,True,6,Spoofing,2,DDoS,0.017984098269829045,0.02136229824570209,0.5518907489393873
1,5,15,True,6,Spoofing,3,DoS,0.014137017668458238,0.018392478558345835,0.2677284059119229
1,5,15,True,6,Spoofing,4,Mirai,0.0970961138594395,0.06731632525995287,0.025296712436534852
1,5,15,True,6,Spoofing,5,Recon,0.05276296785732707,0.0778171361014285,0.035516701310327976
1,5,15,True,6,Spoofing,6,Spoofing,0.06545428589828381,0.1125328514325767,0.03667248291958943
1,5,15,True,6,Spoofing,7,Web-Based,0.03181165295966621,0.030202759450626098,0.013718373198099395
1,5,15,True,7,Web-Based,0,Benign,0.7059789040064426,0.6678776050811925,0.050423332485765734
1,5,15,True,7,Web-Based,1,BruteForce,0.015558936548768623,0.01878414442898912,0.021180476142506677
1,5,15,True,7,Web-Based,2,DDoS,0.019769784313227113,0.022840119702302056,0.6415779718739358
1,5,15,True,7,Web-Based,3,DoS,0.013402501013831053,0.01770636142702604,0.17322224784641632
1,5,15,True,7,Web-Based,4,Mirai,0.10896930512873414,0.07716641922502339,0.025972991793442226
1,5,15,True,7,Web-Based,5,Recon,0.04422667473925664,0.07064023263679034,0.03572338704129606
1,5,15,True,7,Web-Based,6,Spoofing,0.06045748420746865,0.09391373574709089,0.03740757557995204
1,5,15,True,7,Web-Based,7,Web-Based,0.03163641004227113,0.03107138175158572,0.014492017236685169
1,5,16,False,0,Benign,0,Benign,0.5524569600591708,0.6624269896588939,0.5341735362157836
1,5,16,False,0,Benign,1,BruteForce,0.019773915547082063,0.01842614452386307,0.021735902971110298
1,5,16,False,0,Benign,2,DDoS,0.15789551308186894,0.026316491609114843,0.16338225903613451
1,5,16,False,0,Benign,3,DoS,0.031139488745345084,0.018691649228478966,0.052182661202950155
1,5,16,False,0,Benign,4,Mirai,0.01727686588859906,0.07112618000436756,0.02083648771150476
1,5,16,False,0,Benign,5,Recon,0.017889747874906294,0.07446340526574748,0.020422976477387507
1,5,16,False,0,Benign,6,Spoofing,0.11036350053280984,0.0986198658805537,0.10146804261580702
1,5,16,False,0,Benign,7,Web-Based,0.09320400827021781,0.02992927382898051,0.08579813376932213
1,5,16,False,1,BruteForce,0,Benign,0.5483780197131162,0.6498097023345404,0.5793898109834409
1,5,16,False,1,BruteForce,1,BruteForce,0.023134855011610677,0.021074843293851318,0.023789899460664097
1,5,16,False,1,BruteForce,2,DDoS,0.13225428470235362,0.023063197334055565,0.11413064783793983
1,5,16,False,1,BruteForce,3,DoS,0.0195198886041689,0.017841525183533,0.02598788191792846
1,5,16,False,1,BruteForce,4,Mirai,0.01730704723170304,0.08344070165556823,0.021337947957388005
1,5,16,False,1,BruteForce,5,Recon,0.01632673462414984,0.07021393184189192,0.019324769899730213
1,5,16,False,1,BruteForce,6,Spoofing,0.11339094479303481,0.09856818888571907,0.10608009870677451
1,5,16,False,1,BruteForce,7,Web-Based,0.129688225319863,0.03598790947084068,0.10995894323613394
1,5,16,False,2,DDoS,0,Benign,0.1656105110689144,0.1913059441060292,0.17190063737588226
1,5,16,False,2,DDoS,1,BruteForce,0.010368953877817668,0.015306813755140503,0.012485745136121572
1,5,16,False,2,DDoS,2,DDoS,0.709310795401676,0.5995419773217262,0.6927154298774465
1,5,16,False,2,DDoS,3,DoS,0.02133747547981942,0.021034454378406144,0.026481702115630012
1,5,16,False,2,DDoS,4,Mirai,0.008101480292992333,0.05385321374849745,0.011250468661728078
1,5,16,False,2,DDoS,5,Recon,0.0095277535524987,0.05052206595141243,0.01290379435165443
1,5,16,False,2,DDoS,6,Spoofing,0.037364802261740396,0.04531296997615174,0.03531562860153407
1,5,16,False,2,DDoS,7,Web-Based,0.03837822806454112,0.023122560762636243,0.036946593880003126
1,5,16,False,3,DoS,0,Benign,0.0899293604630544,0.16159784057762058,0.15773549101600842
1,5,16,False,3,DoS,1,BruteForce,0.012329035054988892,0.02577531836502258,0.02092157267385083
1,5,16,False,3,DoS,2,DDoS,0.27070768431704845,0.0846335852977764,0.2909235179409309
1,5,16,False,3,DoS,3,DoS,0.5284245172478927,0.4635745981788168,0.3980459878552579
1,5,16,False,3,DoS,4,Mirai,0.008227741637893114,0.08134334385273169,0.012693551659229254
1,5,16,False,3,DoS,5,Recon,0.012587320200820562,0.056560110851059976,0.018384295772757506
1,5,16,False,3,DoS,6,Spoofing,0.05032243058491235,0.09233861828304275,0.059886280778447
1,5,16,False,3,DoS,7,Web-Based,0.027471910493389543,0.03417658459392906,0.0414093023035182
1,5,16,False,4,Mirai,0,Benign,0.4826700515201279,0.6525973986210691,0.5374302360210902
1,5,16,False,4,Mirai,1,BruteForce,0.020832771089106944,0.02081258400166365,0.022790172751614646
1,5,16,False,4,Mirai,2,DDoS,0.2338408463942109,0.029819144897262066,0.1648167554483136
1,5,16,False,4,Mirai,3,DoS,0.04092017248643482,0.019541609293777008,0.04808093830892991
1,5,16,False,4,Mirai,4,Mirai,0.017356826522871335,0.10025559254778105,0.02088884555986211
1,5,16,False,4,Mirai,5,Recon,0.014101475608536961,0.05664883154053897,0.018469433899635155
1,5,16,False,4,Mirai,6,Spoofing,0.10265637906301388,0.08870015611602264,0.10084477772288747
1,5,16,False,4,Mirai,7,Web-Based,0.08762147731569732,0.031624682981885574,0.08667884028766701
1,5,16,False,5,Recon,0,Benign,0.5482124002093027,0.6358194781996405,0.5741962347381742
1,5,16,False,5,Recon,1,BruteForce,0.02330021605892735,0.020717704885310946,0.02352774906641366
1,5,16,False,5,Recon,2,DDoS,0.11907156663266528,0.021665235647994004,0.11912914010594314
1,5,16,False,5,Recon,3,DoS,0.020794463390872375,0.01789211414093808,0.028390415995320762
1,5,16,False,5,Recon,4,Mirai,0.01712052849714603,0.07048142408992883,0.020991949645442858
1,5,16,False,5,Recon,5,Recon,0.029021823939648896,0.10091637283350781,0.021671665781737952
1,5,16,False,5,Recon,6,Spoofing,0.11212581916942709,0.097644939158108,0.10513321384214656
1,5,16,False,5,Recon,7,Web-Based,0.1303531821020102,0.034862731044571854,0.106959630824821
1,5,16,False,6,Spoofing,0,Benign,0.555014340403879,0.654116333453516,0.5709442219171555
1,5,16,False,6,Spoofing,1,BruteForce,0.021147357167623018,0.01825981749785193,0.022841323630876313
1,5,16,False,6,Spoofing,2,DDoS,0.11136585032781222,0.02136229824570209,0.10883642872491782
1,5,16,False,6,Spoofing,3,DoS,0.030372103441778712,0.018392478558345835,0.0464091922934451
1,5,16,False,6,Spoofing,4,Mirai,0.017539940653986525,0.06731632525995287,0.02157891197389288
1,5,16,False,6,Spoofing,5,Recon,0.018919095861996096,0.0778171361014285,0.021727194587471074
1,5,16,False,6,Spoofing,6,Spoofing,0.1343315526550835,0.1125328514325767,0.11108156086535674
1,5,16,False,6,Spoofing,7,Web-Based,0.11130975948784098,0.030202759450626098,0.09658116600688445
1,5,16,False,7,Web-Based,0,Benign,0.5695876269242499,0.6678776050811925,0.578157590112258
1,5,16,False,7,Web-Based,1,BruteForce,0.02180956581116888,0.01878414442898912,0.02283592245858655
1,5,16,False,7,Web-Based,2,DDoS,0.1279733804212325,0.022840119702302056,0.1266577507868994
1,5,16,False,7,Web-Based,3,DoS,0.02313557499066786,0.01770636142702604,0.03046721173882049
1,5,16,False,7,Web-Based,4,Mirai,0.017796786092636723,0.07716641922502339,0.02153938996839475
1,5,16,False,7,Web-Based,5,Recon,0.016725339451939564,0.07064023263679034,0.01950708533884851
1,5,16,False,7,Web-Based,6,Spoofing,0.11330318102221344,0.09391373574709089,0.10363085924660609
1,5,16,False,7,Web-Based,7,Web-Based,0.10966854528589116,0.03107138175158572,0.0972041903495863
1,5,17,True,0,Benign,0,Benign,0.8238020437965402,0.6624269896588939,0.3002703713413593
1,5,17,True,0,Benign,1,BruteForce,0.0114166152283378,0.01842614452386307,0.020536984026593035
1,5,17,True,0,Benign,2,DDoS,0.01790426746280858,0.026316491609114843,0.035732304423301164
1,5,17,True,0,Benign,3,DoS,0.025093925276914123,0.018691649228478966,0.05954573268794661
1,5,17,True,0,Benign,4,Mirai,0.08165474525675133,0.07112618000436756,0.460505579316291
1,5,17,True,0,Benign,5,Recon,0.010600437586093324,0.07446340526574748,0.016187788739951428
1,5,17,True,0,Benign,6,Spoofing,0.011598130215480186,0.0986198658805537,0.022537627045119166
1,5,17,True,0,Benign,7,Web-Based,0.017929835177074485,0.02992927382898051,0.08468361241943834
1,5,17,True,1,BruteForce,0,Benign,0.8225520989025047,0.6498097023345404,0.29619681098993933
1,5,17,True,1,BruteForce,1,BruteForce,0.011559233848499224,0.021074843293851318,0.021312738233048804
1,5,17,True,1,BruteForce,2,DDoS,0.017592263577251303,0.023063197334055565,0.02514850350111855
1,5,17,True,1,BruteForce,3,DoS,0.020802640139135936,0.017841525183533,0.016609824309727038
1,5,17,True,1,BruteForce,4,Mirai,0.0875678364517139,0.08344070165556823,0.4655847374983776
1,5,17,True,1,BruteForce,5,Recon,0.009237222202109152,0.07021393184189192,0.01586589652804396
1,5,17,True,1,BruteForce,6,Spoofing,0.011446121355840484,0.09856818888571907,0.023595497379144976
1,5,17,True,1,BruteForce,7,Web-Based,0.019242583522945323,0.03598790947084068,0.13568599156059988
1,5,17,True,2,DDoS,0,Benign,0.8195536101303307,0.1913059441060292,0.09073318756419739
1,5,17,True,2,DDoS,1,BruteForce,0.012049016654045933,0.015306813755140503,0.013357670112821421
1,5,17,True,2,DDoS,2,DDoS,0.0291584892482987,0.5995419773217262,0.6195920262900917
1,5,17,True,2,DDoS,3,DoS,0.029368426226589875,0.021034454378406144,0.04924396131709777
1,5,17,True,2,DDoS,4,Mirai,0.0656241247404417,0.05385321374849745,0.1551573157548169
1,5,17,True,2,DDoS,5,Recon,0.012677932723917859,0.05052206595141243,0.01337000146018548
1,5,17,True,2,DDoS,6,Spoofing,0.01163365572196586,0.04531296997615174,0.01141181755360754
1,5,17,True,2,DDoS,7,Web-Based,0.019934744554409498,0.023122560762636243,0.04713401994718189
1,5,17,True,3,DoS,0,Benign,0.8008285853753649,0.16159784057762058,0.07668500772763943
1,5,17,True,3,DoS,1,BruteForce,0.013829102891391611,0.02577531836502258,0.02275019418413309
1,5,17,True,3,DoS,2,DDoS,0.022366102457620114,0.0846335852977764,0.1028568237999391
1,5,17,True,3,DoS,3,DoS,0.062400988460254554,0.4635745981788168,0.5682245846299523
1,5,17,True,3,DoS,4,Mirai,0.05530910983093555,0.08134334385273169,0.15220786753055157
1,5,17,True,3,DoS,5,Recon,0.012620508152751042,0.056560110851059976,0.01817202018936955
1,5,17,True,3,DoS,6,Spoofing,0.011978412454183665,0.09233861828304275,0.020824451439434646
1,5,17,True,3,DoS,7,Web-Based,0.02066719037749842,0.03417658459392906,0.038279050498980345
1,5,17,True,4,Mirai,0,Benign,0.8201604309698853,0.6525973986210691,0.2646525788052918
1,5,17,True,4,Mirai,1,BruteForce,0.011469103776802552,0.02081258400166365,0.02102163753169625
1,5,17,True,4,Mirai,2,DDoS,0.018003888038549624,0.029819144897262066,0.025037049801467138
1,5,17,True,4,Mirai,3,DoS,0.023108556536819504,0.019541609293777008,0.024022718085475087
1,5,17,True,4,Mirai,4,Mirai,0.08883861984039898,0.10025559254778105,0.5493718283431185
1,5,17,True,4,Mirai,5,Recon,0.009601228657171952,0.05664883154053897,0.014364445317954569
1,5,17,True,4,Mirai,6,Spoofing,0.011586175696018584,0.08870015611602264,0.02150578801353581
1,5,17,True,4,Mirai,7,Web-Based,0.01723199648435344,0.031624682981885574,0.08002395410146096
1,5,17,True,5,Recon,0,Benign,0.8233848047086381,0.6358194781996405,0.28573028511012044
1,5,17,True,5,Recon,1,BruteForce,0.01158095922865698,0.020717704885310946,0.021767943429345092
1,5,17,True,5,Recon,2,DDoS,0.01773479637767795,0.021665235647994004,0.0252272533309601
1,5,17,True,5,Recon,3,DoS,0.021270983114914772,0.01789211414093808,0.026178558235351066
1,5,17,True,5,Recon,4,Mirai,0.08663382306656187,0.07048142408992883,0.4725907666808037
1,5,17,True,5,Recon,5,Recon,0.009388361792318549,0.10091637283350781,0.01575073117035598
1,5,17,True,5,Recon,6,Spoofing,0.011113435906655995,0.097644939158108,0.023001261576429132
1,5,17,True,5,Recon,7,Web-Based,0.018892835804575694,0.034862731044571854,0.1297532004666346
1,5,17,True,6,Spoofing,0,Benign,0.825195684054542,0.654116333453516,0.31901376245486907
1,5,17,True,6,Spoofing,1,BruteForce,0.01131534894308452,0.01825981749785193,0.020398726749892137
1,5,17,True,6,Spoofing,2,DDoS,0.017049303589601498,0.02136229824570209,0.02277810448839408
1,5,17,True,6,Spoofing,3,DoS,0.02496552808622899,0.018392478558345835,0.03250348055334834
1,5,17,True,6,Spoofing,4,Mirai,0.08029614031169538,0.06731632525995287,0.4596133485915539
1,5,17,True,6,Spoofing,5,Recon,0.01080211774514847,0.0778171361014285,0.016957719158648226
1,5,17,True,6,Spoofing,6,Spoofing,0.011929572260204812,0.1125328514325767,0.024329147948211022
1,5,17,True,6,Spoofing,7,Web-Based,0.018446305009494297,0.030202759450626098,0.10440571005508333
1,5,17,True,7,Web-Based,0,Benign,0.8232294303270796,0.6678776050811925,0.30464135290408595
1,5,17,True,7,Web-Based,1,BruteForce,0.011362631141184808,0.01878414442898912,0.020556668874309805
1,5,17,True,7,Web-Based,2,DDoS,0.017331435483400635,0.022840119702302056,0.024674408877510275
1,5,17,True,7,Web-Based,3,DoS,0.022126546454865045,0.01770636142702604,0.018395096303483953
1,5,17,True,7,Web-Based,4,Mirai,0.08656359993043455,0.07716641922502339,0.48554066180852534
1,5,17,True,7,Web-Based,5,Recon,0.00992489372041638,0.07064023263679034,0.016221690691798064
1,5,17,True,7,Web-Based,6,Spoofing,0.011557568623366082,0.09391373574709089,0.02293519288176514
1,5,17,True,7,Web-Based,7,Web-Based,0.01790389431925289,0.03107138175158572,0.10703492765852148
1,5,18,True,0,Benign,0,Benign,0.7993180533903386,0.6624269896588939,0.07816552302489388
1,5,18,True,0,Benign,1,BruteForce,0.012315389891416407,0.01842614452386307,0.022312607734960615
1,5,18,True,0,Benign,2,DDoS,0.04546579981652157,0.026316491609114843,0.15902967291536615
1,5,18,True,0,Benign,3,DoS,0.014987071274955075,0.018691649228478966,0.05336357699881698
1,5,18,True,0,Benign,4,Mirai,0.051934971899996386,0.07112618000436756,0.29962736971341875
1,5,18,True,0,Benign,5,Recon,0.021324155134847266,0.07446340526574748,0.10321130000009476
1,5,18,True,0,Benign,6,Spoofing,0.028647130083248814,0.0986198658805537,0.1751818633644238
1,5,18,True,0,Benign,7,Web-Based,0.026007428508675885,0.02992927382898051,0.10910808624802514
1,5,18,True,1,BruteForce,0,Benign,0.799578327680915,0.6498097023345404,0.08069905363463348
1,5,18,True,1,BruteForce,1,BruteForce,0.012583898608872974,0.021074843293851318,0.022649520155969622
1,5,18,True,1,BruteForce,2,DDoS,0.04457998468645587,0.023063197334055565,0.13060982660839623
1,5,18,True,1,BruteForce,3,DoS,0.013430967170706505,0.017841525183533,0.014406004017954376
1,5,18,True,1,BruteForce,4,Mirai,0.053197586680303964,0.08344070165556823,0.32147478830044496
1,5,18,True,1,BruteForce,5,Recon,0.018628097618553156,0.07021393184189192,0.10965495677773877
1,5,18,True,1,BruteForce,6,Spoofing,0.029010446586806144,0.09856818888571907,0.160504139521098
1,5,18,True,1,BruteForce,7,Web-Based,0.028990690967386507,0.03598790947084068,0.1600017109837646
1,5,18,True,2,DDoS,0,Benign,0.7796068088006155,0.1913059441060292,0.026178345532138582
1,5,18,True,2,DDoS,1,BruteForce,0.01341678885869616,0.015306813755140503,0.01204676267713422
1,5,18,True,2,DDoS,2,DDoS,0.0671464698359004,0.5995419773217262,0.6822580497680248
1,5,18,True,2,DDoS,3,DoS,0.018226798066425316,0.021034454378406144,0.030783478502006002
1,5,18,True,2,DDoS,4,Mirai,0.047958629630381645,0.05385321374849745,0.09860304857654502
1,5,18,True,2,DDoS,5,Recon,0.022970060798726186,0.05052206595141243,0.05547659203063738
1,5,18,True,2,DDoS,6,Spoofing,0.025310715654516775,0.04531296997615174,0.050555379866146534
1,5,18,True,2,DDoS,7,Web-Based,0.02536372835473801,0.023122560762636243,0.04409834304736735
1,5,18,True,3,DoS,0,Benign,0.7840275682885265,0.16159784057762058,0.03413910141386991
1,5,18,True,3,DoS,1,BruteForce,0.013888661519423308,0.02577531836502258,0.02357858707928807
1,5,18,True,3,DoS,2,DDoS,0.05862536247293066,0.0846335852977764,0.24899332445804662
1,5,18,True,3,DoS,3,DoS,0.033130367309711285,0.4635745981788168,0.42564272320363045
1,5,18,True,3,DoS,4,Mirai,0.04012030664747142,0.08134334385273169,0.09192705326602992
1,5,18,True,3,DoS,5,Recon,0.021684238223368527,0.056560110851059976,0.04434568482483337
1,5,18,True,3,DoS,6,Spoofing,0.023707101125438074,0.09233861828304275,0.08074954739920681
1,5,18,True,3,DoS,7,Web-Based,0.02481639441313026,0.03417658459392906,0.05062397835509497
1,5,18,True,4,Mirai,0,Benign,0.798727617675887,0.6525973986210691,0.0732150217473921
1,5,18,True,4,Mirai,1,BruteForce,0.012378878199046308,0.02081258400166365,0.02384089056912771
1,5,18,True,4,Mirai,2,DDoS,0.04665267537929985,0.029819144897262066,0.14897880340712952
1,5,18,True,4,Mirai,3,DoS,0.014378534878836315,0.019541609293777008,0.040159492388255065
1,5,18,True,4,Mirai,4,Mirai,0.05584607884879179,0.10025559254778105,0.3724356088634283
1,5,18,True,4,Mirai,5,Recon,0.018075475717021203,0.05664883154053897,0.08553177143005426
1,5,18,True,4,Mirai,6,Spoofing,0.028687417699262016,0.08870015611602264,0.16057706487346468
1,5,18,True,4,Mirai,7,Web-Based,0.02525332160185557,0.031624682981885574,0.09526134672114842
1,5,18,True,5,Recon,0,Benign,0.8000101273489468,0.6358194781996405,0.07934843434800953
1,5,18,True,5,Recon,1,BruteForce,0.012520426148813402,0.020717704885310946,0.022830788178971353
1,5,18,True,5,Recon,2,DDoS,0.04497372546264201,0.021665235647994004,0.12724019003965872
1,5,18,True,5,Recon,3,DoS,0.013646228355279549,0.01789211414093808,0.015558006599827536
1,5,18,True,5,Recon,4,Mirai,0.05213905279692693,0.07048142408992883,0.320734832017127
1,5,18,True,5,Recon,5,Recon,0.019606220594248387,0.10091637283350781,0.12160495505688926
1,5,18,True,5,Recon,6,Spoofing,0.02830848838721041,0.097644939158108,0.1546327806457163
1,5,18,True,5,Recon,7,Web-Based,0.0287957309059325,0.034862731044571854,0.15805001311380024
1,5,18,True,6,Spoofing,0,Benign,0.8014555851679637,0.654116333453516,0.08325558624361566
1,5,18,True,6,Spoofing,1,BruteForce,0.01235685830916764,0.01825981749785193,0.022063508154085396
1,5,18,True,6,Spoofing,2,DDoS,0.04193247425087431,0.02136229824570209,0.12021363711151399
1,5,18,True,6,Spoofing,3,DoS,0.014867267328326559,0.018392478558345835,0.041225779157614655
1,5,18,True,6,Spoofing,4,Mirai,0.05004544729576299,0.06731632525995287,0.2960906011595809
1,5,18,True,6,Spoofing,5,Recon,0.022332944933277418,0.0778171361014285,0.10754240328727037
1,5,18,True,6,Spoofing,6,Spoofing,0.029757073395313333,0.1125328514325767,0.2051674652385947
1,5,18,True,6,Spoofing,7,Web-Based,0.027252349319313997,0.030202759450626098,0.12444101964772426
1,5,18,True,7,Web-Based,0,Benign,0.8007926278381678,0.6678776050811925,0.08259078371178087
1,5,18,True,7,Web-Based,1,BruteForce,0.012409813437183463,0.01878414442898912,0.02296523608748348
1,5,18,True,7,Web-Based,2,DDoS,0.043971819077208596,0.022840119702302056,0.13861085499088818
1,5,18,True,7,Web-Based,3,DoS,0.014014709291904683,0.01770636142702604,0.018200194126058538
1,5,18,True,7,Web-Based,4,Mirai,0.05309051590229673,0.07716641922502339,0.33756272533602183
1,5,18,True,7,Web-Based,5,Recon,0.01992014279385054,0.07064023263679034,0.10323565571456338
1,5,18,True,7,Web-Based,6,Spoofing,0.028875846553021983,0.09391373574709089,0.16919224789973258
1,5,18,True,7,Web-Based,7,Web-Based,0.026924525106366275,0.03107138175158572,0.1276423021334712
1,5,19,False,0,Benign,0,Benign,0.09375809472597331,0.6624269896588939,0.07393715366126126
1,5,19,False,0,Benign,1,BruteForce,0.012817546995883163,0.01842614452386307,0.015569158379957619
1,5,19,False,0,Benign,2,DDoS,0.2170337233279599,0.026316491609114843,0.25659437701848037
1,5,19,False,0,Benign,3,DoS,0.049292356797040776,0.018691649228478966,0.08382081023196493
1,5,19,False,0,Benign,4,Mirai,0.020189042689227346,0.07112618000436756,0.022172426488078493
1,5,19,False,0,Benign,5,Recon,0.18416177966614036,0.07446340526574748,0.1663954488592783
1,5,19,False,0,Benign,6,Spoofing,0.4076522219837623,0.0986198658805537,0.3652257523540013
1,5,19,False,0,Benign,7,Web-Based,0.015095233814012912,0.02992927382898051,0.016284873006977858
1,5,19,False,1,BruteForce,0,Benign,0.09597129692802397,0.6498097023345404,0.08217338727289265
1,5,19,False,1,BruteForce,1,BruteForce,0.01382485075006312,0.021074843293851318,0.015853545365964932
1,5,19,False,1,BruteForce,2,DDoS,0.21477674593701113,0.023063197334055565,0.21570083780082042
1,5,19,False,1,BruteForce,3,DoS,0.02397039755332141,0.017841525183533,0.03429890326819847
1,5,19,False,1,BruteForce,4,Mirai,0.021292628189797467,0.08344070165556823,0.024814625781695552
1,5,19,False,1,BruteForce,5,Recon,0.18043162487794376,0.07021393184189192,0.20952444473016552
1,5,19,False,1,BruteForce,6,Spoofing,0.4321878715004656,0.09856818888571907,0.40042761853179865
1,5,19,False,1,BruteForce,7,Web-Based,0.017544584263373512,0.03598790947084068,0.017206637248463757
1,5,19,False,2,DDoS,0,Benign,0.02834204263813426,0.1913059441060292,0.02687617514866152
1,5,19,False,2,DDoS,1,BruteForce,0.006801508168666811,0.015306813755140503,0.009419146135799186
1,5,19,False,2,DDoS,2,DDoS,0.7382362207220501,0.5995419773217262,0.7134097607592723
1,5,19,False,2,DDoS,3,DoS,0.035063350452745265,0.021034454378406144,0.04055215172013352
1,5,19,False,2,DDoS,4,Mirai,0.009007278904981424,0.05385321374849745,0.0115829242024657
1,5,19,False,2,DDoS,5,Recon,0.07824868979335789,0.05052206595141243,0.0825540300823468
1,5,19,False,2,DDoS,6,Spoofing,0.09690376425685462,0.04531296997615174,0.10549996365520116
1,5,19,False,2,DDoS,7,Web-Based,0.007397145063209731,0.023122560762636243,0.010105848296119898
1,5,19,False,3,DoS,0,Benign,0.019685918671931712,0.16159784057762058,0.026613608407645196
1,5,19,False,3,DoS,1,BruteForce,0.0081285442671536,0.02577531836502258,0.013449149427501967
1,5,19,False,3,DoS,2,DDoS,0.21550824329987447,0.0846335852977764,0.20993407906795178
1,5,19,False,3,DoS,3,DoS,0.6576670022481695,0.4635745981788168,0.5798319093923565
1,5,19,False,3,DoS,4,Mirai,0.007155829871603094,0.08134334385273169,0.010307832048127137
1,5,19,False,3,DoS,5,Recon,0.03567106714963946,0.056560110851059976,0.05505382455329522
1,5,19,False,3,DoS,6,Spoofing,0.050239175441786056,0.09233861828304275,0.09554958225176302
1,5,19,False,3,DoS,7,Web-Based,0.005944219049841992,0.03417658459392906,0.009260014851359197
1,5,19,False,4,Mirai,0,Benign,0.08565531829011454,0.6525973986210691,0.07827119905002661
1,5,19,False,4,Mirai,1,BruteForce,0.012926659578340615,0.02081258400166365,0.016551859696061155
1,5,19,False,4,Mirai,2,DDoS,0.34262102431720287,0.029819144897262066,0.2870452608121115
1,5,19,False,4,Mirai,3,DoS,0.04094498170542098,0.019541609293777008,0.07043784388982068
1,5,19,False,4,Mirai,4,Mirai,0.02310955453700238,0.10025559254778105,0.024711835806231514
1,5,19,False,4,Mirai,5,Recon,0.1221571063222502,0.05664883154053897,0.14675846239324863
1,5,19,False,4,Mirai,6,Spoofing,0.3586049435294504,0.08870015611602264,0.35969246209824557
1,5,19,False,4,Mirai,7,Web-Based,0.013980411720218041,0.031624682981885574,0.016531076254254432
1,5,19,False,5,Recon,0,Benign,0.09897441014965903,0.6358194781996405,0.08457902274596431
1,5,19,False,5,Recon,1,BruteForce,0.013464893977112913,0.020717704885310946,0.015772501756835405
1,5,19,False,5,Recon,2,DDoS,0.18995751320880155,0.021665235647994004,0.20915788041493244
1,5,19,False,5,Recon,3,DoS,0.026261810721636816,0.01789211414093808,0.036424379392476246
1,5,19,False,5,Recon,4,Mirai,0.02025260580856964,0.07048142408992883,0.024627189826832756
1,5,19,False,5,Recon,5,Recon,0.25833655601426325,0.10091637283350781,0.2347639226547286
1,5,19,False,5,Recon,6,Spoofing,0.37606023498625774,0.097644939158108,0.3777903234597183
1,5,19,False,5,Recon,7,Web-Based,0.016691975133699077,0.034862731044571854,0.016884779748511956
1,5,19,False,6,Spoofing,0,Benign,0.09347931182625328,0.654116333453516,0.07782108623708166
1,5,19,False,6,Spoofing,1,BruteForce,0.012734338550921213,0.01825981749785193,0.015735830199200083
1,5,19,False,6,Spoofing,2,DDoS,0.17001622919234924,0.02136229824570209,0.20310145546698155
1,5,19,False,6,Spoofing,3,DoS,0.039052681509322555,0.018392478558345835,0.07176223317145954
1,5,19,False,6,Spoofing,4,Mirai,0.020353859018708308,0.06731632525995287,0.02260410208573
1,5,19,False,6,Spoofing,5,Recon,0.2051430231141844,0.0778171361014285,0.18296911894160336
1,5,19,False,6,Spoofing,6,Spoofing,0.44426265176252466,0.1125328514325767,0.40940785113029626
1,5,19,False,6,Spoofing,7,Web-Based,0.014957905025736285,0.030202759450626098,0.016598322767647507
1,5,19,False,7,Web-Based,0,Benign,0.10337636908135643,0.6678776050811925,0.08524865628272739
1,5,19,False,7,Web-Based,1,BruteForce,0.013630683255618411,0.01878414442898912,0.016582052986528026
1,5,19,False,7,Web-Based,2,DDoS,0.2269456008640498,0.022840119702302056,0.24456852477929542
1,5,19,False,7,Web-Based,3,DoS,0.032859704178512514,0.01770636142702604,0.03661987394949591
1,5,19,False,7,Web-Based,4,Mirai,0.022082152593101173,0.07716641922502339,0.0252539498055423
1,5,19,False,7,Web-Based,5,Recon,0.1928174602661881,0.07064023263679034,0.1922585970280649
1,5,19,False,7,Web-Based,6,Spoofing,0.3917180157879123,0.09391373574709089,0.3815690765573948
1,5,19,False,7,Web-Based,7,Web-Based,0.016570013973261258,0.03107138175158572,0.017899268610951286
2,6,0,False,0,Benign,0,Benign,0.32671242052120614,0.6786208376294246,0.2695434779274763
2,6,0,False,0,Benign,1,BruteForce,0.06407618686868825,0.017897384676054062,0.073007406369225
2,6,0,False,0,Benign,2,DDoS,0.006829478154361658,0.023288455056876912,0.010778390064773007
2,6,0,False,0,Benign,3,DoS,0.15469521584533383,0.017012495289877683,0.18204991669475112
2,6,0,False,0,Benign,4,Mirai,0.23515187484407862,0.06852382925212859,0.2753507390958716
2,6,0,False,0,Benign,5,Recon,0.1702511026139308,0.06601659146740661,0.15101139244834436
2,6,0,False,0,Benign,6,Spoofing,0.02076505576726315,0.10152778624795893,0.01813722422140563
2,6,0,False,0,Benign,7,Web-Based,0.021518665385137584,0.02711262038027242,0.02012145317815296
2,6,0,False,1,BruteForce,0,Benign,0.30175719795501255,0.6677242234004486,0.2839332576701928
2,6,0,False,1,BruteForce,1,BruteForce,0.11331455541623474,0.020950487692980458,0.1028368231449146
2,6,0,False,1,BruteForce,2,DDoS,0.007850388350197295,0.020889052802432508,0.008596221758707303
2,6,0,False,1,BruteForce,3,DoS,0.07408411335463568,0.016092249299172887,0.07047986306366458
2,6,0,False,1,BruteForce,4,Mirai,0.28951465767260837,0.08294519609959526,0.3123241807904805
2,6,0,False,1,BruteForce,5,Recon,0.1597282943414193,0.05761750941152677,0.1777805182048553
2,6,0,False,1,BruteForce,6,Spoofing,0.022049007583965344,0.10056568085549601,0.01795847659940625
2,6,0,False,1,BruteForce,7,Web-Based,0.0317017853259268,0.03321560043834763,0.02609065876777864
2,6,0,False,2,DDoS,0,Benign,0.08873297815392137,0.19226729671568676,0.08482875547455743
2,6,0,False,2,DDoS,1,BruteForce,0.029640233342271408,0.01628907673335048,0.03882815535864814
2,6,0,False,2,DDoS,2,DDoS,0.5744452840941441,0.6026092896301378,0.5300357881927316
2,6,0,False,2,DDoS,3,DoS,0.1214957182943543,0.020992628449262876,0.13231050994392587
2,6,0,False,2,DDoS,4,Mirai,0.10272475092767108,0.05207234211274693,0.11009046875300106
2,6,0,False,2,DDoS,5,Recon,0.0631488370501179,0.05238755046623494,0.0750025153134342
2,6,0,False,2,DDoS,6,Spoofing,0.008615761295736987,0.03928248356818992,0.011780942796338192
2,6,0,False,2,DDoS,7,Web-Based,0.011196436841782988,0.02409933232439032,0.017122864167363423
2,6,0,False,3,DoS,0,Benign,0.03259027692350571,0.15950155503242092,0.03897824859356729
2,6,0,False,3,DoS,1,BruteForce,0.012569554509347903,0.02390593416351717,0.01979899216122622
2,6,0,False,3,DoS,2,DDoS,0.018082744485915073,0.0783662205644668,0.019992927785115314
2,6,0,False,3,DoS,3,DoS,0.8728957721991123,0.5207784258119358,0.8196725942875323
2,6,0,False,3,DoS,4,Mirai,0.02849279317213246,0.06350584222580036,0.04394419228293901
2,6,0,False,3,DoS,5,Recon,0.024288772460466273,0.05014034718773618,0.04190483911313008
2,6,0,False,3,DoS,6,Spoofing,0.006432868363552541,0.07510882136211304,0.009296967053168573
2,6,0,False,3,DoS,7,Web-Based,0.004647217885967752,0.02869285365200981,0.006411238723321233
2,6,0,False,4,Mirai,0,Benign,0.2765093451722806,0.6559671351201897,0.26468545248958086
2,6,0,False,4,Mirai,1,BruteForce,0.07277197346951077,0.020950753734939074,0.08104205714317578
2,6,0,False,4,Mirai,2,DDoS,0.008474037007183735,0.02732374149520999,0.009235041321103145
2,6,0,False,4,Mirai,3,DoS,0.09041433259647447,0.018338973168864518,0.1368131858753524
2,6,0,False,4,Mirai,4,Mirai,0.4164832933790041,0.1056338635776967,0.3660098214660486
2,6,0,False,4,Mirai,5,Recon,0.09753409541186565,0.05096384867106679,0.1056291184830733
2,6,0,False,4,Mirai,6,Spoofing,0.019733250607379973,0.09144310606670596,0.017479306056300506
2,6,0,False,4,Mirai,7,Web-Based,0.018079672356300768,0.029378578165327376,0.01910601716536553
2,6,0,False,5,Recon,0,Benign,0.2812172780088585,0.6564396364111246,0.2697354952239179
2,6,0,False,5,Recon,1,BruteForce,0.10246856929041137,0.02019920651200301,0.09816528640543035
2,6,0,False,5,Recon,2,DDoS,0.007173697317760452,0.020286058951728074,0.008290229323074659
2,6,0,False,5,Recon,3,DoS,0.10814022148774505,0.015978410875595695,0.10258295235809174
2,6,0,False,5,Recon,4,Mirai,0.21342649981075265,0.07025519064977669,0.2703366835588477
2,6,0,False,5,Recon,5,Recon,0.23537500783767196,0.08630887477226681,0.20811273486733373
2,6,0,False,5,Recon,6,Spoofing,0.01941008575726982,0.09775951646712283,0.01742386481205669
2,6,0,False,5,Recon,7,Web-Based,0.03278864048953018,0.03277310536038223,0.025352753451247274
2,6,0,False,6,Spoofing,0,Benign,0.306445607876794,0.6648261716878392,0.2782425072126134
2,6,0,False,6,Spoofing,1,BruteForce,0.07927679427459024,0.018107418668070214,0.07880469056473649
2,6,0,False,6,Spoofing,2,DDoS,0.006862150645445737,0.019720416304640647,0.009035142698165011
2,6,0,False,6,Spoofing,3,DoS,0.10420286569839354,0.01689906438961963,0.1504420044070767
2,6,0,False,6,Spoofing,4,Mirai,0.25633111513315504,0.06579446313470068,0.2699775359829951
2,6,0,False,6,Spoofing,5,Recon,0.19451851888855076,0.06863223757271249,0.17289862575564113
2,6,0,False,6,Spoofing,6,Spoofing,0.02610652904185287,0.11715883407124164,0.018449960254190257
2,6,0,False,6,Spoofing,7,Web-Based,0.02625641844121784,0.028861394171175513,0.022149533124581948
2,6,0,False,7,Web-Based,0,Benign,0.3205817300288993,0.6787398261819751,0.2879011973958506
2,6,0,False,7,Web-Based,1,BruteForce,0.07770027789723598,0.018390542715979556,0.08289495648235258
2,6,0,False,7,Web-Based,2,DDoS,0.006887330382800534,0.020668049682491803,0.012804949069375798
2,6,0,False,7,Web-Based,3,DoS,0.08652356655782929,0.01618380593897018,0.10179823313656905
2,6,0,False,7,Web-Based,4,Mirai,0.3088574963178591,0.07695666977944654,0.32507280490717133
2,6,0,False,7,Web-Based,5,Recon,0.15541696205722524,0.059062685751813046,0.15013832223241355
2,6,0,False,7,Web-Based,6,Spoofing,0.020761368008100804,0.10154214395677696,0.017629198824478803
2,6,0,False,7,Web-Based,7,Web-Based,0.02327126875004976,0.02845627599254668,0.021760337951788226
2,6,1,True,0,Benign,0,Benign,0.7471492217897853,0.6786208376294246,0.010186090730206536
2,6,1,True,0,Benign,1,BruteForce,0.006069961894253199,0.017897384676054062,0.008811980586556672
2,6,1,True,0,Benign,2,DDoS,0.022983818933253394,0.023288455056876912,0.0799869670566325
2,6,1,True,0,Benign,3,DoS,0.012729904853383723,0.017012495289877683,0.01373771407455914
2,6,1,True,0,Benign,4,Mirai,0.019324267683884816,0.06852382925212859,0.1006470055178695
2,6,1,True,0,Benign,5,Recon,0.07932416172191276,0.06601659146740661,0.30275933076306
2,6,1,True,0,Benign,6,Spoofing,0.10665715519765791,0.10152778624795893,0.47768374197190844
2,6,1,True,0,Benign,7,Web-Based,0.005761507925868846,0.02711262038027242,0.006187169299207316
2,6,1,True,1,BruteForce,0,Benign,0.7345724537602246,0.6677242234004486,0.009244908484393941
2,6,1,True,1,BruteForce,1,BruteForce,0.0061532649405696945,0.020950487692980458,0.008624218840097496
2,6,1,True,1,BruteForce,2,DDoS,0.01653973635111414,0.020889052802432508,0.04663514271770176
2,6,1,True,1,BruteForce,3,DoS,0.009175979605346312,0.016092249299172887,0.00891527456608392
2,6,1,True,1,BruteForce,4,Mirai,0.01956304884548966,0.08294519609959526,0.10647923554024705
2,6,1,True,1,BruteForce,5,Recon,0.09627166125492091,0.05761750941152677,0.31866185899277083
2,6,1,True,1,BruteForce,6,Spoofing,0.11184552251541513,0.10056568085549601,0.49515451153410917
2,6,1,True,1,BruteForce,7,Web-Based,0.005878332726919545,0.03321560043834763,0.006284849324595851
2,6,1,True,2,DDoS,0,Benign,0.6547736601180522,0.19226729671568676,0.005901462491373086
2,6,1,True,2,DDoS,1,BruteForce,0.008460966023467525,0.01628907673335048,0.006500318288547962
2,6,1,True,2,DDoS,2,DDoS,0.19057534328911982,0.6026092896301378,0.6709756990245247
2,6,1,True,2,DDoS,3,DoS,0.018686625595721835,0.020992628449262876,0.024245637016585383
2,6,1,True,2,DDoS,4,Mirai,0.021660353636040092,0.05207234211274693,0.03823622085610246
2,6,1,True,2,DDoS,5,Recon,0.04922377052789623,0.05238755046623494,0.11454177439027904
2,6,1,True,2,DDoS,6,Spoofing,0.04838902376744079,0.03928248356818992,0.13391432668866093
2,6,1,True,2,DDoS,7,Web-Based,0.008230257042261546,0.02409933232439032,0.005684561243926547
2,6,1,True,3,DoS,0,Benign,0.7276400672144941,0.15950155503242092,0.013705374029007103
2,6,1,True,3,DoS,1,BruteForce,0.008382690199005699,0.02390593416351717,0.01381009737827864
2,6,1,True,3,DoS,2,DDoS,0.06271094219445554,0.0783662205644668,0.1848364489545465
2,6,1,True,3,DoS,3,DoS,0.07087216067438497,0.5207784258119358,0.5116376641944259
2,6,1,True,3,DoS,4,Mirai,0.014241055595669528,0.06350584222580036,0.03701448876741091
2,6,1,True,3,DoS,5,Recon,0.055833335177548064,0.05014034718773618,0.06235320522321921
2,6,1,True,3,DoS,6,Spoofing,0.052599641199761876,0.07510882136211304,0.1693952678771879
2,6,1,True,3,DoS,7,Web-Based,0.007720107744680179,0.02869285365200981,0.007247453575923826
2,6,1,True,4,Mirai,0,Benign,0.7534088971936603,0.6559671351201897,0.011242730300144442
2,6,1,True,4,Mirai,1,BruteForce,0.006089962350189705,0.020950753734939074,0.011774018230763133
2,6,1,True,4,Mirai,2,DDoS,0.0219591447308236,0.02732374149520999,0.0850032837279757
2,6,1,True,4,Mirai,3,DoS,0.011026997555546907,0.018338973168864518,0.02037925949333292
2,6,1,True,4,Mirai,4,Mirai,0.02047616193138029,0.1056338635776967,0.15280035237404035
2,6,1,True,4,Mirai,5,Recon,0.07064719907925264,0.05096384867106679,0.19930016576283074
2,6,1,True,4,Mirai,6,Spoofing,0.11084248999820247,0.09144310606670596,0.5125938969755856
2,6,1,True,4,Mirai,7,Web-Based,0.005549147160944086,0.029378578165327376,0.006906293135327093
2,6,1,True,5,Recon,0,Benign,0.7283363350417722,0.6564396364111246,0.008265339894159923
2,6,1,True,5,Recon,1,BruteForce,0.006231251316908695,0.02019920651200301,0.007653115795120904
2,6,1,True,5,Recon,2,DDoS,0.015386224289629226,0.020286058951728074,0.044129590640207474
2,6,1,True,5,Recon,3,DoS,0.00941688858172533,0.015978410875595695,0.008083133176638255
2,6,1,True,5,Recon,4,Mirai,0.01931811416640944,0.07025519064977669,0.10134706594942654
2,6,1,True,5,Recon,5,Recon,0.10357807414501398,0.08630887477226681,0.4237458747914807
2,6,1,True,5,Recon,6,Spoofing,0.11188474839962075,0.09775951646712283,0.40098471674730424
2,6,1,True,5,Recon,7,Web-Based,0.005848364058920374,0.03277310536038223,0.005791163005661837
2,6,1,True,6,Spoofing,0,Benign,0.7387353945833859,0.6648261716878392,0.009677493708596947
2,6,1,True,6,Spoofing,1,BruteForce,0.006061668678169732,0.018107418668070214,0.008057488040001688
2,6,1,True,6,Spoofing,2,DDoS,0.018229516032588225,0.019720416304640647,0.04244706340857639
2,6,1,True,6,Spoofing,3,DoS,0.011910445240056767,0.01689906438961963,0.010103737300147051
2,6,1,True,6,Spoofing,4,Mirai,0.01860466861445924,0.06579446313470068,0.0984611548783505
2,6,1,True,6,Spoofing,5,Recon,0.08305493730217584,0.06863223757271249,0.3224195255155999
2,6,1,True,6,Spoofing,6,Spoofing,0.11757745257029881,0.11715883407124164,0.5029657545734436
2,6,1,True,6,Spoofing,7,Web-Based,0.0058259169788656045,0.028861394171175513,0.00586778257528397
2,6,1,True,7,Web-Based,0,Benign,0.7417479479848691,0.6787398261819751,0.010100320759845847
2,6,1,True,7,Web-Based,1,BruteForce,0.006051682849211489,0.018390542715979556,0.009472127230265396
2,6,1,True,7,Web-Based,2,DDoS,0.018751898353899742,0.020668049682491803,0.05269576966093534
2,6,1,True,7,Web-Based,3,DoS,0.009989017601413979,0.01618380593897018,0.009366829953333388
2,6,1,True,7,Web-Based,4,Mirai,0.019969813788465685,0.07695666977944654,0.11736541780230506
2,6,1,True,7,Web-Based,5,Recon,0.08392095544118097,0.059062685751813046,0.32700266431556996
2,6,1,True,7,Web-Based,6,Spoofing,0.11386219409781555,0.10154214395677696,0.4676247954505973
2,6,1,True,7,Web-Based,7,Web-Based,0.005706489883143395,0.02845627599254668,0.006372074827147713
2,6,2,False,0,Benign,0,Benign,0.18221226141848934,0.6786208376294246,0.1931568243485471
2,6,2,False,0,Benign,1,BruteForce,0.018725015942474384,0.017897384676054062,0.023481524741603674
2,6,2,False,0,Benign,2,DDoS,0.0174004340644798,0.023288455056876912,0.022796145909677705
2,6,2,False,0,Benign,3,DoS,0.007696791998042618,0.017012495289877683,0.013651480667963121
2,6,2,False,0,Benign,4,Mirai,0.26619100350778346,0.06852382925212859,0.2850278144384692
2,6,2,False,0,Benign,5,Recon,0.462397679447549,0.06601659146740661,0.40908645368191593
2,6,2,False,0,Benign,6,Spoofing,0.026827198016455108,0.10152778624795893,0.029225803668486382
2,6,2,False,0,Benign,7,Web-Based,0.01854961560472635,0.02711262038027242,0.023573952543336968
2,6,2,False,1,BruteForce,0,Benign,0.1711672951710811,0.6677242234004486,0.19062395392771306
2,6,2,False,1,BruteForce,1,BruteForce,0.02578138160845721,0.020950487692980458,0.026694315465545272
2,6,2,False,1,BruteForce,2,DDoS,0.013088867763118189,0.020889052802432508,0.018044250076142222
2,6,2,False,1,BruteForce,3,DoS,0.005986073692780193,0.016092249299172887,0.011264695508394209
2,6,2,False,1,BruteForce,4,Mirai,0.2912847935267312,0.08294519609959526,0.29494844138351395
2,6,2,False,1,BruteForce,5,Recon,0.4441345721748945,0.05761750941152677,0.4049974118016735
2,6,2,False,1,BruteForce,6,Spoofing,0.02279194134839685,0.10056568085549601,0.025660213033891897
2,6,2,False,1,BruteForce,7,Web-Based,0.025765074714540686,0.03321560043834763,0.02776671880312593
2,6,2,False,2,DDoS,0,Benign,0.05274301240669357,0.19226729671568676,0.07748550845078792
2,6,2,False,2,DDoS,1,BruteForce,0.013800196674450196,0.01628907673335048,0.021180867878837575
2,6,2,False,2,DDoS,2,DDoS,0.6267868637413778,0.6026092896301378,0.5188216465810164
2,6,2,False,2,DDoS,3,DoS,0.009709302795240213,0.020992628449262876,0.01547133120812474
2,6,2,False,2,DDoS,4,Mirai,0.1319436710387273,0.05207234211274693,0.14241454842113838
2,6,2,False,2,DDoS,5,Recon,0.14430117399739728,0.05238755046623494,0.18802818601833254
2,6,2,False,2,DDoS,6,Spoofing,0.009789556070789235,0.03928248356818992,0.01760328965393357
2,6,2,False,2,DDoS,7,Web-Based,0.010926223275324371,0.02409933232439032,0.01899462178782902
2,6,2,False,3,DoS,0,Benign,0.03609751416222544,0.15950155503242092,0.10187374935946887
2,6,2,False,3,DoS,1,BruteForce,0.01867729165714106,0.02390593416351717,0.03763440460288163
2,6,2,False,3,DoS,2,DDoS,0.19074158715133993,0.0783662205644668,0.12584268495491974
2,6,2,False,3,DoS,3,DoS,0.46318935682767065,0.5207784258119358,0.20460129623138426
2,6,2,False,3,DoS,4,Mirai,0.14041512145551552,0.06350584222580036,0.20737315290238612
2,6,2,False,3,DoS,5,Recon,0.12196048078788978,0.05014034718773618,0.2672297420068147
2,6,2,False,3,DoS,6,Spoofing,0.0183617887110559,0.07510882136211304,0.030973829979523183
2,6,2,False,3,DoS,7,Web-Based,0.0105568592471618,0.02869285365200981,0.02447113996262161
2,6,2,False,4,Mirai,0,Benign,0.16842902456893072,0.6559671351201897,0.19750324920048695
2,6,2,False,4,Mirai,1,BruteForce,0.022424350888350108,0.020950753734939074,0.025154741911021114
2,6,2,False,4,Mirai,2,DDoS,0.01899538838108744,0.02732374149520999,0.021487077924768304
2,6,2,False,4,Mirai,3,DoS,0.006996828681560699,0.018338973168864518,0.01179027141680889
2,6,2,False,4,Mirai,4,Mirai,0.4761972533378559,0.1056338635776967,0.3669815663729654
2,6,2,False,4,Mirai,5,Recon,0.2657498154008756,0.05096384867106679,0.3286483552254222
2,6,2,False,4,Mirai,6,Spoofing,0.024973859851170423,0.09144310606670596,0.026359132603808923
2,6,2,False,4,Mirai,7,Web-Based,0.01623347889016899,0.029378578165327376,0.022075605344718356
2,6,2,False,5,Recon,0,Benign,0.14509535988795252,0.6564396364111246,0.18481733906996436
2,6,2,False,5,Recon,1,BruteForce,0.024124096531401736,0.02019920651200301,0.026223535553646645
2,6,2,False,5,Recon,2,DDoS,0.012301837804909729,0.020286058951728074,0.01740964947451766
2,6,2,False,5,Recon,3,DoS,0.006797278697283344,0.015978410875595695,0.011626045066314676
2,6,2,False,5,Recon,4,Mirai,0.2379046901441659,0.07025519064977669,0.28103280905252337
2,6,2,False,5,Recon,5,Recon,0.5239426928238284,0.08630887477226681,0.42772612119188935
2,6,2,False,5,Recon,6,Spoofing,0.026246945300719894,0.09775951646712283,0.025326664057965062
2,6,2,False,5,Recon,7,Web-Based,0.023587098809738447,0.03277310536038223,0.025837836533178924
2,6,2,False,6,Spoofing,0,Benign,0.15717504890329945,0.6648261716878392,0.19436096696872585
2,6,2,False,6,Spoofing,1,BruteForce,0.01950847958535893,0.018107418668070214,0.023278131040264598
2,6,2,False,6,Spoofing,2,DDoS,0.01116002314491623,0.019720416304640647,0.017741098045604767
2,6,2,False,6,Spoofing,3,DoS,0.0062089972974933546,0.01689906438961963,0.012648525007504335
2,6,2,False,6,Spoofing,4,Mirai,0.24342684005012732,0.06579446313470068,0.2670821207875175
2,6,2,False,6,Spoofing,5,Recon,0.5151883246341087,0.06863223757271249,0.43052505663098384
2,6,2,False,6,Spoofing,6,Spoofing,0.027095228655148636,0.11715883407124164,0.03004922431937169
2,6,2,False,6,Spoofing,7,Web-Based,0.02023705772954754,0.028861394171175513,0.024314877200027393
2,6,2,False,7,Web-Based,0,Benign,0.16427359710605635,0.6787398261819751,0.1962894387748555
2,6,2,False,7,Web-Based,1,BruteForce,0.021293500152468173,0.018390542715979556,0.024985598368520306
2,6,2,False,7,Web-Based,2,DDoS,0.012739175294850481,0.020668049682491803,0.01880469511973978
2,6,2,False,7,Web-Based,3,DoS,0.0061189879155581954,0.01618380593897018,0.011493724610087918
2,6,2,False,7,Web-Based,4,Mirai,0.3192349160978024,0.07695666977944654,0.3146452233364279
2,6,2,False,7,Web-Based,5,Recon,0.43373686133925965,0.059062685751813046,0.3845096424447793
2,6,2,False,7,Web-Based,6,Spoofing,0.022930889826836717,0.10154214395677696,0.02524278815100173
2,6,2,False,7,Web-Based,7,Web-Based,0.019672072267168047,0.02845627599254668,0.024028889194587375
2,6,3,False,0,Benign,0,Benign,0.1210325094644767,0.6786208376294246,0.10365542845886015
2,6,3,False,0,Benign,1,BruteForce,0.2973546752858627,0.017897384676054062,0.31364233041119
2,6,3,False,0,Benign,2,DDoS,0.12526354078130247,0.023288455056876912,0.13289411350267347
2,6,3,False,0,Benign,3,DoS,0.026509953394738935,0.017012495289877683,0.040096497599244205
2,6,3,False,0,Benign,4,Mirai,0.25368409100342043,0.06852382925212859,0.2613729189824508
2,6,3,False,0,Benign,5,Recon,0.0996429237103723,0.06601659146740661,0.08689860809750052
2,6,3,False,0,Benign,6,Spoofing,0.029505474296360724,0.10152778624795893,0.029032341688400323
2,6,3,False,0,Benign,7,Web-Based,0.04700683206346583,0.02711262038027242,0.03240776125968047
2,6,3,False,1,BruteForce,0,Benign,0.08754253654415901,0.6677242234004486,0.08775969915175771
2,6,3,False,1,BruteForce,1,BruteForce,0.38686447304882043,0.020950487692980458,0.3879287918362911
2,6,3,False,1,BruteForce,2,DDoS,0.09279439930309519,0.020889052802432508,0.08307686873606433
2,6,3,False,1,BruteForce,3,DoS,0.02263488791080388,0.016092249299172887,0.03238223734852856
2,6,3,False,1,BruteForce,4,Mirai,0.2650406623290449,0.08294519609959526,0.2727573923287271
2,6,3,False,1,BruteForce,5,Recon,0.05795592112877628,0.05761750941152677,0.07102259152657818
2,6,3,False,1,BruteForce,6,Spoofing,0.028801892151941472,0.10056568085549601,0.02849853630148117
2,6,3,False,1,BruteForce,7,Web-Based,0.05836522758335879,0.03321560043834763,0.03657388277057195
2,6,3,False,2,DDoS,0,Benign,0.03141526649359559,0.19226729671568676,0.038052256140832116
2,6,3,False,2,DDoS,1,BruteForce,0.09751078252615324,0.01628907673335048,0.11155543201374449
2,6,3,False,2,DDoS,2,DDoS,0.6751565828995992,0.6026092896301378,0.6339289401729801
2,6,3,False,2,DDoS,3,DoS,0.021191260478823856,0.020992628449262876,0.025024617857510645
2,6,3,False,2,DDoS,4,Mirai,0.08725971965094732,0.05207234211274693,0.09674701962557258
2,6,3,False,2,DDoS,5,Recon,0.0578160103906904,0.05238755046623494,0.060603384119144434
2,6,3,False,2,DDoS,6,Spoofing,0.009995556688773116,0.03928248356818992,0.013919040611359026
2,6,3,False,2,DDoS,7,Web-Based,0.019654820871417327,0.02409933232439032,0.020169309458856595
2,6,3,False,3,DoS,0,Benign,0.026490685148419332,0.15950155503242092,0.05169134784625525
2,6,3,False,3,DoS,1,BruteForce,0.09597080315810523,0.02390593416351717,0.17446440899656004
2,6,3,False,3,DoS,2,DDoS,0.2873293552983954,0.0783662205644668,0.26446126794935265
2,6,3,False,3,DoS,3,DoS,0.44122713383123324,0.5207784258119358,0.24373739424368973
2,6,3,False,3,DoS,4,Mirai,0.09466120276190525,0.06350584222580036,0.17188703543288478
2,6,3,False,3,DoS,5,Recon,0.025288132785020706,0.05014034718773618,0.05176005062554211
2,6,3,False,3,DoS,6,Spoofing,0.012985968729078924,0.07510882136211304,0.02072297423657049
2,6,3,False,3,DoS,7,Web-Based,0.01604671828784204,0.02869285365200981,0.021275520669144954
2,6,3,False,4,Mirai,0,Benign,0.08024075123247716,0.6559671351201897,0.08364169677834647
2,6,3,False,4,Mirai,1,BruteForce,0.3157063510890822,0.020950753734939074,0.34454204107461806
2,6,3,False,4,Mirai,2,DDoS,0.12457126631531568,0.02732374149520999,0.10802410304332254
2,6,3,False,4,Mirai,3,DoS,0.023975055890680427,0.018338973168864518,0.03628623651519381
2,6,3,False,4,Mirai,4,Mirai,0.3340709209346478,0.1056338635776967,0.29901039748220415
2,6,3,False,4,Mirai,5,Recon,0.04803205590655965,0.05096384867106679,0.0676934788905486
2,6,3,False,4,Mirai,6,Spoofing,0.028828554047327006,0.09144310606670596,0.02839695355056522
2,6,3,False,4,Mirai,7,Web-Based,0.044575044583910074,0.029378578165327376,0.03240509266520112
2,6,3,False,5,Recon,0,Benign,0.08487935443656654,0.6564396364111246,0.08487527973875741
2,6,3,False,5,Recon,1,BruteForce,0.3765811859024364,0.02019920651200301,0.38693583863055114
2,6,3,False,5,Recon,2,DDoS,0.08841682816285773,0.020286058951728074,0.07605386908149572
2,6,3,False,5,Recon,3,DoS,0.024683568914835006,0.015978410875595695,0.03388258326476488
2,6,3,False,5,Recon,4,Mirai,0.24380012516390737,0.07025519064977669,0.266624031286924
2,6,3,False,5,Recon,5,Recon,0.09579655193462008,0.08630887477226681,0.09026341051925259
2,6,3,False,5,Recon,6,Spoofing,0.02714265236658897,0.09775951646712283,0.026266967665470074
2,6,3,False,5,Recon,7,Web-Based,0.05869973311818798,0.03277310536038223,0.03509801981278423
2,6,3,False,6,Spoofing,0,Benign,0.1181716995742244,0.6648261716878392,0.10961079379192289
2,6,3,False,6,Spoofing,1,BruteForce,0.32698600804205896,0.018107418668070214,0.33452140163577865
2,6,3,False,6,Spoofing,2,DDoS,0.08091141533132014,0.019720416304640647,0.0906754260509376
2,6,3,False,6,Spoofing,3,DoS,0.023678472588399457,0.01689906438961963,0.03826446730635175
2,6,3,False,6,Spoofing,4,Mirai,0.2542159550067492,0.06579446313470068,0.26724093586339676
2,6,3,False,6,Spoofing,5,Recon,0.11195575160589442,0.06863223757271249,0.09517719567603027
2,6,3,False,6,Spoofing,6,Spoofing,0.0318095447426807,0.11715883407124164,0.031129274587726147
2,6,3,False,6,Spoofing,7,Web-Based,0.0522711531086728,0.028861394171175513,0.03338050508785609
2,6,3,False,7,Web-Based,0,Benign,0.10842957103704133,0.6787398261819751,0.10195829002179528
2,6,3,False,7,Web-Based,1,BruteForce,0.32717722664044646,0.018390542715979556,0.3489360624085352
2,6,3,False,7,Web-Based,2,DDoS,0.09374325884562558,0.020668049682491803,0.09654555279946356
2,6,3,False,7,Web-Based,3,DoS,0.02200894622364096,0.01618380593897018,0.03293791713796543
2,6,3,False,7,Web-Based,4,Mirai,0.2701520145327695,0.07695666977944654,0.27190372087218245
2,6,3,False,7,Web-Based,5,Recon,0.09802135624685696,0.059062685751813046,0.08565920363249828
2,6,3,False,7,Web-Based,6,Spoofing,0.029598124904677173,0.10154214395677696,0.02822449452280109
2,6,3,False,7,Web-Based,7,Web-Based,0.05086950156894211,0.02845627599254668,0.03383475860475867
2,6,4,False,0,Benign,0,Benign,0.5639916289034647,0.6786208376294246,0.5177038304156285
2,6,4,False,0,Benign,1,BruteForce,0.019220458863132776,0.017897384676054062,0.020012755595907723
2,6,4,False,0,Benign,2,DDoS,0.014058511458636012,0.023288455056876912,0.01793366016228454
2,6,4,False,0,Benign,3,DoS,0.08026440518198784,0.017012495289877683,0.11535192895060196
2,6,4,False,0,Benign,4,Mirai,0.03715553280549374,0.06852382925212859,0.04411739693800474
2,6,4,False,0,Benign,5,Recon,0.038140833382560795,0.06601659146740661,0.042483218691302345
2,6,4,False,0,Benign,6,Spoofing,0.11684736770627029,0.10152778624795893,0.1304068259606468
2,6,4,False,0,Benign,7,Web-Based,0.13032126169845387,0.02711262038027242,0.11199038328562326
2,6,4,False,1,BruteForce,0,Benign,0.5342037707369686,0.6677242234004486,0.5495432546709869
2,6,4,False,1,BruteForce,1,BruteForce,0.024614068754532054,0.020950487692980458,0.02165859105931664
2,6,4,False,1,BruteForce,2,DDoS,0.01543168725251612,0.020889052802432508,0.017828682684649624
2,6,4,False,1,BruteForce,3,DoS,0.028534279464511574,0.016092249299172887,0.03635635178125444
2,6,4,False,1,BruteForce,4,Mirai,0.044714864341327994,0.08294519609959526,0.04683117034977552
2,6,4,False,1,BruteForce,5,Recon,0.034710838439711296,0.05761750941152677,0.04482766196349518
2,6,4,False,1,BruteForce,6,Spoofing,0.12439952003326493,0.10056568085549601,0.13509577416583657
2,6,4,False,1,BruteForce,7,Web-Based,0.19339097097716754,0.03321560043834763,0.1478585133246852
2,6,4,False,2,DDoS,0,Benign,0.15616725362057118,0.19226729671568676,0.1844103631468208
2,6,4,False,2,DDoS,1,BruteForce,0.011960274204899821,0.01628907673335048,0.01898262559210523
2,6,4,False,2,DDoS,2,DDoS,0.6087864745394279,0.6026092896301378,0.5205270368697392
2,6,4,False,2,DDoS,3,DoS,0.08537158893922911,0.020992628449262876,0.10396134561340926
2,6,4,False,2,DDoS,4,Mirai,0.017776391104861955,0.05207234211274693,0.026753962094986414
2,6,4,False,2,DDoS,5,Recon,0.022415468517293622,0.05238755046623494,0.03161822390434221
2,6,4,False,2,DDoS,6,Spoofing,0.039172643925710314,0.03928248356818992,0.05490353552938421
2,6,4,False,2,DDoS,7,Web-Based,0.0583499051480062,0.02409933232439032,0.05884290724921263
2,6,4,False,3,DoS,0,Benign,0.06535485035412963,0.15950155503242092,0.09351345782694219
2,6,4,False,3,DoS,1,BruteForce,0.008300361845279922,0.02390593416351717,0.016997392263314304
2,6,4,False,3,DoS,2,DDoS,0.02574124650517701,0.0783662205644668,0.025245331134652337
2,6,4,False,3,DoS,3,DoS,0.8242247704845856,0.5207784258119358,0.7356166966541927
2,6,4,False,3,DoS,4,Mirai,0.009309192632867804,0.06350584222580036,0.01619302477329737
2,6,4,False,3,DoS,5,Recon,0.014007546532221896,0.05014034718773618,0.023789949494644646
2,6,4,False,3,DoS,6,Spoofing,0.02976359079480945,0.07510882136211304,0.05650297212537534
2,6,4,False,3,DoS,7,Web-Based,0.023298440850928713,0.02869285365200981,0.032141175727581114
2,6,4,False,4,Mirai,0,Benign,0.5319780897576064,0.6559671351201897,0.5206893661128501
2,6,4,False,4,Mirai,1,BruteForce,0.023515551211887864,0.020950753734939074,0.02156250948491538
2,6,4,False,4,Mirai,2,DDoS,0.015251739863299488,0.02732374149520999,0.0179766618232953
2,6,4,False,4,Mirai,3,DoS,0.07557936632349517,0.018338973168864518,0.10459671151441557
2,6,4,False,4,Mirai,4,Mirai,0.060653072462652946,0.1056338635776967,0.050580328145037164
2,6,4,False,4,Mirai,5,Recon,0.027962481323863517,0.05096384867106679,0.03847202985574258
2,6,4,False,4,Mirai,6,Spoofing,0.13268076347193816,0.09144310606670596,0.13433892473411488
2,6,4,False,4,Mirai,7,Web-Based,0.13237893558525632,0.029378578165327376,0.11178346832962907
2,6,4,False,5,Recon,0,Benign,0.5383485836499186,0.6564396364111246,0.5437600394027363
2,6,4,False,5,Recon,1,BruteForce,0.023516147441285436,0.02019920651200301,0.021492765532408677
2,6,4,False,5,Recon,2,DDoS,0.015293690461985122,0.020286058951728074,0.017652583357376076
2,6,4,False,5,Recon,3,DoS,0.030891832382092487,0.015978410875595695,0.04745859597937408
2,6,4,False,5,Recon,4,Mirai,0.03828963829164118,0.07025519064977669,0.045098754252087016
2,6,4,False,5,Recon,5,Recon,0.05145695958944766,0.08630887477226681,0.052156142547658234
2,6,4,False,5,Recon,6,Spoofing,0.11336824059128253,0.09775951646712283,0.12716849671123942
2,6,4,False,5,Recon,7,Web-Based,0.188834907592347,0.03277310536038223,0.1452126222171203
2,6,4,False,6,Spoofing,0,Benign,0.5549248137856969,0.6648261716878392,0.5434011377035223
2,6,4,False,6,Spoofing,1,BruteForce,0.02025708160291059,0.018107418668070214,0.020362518855757978
2,6,4,False,6,Spoofing,2,DDoS,0.013545053917229,0.019720416304640647,0.01727954712139606
2,6,4,False,6,Spoofing,3,DoS,0.03680168787222721,0.01689906438961963,0.07245160376449086
2,6,4,False,6,Spoofing,4,Mirai,0.03716821167263688,0.06579446313470068,0.0453972295389844
2,6,4,False,6,Spoofing,5,Recon,0.03901764349993275,0.06863223757271249,0.04387503068262231
2,6,4,False,6,Spoofing,6,Spoofing,0.15125009441551387,0.11715883407124164,0.13507063633062197
2,6,4,False,6,Spoofing,7,Web-Based,0.14703541323385277,0.028861394171175513,0.12216229600260421
2,6,4,False,7,Web-Based,0,Benign,0.5713781257272529,0.6787398261819751,0.5641695824205943
2,6,4,False,7,Web-Based,1,BruteForce,0.02161049133735835,0.018390542715979556,0.02097256177134513
2,6,4,False,7,Web-Based,2,DDoS,0.014770766057209388,0.020668049682491803,0.0188801704016472
2,6,4,False,7,Web-Based,3,DoS,0.03148472973426,0.01618380593897018,0.04438591305510618
2,6,4,False,7,Web-Based,4,Mirai,0.040941191524121984,0.07695666977944654,0.04744043216397025
2,6,4,False,7,Web-Based,5,Recon,0.03565076689514896,0.059062685751813046,0.042341671985028514
2,6,4,False,7,Web-Based,6,Spoofing,0.12396067819669977,0.10154214395677696,0.13116663310945315
2,6,4,False,7,Web-Based,7,Web-Based,0.16020325052794876,0.02845627599254668,0.13064303509285538
2,6,5,False,0,Benign,0,Benign,0.4871352911806037,0.6786208376294246,0.40220593450963066
2,6,5,False,0,Benign,1,BruteForce,0.013567861662281204,0.017897384676054062,0.02103857152147979
2,6,5,False,0,Benign,2,DDoS,0.047970215471398736,0.023288455056876912,0.04061830490910044
2,6,5,False,0,Benign,3,DoS,0.013013643069017875,0.017012495289877683,0.022009938603603275
2,6,5,False,0,Benign,4,Mirai,0.024819719301958768,0.06852382925212859,0.03126625917252156
2,6,5,False,0,Benign,5,Recon,0.06292298432323297,0.06601659146740661,0.07220608344950574
2,6,5,False,0,Benign,6,Spoofing,0.3277302116369194,0.10152778624795893,0.3828969373834561
2,6,5,False,0,Benign,7,Web-Based,0.02284007335458739,0.02711262038027242,0.027757970450702364
2,6,5,False,1,BruteForce,0,Benign,0.5044220097052721,0.6677242234004486,0.42905685708193025
2,6,5,False,1,BruteForce,1,BruteForce,0.014870357791569451,0.020950487692980458,0.021558676539520146
2,6,5,False,1,BruteForce,2,DDoS,0.013310980271339925,0.020889052802432508,0.01766640951671411
2,6,5,False,1,BruteForce,3,DoS,0.009898280860239826,0.016092249299172887,0.020968978844544007
2,6,5,False,1,BruteForce,4,Mirai,0.026454714056998053,0.08294519609959526,0.03155842333233177
2,6,5,False,1,BruteForce,5,Recon,0.059719403831474345,0.05761750941152677,0.07636215708923196
2,6,5,False,1,BruteForce,6,Spoofing,0.3447868087839252,0.10056568085549601,0.37208668638201414
2,6,5,False,1,BruteForce,7,Web-Based,0.026537444699181265,0.03321560043834763,0.030741811213713676
2,6,5,False,2,DDoS,0,Benign,0.14899182937435893,0.19226729671568676,0.13903364655999942
2,6,5,False,2,DDoS,1,BruteForce,0.008227271600671692,0.01628907673335048,0.015549456999288376
2,6,5,False,2,DDoS,2,DDoS,0.6572450915410742,0.6026092896301378,0.6035273335389713
2,6,5,False,2,DDoS,3,DoS,0.00902581308176343,0.020992628449262876,0.015202293716484332
2,6,5,False,2,DDoS,4,Mirai,0.011555587803584956,0.05207234211274693,0.017922082298651696
2,6,5,False,2,DDoS,5,Recon,0.043087885271941274,0.05238755046623494,0.04909046060605887
2,6,5,False,2,DDoS,6,Spoofing,0.10926453930714132,0.03928248356818992,0.13984095993223702
2,6,5,False,2,DDoS,7,Web-Based,0.012601982019464289,0.02409933232439032,0.019833766348308975
2,6,5,False,3,DoS,0,Benign,0.08865666068309418,0.15950155503242092,0.1771378606540393
2,6,5,False,3,DoS,1,BruteForce,0.011308962485808233,0.02390593416351717,0.022192060148302464
2,6,5,False,3,DoS,2,DDoS,0.21228378201292475,0.0783662205644668,0.14757139245977752
2,6,5,False,3,DoS,3,DoS,0.4353747622590693,0.5207784258119358,0.193839159142574
2,6,5,False,3,DoS,4,Mirai,0.010620095282818051,0.06350584222580036,0.0205013011768532
2,6,5,False,3,DoS,5,Recon,0.02778592128573236,0.05014034718773618,0.054400707778905044
2,6,5,False,3,DoS,6,Spoofing,0.20043846033711507,0.07510882136211304,0.35955569026902856
2,6,5,False,3,DoS,7,Web-Based,0.013531355653438201,0.02869285365200981,0.02480182837051996
2,6,5,False,4,Mirai,0,Benign,0.4734772837377,0.6559671351201897,0.40791080878104446
2,6,5,False,4,Mirai,1,BruteForce,0.014785238305541668,0.020950753734939074,0.021205339273532357
2,6,5,False,4,Mirai,2,DDoS,0.03579693302319398,0.02732374149520999,0.029801017908906765
2,6,5,False,4,Mirai,3,DoS,0.011126805773772773,0.018338973168864518,0.020934601355838127
2,6,5,False,4,Mirai,4,Mirai,0.029131771646500604,0.1056338635776967,0.032194897366475565
2,6,5,False,4,Mirai,5,Recon,0.04574958002601472,0.05096384867106679,0.06396417723101923
2,6,5,False,4,Mirai,6,Spoofing,0.3670718803576389,0.09144310606670596,0.39746907879743465
2,6,5,False,4,Mirai,7,Web-Based,0.022860507129637497,0.029378578165327376,0.02652007928574893
2,6,5,False,5,Recon,0,Benign,0.506741169655963,0.6564396364111246,0.4292482908677216
2,6,5,False,5,Recon,1,BruteForce,0.014694672056605773,0.02019920651200301,0.021791092174908384
2,6,5,False,5,Recon,2,DDoS,0.01260091298456511,0.020286058951728074,0.017496807203920127
2,6,5,False,5,Recon,3,DoS,0.010051892748816087,0.015978410875595695,0.021242025442751427
2,6,5,False,5,Recon,4,Mirai,0.02542274817872413,0.07025519064977669,0.031083646837736515
2,6,5,False,5,Recon,5,Recon,0.09132137078870783,0.08630887477226681,0.09258055764430936
2,6,5,False,5,Recon,6,Spoofing,0.31212809607328784,0.09775951646712283,0.35566082176020447
2,6,5,False,5,Recon,7,Web-Based,0.027039137513330095,0.03277310536038223,0.03089675806844817
2,6,5,False,6,Spoofing,0,Benign,0.47295841237487335,0.6648261716878392,0.40447750095603274
2,6,5,False,6,Spoofing,1,BruteForce,0.01342638124613875,0.018107418668070214,0.02065305880153374
2,6,5,False,6,Spoofing,2,DDoS,0.013186292844394666,0.019720416304640647,0.019035760135493303
2,6,5,False,6,Spoofing,3,DoS,0.010775592213524322,0.01689906438961963,0.020471612679430515
2,6,5,False,6,Spoofing,4,Mirai,0.023781828511723727,0.06579446313470068,0.030508931855372786
2,6,5,False,6,Spoofing,5,Recon,0.06423808339485479,0.06863223757271249,0.0701164953852932
2,6,5,False,6,Spoofing,6,Spoofing,0.3782326402267524,0.11715883407124164,0.4072008247561573
2,6,5,False,6,Spoofing,7,Web-Based,0.02340076918773799,0.028861394171175513,0.027535815430686495
2,6,5,False,7,Web-Based,0,Benign,0.5212983370728146,0.6787398261819751,0.44349633709586733
2,6,5,False,7,Web-Based,1,BruteForce,0.014208135903165693,0.018390542715979556,0.02171641108782637
2,6,5,False,7,Web-Based,2,DDoS,0.018012142950653415,0.020668049682491803,0.022566626046648587
2,6,5,False,7,Web-Based,3,DoS,0.010303827418644385,0.01618380593897018,0.02037516233284626
2,6,5,False,7,Web-Based,4,Mirai,0.026236618300918238,0.07695666977944654,0.031884403356347214
2,6,5,False,7,Web-Based,5,Recon,0.05860281846522421,0.059062685751813046,0.06879019730964084
2,6,5,False,7,Web-Based,6,Spoofing,0.3262772672323827,0.10154214395677696,0.36173890379685236
2,6,5,False,7,Web-Based,7,Web-Based,0.025060852656196855,0.02845627599254668,0.029431958973971033
2,6,6,False,0,Benign,0,Benign,0.6182048662253778,0.6786208376294246,0.5533220535677777
2,6,6,False,0,Benign,1,BruteForce,0.0673822649364641,0.017897384676054062,0.06898462915298148
2,6,6,False,0,Benign,2,DDoS,0.014759260563216041,0.023288455056876912,0.016236759281946685
2,6,6,False,0,Benign,3,DoS,0.01801031070813249,0.017012495289877683,0.030917905927527717
2,6,6,False,0,Benign,4,Mirai,0.24020044952777728,0.06852382925212859,0.28439518176001205
2,6,6,False,0,Benign,5,Recon,0.013409335515506304,0.06601659146740661,0.01695806317709389
2,6,6,False,0,Benign,6,Spoofing,0.012553402528935166,0.10152778624795893,0.014593666581891563
2,6,6,False,0,Benign,7,Web-Based,0.015480109994590785,0.02711262038027242,0.014591740550768924
2,6,6,False,1,BruteForce,0,Benign,0.5744138473822519,0.6677242234004486,0.54400529882358
2,6,6,False,1,BruteForce,1,BruteForce,0.08636540329671077,0.020950487692980458,0.07990857131163231
2,6,6,False,1,BruteForce,2,DDoS,0.016267199664216133,0.020889052802432508,0.016266151961424412
2,6,6,False,1,BruteForce,3,DoS,0.01360728993134172,0.016092249299172887,0.021643890188641896
2,6,6,False,1,BruteForce,4,Mirai,0.26513726508651286,0.08294519609959526,0.29143996169570435
2,6,6,False,1,BruteForce,5,Recon,0.012033097230127028,0.05761750941152677,0.016803302371100354
2,6,6,False,1,BruteForce,6,Spoofing,0.01295628945735343,0.10056568085549601,0.014395744172331583
2,6,6,False,1,BruteForce,7,Web-Based,0.019219607951486254,0.03321560043834763,0.015537079475585209
2,6,6,False,2,DDoS,0,Benign,0.2632318005238981,0.19226729671568676,0.3669103531475369
2,6,6,False,2,DDoS,1,BruteForce,0.05705911590927177,0.01628907673335048,0.06385259809738451
2,6,6,False,2,DDoS,2,DDoS,0.3884067546220215,0.6026092896301378,0.19803431817143052
2,6,6,False,2,DDoS,3,DoS,0.033554709967152256,0.020992628449262876,0.04152386304983489
2,6,6,False,2,DDoS,4,Mirai,0.2147983267700739,0.05207234211274693,0.27389020300576633
2,6,6,False,2,DDoS,5,Recon,0.017013772938932855,0.05238755046623494,0.021806495604995393
2,6,6,False,2,DDoS,6,Spoofing,0.008985138205152144,0.03928248356818992,0.014683040269177664
2,6,6,False,2,DDoS,7,Web-Based,0.0169503810634976,0.02409933232439032,0.019299128653873846
2,6,6,False,3,DoS,0,Benign,0.15061064766790305,0.15950155503242092,0.2859807207133825
2,6,6,False,3,DoS,1,BruteForce,0.04731541266358177,0.02390593416351717,0.07974435842859702
2,6,6,False,3,DoS,2,DDoS,0.031086057530965532,0.0783662205644668,0.030716426453766214
2,6,6,False,3,DoS,3,DoS,0.591818863858637,0.5207784258119358,0.25965062762879243
2,6,6,False,3,DoS,4,Mirai,0.1450027814302496,0.06350584222580036,0.28656192753974036
2,6,6,False,3,DoS,5,Recon,0.011171047296683721,0.05014034718773618,0.019257743359012473
2,6,6,False,3,DoS,6,Spoofing,0.012447658184943243,0.07510882136211304,0.02173634008807531
2,6,6,False,3,DoS,7,Web-Based,0.010547531367036143,0.02869285365200981,0.016351855788633726
2,6,6,False,4,Mirai,0,Benign,0.49554588114649584,0.6559671351201897,0.5068176393200531
2,6,6,False,4,Mirai,1,BruteForce,0.07963478038828362,0.020950753734939074,0.07718628775546857
2,6,6,False,4,Mirai,2,DDoS,0.016787051019351386,0.02732374149520999,0.016775599890702073
2,6,6,False,4,Mirai,3,DoS,0.015872667565235157,0.018338973168864518,0.02572932358749826
2,6,6,False,4,Mirai,4,Mirai,0.3535918971509511,0.1056338635776967,0.32851279039527786
2,6,6,False,4,Mirai,5,Recon,0.010844385792430697,0.05096384867106679,0.015945339240675878
2,6,6,False,4,Mirai,6,Spoofing,0.012194701830070692,0.09144310606670596,0.014541908948421844
2,6,6,False,4,Mirai,7,Web-Based,0.015528635107181625,0.029378578165327376,0.014491110861902466
2,6,6,False,5,Recon,0,Benign,0.5878425145383646,0.6564396364111246,0.5405821954874683
2,6,6,False,5,Recon,1,BruteForce,0.08706813571923079,0.02019920651200301,0.08139451097409532
2,6,6,False,5,Recon,2,DDoS,0.016255878964017034,0.020286058951728074,0.016296481576927063
2,6,6,False,5,Recon,3,DoS,0.01471882225023535,0.015978410875595695,0.022507649117635895
2,6,6,False,5,Recon,4,Mirai,0.24781142996745945,0.07025519064977669,0.29245870682761
2,6,6,False,5,Recon,5,Recon,0.014269541658964055,0.08630887477226681,0.017181213443863825
2,6,6,False,5,Recon,6,Spoofing,0.012751981182825585,0.09775951646712283,0.014030698384707137
2,6,6,False,5,Recon,7,Web-Based,0.0192816957189031,0.03277310536038223,0.015548544187692432
2,6,6,False,6,Spoofing,0,Benign,0.6103893212483552,0.6648261716878392,0.5663001184610619
2,6,6,False,6,Spoofing,1,BruteForce,0.07117403734922004,0.018107418668070214,0.06862083192680174
2,6,6,False,6,Spoofing,2,DDoS,0.01407204944782775,0.019720416304640647,0.015746564946312814
2,6,6,False,6,Spoofing,3,DoS,0.015635499910092106,0.01689906438961963,0.026705564723010826
2,6,6,False,6,Spoofing,4,Mirai,0.24516434991985708,0.06579446313470068,0.275207956181117
2,6,6,False,6,Spoofing,5,Recon,0.0135043247402155,0.06863223757271249,0.017248043145104478
2,6,6,False,6,Spoofing,6,Spoofing,0.013435322926069217,0.11715883407124164,0.015202957638115607
2,6,6,False,6,Spoofing,7,Web-Based,0.01662509445836315,0.028861394171175513,0.014967962978475633
2,6,6,False,7,Web-Based,0,Benign,0.5910783087255106,0.6787398261819751,0.5530833125561773
2,6,6,False,7,Web-Based,1,BruteForce,0.07468991299009821,0.018390542715979556,0.07304811479536019
2,6,6,False,7,Web-Based,2,DDoS,0.014855578609463193,0.020668049682491803,0.01591351671596977
2,6,6,False,7,Web-Based,3,DoS,0.014401036494177328,0.01618380593897018,0.023354978390403413
2,6,6,False,7,Web-Based,4,Mirai,0.2633340566368183,0.07695666977944654,0.2886024526750806
2,6,6,False,7,Web-Based,5,Recon,0.012478091931390661,0.059062685751813046,0.016811274346654012
2,6,6,False,7,Web-Based,6,Spoofing,0.012747452064503461,0.10154214395677696,0.014167355507495693
2,6,6,False,7,Web-Based,7,Web-Based,0.01641556254803825,0.02845627599254668,0.015018995012859014
2,6,7,True,0,Benign,0,Benign,0.7926876786769383,0.6786208376294246,0.17799036194300333
2,6,7,True,0,Benign,1,BruteForce,0.01281213624447874,0.017897384676054062,0.02187674971394593
2,6,7,True,0,Benign,2,DDoS,0.06140948931123935,0.023288455056876912,0.20918877221220372
2,6,7,True,0,Benign,3,DoS,0.014043066770525353,0.017012495289877683,0.04114902439379042
2,6,7,True,0,Benign,4,Mirai,0.03629312277442731,0.06852382925212859,0.09724482852833909
2,6,7,True,0,Benign,5,Recon,0.02035795180570166,0.06601659146740661,0.08934189131968302
2,6,7,True,0,Benign,6,Spoofing,0.039325149814335734,0.10152778624795893,0.275095812367344
2,6,7,True,0,Benign,7,Web-Based,0.023071404602353553,0.02711262038027242,0.08811255952169059
2,6,7,True,1,BruteForce,0,Benign,0.7887768055052543,0.6677242234004486,0.19794884703247667
2,6,7,True,1,BruteForce,1,BruteForce,0.013573305785968439,0.020950487692980458,0.023402910423112284
2,6,7,True,1,BruteForce,2,DDoS,0.06182782316136397,0.020889052802432508,0.16579686728100976
2,6,7,True,1,BruteForce,3,DoS,0.012863783707117485,0.016092249299172887,0.014982032762471079
2,6,7,True,1,BruteForce,4,Mirai,0.03670557933077796,0.08294519609959526,0.11099502275214887
2,6,7,True,1,BruteForce,5,Recon,0.016771910688054524,0.05761750941152677,0.10014214717299005
2,6,7,True,1,BruteForce,6,Spoofing,0.04277874397912415,0.10056568085549601,0.26173941061019373
2,6,7,True,1,BruteForce,7,Web-Based,0.026702047842338924,0.03321560043834763,0.12499276196559765
2,6,7,True,2,DDoS,0,Benign,0.768296111533201,0.19226729671568676,0.06130843670232397
2,6,7,True,2,DDoS,1,BruteForce,0.01384224124744773,0.01628907673335048,0.012272504593164405
2,6,7,True,2,DDoS,2,DDoS,0.08987834650670935,0.6026092896301378,0.7004594695903055
2,6,7,True,2,DDoS,3,DoS,0.017089847606056325,0.020992628449262876,0.02344782293096984
2,6,7,True,2,DDoS,4,Mirai,0.03692236116525706,0.05207234211274693,0.0378035247023691
2,6,7,True,2,DDoS,5,Recon,0.024345052071596696,0.05238755046623494,0.05123042397734178
2,6,7,True,2,DDoS,6,Spoofing,0.027996775960384874,0.03928248356818992,0.07748226820645948
2,6,7,True,2,DDoS,7,Web-Based,0.021629263909347028,0.02409933232439032,0.03599554929706604
2,6,7,True,3,DoS,0,Benign,0.7712549075825956,0.15950155503242092,0.05912436404983344
2,6,7,True,3,DoS,1,BruteForce,0.013968269439359594,0.02390593416351717,0.01987724292083008
2,6,7,True,3,DoS,2,DDoS,0.08069580090989033,0.0783662205644668,0.27974746942285916
2,6,7,True,3,DoS,3,DoS,0.028615160428889244,0.5207784258119358,0.3982860176001124
2,6,7,True,3,DoS,4,Mirai,0.030487629282771347,0.06350584222580036,0.03559378359501032
2,6,7,True,3,DoS,5,Recon,0.02325129840320417,0.05014034718773618,0.04099630124410015
2,6,7,True,3,DoS,6,Spoofing,0.029442639444517683,0.07510882136211304,0.1281256458776892
2,6,7,True,3,DoS,7,Web-Based,0.022284294508772017,0.02869285365200981,0.038249175289565354
2,6,7,True,4,Mirai,0,Benign,0.7905059254279827,0.6559671351201897,0.18817983163875468
2,6,7,True,4,Mirai,1,BruteForce,0.013094550685415594,0.020950753734939074,0.023487794738531277
2,6,7,True,4,Mirai,2,DDoS,0.0632467651272029,0.02732374149520999,0.2105404355382201
2,6,7,True,4,Mirai,3,DoS,0.013683197854604782,0.018338973168864518,0.033926098429761194
2,6,7,True,4,Mirai,4,Mirai,0.03860901844655721,0.1056338635776967,0.11725573870217634
2,6,7,True,4,Mirai,5,Recon,0.016868493316585652,0.05096384867106679,0.07754839506547791
2,6,7,True,4,Mirai,6,Spoofing,0.04096752519716446,0.09144310606670596,0.2614029317040846
2,6,7,True,4,Mirai,7,Web-Based,0.02302452394448674,0.029378578165327376,0.08765877418299396
2,6,7,True,5,Recon,0,Benign,0.7892648641929935,0.6564396364111246,0.2000017254195583
2,6,7,True,5,Recon,1,BruteForce,0.013475413533571583,0.02019920651200301,0.023705868124519008
2,6,7,True,5,Recon,2,DDoS,0.06211294582028209,0.020286058951728074,0.16496333744467795
2,6,7,True,5,Recon,3,DoS,0.013070245634449989,0.015978410875595695,0.015418307969859076
2,6,7,True,5,Recon,4,Mirai,0.03585897054757332,0.07025519064977669,0.10963311489477491
2,6,7,True,5,Recon,5,Recon,0.017367344658820495,0.08630887477226681,0.11675238353955904
2,6,7,True,5,Recon,6,Spoofing,0.0425772949871825,0.09775951646712283,0.24483656754617894
2,6,7,True,5,Recon,7,Web-Based,0.026272920625126636,0.03277310536038223,0.12468869506087282
2,6,7,True,6,Spoofing,0,Benign,0.7939906582714829,0.6648261716878392,0.1937722794759604
2,6,7,True,6,Spoofing,1,BruteForce,0.013018209451805273,0.018107418668070214,0.02242835226609015
2,6,7,True,6,Spoofing,2,DDoS,0.05773982756614215,0.019720416304640647,0.15804611420041184
2,6,7,True,6,Spoofing,3,DoS,0.013968505284178572,0.01689906438961963,0.031148825804048003
2,6,7,True,6,Spoofing,4,Mirai,0.034661143673214365,0.06579446313470068,0.1001326832849986
2,6,7,True,6,Spoofing,5,Recon,0.02089353341017564,0.06863223757271249,0.09110586929081994
2,6,7,True,6,Spoofing,6,Spoofing,0.041402483152645816,0.11715883407124164,0.30553536478896126
2,6,7,True,6,Spoofing,7,Web-Based,0.02432563919035526,0.028861394171175513,0.0978305108887098
2,6,7,True,7,Web-Based,0,Benign,0.7926101058973621,0.6787398261819751,0.20061626070220598
2,6,7,True,7,Web-Based,1,BruteForce,0.013141728309831206,0.018390542715979556,0.02354598482732804
2,6,7,True,7,Web-Based,2,DDoS,0.06037436955705042,0.020668049682491803,0.17620558467171252
2,6,7,True,7,Web-Based,3,DoS,0.013410155009348087,0.01618380593897018,0.016535773602640844
2,6,7,True,7,Web-Based,4,Mirai,0.03658466021900061,0.07695666977944654,0.11208217686044311
2,6,7,True,7,Web-Based,5,Recon,0.01809877924752325,0.059062685751813046,0.0915469054239257
2,6,7,True,7,Web-Based,6,Spoofing,0.04149648894063641,0.10154214395677696,0.27096461243105235
2,6,7,True,7,Web-Based,7,Web-Based,0.02428371281924795,0.02845627599254668,0.1085027014806915
2,6,8,True,0,Benign,0,Benign,0.7537460002848074,0.6786208376294246,0.015012125580573696
2,6,8,True,0,Benign,1,BruteForce,0.01085030737995281,0.017897384676054062,0.013583283882797656
2,6,8,True,0,Benign,2,DDoS,0.011667339178085863,0.023288455056876912,0.05403850225466629
2,6,8,True,0,Benign,3,DoS,0.012612001781046338,0.017012495289877683,0.04637137098908002
2,6,8,True,0,Benign,4,Mirai,0.03280774008972521,0.06852382925212859,0.023900470780523812
2,6,8,True,0,Benign,5,Recon,0.020383124419011227,0.06601659146740661,0.04399718309899066
2,6,8,True,0,Benign,6,Spoofing,0.1418702563731263,0.10152778624795893,0.7898947728227513
2,6,8,True,0,Benign,7,Web-Based,0.016063230494244834,0.02711262038027242,0.013202290590616356
2,6,8,True,1,BruteForce,0,Benign,0.740206126081143,0.6677242234004486,0.013984800476541343
2,6,8,True,1,BruteForce,1,BruteForce,0.01167252083572442,0.020950487692980458,0.010884808187682527
2,6,8,True,1,BruteForce,2,DDoS,0.01199486795429237,0.020889052802432508,0.024654729550449367
2,6,8,True,1,BruteForce,3,DoS,0.011949812710953963,0.016092249299172887,0.01728556636239547
2,6,8,True,1,BruteForce,4,Mirai,0.03405336225663819,0.08294519609959526,0.024138858706464972
2,6,8,True,1,BruteForce,5,Recon,0.017360670084104232,0.05761750941152677,0.03876761971958701
2,6,8,True,1,BruteForce,6,Spoofing,0.1550766831396094,0.10056568085549601,0.8587316660898501
2,6,8,True,1,BruteForce,7,Web-Based,0.01768595693753429,0.03321560043834763,0.011551950907029152
2,6,8,True,2,DDoS,0,Benign,0.7952417584451921,0.19226729671568676,0.010899026149208716
2,6,8,True,2,DDoS,1,BruteForce,0.011077371165025895,0.01628907673335048,0.012513172752424412
2,6,8,True,2,DDoS,2,DDoS,0.021637231301640386,0.6026092896301378,0.6063147205053784
2,6,8,True,2,DDoS,3,DoS,0.013663724134939355,0.020992628449262876,0.028914547967623713
2,6,8,True,2,DDoS,4,Mirai,0.029917949643909474,0.05207234211274693,0.01612851130447124
2,6,8,True,2,DDoS,5,Recon,0.02283802183393791,0.05238755046623494,0.04662922813799656
2,6,8,True,2,DDoS,6,Spoofing,0.08851551907288657,0.03928248356818992,0.263056379206694
2,6,8,True,2,DDoS,7,Web-Based,0.017108424402468278,0.02409933232439032,0.015544413976203035
2,6,8,True,3,DoS,0,Benign,0.7897989407672636,0.15950155503242092,0.020003983910308325
2,6,8,True,3,DoS,1,BruteForce,0.011181624228479457,0.02390593416351717,0.022406860727097955
2,6,8,True,3,DoS,2,DDoS,0.01335904220944487,0.0783662205644668,0.13360353264894187
2,6,8,True,3,DoS,3,DoS,0.02432265148659294,0.5207784258119358,0.417401482055483
2,6,8,True,3,DoS,4,Mirai,0.024802645726721303,0.06350584222580036,0.01963867126954134
2,6,8,True,3,DoS,5,Recon,0.022966857152658775,0.05014034718773618,0.03558047060135157
2,6,8,True,3,DoS,6,Spoofing,0.0968860591407277,0.07510882136211304,0.3332810755085388
2,6,8,True,3,DoS,7,Web-Based,0.01668217928811127,0.02869285365200981,0.01808392327873717
2,6,8,True,4,Mirai,0,Benign,0.7491065525333876,0.6559671351201897,0.014523434832365126
2,6,8,True,4,Mirai,1,BruteForce,0.011281177879287653,0.020950753734939074,0.013286013515741277
2,6,8,True,4,Mirai,2,DDoS,0.012250397800021138,0.02732374149520999,0.037567689144802116
2,6,8,True,4,Mirai,3,DoS,0.012446322868906368,0.018338973168864518,0.04171931782971395
2,6,8,True,4,Mirai,4,Mirai,0.035337997774047385,0.1056338635776967,0.025720901054699593
2,6,8,True,4,Mirai,5,Recon,0.017179235149403036,0.05096384867106679,0.03131927243426966
2,6,8,True,4,Mirai,6,Spoofing,0.14653245722311567,0.09144310606670596,0.8238329746591988
2,6,8,True,4,Mirai,7,Web-Based,0.015865858771831148,0.029378578165327376,0.012030396529209444
2,6,8,True,5,Recon,0,Benign,0.7423243863719708,0.6564396364111246,0.014276808954101479
2,6,8,True,5,Recon,1,BruteForce,0.011556386517090548,0.02019920651200301,0.011012061550043247
2,6,8,True,5,Recon,2,DDoS,0.01189593182499663,0.020286058951728074,0.02479339580083074
2,6,8,True,5,Recon,3,DoS,0.011951193285374917,0.015978410875595695,0.018921535133082406
2,6,8,True,5,Recon,4,Mirai,0.03320016062986819,0.07025519064977669,0.02395125985481923
2,6,8,True,5,Recon,5,Recon,0.01800410898521804,0.08630887477226681,0.05109435652913009
2,6,8,True,5,Recon,6,Spoofing,0.15374008199348785,0.09775951646712283,0.843917265987947
2,6,8,True,5,Recon,7,Web-Based,0.01732775039199305,0.03277310536038223,0.012033316190045638
2,6,8,True,6,Spoofing,0,Benign,0.745994307451073,0.6648261716878392,0.01451475091290104
2,6,8,True,6,Spoofing,1,BruteForce,0.011031686269927371,0.018107418668070214,0.012436933269371103
2,6,8,True,6,Spoofing,2,DDoS,0.011302557742265252,0.019720416304640647,0.025764582498723522
2,6,8,True,6,Spoofing,3,DoS,0.012667963252912896,0.01689906438961963,0.03633149160460762
2,6,8,True,6,Spoofing,4,Mirai,0.03173258417075228,0.06579446313470068,0.02356491866089236
2,6,8,True,6,Spoofing,5,Recon,0.021100464612273277,0.06863223757271249,0.03869837244947222
2,6,8,True,6,Spoofing,6,Spoofing,0.14949730291964053,0.11715883407124164,0.8372912018582762
2,6,8,True,6,Spoofing,7,Web-Based,0.01667313358115544,0.028861394171175513,0.011397748745755979
2,6,8,True,7,Web-Based,0,Benign,0.7459915293271435,0.6787398261819751,0.014084720087147869
2,6,8,True,7,Web-Based,1,BruteForce,0.01121374197723962,0.018390542715979556,0.011929617482471871
2,6,8,True,7,Web-Based,2,DDoS,0.011806679391669893,0.020668049682491803,0.03443744537240116
2,6,8,True,7,Web-Based,3,DoS,0.0122708727320058,0.01618380593897018,0.01986583874170117
2,6,8,True,7,Web-Based,4,Mirai,0.03363590512608666,0.07695666977944654,0.024269555268988177
2,6,8,True,7,Web-Based,5,Recon,0.01826636248732806,0.059062685751813046,0.03783601648500252
2,6,8,True,7,Web-Based,6,Spoofing,0.15015422980604673,0.10154214395677696,0.8455805147589214
2,6,8,True,7,Web-Based,7,Web-Based,0.01666067915247971,0.02845627599254668,0.011996291803365967
2,6,9,False,0,Benign,0,Benign,0.23243905162984932,0.6786208376294246,0.22027493266218157
2,6,9,False,0,Benign,1,BruteForce,0.005106232241892843,0.017897384676054062,0.007158388790665719
2,6,9,False,0,Benign,2,DDoS,0.006952785593723323,0.023288455056876912,0.010021434087771227
2,6,9,False,0,Benign,3,DoS,0.003625144549898663,0.017012495289877683,0.005121503375723047
2,6,9,False,0,Benign,4,Mirai,0.5477047899484058,0.06852382925212859,0.5309479912755538
2,6,9,False,0,Benign,5,Recon,0.10668947156921044,0.06601659146740661,0.12933863605735318
2,6,9,False,0,Benign,6,Spoofing,0.09313704914828376,0.10152778624795893,0.09118224646429039
2,6,9,False,0,Benign,7,Web-Based,0.004345475318735932,0.02711262038027242,0.005954867286461147
2,6,9,False,1,BruteForce,0,Benign,0.19940431594340166,0.6677242234004486,0.19560910001048665
2,6,9,False,1,BruteForce,1,BruteForce,0.004973635337999672,0.020950487692980458,0.006510673209619323
2,6,9,False,1,BruteForce,2,DDoS,0.004100453955402183,0.020889052802432508,0.006386759347100015
2,6,9,False,1,BruteForce,3,DoS,0.002928854090744894,0.016092249299172887,0.004638020366097675
2,6,9,False,1,BruteForce,4,Mirai,0.6011710367181623,0.08294519609959526,0.5625829354056487
2,6,9,False,1,BruteForce,5,Recon,0.1024246395577976,0.05761750941152677,0.1302007532028732
2,6,9,False,1,BruteForce,6,Spoofing,0.08073396618388702,0.10056568085549601,0.08871675863006295
2,6,9,False,1,BruteForce,7,Web-Based,0.004263098212604658,0.03321560043834763,0.005354999828111578
2,6,9,False,2,DDoS,0,Benign,0.06004950469130941,0.19226729671568676,0.06193325534919987
2,6,9,False,2,DDoS,1,BruteForce,0.007227255345191872,0.01628907673335048,0.012826512543752777
2,6,9,False,2,DDoS,2,DDoS,0.6045359883032002,0.6026092896301378,0.5420618085443238
2,6,9,False,2,DDoS,3,DoS,0.004619345666556695,0.020992628449262876,0.007166806000963308
2,6,9,False,2,DDoS,4,Mirai,0.24040670351808033,0.05207234211274693,0.2590767458982176
2,6,9,False,2,DDoS,5,Recon,0.050386002936509,0.05238755046623494,0.06364564766958493
2,6,9,False,2,DDoS,6,Spoofing,0.026923311625896135,0.03928248356818992,0.04186467937364931
2,6,9,False,2,DDoS,7,Web-Based,0.005851887913256282,0.02409933232439032,0.011424544620308341
2,6,9,False,3,DoS,0,Benign,0.06857803463451591,0.15950155503242092,0.06609204501600774
2,6,9,False,3,DoS,1,BruteForce,0.01524215410533015,0.02390593416351717,0.014071188369125963
2,6,9,False,3,DoS,2,DDoS,0.1161008232761482,0.0783662205644668,0.0908846909305015
2,6,9,False,3,DoS,3,DoS,0.10071860930484924,0.5207784258119358,0.009330757913482085
2,6,9,False,3,DoS,4,Mirai,0.4699766397558711,0.06350584222580036,0.6360774456422916
2,6,9,False,3,DoS,5,Recon,0.03577657624929283,0.05014034718773618,0.049724422867887266
2,6,9,False,3,DoS,6,Spoofing,0.18546283132350133,0.07510882136211304,0.1248976780823852
2,6,9,False,3,DoS,7,Web-Based,0.00814433135049129,0.02869285365200981,0.008921771178318612
2,6,9,False,4,Mirai,0,Benign,0.1358499133481598,0.6559671351201897,0.14241902749575885
2,6,9,False,4,Mirai,1,BruteForce,0.005168087322403868,0.020950753734939074,0.007238306306116324
2,6,9,False,4,Mirai,2,DDoS,0.004832651058312355,0.02732374149520999,0.006958832914329471
2,6,9,False,4,Mirai,3,DoS,0.0030856184418141005,0.018338973168864518,0.004578687409301001
2,6,9,False,4,Mirai,4,Mirai,0.7455481483324915,0.1056338635776967,0.7140882226677944
2,6,9,False,4,Mirai,5,Recon,0.04380816227082577,0.05096384867106679,0.057983451710110684
2,6,9,False,4,Mirai,6,Spoofing,0.05861214241786782,0.09144310606670596,0.06240855521804545
2,6,9,False,4,Mirai,7,Web-Based,0.0030952768081249278,0.029378578165327376,0.004324916278543922
2,6,9,False,5,Recon,0,Benign,0.1811716827515177,0.6564396364111246,0.18754795935055854
2,6,9,False,5,Recon,1,BruteForce,0.004658973740461086,0.02019920651200301,0.006151490230419646
2,6,9,False,5,Recon,2,DDoS,0.004016212499529462,0.020286058951728074,0.006229298587220222
2,6,9,False,5,Recon,3,DoS,0.0027145957891793597,0.015978410875595695,0.004611133813343026
2,6,9,False,5,Recon,4,Mirai,0.5399675426120496,0.07025519064977669,0.5132006567116012
2,6,9,False,5,Recon,5,Recon,0.1822426782994204,0.08630887477226681,0.18949700511591605
2,6,9,False,5,Recon,6,Spoofing,0.08103858533178823,0.09775951646712283,0.08752302564223557
2,6,9,False,5,Recon,7,Web-Based,0.0041897289760541466,0.03277310536038223,0.005239430548705853
2,6,9,False,6,Spoofing,0,Benign,0.20330804278370873,0.6648261716878392,0.205443009544199
2,6,9,False,6,Spoofing,1,BruteForce,0.0049046427062798765,0.018107418668070214,0.0066961046765206
2,6,9,False,6,Spoofing,2,DDoS,0.004258864152073654,0.019720416304640647,0.00673200014664689
2,6,9,False,6,Spoofing,3,DoS,0.0031861267492819447,0.01689906438961963,0.0048283255176033366
2,6,9,False,6,Spoofing,4,Mirai,0.5391639297551463,0.06579446313470068,0.518269037228291
2,6,9,False,6,Spoofing,5,Recon,0.1166035393915395,0.06863223757271249,0.14414039337227424
2,6,9,False,6,Spoofing,6,Spoofing,0.12425861066161013,0.11715883407124164,0.10824015711730466
2,6,9,False,6,Spoofing,7,Web-Based,0.004316243800359959,0.028861394171175513,0.0056509723971603
2,6,9,False,7,Web-Based,0,Benign,0.18179915518703801,0.6787398261819751,0.18706900309494476
2,6,9,False,7,Web-Based,1,BruteForce,0.004828203850737862,0.018390542715979556,0.006575002348028501
2,6,9,False,7,Web-Based,2,DDoS,0.004236046249491981,0.020668049682491803,0.006528943093799414
2,6,9,False,7,Web-Based,3,DoS,0.003079797657830205,0.01618380593897018,0.0044778123355648895
2,6,9,False,7,Web-Based,4,Mirai,0.6241941672783035,0.07695666977944654,0.6018600880832153
2,6,9,False,7,Web-Based,5,Recon,0.08578926702279865,0.059062685751813046,0.11467017219124158
2,6,9,False,7,Web-Based,6,Spoofing,0.0922257958717456,0.10154214395677696,0.07386433235894052
2,6,9,False,7,Web-Based,7,Web-Based,0.003847566882054233,0.02845627599254668,0.004954646494265065
2,6,10,True,0,Benign,0,Benign,0.7256239783511209,0.6786208376294246,0.02419440131396116
2,6,10,True,0,Benign,1,BruteForce,0.016100059756855214,0.017897384676054062,0.02812839628105664
2,6,10,True,0,Benign,2,DDoS,0.02091700549921687,0.023288455056876912,0.07166336211654858
2,6,10,True,0,Benign,3,DoS,0.014091072221166703,0.017012495289877683,0.03127661889303174
2,6,10,True,0,Benign,4,Mirai,0.030259026423945918,0.06852382925212859,0.057878703281944034
2,6,10,True,0,Benign,5,Recon,0.03862907091556516,0.06601659146740661,0.11903014022809146
2,6,10,True,0,Benign,6,Spoofing,0.07476288564366965,0.10152778624795893,0.3285455251867474
2,6,10,True,0,Benign,7,Web-Based,0.07961690118845967,0.02711262038027242,0.339282852698619
2,6,10,True,1,BruteForce,0,Benign,0.6970012623555482,0.6677242234004486,0.02580711986082917
2,6,10,True,1,BruteForce,1,BruteForce,0.018486474582915555,0.020950487692980458,0.02891338815887502
2,6,10,True,1,BruteForce,2,DDoS,0.023399495556970903,0.020889052802432508,0.04230432076647959
2,6,10,True,1,BruteForce,3,DoS,0.013987266890419557,0.016092249299172887,0.019350857597387264
2,6,10,True,1,BruteForce,4,Mirai,0.03105157045815461,0.08294519609959526,0.05981152973791078
2,6,10,True,1,BruteForce,5,Recon,0.03486998441707832,0.05761750941152677,0.11255251642714446
2,6,10,True,1,BruteForce,6,Spoofing,0.0812844981265346,0.10056568085549601,0.28921163186813914
2,6,10,True,1,BruteForce,7,Web-Based,0.09991944761237831,0.03321560043834763,0.42204863558323463
2,6,10,True,2,DDoS,0,Benign,0.7640253206634201,0.19226729671568676,0.01191874950936505
2,6,10,True,2,DDoS,1,BruteForce,0.014550531957098918,0.01628907673335048,0.017480686643925616
2,6,10,True,2,DDoS,2,DDoS,0.030469191894808723,0.6026092896301378,0.6238601570373535
2,6,10,True,2,DDoS,3,DoS,0.014849000116754685,0.020992628449262876,0.016082057547873653
2,6,10,True,2,DDoS,4,Mirai,0.029189430654863756,0.05207234211274693,0.027391841670405398
2,6,10,True,2,DDoS,5,Recon,0.03779131822817794,0.05238755046623494,0.05872959178198046
2,6,10,True,2,DDoS,6,Spoofing,0.04902154677566455,0.03928248356818992,0.11241896906782459
2,6,10,True,2,DDoS,7,Web-Based,0.06010365970921141,0.02409933232439032,0.13211794674127172
2,6,10,True,3,DoS,0,Benign,0.7515507380294899,0.15950155503242092,0.018527460564022213
2,6,10,True,3,DoS,1,BruteForce,0.015613393234481349,0.02390593416351717,0.03510543547762633
2,6,10,True,3,DoS,2,DDoS,0.02252002666518428,0.0783662205644668,0.19537996554427528
2,6,10,True,3,DoS,3,DoS,0.02845844891533178,0.5207784258119358,0.31513788027067596
2,6,10,True,3,DoS,4,Mirai,0.02442879042947593,0.06350584222580036,0.04448504030333819
2,6,10,True,3,DoS,5,Recon,0.03975640360121431,0.05014034718773618,0.07184579693290886
2,6,10,True,3,DoS,6,Spoofing,0.05473894726021832,0.07510882136211304,0.20160401291234772
2,6,10,True,3,DoS,7,Web-Based,0.06293325186460423,0.02869285365200981,0.11791440799480547
2,6,10,True,4,Mirai,0,Benign,0.7222940189853846,0.6559671351201897,0.02454132117417262
2,6,10,True,4,Mirai,1,BruteForce,0.016900235484003663,0.020950753734939074,0.030928409146634115
2,6,10,True,4,Mirai,2,DDoS,0.022222546769234183,0.02732374149520999,0.06517744958234532
2,6,10,True,4,Mirai,3,DoS,0.013804402407400907,0.018338973168864518,0.026945381736966166
2,6,10,True,4,Mirai,4,Mirai,0.032487457391905734,0.1056338635776967,0.06951594165829783
2,6,10,True,4,Mirai,5,Recon,0.03257964238892503,0.05096384867106679,0.10141639327346967
2,6,10,True,4,Mirai,6,Spoofing,0.07844850558750961,0.09144310606670596,0.33746609425952623
2,6,10,True,4,Mirai,7,Web-Based,0.08126319098563628,0.029378578165327376,0.34400900916858806
2,6,10,True,5,Recon,0,Benign,0.6952924147930344,0.6564396364111246,0.025985143243103023
2,6,10,True,5,Recon,1,BruteForce,0.01842789221669475,0.02019920651200301,0.028403556354155614
2,6,10,True,5,Recon,2,DDoS,0.023359787505432595,0.020286058951728074,0.03986090658207348
2,6,10,True,5,Recon,3,DoS,0.01416733821443017,0.015978410875595695,0.019322885470738793
2,6,10,True,5,Recon,4,Mirai,0.030252323514953768,0.07025519064977669,0.05760894564822739
2,6,10,True,5,Recon,5,Recon,0.03697965325034424,0.08630887477226681,0.13356892303175036
2,6,10,True,5,Recon,6,Spoofing,0.08068221773256395,0.09775951646712283,0.27933004710710635
2,6,10,True,5,Recon,7,Web-Based,0.1008383727725463,0.03277310536038223,0.415919592562845
2,6,10,True,6,Spoofing,0,Benign,0.713915213526298,0.6648261716878392,0.024900999484018145
2,6,10,True,6,Spoofing,1,BruteForce,0.016645377055983557,0.018107418668070214,0.027007335921959637
2,6,10,True,6,Spoofing,2,DDoS,0.02088553157740272,0.019720416304640647,0.04043196086041688
2,6,10,True,6,Spoofing,3,DoS,0.014305188251398626,0.01689906438961963,0.024128903835969613
2,6,10,True,6,Spoofing,4,Mirai,0.02935728602767668,0.06579446313470068,0.054439341604995556
2,6,10,True,6,Spoofing,5,Recon,0.040684700423642334,0.06863223757271249,0.12237014079609465
2,6,10,True,6,Spoofing,6,Spoofing,0.07844008385323015,0.11715883407124164,0.3392420202195158
2,6,10,True,6,Spoofing,7,Web-Based,0.08576661928436785,0.028861394171175513,0.3674792972770297
2,6,10,True,7,Web-Based,0,Benign,0.7113649912806916,0.6787398261819751,0.025416234922749713
2,6,10,True,7,Web-Based,1,BruteForce,0.017307526596474422,0.018390542715979556,0.029508277065806696
2,6,10,True,7,Web-Based,2,DDoS,0.022052587227285488,0.020668049682491803,0.04809308501247399
2,6,10,True,7,Web-Based,3,DoS,0.014083217986948731,0.01618380593897018,0.019703370349366752
2,6,10,True,7,Web-Based,4,Mirai,0.030771251001514923,0.07695666977944654,0.061133336727339685
2,6,10,True,7,Web-Based,5,Recon,0.03606867580708195,0.059062685751813046,0.11655808243061823
2,6,10,True,7,Web-Based,6,Spoofing,0.07873948632479172,0.10154214395677696,0.30029712635162814
2,6,10,True,7,Web-Based,7,Web-Based,0.08961226377521103,0.02845627599254668,0.3992904871400168
2,6,11,False,0,Benign,0,Benign,0.48359001354403114,0.6786208376294246,0.49468169906890513
2,6,11,False,0,Benign,1,BruteForce,0.006507220460912191,0.017897384676054062,0.008969054803885644
2,6,11,False,0,Benign,2,DDoS,0.004363974089883499,0.023288455056876912,0.0065124930854304685
2,6,11,False,0,Benign,3,DoS,0.01055489683262772,0.017012495289877683,0.01651623172900435
2,6,11,False,0,Benign,4,Mirai,0.07508238950406977,0.06852382925212859,0.08316159729392886
2,6,11,False,0,Benign,5,Recon,0.12863299517168417,0.06601659146740661,0.12559159089101943
2,6,11,False,0,Benign,6,Spoofing,0.2847695546309466,0.10152778624795893,0.25522407105826334
2,6,11,False,0,Benign,7,Web-Based,0.006498955765845051,0.02711262038027242,0.009343262069562779
2,6,11,False,1,BruteForce,0,Benign,0.46768440953529894,0.6677242234004486,0.4859863201002979
2,6,11,False,1,BruteForce,1,BruteForce,0.006915372763480661,0.020950487692980458,0.008710597347057713
2,6,11,False,1,BruteForce,2,DDoS,0.00391079307664867,0.020889052802432508,0.006068031632809313
2,6,11,False,1,BruteForce,3,DoS,0.005379104482298152,0.016092249299172887,0.008219240589696971
2,6,11,False,1,BruteForce,4,Mirai,0.09405371405149655,0.08294519609959526,0.08757231856634627
2,6,11,False,1,BruteForce,5,Recon,0.12928718857282817,0.05761750941152677,0.13115094741555774
2,6,11,False,1,BruteForce,6,Spoofing,0.2861982920998045,0.10056568085549601,0.26280073700305673
2,6,11,False,1,BruteForce,7,Web-Based,0.006571125418144436,0.03321560043834763,0.009491807345177341
2,6,11,False,2,DDoS,0,Benign,0.15372171515304178,0.19226729671568676,0.3251445252692935
2,6,11,False,2,DDoS,1,BruteForce,0.008438567423550255,0.01628907673335048,0.014075874748430275
2,6,11,False,2,DDoS,2,DDoS,0.5325141872428141,0.6026092896301378,0.21903709839348182
2,6,11,False,2,DDoS,3,DoS,0.016651620423859415,0.020992628449262876,0.028899116641746
2,6,11,False,2,DDoS,4,Mirai,0.06324146092120711,0.05207234211274693,0.0827004723183464
2,6,11,False,2,DDoS,5,Recon,0.07559313654123342,0.05238755046623494,0.10910304899480142
2,6,11,False,2,DDoS,6,Spoofing,0.14229238050243825,0.03928248356818992,0.2070909932893693
2,6,11,False,2,DDoS,7,Web-Based,0.007546931791855812,0.02409933232439032,0.013948870344531246
2,6,11,False,3,DoS,0,Benign,0.06357030748413084,0.15950155503242092,0.1042581125965123
2,6,11,False,3,DoS,1,BruteForce,0.009776702279216915,0.02390593416351717,0.020096583742438414
2,6,11,False,3,DoS,2,DDoS,0.016353754909431067,0.0783662205644668,0.011541322888350391
2,6,11,False,3,DoS,3,DoS,0.5505570219877496,0.5207784258119358,0.4831797465884648
2,6,11,False,3,DoS,4,Mirai,0.03618741693526385,0.06350584222580036,0.061421893746448034
2,6,11,False,3,DoS,5,Recon,0.029407354344250465,0.05014034718773618,0.04220184660571649
2,6,11,False,3,DoS,6,Spoofing,0.2876162674209728,0.07510882136211304,0.26636540024192495
2,6,11,False,3,DoS,7,Web-Based,0.006531174638984582,0.02869285365200981,0.010935093590144539
2,6,11,False,4,Mirai,0,Benign,0.4325302269919194,0.6559671351201897,0.4693887723034425
2,6,11,False,4,Mirai,1,BruteForce,0.007867018059271341,0.020950753734939074,0.010666274111835768
2,6,11,False,4,Mirai,2,DDoS,0.005522292089846451,0.02732374149520999,0.007285439023842553
2,6,11,False,4,Mirai,3,DoS,0.009863356367211877,0.018338973168864518,0.018850743547208327
2,6,11,False,4,Mirai,4,Mirai,0.15496096666508707,0.1056338635776967,0.12006862172654138
2,6,11,False,4,Mirai,5,Recon,0.0873401905617067,0.05096384867106679,0.08270583414874996
2,6,11,False,4,Mirai,6,Spoofing,0.2958489756642496,0.09144310606670596,0.28223546720926523
2,6,11,False,4,Mirai,7,Web-Based,0.006066973600707662,0.029378578165327376,0.008798847929114317
2,6,11,False,5,Recon,0,Benign,0.46754666253824806,0.6564396364111246,0.4665805057336679
2,6,11,False,5,Recon,1,BruteForce,0.006445492587810677,0.02019920651200301,0.00840037108406371
2,6,11,False,5,Recon,2,DDoS,0.003540595629110027,0.020286058951728074,0.0056873208488470986
2,6,11,False,5,Recon,3,DoS,0.0050181238599859785,0.015978410875595695,0.0077768304148356435
2,6,11,False,5,Recon,4,Mirai,0.07356517917973841,0.07025519064977669,0.08297448032878815
2,6,11,False,5,Recon,5,Recon,0.18991992575466,0.08630887477226681,0.18512838668840184
2,6,11,False,5,Recon,6,Spoofing,0.24723038623849034,0.09775951646712283,0.23430641139270103
2,6,11,False,5,Recon,7,Web-Based,0.0067336342119564616,0.03277310536038223,0.00914569350869469
2,6,11,False,6,Spoofing,0,Benign,0.4297788393676789,0.6648261716878392,0.45548172693480227
2,6,11,False,6,Spoofing,1,BruteForce,0.006268070040502873,0.018107418668070214,0.00839529214760301
2,6,11,False,6,Spoofing,2,DDoS,0.0038794299325418456,0.019720416304640647,0.00609576627986407
2,6,11,False,6,Spoofing,3,DoS,0.005715760031409598,0.01689906438961963,0.010323817598873705
2,6,11,False,6,Spoofing,4,Mirai,0.07050227080665813,0.06579446313470068,0.07814004391143099
2,6,11,False,6,Spoofing,5,Recon,0.13152326029723774,0.06863223757271249,0.13281642149606263
2,6,11,False,6,Spoofing,6,Spoofing,0.34592747267759044,0.11715883407124164,0.29955771003870946
2,6,11,False,6,Spoofing,7,Web-Based,0.006404896846380372,0.028861394171175513,0.00918922159265382
2,6,11,False,7,Web-Based,0,Benign,0.4814094052767571,0.6787398261819751,0.5065747209573159
2,6,11,False,7,Web-Based,1,BruteForce,0.006387473637647095,0.018390542715979556,0.008597365119134347
2,6,11,False,7,Web-Based,2,DDoS,0.003982728648610925,0.020668049682491803,0.006165098298963649
2,6,11,False,7,Web-Based,3,DoS,0.005316256173987522,0.01618380593897018,0.009394986332144728
2,6,11,False,7,Web-Based,4,Mirai,0.0905344017874671,0.07695666977944654,0.09251771202481428
2,6,11,False,7,Web-Based,5,Recon,0.12371478168501736,0.059062685751813046,0.12218315970447956
2,6,11,False,7,Web-Based,6,Spoofing,0.28220734655155466,0.10154214395677696,0.24547153024129614
2,6,11,False,7,Web-Based,7,Web-Based,0.006447606238958349,0.02845627599254668,0.00909542732185148
2,6,12,False,0,Benign,0,Benign,0.031697337818216834,0.6786208376294246,0.03173627289785977
2,6,12,False,0,Benign,1,BruteForce,0.015883490147528607,0.017897384676054062,0.0165286180636927
2,6,12,False,0,Benign,2,DDoS,0.015686296835838838,0.023288455056876912,0.016502646029220927
2,6,12,False,0,Benign,3,DoS,0.05298129565846841,0.017012495289877683,0.0870367473955642
2,6,12,False,0,Benign,4,Mirai,0.5007130287748841,0.06852382925212859,0.504942045449222
2,6,12,False,0,Benign,5,Recon,0.1401266900842,0.06601659146740661,0.12175768395756004
2,6,12,False,0,Benign,6,Spoofing,0.19628029694416382,0.10152778624795893,0.17805372939872052
2,6,12,False,0,Benign,7,Web-Based,0.04663156373669944,0.02711262038027242,0.04344225680815978
2,6,12,False,1,BruteForce,0,Benign,0.032741826768422175,0.6677242234004486,0.03107779928183897
2,6,12,False,1,BruteForce,1,BruteForce,0.01861313266661342,0.020950487692980458,0.01729889351226295
2,6,12,False,1,BruteForce,2,DDoS,0.017819777104144688,0.020889052802432508,0.01744771580742801
2,6,12,False,1,BruteForce,3,DoS,0.013715040091404578,0.016092249299172887,0.021633838279563913
2,6,12,False,1,BruteForce,4,Mirai,0.5383981106034974,0.08294519609959526,0.5488477620277777
2,6,12,False,1,BruteForce,5,Recon,0.12768157146442624,0.05761750941152677,0.12673717792377312
2,6,12,False,1,BruteForce,6,Spoofing,0.18787893458915644,0.10056568085549601,0.17759801217076215
2,6,12,False,1,BruteForce,7,Web-Based,0.06315160671233506,0.03321560043834763,0.05935880099659317
2,6,12,False,2,DDoS,0,Benign,0.01680588641709488,0.19226729671568676,0.022231065288382944
2,6,12,False,2,DDoS,1,BruteForce,0.01620779231894977,0.01628907673335048,0.023344007922321042
2,6,12,False,2,DDoS,2,DDoS,0.4718767572897095,0.6026092896301378,0.39052535858574633
2,6,12,False,2,DDoS,3,DoS,0.09825751668139866,0.020992628449262876,0.110203576906135
2,6,12,False,2,DDoS,4,Mirai,0.23568034889252068,0.05207234211274693,0.25150815680096245
2,6,12,False,2,DDoS,5,Recon,0.07560081865222275,0.05238755046623494,0.09050165379397504
2,6,12,False,2,DDoS,6,Spoofing,0.05692507772616782,0.03928248356818992,0.07789049125397604
2,6,12,False,2,DDoS,7,Web-Based,0.028645802021936003,0.02409933232439032,0.03379568944850122
2,6,12,False,3,DoS,0,Benign,0.011830332989665404,0.15950155503242092,0.020485817285976093
2,6,12,False,3,DoS,1,BruteForce,0.00948660848800992,0.02390593416351717,0.01665151718553791
2,6,12,False,3,DoS,2,DDoS,0.014303855600976925,0.0783662205644668,0.018185909124348948
2,6,12,False,3,DoS,3,DoS,0.8035525807445207,0.5207784258119358,0.6896778050003807
2,6,12,False,3,DoS,4,Mirai,0.0723014362153822,0.06350584222580036,0.12369738390354118
2,6,12,False,3,DoS,5,Recon,0.032879088143012165,0.05014034718773618,0.04570082737009043
2,6,12,False,3,DoS,6,Spoofing,0.04257772708832849,0.07510882136211304,0.06724106075606488
2,6,12,False,3,DoS,7,Web-Based,0.013068370730104176,0.02869285365200981,0.01835967937405992
2,6,12,False,4,Mirai,0,Benign,0.027068423281778557,0.6559671351201897,0.029918407080366752
2,6,12,False,4,Mirai,1,BruteForce,0.016243859986840227,0.020950753734939074,0.01706598282692606
2,6,12,False,4,Mirai,2,DDoS,0.016405526466922143,0.02732374149520999,0.01663728250472877
2,6,12,False,4,Mirai,3,DoS,0.01888919055326163,0.018338973168864518,0.04173397047555752
2,6,12,False,4,Mirai,4,Mirai,0.653875782142878,0.1056338635776967,0.605239817871976
2,6,12,False,4,Mirai,5,Recon,0.0916981473434221,0.05096384867106679,0.09140959059613461
2,6,12,False,4,Mirai,6,Spoofing,0.1392108807509414,0.09144310606670596,0.15840976138299426
2,6,12,False,4,Mirai,7,Web-Based,0.03660818947395609,0.029378578165327376,0.03958518726131608
2,6,12,False,5,Recon,0,Benign,0.031959338772695786,0.6564396364111246,0.029621861109237813
2,6,12,False,5,Recon,1,BruteForce,0.01864811428897345,0.02019920651200301,0.017175282169865937
2,6,12,False,5,Recon,2,DDoS,0.01811160689753641,0.020286058951728074,0.01708118649804606
2,6,12,False,5,Recon,3,DoS,0.016423336156429328,0.015978410875595695,0.026726280053793815
2,6,12,False,5,Recon,4,Mirai,0.4963003655790938,0.07025519064977669,0.5324266438102963
2,6,12,False,5,Recon,5,Recon,0.1683545920688069,0.08630887477226681,0.1504646465311618
2,6,12,False,5,Recon,6,Spoofing,0.1816811821590223,0.09775951646712283,0.1656920785788231
2,6,12,False,5,Recon,7,Web-Based,0.06852146407744204,0.03277310536038223,0.060812021248775244
2,6,12,False,6,Spoofing,0,Benign,0.03229262941835907,0.6648261716878392,0.032715217577048726
2,6,12,False,6,Spoofing,1,BruteForce,0.01614505531673648,0.018107418668070214,0.01640021842282711
2,6,12,False,6,Spoofing,2,DDoS,0.016306432792258328,0.019720416304640647,0.016866260790927946
2,6,12,False,6,Spoofing,3,DoS,0.022404112426760662,0.01689906438961963,0.05306923001391153
2,6,12,False,6,Spoofing,4,Mirai,0.47431467981687975,0.06579446313470068,0.4990949452677579
2,6,12,False,6,Spoofing,5,Recon,0.1532148276947687,0.06863223757271249,0.1250189767579518
2,6,12,False,6,Spoofing,6,Spoofing,0.23103332766815154,0.11715883407124164,0.20697735596760036
2,6,12,False,6,Spoofing,7,Web-Based,0.054288934866085464,0.028861394171175513,0.04985779520197467
2,6,12,False,7,Web-Based,0,Benign,0.031201263798621457,0.6787398261819751,0.031005623315597336
2,6,12,False,7,Web-Based,1,BruteForce,0.01632550352815961,0.018390542715979556,0.01636876663959574
2,6,12,False,7,Web-Based,2,DDoS,0.01659292476185928,0.020668049682491803,0.01687666560967591
2,6,12,False,7,Web-Based,3,DoS,0.016893219576473932,0.01618380593897018,0.032783655067641956
2,6,12,False,7,Web-Based,4,Mirai,0.5448560523440487,0.07695666977944654,0.5521443459844294
2,6,12,False,7,Web-Based,5,Recon,0.1467586287846061,0.059062685751813046,0.1294272098868998
2,6,12,False,7,Web-Based,6,Spoofing,0.1724917870845451,0.10154214395677696,0.16888296360719504
2,6,12,False,7,Web-Based,7,Web-Based,0.0548806201216858,0.02845627599254668,0.05251076988896483
2,6,13,False,0,Benign,0,Benign,0.06170334856492426,0.6786208376294246,0.06021732024664312
2,6,13,False,0,Benign,1,BruteForce,0.09972040876712251,0.017897384676054062,0.09139989264571256
2,6,13,False,0,Benign,2,DDoS,0.05460674316542355,0.023288455056876912,0.06174356418797107
2,6,13,False,0,Benign,3,DoS,0.008841560596858802,0.017012495289877683,0.01197304561342974
2,6,13,False,0,Benign,4,Mirai,0.06565588086518802,0.06852382925212859,0.05961668608314425
2,6,13,False,0,Benign,5,Recon,0.3983047167708367,0.06601659146740661,0.4160282132187437
2,6,13,False,0,Benign,6,Spoofing,0.14146999047980272,0.10152778624795893,0.139355064976164
2,6,13,False,0,Benign,7,Web-Based,0.16969735078984352,0.02711262038027242,0.15966621302819156
2,6,13,False,1,BruteForce,0,Benign,0.06617646716778046,0.6677242234004486,0.06822755264647094
2,6,13,False,1,BruteForce,1,BruteForce,0.14156936351400337,0.020950487692980458,0.11987573463055916
2,6,13,False,1,BruteForce,2,DDoS,0.029104703673846235,0.020889052802432508,0.030460241166093714
2,6,13,False,1,BruteForce,3,DoS,0.00981723875853158,0.016092249299172887,0.012653005923996678
2,6,13,False,1,BruteForce,4,Mirai,0.08390204087985796,0.08294519609959526,0.06821062698113127
2,6,13,False,1,BruteForce,5,Recon,0.3394295840446781,0.05761750941152677,0.37080797334063925
2,6,13,False,1,BruteForce,6,Spoofing,0.11872344502746719,0.10056568085549601,0.1270025130190938
2,6,13,False,1,BruteForce,7,Web-Based,0.21127715693383506,0.03321560043834763,0.20276235229201514
2,6,13,False,2,DDoS,0,Benign,0.01969233222056967,0.19226729671568676,0.022803251521217874
2,6,13,False,2,DDoS,1,BruteForce,0.04195093893514971,0.01628907673335048,0.037986902724882206
2,6,13,False,2,DDoS,2,DDoS,0.6602322825732974,0.6026092896301378,0.6384349908124279
2,6,13,False,2,DDoS,3,DoS,0.005324688871936148,0.020992628449262876,0.008902401426990494
2,6,13,False,2,DDoS,4,Mirai,0.03209741386538271,0.05207234211274693,0.02786382527011328
2,6,13,False,2,DDoS,5,Recon,0.1391298508633323,0.05238755046623494,0.14464280239747743
2,6,13,False,2,DDoS,6,Spoofing,0.044062083800663926,0.03928248356818992,0.05534938869240468
2,6,13,False,2,DDoS,7,Web-Based,0.05751040886966817,0.02409933232439032,0.06401643715448604
2,6,13,False,3,DoS,0,Benign,0.016918109371591376,0.15950155503242092,0.02660571770375682
2,6,13,False,3,DoS,1,BruteForce,0.061708225424624556,0.02390593416351717,0.06605289113507826
2,6,13,False,3,DoS,2,DDoS,0.4091035092863741,0.0783662205644668,0.42699375712190657
2,6,13,False,3,DoS,3,DoS,0.15865830133518743,0.5207784258119358,0.03699369127515266
2,6,13,False,3,DoS,4,Mirai,0.0795259458575597,0.06350584222580036,0.07269902527154604
2,6,13,False,3,DoS,5,Recon,0.10589304539220595,0.05014034718773618,0.17703238364058604
2,6,13,False,3,DoS,6,Spoofing,0.10980785581273161,0.07510882136211304,0.12006031090505746
2,6,13,False,3,DoS,7,Web-Based,0.0583850075197252,0.02869285365200981,0.07356222294691613
2,6,13,False,4,Mirai,0,Benign,0.06483084663752967,0.6559671351201897,0.06755458333906479
2,6,13,False,4,Mirai,1,BruteForce,0.1361526130196509,0.020950753734939074,0.11316485127905956
2,6,13,False,4,Mirai,2,DDoS,0.058212535183191076,0.02732374149520999,0.06568757705439755
2,6,13,False,4,Mirai,3,DoS,0.010140195186116559,0.018338973168864518,0.01277088742881881
2,6,13,False,4,Mirai,4,Mirai,0.13131265748236456,0.1056338635776967,0.07980722606324694
2,6,13,False,4,Mirai,5,Recon,0.2864340619161792,0.05096384867106679,0.3322611083833468
2,6,13,False,4,Mirai,6,Spoofing,0.14102795594823922,0.09144310606670596,0.15077972540924725
2,6,13,False,4,Mirai,7,Web-Based,0.17188913462672883,0.029378578165327376,0.17797404104281833
2,6,13,False,5,Recon,0,Benign,0.061412690065280946,0.6564396364111246,0.06399825964041304
2,6,13,False,5,Recon,1,BruteForce,0.1260017581901921,0.02019920651200301,0.11289096848179281
2,6,13,False,5,Recon,2,DDoS,0.025516402675745103,0.020286058951728074,0.027800341690945796
2,6,13,False,5,Recon,3,DoS,0.0093503849779156,0.015978410875595695,0.012384925679576154
2,6,13,False,5,Recon,4,Mirai,0.06754860775665088,0.07025519064977669,0.062421234302634784
2,6,13,False,5,Recon,5,Recon,0.39568683744641964,0.08630887477226681,0.4115133873033791
2,6,13,False,5,Recon,6,Spoofing,0.11388873229590014,0.09775951646712283,0.12030906815303158
2,6,13,False,5,Recon,7,Web-Based,0.20059458659189564,0.03277310536038223,0.18868181474822673
2,6,13,False,6,Spoofing,0,Benign,0.05946007243504539,0.6648261716878392,0.06134039136237188
2,6,13,False,6,Spoofing,1,BruteForce,0.10669098118343479,0.018107418668070214,0.09328387613075517
2,6,13,False,6,Spoofing,2,DDoS,0.024725257342769345,0.019720416304640647,0.027431735585683802
2,6,13,False,6,Spoofing,3,DoS,0.008752384994574196,0.01689906438961963,0.011666331232813777
2,6,13,False,6,Spoofing,4,Mirai,0.06414520445264717,0.06579446313470068,0.0565308778362759
2,6,13,False,6,Spoofing,5,Recon,0.39778717538178315,0.06863223757271249,0.4351622281115992
2,6,13,False,6,Spoofing,6,Spoofing,0.15206915240933302,0.11715883407124164,0.1414793775391553
2,6,13,False,6,Spoofing,7,Web-Based,0.186369771800413,0.028861394171175513,0.17310518220134494
2,6,13,False,7,Web-Based,0,Benign,0.06694128776823109,0.6787398261819751,0.06622176668292754
2,6,13,False,7,Web-Based,1,BruteForce,0.12016838862388084,0.018390542715979556,0.1062723171110605
2,6,13,False,7,Web-Based,2,DDoS,0.02744225103824928,0.020668049682491803,0.034246920241730275
2,6,13,False,7,Web-Based,3,DoS,0.009280754448546044,0.01618380593897018,0.01225080938480458
2,6,13,False,7,Web-Based,4,Mirai,0.08031512143638797,0.07695666977944654,0.06762813179193718
2,6,13,False,7,Web-Based,5,Recon,0.37281380347234516,0.059062685751813046,0.40559586969205536
2,6,13,False,7,Web-Based,6,Spoofing,0.12872113542246544,0.10154214395677696,0.12593682436297501
2,6,13,False,7,Web-Based,7,Web-Based,0.19431725778989417,0.02845627599254668,0.1818473607325095
2,6,14,True,0,Benign,0,Benign,0.817663251896946,0.6786208376294246,0.18035115358371046
2,6,14,True,0,Benign,1,BruteForce,0.01578786344592165,0.017897384676054062,0.08743539696123714
2,6,14,True,0,Benign,2,DDoS,0.022196981601636752,0.023288455056876912,0.15420426070248563
2,6,14,True,0,Benign,3,DoS,0.014598483966028282,0.017012495289877683,0.06777568043178447
2,6,14,True,0,Benign,4,Mirai,0.043039297083361634,0.06852382925212859,0.1443378562634044
2,6,14,True,0,Benign,5,Recon,0.029873617183178814,0.06601659146740661,0.15700617689526467
2,6,14,True,0,Benign,6,Spoofing,0.02546028854054689,0.10152778624795893,0.02424804425766118
2,6,14,True,0,Benign,7,Web-Based,0.03138021628238006,0.02711262038027242,0.18464143090445206
2,6,14,True,1,BruteForce,0,Benign,0.8122994416858047,0.6677242234004486,0.18019377324172536
2,6,14,True,1,BruteForce,1,BruteForce,0.017574642285568015,0.020950487692980458,0.10666831308489151
2,6,14,True,1,BruteForce,2,DDoS,0.02343184088376127,0.020889052802432508,0.1098908449516765
2,6,14,True,1,BruteForce,3,DoS,0.013061974429983228,0.016092249299172887,0.024382636583572835
2,6,14,True,1,BruteForce,4,Mirai,0.04537121710168645,0.08294519609959526,0.16382308201998455
2,6,14,True,1,BruteForce,5,Recon,0.023918149238671898,0.05761750941152677,0.15641694541249407
2,6,14,True,1,BruteForce,6,Spoofing,0.027138934368766836,0.10056568085549601,0.02200485434100745
2,6,14,True,1,BruteForce,7,Web-Based,0.03720380000575765,0.03321560043834763,0.23661955036464774
2,6,14,True,2,DDoS,0,Benign,0.8079620005148828,0.19226729671568676,0.05401936596902673
2,6,14,True,2,DDoS,1,BruteForce,0.01571643306874424,0.01628907673335048,0.038518264157989014
2,6,14,True,2,DDoS,2,DDoS,0.03663282391406164,0.6026092896301378,0.663970394302625
2,6,14,True,2,DDoS,3,DoS,0.01758608908499394,0.020992628449262876,0.037364758439095064
2,6,14,True,2,DDoS,4,Mirai,0.04235865379997118,0.05207234211274693,0.0562582310491621
2,6,14,True,2,DDoS,5,Recon,0.03197162066407593,0.05238755046623494,0.06866000561123375
2,6,14,True,2,DDoS,6,Spoofing,0.02020674841404712,0.03928248356818992,0.012248018300361678
2,6,14,True,2,DDoS,7,Web-Based,0.02756563053922322,0.02409933232439032,0.0689609621705066
2,6,14,True,3,DoS,0,Benign,0.8014210459481352,0.15950155503242092,0.056043116408137215
2,6,14,True,3,DoS,1,BruteForce,0.016687389825767805,0.02390593416351717,0.04479948841595896
2,6,14,True,3,DoS,2,DDoS,0.029521219232529254,0.0783662205644668,0.2296211819489902
2,6,14,True,3,DoS,3,DoS,0.035351258766088085,0.5207784258119358,0.4685993275587585
2,6,14,True,3,DoS,4,Mirai,0.036357556463533273,0.06350584222580036,0.04867453806861749
2,6,14,True,3,DoS,5,Recon,0.030792582911238323,0.05014034718773618,0.06859969867861192
2,6,14,True,3,DoS,6,Spoofing,0.021895967552908863,0.07510882136211304,0.021326604523136984
2,6,14,True,3,DoS,7,Web-Based,0.027972979299799212,0.02869285365200981,0.06233604439778876
2,6,14,True,4,Mirai,0,Benign,0.8170740920570873,0.6559671351201897,0.1782349463214397
2,6,14,True,4,Mirai,1,BruteForce,0.016458484945284766,0.020950753734939074,0.10079580803888191
2,6,14,True,4,Mirai,2,DDoS,0.02342652231331632,0.02732374149520999,0.14652593309772052
2,6,14,True,4,Mirai,3,DoS,0.013858261682727567,0.018338973168864518,0.051301909962960836
2,6,14,True,4,Mirai,4,Mirai,0.048093930537911604,0.1056338635776967,0.18925010703166065
2,6,14,True,4,Mirai,5,Recon,0.023658088439214558,0.05096384867106679,0.13653121238014687
2,6,14,True,4,Mirai,6,Spoofing,0.026243640889221282,0.09144310606670596,0.022863807130739416
2,6,14,True,4,Mirai,7,Web-Based,0.031186979135236683,0.029378578165327376,0.17449627603645002
2,6,14,True,5,Recon,0,Benign,0.8129352610101211,0.6564396364111246,0.1793017335040198
2,6,14,True,5,Recon,1,BruteForce,0.017427508360626617,0.02019920651200301,0.10814944948860344
2,6,14,True,5,Recon,2,DDoS,0.023365126447235162,0.020286058951728074,0.1061837741073292
2,6,14,True,5,Recon,3,DoS,0.013362387544157694,0.015978410875595695,0.03071906648810728
2,6,14,True,5,Recon,4,Mirai,0.04357920163533111,0.07025519064977669,0.15849822901819693
2,6,14,True,5,Recon,5,Recon,0.02539761102357092,0.08630887477226681,0.17017519874411857
2,6,14,True,5,Recon,6,Spoofing,0.026713446445951982,0.09775951646712283,0.021164743958933176
2,6,14,True,5,Recon,7,Web-Based,0.037219457533005366,0.03277310536038223,0.2258078046906917
2,6,14,True,6,Spoofing,0,Benign,0.8149307819294176,0.6648261716878392,0.18547946101181612
2,6,14,True,6,Spoofing,1,BruteForce,0.01618129581813961,0.018107418668070214,0.09028884743858828
2,6,14,True,6,Spoofing,2,DDoS,0.021125311271312498,0.019720416304640647,0.10949590029584595
2,6,14,True,6,Spoofing,3,DoS,0.014593779621622305,0.01689906438961963,0.055750454887365894
2,6,14,True,6,Spoofing,4,Mirai,0.04115425617539686,0.06579446313470068,0.14177956089956134
2,6,14,True,6,Spoofing,5,Recon,0.031822281493939376,0.06863223757271249,0.17548115919195867
2,6,14,True,6,Spoofing,6,Spoofing,0.026634825030923594,0.11715883407124164,0.02489935218345641
2,6,14,True,6,Spoofing,7,Web-Based,0.033557468659248135,0.028861394171175513,0.21682526409140737
2,6,14,True,7,Web-Based,0,Benign,0.8165027669073722,0.6787398261819751,0.19135203858181501
2,6,14,True,7,Web-Based,1,BruteForce,0.01659659886686253,0.018390542715979556,0.10070092552180611
2,6,14,True,7,Web-Based,2,DDoS,0.022173969580266892,0.020668049682491803,0.12376302212896746
2,6,14,True,7,Web-Based,3,DoS,0.013838323716369933,0.01618380593897018,0.030720300145513975
2,6,14,True,7,Web-Based,4,Mirai,0.044312602797134754,0.07695666977944654,0.16739362924234627
2,6,14,True,7,Web-Based,5,Recon,0.026771519609324907,0.059062685751813046,0.15513690527876917
2,6,14,True,7,Web-Based,6,Spoofing,0.026230962958278082,0.10154214395677696,0.023364052500259854
2,6,14,True,7,Web-Based,7,Web-Based,0.03357325556439088,0.02845627599254668,0.20756912660052224
2,6,15,True,0,Benign,0,Benign,0.7557281749838275,0.6786208376294246,0.04804057304261851
2,6,15,True,0,Benign,1,BruteForce,0.013809647059399683,0.017897384676054062,0.020643197571811697
2,6,15,True,0,Benign,2,DDoS,0.01366864174128565,0.023288455056876912,0.5785992667281423
2,6,15,True,0,Benign,3,DoS,0.012736969170875303,0.017012495289877683,0.24370463653036392
2,6,15,True,0,Benign,4,Mirai,0.08245555030747273,0.06852382925212859,0.0255965721431436
2,6,15,True,0,Benign,5,Recon,0.0462508863203558,0.06601659146740661,0.03380657515872149
2,6,15,True,0,Benign,6,Spoofing,0.05335314623158569,0.10152778624795893,0.03562992092581387
2,6,15,True,0,Benign,7,Web-Based,0.02199698418519762,0.02711262038027242,0.01397925789938462
2,6,15,True,1,BruteForce,0,Benign,0.7431979707783418,0.6677242234004486,0.047392199649588074
2,6,15,True,1,BruteForce,1,BruteForce,0.01617808343254734,0.020950487692980458,0.02144480073266191
2,6,15,True,1,BruteForce,2,DDoS,0.014752055672994676,0.020889052802432508,0.6080327670063629
2,6,15,True,1,BruteForce,3,DoS,0.011449194985872588,0.016092249299172887,0.21574213581652105
2,6,15,True,1,BruteForce,4,Mirai,0.09575176920980315,0.08294519609959526,0.025694288499393696
2,6,15,True,1,BruteForce,5,Recon,0.03430850041222635,0.05761750941152677,0.03290241579731521
2,6,15,True,1,BruteForce,6,Spoofing,0.057551778677879924,0.10056568085549601,0.03438195071723076
2,6,15,True,1,BruteForce,7,Web-Based,0.026810646830334208,0.03321560043834763,0.014409441780926537
2,6,15,True,2,DDoS,0,Benign,0.7213111533634832,0.19226729671568676,0.021602963729499824
2,6,15,True,2,DDoS,1,BruteForce,0.015546022492336819,0.01628907673335048,0.014812476872041371
2,6,15,True,2,DDoS,2,DDoS,0.06296388190780312,0.6026092896301378,0.803147311252643
2,6,15,True,2,DDoS,3,DoS,0.017403092594094744,0.020992628449262876,0.08852492154087582
2,6,15,True,2,DDoS,4,Mirai,0.08278251193641799,0.05207234211274693,0.018293392655691722
2,6,15,True,2,DDoS,5,Recon,0.044228361257915454,0.05238755046623494,0.022686151174044544
2,6,15,True,2,DDoS,6,Spoofing,0.034039584762988385,0.03928248356818992,0.01819082351071926
2,6,15,True,2,DDoS,7,Web-Based,0.02172539168496031,0.02409933232439032,0.012741959264484399
2,6,15,True,3,DoS,0,Benign,0.7235182408855984,0.15950155503242092,0.029719845008311273
2,6,15,True,3,DoS,1,BruteForce,0.017142296575481327,0.02390593416351717,0.022903262866255044
2,6,15,True,3,DoS,2,DDoS,0.023828105656082534,0.0783662205644668,0.2429897155854159
2,6,15,True,3,DoS,3,DoS,0.06495998861786709,0.5207784258119358,0.6243819494499407
2,6,15,True,3,DoS,4,Mirai,0.06599206507014081,0.06350584222580036,0.01672875375105059
2,6,15,True,3,DoS,5,Recon,0.0375361505546965,0.05014034718773618,0.026884923909579223
2,6,15,True,3,DoS,6,Spoofing,0.04639698822884194,0.07510882136211304,0.02348012189020257
2,6,15,True,3,DoS,7,Web-Based,0.02062616441129152,0.02869285365200981,0.012911427539244583
2,6,15,True,4,Mirai,0,Benign,0.7359996074229725,0.6559671351201897,0.046473568991918915
2,6,15,True,4,Mirai,1,BruteForce,0.015158440379215913,0.020950753734939074,0.02237650619247533
2,6,15,True,4,Mirai,2,DDoS,0.015478770741111682,0.02732374149520999,0.6015497879211953
2,6,15,True,4,Mirai,3,DoS,0.012288304299289204,0.018338973168864518,0.22487164393566147
2,6,15,True,4,Mirai,4,Mirai,0.11164887410243958,0.1056338635776967,0.02707909284053757
2,6,15,True,4,Mirai,5,Recon,0.03199778740193699,0.05096384867106679,0.02897799073289967
2,6,15,True,4,Mirai,6,Spoofing,0.05625427192008777,0.09144310606670596,0.03509169011183555
2,6,15,True,4,Mirai,7,Web-Based,0.021173943732946312,0.029378578165327376,0.013579719273476148
2,6,15,True,5,Recon,0,Benign,0.7496958391729519,0.6564396364111246,0.050396835746006695
2,6,15,True,5,Recon,1,BruteForce,0.015987467658433476,0.02019920651200301,0.022268749432812755
2,6,15,True,5,Recon,2,DDoS,0.01456085561369394,0.020286058951728074,0.5887153412977978
2,6,15,True,5,Recon,3,DoS,0.012196247873560787,0.015978410875595695,0.22605756793804133
2,6,15,True,5,Recon,4,Mirai,0.08279605152358423,0.07025519064977669,0.026704886678723866
2,6,15,True,5,Recon,5,Recon,0.04269853473081863,0.08630887477226681,0.03573000865705117
2,6,15,True,5,Recon,6,Spoofing,0.05488851969612841,0.09775951646712283,0.03575849593592455
2,6,15,True,5,Recon,7,Web-Based,0.027176483730828736,0.03277310536038223,0.01436811431364185
2,6,15,True,6,Spoofing,0,Benign,0.7491075001729115,0.6648261716878392,0.0489599890805229
2,6,15,True,6,Spoofing,1,BruteForce,0.014150326388293534,0.018107418668070214,0.020216586203615293
2,6,15,True,6,Spoofing,2,DDoS,0.012765619609834841,0.019720416304640647,0.5518907489393873
2,6,15,True,6,Spoofing,3,DoS,0.012392414217439633,0.01689906438961963,0.2677284059119229
2,6,15,True,6,Spoofing,4,Mirai,0.07799336359679271,0.06579446313470068,0.025296712436534852
2,6,15,True,6,Spoofing,5,Recon,0.050589980872641445,0.06863223757271249,0.035516701310327976
2,6,15,True,6,Spoofing,6,Spoofing,0.0590386596372606,0.11715883407124164,0.03667248291958943
2,6,15,True,6,Spoofing,7,Web-Based,0.023962135504825833,0.028861394171175513,0.013718373198099395
2,6,15,True,7,Web-Based,0,Benign,0.7492604121635763,0.6787398261819751,0.050423332485765734
2,6,15,True,7,Web-Based,1,BruteForce,0.014638431274352283,0.018390542715979556,0.021180476142506677
2,6,15,True,7,Web-Based,2,DDoS,0.01389631564428316,0.020668049682491803,0.6415779718739358
2,6,15,True,7,Web-Based,3,DoS,0.01187596953502035,0.01618380593897018,0.17322224784641632
2,6,15,True,7,Web-Based,4,Mirai,0.08998357725634547,0.07695666977944654,0.025972991793442226
2,6,15,True,7,Web-Based,5,Recon,0.04084031266604634,0.059062685751813046,0.03572338704129606
2,6,15,True,7,Web-Based,6,Spoofing,0.05587720584976413,0.10154214395677696,0.03740757557995204
2,6,15,True,7,Web-Based,7,Web-Based,0.02362777561061201,0.02845627599254668,0.014492017236685169
2,6,16,False,0,Benign,0,Benign,0.5582666079516883,0.6786208376294246,0.5341735362157836
2,6,16,False,0,Benign,1,BruteForce,0.019428968846451705,0.017897384676054062,0.021735902971110298
2,6,16,False,0,Benign,2,DDoS,0.15690431460561466,0.023288455056876912,0.16338225903613451
2,6,16,False,0,Benign,3,DoS,0.0350812932090984,0.017012495289877683,0.052182661202950155
2,6,16,False,0,Benign,4,Mirai,0.01682841418303073,0.06852382925212859,0.02083648771150476
2,6,16,False,0,Benign,5,Recon,0.01881520833179952,0.06601659146740661,0.020422976477387507
2,6,16,False,0,Benign,6,Spoofing,0.09667451007859837,0.10152778624795893,0.10146804261580702
2,6,16,False,0,Benign,7,Web-Based,0.09800068279371844,0.02711262038027242,0.08579813376932213
2,6,16,False,1,BruteForce,0,Benign,0.5415474431752598,0.6677242234004486,0.5793898109834409
2,6,16,False,1,BruteForce,1,BruteForce,0.023916783763058464,0.020950487692980458,0.023789899460664097
2,6,16,False,1,BruteForce,2,DDoS,0.1405979689509001,0.020889052802432508,0.11413064783793983
2,6,16,False,1,BruteForce,3,DoS,0.02010950828404829,0.016092249299172887,0.02598788191792846
2,6,16,False,1,BruteForce,4,Mirai,0.017932036270973513,0.08294519609959526,0.021337947957388005
2,6,16,False,1,BruteForce,5,Recon,0.015759126740533258,0.05761750941152677,0.019324769899730213
2,6,16,False,1,BruteForce,6,Spoofing,0.1004467536361958,0.10056568085549601,0.10608009870677451
2,6,16,False,1,BruteForce,7,Web-Based,0.13969037917903065,0.03321560043834763,0.10995894323613394
2,6,16,False,2,DDoS,0,Benign,0.16429168233361768,0.19226729671568676,0.17190063737588226
2,6,16,False,2,DDoS,1,BruteForce,0.009796543391149817,0.01628907673335048,0.012485745136121572
2,6,16,False,2,DDoS,2,DDoS,0.7138003655498343,0.6026092896301378,0.6927154298774465
2,6,16,False,2,DDoS,3,DoS,0.022735055397211296,0.020992628449262876,0.026481702115630012
2,6,16,False,2,DDoS,4,Mirai,0.007759360249737934,0.05207234211274693,0.011250468661728078
2,6,16,False,2,DDoS,5,Recon,0.00891956857056904,0.05238755046623494,0.01290379435165443
2,6,16,False,2,DDoS,6,Spoofing,0.03143396742677921,0.03928248356818992,0.03531562860153407
2,6,16,False,2,DDoS,7,Web-Based,0.04126345708110061,0.02409933232439032,0.036946593880003126
2,6,16,False,3,DoS,0,Benign,0.09328097860416175,0.15950155503242092,0.15773549101600842
2,6,16,False,3,DoS,1,BruteForce,0.01166589581483034,0.02390593416351717,0.02092157267385083
2,6,16,False,3,DoS,2,DDoS,0.2778561191278571,0.0783662205644668,0.2909235179409309
2,6,16,False,3,DoS,3,DoS,0.5246275642654245,0.5207784258119358,0.3980459878552579
2,6,16,False,3,DoS,4,Mirai,0.007281831037733337,0.06350584222580036,0.012693551659229254
2,6,16,False,3,DoS,5,Recon,0.012451656997268037,0.05014034718773618,0.018384295772757506
2,6,16,False,3,DoS,6,Spoofing,0.043096181517098174,0.07510882136211304,0.059886280778447
2,6,16,False,3,DoS,7,Web-Based,0.029739772635626906,0.02869285365200981,0.0414093023035182
2,6,16,False,4,Mirai,0,Benign,0.4876586979304505,0.6559671351201897,0.5374302360210902
2,6,16,False,4,Mirai,1,BruteForce,0.02088526029718077,0.020950753734939074,0.022790172751614646
2,6,16,False,4,Mirai,2,DDoS,0.2257092100308874,0.02732374149520999,0.1648167554483136
2,6,16,False,4,Mirai,3,DoS,0.04409337180729622,0.018338973168864518,0.04808093830892991
2,6,16,False,4,Mirai,4,Mirai,0.01733922813506671,0.1056338635776967,0.02088884555986211
2,6,16,False,4,Mirai,5,Recon,0.014102349794861075,0.05096384867106679,0.018469433899635155
2,6,16,False,4,Mirai,6,Spoofing,0.09360312888483661,0.09144310606670596,0.10084477772288747
2,6,16,False,4,Mirai,7,Web-Based,0.09660875311942074,0.029378578165327376,0.08667884028766701
2,6,16,False,5,Recon,0,Benign,0.5475809401461685,0.6564396364111246,0.5741962347381742
2,6,16,False,5,Recon,1,BruteForce,0.023688526438436844,0.02019920651200301,0.02352774906641366
2,6,16,False,5,Recon,2,DDoS,0.13028314745142394,0.020286058951728074,0.11912914010594314
2,6,16,False,5,Recon,3,DoS,0.021250358786487306,0.015978410875595695,0.028390415995320762
2,6,16,False,5,Recon,4,Mirai,0.017798728713697497,0.07025519064977669,0.020991949645442858
2,6,16,False,5,Recon,5,Recon,0.022881972011631387,0.08630887477226681,0.021671665781737952
2,6,16,False,5,Recon,6,Spoofing,0.09941245042559559,0.09775951646712283,0.10513321384214656
2,6,16,False,5,Recon,7,Web-Based,0.13710387602655896,0.03277310536038223,0.106959630824821
2,6,16,False,6,Spoofing,0,Benign,0.5573906966681978,0.6648261716878392,0.5709442219171555
2,6,16,False,6,Spoofing,1,BruteForce,0.02121868529445998,0.018107418668070214,0.022841323630876313
2,6,16,False,6,Spoofing,2,DDoS,0.10900501934589056,0.019720416304640647,0.10883642872491782
2,6,16,False,6,Spoofing,3,DoS,0.031144713677903904,0.01689906438961963,0.0464091922934451
2,6,16,False,6,Spoofing,4,Mirai,0.017089996093018346,0.06579446313470068,0.02157891197389288
2,6,16,False,6,Spoofing,5,Recon,0.01970939888119312,0.06863223757271249,0.021727194587471074
2,6,16,False,6,Spoofing,6,Spoofing,0.12753205419009436,0.11715883407124164,0.11108156086535674
2,6,16,False,6,Spoofing,7,Web-Based,0.11690943584924202,0.028861394171175513,0.09658116600688445
2,6,16,False,7,Web-Based,0,Benign,0.5714079274274331,0.6787398261819751,0.578157590112258
2,6,16,False,7,Web-Based,1,BruteForce,0.021698749662477063,0.018390542715979556,0.02283592245858655
2,6,16,False,7,Web-Based,2,DDoS,0.12688353678919861,0.020668049682491803,0.1266577507868994
2,6,16,False,7,Web-Based,3,DoS,0.02401080552741849,0.01618380593897018,0.03046721173882049
2,6,16,False,7,Web-Based,4,Mirai,0.017767440450592673,0.07695666977944654,0.02153938996839475
2,6,16,False,7,Web-Based,5,Recon,0.016939921578998124,0.059062685751813046,0.01950708533884851
2,6,16,False,7,Web-Based,6,Spoofing,0.10332244792058605,0.10154214395677696,0.10363085924660609
2,6,16,False,7,Web-Based,7,Web-Based,0.11796917064329586,0.02845627599254668,0.0972041903495863
2,6,17,True,0,Benign,0,Benign,0.8192095795892889,0.6786208376294246,0.3002703713413593
2,6,17,True,0,Benign,1,BruteForce,0.010675451378278437,0.017897384676054062,0.020536984026593035
2,6,17,True,0,Benign,2,DDoS,0.017595900474181907,0.023288455056876912,0.035732304423301164
2,6,17,True,0,Benign,3,DoS,0.024346497582277363,0.017012495289877683,0.05954573268794661
2,6,17,True,0,Benign,4,Mirai,0.08793416671225979,0.06852382925212859,0.460505579316291
2,6,17,True,0,Benign,5,Recon,0.010541644025684553,0.06601659146740661,0.016187788739951428
2,6,17,True,0,Benign,6,Spoofing,0.011038565201844923,0.10152778624795893,0.022537627045119166
2,6,17,True,0,Benign,7,Web-Based,0.0186581950361842,0.02711262038027242,0.08468361241943834
2,6,17,True,1,BruteForce,0,Benign,0.8152242843026267,0.6677242234004486,0.29619681098993933
2,6,17,True,1,BruteForce,1,BruteForce,0.0108597012519309,0.020950487692980458,0.021312738233048804
2,6,17,True,1,BruteForce,2,DDoS,0.017114013388944055,0.020889052802432508,0.02514850350111855
2,6,17,True,1,BruteForce,3,DoS,0.018619454802987004,0.016092249299172887,0.016609824309727038
2,6,17,True,1,BruteForce,4,Mirai,0.09758118321952466,0.08294519609959526,0.4655847374983776
2,6,17,True,1,BruteForce,5,Recon,0.008694113615875354,0.05761750941152677,0.01586589652804396
2,6,17,True,1,BruteForce,6,Spoofing,0.011152907344927243,0.10056568085549601,0.023595497379144976
2,6,17,True,1,BruteForce,7,Web-Based,0.020754342073184155,0.03321560043834763,0.13568599156059988
2,6,17,True,2,DDoS,0,Benign,0.8101541349282239,0.19226729671568676,0.09073318756419739
2,6,17,True,2,DDoS,1,BruteForce,0.011883152136625377,0.01628907673335048,0.013357670112821421
2,6,17,True,2,DDoS,2,DDoS,0.03353064771614087,0.6026092896301378,0.6195920262900917
2,6,17,True,2,DDoS,3,DoS,0.031962988596491604,0.020992628449262876,0.04924396131709777
2,6,17,True,2,DDoS,4,Mirai,0.06794992833859503,0.05207234211274693,0.1551573157548169
2,6,17,True,2,DDoS,5,Recon,0.013652101455892377,0.05238755046623494,0.01337000146018548
2,6,17,True,2,DDoS,6,Spoofing,0.010354629038467789,0.03928248356818992,0.01141181755360754
2,6,17,True,2,DDoS,7,Web-Based,0.020512417789563,0.02409933232439032,0.04713401994718189
2,6,17,True,3,DoS,0,Benign,0.7944034869278228,0.15950155503242092,0.07668500772763943
2,6,17,True,3,DoS,1,BruteForce,0.01330036268013793,0.02390593416351717,0.02275019418413309
2,6,17,True,3,DoS,2,DDoS,0.02389540374622352,0.0783662205644668,0.1028568237999391
2,6,17,True,3,DoS,3,DoS,0.06843186177135129,0.5207784258119358,0.5682245846299523
2,6,17,True,3,DoS,4,Mirai,0.05362269886342539,0.06350584222580036,0.15220786753055157
2,6,17,True,3,DoS,5,Recon,0.013627740732253184,0.05014034718773618,0.01817202018936955
2,6,17,True,3,DoS,6,Spoofing,0.011591440343450391,0.07510882136211304,0.020824451439434646
2,6,17,True,3,DoS,7,Web-Based,0.02112700493533558,0.02869285365200981,0.038279050498980345
2,6,17,True,4,Mirai,0,Benign,0.8141188348381624,0.6559671351201897,0.2646525788052918
2,6,17,True,4,Mirai,1,BruteForce,0.010742788023159764,0.020950753734939074,0.02102163753169625
2,6,17,True,4,Mirai,2,DDoS,0.017409463525876665,0.02732374149520999,0.025037049801467138
2,6,17,True,4,Mirai,3,DoS,0.02169857110866841,0.018338973168864518,0.024022718085475087
2,6,17,True,4,Mirai,4,Mirai,0.09767757066652022,0.1056338635776967,0.5493718283431185
2,6,17,True,4,Mirai,5,Recon,0.009276788254260602,0.05096384867106679,0.014364445317954569
2,6,17,True,4,Mirai,6,Spoofing,0.011087566600580837,0.09144310606670596,0.02150578801353581
2,6,17,True,4,Mirai,7,Web-Based,0.01798841698277111,0.029378578165327376,0.08002395410146096
2,6,17,True,5,Recon,0,Benign,0.8159017556655987,0.6564396364111246,0.28573028511012044
2,6,17,True,5,Recon,1,BruteForce,0.010795537062700882,0.02019920651200301,0.021767943429345092
2,6,17,True,5,Recon,2,DDoS,0.01730277458954845,0.020286058951728074,0.0252272533309601
2,6,17,True,5,Recon,3,DoS,0.01896242066356616,0.015978410875595695,0.026178558235351066
2,6,17,True,5,Recon,4,Mirai,0.09700307692139228,0.07025519064977669,0.4725907666808037
2,6,17,True,5,Recon,5,Recon,0.008804416302242575,0.08630887477226681,0.01575073117035598
2,6,17,True,5,Recon,6,Spoofing,0.01088634229757813,0.09775951646712283,0.023001261576429132
2,6,17,True,5,Recon,7,Web-Based,0.02034367649737285,0.03277310536038223,0.1297532004666346
2,6,17,True,6,Spoofing,0,Benign,0.8201120816411018,0.6648261716878392,0.31901376245486907
2,6,17,True,6,Spoofing,1,BruteForce,0.01064095409043725,0.018107418668070214,0.020398726749892137
2,6,17,True,6,Spoofing,2,DDoS,0.016687642745669095,0.019720416304640647,0.02277810448839408
2,6,17,True,6,Spoofing,3,DoS,0.02410819720080554,0.01689906438961963,0.03250348055334834
2,6,17,True,6,Spoofing,4,Mirai,0.0869811915568796,0.06579446313470068,0.4596133485915539
2,6,17,True,6,Spoofing,5,Recon,0.010703577915773718,0.06863223757271249,0.016957719158648226
2,6,17,True,6,Spoofing,6,Spoofing,0.011380664736279397,0.11715883407124164,0.024329147948211022
2,6,17,True,6,Spoofing,7,Web-Based,0.019385690113053498,0.028861394171175513,0.10440571005508333
2,6,17,True,7,Web-Based,0,Benign,0.8166936090655113,0.6787398261819751,0.30464135290408595
2,6,17,True,7,Web-Based,1,BruteForce,0.010596916951933944,0.018390542715979556,0.020556668874309805
2,6,17,True,7,Web-Based,2,DDoS,0.01678640284254319,0.020668049682491803,0.024674408877510275
2,6,17,True,7,Web-Based,3,DoS,0.02104532137397658,0.01618380593897018,0.018395096303483953
2,6,17,True,7,Web-Based,4,Mirai,0.09528712553792777,0.07695666977944654,0.48554066180852534
2,6,17,True,7,Web-Based,5,Recon,0.009582807437695103,0.059062685751813046,0.016221690691798064
2,6,17,True,7,Web-Based,6,Spoofing,0.01111534887420202,0.10154214395677696,0.02293519288176514
2,6,17,True,7,Web-Based,7,Web-Based,0.01889246791621004,0.02845627599254668,0.10703492765852148
2,6,18,True,0,Benign,0,Benign,0.807476927748806,0.6786208376294246,0.07816552302489388
2,6,18,True,0,Benign,1,BruteForce,0.012213990683853475,0.017897384676054062,0.022312607734960615
2,6,18,True,0,Benign,2,DDoS,0.042305289570309344,0.023288455056876912,0.15902967291536615
2,6,18,True,0,Benign,3,DoS,0.013856400925828882,0.017012495289877683,0.05336357699881698
2,6,18,True,0,Benign,4,Mirai,0.04766429372257056,0.06852382925212859,0.29962736971341875
2,6,18,True,0,Benign,5,Recon,0.021556636838376136,0.06601659146740661,0.10321130000009476
2,6,18,True,0,Benign,6,Spoofing,0.03056981107829747,0.10152778624795893,0.1751818633644238
2,6,18,True,0,Benign,7,Web-Based,0.024356649431958168,0.02711262038027242,0.10910808624802514
2,6,18,True,1,BruteForce,0,Benign,0.8049116331366353,0.6677242234004486,0.08069905363463348
2,6,18,True,1,BruteForce,1,BruteForce,0.012840953346855845,0.020950487692980458,0.022649520155969622
2,6,18,True,1,BruteForce,2,DDoS,0.04248479296876461,0.020889052802432508,0.13060982660839623
2,6,18,True,1,BruteForce,3,DoS,0.012424338893516759,0.016092249299172887,0.014406004017954376
2,6,18,True,1,BruteForce,4,Mirai,0.04972856928121036,0.08294519609959526,0.32147478830044496
2,6,18,True,1,BruteForce,5,Recon,0.017434862575067826,0.05761750941152677,0.10965495677773877
2,6,18,True,1,BruteForce,6,Spoofing,0.03233424346497859,0.10056568085549601,0.160504139521098
2,6,18,True,1,BruteForce,7,Web-Based,0.027840606332970603,0.03321560043834763,0.1600017109837646
2,6,18,True,2,DDoS,0,Benign,0.7890911474283738,0.19226729671568676,0.026178345532138582
2,6,18,True,2,DDoS,1,BruteForce,0.0133494033189622,0.01628907673335048,0.01204676267713422
2,6,18,True,2,DDoS,2,DDoS,0.0644471689740841,0.6026092896301378,0.6822580497680248
2,6,18,True,2,DDoS,3,DoS,0.01676024888084614,0.020992628449262876,0.030783478502006002
2,6,18,True,2,DDoS,4,Mirai,0.04443222343782124,0.05207234211274693,0.09860304857654502
2,6,18,True,2,DDoS,5,Recon,0.025228649272964088,0.05238755046623494,0.05547659203063738
2,6,18,True,2,DDoS,6,Spoofing,0.023643457937533297,0.03928248356818992,0.050555379866146534
2,6,18,True,2,DDoS,7,Web-Based,0.0230477007494152,0.02409933232439032,0.04409834304736735
2,6,18,True,3,DoS,0,Benign,0.7838492810836385,0.15950155503242092,0.03413910141386991
2,6,18,True,3,DoS,1,BruteForce,0.014096171782729611,0.02390593416351717,0.02357858707928807
2,6,18,True,3,DoS,2,DDoS,0.058303448210626815,0.0783662205644668,0.24899332445804662
2,6,18,True,3,DoS,3,DoS,0.034904166397769984,0.5207784258119358,0.42564272320363045
2,6,18,True,3,DoS,4,Mirai,0.03625139416700108,0.06350584222580036,0.09192705326602992
2,6,18,True,3,DoS,5,Recon,0.024459815271521516,0.05014034718773618,0.04434568482483337
2,6,18,True,3,DoS,6,Spoofing,0.024314924446340168,0.07510882136211304,0.08074954739920681
2,6,18,True,3,DoS,7,Web-Based,0.02382079864037246,0.02869285365200981,0.05062397835509497
2,6,18,True,4,Mirai,0,Benign,0.805874303235712,0.6559671351201897,0.0732150217473921
2,6,18,True,4,Mirai,1,BruteForce,0.012426494986011501,0.020950753734939074,0.02384089056912771
2,6,18,True,4,Mirai,2,DDoS,0.043591875218142985,0.02732374149520999,0.14897880340712952
2,6,18,True,4,Mirai,3,DoS,0.013297112836122428,0.018338973168864518,0.040159492388255065
2,6,18,True,4,Mirai,4,Mirai,0.05199597518442821,0.1056338635776967,0.3724356088634283
2,6,18,True,4,Mirai,5,Recon,0.01751957112779155,0.05096384867106679,0.08553177143005426
2,6,18,True,4,Mirai,6,Spoofing,0.031335218087853965,0.09144310606670596,0.16057706487346468
2,6,18,True,4,Mirai,7,Web-Based,0.023959449323937402,0.029378578165327376,0.09526134672114842
2,6,18,True,5,Recon,0,Benign,0.8060069826192082,0.6564396364111246,0.07934843434800953
2,6,18,True,5,Recon,1,BruteForce,0.012716439251339045,0.02019920651200301,0.022830788178971353
2,6,18,True,5,Recon,2,DDoS,0.04269737286695994,0.020286058951728074,0.12724019003965872
2,6,18,True,5,Recon,3,DoS,0.012652245377520438,0.015978410875595695,0.015558006599827536
2,6,18,True,5,Recon,4,Mirai,0.04867256703958573,0.07025519064977669,0.320734832017127
2,6,18,True,5,Recon,5,Recon,0.018060268402713475,0.08630887477226681,0.12160495505688926
2,6,18,True,5,Recon,6,Spoofing,0.031716306506682994,0.09775951646712283,0.1546327806457163
2,6,18,True,5,Recon,7,Web-Based,0.02747781793599016,0.03277310536038223,0.15805001311380024
2,6,18,True,6,Spoofing,0,Benign,0.808266906822062,0.6648261716878392,0.08325558624361566
2,6,18,True,6,Spoofing,1,BruteForce,0.012347132217428424,0.018107418668070214,0.022063508154085396
2,6,18,True,6,Spoofing,2,DDoS,0.039604508425471904,0.019720416304640647,0.12021363711151399
2,6,18,True,6,Spoofing,3,DoS,0.013767595265180217,0.01689906438961963,0.041225779157614655
2,6,18,True,6,Spoofing,4,Mirai,0.04593500141668086,0.06579446313470068,0.2960906011595809
2,6,18,True,6,Spoofing,5,Recon,0.022407454422108546,0.06863223757271249,0.10754240328727037
2,6,18,True,6,Spoofing,6,Spoofing,0.03197497909331968,0.11715883407124164,0.2051674652385947
2,6,18,True,6,Spoofing,7,Web-Based,0.02569642233774831,0.028861394171175513,0.12444101964772426
2,6,18,True,7,Web-Based,0,Benign,0.8080380771176547,0.6787398261819751,0.08259078371178087
2,6,18,True,7,Web-Based,1,BruteForce,0.012427989567575643,0.018390542715979556,0.02296523608748348
2,6,18,True,7,Web-Based,2,DDoS,0.041129660190480255,0.020668049682491803,0.13861085499088818
2,6,18,True,7,Web-Based,3,DoS,0.013032523532317876,0.01618380593897018,0.018200194126058538
2,6,18,True,7,Web-Based,4,Mirai,0.04925589462714195,0.07695666977944654,0.33756272533602183
2,6,18,True,7,Web-Based,5,Recon,0.019150034655487078,0.059062685751813046,0.10323565571456338
2,6,18,True,7,Web-Based,6,Spoofing,0.03157102326550686,0.10154214395677696,0.16919224789973258
2,6,18,True,7,Web-Based,7,Web-Based,0.02539479704383563,0.02845627599254668,0.1276423021334712
2,6,19,False,0,Benign,0,Benign,0.07881043111216317,0.6786208376294246,0.07393715366126126
2,6,19,False,0,Benign,1,BruteForce,0.013211720599086976,0.017897384676054062,0.015569158379957619
2,6,19,False,0,Benign,2,DDoS,0.24406894766721923,0.023288455056876912,0.25659437701848037
2,6,19,False,0,Benign,3,DoS,0.06228323427851775,0.017012495289877683,0.08382081023196493
2,6,19,False,0,Benign,4,Mirai,0.018608258188359112,0.06852382925212859,0.022172426488078493
2,6,19,False,0,Benign,5,Recon,0.14963269462287734,0.06601659146740661,0.1663954488592783
2,6,19,False,0,Benign,6,Spoofing,0.41852966574315437,0.10152778624795893,0.3652257523540013
2,6,19,False,0,Benign,7,Web-Based,0.014855047788621947,0.02711262038027242,0.016284873006977858
2,6,19,False,1,BruteForce,0,Benign,0.0842524300698531,0.6677242234004486,0.08217338727289265
2,6,19,False,1,BruteForce,1,BruteForce,0.015110150742745956,0.020950487692980458,0.015853545365964932
2,6,19,False,1,BruteForce,2,DDoS,0.2546934820505208,0.020889052802432508,0.21570083780082042
2,6,19,False,1,BruteForce,3,DoS,0.02268839557479556,0.016092249299172887,0.03429890326819847
2,6,19,False,1,BruteForce,4,Mirai,0.020613097941989976,0.08294519609959526,0.024814625781695552
2,6,19,False,1,BruteForce,5,Recon,0.14783439435027776,0.05761750941152677,0.20952444473016552
2,6,19,False,1,BruteForce,6,Spoofing,0.43658174909823866,0.10056568085549601,0.40042761853179865
2,6,19,False,1,BruteForce,7,Web-Based,0.018226300171578346,0.03321560043834763,0.017206637248463757
2,6,19,False,2,DDoS,0,Benign,0.023730564227856837,0.19226729671568676,0.02687617514866152
2,6,19,False,2,DDoS,1,BruteForce,0.006785879617433047,0.01628907673335048,0.009419146135799186
2,6,19,False,2,DDoS,2,DDoS,0.7477923527185403,0.6026092896301378,0.7134097607592723
2,6,19,False,2,DDoS,3,DoS,0.04434838089107979,0.020992628449262876,0.04055215172013352
2,6,19,False,2,DDoS,4,Mirai,0.008270395967831346,0.05207234211274693,0.0115829242024657
2,6,19,False,2,DDoS,5,Recon,0.06546862637319202,0.05238755046623494,0.0825540300823468
2,6,19,False,2,DDoS,6,Spoofing,0.09613394091802613,0.03928248356818992,0.10549996365520116
2,6,19,False,2,DDoS,7,Web-Based,0.007469859286040582,0.02409933232439032,0.010105848296119898
2,6,19,False,3,DoS,0,Benign,0.0176105924828251,0.15950155503242092,0.026613608407645196
2,6,19,False,3,DoS,1,BruteForce,0.007596980538935166,0.02390593416351717,0.013449149427501967
2,6,19,False,3,DoS,2,DDoS,0.17968073331371381,0.0783662205644668,0.20993407906795178
2,6,19,False,3,DoS,3,DoS,0.6908594470549061,0.5207784258119358,0.5798319093923565
2,6,19,False,3,DoS,4,Mirai,0.005850592781319137,0.06350584222580036,0.010307832048127137
2,6,19,False,3,DoS,5,Recon,0.03629317613411639,0.05014034718773618,0.05505382455329522
2,6,19,False,3,DoS,6,Spoofing,0.055800073722829406,0.07510882136211304,0.09554958225176302
2,6,19,False,3,DoS,7,Web-Based,0.006308403971354993,0.02869285365200981,0.009260014851359197
2,6,19,False,4,Mirai,0,Benign,0.07204278838319365,0.6559671351201897,0.07827119905002661
2,6,19,False,4,Mirai,1,BruteForce,0.013510458148674168,0.020950753734939074,0.016551859696061155
2,6,19,False,4,Mirai,2,DDoS,0.38506867895494196,0.02732374149520999,0.2870452608121115
2,6,19,False,4,Mirai,3,DoS,0.04424941765208223,0.018338973168864518,0.07043784388982068
2,6,19,False,4,Mirai,4,Mirai,0.020993292698095155,0.1056338635776967,0.024711835806231514
2,6,19,False,4,Mirai,5,Recon,0.09748023601339344,0.05096384867106679,0.14675846239324863
2,6,19,False,4,Mirai,6,Spoofing,0.35289035012017494,0.09144310606670596,0.35969246209824557
2,6,19,False,4,Mirai,7,Web-Based,0.013764778029444388,0.029378578165327376,0.016531076254254432
2,6,19,False,5,Recon,0,Benign,0.085772396138536,0.6564396364111246,0.08457902274596431
2,6,19,False,5,Recon,1,BruteForce,0.015080588304775119,0.02019920651200301,0.015772501756835405
2,6,19,False,5,Recon,2,DDoS,0.23631841028768066,0.020286058951728074,0.20915788041493244
2,6,19,False,5,Recon,3,DoS,0.0254632134499095,0.015978410875595695,0.036424379392476246
2,6,19,False,5,Recon,4,Mirai,0.020593444601615045,0.07025519064977669,0.024627189826832756
2,6,19,False,5,Recon,5,Recon,0.20892194812044665,0.08630887477226681,0.2347639226547286
2,6,19,False,5,Recon,6,Spoofing,0.38979901893718544,0.09775951646712283,0.3777903234597183
2,6,19,False,5,Recon,7,Web-Based,0.01805098015985156,0.03277310536038223,0.016884779748511956
2,6,19,False,6,Spoofing,0,Benign,0.078765278155171,0.6648261716878392,0.07782108623708166
2,6,19,False,6,Spoofing,1,BruteForce,0.013257795588062284,0.018107418668070214,0.015735830199200083
2,6,19,False,6,Spoofing,2,DDoS,0.20969157658559973,0.019720416304640647,0.20310145546698155
2,6,19,False,6,Spoofing,3,DoS,0.033410130177197635,0.01689906438961963,0.07176223317145954
2,6,19,False,6,Spoofing,4,Mirai,0.01897421430748568,0.06579446313470068,0.02260410208573
2,6,19,False,6,Spoofing,5,Recon,0.16234011731397466,0.06863223757271249,0.18296911894160336
2,6,19,False,6,Spoofing,6,Spoofing,0.46829926970961533,0.11715883407124164,0.40940785113029626
2,6,19,False,6,Spoofing,7,Web-Based,0.015261618162893786,0.028861394171175513,0.016598322767647507
2,6,19,False,7,Web-Based,0,Benign,0.08564375625024219,0.6787398261819751,0.08524865628272739
2,6,19,False,7,Web-Based,1,BruteForce,0.014237292608095383,0.018390542715979556,0.016582052986528026
2,6,19,False,7,Web-Based,2,DDoS,0.289043127274872,0.020668049682491803,0.24456852477929542
2,6,19,False,7,Web-Based,3,DoS,0.027450640529495432,0.01618380593897018,0.03661987394949591
2,6,19,False,7,Web-Based,4,Mirai,0.02100349312838465,0.07695666977944654,0.0252539498055423
2,6,19,False,7,Web-Based,5,Recon,0.15241968651688415,0.059062685751813046,0.1922585970280649
2,6,19,False,7,Web-Based,6,Spoofing,0.3934297382216368,0.10154214395677696,0.3815690765573948
2,6,19,False,7,Web-Based,7,Web-Based,0.01677226547038938,0.02845627599254668,0.017899268610951286
3,7,0,False,0,Benign,0,Benign,0.3279782894741972,0.6910833341923877,0.2695434779274763
3,7,0,False,0,Benign,1,BruteForce,0.06828768498007413,0.017033261706009023,0.073007406369225
3,7,0,False,0,Benign,2,DDoS,0.005600627251377774,0.02167783890293364,0.010778390064773007
3,7,0,False,0,Benign,3,DoS,0.1380007333571519,0.016720669918322426,0.18204991669475112
3,7,0,False,0,Benign,4,Mirai,0.26377213373376845,0.061127950284181144,0.2753507390958716
3,7,0,False,0,Benign,5,Recon,0.15802495078023462,0.07144558803842953,0.15101139244834436
3,7,0,False,0,Benign,6,Spoofing,0.01962067480196843,0.09600596818080792,0.01813722422140563
3,7,0,False,0,Benign,7,Web-Based,0.018714905621227403,0.024905388776928685,0.02012145317815296
3,7,0,False,1,BruteForce,0,Benign,0.28347332642787865,0.6708950119786369,0.2839332576701928
3,7,0,False,1,BruteForce,1,BruteForce,0.1276206754305765,0.022152875263554934,0.1028368231449146
3,7,0,False,1,BruteForce,2,DDoS,0.006692058360041026,0.019808990961300132,0.008596221758707303
3,7,0,False,1,BruteForce,3,DoS,0.08139469491475518,0.016757266405178814,0.07047986306366458
3,7,0,False,1,BruteForce,4,Mirai,0.3102421765655226,0.07537672447072251,0.3123241807904805
3,7,0,False,1,BruteForce,5,Recon,0.1428083411034824,0.06738656570370567,0.1777805182048553
3,7,0,False,1,BruteForce,6,Spoofing,0.020133232106557864,0.09374820820179053,0.01795847659940625
3,7,0,False,1,BruteForce,7,Web-Based,0.02763549509118579,0.03387435701511067,0.02609065876777864
3,7,0,False,2,DDoS,0,Benign,0.08203826049862921,0.20387522367752958,0.08482875547455743
3,7,0,False,2,DDoS,1,BruteForce,0.03197661366266103,0.01468416465588173,0.03882815535864814
3,7,0,False,2,DDoS,2,DDoS,0.5460017513858763,0.5923290805173257,0.5300357881927316
3,7,0,False,2,DDoS,3,DoS,0.14369579249144526,0.021489796469207574,0.13231050994392587
3,7,0,False,2,DDoS,4,Mirai,0.11962081105232557,0.04667755090274322,0.11009046875300106
3,7,0,False,2,DDoS,5,Recon,0.05778042298964995,0.057942007153986085,0.0750025153134342
3,7,0,False,2,DDoS,6,Spoofing,0.008905494502997498,0.03984964126114771,0.011780942796338192
3,7,0,False,2,DDoS,7,Web-Based,0.009980853416415303,0.023152535362178338,0.017122864167363423
3,7,0,False,3,DoS,0,Benign,0.02818036917082387,0.14293112646353318,0.03897824859356729
3,7,0,False,3,DoS,1,BruteForce,0.014543029035194775,0.022487572687222495,0.01979899216122622
3,7,0,False,3,DoS,2,DDoS,0.011935353915897225,0.06532226266438865,0.019992927785115314
3,7,0,False,3,DoS,3,DoS,0.8866406969631301,0.550685299002393,0.8196725942875323
3,7,0,False,3,DoS,4,Mirai,0.029284334952163447,0.05417131752917937,0.04394419228293901
3,7,0,False,3,DoS,5,Recon,0.018852351306345768,0.05156358433573069,0.04190483911313008
3,7,0,False,3,DoS,6,Spoofing,0.006309149026104648,0.0839127293878984,0.009296967053168573
3,7,0,False,3,DoS,7,Web-Based,0.00425471563034021,0.02892610792965415,0.006411238723321233
3,7,0,False,4,Mirai,0,Benign,0.25686303573079355,0.6482710447219113,0.26468545248958086
3,7,0,False,4,Mirai,1,BruteForce,0.07598872434993771,0.020176751911089474,0.08104205714317578
3,7,0,False,4,Mirai,2,DDoS,0.007607076239648178,0.02549156657638483,0.009235041321103145
3,7,0,False,4,Mirai,3,DoS,0.08114143449981412,0.017770039436668564,0.1368131858753524
3,7,0,False,4,Mirai,4,Mirai,0.471655222033203,0.12328180811216753,0.3660098214660486
3,7,0,False,4,Mirai,5,Recon,0.07494062033384333,0.05356450719724274,0.1056291184830733
3,7,0,False,4,Mirai,6,Spoofing,0.017028948630212544,0.0843842910301105,0.017479306056300506
3,7,0,False,4,Mirai,7,Web-Based,0.014774938182547633,0.027059991014425033,0.01910601716536553
3,7,0,False,5,Recon,0,Benign,0.26897224335126924,0.6581135115535003,0.2697354952239179
3,7,0,False,5,Recon,1,BruteForce,0.11394854485183947,0.02147172321141907,0.09816528640543035
3,7,0,False,5,Recon,2,DDoS,0.006025960364163192,0.019370971291884018,0.008290229323074659
3,7,0,False,5,Recon,3,DoS,0.1199633181340305,0.01663872761125384,0.10258295235809174
3,7,0,False,5,Recon,4,Mirai,0.23263606463874964,0.06474026125873665,0.2703366835588477
3,7,0,False,5,Recon,5,Recon,0.21017371285555478,0.09756424485734892,0.20811273486733373
3,7,0,False,5,Recon,6,Spoofing,0.01882218181603224,0.08919101899852672,0.01742386481205669
3,7,0,False,5,Recon,7,Web-Based,0.02945797398836102,0.03290954121733054,0.025352753451247274
3,7,0,False,6,Spoofing,0,Benign,0.30275360744965046,0.6726549575657808,0.2782425072126134
3,7,0,False,6,Spoofing,1,BruteForce,0.08793617417762416,0.017776328127728426,0.07880469056473649
3,7,0,False,6,Spoofing,2,DDoS,0.00575814220401361,0.017426989131094233,0.009035142698165011
3,7,0,False,6,Spoofing,3,DoS,0.09336062878476493,0.016617554522859387,0.1504420044070767
3,7,0,False,6,Spoofing,4,Mirai,0.2886352208662492,0.05994139983448873,0.2699775359829951
3,7,0,False,6,Spoofing,5,Recon,0.17576899934002496,0.07367074125782903,0.17289862575564113
3,7,0,False,6,Spoofing,6,Spoofing,0.02273294512715129,0.11362032173612643,0.018449960254190257
3,7,0,False,6,Spoofing,7,Web-Based,0.02305428205052153,0.02829170782409302,0.022149533124581948
3,7,0,False,7,Web-Based,0,Benign,0.30002590047847844,0.6848453535848297,0.2879011973958506
3,7,0,False,7,Web-Based,1,BruteForce,0.07950509014494836,0.01865116309534072,0.08289495648235258
3,7,0,False,7,Web-Based,2,DDoS,0.005849599428582116,0.018662316449385773,0.012804949069375798
3,7,0,False,7,Web-Based,3,DoS,0.08747198122990107,0.01644298253930724,0.10179823313656905
3,7,0,False,7,Web-Based,4,Mirai,0.3477069867072527,0.07289641352160947,0.32507280490717133
3,7,0,False,7,Web-Based,5,Recon,0.14151128749683425,0.06750906161561038,0.15013832223241355
3,7,0,False,7,Web-Based,6,Spoofing,0.018474737421538837,0.09406852065670791,0.017629198824478803
3,7,0,False,7,Web-Based,7,Web-Based,0.019454417092464264,0.02692418853720878,0.021760337951788226
3,7,1,True,0,Benign,0,Benign,0.7391350140941865,0.6910833341923877,0.010186090730206536
3,7,1,True,0,Benign,1,BruteForce,0.00624961892448395,0.017033261706009023,0.008811980586556672
3,7,1,True,0,Benign,2,DDoS,0.026234780762317556,0.02167783890293364,0.0799869670566325
3,7,1,True,0,Benign,3,DoS,0.012244109614137681,0.016720669918322426,0.01373771407455914
3,7,1,True,0,Benign,4,Mirai,0.02009515934763953,0.061127950284181144,0.1006470055178695
3,7,1,True,0,Benign,5,Recon,0.07923599012852359,0.07144558803842953,0.30275933076306
3,7,1,True,0,Benign,6,Spoofing,0.11064195157990886,0.09600596818080792,0.47768374197190844
3,7,1,True,0,Benign,7,Web-Based,0.006163375548802291,0.024905388776928685,0.006187169299207316
3,7,1,True,1,BruteForce,0,Benign,0.7269346792710516,0.6708950119786369,0.009244908484393941
3,7,1,True,1,BruteForce,1,BruteForce,0.006287263356599604,0.022152875263554934,0.008624218840097496
3,7,1,True,1,BruteForce,2,DDoS,0.018175171125032398,0.019808990961300132,0.04663514271770176
3,7,1,True,1,BruteForce,3,DoS,0.00917146265355915,0.016757266405178814,0.00891527456608392
3,7,1,True,1,BruteForce,4,Mirai,0.02048806411854479,0.07537672447072251,0.10647923554024705
3,7,1,True,1,BruteForce,5,Recon,0.0934543706422854,0.06738656570370567,0.31866185899277083
3,7,1,True,1,BruteForce,6,Spoofing,0.11932912209258159,0.09374820820179053,0.49515451153410917
3,7,1,True,1,BruteForce,7,Web-Based,0.00615986674034561,0.03387435701511067,0.006284849324595851
3,7,1,True,2,DDoS,0,Benign,0.6753271754017094,0.20387522367752958,0.005901462491373086
3,7,1,True,2,DDoS,1,BruteForce,0.008282107254847904,0.01468416465588173,0.006500318288547962
3,7,1,True,2,DDoS,2,DDoS,0.1639064842305358,0.5923290805173257,0.6709756990245247
3,7,1,True,2,DDoS,3,DoS,0.020455738128462825,0.021489796469207574,0.024245637016585383
3,7,1,True,2,DDoS,4,Mirai,0.020265990977405696,0.04667755090274322,0.03823622085610246
3,7,1,True,2,DDoS,5,Recon,0.049341554262150256,0.057942007153986085,0.11454177439027904
3,7,1,True,2,DDoS,6,Spoofing,0.05381026970035412,0.03984964126114771,0.13391432668866093
3,7,1,True,2,DDoS,7,Web-Based,0.008610680044533987,0.023152535362178338,0.005684561243926547
3,7,1,True,3,DoS,0,Benign,0.7357558965230445,0.14293112646353318,0.013705374029007103
3,7,1,True,3,DoS,1,BruteForce,0.00837928749564271,0.022487572687222495,0.01381009737827864
3,7,1,True,3,DoS,2,DDoS,0.06237716751102032,0.06532226266438865,0.1848364489545465
3,7,1,True,3,DoS,3,DoS,0.06400077657395682,0.550685299002393,0.5116376641944259
3,7,1,True,3,DoS,4,Mirai,0.013445426186980436,0.05417131752917937,0.03701448876741091
3,7,1,True,3,DoS,5,Recon,0.05288013644905873,0.05156358433573069,0.06235320522321921
3,7,1,True,3,DoS,6,Spoofing,0.05482263828113338,0.0839127293878984,0.1693952678771879
3,7,1,True,3,DoS,7,Web-Based,0.008338670979163009,0.02892610792965415,0.007247453575923826
3,7,1,True,4,Mirai,0,Benign,0.7403884958234334,0.6482710447219113,0.011242730300144442
3,7,1,True,4,Mirai,1,BruteForce,0.006258938107104467,0.020176751911089474,0.011774018230763133
3,7,1,True,4,Mirai,2,DDoS,0.024609387846558004,0.02549156657638483,0.0850032837279757
3,7,1,True,4,Mirai,3,DoS,0.010801639450938184,0.017770039436668564,0.02037925949333292
3,7,1,True,4,Mirai,4,Mirai,0.021473670050688367,0.12328180811216753,0.15280035237404035
3,7,1,True,4,Mirai,5,Recon,0.07255203181843367,0.05356450719724274,0.19930016576283074
3,7,1,True,4,Mirai,6,Spoofing,0.11793669816354413,0.0843842910301105,0.5125938969755856
3,7,1,True,4,Mirai,7,Web-Based,0.005979138739299923,0.027059991014425033,0.006906293135327093
3,7,1,True,5,Recon,0,Benign,0.7192268080686204,0.6581135115535003,0.008265339894159923
3,7,1,True,5,Recon,1,BruteForce,0.006303957731332536,0.02147172321141907,0.007653115795120904
3,7,1,True,5,Recon,2,DDoS,0.016634065922769187,0.019370971291884018,0.044129590640207474
3,7,1,True,5,Recon,3,DoS,0.00929606293077011,0.01663872761125384,0.008083133176638255
3,7,1,True,5,Recon,4,Mirai,0.020283868715904388,0.06474026125873665,0.10134706594942654
3,7,1,True,5,Recon,5,Recon,0.10263183857238266,0.09756424485734892,0.4237458747914807
3,7,1,True,5,Recon,6,Spoofing,0.11955033855562203,0.08919101899852672,0.40098471674730424
3,7,1,True,5,Recon,7,Web-Based,0.0060730595025987625,0.03290954121733054,0.005791163005661837
3,7,1,True,6,Spoofing,0,Benign,0.730667793317133,0.6726549575657808,0.009677493708596947
3,7,1,True,6,Spoofing,1,BruteForce,0.006249087304490338,0.017776328127728426,0.008057488040001688
3,7,1,True,6,Spoofing,2,DDoS,0.021285055331488355,0.017426989131094233,0.04244706340857639
3,7,1,True,6,Spoofing,3,DoS,0.011437122202871644,0.016617554522859387,0.010103737300147051
3,7,1,True,6,Spoofing,4,Mirai,0.01951873638057508,0.05994139983448873,0.0984611548783505
3,7,1,True,6,Spoofing,5,Recon,0.08333341125387933,0.07367074125782903,0.3224195255155999
3,7,1,True,6,Spoofing,6,Spoofing,0.1213235925183718,0.11362032173612643,0.5029657545734436
3,7,1,True,6,Spoofing,7,Web-Based,0.006185201691190361,0.02829170782409302,0.00586778257528397
3,7,1,True,7,Web-Based,0,Benign,0.7309605835765779,0.6848453535848297,0.010100320759845847
3,7,1,True,7,Web-Based,1,BruteForce,0.006200296251232122,0.01865116309534072,0.009472127230265396
3,7,1,True,7,Web-Based,2,DDoS,0.021187651137530128,0.018662316449385773,0.05269576966093534
3,7,1,True,7,Web-Based,3,DoS,0.009921651817428817,0.01644298253930724,0.009366829953333388
3,7,1,True,7,Web-Based,4,Mirai,0.021020296524518967,0.07289641352160947,0.11736541780230506
3,7,1,True,7,Web-Based,5,Recon,0.08457327653044522,0.06750906161561038,0.32700266431556996
3,7,1,True,7,Web-Based,6,Spoofing,0.12006615423867638,0.09406852065670791,0.4676247954505973
3,7,1,True,7,Web-Based,7,Web-Based,0.006070089923590482,0.02692418853720878,0.006372074827147713
3,7,2,False,0,Benign,0,Benign,0.17411355518561522,0.6910833341923877,0.1931568243485471
3,7,2,False,0,Benign,1,BruteForce,0.019217260016208826,0.017033261706009023,0.023481524741603674
3,7,2,False,0,Benign,2,DDoS,0.019051562296924375,0.02167783890293364,0.022796145909677705
3,7,2,False,0,Benign,3,DoS,0.007506583327811307,0.016720669918322426,0.013651480667963121
3,7,2,False,0,Benign,4,Mirai,0.32876013326800074,0.061127950284181144,0.2850278144384692
3,7,2,False,0,Benign,5,Recon,0.4016703812653278,0.07144558803842953,0.40908645368191593
3,7,2,False,0,Benign,6,Spoofing,0.0313062204208732,0.09600596818080792,0.029225803668486382
3,7,2,False,0,Benign,7,Web-Based,0.01837430421923849,0.024905388776928685,0.023573952543336968
3,7,2,False,1,BruteForce,0,Benign,0.15518818159321998,0.6708950119786369,0.19062395392771306
3,7,2,False,1,BruteForce,1,BruteForce,0.026732376662093525,0.022152875263554934,0.026694315465545272
3,7,2,False,1,BruteForce,2,DDoS,0.0156723866623769,0.019808990961300132,0.018044250076142222
3,7,2,False,1,BruteForce,3,DoS,0.006003194805229706,0.016757266405178814,0.011264695508394209
3,7,2,False,1,BruteForce,4,Mirai,0.3435737815253536,0.07537672447072251,0.29494844138351395
3,7,2,False,1,BruteForce,5,Recon,0.39779538989099494,0.06738656570370567,0.4049974118016735
3,7,2,False,1,BruteForce,6,Spoofing,0.028705667146224686,0.09374820820179053,0.025660213033891897
3,7,2,False,1,BruteForce,7,Web-Based,0.026329021714506656,0.03387435701511067,0.02776671880312593
3,7,2,False,2,DDoS,0,Benign,0.04777534522075121,0.20387522367752958,0.07748550845078792
3,7,2,False,2,DDoS,1,BruteForce,0.013625967859424186,0.01468416465588173,0.021180867878837575
3,7,2,False,2,DDoS,2,DDoS,0.6162537437504118,0.5923290805173257,0.5188216465810164
3,7,2,False,2,DDoS,3,DoS,0.008528239400222522,0.021489796469207574,0.01547133120812474
3,7,2,False,2,DDoS,4,Mirai,0.1508558667714229,0.04667755090274322,0.14241454842113838
3,7,2,False,2,DDoS,5,Recon,0.14158484026968104,0.057942007153986085,0.18802818601833254
3,7,2,False,2,DDoS,6,Spoofing,0.010589708353445219,0.03984964126114771,0.01760328965393357
3,7,2,False,2,DDoS,7,Web-Based,0.010786288374641193,0.023152535362178338,0.01899462178782902
3,7,2,False,3,DoS,0,Benign,0.040328968576147185,0.14293112646353318,0.10187374935946887
3,7,2,False,3,DoS,1,BruteForce,0.017716886999960862,0.022487572687222495,0.03763440460288163
3,7,2,False,3,DoS,2,DDoS,0.18684370957927307,0.06532226266438865,0.12584268495491974
3,7,2,False,3,DoS,3,DoS,0.46039527173373146,0.550685299002393,0.20460129623138426
3,7,2,False,3,DoS,4,Mirai,0.17143361643535182,0.05417131752917937,0.20737315290238612
3,7,2,False,3,DoS,5,Recon,0.09445391323446443,0.05156358433573069,0.2672297420068147
3,7,2,False,3,DoS,6,Spoofing,0.01834155492785693,0.0839127293878984,0.030973829979523183
3,7,2,False,3,DoS,7,Web-Based,0.010486078513214188,0.02892610792965415,0.02447113996262161
3,7,2,False,4,Mirai,0,Benign,0.12247604884744566,0.6482710447219113,0.19750324920048695
3,7,2,False,4,Mirai,1,BruteForce,0.022207465011277305,0.020176751911089474,0.025154741911021114
3,7,2,False,4,Mirai,2,DDoS,0.020722553826889853,0.02549156657638483,0.021487077924768304
3,7,2,False,4,Mirai,3,DoS,0.006699909405030164,0.017770039436668564,0.01179027141680889
3,7,2,False,4,Mirai,4,Mirai,0.5321321558772885,0.12328180811216753,0.3669815663729654
3,7,2,False,4,Mirai,5,Recon,0.2529449870389741,0.05356450719724274,0.3286483552254222
3,7,2,False,4,Mirai,6,Spoofing,0.026662659136663838,0.0843842910301105,0.026359132603808923
3,7,2,False,4,Mirai,7,Web-Based,0.016154220856430725,0.027059991014425033,0.022075605344718356
3,7,2,False,5,Recon,0,Benign,0.1364269011330669,0.6581135115535003,0.18481733906996436
3,7,2,False,5,Recon,1,BruteForce,0.025786961672017734,0.02147172321141907,0.026223535553646645
3,7,2,False,5,Recon,2,DDoS,0.014966198122633908,0.019370971291884018,0.01740964947451766
3,7,2,False,5,Recon,3,DoS,0.006197497453854973,0.01663872761125384,0.011626045066314676
3,7,2,False,5,Recon,4,Mirai,0.29861654324590975,0.06474026125873665,0.28103280905252337
3,7,2,False,5,Recon,5,Recon,0.463120732139181,0.09756424485734892,0.42772612119188935
3,7,2,False,5,Recon,6,Spoofing,0.029669584634216577,0.08919101899852672,0.025326664057965062
3,7,2,False,5,Recon,7,Web-Based,0.025215581599119196,0.03290954121733054,0.025837836533178924
3,7,2,False,6,Spoofing,0,Benign,0.14325042493408183,0.6726549575657808,0.19436096696872585
3,7,2,False,6,Spoofing,1,BruteForce,0.020401406081651408,0.017776328127728426,0.023278131040264598
3,7,2,False,6,Spoofing,2,DDoS,0.013506267769048062,0.017426989131094233,0.017741098045604767
3,7,2,False,6,Spoofing,3,DoS,0.005997874930373192,0.016617554522859387,0.012648525007504335
3,7,2,False,6,Spoofing,4,Mirai,0.30057124673271574,0.05994139983448873,0.2670821207875175
3,7,2,False,6,Spoofing,5,Recon,0.46382545758189186,0.07367074125782903,0.43052505663098384
3,7,2,False,6,Spoofing,6,Spoofing,0.03198934827564189,0.11362032173612643,0.03004922431937169
3,7,2,False,6,Spoofing,7,Web-Based,0.020457973694596097,0.02829170782409302,0.024314877200027393
3,7,2,False,7,Web-Based,0,Benign,0.13915269926963664,0.6848453535848297,0.1962894387748555
3,7,2,False,7,Web-Based,1,BruteForce,0.021387298478983116,0.01865116309534072,0.024985598368520306
3,7,2,False,7,Web-Based,2,DDoS,0.014761266615336438,0.018662316449385773,0.01880469511973978
3,7,2,False,7,Web-Based,3,DoS,0.005951698315463922,0.01644298253930724,0.011493724610087918
3,7,2,False,7,Web-Based,4,Mirai,0.3674154045208017,0.07289641352160947,0.3146452233364279
3,7,2,False,7,Web-Based,5,Recon,0.40392487934366483,0.06750906161561038,0.3845096424447793
3,7,2,False,7,Web-Based,6,Spoofing,0.02739749272508887,0.09406852065670791,0.02524278815100173
3,7,2,False,7,Web-Based,7,Web-Based,0.020009260731024596,0.02692418853720878,0.024028889194587375
3,7,3,False,0,Benign,0,Benign,0.13928879437452013,0.6910833341923877,0.10365542845886015
3,7,3,False,0,Benign,1,BruteForce,0.3275244516385746,0.017033261706009023,0.31364233041119
3,7,3,False,0,Benign,2,DDoS,0.11154391922804056,0.02167783890293364,0.13289411350267347
3,7,3,False,0,Benign,3,DoS,0.0244278019481692,0.016720669918322426,0.040096497599244205
3,7,3,False,0,Benign,4,Mirai,0.19951902640480304,0.061127950284181144,0.2613729189824508
3,7,3,False,0,Benign,5,Recon,0.11738651072125801,0.07144558803842953,0.08689860809750052
3,7,3,False,0,Benign,6,Spoofing,0.02744153465223003,0.09600596818080792,0.029032341688400323
3,7,3,False,0,Benign,7,Web-Based,0.05286796103240452,0.024905388776928685,0.03240776125968047
3,7,3,False,1,BruteForce,0,Benign,0.09040764876409815,0.6708950119786369,0.08775969915175771
3,7,3,False,1,BruteForce,1,BruteForce,0.4365355901367045,0.022152875263554934,0.3879287918362911
3,7,3,False,1,BruteForce,2,DDoS,0.08695212635038618,0.019808990961300132,0.08307686873606433
3,7,3,False,1,BruteForce,3,DoS,0.023956914176256762,0.016757266405178814,0.03238223734852856
3,7,3,False,1,BruteForce,4,Mirai,0.21004549154451602,0.07537672447072251,0.2727573923287271
3,7,3,False,1,BruteForce,5,Recon,0.060772928224835064,0.06738656570370567,0.07102259152657818
3,7,3,False,1,BruteForce,6,Spoofing,0.02765589247218897,0.09374820820179053,0.02849853630148117
3,7,3,False,1,BruteForce,7,Web-Based,0.06367340833101447,0.03387435701511067,0.03657388277057195
3,7,3,False,2,DDoS,0,Benign,0.03778421955730172,0.20387522367752958,0.038052256140832116
3,7,3,False,2,DDoS,1,BruteForce,0.10890226946179776,0.01468416465588173,0.11155543201374449
3,7,3,False,2,DDoS,2,DDoS,0.6695065362424546,0.5923290805173257,0.6339289401729801
3,7,3,False,2,DDoS,3,DoS,0.017965452280738956,0.021489796469207574,0.025024617857510645
3,7,3,False,2,DDoS,4,Mirai,0.07312595904887376,0.04667755090274322,0.09674701962557258
3,7,3,False,2,DDoS,5,Recon,0.06338481482461288,0.057942007153986085,0.060603384119144434
3,7,3,False,2,DDoS,6,Spoofing,0.009092094716136586,0.03984964126114771,0.013919040611359026
3,7,3,False,2,DDoS,7,Web-Based,0.020238653868083847,0.023152535362178338,0.020169309458856595
3,7,3,False,3,DoS,0,Benign,0.030105854572565063,0.14293112646353318,0.05169134784625525
3,7,3,False,3,DoS,1,BruteForce,0.09209770813686972,0.022487572687222495,0.17446440899656004
3,7,3,False,3,DoS,2,DDoS,0.2694687497254342,0.06532226266438865,0.26446126794935265
3,7,3,False,3,DoS,3,DoS,0.4675446801425525,0.550685299002393,0.24373739424368973
3,7,3,False,3,DoS,4,Mirai,0.08600362493611502,0.05417131752917937,0.17188703543288478
3,7,3,False,3,DoS,5,Recon,0.028752515529470276,0.05156358433573069,0.05176005062554211
3,7,3,False,3,DoS,6,Spoofing,0.010313728141001743,0.0839127293878984,0.02072297423657049
3,7,3,False,3,DoS,7,Web-Based,0.01571313881599151,0.02892610792965415,0.021275520669144954
3,7,3,False,4,Mirai,0,Benign,0.08352348811880111,0.6482710447219113,0.08364169677834647
3,7,3,False,4,Mirai,1,BruteForce,0.35543615254568794,0.020176751911089474,0.34454204107461806
3,7,3,False,4,Mirai,2,DDoS,0.11644573277440444,0.02549156657638483,0.10802410304332254
3,7,3,False,4,Mirai,3,DoS,0.023891786891284864,0.017770039436668564,0.03628623651519381
3,7,3,False,4,Mirai,4,Mirai,0.28666839389638427,0.12328180811216753,0.29901039748220415
3,7,3,False,4,Mirai,5,Recon,0.059288021115116774,0.05356450719724274,0.0676934788905486
3,7,3,False,4,Mirai,6,Spoofing,0.02587668714235759,0.0843842910301105,0.02839695355056522
3,7,3,False,4,Mirai,7,Web-Based,0.04886973751596296,0.027059991014425033,0.03240509266520112
3,7,3,False,5,Recon,0,Benign,0.0895809218695925,0.6581135115535003,0.08487527973875741
3,7,3,False,5,Recon,1,BruteForce,0.4296594302827423,0.02147172321141907,0.38693583863055114
3,7,3,False,5,Recon,2,DDoS,0.0837758734756976,0.019370971291884018,0.07605386908149572
3,7,3,False,5,Recon,3,DoS,0.025460488683490493,0.01663872761125384,0.03388258326476488
3,7,3,False,5,Recon,4,Mirai,0.18723033115425833,0.06474026125873665,0.266624031286924
3,7,3,False,5,Recon,5,Recon,0.09290940318745877,0.09756424485734892,0.09026341051925259
3,7,3,False,5,Recon,6,Spoofing,0.02615281097260738,0.08919101899852672,0.026266967665470074
3,7,3,False,5,Recon,7,Web-Based,0.06523074037415268,0.03290954121733054,0.03509801981278423
3,7,3,False,6,Spoofing,0,Benign,0.13046117585069048,0.6726549575657808,0.10961079379192289
3,7,3,False,6,Spoofing,1,BruteForce,0.35930487754263285,0.017776328127728426,0.33452140163577865
3,7,3,False,6,Spoofing,2,DDoS,0.07241992422531164,0.017426989131094233,0.0906754260509376
3,7,3,False,6,Spoofing,3,DoS,0.02332093632137111,0.016617554522859387,0.03826446730635175
3,7,3,False,6,Spoofing,4,Mirai,0.19939520973302538,0.05994139983448873,0.26724093586339676
3,7,3,False,6,Spoofing,5,Recon,0.12805022191345397,0.07367074125782903,0.09517719567603027
3,7,3,False,6,Spoofing,6,Spoofing,0.02902059007739134,0.11362032173612643,0.031129274587726147
3,7,3,False,6,Spoofing,7,Web-Based,0.0580270643361232,0.02829170782409302,0.03338050508785609
3,7,3,False,7,Web-Based,0,Benign,0.11643820452568837,0.6848453535848297,0.10195829002179528
3,7,3,False,7,Web-Based,1,BruteForce,0.36914902664318633,0.01865116309534072,0.3489360624085352
3,7,3,False,7,Web-Based,2,DDoS,0.08293960577471979,0.018662316449385773,0.09654555279946356
3,7,3,False,7,Web-Based,3,DoS,0.022280580732728997,0.01644298253930724,0.03293791713796543
3,7,3,False,7,Web-Based,4,Mirai,0.216089251886085,0.07289641352160947,0.27190372087218245
3,7,3,False,7,Web-Based,5,Recon,0.10807388642811412,0.06750906161561038,0.08565920363249828
3,7,3,False,7,Web-Based,6,Spoofing,0.02771444337556396,0.09406852065670791,0.02822449452280109
3,7,3,False,7,Web-Based,7,Web-Based,0.05731500063391343,0.02692418853720878,0.03383475860475867
3,7,4,False,0,Benign,0,Benign,0.5628152670466614,0.6910833341923877,0.5177038304156285
3,7,4,False,0,Benign,1,BruteForce,0.02033342032516745,0.017033261706009023,0.020012755595907723
3,7,4,False,0,Benign,2,DDoS,0.012883791204225553,0.02167783890293364,0.01793366016228454
3,7,4,False,0,Benign,3,DoS,0.04851911768047074,0.016720669918322426,0.11535192895060196
3,7,4,False,0,Benign,4,Mirai,0.04307760702469742,0.061127950284181144,0.04411739693800474
3,7,4,False,0,Benign,5,Recon,0.04332876515242834,0.07144558803842953,0.042483218691302345
3,7,4,False,0,Benign,6,Spoofing,0.1387830623412224,0.09600596818080792,0.1304068259606468
3,7,4,False,0,Benign,7,Web-Based,0.13025896922512673,0.024905388776928685,0.11199038328562326
3,7,4,False,1,BruteForce,0,Benign,0.5134210542774524,0.6708950119786369,0.5495432546709869
3,7,4,False,1,BruteForce,1,BruteForce,0.026601594407564988,0.022152875263554934,0.02165859105931664
3,7,4,False,1,BruteForce,2,DDoS,0.014719092976626408,0.019808990961300132,0.017828682684649624
3,7,4,False,1,BruteForce,3,DoS,0.022261193833986233,0.016757266405178814,0.03635635178125444
3,7,4,False,1,BruteForce,4,Mirai,0.049358770324334236,0.07537672447072251,0.04683117034977552
3,7,4,False,1,BruteForce,5,Recon,0.043993251879430914,0.06738656570370567,0.04482766196349518
3,7,4,False,1,BruteForce,6,Spoofing,0.13701170297791698,0.09374820820179053,0.13509577416583657
3,7,4,False,1,BruteForce,7,Web-Based,0.19263333932268795,0.03387435701511067,0.1478585133246852
3,7,4,False,2,DDoS,0,Benign,0.15903662734571797,0.20387522367752958,0.1844103631468208
3,7,4,False,2,DDoS,1,BruteForce,0.012713382717183147,0.01468416465588173,0.01898262559210523
3,7,4,False,2,DDoS,2,DDoS,0.6011693949811404,0.5923290805173257,0.5205270368697392
3,7,4,False,2,DDoS,3,DoS,0.07204764618149308,0.021489796469207574,0.10396134561340926
3,7,4,False,2,DDoS,4,Mirai,0.02050601503457861,0.04667755090274322,0.026753962094986414
3,7,4,False,2,DDoS,5,Recon,0.0256119320738442,0.057942007153986085,0.03161822390434221
3,7,4,False,2,DDoS,6,Spoofing,0.0488229120104359,0.03984964126114771,0.05490353552938421
3,7,4,False,2,DDoS,7,Web-Based,0.06009208965560681,0.023152535362178338,0.05884290724921263
3,7,4,False,3,DoS,0,Benign,0.06584988360378337,0.14293112646353318,0.09351345782694219
3,7,4,False,3,DoS,1,BruteForce,0.00921683836647072,0.022487572687222495,0.016997392263314304
3,7,4,False,3,DoS,2,DDoS,0.023524970222310884,0.06532226266438865,0.025245331134652337
3,7,4,False,3,DoS,3,DoS,0.8027406648437257,0.550685299002393,0.7356166966541927
3,7,4,False,3,DoS,4,Mirai,0.017237922898350255,0.05417131752917937,0.01619302477329737
3,7,4,False,3,DoS,5,Recon,0.013058045858538236,0.05156358433573069,0.023789949494644646
3,7,4,False,3,DoS,6,Spoofing,0.04462439120080525,0.0839127293878984,0.05650297212537534
3,7,4,False,3,DoS,7,Web-Based,0.023747283006015512,0.02892610792965415,0.032141175727581114
3,7,4,False,4,Mirai,0,Benign,0.523831980891153,0.6482710447219113,0.5206893661128501
3,7,4,False,4,Mirai,1,BruteForce,0.025845954864449103,0.020176751911089474,0.02156250948491538
3,7,4,False,4,Mirai,2,DDoS,0.014690436566414193,0.02549156657638483,0.0179766618232953
3,7,4,False,4,Mirai,3,DoS,0.03960130918695085,0.017770039436668564,0.10459671151441557
3,7,4,False,4,Mirai,4,Mirai,0.09372969028976824,0.12328180811216753,0.050580328145037164
3,7,4,False,4,Mirai,5,Recon,0.033548623675895596,0.05356450719724274,0.03847202985574258
3,7,4,False,4,Mirai,6,Spoofing,0.13843592919950573,0.0843842910301105,0.13433892473411488
3,7,4,False,4,Mirai,7,Web-Based,0.1303160753258633,0.027059991014425033,0.11178346832962907
3,7,4,False,5,Recon,0,Benign,0.5081523852212538,0.6581135115535003,0.5437600394027363
3,7,4,False,5,Recon,1,BruteForce,0.025057496605151382,0.02147172321141907,0.021492765532408677
3,7,4,False,5,Recon,2,DDoS,0.014354886309526197,0.019370971291884018,0.017652583357376076
3,7,4,False,5,Recon,3,DoS,0.022476712191624518,0.01663872761125384,0.04745859597937408
3,7,4,False,5,Recon,4,Mirai,0.040811285095574544,0.06474026125873665,0.045098754252087016
3,7,4,False,5,Recon,5,Recon,0.06655832873342547,0.09756424485734892,0.052156142547658234
3,7,4,False,5,Recon,6,Spoofing,0.12542872202994118,0.08919101899852672,0.12716849671123942
3,7,4,False,5,Recon,7,Web-Based,0.19716018381350284,0.03290954121733054,0.1452126222171203
3,7,4,False,6,Spoofing,0,Benign,0.5401054804109111,0.6726549575657808,0.5434011377035223
3,7,4,False,6,Spoofing,1,BruteForce,0.021439014677406918,0.017776328127728426,0.020362518855757978
3,7,4,False,6,Spoofing,2,DDoS,0.012602801102281484,0.017426989131094233,0.01727954712139606
3,7,4,False,6,Spoofing,3,DoS,0.022564268414782818,0.016617554522859387,0.07245160376449086
3,7,4,False,6,Spoofing,4,Mirai,0.041776807250345556,0.05994139983448873,0.0453972295389844
3,7,4,False,6,Spoofing,5,Recon,0.04372637086487589,0.07367074125782903,0.04387503068262231
3,7,4,False,6,Spoofing,6,Spoofing,0.17049100622286792,0.11362032173612643,0.13507063633062197
3,7,4,False,6,Spoofing,7,Web-Based,0.14729425105652838,0.02829170782409302,0.12216229600260421
3,7,4,False,7,Web-Based,0,Benign,0.5554812058762109,0.6848453535848297,0.5641695824205943
3,7,4,False,7,Web-Based,1,BruteForce,0.023191044294625752,0.01865116309534072,0.02097256177134513
3,7,4,False,7,Web-Based,2,DDoS,0.013913302966104915,0.018662316449385773,0.0188801704016472
3,7,4,False,7,Web-Based,3,DoS,0.02159113151242644,0.01644298253930724,0.04438591305510618
3,7,4,False,7,Web-Based,4,Mirai,0.047481265850890256,0.07289641352160947,0.04744043216397025
3,7,4,False,7,Web-Based,5,Recon,0.042026219549164114,0.06750906161561038,0.042341671985028514
3,7,4,False,7,Web-Based,6,Spoofing,0.13609936966984948,0.09406852065670791,0.13116663310945315
3,7,4,False,7,Web-Based,7,Web-Based,0.16021646028072828,0.02692418853720878,0.13064303509285538
3,7,5,False,0,Benign,0,Benign,0.37801301703433604,0.6910833341923877,0.40220593450963066
3,7,5,False,0,Benign,1,BruteForce,0.012339868446633448,0.017033261706009023,0.02103857152147979
3,7,5,False,0,Benign,2,DDoS,0.03819777645404647,0.02167783890293364,0.04061830490910044
3,7,5,False,0,Benign,3,DoS,0.01309335836535727,0.016720669918322426,0.022009938603603275
3,7,5,False,0,Benign,4,Mirai,0.020492975251060454,0.061127950284181144,0.03126625917252156
3,7,5,False,0,Benign,5,Recon,0.061454989613928125,0.07144558803842953,0.07220608344950574
3,7,5,False,0,Benign,6,Spoofing,0.4575945239882169,0.09600596818080792,0.3828969373834561
3,7,5,False,0,Benign,7,Web-Based,0.018813490846421466,0.024905388776928685,0.027757970450702364
3,7,5,False,1,BruteForce,0,Benign,0.3581440692174717,0.6708950119786369,0.42905685708193025
3,7,5,False,1,BruteForce,1,BruteForce,0.013494191535439478,0.022152875263554934,0.021558676539520146
3,7,5,False,1,BruteForce,2,DDoS,0.01134119079227363,0.019808990961300132,0.01766640951671411
3,7,5,False,1,BruteForce,3,DoS,0.011232489076812666,0.016757266405178814,0.020968978844544007
3,7,5,False,1,BruteForce,4,Mirai,0.019829383277027792,0.07537672447072251,0.03155842333233177
3,7,5,False,1,BruteForce,5,Recon,0.06418132237239699,0.06738656570370567,0.07636215708923196
3,7,5,False,1,BruteForce,6,Spoofing,0.49988240879025403,0.09374820820179053,0.37208668638201414
3,7,5,False,1,BruteForce,7,Web-Based,0.021894944938323637,0.03387435701511067,0.030741811213713676
3,7,5,False,2,DDoS,0,Benign,0.11391203576363272,0.20387522367752958,0.13903364655999942
3,7,5,False,2,DDoS,1,BruteForce,0.0072033730347270085,0.01468416465588173,0.015549456999288376
3,7,5,False,2,DDoS,2,DDoS,0.6537298736399436,0.5923290805173257,0.6035273335389713
3,7,5,False,2,DDoS,3,DoS,0.007885914311990988,0.021489796469207574,0.015202293716484332
3,7,5,False,2,DDoS,4,Mirai,0.00940576393771604,0.04667755090274322,0.017922082298651696
3,7,5,False,2,DDoS,5,Recon,0.053009697053913236,0.057942007153986085,0.04909046060605887
3,7,5,False,2,DDoS,6,Spoofing,0.1445675069081502,0.03984964126114771,0.13984095993223702
3,7,5,False,2,DDoS,7,Web-Based,0.010285835349926187,0.023152535362178338,0.019833766348308975
3,7,5,False,3,DoS,0,Benign,0.06914290711688878,0.14293112646353318,0.1771378606540393
3,7,5,False,3,DoS,1,BruteForce,0.010836686993701468,0.022487572687222495,0.022192060148302464
3,7,5,False,3,DoS,2,DDoS,0.1695206403119791,0.06532226266438865,0.14757139245977752
3,7,5,False,3,DoS,3,DoS,0.430984315470983,0.550685299002393,0.193839159142574
3,7,5,False,3,DoS,4,Mirai,0.009281983588361667,0.05417131752917937,0.0205013011768532
3,7,5,False,3,DoS,5,Recon,0.026973708565597086,0.05156358433573069,0.054400707778905044
3,7,5,False,3,DoS,6,Spoofing,0.2714915961596036,0.0839127293878984,0.35955569026902856
3,7,5,False,3,DoS,7,Web-Based,0.0117681617928853,0.02892610792965415,0.02480182837051996
3,7,5,False,4,Mirai,0,Benign,0.33944340065668976,0.6482710447219113,0.40791080878104446
3,7,5,False,4,Mirai,1,BruteForce,0.013256303081344048,0.020176751911089474,0.021205339273532357
3,7,5,False,4,Mirai,2,DDoS,0.027814825169926855,0.02549156657638483,0.029801017908906765
3,7,5,False,4,Mirai,3,DoS,0.01185169732957628,0.017770039436668564,0.020934601355838127
3,7,5,False,4,Mirai,4,Mirai,0.023042675765209793,0.12328180811216753,0.032194897366475565
3,7,5,False,4,Mirai,5,Recon,0.04653863959732896,0.05356450719724274,0.06396417723101923
3,7,5,False,4,Mirai,6,Spoofing,0.5196098430099491,0.0843842910301105,0.39746907879743465
3,7,5,False,4,Mirai,7,Web-Based,0.018442615389975235,0.027059991014425033,0.02652007928574893
3,7,5,False,5,Recon,0,Benign,0.3735794633859026,0.6581135115535003,0.4292482908677216
3,7,5,False,5,Recon,1,BruteForce,0.013459271809840224,0.02147172321141907,0.021791092174908384
3,7,5,False,5,Recon,2,DDoS,0.010552410310525957,0.019370971291884018,0.017496807203920127
3,7,5,False,5,Recon,3,DoS,0.011378440025337432,0.01663872761125384,0.021242025442751427
3,7,5,False,5,Recon,4,Mirai,0.019663389816971178,0.06474026125873665,0.031083646837736515
3,7,5,False,5,Recon,5,Recon,0.10566801405229871,0.09756424485734892,0.09258055764430936
3,7,5,False,5,Recon,6,Spoofing,0.44226385047937083,0.08919101899852672,0.35566082176020447
3,7,5,False,5,Recon,7,Web-Based,0.023435160119753152,0.03290954121733054,0.03089675806844817
3,7,5,False,6,Spoofing,0,Benign,0.35199880051132354,0.6726549575657808,0.40447750095603274
3,7,5,False,6,Spoofing,1,BruteForce,0.012120033915402855,0.017776328127728426,0.02065305880153374
3,7,5,False,6,Spoofing,2,DDoS,0.011165996926511476,0.017426989131094233,0.019035760135493303
3,7,5,False,6,Spoofing,3,DoS,0.010917612424441914,0.016617554522859387,0.020471612679430515
3,7,5,False,6,Spoofing,4,Mirai,0.018622085440023885,0.05994139983448873,0.030508931855372786
3,7,5,False,6,Spoofing,5,Recon,0.05990467058665288,0.07367074125782903,0.0701164953852932
3,7,5,False,6,Spoofing,6,Spoofing,0.5165280967388205,0.11362032173612643,0.4072008247561573
3,7,5,False,6,Spoofing,7,Web-Based,0.018742703456823096,0.02829170782409302,0.027535815430686495
3,7,5,False,7,Web-Based,0,Benign,0.390634648792883,0.6848453535848297,0.44349633709586733
3,7,5,False,7,Web-Based,1,BruteForce,0.012796471645593633,0.01865116309534072,0.02171641108782637
3,7,5,False,7,Web-Based,2,DDoS,0.013252455916296575,0.018662316449385773,0.022566626046648587
3,7,5,False,7,Web-Based,3,DoS,0.010768600326442645,0.01644298253930724,0.02037516233284626
3,7,5,False,7,Web-Based,4,Mirai,0.02086620288526712,0.07289641352160947,0.031884403356347214
3,7,5,False,7,Web-Based,5,Recon,0.058034006685626874,0.06750906161561038,0.06879019730964084
3,7,5,False,7,Web-Based,6,Spoofing,0.47351776549950964,0.09406852065670791,0.36173890379685236
3,7,5,False,7,Web-Based,7,Web-Based,0.020129848248380485,0.02692418853720878,0.029431958973971033
3,7,6,False,0,Benign,0,Benign,0.6078498341178512,0.6910833341923877,0.5533220535677777
3,7,6,False,0,Benign,1,BruteForce,0.07271186135996463,0.017033261706009023,0.06898462915298148
3,7,6,False,0,Benign,2,DDoS,0.01355546011964707,0.02167783890293364,0.016236759281946685
3,7,6,False,0,Benign,3,DoS,0.027223634464095415,0.016720669918322426,0.030917905927527717
3,7,6,False,0,Benign,4,Mirai,0.2355333946989334,0.061127950284181144,0.28439518176001205
3,7,6,False,0,Benign,5,Recon,0.01580192180074744,0.07144558803842953,0.01695806317709389
3,7,6,False,0,Benign,6,Spoofing,0.01170525338981672,0.09600596818080792,0.014593666581891563
3,7,6,False,0,Benign,7,Web-Based,0.015618640048944199,0.024905388776928685,0.014591740550768924
3,7,6,False,1,BruteForce,0,Benign,0.5605588525757926,0.6708950119786369,0.54400529882358
3,7,6,False,1,BruteForce,1,BruteForce,0.09595402676252916,0.022152875263554934,0.07990857131163231
3,7,6,False,1,BruteForce,2,DDoS,0.01533730662957025,0.019808990961300132,0.016266151961424412
3,7,6,False,1,BruteForce,3,DoS,0.016240633675177887,0.016757266405178814,0.021643890188641896
3,7,6,False,1,BruteForce,4,Mirai,0.2660595649104287,0.07537672447072251,0.29143996169570435
3,7,6,False,1,BruteForce,5,Recon,0.01469138201650746,0.06738656570370567,0.016803302371100354
3,7,6,False,1,BruteForce,6,Spoofing,0.011676578921054495,0.09374820820179053,0.014395744172331583
3,7,6,False,1,BruteForce,7,Web-Based,0.019481654508939385,0.03387435701511067,0.015537079475585209
3,7,6,False,2,DDoS,0,Benign,0.28511712877545003,0.20387522367752958,0.3669103531475369
3,7,6,False,2,DDoS,1,BruteForce,0.05771182989542206,0.01468416465588173,0.06385259809738451
3,7,6,False,2,DDoS,2,DDoS,0.3350813363683925,0.5923290805173257,0.19803431817143052
3,7,6,False,2,DDoS,3,DoS,0.046993516440198745,0.021489796469207574,0.04152386304983489
3,7,6,False,2,DDoS,4,Mirai,0.23322109943749866,0.04667755090274322,0.27389020300576633
3,7,6,False,2,DDoS,5,Recon,0.016763062428155253,0.057942007153986085,0.021806495604995393
3,7,6,False,2,DDoS,6,Spoofing,0.00888940025980021,0.03984964126114771,0.014683040269177664
3,7,6,False,2,DDoS,7,Web-Based,0.016222626395082627,0.023152535362178338,0.019299128653873846
3,7,6,False,3,DoS,0,Benign,0.1436069123072595,0.14293112646353318,0.2859807207133825
3,7,6,False,3,DoS,1,BruteForce,0.03877221122261731,0.022487572687222495,0.07974435842859702
3,7,6,False,3,DoS,2,DDoS,0.019639157868907478,0.06532226266438865,0.030716426453766214
3,7,6,False,3,DoS,3,DoS,0.6436051402641703,0.550685299002393,0.25965062762879243
3,7,6,False,3,DoS,4,Mirai,0.1228434212462891,0.05417131752917937,0.28656192753974036
3,7,6,False,3,DoS,5,Recon,0.010614233593246942,0.05156358433573069,0.019257743359012473
3,7,6,False,3,DoS,6,Spoofing,0.011976330222710985,0.0839127293878984,0.02173634008807531
3,7,6,False,3,DoS,7,Web-Based,0.008942593274798438,0.02892610792965415,0.016351855788633726
3,7,6,False,4,Mirai,0,Benign,0.4766255573539886,0.6482710447219113,0.5068176393200531
3,7,6,False,4,Mirai,1,BruteForce,0.0851168770235425,0.020176751911089474,0.07718628775546857
3,7,6,False,4,Mirai,2,DDoS,0.015806415893006392,0.02549156657638483,0.016775599890702073
3,7,6,False,4,Mirai,3,DoS,0.01976289757464248,0.017770039436668564,0.02572932358749826
3,7,6,False,4,Mirai,4,Mirai,0.3635436813987744,0.12328180811216753,0.32851279039527786
3,7,6,False,4,Mirai,5,Recon,0.012727757170679711,0.05356450719724274,0.015945339240675878
3,7,6,False,4,Mirai,6,Spoofing,0.011014555692732438,0.0843842910301105,0.014541908948421844
3,7,6,False,4,Mirai,7,Web-Based,0.015402257892633353,0.027059991014425033,0.014491110861902466
3,7,6,False,5,Recon,0,Benign,0.5675272265809201,0.6581135115535003,0.5405821954874683
3,7,6,False,5,Recon,1,BruteForce,0.09813451539925393,0.02147172321141907,0.08139451097409532
3,7,6,False,5,Recon,2,DDoS,0.015503463513473335,0.019370971291884018,0.016296481576927063
3,7,6,False,5,Recon,3,DoS,0.02025014615981324,0.01663872761125384,0.022507649117635895
3,7,6,False,5,Recon,4,Mirai,0.24753786362228905,0.06474026125873665,0.29245870682761
3,7,6,False,5,Recon,5,Recon,0.020027976050784633,0.09756424485734892,0.017181213443863825
3,7,6,False,5,Recon,6,Spoofing,0.011376400128764933,0.08919101899852672,0.014030698384707137
3,7,6,False,5,Recon,7,Web-Based,0.019642408544700774,0.03290954121733054,0.015548544187692432
3,7,6,False,6,Spoofing,0,Benign,0.5979699241804867,0.6726549575657808,0.5663001184610619
3,7,6,False,6,Spoofing,1,BruteForce,0.07865310262202199,0.017776328127728426,0.06862083192680174
3,7,6,False,6,Spoofing,2,DDoS,0.013359399772290323,0.017426989131094233,0.015746564946312814
3,7,6,False,6,Spoofing,3,DoS,0.019675199552181385,0.016617554522859387,0.026705564723010826
3,7,6,False,6,Spoofing,4,Mirai,0.24500850032236676,0.05994139983448873,0.275207956181117
3,7,6,False,6,Spoofing,5,Recon,0.01607129589008142,0.07367074125782903,0.017248043145104478
3,7,6,False,6,Spoofing,6,Spoofing,0.012302132956925569,0.11362032173612643,0.015202957638115607
3,7,6,False,6,Spoofing,7,Web-Based,0.016960444703645963,0.02829170782409302,0.014967962978475633
3,7,6,False,7,Web-Based,0,Benign,0.5697917568706952,0.6848453535848297,0.5530833125561773
3,7,6,False,7,Web-Based,1,BruteForce,0.08355272975818623,0.01865116309534072,0.07304811479536019
3,7,6,False,7,Web-Based,2,DDoS,0.01423983662505112,0.018662316449385773,0.01591351671596977
3,7,6,False,7,Web-Based,3,DoS,0.016953963812384246,0.01644298253930724,0.023354978390403413
3,7,6,False,7,Web-Based,4,Mirai,0.2726170686099522,0.07289641352160947,0.2886024526750806
3,7,6,False,7,Web-Based,5,Recon,0.014813944982952156,0.06750906161561038,0.016811274346654012
3,7,6,False,7,Web-Based,6,Spoofing,0.01151433962919679,0.09406852065670791,0.014167355507495693
3,7,6,False,7,Web-Based,7,Web-Based,0.016516359711582197,0.02692418853720878,0.015018995012859014
3,7,7,True,0,Benign,0,Benign,0.8069414076248755,0.6910833341923877,0.17799036194300333
3,7,7,True,0,Benign,1,BruteForce,0.011967220937304962,0.017033261706009023,0.02187674971394593
3,7,7,True,0,Benign,2,DDoS,0.05046056976664258,0.02167783890293364,0.20918877221220372
3,7,7,True,0,Benign,3,DoS,0.014191699563635333,0.016720669918322426,0.04114902439379042
3,7,7,True,0,Benign,4,Mirai,0.03508214550041997,0.061127950284181144,0.09724482852833909
3,7,7,True,0,Benign,5,Recon,0.022165503066979626,0.07144558803842953,0.08934189131968302
3,7,7,True,0,Benign,6,Spoofing,0.03638839169366404,0.09600596818080792,0.275095812367344
3,7,7,True,0,Benign,7,Web-Based,0.02280306184647789,0.024905388776928685,0.08811255952169059
3,7,7,True,1,BruteForce,0,Benign,0.8030508941361365,0.6708950119786369,0.19794884703247667
3,7,7,True,1,BruteForce,1,BruteForce,0.012962914499213394,0.022152875263554934,0.023402910423112284
3,7,7,True,1,BruteForce,2,DDoS,0.05074910572075941,0.019808990961300132,0.16579686728100976
3,7,7,True,1,BruteForce,3,DoS,0.01301291223287326,0.016757266405178814,0.014982032762471079
3,7,7,True,1,BruteForce,4,Mirai,0.03571726319635195,0.07537672447072251,0.11099502275214887
3,7,7,True,1,BruteForce,5,Recon,0.019002858674449303,0.06738656570370567,0.10014214717299005
3,7,7,True,1,BruteForce,6,Spoofing,0.03876990199867493,0.09374820820179053,0.26173941061019373
3,7,7,True,1,BruteForce,7,Web-Based,0.02673414954154126,0.03387435701511067,0.12499276196559765
3,7,7,True,2,DDoS,0,Benign,0.7954429442335026,0.20387522367752958,0.06130843670232397
3,7,7,True,2,DDoS,1,BruteForce,0.012263473957852093,0.01468416465588173,0.012272504593164405
3,7,7,True,2,DDoS,2,DDoS,0.06809161089450214,0.5923290805173257,0.7004594695903055
3,7,7,True,2,DDoS,3,DoS,0.018072625224976182,0.021489796469207574,0.02344782293096984
3,7,7,True,2,DDoS,4,Mirai,0.03365354173405575,0.04667755090274322,0.0378035247023691
3,7,7,True,2,DDoS,5,Recon,0.02519392584359213,0.057942007153986085,0.05123042397734178
3,7,7,True,2,DDoS,6,Spoofing,0.02635522858545308,0.03984964126114771,0.07748226820645948
3,7,7,True,2,DDoS,7,Web-Based,0.02092664952606613,0.023152535362178338,0.03599554929706604
3,7,7,True,3,DoS,0,Benign,0.7781175578451969,0.14293112646353318,0.05912436404983344
3,7,7,True,3,DoS,1,BruteForce,0.013690921675075907,0.022487572687222495,0.01987724292083008
3,7,7,True,3,DoS,2,DDoS,0.07154968266362269,0.06532226266438865,0.27974746942285916
3,7,7,True,3,DoS,3,DoS,0.0355584475464347,0.550685299002393,0.3982860176001124
3,7,7,True,3,DoS,4,Mirai,0.025678387955154622,0.05417131752917937,0.03559378359501032
3,7,7,True,3,DoS,5,Recon,0.025178402151265423,0.05156358433573069,0.04099630124410015
3,7,7,True,3,DoS,6,Spoofing,0.02797513112423625,0.0839127293878984,0.1281256458776892
3,7,7,True,3,DoS,7,Web-Based,0.022251469039013556,0.02892610792965415,0.038249175289565354
3,7,7,True,4,Mirai,0,Benign,0.8044462580497688,0.6482710447219113,0.18817983163875468
3,7,7,True,4,Mirai,1,BruteForce,0.012270207644975824,0.020176751911089474,0.023487794738531277
3,7,7,True,4,Mirai,2,DDoS,0.052614054360127276,0.02549156657638483,0.2105404355382201
3,7,7,True,4,Mirai,3,DoS,0.013665083087235989,0.017770039436668564,0.033926098429761194
3,7,7,True,4,Mirai,4,Mirai,0.037817966693545285,0.12328180811216753,0.11725573870217634
3,7,7,True,4,Mirai,5,Recon,0.018754925105776345,0.05356450719724274,0.07754839506547791
3,7,7,True,4,Mirai,6,Spoofing,0.03753972899978408,0.0843842910301105,0.2614029317040846
3,7,7,True,4,Mirai,7,Web-Based,0.022891776058786402,0.027059991014425033,0.08765877418299396
3,7,7,True,5,Recon,0,Benign,0.803072300738659,0.6581135115535003,0.2000017254195583
3,7,7,True,5,Recon,1,BruteForce,0.012823825478565528,0.02147172321141907,0.023705868124519008
3,7,7,True,5,Recon,2,DDoS,0.05095645980239759,0.019370971291884018,0.16496333744467795
3,7,7,True,5,Recon,3,DoS,0.013126060006437951,0.01663872761125384,0.015418307969859076
3,7,7,True,5,Recon,4,Mirai,0.03486981362486767,0.06474026125873665,0.10963311489477491
3,7,7,True,5,Recon,5,Recon,0.01981134922620146,0.09756424485734892,0.11675238353955904
3,7,7,True,5,Recon,6,Spoofing,0.03887443975276592,0.08919101899852672,0.24483656754617894
3,7,7,True,5,Recon,7,Web-Based,0.02646575137010498,0.03290954121733054,0.12468869506087282
3,7,7,True,6,Spoofing,0,Benign,0.8067936819137121,0.6726549575657808,0.1937722794759604
3,7,7,True,6,Spoofing,1,BruteForce,0.01224843904069827,0.017776328127728426,0.02242835226609015
3,7,7,True,6,Spoofing,2,DDoS,0.04782260056594946,0.017426989131094233,0.15804611420041184
3,7,7,True,6,Spoofing,3,DoS,0.013943716175946915,0.016617554522859387,0.031148825804048003
3,7,7,True,6,Spoofing,4,Mirai,0.033723664056821756,0.05994139983448873,0.1001326832849986
3,7,7,True,6,Spoofing,5,Recon,0.022839374230672078,0.07367074125782903,0.09110586929081994
3,7,7,True,6,Spoofing,6,Spoofing,0.03840019430815702,0.11362032173612643,0.30553536478896126
3,7,7,True,6,Spoofing,7,Web-Based,0.024228329708042416,0.02829170782409302,0.0978305108887098
3,7,7,True,7,Web-Based,0,Benign,0.8063132964985126,0.6848453535848297,0.20061626070220598
3,7,7,True,7,Web-Based,1,BruteForce,0.0123068119263322,0.01865116309534072,0.02354598482732804
3,7,7,True,7,Web-Based,2,DDoS,0.049860531268186604,0.018662316449385773,0.17620558467171252
3,7,7,True,7,Web-Based,3,DoS,0.013326831250894315,0.01644298253930724,0.016535773602640844
3,7,7,True,7,Web-Based,4,Mirai,0.03602661831036879,0.07289641352160947,0.11208217686044311
3,7,7,True,7,Web-Based,5,Recon,0.02010699275048217,0.06750906161561038,0.0915469054239257
3,7,7,True,7,Web-Based,6,Spoofing,0.03794949201004013,0.09406852065670791,0.27096461243105235
3,7,7,True,7,Web-Based,7,Web-Based,0.024109425985183248,0.02692418853720878,0.1085027014806915
3,7,8,True,0,Benign,0,Benign,0.7684116875052102,0.6910833341923877,0.015012125580573696
3,7,8,True,0,Benign,1,BruteForce,0.009718501224497854,0.017033261706009023,0.013583283882797656
3,7,8,True,0,Benign,2,DDoS,0.00994083570168703,0.02167783890293364,0.05403850225466629
3,7,8,True,0,Benign,3,DoS,0.011602652352702362,0.016720669918322426,0.04637137098908002
3,7,8,True,0,Benign,4,Mirai,0.03267251918846814,0.061127950284181144,0.023900470780523812
3,7,8,True,0,Benign,5,Recon,0.02463937030172234,0.07144558803842953,0.04399718309899066
3,7,8,True,0,Benign,6,Spoofing,0.12778174686323418,0.09600596818080792,0.7898947728227513
3,7,8,True,0,Benign,7,Web-Based,0.015232686862477977,0.024905388776928685,0.013202290590616356
3,7,8,True,1,BruteForce,0,Benign,0.7559274959638876,0.6708950119786369,0.013984800476541343
3,7,8,True,1,BruteForce,1,BruteForce,0.01056703319093605,0.022152875263554934,0.010884808187682527
3,7,8,True,1,BruteForce,2,DDoS,0.009895664868826533,0.019808990961300132,0.024654729550449367
3,7,8,True,1,BruteForce,3,DoS,0.010955525332031535,0.016757266405178814,0.01728556636239547
3,7,8,True,1,BruteForce,4,Mirai,0.034009387981748004,0.07537672447072251,0.024138858706464972
3,7,8,True,1,BruteForce,5,Recon,0.02209613279233006,0.06738656570370567,0.03876761971958701
3,7,8,True,1,BruteForce,6,Spoofing,0.13978723122387599,0.09374820820179053,0.8587316660898501
3,7,8,True,1,BruteForce,7,Web-Based,0.016761528646364363,0.03387435701511067,0.011551950907029152
3,7,8,True,2,DDoS,0,Benign,0.8049546313736698,0.20387522367752958,0.010899026149208716
3,7,8,True,2,DDoS,1,BruteForce,0.01004018675310901,0.01468416465588173,0.012513172752424412
3,7,8,True,2,DDoS,2,DDoS,0.021536042970602676,0.5923290805173257,0.6063147205053784
3,7,8,True,2,DDoS,3,DoS,0.013704713321863246,0.021489796469207574,0.028914547967623713
3,7,8,True,2,DDoS,4,Mirai,0.02898666135223808,0.04667755090274322,0.01612851130447124
3,7,8,True,2,DDoS,5,Recon,0.02587844323308795,0.057942007153986085,0.04662922813799656
3,7,8,True,2,DDoS,6,Spoofing,0.0782415957708592,0.03984964126114771,0.263056379206694
3,7,8,True,2,DDoS,7,Web-Based,0.016657725224569927,0.023152535362178338,0.015544413976203035
3,7,8,True,3,DoS,0,Benign,0.7966405155615818,0.14293112646353318,0.020003983910308325
3,7,8,True,3,DoS,1,BruteForce,0.010663591283147278,0.022487572687222495,0.022406860727097955
3,7,8,True,3,DoS,2,DDoS,0.012435451385148046,0.06532226266438865,0.13360353264894187
3,7,8,True,3,DoS,3,DoS,0.023192319722168928,0.550685299002393,0.417401482055483
3,7,8,True,3,DoS,4,Mirai,0.023088304371997007,0.05417131752917937,0.01963867126954134
3,7,8,True,3,DoS,5,Recon,0.027011632690469727,0.05156358433573069,0.03558047060135157
3,7,8,True,3,DoS,6,Spoofing,0.09035402377793518,0.0839127293878984,0.3332810755085388
3,7,8,True,3,DoS,7,Web-Based,0.016614161207552065,0.02892610792965415,0.01808392327873717
3,7,8,True,4,Mirai,0,Benign,0.7633510578402365,0.6482710447219113,0.014523434832365126
3,7,8,True,4,Mirai,1,BruteForce,0.010088157570147674,0.020176751911089474,0.013286013515741277
3,7,8,True,4,Mirai,2,DDoS,0.010438817199065163,0.02549156657638483,0.037567689144802116
3,7,8,True,4,Mirai,3,DoS,0.011319523391013069,0.017770039436668564,0.04171931782971395
3,7,8,True,4,Mirai,4,Mirai,0.03545630222804738,0.12328180811216753,0.025720901054699593
3,7,8,True,4,Mirai,5,Recon,0.021110473612927533,0.05356450719724274,0.03131927243426966
3,7,8,True,4,Mirai,6,Spoofing,0.133110482218161,0.0843842910301105,0.8238329746591988
3,7,8,True,4,Mirai,7,Web-Based,0.015125185940401771,0.027059991014425033,0.012030396529209444
3,7,8,True,5,Recon,0,Benign,0.7565356920621225,0.6581135115535003,0.014276808954101479
3,7,8,True,5,Recon,1,BruteForce,0.010434469170732078,0.02147172321141907,0.011012061550043247
3,7,8,True,5,Recon,2,DDoS,0.009745492085273713,0.019370971291884018,0.02479339580083074
3,7,8,True,5,Recon,3,DoS,0.010964047416668158,0.01663872761125384,0.018921535133082406
3,7,8,True,5,Recon,4,Mirai,0.03327564938367852,0.06474026125873665,0.02395125985481923
3,7,8,True,5,Recon,5,Recon,0.023078998381362393,0.09756424485734892,0.05109435652913009
3,7,8,True,5,Recon,6,Spoofing,0.13955275186732022,0.08919101899852672,0.843917265987947
3,7,8,True,5,Recon,7,Web-Based,0.016412899632842523,0.03290954121733054,0.012033316190045638
3,7,8,True,6,Spoofing,0,Benign,0.7601250983432599,0.6726549575657808,0.01451475091290104
3,7,8,True,6,Spoofing,1,BruteForce,0.009916834374134209,0.017776328127728426,0.012436933269371103
3,7,8,True,6,Spoofing,2,DDoS,0.00951142397358443,0.017426989131094233,0.025764582498723522
3,7,8,True,6,Spoofing,3,DoS,0.01144703243096284,0.016617554522859387,0.03633149160460762
3,7,8,True,6,Spoofing,4,Mirai,0.03182801199634467,0.05994139983448873,0.02356491866089236
3,7,8,True,6,Spoofing,5,Recon,0.02550428721085714,0.07367074125782903,0.03869837244947222
3,7,8,True,6,Spoofing,6,Spoofing,0.13581067672988434,0.11362032173612643,0.8372912018582762
3,7,8,True,6,Spoofing,7,Web-Based,0.01585663494097258,0.02829170782409302,0.011397748745755979
3,7,8,True,7,Web-Based,0,Benign,0.7609111360436134,0.6848453535848297,0.014084720087147869
3,7,8,True,7,Web-Based,1,BruteForce,0.010005330601731826,0.01865116309534072,0.011929617482471871
3,7,8,True,7,Web-Based,2,DDoS,0.009855055724946504,0.018662316449385773,0.03443744537240116
3,7,8,True,7,Web-Based,3,DoS,0.011074627524878663,0.01644298253930724,0.01986583874170117
3,7,8,True,7,Web-Based,4,Mirai,0.033792022431208414,0.07289641352160947,0.024269555268988177
3,7,8,True,7,Web-Based,5,Recon,0.02274109514859401,0.06750906161561038,0.03783601648500252
3,7,8,True,7,Web-Based,6,Spoofing,0.135834474239803,0.09406852065670791,0.8455805147589214
3,7,8,True,7,Web-Based,7,Web-Based,0.015786258285224303,0.02692418853720878,0.011996291803365967
3,7,9,False,0,Benign,0,Benign,0.2638043290946095,0.6910833341923877,0.22027493266218157
3,7,9,False,0,Benign,1,BruteForce,0.004650581021967835,0.017033261706009023,0.007158388790665719
3,7,9,False,0,Benign,2,DDoS,0.0065845371363628565,0.02167783890293364,0.010021434087771227
3,7,9,False,0,Benign,3,DoS,0.003288889001652979,0.016720669918322426,0.005121503375723047
3,7,9,False,0,Benign,4,Mirai,0.5000680615414158,0.061127950284181144,0.5309479912755538
3,7,9,False,0,Benign,5,Recon,0.12217965611319741,0.07144558803842953,0.12933863605735318
3,7,9,False,0,Benign,6,Spoofing,0.09556852909293467,0.09600596818080792,0.09118224646429039
3,7,9,False,0,Benign,7,Web-Based,0.003855416997859002,0.024905388776928685,0.005954867286461147
3,7,9,False,1,BruteForce,0,Benign,0.2288575189856025,0.6708950119786369,0.19560910001048665
3,7,9,False,1,BruteForce,1,BruteForce,0.004956940884487307,0.022152875263554934,0.006510673209619323
3,7,9,False,1,BruteForce,2,DDoS,0.00400462873378261,0.019808990961300132,0.006386759347100015
3,7,9,False,1,BruteForce,3,DoS,0.0027999941020851954,0.016757266405178814,0.004638020366097675
3,7,9,False,1,BruteForce,4,Mirai,0.5423789830446821,0.07537672447072251,0.5625829354056487
3,7,9,False,1,BruteForce,5,Recon,0.13363377612679056,0.06738656570370567,0.1302007532028732
3,7,9,False,1,BruteForce,6,Spoofing,0.0795778703888875,0.09374820820179053,0.08871675863006295
3,7,9,False,1,BruteForce,7,Web-Based,0.003790287733682189,0.03387435701511067,0.005354999828111578
3,7,9,False,2,DDoS,0,Benign,0.05557194720696349,0.20387522367752958,0.06193325534919987
3,7,9,False,2,DDoS,1,BruteForce,0.007516019691256616,0.01468416465588173,0.012826512543752777
3,7,9,False,2,DDoS,2,DDoS,0.5653678480310699,0.5923290805173257,0.5420618085443238
3,7,9,False,2,DDoS,3,DoS,0.00485085330581455,0.021489796469207574,0.007166806000963308
3,7,9,False,2,DDoS,4,Mirai,0.27926273196582946,0.04667755090274322,0.2590767458982176
3,7,9,False,2,DDoS,5,Recon,0.05359041116683028,0.057942007153986085,0.06364564766958493
3,7,9,False,2,DDoS,6,Spoofing,0.028264089585681537,0.03984964126114771,0.04186467937364931
3,7,9,False,2,DDoS,7,Web-Based,0.005576099046554224,0.023152535362178338,0.011424544620308341
3,7,9,False,3,DoS,0,Benign,0.05594780634477357,0.14293112646353318,0.06609204501600774
3,7,9,False,3,DoS,1,BruteForce,0.012221386545246007,0.022487572687222495,0.014071188369125963
3,7,9,False,3,DoS,2,DDoS,0.11470085457740269,0.06532226266438865,0.0908846909305015
3,7,9,False,3,DoS,3,DoS,0.04597361070063439,0.550685299002393,0.009330757913482085
3,7,9,False,3,DoS,4,Mirai,0.5688493824423722,0.05417131752917937,0.6360774456422916
3,7,9,False,3,DoS,5,Recon,0.037599855536586325,0.05156358433573069,0.049724422867887266
3,7,9,False,3,DoS,6,Spoofing,0.1585326668135019,0.0839127293878984,0.1248976780823852
3,7,9,False,3,DoS,7,Web-Based,0.006174437039483021,0.02892610792965415,0.008921771178318612
3,7,9,False,4,Mirai,0,Benign,0.1546367927387701,0.6482710447219113,0.14241902749575885
3,7,9,False,4,Mirai,1,BruteForce,0.004587866855882161,0.020176751911089474,0.007238306306116324
3,7,9,False,4,Mirai,2,DDoS,0.004416505974391452,0.02549156657638483,0.006958832914329471
3,7,9,False,4,Mirai,3,DoS,0.0027151585976254757,0.017770039436668564,0.004578687409301001
3,7,9,False,4,Mirai,4,Mirai,0.7355642617307981,0.12328180811216753,0.7140882226677944
3,7,9,False,4,Mirai,5,Recon,0.04025328529816229,0.05356450719724274,0.057983451710110684
3,7,9,False,4,Mirai,6,Spoofing,0.05518136581387489,0.0843842910301105,0.06240855521804545
3,7,9,False,4,Mirai,7,Web-Based,0.002644762990495434,0.027059991014425033,0.004324916278543922
3,7,9,False,5,Recon,0,Benign,0.203078422873201,0.6581135115535003,0.18754795935055854
3,7,9,False,5,Recon,1,BruteForce,0.004584654489036139,0.02147172321141907,0.006151490230419646
3,7,9,False,5,Recon,2,DDoS,0.0037367024145815715,0.019370971291884018,0.006229298587220222
3,7,9,False,5,Recon,3,DoS,0.0026011123373845747,0.01663872761125384,0.004611133813343026
3,7,9,False,5,Recon,4,Mirai,0.4403464513288553,0.06474026125873665,0.5132006567116012
3,7,9,False,5,Recon,5,Recon,0.266186620060749,0.09756424485734892,0.18949700511591605
3,7,9,False,5,Recon,6,Spoofing,0.07562538610004804,0.08919101899852672,0.08752302564223557
3,7,9,False,5,Recon,7,Web-Based,0.0038406503961444017,0.03290954121733054,0.005239430548705853
3,7,9,False,6,Spoofing,0,Benign,0.21112813086106857,0.6726549575657808,0.205443009544199
3,7,9,False,6,Spoofing,1,BruteForce,0.004568621468910638,0.017776328127728426,0.0066961046765206
3,7,9,False,6,Spoofing,2,DDoS,0.004177543752963154,0.017426989131094233,0.00673200014664689
3,7,9,False,6,Spoofing,3,DoS,0.0029080771565128485,0.016617554522859387,0.0048283255176033366
3,7,9,False,6,Spoofing,4,Mirai,0.5057791241875237,0.05994139983448873,0.518269037228291
3,7,9,False,6,Spoofing,5,Recon,0.14117685803349503,0.07367074125782903,0.14414039337227424
3,7,9,False,6,Spoofing,6,Spoofing,0.1265024752410851,0.11362032173612643,0.10824015711730466
3,7,9,False,6,Spoofing,7,Web-Based,0.003759169298441076,0.02829170782409302,0.0056509723971603
3,7,9,False,7,Web-Based,0,Benign,0.17913787254448493,0.6848453535848297,0.18706900309494476
3,7,9,False,7,Web-Based,1,BruteForce,0.004429266536301297,0.01865116309534072,0.006575002348028501
3,7,9,False,7,Web-Based,2,DDoS,0.004105762046098422,0.018662316449385773,0.006528943093799414
3,7,9,False,7,Web-Based,3,DoS,0.002771069782548697,0.01644298253930724,0.0044778123355648895
3,7,9,False,7,Web-Based,4,Mirai,0.6347098723231165,0.07289641352160947,0.6018600880832153
3,7,9,False,7,Web-Based,5,Recon,0.08511415006835436,0.06750906161561038,0.11467017219124158
3,7,9,False,7,Web-Based,6,Spoofing,0.08651145067739208,0.09406852065670791,0.07386433235894052
3,7,9,False,7,Web-Based,7,Web-Based,0.003220556021703745,0.02692418853720878,0.004954646494265065
3,7,10,True,0,Benign,0,Benign,0.7430314229890391,0.6910833341923877,0.02419440131396116
3,7,10,True,0,Benign,1,BruteForce,0.01541408502551897,0.017033261706009023,0.02812839628105664
3,7,10,True,0,Benign,2,DDoS,0.017604102996558752,0.02167783890293364,0.07166336211654858
3,7,10,True,0,Benign,3,DoS,0.013694215652259532,0.016720669918322426,0.03127661889303174
3,7,10,True,0,Benign,4,Mirai,0.031079007004813582,0.061127950284181144,0.057878703281944034
3,7,10,True,0,Benign,5,Recon,0.0397069683316719,0.07144558803842953,0.11903014022809146
3,7,10,True,0,Benign,6,Spoofing,0.0648560870178814,0.09600596818080792,0.3285455251867474
3,7,10,True,0,Benign,7,Web-Based,0.07461411098225683,0.024905388776928685,0.339282852698619
3,7,10,True,1,BruteForce,0,Benign,0.7145950417424857,0.6708950119786369,0.02580711986082917
3,7,10,True,1,BruteForce,1,BruteForce,0.018221950917557014,0.022152875263554934,0.02891338815887502
3,7,10,True,1,BruteForce,2,DDoS,0.01969618774556161,0.019808990961300132,0.04230432076647959
3,7,10,True,1,BruteForce,3,DoS,0.013867104855872255,0.016757266405178814,0.019350857597387264
3,7,10,True,1,BruteForce,4,Mirai,0.03229155310918571,0.07537672447072251,0.05981152973791078
3,7,10,True,1,BruteForce,5,Recon,0.036742373860200885,0.06738656570370567,0.11255251642714446
3,7,10,True,1,BruteForce,6,Spoofing,0.07049582238649364,0.09374820820179053,0.28921163186813914
3,7,10,True,1,BruteForce,7,Web-Based,0.09408996538264323,0.03387435701511067,0.42204863558323463
3,7,10,True,2,DDoS,0,Benign,0.7811983625380615,0.20387522367752958,0.01191874950936505
3,7,10,True,2,DDoS,1,BruteForce,0.01355049396248991,0.01468416465588173,0.017480686643925616
3,7,10,True,2,DDoS,2,DDoS,0.02582091796793448,0.5923290805173257,0.6238601570373535
3,7,10,True,2,DDoS,3,DoS,0.014912436130500735,0.021489796469207574,0.016082057547873653
3,7,10,True,2,DDoS,4,Mirai,0.028624991554598033,0.04667755090274322,0.027391841670405398
3,7,10,True,2,DDoS,5,Recon,0.037418787489711995,0.057942007153986085,0.05872959178198046
3,7,10,True,2,DDoS,6,Spoofing,0.04286931370582725,0.03984964126114771,0.11241896906782459
3,7,10,True,2,DDoS,7,Web-Based,0.055604696650876057,0.023152535362178338,0.13211794674127172
3,7,10,True,3,DoS,0,Benign,0.7613884042880709,0.14293112646353318,0.018527460564022213
3,7,10,True,3,DoS,1,BruteForce,0.015217107429605468,0.022487572687222495,0.03510543547762633
3,7,10,True,3,DoS,2,DDoS,0.020106385308768217,0.06532226266438865,0.19537996554427528
3,7,10,True,3,DoS,3,DoS,0.03129655753236761,0.550685299002393,0.31513788027067596
3,7,10,True,3,DoS,4,Mirai,0.023089003098517625,0.05417131752917937,0.04448504030333819
3,7,10,True,3,DoS,5,Recon,0.03970337038593411,0.05156358433573069,0.07184579693290886
3,7,10,True,3,DoS,6,Spoofing,0.04930158122211983,0.0839127293878984,0.20160401291234772
3,7,10,True,3,DoS,7,Web-Based,0.05989759073461638,0.02892610792965415,0.11791440799480547
3,7,10,True,4,Mirai,0,Benign,0.7382015339870923,0.6482710447219113,0.02454132117417262
3,7,10,True,4,Mirai,1,BruteForce,0.016389839180136093,0.020176751911089474,0.030928409146634115
3,7,10,True,4,Mirai,2,DDoS,0.018870432190756247,0.02549156657638483,0.06517744958234532
3,7,10,True,4,Mirai,3,DoS,0.013478819722770064,0.017770039436668564,0.026945381736966166
3,7,10,True,4,Mirai,4,Mirai,0.03344836636535638,0.12328180811216753,0.06951594165829783
3,7,10,True,4,Mirai,5,Recon,0.034336589701567125,0.05356450719724274,0.10141639327346967
3,7,10,True,4,Mirai,6,Spoofing,0.06759660572525321,0.0843842910301105,0.33746609425952623
3,7,10,True,4,Mirai,7,Web-Based,0.07767781312706853,0.027059991014425033,0.34400900916858806
3,7,10,True,5,Recon,0,Benign,0.7124176448463957,0.6581135115535003,0.025985143243103023
3,7,10,True,5,Recon,1,BruteForce,0.018097855741001197,0.02147172321141907,0.028403556354155614
3,7,10,True,5,Recon,2,DDoS,0.019514033389110973,0.019370971291884018,0.03986090658207348
3,7,10,True,5,Recon,3,DoS,0.014069765247942444,0.01663872761125384,0.019322885470738793
3,7,10,True,5,Recon,4,Mirai,0.03156223799795396,0.06474026125873665,0.05760894564822739
3,7,10,True,5,Recon,5,Recon,0.03902134197710323,0.09756424485734892,0.13356892303175036
3,7,10,True,5,Recon,6,Spoofing,0.07015639623428438,0.08919101899852672,0.27933004710710635
3,7,10,True,5,Recon,7,Web-Based,0.09516072456620814,0.03290954121733054,0.415919592562845
3,7,10,True,6,Spoofing,0,Benign,0.7306681448263418,0.6726549575657808,0.024900999484018145
3,7,10,True,6,Spoofing,1,BruteForce,0.016118409215291847,0.017776328127728426,0.027007335921959637
3,7,10,True,6,Spoofing,2,DDoS,0.017710595795941562,0.017426989131094233,0.04043196086041688
3,7,10,True,6,Spoofing,3,DoS,0.013828427653843872,0.016617554522859387,0.024128903835969613
3,7,10,True,6,Spoofing,4,Mirai,0.03034133993421874,0.05994139983448873,0.054439341604995556
3,7,10,True,6,Spoofing,5,Recon,0.04181182104755291,0.07367074125782903,0.12237014079609465
3,7,10,True,6,Spoofing,6,Spoofing,0.06830339542328595,0.11362032173612643,0.3392420202195158
3,7,10,True,6,Spoofing,7,Web-Based,0.08121786610352336,0.02829170782409302,0.3674792972770297
3,7,10,True,7,Web-Based,0,Benign,0.7284449603895771,0.6848453535848297,0.025416234922749713
3,7,10,True,7,Web-Based,1,BruteForce,0.016756534440088285,0.01865116309534072,0.029508277065806696
3,7,10,True,7,Web-Based,2,DDoS,0.018522723915708035,0.018662316449385773,0.04809308501247399
3,7,10,True,7,Web-Based,3,DoS,0.013690718888781133,0.01644298253930724,0.019703370349366752
3,7,10,True,7,Web-Based,4,Mirai,0.03199074155372944,0.07289641352160947,0.061133336727339685
3,7,10,True,7,Web-Based,5,Recon,0.03780960697794147,0.06750906161561038,0.11655808243061823
3,7,10,True,7,Web-Based,6,Spoofing,0.06805302491772572,0.09406852065670791,0.30029712635162814
3,7,10,True,7,Web-Based,7,Web-Based,0.08473168891644892,0.02692418853720878,0.3992904871400168
3,7,11,False,0,Benign,0,Benign,0.5132851249849562,0.6910833341923877,0.49468169906890513
3,7,11,False,0,Benign,1,BruteForce,0.005997334513073208,0.017033261706009023,0.008969054803885644
3,7,11,False,0,Benign,2,DDoS,0.003738121693564186,0.02167783890293364,0.0065124930854304685
3,7,11,False,0,Benign,3,DoS,0.009032043556724451,0.016720669918322426,0.01651623172900435
3,7,11,False,0,Benign,4,Mirai,0.07844953875882583,0.061127950284181144,0.08316159729392886
3,7,11,False,0,Benign,5,Recon,0.1379456412450935,0.07144558803842953,0.12559159089101943
3,7,11,False,0,Benign,6,Spoofing,0.24536200223439078,0.09600596818080792,0.25522407105826334
3,7,11,False,0,Benign,7,Web-Based,0.006190193013371964,0.024905388776928685,0.009343262069562779
3,7,11,False,1,BruteForce,0,Benign,0.4734761215861039,0.6708950119786369,0.4859863201002979
3,7,11,False,1,BruteForce,1,BruteForce,0.006764032293993449,0.022152875263554934,0.008710597347057713
3,7,11,False,1,BruteForce,2,DDoS,0.0036596137451132813,0.019808990961300132,0.006068031632809313
3,7,11,False,1,BruteForce,3,DoS,0.005465677223555473,0.016757266405178814,0.008219240589696971
3,7,11,False,1,BruteForce,4,Mirai,0.09814311634478033,0.07537672447072251,0.08757231856634627
3,7,11,False,1,BruteForce,5,Recon,0.16432298700413828,0.06738656570370567,0.13115094741555774
3,7,11,False,1,BruteForce,6,Spoofing,0.24160886547521757,0.09374820820179053,0.26280073700305673
3,7,11,False,1,BruteForce,7,Web-Based,0.006559586327097627,0.03387435701511067,0.009491807345177341
3,7,11,False,2,DDoS,0,Benign,0.17141705758466272,0.20387522367752958,0.3251445252692935
3,7,11,False,2,DDoS,1,BruteForce,0.009035398353333944,0.01468416465588173,0.014075874748430275
3,7,11,False,2,DDoS,2,DDoS,0.5327633666253638,0.5923290805173257,0.21903709839348182
3,7,11,False,2,DDoS,3,DoS,0.026080136823528378,0.021489796469207574,0.028899116641746
3,7,11,False,2,DDoS,4,Mirai,0.07619912958521806,0.04667755090274322,0.0827004723183464
3,7,11,False,2,DDoS,5,Recon,0.0650112411735606,0.057942007153986085,0.10910304899480142
3,7,11,False,2,DDoS,6,Spoofing,0.11210368469835881,0.03984964126114771,0.2070909932893693
3,7,11,False,2,DDoS,7,Web-Based,0.007389985155973659,0.023152535362178338,0.013948870344531246
3,7,11,False,3,DoS,0,Benign,0.06096400518515347,0.14293112646353318,0.1042581125965123
3,7,11,False,3,DoS,1,BruteForce,0.009195396260608104,0.022487572687222495,0.020096583742438414
3,7,11,False,3,DoS,2,DDoS,0.014779981891002296,0.06532226266438865,0.011541322888350391
3,7,11,False,3,DoS,3,DoS,0.6043504659148548,0.550685299002393,0.4831797465884648
3,7,11,False,3,DoS,4,Mirai,0.05281857579624013,0.05417131752917937,0.061421893746448034
3,7,11,False,3,DoS,5,Recon,0.034455152853182854,0.05156358433573069,0.04220184660571649
3,7,11,False,3,DoS,6,Spoofing,0.21776665676263018,0.0839127293878984,0.26636540024192495
3,7,11,False,3,DoS,7,Web-Based,0.005669765336328337,0.02892610792965415,0.010935093590144539
3,7,11,False,4,Mirai,0,Benign,0.4781025990083925,0.6482710447219113,0.4693887723034425
3,7,11,False,4,Mirai,1,BruteForce,0.007507487366157187,0.020176751911089474,0.010666274111835768
3,7,11,False,4,Mirai,2,DDoS,0.005261581705270344,0.02549156657638483,0.007285439023842553
3,7,11,False,4,Mirai,3,DoS,0.008725209773963573,0.017770039436668564,0.018850743547208327
3,7,11,False,4,Mirai,4,Mirai,0.1884248599263861,0.12328180811216753,0.12006862172654138
3,7,11,False,4,Mirai,5,Recon,0.07219082268998049,0.05356450719724274,0.08270583414874996
3,7,11,False,4,Mirai,6,Spoofing,0.23417350080565555,0.0843842910301105,0.28223546720926523
3,7,11,False,4,Mirai,7,Web-Based,0.005613938724194183,0.027059991014425033,0.008798847929114317
3,7,11,False,5,Recon,0,Benign,0.4378458587869791,0.6581135115535003,0.4665805057336679
3,7,11,False,5,Recon,1,BruteForce,0.0061049232425610805,0.02147172321141907,0.00840037108406371
3,7,11,False,5,Recon,2,DDoS,0.003122731046571863,0.019370971291884018,0.0056873208488470986
3,7,11,False,5,Recon,3,DoS,0.0051633392806944844,0.01663872761125384,0.0077768304148356435
3,7,11,False,5,Recon,4,Mirai,0.07055926278043798,0.06474026125873665,0.08297448032878815
3,7,11,False,5,Recon,5,Recon,0.2681987164629553,0.09756424485734892,0.18512838668840184
3,7,11,False,5,Recon,6,Spoofing,0.2020983942529183,0.08919101899852672,0.23430641139270103
3,7,11,False,5,Recon,7,Web-Based,0.0069067741468818895,0.03290954121733054,0.00914569350869469
3,7,11,False,6,Spoofing,0,Benign,0.4362065682594589,0.6726549575657808,0.45548172693480227
3,7,11,False,6,Spoofing,1,BruteForce,0.0059359775547784014,0.017776328127728426,0.00839529214760301
3,7,11,False,6,Spoofing,2,DDoS,0.003641738744115962,0.017426989131094233,0.00609576627986407
3,7,11,False,6,Spoofing,3,DoS,0.005385541867809748,0.016617554522859387,0.010323817598873705
3,7,11,False,6,Spoofing,4,Mirai,0.08154922034962352,0.05994139983448873,0.07814004391143099
3,7,11,False,6,Spoofing,5,Recon,0.1583668567885213,0.07367074125782903,0.13281642149606263
3,7,11,False,6,Spoofing,6,Spoofing,0.3026656004886531,0.11362032173612643,0.29955771003870946
3,7,11,False,6,Spoofing,7,Web-Based,0.006248495947039036,0.02829170782409302,0.00918922159265382
3,7,11,False,7,Web-Based,0,Benign,0.5069933424782552,0.6848453535848297,0.5065747209573159
3,7,11,False,7,Web-Based,1,BruteForce,0.006151336967008696,0.01865116309534072,0.008597365119134347
3,7,11,False,7,Web-Based,2,DDoS,0.003748018620485572,0.018662316449385773,0.006165098298963649
3,7,11,False,7,Web-Based,3,DoS,0.005263473156041435,0.01644298253930724,0.009394986332144728
3,7,11,False,7,Web-Based,4,Mirai,0.10161717172330464,0.07289641352160947,0.09251771202481428
3,7,11,False,7,Web-Based,5,Recon,0.13442425837735045,0.06750906161561038,0.12218315970447956
3,7,11,False,7,Web-Based,6,Spoofing,0.2354456694503314,0.09406852065670791,0.24547153024129614
3,7,11,False,7,Web-Based,7,Web-Based,0.006356729227222694,0.02692418853720878,0.00909542732185148
3,7,12,False,0,Benign,0,Benign,0.03020645194362063,0.6910833341923877,0.03173627289785977
3,7,12,False,0,Benign,1,BruteForce,0.014142091236590774,0.017033261706009023,0.0165286180636927
3,7,12,False,0,Benign,2,DDoS,0.011691655801803393,0.02167783890293364,0.016502646029220927
3,7,12,False,0,Benign,3,DoS,0.039992404924821756,0.016720669918322426,0.0870367473955642
3,7,12,False,0,Benign,4,Mirai,0.46070825865350507,0.061127950284181144,0.504942045449222
3,7,12,False,0,Benign,5,Recon,0.1269121575729025,0.07144558803842953,0.12175768395756004
3,7,12,False,0,Benign,6,Spoofing,0.2679090315654767,0.09600596818080792,0.17805372939872052
3,7,12,False,0,Benign,7,Web-Based,0.0484379483012791,0.024905388776928685,0.04344225680815978
3,7,12,False,1,BruteForce,0,Benign,0.02750461714729612,0.6708950119786369,0.03107779928183897
3,7,12,False,1,BruteForce,1,BruteForce,0.017392618762352055,0.022152875263554934,0.01729889351226295
3,7,12,False,1,BruteForce,2,DDoS,0.013079223946990962,0.019808990961300132,0.01744771580742801
3,7,12,False,1,BruteForce,3,DoS,0.013886284843382045,0.016757266405178814,0.021633838279563913
3,7,12,False,1,BruteForce,4,Mirai,0.49436394617805407,0.07537672447072251,0.5488477620277777
3,7,12,False,1,BruteForce,5,Recon,0.09304600896211594,0.06738656570370567,0.12673717792377312
3,7,12,False,1,BruteForce,6,Spoofing,0.2767071341603952,0.09374820820179053,0.17759801217076215
3,7,12,False,1,BruteForce,7,Web-Based,0.06402016599941357,0.03387435701511067,0.05935880099659317
3,7,12,False,2,DDoS,0,Benign,0.016371269557839248,0.20387522367752958,0.022231065288382944
3,7,12,False,2,DDoS,1,BruteForce,0.013310243793822677,0.01468416465588173,0.023344007922321042
3,7,12,False,2,DDoS,2,DDoS,0.47475179649361693,0.5923290805173257,0.39052535858574633
3,7,12,False,2,DDoS,3,DoS,0.10491521109400873,0.021489796469207574,0.110203576906135
3,7,12,False,2,DDoS,4,Mirai,0.2241078144946566,0.04667755090274322,0.25150815680096245
3,7,12,False,2,DDoS,5,Recon,0.06406060622943524,0.057942007153986085,0.09050165379397504
3,7,12,False,2,DDoS,6,Spoofing,0.07600176093774041,0.03984964126114771,0.07789049125397604
3,7,12,False,2,DDoS,7,Web-Based,0.02648129739888016,0.023152535362178338,0.03379568944850122
3,7,12,False,3,DoS,0,Benign,0.011940270293819917,0.14293112646353318,0.020485817285976093
3,7,12,False,3,DoS,1,BruteForce,0.008268510377077931,0.022487572687222495,0.01665151718553791
3,7,12,False,3,DoS,2,DDoS,0.012310567755742076,0.06532226266438865,0.018185909124348948
3,7,12,False,3,DoS,3,DoS,0.8036539122458931,0.550685299002393,0.6896778050003807
3,7,12,False,3,DoS,4,Mirai,0.06578487008456976,0.05417131752917937,0.12369738390354118
3,7,12,False,3,DoS,5,Recon,0.02887402258496412,0.05156358433573069,0.04570082737009043
3,7,12,False,3,DoS,6,Spoofing,0.05607848454526651,0.0839127293878984,0.06724106075606488
3,7,12,False,3,DoS,7,Web-Based,0.01308936211266653,0.02892610792965415,0.01835967937405992
3,7,12,False,4,Mirai,0,Benign,0.02327109216525143,0.6482710447219113,0.029918407080366752
3,7,12,False,4,Mirai,1,BruteForce,0.01483325984633045,0.020176751911089474,0.01706598282692606
3,7,12,False,4,Mirai,2,DDoS,0.012804512791324467,0.02549156657638483,0.01663728250472877
3,7,12,False,4,Mirai,3,DoS,0.018449665535022093,0.017770039436668564,0.04173397047555752
3,7,12,False,4,Mirai,4,Mirai,0.6516457168124054,0.12328180811216753,0.605239817871976
3,7,12,False,4,Mirai,5,Recon,0.05670328229420161,0.05356450719724274,0.09140959059613461
3,7,12,False,4,Mirai,6,Spoofing,0.18756561953029988,0.0843842910301105,0.15840976138299426
3,7,12,False,4,Mirai,7,Web-Based,0.0347268510251647,0.027059991014425033,0.03958518726131608
3,7,12,False,5,Recon,0,Benign,0.02686508981584448,0.6581135115535003,0.029621861109237813
3,7,12,False,5,Recon,1,BruteForce,0.017238073717890923,0.02147172321141907,0.017175282169865937
3,7,12,False,5,Recon,2,DDoS,0.013076788724458164,0.019370971291884018,0.01708118649804606
3,7,12,False,5,Recon,3,DoS,0.016444516767507255,0.01663872761125384,0.026726280053793815
3,7,12,False,5,Recon,4,Mirai,0.4258772615167986,0.06474026125873665,0.5324266438102963
3,7,12,False,5,Recon,5,Recon,0.14654269335691972,0.09756424485734892,0.1504646465311618
3,7,12,False,5,Recon,6,Spoofing,0.2762688872858527,0.08919101899852672,0.1656920785788231
3,7,12,False,5,Recon,7,Web-Based,0.07768668881472815,0.03290954121733054,0.060812021248775244
3,7,12,False,6,Spoofing,0,Benign,0.02808987836665787,0.6726549575657808,0.032715217577048726
3,7,12,False,6,Spoofing,1,BruteForce,0.014615243317641977,0.017776328127728426,0.01640021842282711
3,7,12,False,6,Spoofing,2,DDoS,0.012144510621077256,0.017426989131094233,0.016866260790927946
3,7,12,False,6,Spoofing,3,DoS,0.015472225947540148,0.016617554522859387,0.05306923001391153
3,7,12,False,6,Spoofing,4,Mirai,0.4415994271831887,0.05994139983448873,0.4990949452677579
3,7,12,False,6,Spoofing,5,Recon,0.13144770140031908,0.07367074125782903,0.1250189767579518
3,7,12,False,6,Spoofing,6,Spoofing,0.30111376953726154,0.11362032173612643,0.20697735596760036
3,7,12,False,6,Spoofing,7,Web-Based,0.05551724362631352,0.02829170782409302,0.04985779520197467
3,7,12,False,7,Web-Based,0,Benign,0.0262589673697125,0.6848453535848297,0.031005623315597336
3,7,12,False,7,Web-Based,1,BruteForce,0.014816228341029239,0.01865116309534072,0.01636876663959574
3,7,12,False,7,Web-Based,2,DDoS,0.012430778586829413,0.018662316449385773,0.01687666560967591
3,7,12,False,7,Web-Based,3,DoS,0.015176665949108612,0.01644298253930724,0.032783655067641956
3,7,12,False,7,Web-Based,4,Mirai,0.5439870809478005,0.07289641352160947,0.5521443459844294
3,7,12,False,7,Web-Based,5,Recon,0.11012430183847348,0.06750906161561038,0.1294272098868998
3,7,12,False,7,Web-Based,6,Spoofing,0.22343175173894703,0.09406852065670791,0.16888296360719504
3,7,12,False,7,Web-Based,7,Web-Based,0.05377422522809929,0.02692418853720878,0.05251076988896483
3,7,13,False,0,Benign,0,Benign,0.06423367173283637,0.6910833341923877,0.06021732024664312
3,7,13,False,0,Benign,1,BruteForce,0.10208607316425183,0.017033261706009023,0.09139989264571256
3,7,13,False,0,Benign,2,DDoS,0.062232517779104886,0.02167783890293364,0.06174356418797107
3,7,13,False,0,Benign,3,DoS,0.009836716784257848,0.016720669918322426,0.01197304561342974
3,7,13,False,0,Benign,4,Mirai,0.05539988826926093,0.061127950284181144,0.05961668608314425
3,7,13,False,0,Benign,5,Recon,0.3670530514254795,0.07144558803842953,0.4160282132187437
3,7,13,False,0,Benign,6,Spoofing,0.13854575497034505,0.09600596818080792,0.139355064976164
3,7,13,False,0,Benign,7,Web-Based,0.20061232587446368,0.024905388776928685,0.15966621302819156
3,7,13,False,1,BruteForce,0,Benign,0.06783570623828498,0.6708950119786369,0.06822755264647094
3,7,13,False,1,BruteForce,1,BruteForce,0.14829707044341983,0.022152875263554934,0.11987573463055916
3,7,13,False,1,BruteForce,2,DDoS,0.033844898132921956,0.019808990961300132,0.030460241166093714
3,7,13,False,1,BruteForce,3,DoS,0.011238695736461227,0.016757266405178814,0.012653005923996678
3,7,13,False,1,BruteForce,4,Mirai,0.07114374710762175,0.07537672447072251,0.06821062698113127
3,7,13,False,1,BruteForce,5,Recon,0.2795036804155208,0.06738656570370567,0.37080797334063925
3,7,13,False,1,BruteForce,6,Spoofing,0.1312429714163744,0.09374820820179053,0.1270025130190938
3,7,13,False,1,BruteForce,7,Web-Based,0.256893230509395,0.03387435701511067,0.20276235229201514
3,7,13,False,2,DDoS,0,Benign,0.019221765611746,0.20387522367752958,0.022803251521217874
3,7,13,False,2,DDoS,1,BruteForce,0.04132335676308759,0.01468416465588173,0.037986902724882206
3,7,13,False,2,DDoS,2,DDoS,0.6719131907500794,0.5923290805173257,0.6384349908124279
3,7,13,False,2,DDoS,3,DoS,0.00536156262855766,0.021489796469207574,0.008902401426990494
3,7,13,False,2,DDoS,4,Mirai,0.027553160974875108,0.04667755090274322,0.02786382527011328
3,7,13,False,2,DDoS,5,Recon,0.13084121317136058,0.057942007153986085,0.14464280239747743
3,7,13,False,2,DDoS,6,Spoofing,0.04080851902921856,0.03984964126114771,0.05534938869240468
3,7,13,False,2,DDoS,7,Web-Based,0.06297723107107506,0.023152535362178338,0.06401643715448604
3,7,13,False,3,DoS,0,Benign,0.01603685629796798,0.14293112646353318,0.02660571770375682
3,7,13,False,3,DoS,1,BruteForce,0.05073856603384525,0.022487572687222495,0.06605289113507826
3,7,13,False,3,DoS,2,DDoS,0.4225885908564624,0.06532226266438865,0.42699375712190657
3,7,13,False,3,DoS,3,DoS,0.18445170940656141,0.550685299002393,0.03699369127515266
3,7,13,False,3,DoS,4,Mirai,0.08616214335157796,0.05417131752917937,0.07269902527154604
3,7,13,False,3,DoS,5,Recon,0.08678834926034683,0.05156358433573069,0.17703238364058604
3,7,13,False,3,DoS,6,Spoofing,0.10390566132889022,0.0839127293878984,0.12006031090505746
3,7,13,False,3,DoS,7,Web-Based,0.04932812346434793,0.02892610792965415,0.07356222294691613
3,7,13,False,4,Mirai,0,Benign,0.06204562396833691,0.6482710447219113,0.06755458333906479
3,7,13,False,4,Mirai,1,BruteForce,0.13779505006807932,0.020176751911089474,0.11316485127905956
3,7,13,False,4,Mirai,2,DDoS,0.062199756572557295,0.02549156657638483,0.06568757705439755
3,7,13,False,4,Mirai,3,DoS,0.01128720381620712,0.017770039436668564,0.01277088742881881
3,7,13,False,4,Mirai,4,Mirai,0.1284023473053019,0.12328180811216753,0.07980722606324694
3,7,13,False,4,Mirai,5,Recon,0.254641811604887,0.05356450719724274,0.3322611083833468
3,7,13,False,4,Mirai,6,Spoofing,0.14193678750410363,0.0843842910301105,0.15077972540924725
3,7,13,False,4,Mirai,7,Web-Based,0.2016914191605268,0.027059991014425033,0.17797404104281833
3,7,13,False,5,Recon,0,Benign,0.06416131353235054,0.6581135115535003,0.06399825964041304
3,7,13,False,5,Recon,1,BruteForce,0.134020313889701,0.02147172321141907,0.11289096848179281
3,7,13,False,5,Recon,2,DDoS,0.028788037681755068,0.019370971291884018,0.027800341690945796
3,7,13,False,5,Recon,3,DoS,0.010722451446152028,0.01663872761125384,0.012384925679576154
3,7,13,False,5,Recon,4,Mirai,0.05716111422528361,0.06474026125873665,0.062421234302634784
3,7,13,False,5,Recon,5,Recon,0.3411406419278469,0.09756424485734892,0.4115133873033791
3,7,13,False,5,Recon,6,Spoofing,0.12374882689116258,0.08919101899852672,0.12030906815303158
3,7,13,False,5,Recon,7,Web-Based,0.24025730040574836,0.03290954121733054,0.18868181474822673
3,7,13,False,6,Spoofing,0,Benign,0.06300861566892262,0.6726549575657808,0.06134039136237188
3,7,13,False,6,Spoofing,1,BruteForce,0.10884250461890903,0.017776328127728426,0.09328387613075517
3,7,13,False,6,Spoofing,2,DDoS,0.02661767239289128,0.017426989131094233,0.027431735585683802
3,7,13,False,6,Spoofing,3,DoS,0.009624833164119375,0.016617554522859387,0.011666331232813777
3,7,13,False,6,Spoofing,4,Mirai,0.054843556442003144,0.05994139983448873,0.0565308778362759
3,7,13,False,6,Spoofing,5,Recon,0.3644265508596134,0.07367074125782903,0.4351622281115992
3,7,13,False,6,Spoofing,6,Spoofing,0.15542222355591095,0.11362032173612643,0.1414793775391553
3,7,13,False,6,Spoofing,7,Web-Based,0.2172140432976303,0.02829170782409302,0.17310518220134494
3,7,13,False,7,Web-Based,0,Benign,0.06689370840044308,0.6848453535848297,0.06622176668292754
3,7,13,False,7,Web-Based,1,BruteForce,0.12502930029025539,0.01865116309534072,0.1062723171110605
3,7,13,False,7,Web-Based,2,DDoS,0.03103005301475269,0.018662316449385773,0.034246920241730275
3,7,13,False,7,Web-Based,3,DoS,0.01045048641282648,0.01644298253930724,0.01225080938480458
3,7,13,False,7,Web-Based,4,Mirai,0.07066937858212521,0.07289641352160947,0.06762813179193718
3,7,13,False,7,Web-Based,5,Recon,0.33467079670222954,0.06750906161561038,0.40559586969205536
3,7,13,False,7,Web-Based,6,Spoofing,0.1306024180452338,0.09406852065670791,0.12593682436297501
3,7,13,False,7,Web-Based,7,Web-Based,0.230653858552134,0.02692418853720878,0.1818473607325095
3,7,14,True,0,Benign,0,Benign,0.816148286584912,0.6910833341923877,0.18035115358371046
3,7,14,True,0,Benign,1,BruteForce,0.015789709422967688,0.017033261706009023,0.08743539696123714
3,7,14,True,0,Benign,2,DDoS,0.018619259467384873,0.02167783890293364,0.15420426070248563
3,7,14,True,0,Benign,3,DoS,0.014718903933355277,0.016720669918322426,0.06777568043178447
3,7,14,True,0,Benign,4,Mirai,0.04205380836953165,0.061127950284181144,0.1443378562634044
3,7,14,True,0,Benign,5,Recon,0.034936529113613744,0.07144558803842953,0.15700617689526467
3,7,14,True,0,Benign,6,Spoofing,0.024932934786895768,0.09600596818080792,0.02424804425766118
3,7,14,True,0,Benign,7,Web-Based,0.03280056832133911,0.024905388776928685,0.18464143090445206
3,7,14,True,1,BruteForce,0,Benign,0.8074261175656301,0.6708950119786369,0.18019377324172536
3,7,14,True,1,BruteForce,1,BruteForce,0.018455102831192203,0.022152875263554934,0.10666831308489151
3,7,14,True,1,BruteForce,2,DDoS,0.019939183098874175,0.019808990961300132,0.1098908449516765
3,7,14,True,1,BruteForce,3,DoS,0.01381239886889124,0.016757266405178814,0.024382636583572835
3,7,14,True,1,BruteForce,4,Mirai,0.0448928147607613,0.07537672447072251,0.16382308201998455
3,7,14,True,1,BruteForce,5,Recon,0.02976172680140673,0.06738656570370567,0.15641694541249407
3,7,14,True,1,BruteForce,6,Spoofing,0.02590126790855951,0.09374820820179053,0.02200485434100745
3,7,14,True,1,BruteForce,7,Web-Based,0.039811388164684866,0.03387435701511067,0.23661955036464774
3,7,14,True,2,DDoS,0,Benign,0.8150983904261959,0.20387522367752958,0.05401936596902673
3,7,14,True,2,DDoS,1,BruteForce,0.01448228320883093,0.01468416465588173,0.038518264157989014
3,7,14,True,2,DDoS,2,DDoS,0.0321333466659852,0.5923290805173257,0.663970394302625
3,7,14,True,2,DDoS,3,DoS,0.018480190612054238,0.021489796469207574,0.037364758439095064
3,7,14,True,2,DDoS,4,Mirai,0.0384525307108779,0.04667755090274322,0.0562582310491621
3,7,14,True,2,DDoS,5,Recon,0.03439986196415554,0.057942007153986085,0.06866000561123375
3,7,14,True,2,DDoS,6,Spoofing,0.01947771505608339,0.03984964126114771,0.012248018300361678
3,7,14,True,2,DDoS,7,Web-Based,0.027475681355816878,0.023152535362178338,0.0689609621705066
3,7,14,True,3,DoS,0,Benign,0.7977822505435589,0.14293112646353318,0.056043116408137215
3,7,14,True,3,DoS,1,BruteForce,0.016152694486915194,0.022487572687222495,0.04479948841595896
3,7,14,True,3,DoS,2,DDoS,0.02566104530708866,0.06532226266438865,0.2296211819489902
3,7,14,True,3,DoS,3,DoS,0.045100499526769186,0.550685299002393,0.4685993275587585
3,7,14,True,3,DoS,4,Mirai,0.02924949254325215,0.05417131752917937,0.04867453806861749
3,7,14,True,3,DoS,5,Recon,0.03583189607351658,0.05156358433573069,0.06859969867861192
3,7,14,True,3,DoS,6,Spoofing,0.02118253577115687,0.0839127293878984,0.021326604523136984
3,7,14,True,3,DoS,7,Web-Based,0.029039585747742368,0.02892610792965415,0.06233604439778876
3,7,14,True,4,Mirai,0,Benign,0.8148096743168967,0.6482710447219113,0.1782349463214397
3,7,14,True,4,Mirai,1,BruteForce,0.016792204451671643,0.020176751911089474,0.10079580803888191
3,7,14,True,4,Mirai,2,DDoS,0.020068176138742767,0.02549156657638483,0.14652593309772052
3,7,14,True,4,Mirai,3,DoS,0.014158685785598311,0.017770039436668564,0.051301909962960836
3,7,14,True,4,Mirai,4,Mirai,0.047535774407767094,0.12328180811216753,0.18925010703166065
3,7,14,True,4,Mirai,5,Recon,0.028341655770964713,0.05356450719724274,0.13653121238014687
3,7,14,True,4,Mirai,6,Spoofing,0.025202149800295028,0.0843842910301105,0.022863807130739416
3,7,14,True,4,Mirai,7,Web-Based,0.033091679328063665,0.027059991014425033,0.17449627603645002
3,7,14,True,5,Recon,0,Benign,0.8067266779524118,0.6581135115535003,0.1793017335040198
3,7,14,True,5,Recon,1,BruteForce,0.01832633434828325,0.02147172321141907,0.10814944948860344
3,7,14,True,5,Recon,2,DDoS,0.019777268259390027,0.019370971291884018,0.1061837741073292
3,7,14,True,5,Recon,3,DoS,0.014126983708720812,0.01663872761125384,0.03071906648810728
3,7,14,True,5,Recon,4,Mirai,0.04329531552642186,0.06474026125873665,0.15849822901819693
3,7,14,True,5,Recon,5,Recon,0.03199432860546036,0.09756424485734892,0.17017519874411857
3,7,14,True,5,Recon,6,Spoofing,0.02563052486759966,0.08919101899852672,0.021164743958933176
3,7,14,True,5,Recon,7,Web-Based,0.04012256673171213,0.03290954121733054,0.2258078046906917
3,7,14,True,6,Spoofing,0,Benign,0.811033715106103,0.6726549575657808,0.18547946101181612
3,7,14,True,6,Spoofing,1,BruteForce,0.01644124220178583,0.017776328127728426,0.09028884743858828
3,7,14,True,6,Spoofing,2,DDoS,0.01804926623517436,0.017426989131094233,0.10949590029584595
3,7,14,True,6,Spoofing,3,DoS,0.014617279185335445,0.016617554522859387,0.055750454887365894
3,7,14,True,6,Spoofing,4,Mirai,0.04074294744687112,0.05994139983448873,0.14177956089956134
3,7,14,True,6,Spoofing,5,Recon,0.037181599949445865,0.07367074125782903,0.17548115919195867
3,7,14,True,6,Spoofing,6,Spoofing,0.026470746002789064,0.11362032173612643,0.02489935218345641
3,7,14,True,6,Spoofing,7,Web-Based,0.0354632038724954,0.02829170782409302,0.21682526409140737
3,7,14,True,7,Web-Based,0,Benign,0.8125894911400021,0.6848453535848297,0.19135203858181501
3,7,14,True,7,Web-Based,1,BruteForce,0.01704830129739317,0.01865116309534072,0.10070092552180611
3,7,14,True,7,Web-Based,2,DDoS,0.01896242250653455,0.018662316449385773,0.12376302212896746
3,7,14,True,7,Web-Based,3,DoS,0.01404575512359692,0.01644298253930724,0.030720300145513975
3,7,14,True,7,Web-Based,4,Mirai,0.04428845304454535,0.07289641352160947,0.16739362924234627
3,7,14,True,7,Web-Based,5,Recon,0.03203951857149869,0.06750906161561038,0.15513690527876917
3,7,14,True,7,Web-Based,6,Spoofing,0.02536929698054369,0.09406852065670791,0.023364052500259854
3,7,14,True,7,Web-Based,7,Web-Based,0.03565676133588535,0.02692418853720878,0.20756912660052224
3,7,15,True,0,Benign,0,Benign,0.7356348511213826,0.6910833341923877,0.04804057304261851
3,7,15,True,0,Benign,1,BruteForce,0.014320248366665402,0.017033261706009023,0.020643197571811697
3,7,15,True,0,Benign,2,DDoS,0.012521131867008022,0.02167783890293364,0.5785992667281423
3,7,15,True,0,Benign,3,DoS,0.012701754162673596,0.016720669918322426,0.24370463653036392
3,7,15,True,0,Benign,4,Mirai,0.08269476869672439,0.061127950284181144,0.0255965721431436
3,7,15,True,0,Benign,5,Recon,0.05792957835679319,0.07144558803842953,0.03380657515872149
3,7,15,True,0,Benign,6,Spoofing,0.05994124987925112,0.09600596818080792,0.03562992092581387
3,7,15,True,0,Benign,7,Web-Based,0.02425641754950166,0.024905388776928685,0.01397925789938462
3,7,15,True,1,BruteForce,0,Benign,0.7155274919370833,0.6708950119786369,0.047392199649588074
3,7,15,True,1,BruteForce,1,BruteForce,0.018070072847049676,0.022152875263554934,0.02144480073266191
3,7,15,True,1,BruteForce,2,DDoS,0.013834932545035586,0.019808990961300132,0.6080327670063629
3,7,15,True,1,BruteForce,3,DoS,0.011739888436084938,0.016757266405178814,0.21574213581652105
3,7,15,True,1,BruteForce,4,Mirai,0.09986613877712147,0.07537672447072251,0.025694288499393696
3,7,15,True,1,BruteForce,5,Recon,0.047100608268130284,0.06738656570370567,0.03290241579731521
3,7,15,True,1,BruteForce,6,Spoofing,0.06286628859533092,0.09374820820179053,0.03438195071723076
3,7,15,True,1,BruteForce,7,Web-Based,0.03099457859416398,0.03387435701511067,0.014409441780926537
3,7,15,True,2,DDoS,0,Benign,0.6507895095850811,0.20387522367752958,0.021602963729499824
3,7,15,True,2,DDoS,1,BruteForce,0.01560565201176691,0.01468416465588173,0.014812476872041371
3,7,15,True,2,DDoS,2,DDoS,0.13338978423410786,0.5923290805173257,0.803147311252643
3,7,15,True,2,DDoS,3,DoS,0.020720882446385834,0.021489796469207574,0.08852492154087582
3,7,15,True,2,DDoS,4,Mirai,0.07216873551695827,0.04667755090274322,0.018293392655691722
3,7,15,True,2,DDoS,5,Recon,0.04921421939360882,0.057942007153986085,0.022686151174044544
3,7,15,True,2,DDoS,6,Spoofing,0.03428282346292954,0.03984964126114771,0.01819082351071926
3,7,15,True,2,DDoS,7,Web-Based,0.02382839334916173,0.023152535362178338,0.012741959264484399
3,7,15,True,3,DoS,0,Benign,0.6426711850977358,0.14293112646353318,0.029719845008311273
3,7,15,True,3,DoS,1,BruteForce,0.018102753490151478,0.022487572687222495,0.022903262866255044
3,7,15,True,3,DoS,2,DDoS,0.025276570796163914,0.06532226266438865,0.2429897155854159
3,7,15,True,3,DoS,3,DoS,0.147297271767595,0.550685299002393,0.6243819494499407
3,7,15,True,3,DoS,4,Mirai,0.0415167475086751,0.05417131752917937,0.01672875375105059
3,7,15,True,3,DoS,5,Recon,0.0468538944849175,0.05156358433573069,0.026884923909579223
3,7,15,True,3,DoS,6,Spoofing,0.05359513579953953,0.0839127293878984,0.02348012189020257
3,7,15,True,3,DoS,7,Web-Based,0.024686441055221716,0.02892610792965415,0.012911427539244583
3,7,15,True,4,Mirai,0,Benign,0.7177178973350621,0.6482710447219113,0.046473568991918915
3,7,15,True,4,Mirai,1,BruteForce,0.015986918963519847,0.020176751911089474,0.02237650619247533
3,7,15,True,4,Mirai,2,DDoS,0.014276274667302198,0.02549156657638483,0.6015497879211953
3,7,15,True,4,Mirai,3,DoS,0.012024415825877302,0.017770039436668564,0.22487164393566147
3,7,15,True,4,Mirai,4,Mirai,0.11333788453573156,0.12328180811216753,0.02707909284053757
3,7,15,True,4,Mirai,5,Recon,0.04156700455598369,0.05356450719724274,0.02897799073289967
3,7,15,True,4,Mirai,6,Spoofing,0.06130119456246524,0.0843842910301105,0.03509169011183555
3,7,15,True,4,Mirai,7,Web-Based,0.02378840955405809,0.027059991014425033,0.013579719273476148
3,7,15,True,5,Recon,0,Benign,0.7147721058438107,0.6581135115535003,0.050396835746006695
3,7,15,True,5,Recon,1,BruteForce,0.017857232005680127,0.02147172321141907,0.022268749432812755
3,7,15,True,5,Recon,2,DDoS,0.013849066351970724,0.019370971291884018,0.5887153412977978
3,7,15,True,5,Recon,3,DoS,0.012497459036854437,0.01663872761125384,0.22605756793804133
3,7,15,True,5,Recon,4,Mirai,0.08894396471546162,0.06474026125873665,0.026704886678723866
3,7,15,True,5,Recon,5,Recon,0.05866553839179834,0.09756424485734892,0.03573000865705117
3,7,15,True,5,Recon,6,Spoofing,0.0616765794936426,0.08919101899852672,0.03575849593592455
3,7,15,True,5,Recon,7,Web-Based,0.031738054160781376,0.03290954121733054,0.01436811431364185
3,7,15,True,6,Spoofing,0,Benign,0.7208980419980592,0.6726549575657808,0.0489599890805229
3,7,15,True,6,Spoofing,1,BruteForce,0.015093504792659423,0.017776328127728426,0.020216586203615293
3,7,15,True,6,Spoofing,2,DDoS,0.011958494452012811,0.017426989131094233,0.5518907489393873
3,7,15,True,6,Spoofing,3,DoS,0.012108756809654852,0.016617554522859387,0.2677284059119229
3,7,15,True,6,Spoofing,4,Mirai,0.08112345406335644,0.05994139983448873,0.025296712436534852
3,7,15,True,6,Spoofing,5,Recon,0.06321780326744071,0.07367074125782903,0.035516701310327976
3,7,15,True,6,Spoofing,6,Spoofing,0.06856475193700974,0.11362032173612643,0.03667248291958943
3,7,15,True,6,Spoofing,7,Web-Based,0.027035192679806797,0.02829170782409302,0.013718373198099395
3,7,15,True,7,Web-Based,0,Benign,0.7245872543186193,0.6848453535848297,0.050423332485765734
3,7,15,True,7,Web-Based,1,BruteForce,0.015610078145048912,0.01865116309534072,0.021180476142506677
3,7,15,True,7,Web-Based,2,DDoS,0.01288115552870028,0.018662316449385773,0.6415779718739358
3,7,15,True,7,Web-Based,3,DoS,0.011630732867380901,0.01644298253930724,0.17322224784641632
3,7,15,True,7,Web-Based,4,Mirai,0.09399723868749167,0.07289641352160947,0.025972991793442226
3,7,15,True,7,Web-Based,5,Recon,0.052890483608153877,0.06750906161561038,0.03572338704129606
3,7,15,True,7,Web-Based,6,Spoofing,0.06157762870247649,0.09406852065670791,0.03740757557995204
3,7,15,True,7,Web-Based,7,Web-Based,0.026825428142128606,0.02692418853720878,0.014492017236685169
3,7,16,False,0,Benign,0,Benign,0.5919752182656822,0.6910833341923877,0.5341735362157836
3,7,16,False,0,Benign,1,BruteForce,0.018928843616307634,0.017033261706009023,0.021735902971110298
3,7,16,False,0,Benign,2,DDoS,0.1334465038120524,0.02167783890293364,0.16338225903613451
3,7,16,False,0,Benign,3,DoS,0.02263649908709121,0.016720669918322426,0.052182661202950155
3,7,16,False,0,Benign,4,Mirai,0.017678925844994028,0.061127950284181144,0.02083648771150476
3,7,16,False,0,Benign,5,Recon,0.018378382693682815,0.07144558803842953,0.020422976477387507
3,7,16,False,0,Benign,6,Spoofing,0.1073694350544883,0.09600596818080792,0.10146804261580702
3,7,16,False,0,Benign,7,Web-Based,0.08958619162570146,0.024905388776928685,0.08579813376932213
3,7,16,False,1,BruteForce,0,Benign,0.5657924102102386,0.6708950119786369,0.5793898109834409
3,7,16,False,1,BruteForce,1,BruteForce,0.023593778370670407,0.022152875263554934,0.023789899460664097
3,7,16,False,1,BruteForce,2,DDoS,0.12230859144602212,0.019808990961300132,0.11413064783793983
3,7,16,False,1,BruteForce,3,DoS,0.019122157379117696,0.016757266405178814,0.02598788191792846
3,7,16,False,1,BruteForce,4,Mirai,0.018171819042214196,0.07537672447072251,0.021337947957388005
3,7,16,False,1,BruteForce,5,Recon,0.01614469576481237,0.06738656570370567,0.019324769899730213
3,7,16,False,1,BruteForce,6,Spoofing,0.1046408800853934,0.09374820820179053,0.10608009870677451
3,7,16,False,1,BruteForce,7,Web-Based,0.13022566770153118,0.03387435701511067,0.10995894323613394
3,7,16,False,2,DDoS,0,Benign,0.1753620994676757,0.20387522367752958,0.17190063737588226
3,7,16,False,2,DDoS,1,BruteForce,0.009321192688253866,0.01468416465588173,0.012485745136121572
3,7,16,False,2,DDoS,2,DDoS,0.7119644285090094,0.5923290805173257,0.6927154298774465
3,7,16,False,2,DDoS,3,DoS,0.01403537661410065,0.021489796469207574,0.026481702115630012
3,7,16,False,2,DDoS,4,Mirai,0.00770113182640267,0.04667755090274322,0.011250468661728078
3,7,16,False,2,DDoS,5,Recon,0.009624084845515812,0.057942007153986085,0.01290379435165443
3,7,16,False,2,DDoS,6,Spoofing,0.03349895382275234,0.03984964126114771,0.03531562860153407
3,7,16,False,2,DDoS,7,Web-Based,0.03849273222628959,0.023152535362178338,0.036946593880003126
3,7,16,False,3,DoS,0,Benign,0.0905943592698142,0.14293112646353318,0.15773549101600842
3,7,16,False,3,DoS,1,BruteForce,0.01034966786660153,0.022487572687222495,0.02092157267385083
3,7,16,False,3,DoS,2,DDoS,0.25607996594950744,0.06532226266438865,0.2909235179409309
3,7,16,False,3,DoS,3,DoS,0.5495342324773052,0.550685299002393,0.3980459878552579
3,7,16,False,3,DoS,4,Mirai,0.006460249703309111,0.05417131752917937,0.012693551659229254
3,7,16,False,3,DoS,5,Recon,0.011784385616107765,0.05156358433573069,0.018384295772757506
3,7,16,False,3,DoS,6,Spoofing,0.04915497190307319,0.0839127293878984,0.059886280778447
3,7,16,False,3,DoS,7,Web-Based,0.026042167214281757,0.02892610792965415,0.0414093023035182
3,7,16,False,4,Mirai,0,Benign,0.5121375349646345,0.6482710447219113,0.5374302360210902
3,7,16,False,4,Mirai,1,BruteForce,0.01993105023858635,0.020176751911089474,0.022790172751614646
3,7,16,False,4,Mirai,2,DDoS,0.22798289149338394,0.02549156657638483,0.1648167554483136
3,7,16,False,4,Mirai,3,DoS,0.027374413914878607,0.017770039436668564,0.04808093830892991
3,7,16,False,4,Mirai,4,Mirai,0.018391530227169748,0.12328180811216753,0.02088884555986211
3,7,16,False,4,Mirai,5,Recon,0.013867553381718741,0.05356450719724274,0.018469433899635155
3,7,16,False,4,Mirai,6,Spoofing,0.09551440324474765,0.0843842910301105,0.10084477772288747
3,7,16,False,4,Mirai,7,Web-Based,0.08480062253488048,0.027059991014425033,0.08667884028766701
3,7,16,False,5,Recon,0,Benign,0.5703181149270794,0.6581135115535003,0.5741962347381742
3,7,16,False,5,Recon,1,BruteForce,0.023481745121968437,0.02147172321141907,0.02352774906641366
3,7,16,False,5,Recon,2,DDoS,0.10441910913343998,0.019370971291884018,0.11912914010594314
3,7,16,False,5,Recon,3,DoS,0.01957052658419171,0.01663872761125384,0.028390415995320762
3,7,16,False,5,Recon,4,Mirai,0.017987870874050745,0.06474026125873665,0.020991949645442858
3,7,16,False,5,Recon,5,Recon,0.0313595108010044,0.09756424485734892,0.021671665781737952
3,7,16,False,5,Recon,6,Spoofing,0.10136944037790803,0.08919101899852672,0.10513321384214656
3,7,16,False,5,Recon,7,Web-Based,0.13149368218035745,0.03290954121733054,0.106959630824821
3,7,16,False,6,Spoofing,0,Benign,0.584071377479983,0.6726549575657808,0.5709442219171555
3,7,16,False,6,Spoofing,1,BruteForce,0.020806367549147824,0.017776328127728426,0.022841323630876313
3,7,16,False,6,Spoofing,2,DDoS,0.09340780352118178,0.017426989131094233,0.10883642872491782
3,7,16,False,6,Spoofing,3,DoS,0.019539561849838245,0.016617554522859387,0.0464091922934451
3,7,16,False,6,Spoofing,4,Mirai,0.017774199650242836,0.05994139983448873,0.02157891197389288
3,7,16,False,6,Spoofing,5,Recon,0.01882748418666725,0.07367074125782903,0.021727194587471074
3,7,16,False,6,Spoofing,6,Spoofing,0.13492596561188042,0.11362032173612643,0.11108156086535674
3,7,16,False,6,Spoofing,7,Web-Based,0.11064724015105872,0.02829170782409302,0.09658116600688445
3,7,16,False,7,Web-Based,0,Benign,0.5967238096886155,0.6848453535848297,0.578157590112258
3,7,16,False,7,Web-Based,1,BruteForce,0.021277099352842492,0.01865116309534072,0.02283592245858655
3,7,16,False,7,Web-Based,2,DDoS,0.1120888265340163,0.018662316449385773,0.1266577507868994
3,7,16,False,7,Web-Based,3,DoS,0.01848142980109438,0.01644298253930724,0.03046721173882049
3,7,16,False,7,Web-Based,4,Mirai,0.018590699516079476,0.07289641352160947,0.02153938996839475
3,7,16,False,7,Web-Based,5,Recon,0.01638281047509934,0.06750906161561038,0.01950708533884851
3,7,16,False,7,Web-Based,6,Spoofing,0.10824991272172627,0.09406852065670791,0.10363085924660609
3,7,16,False,7,Web-Based,7,Web-Based,0.10820541191052631,0.02692418853720878,0.0972041903495863
3,7,17,True,0,Benign,0,Benign,0.8268784794101293,0.6910833341923877,0.3002703713413593
3,7,17,True,0,Benign,1,BruteForce,0.009994109287534513,0.017033261706009023,0.020536984026593035
3,7,17,True,0,Benign,2,DDoS,0.01644648525640542,0.02167783890293364,0.035732304423301164
3,7,17,True,0,Benign,3,DoS,0.021689135988067196,0.016720669918322426,0.05954573268794661
3,7,17,True,0,Benign,4,Mirai,0.08509174947547309,0.061127950284181144,0.460505579316291
3,7,17,True,0,Benign,5,Recon,0.011821395502219797,0.07144558803842953,0.016187788739951428
3,7,17,True,0,Benign,6,Spoofing,0.010862005661898112,0.09600596818080792,0.022537627045119166
3,7,17,True,0,Benign,7,Web-Based,0.017216639418272554,0.024905388776928685,0.08468361241943834
3,7,17,True,1,BruteForce,0,Benign,0.8226311055685462,0.6708950119786369,0.29619681098993933
3,7,17,True,1,BruteForce,1,BruteForce,0.010341573104186512,0.022152875263554934,0.021312738233048804
3,7,17,True,1,BruteForce,2,DDoS,0.016038175925844167,0.019808990961300132,0.02514850350111855
3,7,17,True,1,BruteForce,3,DoS,0.018166109260561,0.016757266405178814,0.016609824309727038
3,7,17,True,1,BruteForce,4,Mirai,0.09322042081081237,0.07537672447072251,0.4655847374983776
3,7,17,True,1,BruteForce,5,Recon,0.010027180203029496,0.06738656570370567,0.01586589652804396
3,7,17,True,1,BruteForce,6,Spoofing,0.01075830706294404,0.09374820820179053,0.023595497379144976
3,7,17,True,1,BruteForce,7,Web-Based,0.01881712806407625,0.03387435701511067,0.13568599156059988
3,7,17,True,2,DDoS,0,Benign,0.8171266025100467,0.20387522367752958,0.09073318756419739
3,7,17,True,2,DDoS,1,BruteForce,0.011143113206328138,0.01468416465588173,0.013357670112821421
3,7,17,True,2,DDoS,2,DDoS,0.03222654109889661,0.5923290805173257,0.6195920262900917
3,7,17,True,2,DDoS,3,DoS,0.028771008642282776,0.021489796469207574,0.04924396131709777
3,7,17,True,2,DDoS,4,Mirai,0.06671756407972536,0.04667755090274322,0.1551573157548169
3,7,17,True,2,DDoS,5,Recon,0.014595246335172696,0.057942007153986085,0.01337000146018548
3,7,17,True,2,DDoS,6,Spoofing,0.01027754605023002,0.03984964126114771,0.01141181755360754
3,7,17,True,2,DDoS,7,Web-Based,0.019142378077317612,0.023152535362178338,0.04713401994718189
3,7,17,True,3,DoS,0,Benign,0.8170740716602941,0.14293112646353318,0.07668500772763943
3,7,17,True,3,DoS,1,BruteForce,0.011955365129514442,0.022487572687222495,0.02275019418413309
3,7,17,True,3,DoS,2,DDoS,0.022645055509041268,0.06532226266438865,0.1028568237999391
3,7,17,True,3,DoS,3,DoS,0.05105736860334787,0.550685299002393,0.5682245846299523
3,7,17,True,3,DoS,4,Mirai,0.05280078530393865,0.05417131752917937,0.15220786753055157
3,7,17,True,3,DoS,5,Recon,0.014029971600657679,0.05156358433573069,0.01817202018936955
3,7,17,True,3,DoS,6,Spoofing,0.01089816137824655,0.0839127293878984,0.020824451439434646
3,7,17,True,3,DoS,7,Web-Based,0.019539220814959474,0.02892610792965415,0.038279050498980345
3,7,17,True,4,Mirai,0,Benign,0.8207319080165439,0.6482710447219113,0.2646525788052918
3,7,17,True,4,Mirai,1,BruteForce,0.010086234563290915,0.020176751911089474,0.02102163753169625
3,7,17,True,4,Mirai,2,DDoS,0.016746360599111755,0.02549156657638483,0.025037049801467138
3,7,17,True,4,Mirai,3,DoS,0.019842418616922666,0.017770039436668564,0.024022718085475087
3,7,17,True,4,Mirai,4,Mirai,0.09458443414223963,0.12328180811216753,0.5493718283431185
3,7,17,True,4,Mirai,5,Recon,0.010525731703258163,0.05356450719724274,0.014364445317954569
3,7,17,True,4,Mirai,6,Spoofing,0.010838513248346204,0.0843842910301105,0.02150578801353581
3,7,17,True,4,Mirai,7,Web-Based,0.016644399110286652,0.027059991014425033,0.08002395410146096
3,7,17,True,5,Recon,0,Benign,0.8230307720479509,0.6581135115535003,0.28573028511012044
3,7,17,True,5,Recon,1,BruteForce,0.010289607002421163,0.02147172321141907,0.021767943429345092
3,7,17,True,5,Recon,2,DDoS,0.01615818529586121,0.019370971291884018,0.0252272533309601
3,7,17,True,5,Recon,3,DoS,0.01851575382435692,0.01663872761125384,0.026178558235351066
3,7,17,True,5,Recon,4,Mirai,0.09282986127021524,0.06474026125873665,0.4725907666808037
3,7,17,True,5,Recon,5,Recon,0.010177134760135452,0.09756424485734892,0.01575073117035598
3,7,17,True,5,Recon,6,Spoofing,0.010554735675516208,0.08919101899852672,0.023001261576429132
3,7,17,True,5,Recon,7,Web-Based,0.018443950123542784,0.03290954121733054,0.1297532004666346
3,7,17,True,6,Spoofing,0,Benign,0.8277770329513691,0.6726549575657808,0.31901376245486907
3,7,17,True,6,Spoofing,1,BruteForce,0.00999920303542875,0.017776328127728426,0.020398726749892137
3,7,17,True,6,Spoofing,2,DDoS,0.015618646369381399,0.017426989131094233,0.02277810448839408
3,7,17,True,6,Spoofing,3,DoS,0.021264116054714538,0.016617554522859387,0.03250348055334834
3,7,17,True,6,Spoofing,4,Mirai,0.08439035724424117,0.05994139983448873,0.4596133485915539
3,7,17,True,6,Spoofing,5,Recon,0.01195780853391433,0.07367074125782903,0.016957719158648226
3,7,17,True,6,Spoofing,6,Spoofing,0.011171622649663003,0.11362032173612643,0.024329147948211022
3,7,17,True,6,Spoofing,7,Web-Based,0.017821213161287753,0.02829170782409302,0.10440571005508333
3,7,17,True,7,Web-Based,0,Benign,0.8239952217107647,0.6848453535848297,0.30464135290408595
3,7,17,True,7,Web-Based,1,BruteForce,0.010003949990571685,0.01865116309534072,0.020556668874309805
3,7,17,True,7,Web-Based,2,DDoS,0.015902882616011766,0.018662316449385773,0.024674408877510275
3,7,17,True,7,Web-Based,3,DoS,0.019313457267471874,0.01644298253930724,0.018395096303483953
3,7,17,True,7,Web-Based,4,Mirai,0.09180098935835171,0.07289641352160947,0.48554066180852534
3,7,17,True,7,Web-Based,5,Recon,0.010861649476095723,0.06750906161561038,0.016221690691798064
3,7,17,True,7,Web-Based,6,Spoofing,0.010813089001569822,0.09406852065670791,0.02293519288176514
3,7,17,True,7,Web-Based,7,Web-Based,0.017308760579162866,0.02692418853720878,0.10703492765852148
3,7,18,True,0,Benign,0,Benign,0.8196884008422138,0.6910833341923877,0.07816552302489388
3,7,18,True,0,Benign,1,BruteForce,0.011039149323116115,0.017033261706009023,0.022312607734960615
3,7,18,True,0,Benign,2,DDoS,0.033322927179655105,0.02167783890293364,0.15902967291536615
3,7,18,True,0,Benign,3,DoS,0.013748303579823123,0.016720669918322426,0.05336357699881698
3,7,18,True,0,Benign,4,Mirai,0.04674405281898869,0.061127950284181144,0.29962736971341875
3,7,18,True,0,Benign,5,Recon,0.023659779650924417,0.07144558803842953,0.10321130000009476
3,7,18,True,0,Benign,6,Spoofing,0.027945372960848272,0.09600596818080792,0.1751818633644238
3,7,18,True,0,Benign,7,Web-Based,0.023852013644430514,0.024905388776928685,0.10910808624802514
3,7,18,True,1,BruteForce,0,Benign,0.8166530940569267,0.6708950119786369,0.08069905363463348
3,7,18,True,1,BruteForce,1,BruteForce,0.011975295085031624,0.022152875263554934,0.022649520155969622
3,7,18,True,1,BruteForce,2,DDoS,0.03301094095678763,0.019808990961300132,0.13060982660839623
3,7,18,True,1,BruteForce,3,DoS,0.012430614424531727,0.016757266405178814,0.014406004017954376
3,7,18,True,1,BruteForce,4,Mirai,0.0495205685909231,0.07537672447072251,0.32147478830044496
3,7,18,True,1,BruteForce,5,Recon,0.019944969635439312,0.06738656570370567,0.10965495677773877
3,7,18,True,1,BruteForce,6,Spoofing,0.028972032009646338,0.09374820820179053,0.160504139521098
3,7,18,True,1,BruteForce,7,Web-Based,0.02749248524071372,0.03387435701511067,0.1600017109837646
3,7,18,True,2,DDoS,0,Benign,0.8073134359641453,0.20387522367752958,0.026178345532138582
3,7,18,True,2,DDoS,1,BruteForce,0.011689600807124756,0.01468416465588173,0.01204676267713422
3,7,18,True,2,DDoS,2,DDoS,0.052067396717414165,0.5923290805173257,0.6822580497680248
3,7,18,True,2,DDoS,3,DoS,0.017926575403681855,0.021489796469207574,0.030783478502006002
3,7,18,True,2,DDoS,4,Mirai,0.04094309894603252,0.04667755090274322,0.09860304857654502
3,7,18,True,2,DDoS,5,Recon,0.026454071030888312,0.057942007153986085,0.05547659203063738
3,7,18,True,2,DDoS,6,Spoofing,0.02136426437007935,0.03984964126114771,0.050555379866146534
3,7,18,True,2,DDoS,7,Web-Based,0.022241556760633684,0.023152535362178338,0.04409834304736735
3,7,18,True,3,DoS,0,Benign,0.7997533609659664,0.14293112646353318,0.03413910141386991
3,7,18,True,3,DoS,1,BruteForce,0.012910321834913438,0.022487572687222495,0.02357858707928807
3,7,18,True,3,DoS,2,DDoS,0.04734194522671797,0.06532226266438865,0.24899332445804662
3,7,18,True,3,DoS,3,DoS,0.03618627075511994,0.550685299002393,0.42564272320363045
3,7,18,True,3,DoS,4,Mirai,0.031256559062863655,0.05417131752917937,0.09192705326602992
3,7,18,True,3,DoS,5,Recon,0.026640776343321907,0.05156358433573069,0.04434568482483337
3,7,18,True,3,DoS,6,Spoofing,0.022421117216890833,0.0839127293878984,0.08074954739920681
3,7,18,True,3,DoS,7,Web-Based,0.023489648594205853,0.02892610792965415,0.05062397835509497
3,7,18,True,4,Mirai,0,Benign,0.8175871480009506,0.6482710447219113,0.0732150217473921
3,7,18,True,4,Mirai,1,BruteForce,0.011326437323977574,0.020176751911089474,0.02384089056912771
3,7,18,True,4,Mirai,2,DDoS,0.034717394996392516,0.02549156657638483,0.14897880340712952
3,7,18,True,4,Mirai,3,DoS,0.013143093586132125,0.017770039436668564,0.040159492388255065
3,7,18,True,4,Mirai,4,Mirai,0.051546937027192534,0.12328180811216753,0.3724356088634283
3,7,18,True,4,Mirai,5,Recon,0.019730628176173434,0.05356450719724274,0.08553177143005426
3,7,18,True,4,Mirai,6,Spoofing,0.028299453717159997,0.0843842910301105,0.16057706487346468
3,7,18,True,4,Mirai,7,Web-Based,0.023648907172021366,0.027059991014425033,0.09526134672114842
3,7,18,True,5,Recon,0,Benign,0.8169933432652886,0.6581135115535003,0.07934843434800953
3,7,18,True,5,Recon,1,BruteForce,0.01181605380363474,0.02147172321141907,0.022830788178971353
3,7,18,True,5,Recon,2,DDoS,0.03314130974039477,0.019370971291884018,0.12724019003965872
3,7,18,True,5,Recon,3,DoS,0.012591875164853421,0.01663872761125384,0.015558006599827536
3,7,18,True,5,Recon,4,Mirai,0.048656161785935195,0.06474026125873665,0.320734832017127
3,7,18,True,5,Recon,5,Recon,0.02083213670718189,0.09756424485734892,0.12160495505688926
3,7,18,True,5,Recon,6,Spoofing,0.02864457196535431,0.08919101899852672,0.1546327806457163
3,7,18,True,5,Recon,7,Web-Based,0.02732454756735724,0.03290954121733054,0.15805001311380024
3,7,18,True,6,Spoofing,0,Benign,0.8191766138551889,0.6726549575657808,0.08325558624361566
3,7,18,True,6,Spoofing,1,BruteForce,0.01126804605395055,0.017776328127728426,0.022063508154085396
3,7,18,True,6,Spoofing,2,DDoS,0.031208394370126877,0.017426989131094233,0.12021363711151399
3,7,18,True,6,Spoofing,3,DoS,0.013500649280336367,0.016617554522859387,0.041225779157614655
3,7,18,True,6,Spoofing,4,Mirai,0.04533370942900259,0.05994139983448873,0.2960906011595809
3,7,18,True,6,Spoofing,5,Recon,0.024685501710668436,0.07367074125782903,0.10754240328727037
3,7,18,True,6,Spoofing,6,Spoofing,0.029481046235589232,0.11362032173612643,0.2051674652385947
3,7,18,True,6,Spoofing,7,Web-Based,0.02534603906513707,0.02829170782409302,0.12444101964772426
3,7,18,True,7,Web-Based,0,Benign,0.8194161501847947,0.6848453535848297,0.08259078371178087
3,7,18,True,7,Web-Based,1,BruteForce,0.011317820839644855,0.01865116309534072,0.02296523608748348
3,7,18,True,7,Web-Based,2,DDoS,0.032327213007950696,0.018662316449385773,0.13861085499088818
3,7,18,True,7,Web-Based,3,DoS,0.012807903408990878,0.01644298253930724,0.018200194126058538
3,7,18,True,7,Web-Based,4,Mirai,0.04910709765109566,0.07289641352160947,0.33756272533602183
3,7,18,True,7,Web-Based,5,Recon,0.021525544909858266,0.06750906161561038,0.10323565571456338
3,7,18,True,7,Web-Based,6,Spoofing,0.02851844671977974,0.09406852065670791,0.16919224789973258
3,7,18,True,7,Web-Based,7,Web-Based,0.024979823277885154,0.02692418853720878,0.1276423021334712
3,7,19,False,0,Benign,0,Benign,0.09867078609851453,0.6910833341923877,0.07393715366126126
3,7,19,False,0,Benign,1,BruteForce,0.01357351934661948,0.017033261706009023,0.015569158379957619
3,7,19,False,0,Benign,2,DDoS,0.1974219624544821,0.02167783890293364,0.25659437701848037
3,7,19,False,0,Benign,3,DoS,0.055985519231889054,0.016720669918322426,0.08382081023196493
3,7,19,False,0,Benign,4,Mirai,0.02086776869166586,0.061127950284181144,0.022172426488078493
3,7,19,False,0,Benign,5,Recon,0.1615897518565537,0.07144558803842953,0.1663954488592783
3,7,19,False,0,Benign,6,Spoofing,0.43439648655923696,0.09600596818080792,0.3652257523540013
3,7,19,False,0,Benign,7,Web-Based,0.01749420576103846,0.024905388776928685,0.016284873006977858
3,7,19,False,1,BruteForce,0,Benign,0.09616123816129317,0.6708950119786369,0.08217338727289265
3,7,19,False,1,BruteForce,1,BruteForce,0.015965782473744007,0.022152875263554934,0.015853545365964932
3,7,19,False,1,BruteForce,2,DDoS,0.20678708192676012,0.019808990961300132,0.21570083780082042
3,7,19,False,1,BruteForce,3,DoS,0.01948479848546871,0.016757266405178814,0.03429890326819847
3,7,19,False,1,BruteForce,4,Mirai,0.02334349377331009,0.07537672447072251,0.024814625781695552
3,7,19,False,1,BruteForce,5,Recon,0.1399836921826453,0.06738656570370567,0.20952444473016552
3,7,19,False,1,BruteForce,6,Spoofing,0.4770760289582617,0.09374820820179053,0.40042761853179865
3,7,19,False,1,BruteForce,7,Web-Based,0.021197884038516884,0.03387435701511067,0.017206637248463757
3,7,19,False,2,DDoS,0,Benign,0.02757995526821536,0.20387522367752958,0.02687617514866152
3,7,19,False,2,DDoS,1,BruteForce,0.0063274980066248135,0.01468416465588173,0.009419146135799186
3,7,19,False,2,DDoS,2,DDoS,0.7425882245378399,0.5923290805173257,0.7134097607592723
3,7,19,False,2,DDoS,3,DoS,0.03246468297113113,0.021489796469207574,0.04055215172013352
3,7,19,False,2,DDoS,4,Mirai,0.00881028724413373,0.04667755090274322,0.0115829242024657
3,7,19,False,2,DDoS,5,Recon,0.06599570532248519,0.057942007153986085,0.0825540300823468
3,7,19,False,2,DDoS,6,Spoofing,0.10844692141396771,0.03984964126114771,0.10549996365520116
3,7,19,False,2,DDoS,7,Web-Based,0.007786725235602242,0.023152535362178338,0.010105848296119898
3,7,19,False,3,DoS,0,Benign,0.01659475513911361,0.14293112646353318,0.026613608407645196
3,7,19,False,3,DoS,1,BruteForce,0.006173260505027461,0.022487572687222495,0.013449149427501967
3,7,19,False,3,DoS,2,DDoS,0.20356360592921183,0.06532226266438865,0.20993407906795178
3,7,19,False,3,DoS,3,DoS,0.6888088750737783,0.550685299002393,0.5798319093923565
3,7,19,False,3,DoS,4,Mirai,0.005591413217259256,0.05417131752917937,0.010307832048127137
3,7,19,False,3,DoS,5,Recon,0.030158525657919603,0.05156358433573069,0.05505382455329522
3,7,19,False,3,DoS,6,Spoofing,0.043937456061468795,0.0839127293878984,0.09554958225176302
3,7,19,False,3,DoS,7,Web-Based,0.0051721084162211816,0.02892610792965415,0.009260014851359197
3,7,19,False,4,Mirai,0,Benign,0.08359245608375591,0.6482710447219113,0.07827119905002661
3,7,19,False,4,Mirai,1,BruteForce,0.014151046392345865,0.020176751911089474,0.016551859696061155
3,7,19,False,4,Mirai,2,DDoS,0.33463309066519686,0.02549156657638483,0.2870452608121115
3,7,19,False,4,Mirai,3,DoS,0.036691412306757105,0.017770039436668564,0.07043784388982068
3,7,19,False,4,Mirai,4,Mirai,0.02412403879100951,0.12328180811216753,0.024711835806231514
3,7,19,False,4,Mirai,5,Recon,0.10312901766514938,0.05356450719724274,0.14675846239324863
3,7,19,False,4,Mirai,6,Spoofing,0.38700539156612007,0.0843842910301105,0.35969246209824557
3,7,19,False,4,Mirai,7,Web-Based,0.01667354652966531,0.027059991014425033,0.016531076254254432
3,7,19,False,5,Recon,0,Benign,0.10164627608355066,0.6581135115535003,0.08457902274596431
3,7,19,False,5,Recon,1,BruteForce,0.015865245464988017,0.02147172321141907,0.015772501756835405
3,7,19,False,5,Recon,2,DDoS,0.18819605732366784,0.019370971291884018,0.20915788041493244
3,7,19,False,5,Recon,3,DoS,0.022805176250869086,0.01663872761125384,0.036424379392476246
3,7,19,False,5,Recon,4,Mirai,0.023599316611510605,0.06474026125873665,0.024627189826832756
3,7,19,False,5,Recon,5,Recon,0.20033766428846408,0.09756424485734892,0.2347639226547286
3,7,19,False,5,Recon,6,Spoofing,0.42583554651802774,0.08919101899852672,0.3777903234597183
3,7,19,False,5,Recon,7,Web-Based,0.021714717458922006,0.03290954121733054,0.016884779748511956
3,7,19,False,6,Spoofing,0,Benign,0.09602661169023342,0.6726549575657808,0.07782108623708166
3,7,19,False,6,Spoofing,1,BruteForce,0.013892196663591705,0.017776328127728426,0.015735830199200083
3,7,19,False,6,Spoofing,2,DDoS,0.16574815024287914,0.017426989131094233,0.20310145546698155
3,7,19,False,6,Spoofing,3,DoS,0.03990385382080863,0.016617554522859387,0.07176223317145954
3,7,19,False,6,Spoofing,4,Mirai,0.021758053437732877,0.05994139983448873,0.02260410208573
3,7,19,False,6,Spoofing,5,Recon,0.16503752537490096,0.07367074125782903,0.18296911894160336
3,7,19,False,6,Spoofing,6,Spoofing,0.4797764830164431,0.11362032173612643,0.40940785113029626
3,7,19,False,6,Spoofing,7,Web-Based,0.01785712575341027,0.02829170782409302,0.016598322767647507
3,7,19,False,7,Web-Based,0,Benign,0.10407511619985522,0.6848453535848297,0.08524865628272739
3,7,19,False,7,Web-Based,1,BruteForce,0.015035744952252903,0.01865116309534072,0.016582052986528026
3,7,19,False,7,Web-Based,2,DDoS,0.22083658171166512,0.018662316449385773,0.24456852477929542
3,7,19,False,7,Web-Based,3,DoS,0.039357902578268704,0.01644298253930724,0.03661987394949591
3,7,19,False,7,Web-Based,4,Mirai,0.02448492332996768,0.07289641352160947,0.0252539498055423
3,7,19,False,7,Web-Based,5,Recon,0.15332115462242796,0.06750906161561038,0.1922585970280649
3,7,19,False,7,Web-Based,6,Spoofing,0.42305391629359035,0.09406852065670791,0.3815690765573948
3,7,19,False,7,Web-Based,7,Web-Based,0.019834660311971994,0.02692418853720878,0.017899268610951286
4,8,0,False,0,Benign,0,Benign,0.3002203345535549,0.6878325684833541,0.2695434779274763
4,8,0,False,0,Benign,1,BruteForce,0.06638704377988106,0.016158783205941406,0.073007406369225
4,8,0,False,0,Benign,2,DDoS,0.006748612543608313,0.021732682002326708,0.010778390064773007
4,8,0,False,0,Benign,3,DoS,0.14006435630736444,0.01619741826478301,0.18204991669475112
4,8,0,False,0,Benign,4,Mirai,0.28959027129559045,0.06514372235480945,0.2753507390958716
4,8,0,False,0,Benign,5,Recon,0.15188299506823327,0.06869713824172427,0.15101139244834436
4,8,0,False,0,Benign,6,Spoofing,0.02506149047501771,0.09968033545621174,0.01813722422140563
4,8,0,False,0,Benign,7,Web-Based,0.02004489597674995,0.024557351990849328,0.02012145317815296
4,8,0,False,1,BruteForce,0,Benign,0.24951951858886373,0.6663009200261141,0.2839332576701928
4,8,0,False,1,BruteForce,1,BruteForce,0.1275181423324182,0.021002853697180243,0.1028368231449146
4,8,0,False,1,BruteForce,2,DDoS,0.007254601893273757,0.017625854469615922,0.008596221758707303
4,8,0,False,1,BruteForce,3,DoS,0.07225567625984111,0.01584363340660939,0.07047986306366458
4,8,0,False,1,BruteForce,4,Mirai,0.34517420651596475,0.08462622961459956,0.3123241807904805
4,8,0,False,1,BruteForce,5,Recon,0.14319223238201118,0.0609574985299023,0.1777805182048553
4,8,0,False,1,BruteForce,6,Spoofing,0.026008674326815577,0.10226633746101947,0.01795847659940625
4,8,0,False,1,BruteForce,7,Web-Based,0.029076947700811796,0.031376672794959065,0.02609065876777864
4,8,0,False,2,DDoS,0,Benign,0.07028945319427785,0.20441061815259606,0.08482875547455743
4,8,0,False,2,DDoS,1,BruteForce,0.029888218499689374,0.014149402675482835,0.03882815535864814
4,8,0,False,2,DDoS,2,DDoS,0.600607412700663,0.5926130938290621,0.5300357881927316
4,8,0,False,2,DDoS,3,DoS,0.09389672779298594,0.02204639887352776,0.13231050994392587
4,8,0,False,2,DDoS,4,Mirai,0.13220004233178567,0.050643130789153445,0.11009046875300106
4,8,0,False,2,DDoS,5,Recon,0.054639331100925496,0.05397508446101153,0.0750025153134342
4,8,0,False,2,DDoS,6,Spoofing,0.009265494601074339,0.03963285825990444,0.011780942796338192
4,8,0,False,2,DDoS,7,Web-Based,0.009213319778598454,0.02252941295926186,0.017122864167363423
4,8,0,False,3,DoS,0,Benign,0.02504054167635036,0.12296426435006926,0.03897824859356729
4,8,0,False,3,DoS,1,BruteForce,0.013590445861592373,0.018063519970371658,0.01979899216122622
4,8,0,False,3,DoS,2,DDoS,0.02019902173842772,0.06034108312393877,0.019992927785115314
4,8,0,False,3,DoS,3,DoS,0.881107883318776,0.6304184228809494,0.8196725942875323
4,8,0,False,3,DoS,4,Mirai,0.029365246419789465,0.04867616503452658,0.04394419228293901
4,8,0,False,3,DoS,5,Recon,0.02055389607439312,0.03969743529004842,0.04190483911313008
4,8,0,False,3,DoS,6,Spoofing,0.006132814134730407,0.05722145956053995,0.009296967053168573
4,8,0,False,3,DoS,7,Web-Based,0.004010150775940638,0.02261764978955586,0.006411238723321233
4,8,0,False,4,Mirai,0,Benign,0.23603859769896,0.6331203093710187,0.26468545248958086
4,8,0,False,4,Mirai,1,BruteForce,0.06676383374914216,0.01909281675668157,0.08104205714317578
4,8,0,False,4,Mirai,2,DDoS,0.008377069129747764,0.0251141681346322,0.009235041321103145
4,8,0,False,4,Mirai,3,DoS,0.07425768157659417,0.017462351603639688,0.1368131858753524
4,8,0,False,4,Mirai,4,Mirai,0.5004155878845331,0.13755598669055935,0.3660098214660486
4,8,0,False,4,Mirai,5,Recon,0.07631997240211849,0.05284625920967071,0.1056291184830733
4,8,0,False,4,Mirai,6,Spoofing,0.022380423097940208,0.08849116719610377,0.017479306056300506
4,8,0,False,4,Mirai,7,Web-Based,0.015446834460964053,0.026316941037694164,0.01910601716536553
4,8,0,False,5,Recon,0,Benign,0.23014223911747192,0.663690456176823,0.2697354952239179
4,8,0,False,5,Recon,1,BruteForce,0.11592452220369365,0.020303064776454882,0.09816528640543035
4,8,0,False,5,Recon,2,DDoS,0.006646719486850454,0.017002391782183355,0.008290229323074659
4,8,0,False,5,Recon,3,DoS,0.10382509107522493,0.016156744787585175,0.10258295235809174
4,8,0,False,5,Recon,4,Mirai,0.2655798678532312,0.06631128653357236,0.2703366835588477
4,8,0,False,5,Recon,5,Recon,0.22417671915994544,0.08772201297228534,0.20811273486733373
4,8,0,False,5,Recon,6,Spoofing,0.02278397824972954,0.09839718240625839,0.01742386481205669
4,8,0,False,5,Recon,7,Web-Based,0.03092086285385291,0.03041686056483741,0.025352753451247274
4,8,0,False,6,Spoofing,0,Benign,0.27010683410709524,0.6686455847035283,0.2782425072126134
4,8,0,False,6,Spoofing,1,BruteForce,0.08259048527655453,0.01733338489375343,0.07880469056473649
4,8,0,False,6,Spoofing,2,DDoS,0.006220448186563389,0.01653015001685993,0.009035142698165011
4,8,0,False,6,Spoofing,3,DoS,0.09097989312835764,0.016052187417027592,0.1504420044070767
4,8,0,False,6,Spoofing,4,Mirai,0.310177393125691,0.06392521944996288,0.2699775359829951
4,8,0,False,6,Spoofing,5,Recon,0.17847732377983697,0.0714019896639859,0.17289862575564113
4,8,0,False,6,Spoofing,6,Spoofing,0.03534073528008848,0.11836710282816296,0.018449960254190257
4,8,0,False,6,Spoofing,7,Web-Based,0.02610688711581281,0.02774438102671894,0.022149533124581948
4,8,0,False,7,Web-Based,0,Benign,0.265662371971789,0.6869294953328311,0.2879011973958506
4,8,0,False,7,Web-Based,1,BruteForce,0.0759209720796745,0.017748584962840305,0.08289495648235258
4,8,0,False,7,Web-Based,2,DDoS,0.00666570440952434,0.01647836021982616,0.012804949069375798
4,8,0,False,7,Web-Based,3,DoS,0.08082183548944595,0.015583152660022729,0.10179823313656905
4,8,0,False,7,Web-Based,4,Mirai,0.39132111140555875,0.0762618504780195,0.32507280490717133
4,8,0,False,7,Web-Based,5,Recon,0.13143643648780762,0.061733679298495624,0.15013832223241355
4,8,0,False,7,Web-Based,6,Spoofing,0.02624115014000683,0.09857858611846922,0.017629198824478803
4,8,0,False,7,Web-Based,7,Web-Based,0.021930418016193026,0.02668629092949526,0.021760337951788226
4,8,1,True,0,Benign,0,Benign,0.7501862098026546,0.6878325684833541,0.010186090730206536
4,8,1,True,0,Benign,1,BruteForce,0.005320872297405054,0.016158783205941406,0.008811980586556672
4,8,1,True,0,Benign,2,DDoS,0.02089785701108819,0.021732682002326708,0.0799869670566325
4,8,1,True,0,Benign,3,DoS,0.011503343249481752,0.01619741826478301,0.01373771407455914
4,8,1,True,0,Benign,4,Mirai,0.01929974689331661,0.06514372235480945,0.1006470055178695
4,8,1,True,0,Benign,5,Recon,0.0800059111798563,0.06869713824172427,0.30275933076306
4,8,1,True,0,Benign,6,Spoofing,0.10754655534611673,0.09968033545621174,0.47768374197190844
4,8,1,True,0,Benign,7,Web-Based,0.0052395042200807295,0.024557351990849328,0.006187169299207316
4,8,1,True,1,BruteForce,0,Benign,0.7400978825533401,0.6663009200261141,0.009244908484393941
4,8,1,True,1,BruteForce,1,BruteForce,0.005415443529628959,0.021002853697180243,0.008624218840097496
4,8,1,True,1,BruteForce,2,DDoS,0.014522379914515104,0.017625854469615922,0.04663514271770176
4,8,1,True,1,BruteForce,3,DoS,0.008039319979448562,0.01584363340660939,0.00891527456608392
4,8,1,True,1,BruteForce,4,Mirai,0.019527094220486062,0.08462622961459956,0.10647923554024705
4,8,1,True,1,BruteForce,5,Recon,0.0924116865914664,0.0609574985299023,0.31866185899277083
4,8,1,True,1,BruteForce,6,Spoofing,0.11471478670363244,0.10226633746101947,0.49515451153410917
4,8,1,True,1,BruteForce,7,Web-Based,0.005271406507482416,0.031376672794959065,0.006284849324595851
4,8,1,True,2,DDoS,0,Benign,0.6653212706939893,0.20441061815259606,0.005901462491373086
4,8,1,True,2,DDoS,1,BruteForce,0.007258748545192263,0.014149402675482835,0.006500318288547962
4,8,1,True,2,DDoS,2,DDoS,0.18292397100498248,0.5926130938290621,0.6709756990245247
4,8,1,True,2,DDoS,3,DoS,0.01948907795324688,0.02204639887352776,0.024245637016585383
4,8,1,True,2,DDoS,4,Mirai,0.021162943079470527,0.050643130789153445,0.03823622085610246
4,8,1,True,2,DDoS,5,Recon,0.04890265790169315,0.05397508446101153,0.11454177439027904
4,8,1,True,2,DDoS,6,Spoofing,0.047239670718222444,0.03963285825990444,0.13391432668866093
4,8,1,True,2,DDoS,7,Web-Based,0.007701660103202859,0.02252941295926186,0.005684561243926547
4,8,1,True,3,DoS,0,Benign,0.7191142823672326,0.12296426435006926,0.013705374029007103
4,8,1,True,3,DoS,1,BruteForce,0.007805475493795215,0.018063519970371658,0.01381009737827864
4,8,1,True,3,DoS,2,DDoS,0.059537309092588205,0.06034108312393877,0.1848364489545465
4,8,1,True,3,DoS,3,DoS,0.0856472163362625,0.6304184228809494,0.5116376641944259
4,8,1,True,3,DoS,4,Mirai,0.013390818210105416,0.04867616503452658,0.03701448876741091
4,8,1,True,3,DoS,5,Recon,0.05746226556219786,0.03969743529004842,0.06235320522321921
4,8,1,True,3,DoS,6,Spoofing,0.04943888418291265,0.05722145956053995,0.1693952678771879
4,8,1,True,3,DoS,7,Web-Based,0.007603748754905534,0.02261764978955586,0.007247453575923826
4,8,1,True,4,Mirai,0,Benign,0.7546141260767536,0.6331203093710187,0.011242730300144442
4,8,1,True,4,Mirai,1,BruteForce,0.00538537666967814,0.01909281675668157,0.011774018230763133
4,8,1,True,4,Mirai,2,DDoS,0.020276818544893875,0.0251141681346322,0.0850032837279757
4,8,1,True,4,Mirai,3,DoS,0.009916169714429962,0.017462351603639688,0.02037925949333292
4,8,1,True,4,Mirai,4,Mirai,0.02121680130591079,0.13755598669055935,0.15280035237404035
4,8,1,True,4,Mirai,5,Recon,0.06904180736571743,0.05284625920967071,0.19930016576283074
4,8,1,True,4,Mirai,6,Spoofing,0.1145624924818195,0.08849116719610377,0.5125938969755856
4,8,1,True,4,Mirai,7,Web-Based,0.004986407840796743,0.026316941037694164,0.006906293135327093
4,8,1,True,5,Recon,0,Benign,0.7341428945170247,0.663690456176823,0.008265339894159923
4,8,1,True,5,Recon,1,BruteForce,0.005450215765568654,0.020303064776454882,0.007653115795120904
4,8,1,True,5,Recon,2,DDoS,0.013521674865943483,0.017002391782183355,0.044129590640207474
4,8,1,True,5,Recon,3,DoS,0.00840769078776854,0.016156744787585175,0.008083133176638255
4,8,1,True,5,Recon,4,Mirai,0.01896131577705564,0.06631128653357236,0.10134706594942654
4,8,1,True,5,Recon,5,Recon,0.10228901376300274,0.08772201297228534,0.4237458747914807
4,8,1,True,5,Recon,6,Spoofing,0.11199723708854423,0.09839718240625839,0.40098471674730424
4,8,1,True,5,Recon,7,Web-Based,0.0052299574350918475,0.03041686056483741,0.005791163005661837
4,8,1,True,6,Spoofing,0,Benign,0.7399485727663718,0.6686455847035283,0.009677493708596947
4,8,1,True,6,Spoofing,1,BruteForce,0.005353791530913437,0.01733338489375343,0.008057488040001688
4,8,1,True,6,Spoofing,2,DDoS,0.015798206952911443,0.01653015001685993,0.04244706340857639
4,8,1,True,6,Spoofing,3,DoS,0.010300238594253287,0.016052187417027592,0.010103737300147051
4,8,1,True,6,Spoofing,4,Mirai,0.018608072770320616,0.06392521944996288,0.0984611548783505
4,8,1,True,6,Spoofing,5,Recon,0.08302154081336187,0.0714019896639859,0.3224195255155999
4,8,1,True,6,Spoofing,6,Spoofing,0.12168509664555072,0.11836710282816296,0.5029657545734436
4,8,1,True,6,Spoofing,7,Web-Based,0.005284479926316905,0.02774438102671894,0.00586778257528397
4,8,1,True,7,Web-Based,0,Benign,0.7447673854558357,0.6869294953328311,0.010100320759845847
4,8,1,True,7,Web-Based,1,BruteForce,0.0053043836768747995,0.017748584962840305,0.009472127230265396
4,8,1,True,7,Web-Based,2,DDoS,0.016669265792021257,0.01647836021982616,0.05269576966093534
4,8,1,True,7,Web-Based,3,DoS,0.008841390961400733,0.015583152660022729,0.009366829953333388
4,8,1,True,7,Web-Based,4,Mirai,0.020117497133665098,0.0762618504780195,0.11736541780230506
4,8,1,True,7,Web-Based,5,Recon,0.08269010055933367,0.061733679298495624,0.32700266431556996
4,8,1,True,7,Web-Based,6,Spoofing,0.11645612449138976,0.09857858611846922,0.4676247954505973
4,8,1,True,7,Web-Based,7,Web-Based,0.005153851929479018,0.02668629092949526,0.006372074827147713
4,8,2,False,0,Benign,0,Benign,0.2101255579872015,0.6878325684833541,0.1931568243485471
4,8,2,False,0,Benign,1,BruteForce,0.018746881167368702,0.016158783205941406,0.023481524741603674
4,8,2,False,0,Benign,2,DDoS,0.017697318845758186,0.021732682002326708,0.022796145909677705
4,8,2,False,0,Benign,3,DoS,0.007045085041557808,0.01619741826478301,0.013651480667963121
4,8,2,False,0,Benign,4,Mirai,0.3528152913963162,0.06514372235480945,0.2850278144384692
4,8,2,False,0,Benign,5,Recon,0.3520777176828756,0.06869713824172427,0.40908645368191593
4,8,2,False,0,Benign,6,Spoofing,0.026160573184973647,0.09968033545621174,0.029225803668486382
4,8,2,False,0,Benign,7,Web-Based,0.015331574693948401,0.024557351990849328,0.023573952543336968
4,8,2,False,1,BruteForce,0,Benign,0.19895111339998386,0.6663009200261141,0.19062395392771306
4,8,2,False,1,BruteForce,1,BruteForce,0.02939106189672513,0.021002853697180243,0.026694315465545272
4,8,2,False,1,BruteForce,2,DDoS,0.013968857820637655,0.017625854469615922,0.018044250076142222
4,8,2,False,1,BruteForce,3,DoS,0.005545012706112681,0.01584363340660939,0.011264695508394209
4,8,2,False,1,BruteForce,4,Mirai,0.3975121873756488,0.08462622961459956,0.29494844138351395
4,8,2,False,1,BruteForce,5,Recon,0.30802666807944856,0.0609574985299023,0.4049974118016735
4,8,2,False,1,BruteForce,6,Spoofing,0.022980340847715715,0.10226633746101947,0.025660213033891897
4,8,2,False,1,BruteForce,7,Web-Based,0.02362475787372757,0.031376672794959065,0.02776671880312593
4,8,2,False,2,DDoS,0,Benign,0.05551819252120476,0.20441061815259606,0.07748550845078792
4,8,2,False,2,DDoS,1,BruteForce,0.011993989302784148,0.014149402675482835,0.021180867878837575
4,8,2,False,2,DDoS,2,DDoS,0.629515880042783,0.5926130938290621,0.5188216465810164
4,8,2,False,2,DDoS,3,DoS,0.007824299424291166,0.02204639887352776,0.01547133120812474
4,8,2,False,2,DDoS,4,Mirai,0.16146492998866674,0.050643130789153445,0.14241454842113838
4,8,2,False,2,DDoS,5,Recon,0.11626197657381228,0.05397508446101153,0.18802818601833254
4,8,2,False,2,DDoS,6,Spoofing,0.008601628858336126,0.03963285825990444,0.01760328965393357
4,8,2,False,2,DDoS,7,Web-Based,0.008819103288121697,0.02252941295926186,0.01899462178782902
4,8,2,False,3,DoS,0,Benign,0.037361977652734864,0.12296426435006926,0.10187374935946887
4,8,2,False,3,DoS,1,BruteForce,0.01407367890296105,0.018063519970371658,0.03763440460288163
4,8,2,False,3,DoS,2,DDoS,0.183967409681288,0.06034108312393877,0.12584268495491974
4,8,2,False,3,DoS,3,DoS,0.5149717738799924,0.6304184228809494,0.20460129623138426
4,8,2,False,3,DoS,4,Mirai,0.13700903795658084,0.04867616503452658,0.20737315290238612
4,8,2,False,3,DoS,5,Recon,0.08680147752696404,0.03969743529004842,0.2672297420068147
4,8,2,False,3,DoS,6,Spoofing,0.01743594143846219,0.05722145956053995,0.030973829979523183
4,8,2,False,3,DoS,7,Web-Based,0.008378702961016709,0.02261764978955586,0.02447113996262161
4,8,2,False,4,Mirai,0,Benign,0.16803598765744207,0.6331203093710187,0.19750324920048695
4,8,2,False,4,Mirai,1,BruteForce,0.020968772281979662,0.01909281675668157,0.025154741911021114
4,8,2,False,4,Mirai,2,DDoS,0.018000413490810867,0.0251141681346322,0.021487077924768304
4,8,2,False,4,Mirai,3,DoS,0.006153569115767324,0.017462351603639688,0.01179027141680889
4,8,2,False,4,Mirai,4,Mirai,0.5818041148621458,0.13755598669055935,0.3669815663729654
4,8,2,False,4,Mirai,5,Recon,0.16958624948671733,0.05284625920967071,0.3286483552254222
4,8,2,False,4,Mirai,6,Spoofing,0.02227710494924469,0.08849116719610377,0.026359132603808923
4,8,2,False,4,Mirai,7,Web-Based,0.013173788155892248,0.026316941037694164,0.022075605344718356
4,8,2,False,5,Recon,0,Benign,0.16928557741742145,0.663690456176823,0.18481733906996436
4,8,2,False,5,Recon,1,BruteForce,0.027951622225972163,0.020303064776454882,0.026223535553646645
4,8,2,False,5,Recon,2,DDoS,0.013295128937779531,0.017002391782183355,0.01740964947451766
4,8,2,False,5,Recon,3,DoS,0.005789693567176068,0.016156744787585175,0.011626045066314676
4,8,2,False,5,Recon,4,Mirai,0.34287691599325765,0.06631128653357236,0.28103280905252337
4,8,2,False,5,Recon,5,Recon,0.39597741691360183,0.08772201297228534,0.42772612119188935
4,8,2,False,5,Recon,6,Spoofing,0.02249124676019282,0.09839718240625839,0.025326664057965062
4,8,2,False,5,Recon,7,Web-Based,0.022332398184598343,0.03041686056483741,0.025837836533178924
4,8,2,False,6,Spoofing,0,Benign,0.17174378801809778,0.6686455847035283,0.19436096696872585
4,8,2,False,6,Spoofing,1,BruteForce,0.020482207899263822,0.01733338489375343,0.023278131040264598
4,8,2,False,6,Spoofing,2,DDoS,0.011297500774414378,0.01653015001685993,0.017741098045604767
4,8,2,False,6,Spoofing,3,DoS,0.005256289251438316,0.016052187417027592,0.012648525007504335
4,8,2,False,6,Spoofing,4,Mirai,0.339989514779926,0.06392521944996288,0.2670821207875175
4,8,2,False,6,Spoofing,5,Recon,0.4078842905946341,0.0714019896639859,0.43052505663098384
4,8,2,False,6,Spoofing,6,Spoofing,0.02580128414746459,0.11836710282816296,0.03004922431937169
4,8,2,False,6,Spoofing,7,Web-Based,0.017545124534761196,0.02774438102671894,0.024314877200027393
4,8,2,False,7,Web-Based,0,Benign,0.1747485434775442,0.6869294953328311,0.1962894387748555
4,8,2,False,7,Web-Based,1,BruteForce,0.021119778975127238,0.017748584962840305,0.024985598368520306
4,8,2,False,7,Web-Based,2,DDoS,0.012789296235135807,0.01647836021982616,0.01880469511973978
4,8,2,False,7,Web-Based,3,DoS,0.005273710479577827,0.015583152660022729,0.011493724610087918
4,8,2,False,7,Web-Based,4,Mirai,0.43794343460044166,0.0762618504780195,0.3146452233364279
4,8,2,False,7,Web-Based,5,Recon,0.3100655533199568,0.061733679298495624,0.3845096424447793
4,8,2,False,7,Web-Based,6,Spoofing,0.021444788423972048,0.09857858611846922,0.02524278815100173
4,8,2,False,7,Web-Based,7,Web-Based,0.01661489448824449,0.02668629092949526,0.024028889194587375
4,8,3,False,0,Benign,0,Benign,0.13253460443760456,0.6878325684833541,0.10365542845886015
4,8,3,False,0,Benign,1,BruteForce,0.3290148657326354,0.016158783205941406,0.31364233041119
4,8,3,False,0,Benign,2,DDoS,0.11808196229227508,0.021732682002326708,0.13289411350267347
4,8,3,False,0,Benign,3,DoS,0.022654786324839294,0.01619741826478301,0.040096497599244205
4,8,3,False,0,Benign,4,Mirai,0.211828112544707,0.06514372235480945,0.2613729189824508
4,8,3,False,0,Benign,5,Recon,0.10377002822042775,0.06869713824172427,0.08689860809750052
4,8,3,False,0,Benign,6,Spoofing,0.02940727687632505,0.09968033545621174,0.029032341688400323
4,8,3,False,0,Benign,7,Web-Based,0.05270836357118595,0.024557351990849328,0.03240776125968047
4,8,3,False,1,BruteForce,0,Benign,0.08317476074828856,0.6663009200261141,0.08775969915175771
4,8,3,False,1,BruteForce,1,BruteForce,0.44179674067138314,0.021002853697180243,0.3879287918362911
4,8,3,False,1,BruteForce,2,DDoS,0.08734605466657981,0.017625854469615922,0.08307686873606433
4,8,3,False,1,BruteForce,3,DoS,0.0230984609152152,0.01584363340660939,0.03238223734852856
4,8,3,False,1,BruteForce,4,Mirai,0.21735158876777277,0.08462622961459956,0.2727573923287271
4,8,3,False,1,BruteForce,5,Recon,0.05421081232737561,0.0609574985299023,0.07102259152657818
4,8,3,False,1,BruteForce,6,Spoofing,0.026529261281025573,0.10226633746101947,0.02849853630148117
4,8,3,False,1,BruteForce,7,Web-Based,0.06649232062235946,0.031376672794959065,0.03657388277057195
4,8,3,False,2,DDoS,0,Benign,0.031910958143157114,0.20441061815259606,0.038052256140832116
4,8,3,False,2,DDoS,1,BruteForce,0.10717857243162313,0.014149402675482835,0.11155543201374449
4,8,3,False,2,DDoS,2,DDoS,0.6807300744276084,0.5926130938290621,0.6339289401729801
4,8,3,False,2,DDoS,3,DoS,0.017445473933430822,0.02204639887352776,0.025024617857510645
4,8,3,False,2,DDoS,4,Mirai,0.0772984151845402,0.050643130789153445,0.09674701962557258
4,8,3,False,2,DDoS,5,Recon,0.05648449223513526,0.05397508446101153,0.060603384119144434
4,8,3,False,2,DDoS,6,Spoofing,0.008972289954413043,0.03963285825990444,0.013919040611359026
4,8,3,False,2,DDoS,7,Web-Based,0.019979723690092054,0.02252941295926186,0.020169309458856595
4,8,3,False,3,DoS,0,Benign,0.0239595931873703,0.12296426435006926,0.05169134784625525
4,8,3,False,3,DoS,1,BruteForce,0.08707241012372614,0.018063519970371658,0.17446440899656004
4,8,3,False,3,DoS,2,DDoS,0.288559438249792,0.06034108312393877,0.26446126794935265
4,8,3,False,3,DoS,3,DoS,0.48053325510894385,0.6304184228809494,0.24373739424368973
4,8,3,False,3,DoS,4,Mirai,0.07033031743654887,0.04867616503452658,0.17188703543288478
4,8,3,False,3,DoS,5,Recon,0.02344904319696961,0.03969743529004842,0.05176005062554211
4,8,3,False,3,DoS,6,Spoofing,0.011428510956200956,0.05722145956053995,0.02072297423657049
4,8,3,False,3,DoS,7,Web-Based,0.014667431740448385,0.02261764978955586,0.021275520669144954
4,8,3,False,4,Mirai,0,Benign,0.07888369224968733,0.6331203093710187,0.08364169677834647
4,8,3,False,4,Mirai,1,BruteForce,0.34991063650225773,0.01909281675668157,0.34454204107461806
4,8,3,False,4,Mirai,2,DDoS,0.12312771112778832,0.0251141681346322,0.10802410304332254
4,8,3,False,4,Mirai,3,DoS,0.022027016321882358,0.017462351603639688,0.03628623651519381
4,8,3,False,4,Mirai,4,Mirai,0.3032051913848639,0.13755598669055935,0.29901039748220415
4,8,3,False,4,Mirai,5,Recon,0.04892511242874248,0.05284625920967071,0.0676934788905486
4,8,3,False,4,Mirai,6,Spoofing,0.02621310131138354,0.08849116719610377,0.02839695355056522
4,8,3,False,4,Mirai,7,Web-Based,0.047707538673394397,0.026316941037694164,0.03240509266520112
4,8,3,False,5,Recon,0,Benign,0.0803066226611058,0.663690456176823,0.08487527973875741
4,8,3,False,5,Recon,1,BruteForce,0.4310850837547215,0.020303064776454882,0.38693583863055114
4,8,3,False,5,Recon,2,DDoS,0.0850822099365613,0.017002391782183355,0.07605386908149572
4,8,3,False,5,Recon,3,DoS,0.02440196650264058,0.016156744787585175,0.03388258326476488
4,8,3,False,5,Recon,4,Mirai,0.19403951661573038,0.06631128653357236,0.266624031286924
4,8,3,False,5,Recon,5,Recon,0.09020178557557897,0.08772201297228534,0.09026341051925259
4,8,3,False,5,Recon,6,Spoofing,0.024897686060179253,0.09839718240625839,0.026266967665470074
4,8,3,False,5,Recon,7,Web-Based,0.06998512889348223,0.03041686056483741,0.03509801981278423
4,8,3,False,6,Spoofing,0,Benign,0.12254919255829468,0.6686455847035283,0.10961079379192289
4,8,3,False,6,Spoofing,1,BruteForce,0.3682286264835141,0.01733338489375343,0.33452140163577865
4,8,3,False,6,Spoofing,2,DDoS,0.07499652555896331,0.01653015001685993,0.0906754260509376
4,8,3,False,6,Spoofing,3,DoS,0.022070074980550386,0.016052187417027592,0.03826446730635175
4,8,3,False,6,Spoofing,4,Mirai,0.20925993826426803,0.06392521944996288,0.26724093586339676
4,8,3,False,6,Spoofing,5,Recon,0.10998551260532213,0.0714019896639859,0.09517719567603027
4,8,3,False,6,Spoofing,6,Spoofing,0.031012158114445517,0.11836710282816296,0.031129274587726147
4,8,3,False,6,Spoofing,7,Web-Based,0.0618979714346418,0.02774438102671894,0.03338050508785609
4,8,3,False,7,Web-Based,0,Benign,0.10675438781119205,0.6869294953328311,0.10195829002179528
4,8,3,False,7,Web-Based,1,BruteForce,0.3735312620443516,0.017748584962840305,0.3489360624085352
4,8,3,False,7,Web-Based,2,DDoS,0.08652614098000509,0.01647836021982616,0.09654555279946356
4,8,3,False,7,Web-Based,3,DoS,0.021565718672862822,0.015583152660022729,0.03293791713796543
4,8,3,False,7,Web-Based,4,Mirai,0.23347112034734407,0.0762618504780195,0.27190372087218245
4,8,3,False,7,Web-Based,5,Recon,0.0913353199318947,0.061733679298495624,0.08565920363249828
4,8,3,False,7,Web-Based,6,Spoofing,0.028080859777350597,0.09857858611846922,0.02822449452280109
4,8,3,False,7,Web-Based,7,Web-Based,0.05873519043499905,0.02668629092949526,0.03383475860475867
4,8,4,False,0,Benign,0,Benign,0.5827029504034812,0.6878325684833541,0.5177038304156285
4,8,4,False,0,Benign,1,BruteForce,0.01745764553011507,0.016158783205941406,0.020012755595907723
4,8,4,False,0,Benign,2,DDoS,0.01250295209417402,0.021732682002326708,0.01793366016228454
4,8,4,False,0,Benign,3,DoS,0.07227901141390297,0.01619741826478301,0.11535192895060196
4,8,4,False,0,Benign,4,Mirai,0.04616087183962884,0.06514372235480945,0.04411739693800474
4,8,4,False,0,Benign,5,Recon,0.033567343667656735,0.06869713824172427,0.042483218691302345
4,8,4,False,0,Benign,6,Spoofing,0.117009944025512,0.09968033545621174,0.1304068259606468
4,8,4,False,0,Benign,7,Web-Based,0.11831928102552913,0.024557351990849328,0.11199038328562326
4,8,4,False,1,BruteForce,0,Benign,0.5396724078040797,0.6663009200261141,0.5495432546709869
4,8,4,False,1,BruteForce,1,BruteForce,0.024895347648162588,0.021002853697180243,0.02165859105931664
4,8,4,False,1,BruteForce,2,DDoS,0.01358912630216706,0.017625854469615922,0.017828682684649624
4,8,4,False,1,BruteForce,3,DoS,0.022871107693240973,0.01584363340660939,0.03635635178125444
4,8,4,False,1,BruteForce,4,Mirai,0.0598705428348544,0.08462622961459956,0.04683117034977552
4,8,4,False,1,BruteForce,5,Recon,0.029825336489366198,0.0609574985299023,0.04482766196349518
4,8,4,False,1,BruteForce,6,Spoofing,0.12349673640639466,0.10226633746101947,0.13509577416583657
4,8,4,False,1,BruteForce,7,Web-Based,0.1857793948217344,0.031376672794959065,0.1478585133246852
4,8,4,False,2,DDoS,0,Benign,0.15297418636939802,0.20441061815259606,0.1844103631468208
4,8,4,False,2,DDoS,1,BruteForce,0.011018757901809234,0.014149402675482835,0.01898262559210523
4,8,4,False,2,DDoS,2,DDoS,0.6143308370729843,0.5926130938290621,0.5205270368697392
4,8,4,False,2,DDoS,3,DoS,0.08043668248976153,0.02204639887352776,0.10396134561340926
4,8,4,False,2,DDoS,4,Mirai,0.023556643745064828,0.050643130789153445,0.026753962094986414
4,8,4,False,2,DDoS,5,Recon,0.023364408769275147,0.05397508446101153,0.03161822390434221
4,8,4,False,2,DDoS,6,Spoofing,0.03800809462524527,0.03963285825990444,0.05490353552938421
4,8,4,False,2,DDoS,7,Web-Based,0.05631038902646174,0.02252941295926186,0.05884290724921263
4,8,4,False,3,DoS,0,Benign,0.06073800407536189,0.12296426435006926,0.09351345782694219
4,8,4,False,3,DoS,1,BruteForce,0.006704266693681367,0.018063519970371658,0.016997392263314304
4,8,4,False,3,DoS,2,DDoS,0.02471640351006161,0.06034108312393877,0.025245331134652337
4,8,4,False,3,DoS,3,DoS,0.8435621573712363,0.6304184228809494,0.7356166966541927
4,8,4,False,3,DoS,4,Mirai,0.011058831401196774,0.04867616503452658,0.01619302477329737
4,8,4,False,3,DoS,5,Recon,0.011064739176607954,0.03969743529004842,0.023789949494644646
4,8,4,False,3,DoS,6,Spoofing,0.023287558207828622,0.05722145956053995,0.05650297212537534
4,8,4,False,3,DoS,7,Web-Based,0.018868039564025448,0.02261764978955586,0.032141175727581114
4,8,4,False,4,Mirai,0,Benign,0.5377483857855412,0.6331203093710187,0.5206893661128501
4,8,4,False,4,Mirai,1,BruteForce,0.023554730048345913,0.01909281675668157,0.02156250948491538
4,8,4,False,4,Mirai,2,DDoS,0.01423496996211048,0.0251141681346322,0.0179766618232953
4,8,4,False,4,Mirai,3,DoS,0.04443272287996115,0.017462351603639688,0.10459671151441557
4,8,4,False,4,Mirai,4,Mirai,0.11295876584540211,0.13755598669055935,0.050580328145037164
4,8,4,False,4,Mirai,5,Recon,0.023422458523405534,0.05284625920967071,0.03847202985574258
4,8,4,False,4,Mirai,6,Spoofing,0.1291165078560999,0.08849116719610377,0.13433892473411488
4,8,4,False,4,Mirai,7,Web-Based,0.11453145909913366,0.026316941037694164,0.11178346832962907
4,8,4,False,5,Recon,0,Benign,0.5512175495636918,0.663690456176823,0.5437600394027363
4,8,4,False,5,Recon,1,BruteForce,0.022458826081855388,0.020303064776454882,0.021492765532408677
4,8,4,False,5,Recon,2,DDoS,0.013023106599040551,0.017002391782183355,0.017652583357376076
4,8,4,False,5,Recon,3,DoS,0.02360045500582156,0.016156744787585175,0.04745859597937408
4,8,4,False,5,Recon,4,Mirai,0.0456472646815567,0.06631128653357236,0.045098754252087016
4,8,4,False,5,Recon,5,Recon,0.050166557451078266,0.08772201297228534,0.052156142547658234
4,8,4,False,5,Recon,6,Spoofing,0.11006502490389629,0.09839718240625839,0.12716849671123942
4,8,4,False,5,Recon,7,Web-Based,0.18382121571305937,0.03041686056483741,0.1452126222171203
4,8,4,False,6,Spoofing,0,Benign,0.5586554998771076,0.6686455847035283,0.5434011377035223
4,8,4,False,6,Spoofing,1,BruteForce,0.01902861480331147,0.01733338489375343,0.020362518855757978
4,8,4,False,6,Spoofing,2,DDoS,0.011558863105422739,0.01653015001685993,0.01727954712139606
4,8,4,False,6,Spoofing,3,DoS,0.03087727444837466,0.016052187417027592,0.07245160376449086
4,8,4,False,6,Spoofing,4,Mirai,0.044792271506967865,0.06392521944996288,0.0453972295389844
4,8,4,False,6,Spoofing,5,Recon,0.033427754372297745,0.0714019896639859,0.04387503068262231
4,8,4,False,6,Spoofing,6,Spoofing,0.16384627051056616,0.11836710282816296,0.13507063633062197
4,8,4,False,6,Spoofing,7,Web-Based,0.13781345137595172,0.02774438102671894,0.12216229600260421
4,8,4,False,7,Web-Based,0,Benign,0.576439005732129,0.6869294953328311,0.5641695824205943
4,8,4,False,7,Web-Based,1,BruteForce,0.02067959931602605,0.017748584962840305,0.02097256177134513
4,8,4,False,7,Web-Based,2,DDoS,0.012895394738449044,0.01647836021982616,0.0188801704016472
4,8,4,False,7,Web-Based,3,DoS,0.02942003078992603,0.015583152660022729,0.04438591305510618
4,8,4,False,7,Web-Based,4,Mirai,0.0546980286220459,0.0762618504780195,0.04744043216397025
4,8,4,False,7,Web-Based,5,Recon,0.030561819927228697,0.061733679298495624,0.042341671985028514
4,8,4,False,7,Web-Based,6,Spoofing,0.1257787168461332,0.09857858611846922,0.13116663310945315
4,8,4,False,7,Web-Based,7,Web-Based,0.14952740402806217,0.02668629092949526,0.13064303509285538
4,8,5,False,0,Benign,0,Benign,0.44828639139218024,0.6878325684833541,0.40220593450963066
4,8,5,False,0,Benign,1,BruteForce,0.012051366644218723,0.016158783205941406,0.02103857152147979
4,8,5,False,0,Benign,2,DDoS,0.031446871904485266,0.021732682002326708,0.04061830490910044
4,8,5,False,0,Benign,3,DoS,0.01227157600888462,0.01619741826478301,0.022009938603603275
4,8,5,False,0,Benign,4,Mirai,0.02378839372783125,0.06514372235480945,0.03126625917252156
4,8,5,False,0,Benign,5,Recon,0.058859722218652065,0.06869713824172427,0.07220608344950574
4,8,5,False,0,Benign,6,Spoofing,0.39456627962416774,0.09968033545621174,0.3828969373834561
4,8,5,False,0,Benign,7,Web-Based,0.018729398479580144,0.024557351990849328,0.027757970450702364
4,8,5,False,1,BruteForce,0,Benign,0.4484386026250046,0.6663009200261141,0.42905685708193025
4,8,5,False,1,BruteForce,1,BruteForce,0.014257343003707052,0.021002853697180243,0.021558676539520146
4,8,5,False,1,BruteForce,2,DDoS,0.011536793824258597,0.017625854469615922,0.01766640951671411
4,8,5,False,1,BruteForce,3,DoS,0.009903727822024675,0.01584363340660939,0.020968978844544007
4,8,5,False,1,BruteForce,4,Mirai,0.02458504019061053,0.08462622961459956,0.03155842333233177
4,8,5,False,1,BruteForce,5,Recon,0.05393675630047575,0.0609574985299023,0.07636215708923196
4,8,5,False,1,BruteForce,6,Spoofing,0.414031676620148,0.10226633746101947,0.37208668638201414
4,8,5,False,1,BruteForce,7,Web-Based,0.023310059613770803,0.031376672794959065,0.030741811213713676
4,8,5,False,2,DDoS,0,Benign,0.1334599652228314,0.20441061815259606,0.13903364655999942
4,8,5,False,2,DDoS,1,BruteForce,0.006878180642929635,0.014149402675482835,0.015549456999288376
4,8,5,False,2,DDoS,2,DDoS,0.6560792735438434,0.5926130938290621,0.6035273335389713
4,8,5,False,2,DDoS,3,DoS,0.0077694801574367395,0.02204639887352776,0.015202293716484332
4,8,5,False,2,DDoS,4,Mirai,0.010382232516070672,0.050643130789153445,0.017922082298651696
4,8,5,False,2,DDoS,5,Recon,0.04050542126289299,0.05397508446101153,0.04909046060605887
4,8,5,False,2,DDoS,6,Spoofing,0.134791875215511,0.03963285825990444,0.13984095993223702
4,8,5,False,2,DDoS,7,Web-Based,0.010133571438484229,0.02252941295926186,0.019833766348308975
4,8,5,False,3,DoS,0,Benign,0.07124678279978504,0.12296426435006926,0.1771378606540393
4,8,5,False,3,DoS,1,BruteForce,0.009612089610226169,0.018063519970371658,0.022192060148302464
4,8,5,False,3,DoS,2,DDoS,0.18532997623230416,0.06034108312393877,0.14757139245977752
4,8,5,False,3,DoS,3,DoS,0.4664684912372267,0.6304184228809494,0.193839159142574
4,8,5,False,3,DoS,4,Mirai,0.009465623013686678,0.04867616503452658,0.0205013011768532
4,8,5,False,3,DoS,5,Recon,0.024634735888088607,0.03969743529004842,0.054400707778905044
4,8,5,False,3,DoS,6,Spoofing,0.2228543855886713,0.05722145956053995,0.35955569026902856
4,8,5,False,3,DoS,7,Web-Based,0.010387915630011313,0.02261764978955586,0.02480182837051996
4,8,5,False,4,Mirai,0,Benign,0.41715846039956234,0.6331203093710187,0.40791080878104446
4,8,5,False,4,Mirai,1,BruteForce,0.013899545796346205,0.01909281675668157,0.021205339273532357
4,8,5,False,4,Mirai,2,DDoS,0.02419717576837156,0.0251141681346322,0.029801017908906765
4,8,5,False,4,Mirai,3,DoS,0.010969089766660061,0.017462351603639688,0.020934601355838127
4,8,5,False,4,Mirai,4,Mirai,0.03066045210636326,0.13755598669055935,0.032194897366475565
4,8,5,False,4,Mirai,5,Recon,0.041150564581151426,0.05284625920967071,0.06396417723101923
4,8,5,False,4,Mirai,6,Spoofing,0.4431934630227376,0.08849116719610377,0.39746907879743465
4,8,5,False,4,Mirai,7,Web-Based,0.018771248558807616,0.026316941037694164,0.02652007928574893
4,8,5,False,5,Recon,0,Benign,0.46517249788293785,0.663690456176823,0.4292482908677216
4,8,5,False,5,Recon,1,BruteForce,0.013866398302481493,0.020303064776454882,0.021791092174908384
4,8,5,False,5,Recon,2,DDoS,0.01057072302749245,0.017002391782183355,0.017496807203920127
4,8,5,False,5,Recon,3,DoS,0.00999469323575341,0.016156744787585175,0.021242025442751427
4,8,5,False,5,Recon,4,Mirai,0.023509846731898352,0.06631128653357236,0.031083646837736515
4,8,5,False,5,Recon,5,Recon,0.08922027111589675,0.08772201297228534,0.09258055764430936
4,8,5,False,5,Recon,6,Spoofing,0.362631577440699,0.09839718240625839,0.35566082176020447
4,8,5,False,5,Recon,7,Web-Based,0.025033992262840744,0.03041686056483741,0.03089675806844817
4,8,5,False,6,Spoofing,0,Benign,0.42524696447371735,0.6686455847035283,0.40447750095603274
4,8,5,False,6,Spoofing,1,BruteForce,0.012050360429118263,0.01733338489375343,0.02065305880153374
4,8,5,False,6,Spoofing,2,DDoS,0.010427429903389872,0.01653015001685993,0.019035760135493303
4,8,5,False,6,Spoofing,3,DoS,0.009778141848430302,0.016052187417027592,0.020471612679430515
4,8,5,False,6,Spoofing,4,Mirai,0.021941904596038873,0.06392521944996288,0.030508931855372786
4,8,5,False,6,Spoofing,5,Recon,0.056909637598580365,0.0714019896639859,0.0701164953852932
4,8,5,False,6,Spoofing,6,Spoofing,0.4444398725448467,0.11836710282816296,0.4072008247561573
4,8,5,False,6,Spoofing,7,Web-Based,0.01920568860587826,0.02774438102671894,0.027535815430686495
4,8,5,False,7,Web-Based,0,Benign,0.47093208982928303,0.6869294953328311,0.44349633709586733
4,8,5,False,7,Web-Based,1,BruteForce,0.012859530394022729,0.017748584962840305,0.02171641108782637
4,8,5,False,7,Web-Based,2,DDoS,0.01252352586833146,0.01647836021982616,0.022566626046648587
4,8,5,False,7,Web-Based,3,DoS,0.009603763357285995,0.015583152660022729,0.02037516233284626
4,8,5,False,7,Web-Based,4,Mirai,0.024914613943534815,0.0762618504780195,0.031884403356347214
4,8,5,False,7,Web-Based,5,Recon,0.052057987126249,0.061733679298495624,0.06879019730964084
4,8,5,False,7,Web-Based,6,Spoofing,0.3961669351277273,0.09857858611846922,0.36173890379685236
4,8,5,False,7,Web-Based,7,Web-Based,0.020941554353565643,0.02668629092949526,0.029431958973971033
4,8,6,False,0,Benign,0,Benign,0.6143763479042534,0.6878325684833541,0.5533220535677777
4,8,6,False,0,Benign,1,BruteForce,0.0680492146367669,0.016158783205941406,0.06898462915298148
4,8,6,False,0,Benign,2,DDoS,0.012010764813725028,0.021732682002326708,0.016236759281946685
4,8,6,False,0,Benign,3,DoS,0.01694833390022738,0.01619741826478301,0.030917905927527717
4,8,6,False,0,Benign,4,Mirai,0.24893915672655426,0.06514372235480945,0.28439518176001205
4,8,6,False,0,Benign,5,Recon,0.014029576217201436,0.06869713824172427,0.01695806317709389
4,8,6,False,0,Benign,6,Spoofing,0.012258930415772995,0.09968033545621174,0.014593666581891563
4,8,6,False,0,Benign,7,Web-Based,0.013387675385498572,0.024557351990849328,0.014591740550768924
4,8,6,False,1,BruteForce,0,Benign,0.5595953502610685,0.6663009200261141,0.54400529882358
4,8,6,False,1,BruteForce,1,BruteForce,0.09166967194318908,0.021002853697180243,0.07990857131163231
4,8,6,False,1,BruteForce,2,DDoS,0.013529203024607521,0.017625854469615922,0.016266151961424412
4,8,6,False,1,BruteForce,3,DoS,0.014316785042176488,0.01584363340660939,0.021643890188641896
4,8,6,False,1,BruteForce,4,Mirai,0.27804728721414923,0.08462622961459956,0.29143996169570435
4,8,6,False,1,BruteForce,5,Recon,0.012743517567281913,0.0609574985299023,0.016803302371100354
4,8,6,False,1,BruteForce,6,Spoofing,0.013013733148653278,0.10226633746101947,0.014395744172331583
4,8,6,False,1,BruteForce,7,Web-Based,0.017084451798874037,0.031376672794959065,0.015537079475585209
4,8,6,False,2,DDoS,0,Benign,0.25454056819807475,0.20441061815259606,0.3669103531475369
4,8,6,False,2,DDoS,1,BruteForce,0.05557109082473897,0.014149402675482835,0.06385259809738451
4,8,6,False,2,DDoS,2,DDoS,0.35878300113823464,0.5926130938290621,0.19803431817143052
4,8,6,False,2,DDoS,3,DoS,0.03277328502004305,0.02204639887352776,0.04152386304983489
4,8,6,False,2,DDoS,4,Mirai,0.2601129324488362,0.050643130789153445,0.27389020300576633
4,8,6,False,2,DDoS,5,Recon,0.014652370747596337,0.05397508446101153,0.021806495604995393
4,8,6,False,2,DDoS,6,Spoofing,0.008809044864818904,0.03963285825990444,0.014683040269177664
4,8,6,False,2,DDoS,7,Web-Based,0.014757706757657236,0.02252941295926186,0.019299128653873846
4,8,6,False,3,DoS,0,Benign,0.1310921871054283,0.12296426435006926,0.2859807207133825
4,8,6,False,3,DoS,1,BruteForce,0.04295936666502887,0.018063519970371658,0.07974435842859702
4,8,6,False,3,DoS,2,DDoS,0.02310956987802797,0.06034108312393877,0.030716426453766214
4,8,6,False,3,DoS,3,DoS,0.6424327995007203,0.6304184228809494,0.25965062762879243
4,8,6,False,3,DoS,4,Mirai,0.13183564504411943,0.04867616503452658,0.28656192753974036
4,8,6,False,3,DoS,5,Recon,0.00949230648877964,0.03969743529004842,0.019257743359012473
4,8,6,False,3,DoS,6,Spoofing,0.010592647037409829,0.05722145956053995,0.02173634008807531
4,8,6,False,3,DoS,7,Web-Based,0.008485478280485695,0.02261764978955586,0.016351855788633726
4,8,6,False,4,Mirai,0,Benign,0.46950136772886397,0.6331203093710187,0.5068176393200531
4,8,6,False,4,Mirai,1,BruteForce,0.07927545719595283,0.01909281675668157,0.07718628775546857
4,8,6,False,4,Mirai,2,DDoS,0.013905950760036664,0.0251141681346322,0.016775599890702073
4,8,6,False,4,Mirai,3,DoS,0.015611513504967157,0.017462351603639688,0.02572932358749826
4,8,6,False,4,Mirai,4,Mirai,0.385537058566403,0.13755598669055935,0.32851279039527786
4,8,6,False,4,Mirai,5,Recon,0.011073439367184522,0.05284625920967071,0.015945339240675878
4,8,6,False,4,Mirai,6,Spoofing,0.011947392254290303,0.08849116719610377,0.014541908948421844
4,8,6,False,4,Mirai,7,Web-Based,0.013147820622301604,0.026316941037694164,0.014491110861902466
4,8,6,False,5,Recon,0,Benign,0.5721651333927043,0.663690456176823,0.5405821954874683
4,8,6,False,5,Recon,1,BruteForce,0.09459864422469934,0.020303064776454882,0.08139451097409532
4,8,6,False,5,Recon,2,DDoS,0.013857969485609991,0.017002391782183355,0.016296481576927063
4,8,6,False,5,Recon,3,DoS,0.017069222880070636,0.016156744787585175,0.022507649117635895
4,8,6,False,5,Recon,4,Mirai,0.2561905829739123,0.06631128653357236,0.29245870682761
4,8,6,False,5,Recon,5,Recon,0.01633523931243716,0.08772201297228534,0.017181213443863825
4,8,6,False,5,Recon,6,Spoofing,0.012573461808036581,0.09839718240625839,0.014030698384707137
4,8,6,False,5,Recon,7,Web-Based,0.017209745922529756,0.03041686056483741,0.015548544187692432
4,8,6,False,6,Spoofing,0,Benign,0.5952466770572165,0.6686455847035283,0.5663001184610619
4,8,6,False,6,Spoofing,1,BruteForce,0.07550253523472131,0.01733338489375343,0.06862083192680174
4,8,6,False,6,Spoofing,2,DDoS,0.011784426497816228,0.01653015001685993,0.015746564946312814
4,8,6,False,6,Spoofing,3,DoS,0.01532671527345459,0.016052187417027592,0.026705564723010826
4,8,6,False,6,Spoofing,4,Mirai,0.26033511049550057,0.06392521944996288,0.275207956181117
4,8,6,False,6,Spoofing,5,Recon,0.01416778035101904,0.0714019896639859,0.017248043145104478
4,8,6,False,6,Spoofing,6,Spoofing,0.012957323471041275,0.11836710282816296,0.015202957638115607
4,8,6,False,6,Spoofing,7,Web-Based,0.01467943161923066,0.02774438102671894,0.014967962978475633
4,8,6,False,7,Web-Based,0,Benign,0.5701575288751481,0.6869294953328311,0.5530833125561773
4,8,6,False,7,Web-Based,1,BruteForce,0.07732046584577956,0.017748584962840305,0.07304811479536019
4,8,6,False,7,Web-Based,2,DDoS,0.012495270790463604,0.01647836021982616,0.01591351671596977
4,8,6,False,7,Web-Based,3,DoS,0.014433539061459728,0.015583152660022729,0.023354978390403413
4,8,6,False,7,Web-Based,4,Mirai,0.28603834552172863,0.0762618504780195,0.2886024526750806
4,8,6,False,7,Web-Based,5,Recon,0.013112654767211263,0.061733679298495624,0.016811274346654012
4,8,6,False,7,Web-Based,6,Spoofing,0.012342326006884024,0.09857858611846922,0.014167355507495693
4,8,6,False,7,Web-Based,7,Web-Based,0.014099869131325111,0.02668629092949526,0.015018995012859014
4,8,7,True,0,Benign,0,Benign,0.8030675399066406,0.6878325684833541,0.17799036194300333
4,8,7,True,0,Benign,1,BruteForce,0.01171498309712005,0.016158783205941406,0.02187674971394593
4,8,7,True,0,Benign,2,DDoS,0.05673117412019749,0.021732682002326708,0.20918877221220372
4,8,7,True,0,Benign,3,DoS,0.013925198863575853,0.01619741826478301,0.04114902439379042
4,8,7,True,0,Benign,4,Mirai,0.03502683332065665,0.06514372235480945,0.09724482852833909
4,8,7,True,0,Benign,5,Recon,0.020152499605019233,0.06869713824172427,0.08934189131968302
4,8,7,True,0,Benign,6,Spoofing,0.037726209388779956,0.09968033545621174,0.275095812367344
4,8,7,True,0,Benign,7,Web-Based,0.021655561698010133,0.024557351990849328,0.08811255952169059
4,8,7,True,1,BruteForce,0,Benign,0.7950329539028775,0.6663009200261141,0.19794884703247667
4,8,7,True,1,BruteForce,1,BruteForce,0.013248932008205457,0.021002853697180243,0.023402910423112284
4,8,7,True,1,BruteForce,2,DDoS,0.059671521798444815,0.017625854469615922,0.16579686728100976
4,8,7,True,1,BruteForce,3,DoS,0.013336230419648175,0.01584363340660939,0.014982032762471079
4,8,7,True,1,BruteForce,4,Mirai,0.03572812812925001,0.08462622961459956,0.11099502275214887
4,8,7,True,1,BruteForce,5,Recon,0.01652731188093389,0.0609574985299023,0.10014214717299005
4,8,7,True,1,BruteForce,6,Spoofing,0.040436448698278706,0.10226633746101947,0.26173941061019373
4,8,7,True,1,BruteForce,7,Web-Based,0.026018473162361472,0.031376672794959065,0.12499276196559765
4,8,7,True,2,DDoS,0,Benign,0.7956555809494392,0.20441061815259606,0.06130843670232397
4,8,7,True,2,DDoS,1,BruteForce,0.011786324923336687,0.014149402675482835,0.012272504593164405
4,8,7,True,2,DDoS,2,DDoS,0.07353132920505619,0.5926130938290621,0.7004594695903055
4,8,7,True,2,DDoS,3,DoS,0.016498287500240273,0.02204639887352776,0.02344782293096984
4,8,7,True,2,DDoS,4,Mirai,0.03498227788893841,0.050643130789153445,0.0378035247023691
4,8,7,True,2,DDoS,5,Recon,0.023044472017737332,0.05397508446101153,0.05123042397734178
4,8,7,True,2,DDoS,6,Spoofing,0.025507102764114345,0.03963285825990444,0.07748226820645948
4,8,7,True,2,DDoS,7,Web-Based,0.018994624751137612,0.02252941295926186,0.03599554929706604
4,8,7,True,3,DoS,0,Benign,0.7839185985328305,0.12296426435006926,0.05912436404983344
4,8,7,True,3,DoS,1,BruteForce,0.01270395204303554,0.018063519970371658,0.01987724292083008
4,8,7,True,3,DoS,2,DDoS,0.07446432269597175,0.06034108312393877,0.27974746942285916
4,8,7,True,3,DoS,3,DoS,0.029443784649905415,0.6304184228809494,0.3982860176001124
4,8,7,True,3,DoS,4,Mirai,0.026510836263081795,0.04867616503452658,0.03559378359501032
4,8,7,True,3,DoS,5,Recon,0.023394558112114747,0.03969743529004842,0.04099630124410015
4,8,7,True,3,DoS,6,Spoofing,0.028841767326342044,0.05722145956053995,0.1281256458776892
4,8,7,True,3,DoS,7,Web-Based,0.020722180376718153,0.02261764978955586,0.038249175289565354
4,8,7,True,4,Mirai,0,Benign,0.7982726011516699,0.6331203093710187,0.18817983163875468
4,8,7,True,4,Mirai,1,BruteForce,0.0122551428538641,0.01909281675668157,0.023487794738531277
4,8,7,True,4,Mirai,2,DDoS,0.06017395156691308,0.0251141681346322,0.2105404355382201
4,8,7,True,4,Mirai,3,DoS,0.01367319690980916,0.017462351603639688,0.033926098429761194
4,8,7,True,4,Mirai,4,Mirai,0.03800779699305596,0.13755598669055935,0.11725573870217634
4,8,7,True,4,Mirai,5,Recon,0.01668325312929512,0.05284625920967071,0.07754839506547791
4,8,7,True,4,Mirai,6,Spoofing,0.03912031574729362,0.08849116719610377,0.2614029317040846
4,8,7,True,4,Mirai,7,Web-Based,0.021813741648099096,0.026316941037694164,0.08765877418299396
4,8,7,True,5,Recon,0,Benign,0.7947038278627896,0.663690456176823,0.2000017254195583
4,8,7,True,5,Recon,1,BruteForce,0.013073569925451908,0.020303064776454882,0.023705868124519008
4,8,7,True,5,Recon,2,DDoS,0.06036860164883571,0.017002391782183355,0.16496333744467795
4,8,7,True,5,Recon,3,DoS,0.013541222281436503,0.016156744787585175,0.015418307969859076
4,8,7,True,5,Recon,4,Mirai,0.035002292757107485,0.06631128653357236,0.10963311489477491
4,8,7,True,5,Recon,5,Recon,0.017068114029060454,0.08772201297228534,0.11675238353955904
4,8,7,True,5,Recon,6,Spoofing,0.040560054611327556,0.09839718240625839,0.24483656754617894
4,8,7,True,5,Recon,7,Web-Based,0.02568231688399079,0.03041686056483741,0.12468869506087282
4,8,7,True,6,Spoofing,0,Benign,0.8021608087274837,0.6686455847035283,0.1937722794759604
4,8,7,True,6,Spoofing,1,BruteForce,0.01211436760748287,0.01733338489375343,0.02242835226609015
4,8,7,True,6,Spoofing,2,DDoS,0.05449588158396221,0.01653015001685993,0.15804611420041184
4,8,7,True,6,Spoofing,3,DoS,0.013633158308801711,0.016052187417027592,0.031148825804048003
4,8,7,True,6,Spoofing,4,Mirai,0.033724534879816616,0.06392521944996288,0.1001326832849986
4,8,7,True,6,Spoofing,5,Recon,0.02053423215832448,0.0714019896639859,0.09110586929081994
4,8,7,True,6,Spoofing,6,Spoofing,0.04004699994573604,0.11836710282816296,0.30553536478896126
4,8,7,True,6,Spoofing,7,Web-Based,0.023290016788392324,0.02774438102671894,0.0978305108887098
4,8,7,True,7,Web-Based,0,Benign,0.8002697864684946,0.6869294953328311,0.20061626070220598
4,8,7,True,7,Web-Based,1,BruteForce,0.012277180438647896,0.017748584962840305,0.02354598482732804
4,8,7,True,7,Web-Based,2,DDoS,0.05796478810453292,0.01647836021982616,0.17620558467171252
4,8,7,True,7,Web-Based,3,DoS,0.013339860601100099,0.015583152660022729,0.016535773602640844
4,8,7,True,7,Web-Based,4,Mirai,0.03590760546281873,0.0762618504780195,0.11208217686044311
4,8,7,True,7,Web-Based,5,Recon,0.017663471650808345,0.061733679298495624,0.0915469054239257
4,8,7,True,7,Web-Based,6,Spoofing,0.039448738651972466,0.09857858611846922,0.27096461243105235
4,8,7,True,7,Web-Based,7,Web-Based,0.023128568621624875,0.02668629092949526,0.1085027014806915
4,8,8,True,0,Benign,0,Benign,0.7513078429352167,0.6878325684833541,0.015012125580573696
4,8,8,True,0,Benign,1,BruteForce,0.009266135479736053,0.016158783205941406,0.013583283882797656
4,8,8,True,0,Benign,2,DDoS,0.009711035439476191,0.021732682002326708,0.05403850225466629
4,8,8,True,0,Benign,3,DoS,0.011478290365716508,0.01619741826478301,0.04637137098908002
4,8,8,True,0,Benign,4,Mirai,0.031110213335793672,0.06514372235480945,0.023900470780523812
4,8,8,True,0,Benign,5,Recon,0.0223372076515681,0.06869713824172427,0.04399718309899066
4,8,8,True,0,Benign,6,Spoofing,0.15110506329572942,0.09968033545621174,0.7898947728227513
4,8,8,True,0,Benign,7,Web-Based,0.013684211496763268,0.024557351990849328,0.013202290590616356
4,8,8,True,1,BruteForce,0,Benign,0.7356780793974859,0.6663009200261141,0.013984800476541343
4,8,8,True,1,BruteForce,1,BruteForce,0.01049169676507795,0.021002853697180243,0.010884808187682527
4,8,8,True,1,BruteForce,2,DDoS,0.01010936453479605,0.017625854469615922,0.024654729550449367
4,8,8,True,1,BruteForce,3,DoS,0.011177076076793717,0.01584363340660939,0.01728556636239547
4,8,8,True,1,BruteForce,4,Mirai,0.03245777501871906,0.08462622961459956,0.024138858706464972
4,8,8,True,1,BruteForce,5,Recon,0.01857221440455668,0.0609574985299023,0.03876761971958701
4,8,8,True,1,BruteForce,6,Spoofing,0.16619914050079274,0.10226633746101947,0.8587316660898501
4,8,8,True,1,BruteForce,7,Web-Based,0.015314653301777977,0.031376672794959065,0.011551950907029152
4,8,8,True,2,DDoS,0,Benign,0.8053314490729571,0.20441061815259606,0.010899026149208716
4,8,8,True,2,DDoS,1,BruteForce,0.009044478126195762,0.014149402675482835,0.012513172752424412
4,8,8,True,2,DDoS,2,DDoS,0.020349560615264817,0.5926130938290621,0.6063147205053784
4,8,8,True,2,DDoS,3,DoS,0.012802188551459608,0.02204639887352776,0.028914547967623713
4,8,8,True,2,DDoS,4,Mirai,0.029323226391986496,0.050643130789153445,0.01612851130447124
4,8,8,True,2,DDoS,5,Recon,0.02369816050461889,0.05397508446101153,0.04662922813799656
4,8,8,True,2,DDoS,6,Spoofing,0.08524900123345672,0.03963285825990444,0.263056379206694
4,8,8,True,2,DDoS,7,Web-Based,0.014201935504060587,0.02252941295926186,0.015544413976203035
4,8,8,True,3,DoS,0,Benign,0.7912622254086523,0.12296426435006926,0.020003983910308325
4,8,8,True,3,DoS,1,BruteForce,0.009734810119681234,0.018063519970371658,0.022406860727097955
4,8,8,True,3,DoS,2,DDoS,0.0115700383676825,0.06034108312393877,0.13360353264894187
4,8,8,True,3,DoS,3,DoS,0.02255415580089964,0.6304184228809494,0.417401482055483
4,8,8,True,3,DoS,4,Mirai,0.022165709562762505,0.04867616503452658,0.01963867126954134
4,8,8,True,3,DoS,5,Recon,0.025769880628696454,0.03969743529004842,0.03558047060135157
4,8,8,True,3,DoS,6,Spoofing,0.10271571397119787,0.05722145956053995,0.3332810755085388
4,8,8,True,3,DoS,7,Web-Based,0.014227466140427381,0.02261764978955586,0.01808392327873717
4,8,8,True,4,Mirai,0,Benign,0.744778624287302,0.6331203093710187,0.014523434832365126
4,8,8,True,4,Mirai,1,BruteForce,0.009821325258070897,0.01909281675668157,0.013286013515741277
4,8,8,True,4,Mirai,2,DDoS,0.01042304797349672,0.0251141681346322,0.037567689144802116
4,8,8,True,4,Mirai,3,DoS,0.011416977301213613,0.017462351603639688,0.04171931782971395
4,8,8,True,4,Mirai,4,Mirai,0.03412259667126748,0.13755598669055935,0.025720901054699593
4,8,8,True,4,Mirai,5,Recon,0.018581622764912244,0.05284625920967071,0.03131927243426966
4,8,8,True,4,Mirai,6,Spoofing,0.15719829507651212,0.08849116719610377,0.8238329746591988
4,8,8,True,4,Mirai,7,Web-Based,0.013657510667225016,0.026316941037694164,0.012030396529209444
4,8,8,True,5,Recon,0,Benign,0.7363456240459759,0.663690456176823,0.014276808954101479
4,8,8,True,5,Recon,1,BruteForce,0.0103173656042396,0.020303064776454882,0.011012061550043247
4,8,8,True,5,Recon,2,DDoS,0.009989785650808769,0.017002391782183355,0.02479339580083074
4,8,8,True,5,Recon,3,DoS,0.011279506585914903,0.016156744787585175,0.018921535133082406
4,8,8,True,5,Recon,4,Mirai,0.03152903990199219,0.06631128653357236,0.02395125985481923
4,8,8,True,5,Recon,5,Recon,0.019471759697882465,0.08772201297228534,0.05109435652913009
4,8,8,True,5,Recon,6,Spoofing,0.16610247714696907,0.09839718240625839,0.843917265987947
4,8,8,True,5,Recon,7,Web-Based,0.014964441366217078,0.03041686056483741,0.012033316190045638
4,8,8,True,6,Spoofing,0,Benign,0.7411158253939529,0.6686455847035283,0.01451475091290104
4,8,8,True,6,Spoofing,1,BruteForce,0.009515690407534793,0.01733338489375343,0.012436933269371103
4,8,8,True,6,Spoofing,2,DDoS,0.009377169622849355,0.01653015001685993,0.025764582498723522
4,8,8,True,6,Spoofing,3,DoS,0.011378520843812051,0.016052187417027592,0.03633149160460762
4,8,8,True,6,Spoofing,4,Mirai,0.030195084140038707,0.06392521944996288,0.02356491866089236
4,8,8,True,6,Spoofing,5,Recon,0.022857238793841148,0.0714019896639859,0.03869837244947222
4,8,8,True,6,Spoofing,6,Spoofing,0.16118377656493488,0.11836710282816296,0.8372912018582762
4,8,8,True,6,Spoofing,7,Web-Based,0.014376694233036207,0.02774438102671894,0.011397748745755979
4,8,8,True,7,Web-Based,0,Benign,0.7406484697476411,0.6869294953328311,0.014084720087147869
4,8,8,True,7,Web-Based,1,BruteForce,0.009727793021420052,0.017748584962840305,0.011929617482471871
4,8,8,True,7,Web-Based,2,DDoS,0.009915622331461683,0.01647836021982616,0.03443744537240116
4,8,8,True,7,Web-Based,3,DoS,0.011218401563568752,0.015583152660022729,0.01986583874170117
4,8,8,True,7,Web-Based,4,Mirai,0.0322138305406306,0.0762618504780195,0.024269555268988177
4,8,8,True,7,Web-Based,5,Recon,0.019731286303761707,0.061733679298495624,0.03783601648500252
4,8,8,True,7,Web-Based,6,Spoofing,0.16212982645412566,0.09857858611846922,0.8455805147589214
4,8,8,True,7,Web-Based,7,Web-Based,0.014414770037390594,0.02668629092949526,0.011996291803365967
4,8,9,False,0,Benign,0,Benign,0.25594790351427843,0.6878325684833541,0.22027493266218157
4,8,9,False,0,Benign,1,BruteForce,0.0043416000743772935,0.016158783205941406,0.007158388790665719
4,8,9,False,0,Benign,2,DDoS,0.007675666395967974,0.021732682002326708,0.010021434087771227
4,8,9,False,0,Benign,3,DoS,0.00337915162466533,0.01619741826478301,0.005121503375723047
4,8,9,False,0,Benign,4,Mirai,0.4682866444547819,0.06514372235480945,0.5309479912755538
4,8,9,False,0,Benign,5,Recon,0.15945341982116856,0.06869713824172427,0.12933863605735318
4,8,9,False,0,Benign,6,Spoofing,0.09670763706087247,0.09968033545621174,0.09118224646429039
4,8,9,False,0,Benign,7,Web-Based,0.00420797705388808,0.024557351990849328,0.005954867286461147
4,8,9,False,1,BruteForce,0,Benign,0.21430024314039509,0.6663009200261141,0.19560910001048665
4,8,9,False,1,BruteForce,1,BruteForce,0.004555249265782032,0.021002853697180243,0.006510673209619323
4,8,9,False,1,BruteForce,2,DDoS,0.003940267021935445,0.017625854469615922,0.006386759347100015
4,8,9,False,1,BruteForce,3,DoS,0.0027401620133084242,0.01584363340660939,0.004638020366097675
4,8,9,False,1,BruteForce,4,Mirai,0.5270141444868996,0.08462622961459956,0.5625829354056487
4,8,9,False,1,BruteForce,5,Recon,0.1532988869865383,0.0609574985299023,0.1302007532028732
4,8,9,False,1,BruteForce,6,Spoofing,0.08991667642064712,0.10226633746101947,0.08871675863006295
4,8,9,False,1,BruteForce,7,Web-Based,0.004234370664493939,0.031376672794959065,0.005354999828111578
4,8,9,False,2,DDoS,0,Benign,0.06369784700364338,0.20441061815259606,0.06193325534919987
4,8,9,False,2,DDoS,1,BruteForce,0.00503881363397341,0.014149402675482835,0.012826512543752777
4,8,9,False,2,DDoS,2,DDoS,0.6198224149044865,0.5926130938290621,0.5420618085443238
4,8,9,False,2,DDoS,3,DoS,0.003596013490702131,0.02204639887352776,0.007166806000963308
4,8,9,False,2,DDoS,4,Mirai,0.2170948774363565,0.050643130789153445,0.2590767458982176
4,8,9,False,2,DDoS,5,Recon,0.058799228046854765,0.05397508446101153,0.06364564766958493
4,8,9,False,2,DDoS,6,Spoofing,0.02761201893026505,0.03963285825990444,0.04186467937364931
4,8,9,False,2,DDoS,7,Web-Based,0.004338786553718287,0.02252941295926186,0.011424544620308341
4,8,9,False,3,DoS,0,Benign,0.05125168455388425,0.12296426435006926,0.06609204501600774
4,8,9,False,3,DoS,1,BruteForce,0.0103873490089525,0.018063519970371658,0.014071188369125963
4,8,9,False,3,DoS,2,DDoS,0.1105965213558116,0.06034108312393877,0.0908846909305015
4,8,9,False,3,DoS,3,DoS,0.33891474357523044,0.6304184228809494,0.009330757913482085
4,8,9,False,3,DoS,4,Mirai,0.2527524884395572,0.04867616503452658,0.6360774456422916
4,8,9,False,3,DoS,5,Recon,0.04038252988517608,0.03969743529004842,0.049724422867887266
4,8,9,False,3,DoS,6,Spoofing,0.18952427931050708,0.05722145956053995,0.1248976780823852
4,8,9,False,3,DoS,7,Web-Based,0.006190403870880897,0.02261764978955586,0.008921771178318612
4,8,9,False,4,Mirai,0,Benign,0.1544797823504325,0.6331203093710187,0.14241902749575885
4,8,9,False,4,Mirai,1,BruteForce,0.004232690824447445,0.01909281675668157,0.007238306306116324
4,8,9,False,4,Mirai,2,DDoS,0.004259088429789435,0.0251141681346322,0.006958832914329471
4,8,9,False,4,Mirai,3,DoS,0.0028970836596300294,0.017462351603639688,0.004578687409301001
4,8,9,False,4,Mirai,4,Mirai,0.7159443832276239,0.13755598669055935,0.7140882226677944
4,8,9,False,4,Mirai,5,Recon,0.05519636985140728,0.05284625920967071,0.057983451710110684
4,8,9,False,4,Mirai,6,Spoofing,0.06013091040757856,0.08849116719610377,0.06240855521804545
4,8,9,False,4,Mirai,7,Web-Based,0.0028596912490908067,0.026316941037694164,0.004324916278543922
4,8,9,False,5,Recon,0,Benign,0.18764383588600206,0.663690456176823,0.18754795935055854
4,8,9,False,5,Recon,1,BruteForce,0.004188476549556513,0.020303064776454882,0.006151490230419646
4,8,9,False,5,Recon,2,DDoS,0.003923429163636286,0.017002391782183355,0.006229298587220222
4,8,9,False,5,Recon,3,DoS,0.0024976293279771558,0.016156744787585175,0.004611133813343026
4,8,9,False,5,Recon,4,Mirai,0.44539492935235697,0.06631128653357236,0.5132006567116012
4,8,9,False,5,Recon,5,Recon,0.2647451044145384,0.08772201297228534,0.18949700511591605
4,8,9,False,5,Recon,6,Spoofing,0.08738497580654203,0.09839718240625839,0.08752302564223557
4,8,9,False,5,Recon,7,Web-Based,0.004221619499390584,0.03041686056483741,0.005239430548705853
4,8,9,False,6,Spoofing,0,Benign,0.2079488578609816,0.6686455847035283,0.205443009544199
4,8,9,False,6,Spoofing,1,BruteForce,0.004252232651601535,0.01733338489375343,0.0066961046765206
4,8,9,False,6,Spoofing,2,DDoS,0.003916116486179736,0.01653015001685993,0.00673200014664689
4,8,9,False,6,Spoofing,3,DoS,0.0028304680359762108,0.016052187417027592,0.0048283255176033366
4,8,9,False,6,Spoofing,4,Mirai,0.4828724191239869,0.06392521944996288,0.518269037228291
4,8,9,False,6,Spoofing,5,Recon,0.16981687115582483,0.0714019896639859,0.14414039337227424
4,8,9,False,6,Spoofing,6,Spoofing,0.1242408039227777,0.11836710282816296,0.10824015711730466
4,8,9,False,6,Spoofing,7,Web-Based,0.004122230762671515,0.02774438102671894,0.0056509723971603
4,8,9,False,7,Web-Based,0,Benign,0.18840905399793997,0.6869294953328311,0.18706900309494476
4,8,9,False,7,Web-Based,1,BruteForce,0.004034927373965243,0.017748584962840305,0.006575002348028501
4,8,9,False,7,Web-Based,2,DDoS,0.0038874391425609126,0.01647836021982616,0.006528943093799414
4,8,9,False,7,Web-Based,3,DoS,0.0027680056806633282,0.015583152660022729,0.0044778123355648895
4,8,9,False,7,Web-Based,4,Mirai,0.5932403096354584,0.0762618504780195,0.6018600880832153
4,8,9,False,7,Web-Based,5,Recon,0.11517603264764933,0.061733679298495624,0.11467017219124158
4,8,9,False,7,Web-Based,6,Spoofing,0.08891449963566628,0.09857858611846922,0.07386433235894052
4,8,9,False,7,Web-Based,7,Web-Based,0.003569731886096621,0.02668629092949526,0.004954646494265065
4,8,10,True,0,Benign,0,Benign,0.7373435594606541,0.6878325684833541,0.02419440131396116
4,8,10,True,0,Benign,1,BruteForce,0.015271891148869173,0.016158783205941406,0.02812839628105664
4,8,10,True,0,Benign,2,DDoS,0.018910639834386005,0.021732682002326708,0.07166336211654858
4,8,10,True,0,Benign,3,DoS,0.012575457481055272,0.01619741826478301,0.03127661889303174
4,8,10,True,0,Benign,4,Mirai,0.03074852894614256,0.06514372235480945,0.057878703281944034
4,8,10,True,0,Benign,5,Recon,0.03659825690727332,0.06869713824172427,0.11903014022809146
4,8,10,True,0,Benign,6,Spoofing,0.07120047484235413,0.09968033545621174,0.3285455251867474
4,8,10,True,0,Benign,7,Web-Based,0.07735119137926544,0.024557351990849328,0.339282852698619
4,8,10,True,1,BruteForce,0,Benign,0.7054837431292446,0.6663009200261141,0.02580711986082917
4,8,10,True,1,BruteForce,1,BruteForce,0.01860855678574458,0.021002853697180243,0.02891338815887502
4,8,10,True,1,BruteForce,2,DDoS,0.0219210181717144,0.017625854469615922,0.04230432076647959
4,8,10,True,1,BruteForce,3,DoS,0.012779340404416629,0.01584363340660939,0.019350857597387264
4,8,10,True,1,BruteForce,4,Mirai,0.03198424653547088,0.08462622961459956,0.05981152973791078
4,8,10,True,1,BruteForce,5,Recon,0.03229632418238562,0.0609574985299023,0.11255251642714446
4,8,10,True,1,BruteForce,6,Spoofing,0.07746991345641667,0.10226633746101947,0.28921163186813914
4,8,10,True,1,BruteForce,7,Web-Based,0.09945685733460667,0.031376672794959065,0.42204863558323463
4,8,10,True,2,DDoS,0,Benign,0.784300168698565,0.20441061815259606,0.01191874950936505
4,8,10,True,2,DDoS,1,BruteForce,0.012982800790897331,0.014149402675482835,0.017480686643925616
4,8,10,True,2,DDoS,2,DDoS,0.026599866999387416,0.5926130938290621,0.6238601570373535
4,8,10,True,2,DDoS,3,DoS,0.013431897916967292,0.02204639887352776,0.016082057547873653
4,8,10,True,2,DDoS,4,Mirai,0.029441835939101654,0.050643130789153445,0.027391841670405398
4,8,10,True,2,DDoS,5,Recon,0.035054231144478,0.05397508446101153,0.05872959178198046
4,8,10,True,2,DDoS,6,Spoofing,0.043667540052884396,0.03963285825990444,0.11241896906782459
4,8,10,True,2,DDoS,7,Web-Based,0.05452165845771892,0.02252941295926186,0.13211794674127172
4,8,10,True,3,DoS,0,Benign,0.7676063050592568,0.12296426435006926,0.018527460564022213
4,8,10,True,3,DoS,1,BruteForce,0.014350844186427271,0.018063519970371658,0.03510543547762633
4,8,10,True,3,DoS,2,DDoS,0.02002527850943395,0.06034108312393877,0.19537996554427528
4,8,10,True,3,DoS,3,DoS,0.028930842340489638,0.6304184228809494,0.31513788027067596
4,8,10,True,3,DoS,4,Mirai,0.022773211272405513,0.04867616503452658,0.04448504030333819
4,8,10,True,3,DoS,5,Recon,0.038667819478165104,0.03969743529004842,0.07184579693290886
4,8,10,True,3,DoS,6,Spoofing,0.05095004938801792,0.05722145956053995,0.20160401291234772
4,8,10,True,3,DoS,7,Web-Based,0.056695649765803775,0.02261764978955586,0.11791440799480547
4,8,10,True,4,Mirai,0,Benign,0.7301252963902016,0.6331203093710187,0.02454132117417262
4,8,10,True,4,Mirai,1,BruteForce,0.016618415756858393,0.01909281675668157,0.030928409146634115
4,8,10,True,4,Mirai,2,DDoS,0.02074682855652637,0.0251141681346322,0.06517744958234532
4,8,10,True,4,Mirai,3,DoS,0.012430038736703224,0.017462351603639688,0.026945381736966166
4,8,10,True,4,Mirai,4,Mirai,0.034032939668294446,0.13755598669055935,0.06951594165829783
4,8,10,True,4,Mirai,5,Recon,0.030419390551741466,0.05284625920967071,0.10141639327346967
4,8,10,True,4,Mirai,6,Spoofing,0.07474104400944612,0.08849116719610377,0.33746609425952623
4,8,10,True,4,Mirai,7,Web-Based,0.08088604633022842,0.026316941037694164,0.34400900916858806
4,8,10,True,5,Recon,0,Benign,0.7036869041998107,0.663690456176823,0.025985143243103023
4,8,10,True,5,Recon,1,BruteForce,0.018382030486793266,0.020303064776454882,0.028403556354155614
4,8,10,True,5,Recon,2,DDoS,0.021863435692896144,0.017002391782183355,0.03986090658207348
4,8,10,True,5,Recon,3,DoS,0.013021030661926824,0.016156744787585175,0.019322885470738793
4,8,10,True,5,Recon,4,Mirai,0.030957050017901267,0.06631128653357236,0.05760894564822739
4,8,10,True,5,Recon,5,Recon,0.03421063744940954,0.08772201297228534,0.13356892303175036
4,8,10,True,5,Recon,6,Spoofing,0.0766800141175635,0.09839718240625839,0.27933004710710635
4,8,10,True,5,Recon,7,Web-Based,0.10119889737369873,0.03041686056483741,0.415919592562845
4,8,10,True,6,Spoofing,0,Benign,0.7228764103020512,0.6686455847035283,0.024900999484018145
4,8,10,True,6,Spoofing,1,BruteForce,0.016108143436255343,0.01733338489375343,0.027007335921959637
4,8,10,True,6,Spoofing,2,DDoS,0.019172109451568088,0.01653015001685993,0.04043196086041688
4,8,10,True,6,Spoofing,3,DoS,0.01270450377238402,0.016052187417027592,0.024128903835969613
4,8,10,True,6,Spoofing,4,Mirai,0.029983666095825482,0.06392521944996288,0.054439341604995556
4,8,10,True,6,Spoofing,5,Recon,0.038271904426538654,0.0714019896639859,0.12237014079609465
4,8,10,True,6,Spoofing,6,Spoofing,0.07560099263841025,0.11836710282816296,0.3392420202195158
4,8,10,True,6,Spoofing,7,Web-Based,0.08528226987696708,0.02774438102671894,0.3674792972770297
4,8,10,True,7,Web-Based,0,Benign,0.7191027036482368,0.6869294953328311,0.025416234922749713
4,8,10,True,7,Web-Based,1,BruteForce,0.01692924818944307,0.017748584962840305,0.029508277065806696
4,8,10,True,7,Web-Based,2,DDoS,0.02054198978470721,0.01647836021982616,0.04809308501247399
4,8,10,True,7,Web-Based,3,DoS,0.012604296918155783,0.015583152660022729,0.019703370349366752
4,8,10,True,7,Web-Based,4,Mirai,0.031944728228716156,0.0762618504780195,0.061133336727339685
4,8,10,True,7,Web-Based,5,Recon,0.03350988006665035,0.061733679298495624,0.11655808243061823
4,8,10,True,7,Web-Based,6,Spoofing,0.07562911946625715,0.09857858611846922,0.30029712635162814
4,8,10,True,7,Web-Based,7,Web-Based,0.08973803369783352,0.02668629092949526,0.3992904871400168
4,8,11,False,0,Benign,0,Benign,0.5044602571854032,0.6878325684833541,0.49468169906890513
4,8,11,False,0,Benign,1,BruteForce,0.006001822290989302,0.016158783205941406,0.008969054803885644
4,8,11,False,0,Benign,2,DDoS,0.00348540767343287,0.021732682002326708,0.0065124930854304685
4,8,11,False,0,Benign,3,DoS,0.010603128271011406,0.01619741826478301,0.01651623172900435
4,8,11,False,0,Benign,4,Mirai,0.09391954471022551,0.06514372235480945,0.08316159729392886
4,8,11,False,0,Benign,5,Recon,0.1176268175558592,0.06869713824172427,0.12559159089101943
4,8,11,False,0,Benign,6,Spoofing,0.2582298280866612,0.09968033545621174,0.25522407105826334
4,8,11,False,0,Benign,7,Web-Based,0.005673194226417398,0.024557351990849328,0.009343262069562779
4,8,11,False,1,BruteForce,0,Benign,0.47614882758620247,0.6663009200261141,0.4859863201002979
4,8,11,False,1,BruteForce,1,BruteForce,0.006614698082861446,0.021002853697180243,0.008710597347057713
4,8,11,False,1,BruteForce,2,DDoS,0.003252339524108014,0.017625854469615922,0.006068031632809313
4,8,11,False,1,BruteForce,3,DoS,0.004541212711884597,0.01584363340660939,0.008219240589696971
4,8,11,False,1,BruteForce,4,Mirai,0.12023222415225791,0.08462622961459956,0.08757231856634627
4,8,11,False,1,BruteForce,5,Recon,0.12181233676064929,0.0609574985299023,0.13115094741555774
4,8,11,False,1,BruteForce,6,Spoofing,0.2615841869827586,0.10226633746101947,0.26280073700305673
4,8,11,False,1,BruteForce,7,Web-Based,0.0058141741992776075,0.031376672794959065,0.009491807345177341
4,8,11,False,2,DDoS,0,Benign,0.16427963117473604,0.20441061815259606,0.3251445252692935
4,8,11,False,2,DDoS,1,BruteForce,0.009814940698204959,0.014149402675482835,0.014075874748430275
4,8,11,False,2,DDoS,2,DDoS,0.4862158605236582,0.5926130938290621,0.21903709839348182
4,8,11,False,2,DDoS,3,DoS,0.03907039284879534,0.02204639887352776,0.028899116641746
4,8,11,False,2,DDoS,4,Mirai,0.11173548369551435,0.050643130789153445,0.0827004723183464
4,8,11,False,2,DDoS,5,Recon,0.06106842085247951,0.05397508446101153,0.10910304899480142
4,8,11,False,2,DDoS,6,Spoofing,0.12077393872726667,0.03963285825990444,0.2070909932893693
4,8,11,False,2,DDoS,7,Web-Based,0.007041331479344903,0.02252941295926186,0.013948870344531246
4,8,11,False,3,DoS,0,Benign,0.061575879982057054,0.12296426435006926,0.1042581125965123
4,8,11,False,3,DoS,1,BruteForce,0.008386379244349575,0.018063519970371658,0.020096583742438414
4,8,11,False,3,DoS,2,DDoS,0.011564406980833096,0.06034108312393877,0.011541322888350391
4,8,11,False,3,DoS,3,DoS,0.6874725171992353,0.6304184228809494,0.4831797465884648
4,8,11,False,3,DoS,4,Mirai,0.03762030370728001,0.04867616503452658,0.061421893746448034
4,8,11,False,3,DoS,5,Recon,0.022315311760571714,0.03969743529004842,0.04220184660571649
4,8,11,False,3,DoS,6,Spoofing,0.16581351758098595,0.05722145956053995,0.26636540024192495
4,8,11,False,3,DoS,7,Web-Based,0.005251683544687331,0.02261764978955586,0.010935093590144539
4,8,11,False,4,Mirai,0,Benign,0.4288844327318416,0.6331203093710187,0.4693887723034425
4,8,11,False,4,Mirai,1,BruteForce,0.00791965116397513,0.01909281675668157,0.010666274111835768
4,8,11,False,4,Mirai,2,DDoS,0.004930359842942973,0.0251141681346322,0.007285439023842553
4,8,11,False,4,Mirai,3,DoS,0.009337586216803613,0.017462351603639688,0.018850743547208327
4,8,11,False,4,Mirai,4,Mirai,0.23574980353674171,0.13755598669055935,0.12006862172654138
4,8,11,False,4,Mirai,5,Recon,0.055997605223198375,0.05284625920967071,0.08270583414874996
4,8,11,False,4,Mirai,6,Spoofing,0.25199110231802124,0.08849116719610377,0.28223546720926523
4,8,11,False,4,Mirai,7,Web-Based,0.005189458966475291,0.026316941037694164,0.008798847929114317
4,8,11,False,5,Recon,0,Benign,0.4649670381823619,0.663690456176823,0.4665805057336679
4,8,11,False,5,Recon,1,BruteForce,0.005956465043253068,0.020303064776454882,0.00840037108406371
4,8,11,False,5,Recon,2,DDoS,0.002953276557799072,0.017002391782183355,0.0056873208488470986
4,8,11,False,5,Recon,3,DoS,0.004945535466469731,0.016156744787585175,0.0077768304148356435
4,8,11,False,5,Recon,4,Mirai,0.09086658478638038,0.06631128653357236,0.08297448032878815
4,8,11,False,5,Recon,5,Recon,0.20100941957654864,0.08772201297228534,0.18512838668840184
4,8,11,False,5,Recon,6,Spoofing,0.22329834327635964,0.09839718240625839,0.23430641139270103
4,8,11,False,5,Recon,7,Web-Based,0.00600333711082759,0.03041686056483741,0.00914569350869469
4,8,11,False,6,Spoofing,0,Benign,0.42862416955579263,0.6686455847035283,0.45548172693480227
4,8,11,False,6,Spoofing,1,BruteForce,0.005775219449060339,0.01733338489375343,0.00839529214760301
4,8,11,False,6,Spoofing,2,DDoS,0.003123299950122478,0.01653015001685993,0.00609576627986407
4,8,11,False,6,Spoofing,3,DoS,0.0050104934818676295,0.016052187417027592,0.010323817598873705
4,8,11,False,6,Spoofing,4,Mirai,0.0935395140710531,0.06392521944996288,0.07814004391143099
4,8,11,False,6,Spoofing,5,Recon,0.11687605442494954,0.0714019896639859,0.13281642149606263
4,8,11,False,6,Spoofing,6,Spoofing,0.34138855325344825,0.11836710282816296,0.29955771003870946
4,8,11,False,6,Spoofing,7,Web-Based,0.0056626958137059626,0.02774438102671894,0.00918922159265382
4,8,11,False,7,Web-Based,0,Benign,0.4789338885385658,0.6869294953328311,0.5065747209573159
4,8,11,False,7,Web-Based,1,BruteForce,0.006260665711213389,0.017748584962840305,0.008597365119134347
4,8,11,False,7,Web-Based,2,DDoS,0.0034768156070780565,0.01647836021982616,0.006165098298963649
4,8,11,False,7,Web-Based,3,DoS,0.0049960882719899,0.015583152660022729,0.009394986332144728
4,8,11,False,7,Web-Based,4,Mirai,0.1513062772977635,0.0762618504780195,0.09251771202481428
4,8,11,False,7,Web-Based,5,Recon,0.09129597867562146,0.061733679298495624,0.12218315970447956
4,8,11,False,7,Web-Based,6,Spoofing,0.2580240649524137,0.09857858611846922,0.24547153024129614
4,8,11,False,7,Web-Based,7,Web-Based,0.005706220945354305,0.02668629092949526,0.00909542732185148
4,8,12,False,0,Benign,0,Benign,0.03221246514332201,0.6878325684833541,0.03173627289785977
4,8,12,False,0,Benign,1,BruteForce,0.014382623684924387,0.016158783205941406,0.0165286180636927
4,8,12,False,0,Benign,2,DDoS,0.012872742415652406,0.021732682002326708,0.016502646029220927
4,8,12,False,0,Benign,3,DoS,0.04957156490891237,0.01619741826478301,0.0870367473955642
4,8,12,False,0,Benign,4,Mirai,0.5220183176827587,0.06514372235480945,0.504942045449222
4,8,12,False,0,Benign,5,Recon,0.1355850502277304,0.06869713824172427,0.12175768395756004
4,8,12,False,0,Benign,6,Spoofing,0.1878891998012778,0.09968033545621174,0.17805372939872052
4,8,12,False,0,Benign,7,Web-Based,0.04546803613542195,0.024557351990849328,0.04344225680815978
4,8,12,False,1,BruteForce,0,Benign,0.03246197142268028,0.6663009200261141,0.03107779928183897
4,8,12,False,1,BruteForce,1,BruteForce,0.018734796139497346,0.021002853697180243,0.01729889351226295
4,8,12,False,1,BruteForce,2,DDoS,0.014918660421763342,0.017625854469615922,0.01744771580742801
4,8,12,False,1,BruteForce,3,DoS,0.013153061527993753,0.01584363340660939,0.021633838279563913
4,8,12,False,1,BruteForce,4,Mirai,0.5545509818272143,0.08462622961459956,0.5488477620277777
4,8,12,False,1,BruteForce,5,Recon,0.11794794555904807,0.0609574985299023,0.12673717792377312
4,8,12,False,1,BruteForce,6,Spoofing,0.18160994590395893,0.10226633746101947,0.17759801217076215
4,8,12,False,1,BruteForce,7,Web-Based,0.06662263719784402,0.031376672794959065,0.05935880099659317
4,8,12,False,2,DDoS,0,Benign,0.01489214688712114,0.20441061815259606,0.022231065288382944
4,8,12,False,2,DDoS,1,BruteForce,0.013534133972011975,0.014149402675482835,0.023344007922321042
4,8,12,False,2,DDoS,2,DDoS,0.470781041814442,0.5926130938290621,0.39052535858574633
4,8,12,False,2,DDoS,3,DoS,0.08718940672416055,0.02204639887352776,0.110203576906135
4,8,12,False,2,DDoS,4,Mirai,0.2674366961604171,0.050643130789153445,0.25150815680096245
4,8,12,False,2,DDoS,5,Recon,0.07160577927682633,0.05397508446101153,0.09050165379397504
4,8,12,False,2,DDoS,6,Spoofing,0.048976382074327474,0.03963285825990444,0.07789049125397604
4,8,12,False,2,DDoS,7,Web-Based,0.025584413090693422,0.02252941295926186,0.03379568944850122
4,8,12,False,3,DoS,0,Benign,0.009589108582633349,0.12296426435006926,0.020485817285976093
4,8,12,False,3,DoS,1,BruteForce,0.007370073125484672,0.018063519970371658,0.01665151718553791
4,8,12,False,3,DoS,2,DDoS,0.012233470475137096,0.06034108312393877,0.018185909124348948
4,8,12,False,3,DoS,3,DoS,0.8328730409293759,0.6304184228809494,0.6896778050003807
4,8,12,False,3,DoS,4,Mirai,0.0735834786724442,0.04867616503452658,0.12369738390354118
4,8,12,False,3,DoS,5,Recon,0.02682841977571859,0.03969743529004842,0.04570082737009043
4,8,12,False,3,DoS,6,Spoofing,0.026930406399359726,0.05722145956053995,0.06724106075606488
4,8,12,False,3,DoS,7,Web-Based,0.010592002039846327,0.02261764978955586,0.01835967937405992
4,8,12,False,4,Mirai,0,Benign,0.026262657984607952,0.6331203093710187,0.029918407080366752
4,8,12,False,4,Mirai,1,BruteForce,0.014109744503111091,0.01909281675668157,0.01706598282692606
4,8,12,False,4,Mirai,2,DDoS,0.012881824913362554,0.0251141681346322,0.01663728250472877
4,8,12,False,4,Mirai,3,DoS,0.019129738374873792,0.017462351603639688,0.04173397047555752
4,8,12,False,4,Mirai,4,Mirai,0.6895407555946986,0.13755598669055935,0.605239817871976
4,8,12,False,4,Mirai,5,Recon,0.07246571827956509,0.05284625920967071,0.09140959059613461
4,8,12,False,4,Mirai,6,Spoofing,0.13104690739226882,0.08849116719610377,0.15840976138299426
4,8,12,False,4,Mirai,7,Web-Based,0.034562652957512145,0.026316941037694164,0.03958518726131608
4,8,12,False,5,Recon,0,Benign,0.03089457628712094,0.663690456176823,0.029621861109237813
4,8,12,False,5,Recon,1,BruteForce,0.01869720645983129,0.020303064776454882,0.017175282169865937
4,8,12,False,5,Recon,2,DDoS,0.01532676675690779,0.017002391782183355,0.01708118649804606
4,8,12,False,5,Recon,3,DoS,0.016608723809906568,0.016156744787585175,0.026726280053793815
4,8,12,False,5,Recon,4,Mirai,0.496705053495166,0.06631128653357236,0.5324266438102963
4,8,12,False,5,Recon,5,Recon,0.16823383210507872,0.08772201297228534,0.1504646465311618
4,8,12,False,5,Recon,6,Spoofing,0.17724262119729262,0.09839718240625839,0.1656920785788231
4,8,12,False,5,Recon,7,Web-Based,0.0762912198886961,0.03041686056483741,0.060812021248775244
4,8,12,False,6,Spoofing,0,Benign,0.032073670990758786,0.6686455847035283,0.032715217577048726
4,8,12,False,6,Spoofing,1,BruteForce,0.01573837271092383,0.01733338489375343,0.01640021842282711
4,8,12,False,6,Spoofing,2,DDoS,0.013634203283177618,0.01653015001685993,0.016866260790927946
4,8,12,False,6,Spoofing,3,DoS,0.01968835938728197,0.016052187417027592,0.05306923001391153
4,8,12,False,6,Spoofing,4,Mirai,0.4977280216331978,0.06392521944996288,0.4990949452677579
4,8,12,False,6,Spoofing,5,Recon,0.15164188838893966,0.0714019896639859,0.1250189767579518
4,8,12,False,6,Spoofing,6,Spoofing,0.2133584837055935,0.11836710282816296,0.20697735596760036
4,8,12,False,6,Spoofing,7,Web-Based,0.056136999900126945,0.02774438102671894,0.04985779520197467
4,8,12,False,7,Web-Based,0,Benign,0.030831297956659346,0.6869294953328311,0.031005623315597336
4,8,12,False,7,Web-Based,1,BruteForce,0.015218171401914164,0.017748584962840305,0.01636876663959574
4,8,12,False,7,Web-Based,2,DDoS,0.013459204600758074,0.01647836021982616,0.01687666560967591
4,8,12,False,7,Web-Based,3,DoS,0.016115422414095373,0.015583152660022729,0.032783655067641956
4,8,12,False,7,Web-Based,4,Mirai,0.5706445837629381,0.0762618504780195,0.5521443459844294
4,8,12,False,7,Web-Based,5,Recon,0.13628750589970878,0.061733679298495624,0.1294272098868998
4,8,12,False,7,Web-Based,6,Spoofing,0.1604389066128105,0.09857858611846922,0.16888296360719504
4,8,12,False,7,Web-Based,7,Web-Based,0.057004907351115776,0.02668629092949526,0.05251076988896483
4,8,13,False,0,Benign,0,Benign,0.07315949697460482,0.6878325684833541,0.06021732024664312
4,8,13,False,0,Benign,1,BruteForce,0.09180637922541446,0.016158783205941406,0.09139989264571256
4,8,13,False,0,Benign,2,DDoS,0.04961223888773909,0.021732682002326708,0.06174356418797107
4,8,13,False,0,Benign,3,DoS,0.008523782519791445,0.01619741826478301,0.01197304561342974
4,8,13,False,0,Benign,4,Mirai,0.06541238400945827,0.06514372235480945,0.05961668608314425
4,8,13,False,0,Benign,5,Recon,0.3791161901022759,0.06869713824172427,0.4160282132187437
4,8,13,False,0,Benign,6,Spoofing,0.14091349409037282,0.09968033545621174,0.139355064976164
4,8,13,False,0,Benign,7,Web-Based,0.19145603419034318,0.024557351990849328,0.15966621302819156
4,8,13,False,1,BruteForce,0,Benign,0.07876250199822984,0.6663009200261141,0.06822755264647094
4,8,13,False,1,BruteForce,1,BruteForce,0.13339970663497472,0.021002853697180243,0.11987573463055916
4,8,13,False,1,BruteForce,2,DDoS,0.028152056854484204,0.017625854469615922,0.030460241166093714
4,8,13,False,1,BruteForce,3,DoS,0.00978528669370802,0.01584363340660939,0.012653005923996678
4,8,13,False,1,BruteForce,4,Mirai,0.08399370811963279,0.08462622961459956,0.06821062698113127
4,8,13,False,1,BruteForce,5,Recon,0.2978114685315248,0.0609574985299023,0.37080797334063925
4,8,13,False,1,BruteForce,6,Spoofing,0.12992586067802434,0.10226633746101947,0.1270025130190938
4,8,13,False,1,BruteForce,7,Web-Based,0.23816941048942122,0.031376672794959065,0.20276235229201514
4,8,13,False,2,DDoS,0,Benign,0.022049318336115346,0.20441061815259606,0.022803251521217874
4,8,13,False,2,DDoS,1,BruteForce,0.03963155371540076,0.014149402675482835,0.037986902724882206
4,8,13,False,2,DDoS,2,DDoS,0.6664830358919649,0.5926130938290621,0.6384349908124279
4,8,13,False,2,DDoS,3,DoS,0.004740853114338065,0.02204639887352776,0.008902401426990494
4,8,13,False,2,DDoS,4,Mirai,0.03310493376523348,0.050643130789153445,0.02786382527011328
4,8,13,False,2,DDoS,5,Recon,0.13083790147986904,0.05397508446101153,0.14464280239747743
4,8,13,False,2,DDoS,6,Spoofing,0.041236780763046633,0.03963285825990444,0.05534938869240468
4,8,13,False,2,DDoS,7,Web-Based,0.061915622934031904,0.02252941295926186,0.06401643715448604
4,8,13,False,3,DoS,0,Benign,0.01736442083235422,0.12296426435006926,0.02660571770375682
4,8,13,False,3,DoS,1,BruteForce,0.049650145290460766,0.018063519970371658,0.06605289113507826
4,8,13,False,3,DoS,2,DDoS,0.44569453087240823,0.06034108312393877,0.42699375712190657
4,8,13,False,3,DoS,3,DoS,0.15144808500395696,0.6304184228809494,0.03699369127515266
4,8,13,False,3,DoS,4,Mirai,0.08052814249399033,0.04867616503452658,0.07269902527154604
4,8,13,False,3,DoS,5,Recon,0.09766458892636595,0.03969743529004842,0.17703238364058604
4,8,13,False,3,DoS,6,Spoofing,0.10556027590670074,0.05722145956053995,0.12006031090505746
4,8,13,False,3,DoS,7,Web-Based,0.05208981067376282,0.02261764978955586,0.07356222294691613
4,8,13,False,4,Mirai,0,Benign,0.07473941576629393,0.6331203093710187,0.06755458333906479
4,8,13,False,4,Mirai,1,BruteForce,0.12868746405556974,0.01909281675668157,0.11316485127905956
4,8,13,False,4,Mirai,2,DDoS,0.04923969286752674,0.0251141681346322,0.06568757705439755
4,8,13,False,4,Mirai,3,DoS,0.009870607080143251,0.017462351603639688,0.01277088742881881
4,8,13,False,4,Mirai,4,Mirai,0.141643559845216,0.13755598669055935,0.07980722606324694
4,8,13,False,4,Mirai,5,Recon,0.2642306863361412,0.05284625920967071,0.3322611083833468
4,8,13,False,4,Mirai,6,Spoofing,0.1438800567613108,0.08849116719610377,0.15077972540924725
4,8,13,False,4,Mirai,7,Web-Based,0.18770851728779822,0.026316941037694164,0.17797404104281833
4,8,13,False,5,Recon,0,Benign,0.07244647164664372,0.663690456176823,0.06399825964041304
4,8,13,False,5,Recon,1,BruteForce,0.11902316175309124,0.020303064776454882,0.11289096848179281
4,8,13,False,5,Recon,2,DDoS,0.024203783983974516,0.017002391782183355,0.027800341690945796
4,8,13,False,5,Recon,3,DoS,0.009248177019381522,0.016156744787585175,0.012384925679576154
4,8,13,False,5,Recon,4,Mirai,0.06957582680697263,0.06631128653357236,0.062421234302634784
4,8,13,False,5,Recon,5,Recon,0.36130663564326376,0.08772201297228534,0.4115133873033791
4,8,13,False,5,Recon,6,Spoofing,0.12196478973169843,0.09839718240625839,0.12030906815303158
4,8,13,False,5,Recon,7,Web-Based,0.2222311534149742,0.03041686056483741,0.18868181474822673
4,8,13,False,6,Spoofing,0,Benign,0.07115629178114316,0.6686455847035283,0.06134039136237188
4,8,13,False,6,Spoofing,1,BruteForce,0.0987180398404143,0.01733338489375343,0.09328387613075517
4,8,13,False,6,Spoofing,2,DDoS,0.02365115853551917,0.01653015001685993,0.027431735585683802
4,8,13,False,6,Spoofing,3,DoS,0.00844830587772507,0.016052187417027592,0.011666331232813777
4,8,13,False,6,Spoofing,4,Mirai,0.06758488566684762,0.06392521944996288,0.0565308778362759
4,8,13,False,6,Spoofing,5,Recon,0.37067804394675596,0.0714019896639859,0.4351622281115992
4,8,13,False,6,Spoofing,6,Spoofing,0.1526997805674986,0.11836710282816296,0.1414793775391553
4,8,13,False,6,Spoofing,7,Web-Based,0.207063493784096,0.02774438102671894,0.17310518220134494
4,8,13,False,7,Web-Based,0,Benign,0.07725517002892,0.6869294953328311,0.06622176668292754
4,8,13,False,7,Web-Based,1,BruteForce,0.11302520668648573,0.017748584962840305,0.1062723171110605
4,8,13,False,7,Web-Based,2,DDoS,0.025981603236477902,0.01647836021982616,0.034246920241730275
4,8,13,False,7,Web-Based,3,DoS,0.009074485428521779,0.015583152660022729,0.01225080938480458
4,8,13,False,7,Web-Based,4,Mirai,0.0846496566990338,0.0762618504780195,0.06762813179193718
4,8,13,False,7,Web-Based,5,Recon,0.34427199489580856,0.061733679298495624,0.40559586969205536
4,8,13,False,7,Web-Based,6,Spoofing,0.12992521657590098,0.09857858611846922,0.12593682436297501
4,8,13,False,7,Web-Based,7,Web-Based,0.21581666644885136,0.02668629092949526,0.1818473607325095
4,8,14,True,0,Benign,0,Benign,0.829746963419454,0.6878325684833541,0.18035115358371046
4,8,14,True,0,Benign,1,BruteForce,0.014333054226837323,0.016158783205941406,0.08743539696123714
4,8,14,True,0,Benign,2,DDoS,0.019505890676733466,0.021732682002326708,0.15420426070248563
4,8,14,True,0,Benign,3,DoS,0.015638014900813825,0.01619741826478301,0.06777568043178447
4,8,14,True,0,Benign,4,Mirai,0.03892290633514699,0.06514372235480945,0.1443378562634044
4,8,14,True,0,Benign,5,Recon,0.029483020968832103,0.06869713824172427,0.15700617689526467
4,8,14,True,0,Benign,6,Spoofing,0.022504716937350552,0.09968033545621174,0.02424804425766118
4,8,14,True,0,Benign,7,Web-Based,0.02986543253483178,0.024557351990849328,0.18464143090445206
4,8,14,True,1,BruteForce,0,Benign,0.8197197590983178,0.6663009200261141,0.18019377324172536
4,8,14,True,1,BruteForce,1,BruteForce,0.01740548874464553,0.021002853697180243,0.10666831308489151
4,8,14,True,1,BruteForce,2,DDoS,0.021626552362286756,0.017625854469615922,0.1098908449516765
4,8,14,True,1,BruteForce,3,DoS,0.015064301461280112,0.01584363340660939,0.024382636583572835
4,8,14,True,1,BruteForce,4,Mirai,0.041774879818937474,0.08462622961459956,0.16382308201998455
4,8,14,True,1,BruteForce,5,Recon,0.02346494378108111,0.0609574985299023,0.15641694541249407
4,8,14,True,1,BruteForce,6,Spoofing,0.023691551795198933,0.10226633746101947,0.02200485434100745
4,8,14,True,1,BruteForce,7,Web-Based,0.03725252293825235,0.031376672794959065,0.23661955036464774
4,8,14,True,2,DDoS,0,Benign,0.8267662972624198,0.20441061815259606,0.05401936596902673
4,8,14,True,2,DDoS,1,BruteForce,0.013305168550100986,0.014149402675482835,0.038518264157989014
4,8,14,True,2,DDoS,2,DDoS,0.0307121046673583,0.5926130938290621,0.663970394302625
4,8,14,True,2,DDoS,3,DoS,0.018156735415932643,0.02204639887352776,0.037364758439095064
4,8,14,True,2,DDoS,4,Mirai,0.039653591311400296,0.050643130789153445,0.0562582310491621
4,8,14,True,2,DDoS,5,Recon,0.029733232305947193,0.05397508446101153,0.06866000561123375
4,8,14,True,2,DDoS,6,Spoofing,0.017129168211959492,0.03963285825990444,0.012248018300361678
4,8,14,True,2,DDoS,7,Web-Based,0.02454370227488132,0.02252941295926186,0.0689609621705066
4,8,14,True,3,DoS,0,Benign,0.8076977370322019,0.12296426435006926,0.056043116408137215
4,8,14,True,3,DoS,1,BruteForce,0.014869549362441661,0.018063519970371658,0.04479948841595896
4,8,14,True,3,DoS,2,DDoS,0.026718529563597115,0.06034108312393877,0.2296211819489902
4,8,14,True,3,DoS,3,DoS,0.04299954408264959,0.6304184228809494,0.4685993275587585
4,8,14,True,3,DoS,4,Mirai,0.030045224682967733,0.04867616503452658,0.04867453806861749
4,8,14,True,3,DoS,5,Recon,0.031059116681512258,0.03969743529004842,0.06859969867861192
4,8,14,True,3,DoS,6,Spoofing,0.02088657194653337,0.05722145956053995,0.021326604523136984
4,8,14,True,3,DoS,7,Web-Based,0.025723726648096384,0.02261764978955586,0.06233604439778876
4,8,14,True,4,Mirai,0,Benign,0.8257490686587907,0.6331203093710187,0.1782349463214397
4,8,14,True,4,Mirai,1,BruteForce,0.01565339423003248,0.01909281675668157,0.10079580803888191
4,8,14,True,4,Mirai,2,DDoS,0.021491175806815213,0.0251141681346322,0.14652593309772052
4,8,14,True,4,Mirai,3,DoS,0.01531797914706314,0.017462351603639688,0.051301909962960836
4,8,14,True,4,Mirai,4,Mirai,0.045438059080518366,0.13755598669055935,0.18925010703166065
4,8,14,True,4,Mirai,5,Recon,0.02308263115879293,0.05284625920967071,0.13653121238014687
4,8,14,True,4,Mirai,6,Spoofing,0.022891006582961063,0.08849116719610377,0.022863807130739416
4,8,14,True,4,Mirai,7,Web-Based,0.030376685335026007,0.026316941037694164,0.17449627603645002
4,8,14,True,5,Recon,0,Benign,0.8200622839177607,0.663690456176823,0.1793017335040198
4,8,14,True,5,Recon,1,BruteForce,0.01720699927640562,0.020303064776454882,0.10814944948860344
4,8,14,True,5,Recon,2,DDoS,0.021691502280004257,0.017002391782183355,0.1061837741073292
4,8,14,True,5,Recon,3,DoS,0.015604522301250161,0.016156744787585175,0.03071906648810728
4,8,14,True,5,Recon,4,Mirai,0.03993055212788626,0.06631128653357236,0.15849822901819693
4,8,14,True,5,Recon,5,Recon,0.02496896108970125,0.08772201297228534,0.17017519874411857
4,8,14,True,5,Recon,6,Spoofing,0.02308953885652235,0.09839718240625839,0.021164743958933176
4,8,14,True,5,Recon,7,Web-Based,0.0374456401504696,0.03041686056483741,0.2258078046906917
4,8,14,True,6,Spoofing,0,Benign,0.8248621325903958,0.6686455847035283,0.18547946101181612
4,8,14,True,6,Spoofing,1,BruteForce,0.015103206480692064,0.01733338489375343,0.09028884743858828
4,8,14,True,6,Spoofing,2,DDoS,0.01903990120868473,0.01653015001685993,0.10949590029584595
4,8,14,True,6,Spoofing,3,DoS,0.015533854446919843,0.016052187417027592,0.055750454887365894
4,8,14,True,6,Spoofing,4,Mirai,0.03755191124051625,0.06392521944996288,0.14177956089956134
4,8,14,True,6,Spoofing,5,Recon,0.031183672355776182,0.0714019896639859,0.17548115919195867
4,8,14,True,6,Spoofing,6,Spoofing,0.023942368389543944,0.11836710282816296,0.02489935218345641
4,8,14,True,6,Spoofing,7,Web-Based,0.03278295328747123,0.02774438102671894,0.21682526409140737
4,8,14,True,7,Web-Based,0,Benign,0.8259079945223159,0.6869294953328311,0.19135203858181501
4,8,14,True,7,Web-Based,1,BruteForce,0.015692180757570725,0.017748584962840305,0.10070092552180611
4,8,14,True,7,Web-Based,2,DDoS,0.020212895173530834,0.01647836021982616,0.12376302212896746
4,8,14,True,7,Web-Based,3,DoS,0.015187285122400028,0.015583152660022729,0.030720300145513975
4,8,14,True,7,Web-Based,4,Mirai,0.041046734611748584,0.0762618504780195,0.16739362924234627
4,8,14,True,7,Web-Based,5,Recon,0.026190981747222633,0.061733679298495624,0.15513690527876917
4,8,14,True,7,Web-Based,6,Spoofing,0.02292536280439353,0.09857858611846922,0.023364052500259854
4,8,14,True,7,Web-Based,7,Web-Based,0.03283656526081782,0.02668629092949526,0.20756912660052224
4,8,15,True,0,Benign,0,Benign,0.7739616620989338,0.6878325684833541,0.04804057304261851
4,8,15,True,0,Benign,1,BruteForce,0.01288586278769316,0.016158783205941406,0.020643197571811697
4,8,15,True,0,Benign,2,DDoS,0.010675409477612805,0.021732682002326708,0.5785992667281423
4,8,15,True,0,Benign,3,DoS,0.012672979632009349,0.01619741826478301,0.24370463653036392
4,8,15,True,0,Benign,4,Mirai,0.06357149786882842,0.06514372235480945,0.0255965721431436
4,8,15,True,0,Benign,5,Recon,0.05685825487814408,0.06869713824172427,0.03380657515872149
4,8,15,True,0,Benign,6,Spoofing,0.04777697433639682,0.09968033545621174,0.03562992092581387
4,8,15,True,0,Benign,7,Web-Based,0.021597358920381605,0.024557351990849328,0.01397925789938462
4,8,15,True,1,BruteForce,0,Benign,0.7549295496138062,0.6663009200261141,0.047392199649588074
4,8,15,True,1,BruteForce,1,BruteForce,0.016971376070699117,0.021002853697180243,0.02144480073266191
4,8,15,True,1,BruteForce,2,DDoS,0.012386615122501216,0.017625854469615922,0.6080327670063629
4,8,15,True,1,BruteForce,3,DoS,0.012436917301967172,0.01584363340660939,0.21574213581652105
4,8,15,True,1,BruteForce,4,Mirai,0.07864322759073207,0.08462622961459956,0.025694288499393696
4,8,15,True,1,BruteForce,5,Recon,0.04583671813577946,0.0609574985299023,0.03290241579731521
4,8,15,True,1,BruteForce,6,Spoofing,0.05050844326035033,0.10226633746101947,0.03438195071723076
4,8,15,True,1,BruteForce,7,Web-Based,0.028287152904164514,0.031376672794959065,0.014409441780926537
4,8,15,True,2,DDoS,0,Benign,0.7259715062744646,0.20441061815259606,0.021602963729499824
4,8,15,True,2,DDoS,1,BruteForce,0.013904145468479437,0.014149402675482835,0.014812476872041371
4,8,15,True,2,DDoS,2,DDoS,0.0727036504044029,0.5926130938290621,0.803147311252643
4,8,15,True,2,DDoS,3,DoS,0.01819385367422357,0.02204639887352776,0.08852492154087582
4,8,15,True,2,DDoS,4,Mirai,0.07466916094030875,0.050643130789153445,0.018293392655691722
4,8,15,True,2,DDoS,5,Recon,0.046657669074636456,0.05397508446101153,0.022686151174044544
4,8,15,True,2,DDoS,6,Spoofing,0.02808684290110357,0.03963285825990444,0.01819082351071926
4,8,15,True,2,DDoS,7,Web-Based,0.01981317126238082,0.02252941295926186,0.012741959264484399
4,8,15,True,3,DoS,0,Benign,0.7174473553361808,0.12296426435006926,0.029719845008311273
4,8,15,True,3,DoS,1,BruteForce,0.015810074451836208,0.018063519970371658,0.022903262866255044
4,8,15,True,3,DoS,2,DDoS,0.01957594035087424,0.06034108312393877,0.2429897155854159
4,8,15,True,3,DoS,3,DoS,0.09148596950523928,0.6304184228809494,0.6243819494499407
4,8,15,True,3,DoS,4,Mirai,0.04866275236719574,0.04867616503452658,0.01672875375105059
4,8,15,True,3,DoS,5,Recon,0.043639878836531414,0.03969743529004842,0.026884923909579223
4,8,15,True,3,DoS,6,Spoofing,0.04426079841238283,0.05722145956053995,0.02348012189020257
4,8,15,True,3,DoS,7,Web-Based,0.019117230739759513,0.02261764978955586,0.012911427539244583
4,8,15,True,4,Mirai,0,Benign,0.7505491166412546,0.6331203093710187,0.046473568991918915
4,8,15,True,4,Mirai,1,BruteForce,0.014990171261285575,0.01909281675668157,0.02237650619247533
4,8,15,True,4,Mirai,2,DDoS,0.012837894277105567,0.0251141681346322,0.6015497879211953
4,8,15,True,4,Mirai,3,DoS,0.012355982601207936,0.017462351603639688,0.22487164393566147
4,8,15,True,4,Mirai,4,Mirai,0.09915218730733162,0.13755598669055935,0.02707909284053757
4,8,15,True,4,Mirai,5,Recon,0.039393951770880564,0.05284625920967071,0.02897799073289967
4,8,15,True,4,Mirai,6,Spoofing,0.04924546308733665,0.08849116719610377,0.03509169011183555
4,8,15,True,4,Mirai,7,Web-Based,0.021475233053597415,0.026316941037694164,0.013579719273476148
4,8,15,True,5,Recon,0,Benign,0.7587258273587184,0.663690456176823,0.050396835746006695
4,8,15,True,5,Recon,1,BruteForce,0.016645820860501762,0.020303064776454882,0.022268749432812755
4,8,15,True,5,Recon,2,DDoS,0.012212589777518101,0.017002391782183355,0.5887153412977978
4,8,15,True,5,Recon,3,DoS,0.013398128073507293,0.016156744787585175,0.22605756793804133
4,8,15,True,5,Recon,4,Mirai,0.0640639260385822,0.06631128653357236,0.026704886678723866
4,8,15,True,5,Recon,5,Recon,0.057045209484946784,0.08772201297228534,0.03573000865705117
4,8,15,True,5,Recon,6,Spoofing,0.04851844459268876,0.09839718240625839,0.03575849593592455
4,8,15,True,5,Recon,7,Web-Based,0.029390053813536626,0.03041686056483741,0.01436811431364185
4,8,15,True,6,Spoofing,0,Benign,0.760613352816401,0.6686455847035283,0.0489599890805229
4,8,15,True,6,Spoofing,1,BruteForce,0.013786879007897495,0.01733338489375343,0.020216586203615293
4,8,15,True,6,Spoofing,2,DDoS,0.010453036206434983,0.01653015001685993,0.5518907489393873
4,8,15,True,6,Spoofing,3,DoS,0.012395586176740534,0.016052187417027592,0.2677284059119229
4,8,15,True,6,Spoofing,4,Mirai,0.061753857025135715,0.06392521944996288,0.025296712436534852
4,8,15,True,6,Spoofing,5,Recon,0.06209825371013519,0.0714019896639859,0.035516701310327976
4,8,15,True,6,Spoofing,6,Spoofing,0.054625496799599334,0.11836710282816296,0.03667248291958943
4,8,15,True,6,Spoofing,7,Web-Based,0.02427353825765562,0.02774438102671894,0.013718373198099395
4,8,15,True,7,Web-Based,0,Benign,0.7652539913292662,0.6869294953328311,0.050423332485765734
4,8,15,True,7,Web-Based,1,BruteForce,0.014407090216405653,0.017748584962840305,0.021180476142506677
4,8,15,True,7,Web-Based,2,DDoS,0.011497700489482185,0.01647836021982616,0.6415779718739358
4,8,15,True,7,Web-Based,3,DoS,0.012115053066247522,0.015583152660022729,0.17322224784641632
4,8,15,True,7,Web-Based,4,Mirai,0.07259534584350723,0.0762618504780195,0.025972991793442226
4,8,15,True,7,Web-Based,5,Recon,0.0509855176775679,0.061733679298495624,0.03572338704129606
4,8,15,True,7,Web-Based,6,Spoofing,0.04888958962201614,0.09857858611846922,0.03740757557995204
4,8,15,True,7,Web-Based,7,Web-Based,0.024255711755507198,0.02668629092949526,0.014492017236685169
4,8,16,False,0,Benign,0,Benign,0.5759274590048133,0.6878325684833541,0.5341735362157836
4,8,16,False,0,Benign,1,BruteForce,0.018375089424054067,0.016158783205941406,0.021735902971110298
4,8,16,False,0,Benign,2,DDoS,0.1404066750982481,0.021732682002326708,0.16338225903613451
4,8,16,False,0,Benign,3,DoS,0.02241015519206762,0.01619741826478301,0.052182661202950155
4,8,16,False,0,Benign,4,Mirai,0.017189681042519736,0.06514372235480945,0.02083648771150476
4,8,16,False,0,Benign,5,Recon,0.017591717186069958,0.06869713824172427,0.020422976477387507
4,8,16,False,0,Benign,6,Spoofing,0.11319977739181289,0.09968033545621174,0.10146804261580702
4,8,16,False,0,Benign,7,Web-Based,0.09489944566041417,0.024557351990849328,0.08579813376932213
4,8,16,False,1,BruteForce,0,Benign,0.5509097094799473,0.6663009200261141,0.5793898109834409
4,8,16,False,1,BruteForce,1,BruteForce,0.02391050353848022,0.021002853697180243,0.023789899460664097
4,8,16,False,1,BruteForce,2,DDoS,0.1291475869323379,0.017625854469615922,0.11413064783793983
4,8,16,False,1,BruteForce,3,DoS,0.018332776428497285,0.01584363340660939,0.02598788191792846
4,8,16,False,1,BruteForce,4,Mirai,0.017962657845510016,0.08462622961459956,0.021337947957388005
4,8,16,False,1,BruteForce,5,Recon,0.014448819657012052,0.0609574985299023,0.019324769899730213
4,8,16,False,1,BruteForce,6,Spoofing,0.10732789246426078,0.10226633746101947,0.10608009870677451
4,8,16,False,1,BruteForce,7,Web-Based,0.13796005365395447,0.031376672794959065,0.10995894323613394
4,8,16,False,2,DDoS,0,Benign,0.1658182529490949,0.20441061815259606,0.17190063737588226
4,8,16,False,2,DDoS,1,BruteForce,0.00916882244750368,0.014149402675482835,0.012485745136121572
4,8,16,False,2,DDoS,2,DDoS,0.7152021686041922,0.5926130938290621,0.6927154298774465
4,8,16,False,2,DDoS,3,DoS,0.01666865017382927,0.02204639887352776,0.026481702115630012
4,8,16,False,2,DDoS,4,Mirai,0.007471561470677089,0.050643130789153445,0.011250468661728078
4,8,16,False,2,DDoS,5,Recon,0.007895600343168226,0.05397508446101153,0.01290379435165443
4,8,16,False,2,DDoS,6,Spoofing,0.03591532475345375,0.03963285825990444,0.03531562860153407
4,8,16,False,2,DDoS,7,Web-Based,0.041859619258080995,0.02252941295926186,0.036946593880003126
4,8,16,False,3,DoS,0,Benign,0.08584468755417493,0.12296426435006926,0.15773549101600842
4,8,16,False,3,DoS,1,BruteForce,0.010175374233244895,0.018063519970371658,0.02092157267385083
4,8,16,False,3,DoS,2,DDoS,0.2694516935039251,0.06034108312393877,0.2909235179409309
4,8,16,False,3,DoS,3,DoS,0.5346746479510496,0.6304184228809494,0.3980459878552579
4,8,16,False,3,DoS,4,Mirai,0.006031799361260836,0.04867616503452658,0.012693551659229254
4,8,16,False,3,DoS,5,Recon,0.011427704148791181,0.03969743529004842,0.018384295772757506
4,8,16,False,3,DoS,6,Spoofing,0.05489564295727587,0.05722145956053995,0.059886280778447
4,8,16,False,3,DoS,7,Web-Based,0.027498450290277567,0.02261764978955586,0.0414093023035182
4,8,16,False,4,Mirai,0,Benign,0.4954556580582282,0.6331203093710187,0.5374302360210902
4,8,16,False,4,Mirai,1,BruteForce,0.01977758839886729,0.01909281675668157,0.022790172751614646
4,8,16,False,4,Mirai,2,DDoS,0.22001834734570674,0.0251141681346322,0.1648167554483136
4,8,16,False,4,Mirai,3,DoS,0.03839082177553377,0.017462351603639688,0.04808093830892991
4,8,16,False,4,Mirai,4,Mirai,0.017861454143794402,0.13755598669055935,0.02088884555986211
4,8,16,False,4,Mirai,5,Recon,0.012850875993828535,0.05284625920967071,0.018469433899635155
4,8,16,False,4,Mirai,6,Spoofing,0.10433401910521758,0.08849116719610377,0.10084477772288747
4,8,16,False,4,Mirai,7,Web-Based,0.09131123517882347,0.026316941037694164,0.08667884028766701
4,8,16,False,5,Recon,0,Benign,0.5554032432533373,0.663690456176823,0.5741962347381742
4,8,16,False,5,Recon,1,BruteForce,0.023536453784627542,0.020303064776454882,0.02352774906641366
4,8,16,False,5,Recon,2,DDoS,0.11405257074594007,0.017002391782183355,0.11912914010594314
4,8,16,False,5,Recon,3,DoS,0.02077126829070682,0.016156744787585175,0.028390415995320762
4,8,16,False,5,Recon,4,Mirai,0.01775531027619415,0.06631128653357236,0.020991949645442858
4,8,16,False,5,Recon,5,Recon,0.02544020029281242,0.08772201297228534,0.021671665781737952
4,8,16,False,5,Recon,6,Spoofing,0.10547763164692509,0.09839718240625839,0.10513321384214656
4,8,16,False,5,Recon,7,Web-Based,0.13756332170945654,0.03041686056483741,0.106959630824821
4,8,16,False,6,Spoofing,0,Benign,0.5557966525477999,0.6686455847035283,0.5709442219171555
4,8,16,False,6,Spoofing,1,BruteForce,0.020711634287709012,0.01733338489375343,0.022841323630876313
4,8,16,False,6,Spoofing,2,DDoS,0.09703456114334176,0.01653015001685993,0.10883642872491782
4,8,16,False,6,Spoofing,3,DoS,0.021334980079908,0.016052187417027592,0.0464091922934451
4,8,16,False,6,Spoofing,4,Mirai,0.017227441995429495,0.06392521944996288,0.02157891197389288
4,8,16,False,6,Spoofing,5,Recon,0.01796160953747723,0.0714019896639859,0.021727194587471074
4,8,16,False,6,Spoofing,6,Spoofing,0.15465470653214136,0.11836710282816296,0.11108156086535674
4,8,16,False,6,Spoofing,7,Web-Based,0.11527841387619318,0.02774438102671894,0.09658116600688445
4,8,16,False,7,Web-Based,0,Benign,0.5788809108913416,0.6869294953328311,0.578157590112258
4,8,16,False,7,Web-Based,1,BruteForce,0.02097980365667459,0.017748584962840305,0.02283592245858655
4,8,16,False,7,Web-Based,2,DDoS,0.11487122656948202,0.01647836021982616,0.1266577507868994
4,8,16,False,7,Web-Based,3,DoS,0.020778284545684703,0.015583152660022729,0.03046721173882049
4,8,16,False,7,Web-Based,4,Mirai,0.01818449541900154,0.0762618504780195,0.02153938996839475
4,8,16,False,7,Web-Based,5,Recon,0.015474659798441355,0.061733679298495624,0.01950708533884851
4,8,16,False,7,Web-Based,6,Spoofing,0.11509440973746297,0.09857858611846922,0.10363085924660609
4,8,16,False,7,Web-Based,7,Web-Based,0.11573620938191104,0.02668629092949526,0.0972041903495863
4,8,17,True,0,Benign,0,Benign,0.8189428748707172,0.6878325684833541,0.3002703713413593
4,8,17,True,0,Benign,1,BruteForce,0.00909440005948258,0.016158783205941406,0.020536984026593035
4,8,17,True,0,Benign,2,DDoS,0.01469307538592201,0.021732682002326708,0.035732304423301164
4,8,17,True,0,Benign,3,DoS,0.02193505369663998,0.01619741826478301,0.05954573268794661
4,8,17,True,0,Benign,4,Mirai,0.09804503791827984,0.06514372235480945,0.460505579316291
4,8,17,True,0,Benign,5,Recon,0.01108815717994896,0.06869713824172427,0.016187788739951428
4,8,17,True,0,Benign,6,Spoofing,0.010442142913148945,0.09968033545621174,0.022537627045119166
4,8,17,True,0,Benign,7,Web-Based,0.0157592579758605,0.024557351990849328,0.08468361241943834
4,8,17,True,1,BruteForce,0,Benign,0.8117610480756327,0.6663009200261141,0.29619681098993933
4,8,17,True,1,BruteForce,1,BruteForce,0.009548514436836636,0.021002853697180243,0.021312738233048804
4,8,17,True,1,BruteForce,2,DDoS,0.014327110021144137,0.017625854469615922,0.02514850350111855
4,8,17,True,1,BruteForce,3,DoS,0.016942792344862963,0.01584363340660939,0.016609824309727038
4,8,17,True,1,BruteForce,4,Mirai,0.11011356504752946,0.08462622961459956,0.4655847374983776
4,8,17,True,1,BruteForce,5,Recon,0.009206577152474043,0.0609574985299023,0.01586589652804396
4,8,17,True,1,BruteForce,6,Spoofing,0.010506883043884786,0.10226633746101947,0.023595497379144976
4,8,17,True,1,BruteForce,7,Web-Based,0.017593509877635354,0.031376672794959065,0.13568599156059988
4,8,17,True,2,DDoS,0,Benign,0.8143296275645026,0.20441061815259606,0.09073318756419739
4,8,17,True,2,DDoS,1,BruteForce,0.010194911375892445,0.014149402675482835,0.013357670112821421
4,8,17,True,2,DDoS,2,DDoS,0.029093566371322595,0.5926130938290621,0.6195920262900917
4,8,17,True,2,DDoS,3,DoS,0.0299237670768393,0.02204639887352776,0.04924396131709777
4,8,17,True,2,DDoS,4,Mirai,0.07612190493957993,0.050643130789153445,0.1551573157548169
4,8,17,True,2,DDoS,5,Recon,0.01351648955545297,0.05397508446101153,0.01337000146018548
4,8,17,True,2,DDoS,6,Spoofing,0.009432140467996904,0.03963285825990444,0.01141181755360754
4,8,17,True,2,DDoS,7,Web-Based,0.01738759264841339,0.02252941295926186,0.04713401994718189
4,8,17,True,3,DoS,0,Benign,0.8115300808036756,0.12296426435006926,0.07668500772763943
4,8,17,True,3,DoS,1,BruteForce,0.011113621648731468,0.018063519970371658,0.02275019418413309
4,8,17,True,3,DoS,2,DDoS,0.021727161989987726,0.06034108312393877,0.1028568237999391
4,8,17,True,3,DoS,3,DoS,0.05573426022311173,0.6304184228809494,0.5682245846299523
4,8,17,True,3,DoS,4,Mirai,0.05786660711390845,0.04867616503452658,0.15220786753055157
4,8,17,True,3,DoS,5,Recon,0.013522662511582201,0.03969743529004842,0.01817202018936955
4,8,17,True,3,DoS,6,Spoofing,0.01061880125472179,0.05722145956053995,0.020824451439434646
4,8,17,True,3,DoS,7,Web-Based,0.017886804454281112,0.02261764978955586,0.038279050498980345
4,8,17,True,4,Mirai,0,Benign,0.81031875965604,0.6331203093710187,0.2646525788052918
4,8,17,True,4,Mirai,1,BruteForce,0.009281253026143804,0.01909281675668157,0.02102163753169625
4,8,17,True,4,Mirai,2,DDoS,0.014817180171414193,0.0251141681346322,0.025037049801467138
4,8,17,True,4,Mirai,3,DoS,0.019436562572832897,0.017462351603639688,0.024022718085475087
4,8,17,True,4,Mirai,4,Mirai,0.11050088151934813,0.13755598669055935,0.5493718283431185
4,8,17,True,4,Mirai,5,Recon,0.00981958855026806,0.05284625920967071,0.014364445317954569
4,8,17,True,4,Mirai,6,Spoofing,0.01053925907691653,0.08849116719610377,0.02150578801353581
4,8,17,True,4,Mirai,7,Web-Based,0.015286515427036332,0.026316941037694164,0.08002395410146096
4,8,17,True,5,Recon,0,Benign,0.8122273563048256,0.663690456176823,0.28573028511012044
4,8,17,True,5,Recon,1,BruteForce,0.009482106701636213,0.020303064776454882,0.021767943429345092
4,8,17,True,5,Recon,2,DDoS,0.014491391423043287,0.017002391782183355,0.0252272533309601
4,8,17,True,5,Recon,3,DoS,0.01750171041350326,0.016156744787585175,0.026178558235351066
4,8,17,True,5,Recon,4,Mirai,0.10963775277996314,0.06631128653357236,0.4725907666808037
4,8,17,True,5,Recon,5,Recon,0.00930391375266886,0.08772201297228534,0.01575073117035598
4,8,17,True,5,Recon,6,Spoofing,0.010232845475599038,0.09839718240625839,0.023001261576429132
4,8,17,True,5,Recon,7,Web-Based,0.017122923148760693,0.03041686056483741,0.1297532004666346
4,8,17,True,6,Spoofing,0,Benign,0.8197637964083594,0.6686455847035283,0.31901376245486907
4,8,17,True,6,Spoofing,1,BruteForce,0.009188534299707606,0.01733338489375343,0.020398726749892137
4,8,17,True,6,Spoofing,2,DDoS,0.013917105941969448,0.01653015001685993,0.02277810448839408
4,8,17,True,6,Spoofing,3,DoS,0.021265208277132453,0.016052187417027592,0.03250348055334834
4,8,17,True,6,Spoofing,4,Mirai,0.09753319219268908,0.06392521944996288,0.4596133485915539
4,8,17,True,6,Spoofing,5,Recon,0.011126863280800191,0.0714019896639859,0.016957719158648226
4,8,17,True,6,Spoofing,6,Spoofing,0.01074077215399259,0.11836710282816296,0.024329147948211022
4,8,17,True,6,Spoofing,7,Web-Based,0.016464527445349413,0.02774438102671894,0.10440571005508333
4,8,17,True,7,Web-Based,0,Benign,0.8136935307857694,0.6869294953328311,0.30464135290408595
4,8,17,True,7,Web-Based,1,BruteForce,0.009128687010157463,0.017748584962840305,0.020556668874309805
4,8,17,True,7,Web-Based,2,DDoS,0.014045846285007942,0.01647836021982616,0.024674408877510275
4,8,17,True,7,Web-Based,3,DoS,0.018872819770437508,0.015583152660022729,0.018395096303483953
4,8,17,True,7,Web-Based,4,Mirai,0.10767094183741753,0.0762618504780195,0.48554066180852534
4,8,17,True,7,Web-Based,5,Recon,0.010052593551956023,0.061733679298495624,0.016221690691798064
4,8,17,True,7,Web-Based,6,Spoofing,0.010533263837145595,0.09857858611846922,0.02293519288176514
4,8,17,True,7,Web-Based,7,Web-Based,0.016002316922108427,0.02668629092949526,0.10703492765852148
4,8,18,True,0,Benign,0,Benign,0.8240684185417549,0.6878325684833541,0.07816552302489388
4,8,18,True,0,Benign,1,BruteForce,0.010639540431590962,0.016158783205941406,0.022312607734960615
4,8,18,True,0,Benign,2,DDoS,0.037015466618531744,0.021732682002326708,0.15902967291536615
4,8,18,True,0,Benign,3,DoS,0.013358797584663136,0.01619741826478301,0.05336357699881698
4,8,18,True,0,Benign,4,Mirai,0.0450680827168829,0.06514372235480945,0.29962736971341875
4,8,18,True,0,Benign,5,Recon,0.02148672395850619,0.06869713824172427,0.10321130000009476
4,8,18,True,0,Benign,6,Spoofing,0.027041847569055814,0.09968033545621174,0.1751818633644238
4,8,18,True,0,Benign,7,Web-Based,0.021321122579014227,0.024557351990849328,0.10910808624802514
4,8,18,True,1,BruteForce,0,Benign,0.8194350761759622,0.6663009200261141,0.08069905363463348
4,8,18,True,1,BruteForce,1,BruteForce,0.011879221883037628,0.021002853697180243,0.022649520155969622
4,8,18,True,1,BruteForce,2,DDoS,0.03828948020722626,0.017625854469615922,0.13060982660839623
4,8,18,True,1,BruteForce,3,DoS,0.012389277116438396,0.01584363340660939,0.014406004017954376
4,8,18,True,1,BruteForce,4,Mirai,0.04738074083470014,0.08462622961459956,0.32147478830044496
4,8,18,True,1,BruteForce,5,Recon,0.017305141871858047,0.0609574985299023,0.10965495677773877
4,8,18,True,1,BruteForce,6,Spoofing,0.027983102534049027,0.10226633746101947,0.160504139521098
4,8,18,True,1,BruteForce,7,Web-Based,0.02533795937672833,0.031376672794959065,0.1600017109837646
4,8,18,True,2,DDoS,0,Benign,0.8149489825223367,0.20441061815259606,0.026178345532138582
4,8,18,True,2,DDoS,1,BruteForce,0.011063211597834665,0.014149402675482835,0.01204676267713422
4,8,18,True,2,DDoS,2,DDoS,0.05169634677399926,0.5926130938290621,0.6822580497680248
4,8,18,True,2,DDoS,3,DoS,0.016430582354704282,0.02204639887352776,0.030783478502006002
4,8,18,True,2,DDoS,4,Mirai,0.04212880565990729,0.050643130789153445,0.09860304857654502
4,8,18,True,2,DDoS,5,Recon,0.02445416388867615,0.05397508446101153,0.05547659203063738
4,8,18,True,2,DDoS,6,Spoofing,0.019858954930243953,0.03963285825990444,0.050555379866146534
4,8,18,True,2,DDoS,7,Web-Based,0.019418952272297774,0.02252941295926186,0.04409834304736735
4,8,18,True,3,DoS,0,Benign,0.8053980598993695,0.12296426435006926,0.03413910141386991
4,8,18,True,3,DoS,1,BruteForce,0.011963204182839535,0.018063519970371658,0.02357858707928807
4,8,18,True,3,DoS,2,DDoS,0.05036947255467623,0.06034108312393877,0.24899332445804662
4,8,18,True,3,DoS,3,DoS,0.03158711640670077,0.6304184228809494,0.42564272320363045
4,8,18,True,3,DoS,4,Mirai,0.03214040605196285,0.04867616503452658,0.09192705326602992
4,8,18,True,3,DoS,5,Recon,0.02494508531654057,0.03969743529004842,0.04434568482483337
4,8,18,True,3,DoS,6,Spoofing,0.02274811014712773,0.05722145956053995,0.08074954739920681
4,8,18,True,3,DoS,7,Web-Based,0.020848545440782643,0.02261764978955586,0.05062397835509497
4,8,18,True,4,Mirai,0,Benign,0.819803765309577,0.6331203093710187,0.0732150217473921
4,8,18,True,4,Mirai,1,BruteForce,0.01116049029490173,0.01909281675668157,0.02384089056912771
4,8,18,True,4,Mirai,2,DDoS,0.03955116143664363,0.0251141681346322,0.14897880340712952
4,8,18,True,4,Mirai,3,DoS,0.012941679626748118,0.017462351603639688,0.040159492388255065
4,8,18,True,4,Mirai,4,Mirai,0.050269866975713555,0.13755598669055935,0.3724356088634283
4,8,18,True,4,Mirai,5,Recon,0.01742928367483639,0.05284625920967071,0.08553177143005426
4,8,18,True,4,Mirai,6,Spoofing,0.02750458813931907,0.08849116719610377,0.16057706487346468
4,8,18,True,4,Mirai,7,Web-Based,0.021339164542260532,0.026316941037694164,0.09526134672114842
4,8,18,True,5,Recon,0,Benign,0.8200570411085794,0.663690456176823,0.07934843434800953
4,8,18,True,5,Recon,1,BruteForce,0.011656764692677221,0.020303064776454882,0.022830788178971353
4,8,18,True,5,Recon,2,DDoS,0.038771968693324936,0.017002391782183355,0.12724019003965872
4,8,18,True,5,Recon,3,DoS,0.012622460162562332,0.016156744787585175,0.015558006599827536
4,8,18,True,5,Recon,4,Mirai,0.046501847197350045,0.06631128653357236,0.320734832017127
4,8,18,True,5,Recon,5,Recon,0.017952164814693666,0.08772201297228534,0.12160495505688926
4,8,18,True,5,Recon,6,Spoofing,0.02743385805584838,0.09839718240625839,0.1546327806457163
4,8,18,True,5,Recon,7,Web-Based,0.025003895274964046,0.03041686056483741,0.15805001311380024
4,8,18,True,6,Spoofing,0,Benign,0.8233566523551309,0.6686455847035283,0.08325558624361566
4,8,18,True,6,Spoofing,1,BruteForce,0.01095043887332848,0.01733338489375343,0.022063508154085396
4,8,18,True,6,Spoofing,2,DDoS,0.03525369110720992,0.01653015001685993,0.12021363711151399
4,8,18,True,6,Spoofing,3,DoS,0.013121515957037378,0.016052187417027592,0.041225779157614655
4,8,18,True,6,Spoofing,4,Mirai,0.04367203778643239,0.06392521944996288,0.2960906011595809
4,8,18,True,6,Spoofing,5,Recon,0.02214959727906355,0.0714019896639859,0.10754240328727037
4,8,18,True,6,Spoofing,6,Spoofing,0.028543670617977406,0.11836710282816296,0.2051674652385947
4,8,18,True,6,Spoofing,7,Web-Based,0.022952396023820085,0.02774438102671894,0.12444101964772426
4,8,18,True,7,Web-Based,0,Benign,0.8228371317857155,0.6869294953328311,0.08259078371178087
4,8,18,True,7,Web-Based,1,BruteForce,0.011079940430717382,0.017748584962840305,0.02296523608748348
4,8,18,True,7,Web-Based,2,DDoS,0.03713456220149875,0.01647836021982616,0.13861085499088818
4,8,18,True,7,Web-Based,3,DoS,0.012670943942357486,0.015583152660022729,0.018200194126058538
4,8,18,True,7,Web-Based,4,Mirai,0.04722902287210787,0.0762618504780195,0.33756272533602183
4,8,18,True,7,Web-Based,5,Recon,0.01885014924532256,0.061733679298495624,0.10323565571456338
4,8,18,True,7,Web-Based,6,Spoofing,0.02758492773813886,0.09857858611846922,0.16919224789973258
4,8,18,True,7,Web-Based,7,Web-Based,0.022613321784141698,0.02668629092949526,0.1276423021334712
4,8,19,False,0,Benign,0,Benign,0.09240598352357392,0.6878325684833541,0.07393715366126126
4,8,19,False,0,Benign,1,BruteForce,0.011508243125593122,0.016158783205941406,0.015569158379957619
4,8,19,False,0,Benign,2,DDoS,0.2619785176265231,0.021732682002326708,0.25659437701848037
4,8,19,False,0,Benign,3,DoS,0.039381580391548404,0.01619741826478301,0.08382081023196493
4,8,19,False,0,Benign,4,Mirai,0.018853348089855882,0.06514372235480945,0.022172426488078493
4,8,19,False,0,Benign,5,Recon,0.16069861591843854,0.06869713824172427,0.1663954488592783
4,8,19,False,0,Benign,6,Spoofing,0.4005475274054642,0.09968033545621174,0.3652257523540013
4,8,19,False,0,Benign,7,Web-Based,0.014626183919002752,0.024557351990849328,0.016284873006977858
4,8,19,False,1,BruteForce,0,Benign,0.09065457322359882,0.6663009200261141,0.08217338727289265
4,8,19,False,1,BruteForce,1,BruteForce,0.014208945582278898,0.021002853697180243,0.015853545365964932
4,8,19,False,1,BruteForce,2,DDoS,0.2709750502626195,0.017625854469615922,0.21570083780082042
4,8,19,False,1,BruteForce,3,DoS,0.022103299349217176,0.01584363340660939,0.03429890326819847
4,8,19,False,1,BruteForce,4,Mirai,0.020582440971650438,0.08462622961459956,0.024814625781695552
4,8,19,False,1,BruteForce,5,Recon,0.13282335615825558,0.0609574985299023,0.20952444473016552
4,8,19,False,1,BruteForce,6,Spoofing,0.4306656739837903,0.10226633746101947,0.40042761853179865
4,8,19,False,1,BruteForce,7,Web-Based,0.017986660468589395,0.031376672794959065,0.017206637248463757
4,8,19,False,2,DDoS,0,Benign,0.0267069451264003,0.20441061815259606,0.02687617514866152
4,8,19,False,2,DDoS,1,BruteForce,0.0055400176668518675,0.014149402675482835,0.009419146135799186
4,8,19,False,2,DDoS,2,DDoS,0.7651781924865395,0.5926130938290621,0.7134097607592723
4,8,19,False,2,DDoS,3,DoS,0.036487877278214745,0.02204639887352776,0.04055215172013352
4,8,19,False,2,DDoS,4,Mirai,0.00800689648751847,0.050643130789153445,0.0115829242024657
4,8,19,False,2,DDoS,5,Recon,0.0583909818239247,0.05397508446101153,0.0825540300823468
4,8,19,False,2,DDoS,6,Spoofing,0.0927563224978594,0.03963285825990444,0.10549996365520116
4,8,19,False,2,DDoS,7,Web-Based,0.006932766632691096,0.02252941295926186,0.010105848296119898
4,8,19,False,3,DoS,0,Benign,0.015825804322655294,0.12296426435006926,0.026613608407645196
4,8,19,False,3,DoS,1,BruteForce,0.005586023270645132,0.018063519970371658,0.013449149427501967
4,8,19,False,3,DoS,2,DDoS,0.19821846781047298,0.06034108312393877,0.20993407906795178
4,8,19,False,3,DoS,3,DoS,0.6882007384539321,0.6304184228809494,0.5798319093923565
4,8,19,False,3,DoS,4,Mirai,0.004884860774301773,0.04867616503452658,0.010307832048127137
4,8,19,False,3,DoS,5,Recon,0.03395218835854611,0.03969743529004842,0.05505382455329522
4,8,19,False,3,DoS,6,Spoofing,0.04805860127475067,0.05722145956053995,0.09554958225176302
4,8,19,False,3,DoS,7,Web-Based,0.005273315734695952,0.02261764978955586,0.009260014851359197
4,8,19,False,4,Mirai,0,Benign,0.08152468257731661,0.6331203093710187,0.07827119905002661
4,8,19,False,4,Mirai,1,BruteForce,0.011617353925010595,0.01909281675668157,0.016551859696061155
4,8,19,False,4,Mirai,2,DDoS,0.393256033336534,0.0251141681346322,0.2870452608121115
4,8,19,False,4,Mirai,3,DoS,0.02913552639653868,0.017462351603639688,0.07043784388982068
4,8,19,False,4,Mirai,4,Mirai,0.020626186366557494,0.13755598669055935,0.024711835806231514
4,8,19,False,4,Mirai,5,Recon,0.09390911522511676,0.05284625920967071,0.14675846239324863
4,8,19,False,4,Mirai,6,Spoofing,0.3564057182769992,0.08849116719610377,0.35969246209824557
4,8,19,False,4,Mirai,7,Web-Based,0.013525383895926661,0.026316941037694164,0.016531076254254432
4,8,19,False,5,Recon,0,Benign,0.09523473712210656,0.663690456176823,0.08457902274596431
4,8,19,False,5,Recon,1,BruteForce,0.014019090646577305,0.020303064776454882,0.015772501756835405
4,8,19,False,5,Recon,2,DDoS,0.24924022554484906,0.017002391782183355,0.20915788041493244
4,8,19,False,5,Recon,3,DoS,0.023473485464664576,0.016156744787585175,0.036424379392476246
4,8,19,False,5,Recon,4,Mirai,0.020812067778089444,0.06631128653357236,0.024627189826832756
4,8,19,False,5,Recon,5,Recon,0.20205137381580898,0.08772201297228534,0.2347639226547286
4,8,19,False,5,Recon,6,Spoofing,0.3762556193276594,0.09839718240625839,0.3777903234597183
4,8,19,False,5,Recon,7,Web-Based,0.01891340030024475,0.03041686056483741,0.016884779748511956
4,8,19,False,6,Spoofing,0,Benign,0.09243001793905221,0.6686455847035283,0.07782108623708166
4,8,19,False,6,Spoofing,1,BruteForce,0.011973859942319373,0.01733338489375343,0.015735830199200083
4,8,19,False,6,Spoofing,2,DDoS,0.2104741161029039,0.01653015001685993,0.20310145546698155
4,8,19,False,6,Spoofing,3,DoS,0.027473677864337073,0.016052187417027592,0.07176223317145954
4,8,19,False,6,Spoofing,4,Mirai,0.01927944330647472,0.06392521944996288,0.02260410208573
4,8,19,False,6,Spoofing,5,Recon,0.17623060920828593,0.0714019896639859,0.18296911894160336
4,8,19,False,6,Spoofing,6,Spoofing,0.4467779192067443,0.11836710282816296,0.40940785113029626
4,8,19,False,6,Spoofing,7,Web-Based,0.015360356429882557,0.02774438102671894,0.016598322767647507
4,8,19,False,7,Web-Based,0,Benign,0.0966671617347162,0.6869294953328311,0.08524865628272739
4,8,19,False,7,Web-Based,1,BruteForce,0.012602803840372327,0.017748584962840305,0.016582052986528026
4,8,19,False,7,Web-Based,2,DDoS,0.29551187700866116,0.01647836021982616,0.24456852477929542
4,8,19,False,7,Web-Based,3,DoS,0.024993798139290226,0.015583152660022729,0.03661987394949591
4,8,19,False,7,Web-Based,4,Mirai,0.021424269046342984,0.0762618504780195,0.0252539498055423
4,8,19,False,7,Web-Based,5,Recon,0.14907530659166413,0.061733679298495624,0.1922585970280649
4,8,19,False,7,Web-Based,6,Spoofing,0.3835036050599164,0.09857858611846922,0.3815690765573948
4,8,19,False,7,Web-Based,7,Web-Based,0.01622117857903671,0.02668629092949526,0.017899268610951286
