monitoring_round,global_round,client_id,actual_malicious,source_id,source_name,target_id,target_name,local_probability,round_consensus_probability,frozen_profile_probability
1,5,0,False,0,Benign,0,Benign,0.2975935648050732,0.2211369741748441,0.26278178160925625
1,5,0,False,0,Benign,1,BruteForce,0.08062141837964887,0.03312446307615006,0.05988172549568824
1,5,0,False,0,Benign,2,DDoS,0.010686906990807892,0.05939659434664242,0.017071578120114936
1,5,0,False,0,Benign,3,DoS,0.14465084042701198,0.05986194378522571,0.1844970353632558
1,5,0,False,0,Benign,4,Mirai,0.3073654124465107,0.14090881295394306,0.2918442271356306
1,5,0,False,0,Benign,5,Recon,0.11829569811879079,0.18207334349285648,0.14228985307871034
1,5,0,False,0,Benign,6,Spoofing,0.0214177069945849,0.20517331179518983,0.020855983251581833
1,5,0,False,0,Benign,7,Web-Based,0.01936845183757168,0.09832455637514827,0.020777815945762
1,5,0,False,1,BruteForce,0,Benign,0.2667013460798181,0.20368880004973494,0.2656430290659468
1,5,0,False,1,BruteForce,1,BruteForce,0.15123467050097084,0.04544385025217109,0.08753372719811156
1,5,0,False,1,BruteForce,2,DDoS,0.012676779661397884,0.039329131415074436,0.012764178493417473
1,5,0,False,1,BruteForce,3,DoS,0.06246094757607568,0.03458683603630567,0.07678476689708104
1,5,0,False,1,BruteForce,4,Mirai,0.3613546766280145,0.14796983396162722,0.3325634123379524
1,5,0,False,1,BruteForce,5,Recon,0.0969808647946292,0.17748959064928094,0.17508103946245743
1,5,0,False,1,BruteForce,6,Spoofing,0.02150451485559178,0.21518211277027458,0.022715882767572422
1,5,0,False,1,BruteForce,7,Web-Based,0.02708619990350207,0.13630984486553097,0.026913963777460977
1,5,0,False,2,DDoS,0,Benign,0.07317859487430367,0.05241486851951647,0.10478185413533818
1,5,0,False,2,DDoS,1,BruteForce,0.03128867959908676,0.028918040078051616,0.03363773507810239
1,5,0,False,2,DDoS,2,DDoS,0.5038021403725307,0.615885034038391,0.4555644832146435
1,5,0,False,2,DDoS,3,DoS,0.17191981865614306,0.08671457103074463,0.16267828503382503
1,5,0,False,2,DDoS,4,Mirai,0.13923142581122266,0.07376824976610111,0.13805545173557351
1,5,0,False,2,DDoS,5,Recon,0.057846164753231816,0.061569963477641036,0.07114814746332884
1,5,0,False,2,DDoS,6,Spoofing,0.010853901568623215,0.047584329650525906,0.014144695575032938
1,5,0,False,2,DDoS,7,Web-Based,0.011879274364858127,0.03314494343902811,0.019989347764155587
1,5,0,False,3,DoS,0,Benign,0.02242749485416545,0.035050043578934334,0.031183219318431078
1,5,0,False,3,DoS,1,BruteForce,0.016992259712495083,0.022870317512794346,0.016828722475000998
1,5,0,False,3,DoS,2,DDoS,0.01556672979136483,0.20133199491287224,0.02177625241987036
1,5,0,False,3,DoS,3,DoS,0.890166537797726,0.5203816135395004,0.8446218761534362
1,5,0,False,3,DoS,4,Mirai,0.029001454214028843,0.09715345775629113,0.0431461770917808
1,5,0,False,3,DoS,5,Recon,0.015075129968997805,0.034982173449159534,0.026358258254224377
1,5,0,False,3,DoS,6,Spoofing,0.006214542013289015,0.05948205714899221,0.00856158772017071
1,5,0,False,3,DoS,7,Web-Based,0.004555851647933012,0.028748342101455777,0.007523906567085566
1,5,0,False,4,Mirai,0,Benign,0.23349580140546525,0.18322802974557137,0.25716740971373475
1,5,0,False,4,Mirai,1,BruteForce,0.07373916104467487,0.03617249572006396,0.06214343396007815
1,5,0,False,4,Mirai,2,DDoS,0.013185380428115193,0.051293804712611364,0.01386823720359379
1,5,0,False,4,Mirai,3,DoS,0.09653405202428504,0.0629466881918219,0.149772069756984
1,5,0,False,4,Mirai,4,Mirai,0.48118618690643267,0.24390672351131576,0.3716587945662579
1,5,0,False,4,Mirai,5,Recon,0.06500896914655215,0.12167216612522604,0.10328053476161966
1,5,0,False,4,Mirai,6,Spoofing,0.020154647071316076,0.212484820260794,0.02136984537726492
1,5,0,False,4,Mirai,7,Web-Based,0.01669580197315881,0.08829527173259555,0.020739674660466896
1,5,0,False,5,Recon,0,Benign,0.25237842092436086,0.18871840971187032,0.24724985801781527
1,5,0,False,5,Recon,1,BruteForce,0.1398351883139675,0.04404478897261249,0.0851020256366411
1,5,0,False,5,Recon,2,DDoS,0.012023799992794619,0.03694560869433905,0.012058303129683059
1,5,0,False,5,Recon,3,DoS,0.0944496304785754,0.037333221212157486,0.0998195894281689
1,5,0,False,5,Recon,4,Mirai,0.3102745033617927,0.1282043568372068,0.3057203541264973
1,5,0,False,5,Recon,5,Recon,0.14317765214723152,0.22810936565977713,0.20288978965026663
1,5,0,False,5,Recon,6,Spoofing,0.020678489230793375,0.20033851045599052,0.021513182207612613
1,5,0,False,5,Recon,7,Web-Based,0.027182315550483987,0.13630573845604615,0.025646897803315197
1,5,0,False,6,Spoofing,0,Benign,0.2962819316889081,0.22131441023051004,0.27290338038420653
1,5,0,False,6,Spoofing,1,BruteForce,0.09826680257170146,0.03521268094427438,0.06470870055203756
1,5,0,False,6,Spoofing,2,DDoS,0.010986746163201002,0.03454773735958945,0.012183481902706246
1,5,0,False,6,Spoofing,3,DoS,0.09245930131933765,0.04652229513371601,0.14846015901941642
1,5,0,False,6,Spoofing,4,Mirai,0.3093027825898929,0.13476833171803337,0.2955883962719409
1,5,0,False,6,Spoofing,5,Recon,0.1440619644621172,0.19065356744506193,0.16073231861293877
1,5,0,False,6,Spoofing,6,Spoofing,0.024908604767185937,0.22533787536821268,0.022702443629196753
1,5,0,False,6,Spoofing,7,Web-Based,0.023731866437655767,0.11164310180060223,0.02272111962755682
1,5,0,False,7,Web-Based,0,Benign,0.27845188607725585,0.2237072937730102,0.2828623583119801
1,5,0,False,7,Web-Based,1,BruteForce,0.08608327884364833,0.03778180156478765,0.06785994904824477
1,5,0,False,7,Web-Based,2,DDoS,0.011787640232950225,0.04007704517885323,0.014249287961015595
1,5,0,False,7,Web-Based,3,DoS,0.07528884933707175,0.04398830332036098,0.10621673236144319
1,5,0,False,7,Web-Based,4,Mirai,0.4048162654794107,0.16436443931294614,0.34482029681020887
1,5,0,False,7,Web-Based,5,Recon,0.10076805296705947,0.1675364652633098,0.13843233178161277
1,5,0,False,7,Web-Based,6,Spoofing,0.021716287184626475,0.21017211032778588,0.022295377231029485
1,5,0,False,7,Web-Based,7,Web-Based,0.021087739877977248,0.11237254125894627,0.023263666494465214
1,5,1,True,0,Benign,0,Benign,0.012861588145987379,0.2211369741748441,0.013568399554844724
1,5,1,True,0,Benign,1,BruteForce,0.00879294024960749,0.03312446307615006,0.008605934639372665
1,5,1,True,0,Benign,2,DDoS,0.047847218601015186,0.05939659434664242,0.07444771125811747
1,5,1,True,0,Benign,3,DoS,0.027297748058386907,0.05986194378522571,0.018250106949369942
1,5,1,True,0,Benign,4,Mirai,0.06534193446050005,0.14090881295394306,0.10807574100270502
1,5,1,True,0,Benign,5,Recon,0.19112589568889576,0.18207334349285648,0.2907260211972004
1,5,1,True,0,Benign,6,Spoofing,0.3328021202325442,0.20517331179518983,0.47608512375763967
1,5,1,True,0,Benign,7,Web-Based,0.31393055456306296,0.09832455637514827,0.010240961640750088
1,5,1,True,1,BruteForce,0,Benign,0.012149211555973725,0.20368880004973494,0.012838263384921755
1,5,1,True,1,BruteForce,1,BruteForce,0.009100343542267799,0.04544385025217109,0.008322975190072216
1,5,1,True,1,BruteForce,2,DDoS,0.02678780700567723,0.039329131415074436,0.0486947483017159
1,5,1,True,1,BruteForce,3,DoS,0.016052782072228978,0.03458683603630567,0.011921294151150431
1,5,1,True,1,BruteForce,4,Mirai,0.06698034321896856,0.14796983396162722,0.1105990736221884
1,5,1,True,1,BruteForce,5,Recon,0.1852011223930354,0.17748959064928094,0.29782863486713473
1,5,1,True,1,BruteForce,6,Spoofing,0.3458745969962717,0.21518211277027458,0.5004098369481974
1,5,1,True,1,BruteForce,7,Web-Based,0.33785379321557657,0.13630984486553097,0.00938517353461923
1,5,1,True,2,DDoS,0,Benign,0.009789662125677844,0.05241486851951647,0.010789170177697706
1,5,1,True,2,DDoS,1,BruteForce,0.011844072911850774,0.028918040078051616,0.008010163860307824
1,5,1,True,2,DDoS,2,DDoS,0.5133211153949283,0.615885034038391,0.6681850151860528
1,5,1,True,2,DDoS,3,DoS,0.15072114370149164,0.08671457103074463,0.02380207038049753
1,5,1,True,2,DDoS,4,Mirai,0.03719124632105063,0.07376824976610111,0.04539266732934675
1,5,1,True,2,DDoS,5,Recon,0.08094986753912475,0.061569963477641036,0.10933311795857123
1,5,1,True,2,DDoS,6,Spoofing,0.10115025353683439,0.047584329650525906,0.12801525908105618
1,5,1,True,2,DDoS,7,Web-Based,0.0950326384690417,0.03314494343902811,0.006472536026470069
1,5,1,True,3,DoS,0,Benign,0.010346272307374367,0.035050043578934334,0.010252218338446022
1,5,1,True,3,DoS,1,BruteForce,0.011078893254202334,0.022870317512794346,0.015216404503898918
1,5,1,True,3,DoS,2,DDoS,0.15974152533906347,0.20133199491287224,0.17155529533872457
1,5,1,True,3,DoS,3,DoS,0.4309098335965778,0.5203816135395004,0.5166624340617575
1,5,1,True,3,DoS,4,Mirai,0.15408932165794748,0.09715345775629113,0.050020635236841596
1,5,1,True,3,DoS,5,Recon,0.04422172730961318,0.034982173449159534,0.05898538021733843
1,5,1,True,3,DoS,6,Spoofing,0.0887511875513358,0.05948205714899221,0.16568625965394038
1,5,1,True,3,DoS,7,Web-Based,0.10086123898388556,0.028748342101455777,0.011621372649052655
1,5,1,True,4,Mirai,0,Benign,0.012200331118532866,0.18322802974557137,0.014618137705013036
1,5,1,True,4,Mirai,1,BruteForce,0.009123866782180237,0.03617249572006396,0.009102412497405885
1,5,1,True,4,Mirai,2,DDoS,0.045239163433434204,0.051293804712611364,0.08760477884375821
1,5,1,True,4,Mirai,3,DoS,0.033500645217369264,0.0629466881918219,0.02267124101393727
1,5,1,True,4,Mirai,4,Mirai,0.09850954160563948,0.24390672351131576,0.15230992245626365
1,5,1,True,4,Mirai,5,Recon,0.1541111871432617,0.12167216612522604,0.21313913990613298
1,5,1,True,4,Mirai,6,Spoofing,0.3106295868691099,0.212484820260794,0.4892664164272418
1,5,1,True,4,Mirai,7,Web-Based,0.3366856778304723,0.08829527173259555,0.011287951150247227
1,5,1,True,5,Recon,0,Benign,0.011807338370557599,0.18871840971187032,0.011824808752694154
1,5,1,True,5,Recon,1,BruteForce,0.008720152962808994,0.04404478897261249,0.007794146199475564
1,5,1,True,5,Recon,2,DDoS,0.02589674891354746,0.03694560869433905,0.043844228754022566
1,5,1,True,5,Recon,3,DoS,0.01530671888402785,0.037333221212157486,0.011222183207049409
1,5,1,True,5,Recon,4,Mirai,0.06349605897848994,0.1282043568372068,0.10642451725044536
1,5,1,True,5,Recon,5,Recon,0.24217305277109158,0.22810936565977713,0.38581164237960236
1,5,1,True,5,Recon,6,Spoofing,0.33211223489063246,0.20033851045599052,0.42455073847402264
1,5,1,True,5,Recon,7,Web-Based,0.3004876942288441,0.13630573845604615,0.00852773498268801
1,5,1,True,6,Spoofing,0,Benign,0.012671904495115233,0.22131441023051004,0.012756547625364765
1,5,1,True,6,Spoofing,1,BruteForce,0.008467906788734091,0.03521268094427438,0.00793767673279992
1,5,1,True,6,Spoofing,2,DDoS,0.023840182011339795,0.03454773735958945,0.04094354636442861
1,5,1,True,6,Spoofing,3,DoS,0.015520342006827476,0.04652229513371601,0.013276564153364187
1,5,1,True,6,Spoofing,4,Mirai,0.06263445344031272,0.13476833171803337,0.10214290260601923
1,5,1,True,6,Spoofing,5,Recon,0.2076950695592552,0.19065356744506193,0.30987281749361173
1,5,1,True,6,Spoofing,6,Spoofing,0.3526535700407205,0.22533787536821268,0.5035233321847596
1,5,1,True,6,Spoofing,7,Web-Based,0.3165165716576949,0.11164310180060223,0.009546612839651922
1,5,1,True,7,Web-Based,0,Benign,0.01264349229398286,0.2237072937730102,0.013734158361343934
1,5,1,True,7,Web-Based,1,BruteForce,0.008718369601585717,0.03778180156478765,0.008298821415736183
1,5,1,True,7,Web-Based,2,DDoS,0.027568067261555824,0.04007704517885323,0.05452670758696665
1,5,1,True,7,Web-Based,3,DoS,0.016176975306260926,0.04398830332036098,0.012572142659275492
1,5,1,True,7,Web-Based,4,Mirai,0.06878701452751963,0.16436443931294614,0.12680239855305564
1,5,1,True,7,Web-Based,5,Recon,0.19392095290051495,0.1675364652633098,0.29510931665947837
1,5,1,True,7,Web-Based,6,Spoofing,0.34604912408436195,0.21017211032778588,0.47882548768979566
1,5,1,True,7,Web-Based,7,Web-Based,0.32613600402421816,0.11237254125894627,0.010130967074348123
1,5,2,False,0,Benign,0,Benign,0.17754109849380192,0.2211369741748441,0.15516749217397513
1,5,2,False,0,Benign,1,BruteForce,0.01962901532486193,0.03312446307615006,0.02020697169099876
1,5,2,False,0,Benign,2,DDoS,0.02091029734660536,0.05939659434664242,0.02483690992421998
1,5,2,False,0,Benign,3,DoS,0.010695526948761441,0.05986194378522571,0.021903132373728325
1,5,2,False,0,Benign,4,Mirai,0.3357035731244751,0.14090881295394306,0.3359140225651714
1,5,2,False,0,Benign,5,Recon,0.371165427821605,0.18207334349285648,0.38273503638041545
1,5,2,False,0,Benign,6,Spoofing,0.03828698278353157,0.20517331179518983,0.03607525256740638
1,5,2,False,0,Benign,7,Web-Based,0.02606807815635768,0.09832455637514827,0.02316118232408474
1,5,2,False,1,BruteForce,0,Benign,0.1664117653319619,0.20368880004973494,0.1467095370191094
1,5,2,False,1,BruteForce,1,BruteForce,0.026084663304170048,0.04544385025217109,0.022985457984859892
1,5,2,False,1,BruteForce,2,DDoS,0.016774674365884305,0.039329131415074436,0.017791320728001596
1,5,2,False,1,BruteForce,3,DoS,0.008499678779666254,0.03458683603630567,0.01686477535592938
1,5,2,False,1,BruteForce,4,Mirai,0.3479889732251588,0.14796983396162722,0.34946964266103686
1,5,2,False,1,BruteForce,5,Recon,0.3623148359092567,0.17748959064928094,0.38500319043422254
1,5,2,False,1,BruteForce,6,Spoofing,0.03709558898673354,0.21518211277027458,0.03336265034182514
1,5,2,False,1,BruteForce,7,Web-Based,0.034829820097168444,0.13630984486553097,0.027813425475015124
1,5,2,False,2,DDoS,0,Benign,0.05712775443313953,0.05241486851951647,0.09243642996206623
1,5,2,False,2,DDoS,1,BruteForce,0.013717673627276052,0.028918040078051616,0.024709175856203476
1,5,2,False,2,DDoS,2,DDoS,0.6022629574491695,0.615885034038391,0.45204813066914906
1,5,2,False,2,DDoS,3,DoS,0.01160532347335824,0.08671457103074463,0.02210006079565015
1,5,2,False,2,DDoS,4,Mirai,0.1569738725119968,0.07376824976610111,0.18417335762347684
1,5,2,False,2,DDoS,5,Recon,0.12882671579184005,0.061569963477641036,0.17897191068459242
1,5,2,False,2,DDoS,6,Spoofing,0.014672961331878821,0.047584329650525906,0.02380177489314433
1,5,2,False,2,DDoS,7,Web-Based,0.014812741381341137,0.03314494343902811,0.021759159515717497
1,5,2,False,3,DoS,0,Benign,0.03745364313270821,0.035050043578934334,0.07423245721019542
1,5,2,False,3,DoS,1,BruteForce,0.0193729082405269,0.022870317512794346,0.030443967390512406
1,5,2,False,3,DoS,2,DDoS,0.1923149888068293,0.20133199491287224,0.12209621095118063
1,5,2,False,3,DoS,3,DoS,0.3959042538140565,0.5203816135395004,0.2235281468682234
1,5,2,False,3,DoS,4,Mirai,0.20693109785848998,0.09715345775629113,0.24700607328376994
1,5,2,False,3,DoS,5,Recon,0.10900160185791012,0.034982173449159534,0.24790555799165553
1,5,2,False,3,DoS,6,Spoofing,0.02071495574956698,0.05948205714899221,0.029631423152986853
1,5,2,False,3,DoS,7,Web-Based,0.018306550539912005,0.028748342101455777,0.025156163151475817
1,5,2,False,4,Mirai,0,Benign,0.146049816636657,0.18322802974557137,0.1493377915779523
1,5,2,False,4,Mirai,1,BruteForce,0.018459567554939323,0.03617249572006396,0.01927501948970061
1,5,2,False,4,Mirai,2,DDoS,0.021939454355496872,0.051293804712611364,0.02255940543558527
1,5,2,False,4,Mirai,3,DoS,0.009259750617200361,0.0629466881918219,0.020264412532864148
1,5,2,False,4,Mirai,4,Mirai,0.49883065678945365,0.24390672351131576,0.41690692612713565
1,5,2,False,4,Mirai,5,Recon,0.2480759832656258,0.12167216612522604,0.3150578115032778
1,5,2,False,4,Mirai,6,Spoofing,0.033123905397956586,0.212484820260794,0.03463700112605171
1,5,2,False,4,Mirai,7,Web-Based,0.024260865382670287,0.08829527173259555,0.021961632207432438
1,5,2,False,5,Recon,0,Benign,0.15310027532105616,0.18871840971187032,0.13991036853333705
1,5,2,False,5,Recon,1,BruteForce,0.02566089592269145,0.04404478897261249,0.022959709159566802
1,5,2,False,5,Recon,2,DDoS,0.016002519085836626,0.03694560869433905,0.01759819314837628
1,5,2,False,5,Recon,3,DoS,0.008894169570729488,0.037333221212157486,0.016998861128553096
1,5,2,False,5,Recon,4,Mirai,0.3045861129991593,0.1282043568372068,0.3418745355520832
1,5,2,False,5,Recon,5,Recon,0.4202738588887208,0.22810936565977713,0.40087168660804506
1,5,2,False,5,Recon,6,Spoofing,0.03808661226121682,0.20033851045599052,0.032696458412240906
1,5,2,False,5,Recon,7,Web-Based,0.033395555950589406,0.13630573845604615,0.027090187457797683
1,5,2,False,6,Spoofing,0,Benign,0.16693908038814534,0.22131441023051004,0.14999845851380175
1,5,2,False,6,Spoofing,1,BruteForce,0.021300185201275943,0.03521268094427438,0.020894841280412003
1,5,2,False,6,Spoofing,2,DDoS,0.01503575668223251,0.03454773735958945,0.01908801949955038
1,5,2,False,6,Spoofing,3,DoS,0.009389606752928544,0.04652229513371601,0.01990548896326303
1,5,2,False,6,Spoofing,4,Mirai,0.2985043125282221,0.13476833171803337,0.31733955553989673
1,5,2,False,6,Spoofing,5,Recon,0.42122911718796074,0.19065356744506193,0.4104761713150622
1,5,2,False,6,Spoofing,6,Spoofing,0.03929940629749646,0.22533787536821268,0.03817166657681523
1,5,2,False,6,Spoofing,7,Web-Based,0.02830253496173828,0.11164310180060223,0.024125798311198696
1,5,2,False,7,Web-Based,0,Benign,0.16657681186220505,0.2237072937730102,0.15534963756362322
1,5,2,False,7,Web-Based,1,BruteForce,0.02107010538783159,0.03778180156478765,0.01998890373401627
1,5,2,False,7,Web-Based,2,DDoS,0.016641905276433805,0.04007704517885323,0.019995455457424424
1,5,2,False,7,Web-Based,3,DoS,0.008648307170565141,0.04398830332036098,0.017779293256949942
1,5,2,False,7,Web-Based,4,Mirai,0.37387046263896906,0.16436443931294614,0.3703569074777412
1,5,2,False,7,Web-Based,5,Recon,0.3491560155333859,0.1675364652633098,0.3576040454011711
1,5,2,False,7,Web-Based,6,Spoofing,0.03539420599341787,0.21017211032778588,0.03456511848490651
1,5,2,False,7,Web-Based,7,Web-Based,0.028642186137191526,0.11237254125894627,0.024360638624167468
1,5,3,False,0,Benign,0,Benign,0.14869131955902334,0.2211369741748441,0.11885254276976849
1,5,3,False,0,Benign,1,BruteForce,0.3535897596857199,0.03312446307615006,0.34183347738017056
1,5,3,False,0,Benign,2,DDoS,0.09170467969959235,0.05939659434664242,0.12378352278465309
1,5,3,False,0,Benign,3,DoS,0.030096191367810735,0.05986194378522571,0.044653900704609784
1,5,3,False,0,Benign,4,Mirai,0.2181597371447507,0.14090881295394306,0.22325900240316113
1,5,3,False,0,Benign,5,Recon,0.09223013322461314,0.18207334349285648,0.09131375981835803
1,5,3,False,0,Benign,6,Spoofing,0.027147228157065505,0.20517331179518983,0.02743729080595953
1,5,3,False,0,Benign,7,Web-Based,0.03838095116142441,0.09832455637514827,0.02886650333331943
1,5,3,False,1,BruteForce,0,Benign,0.11140788695901706,0.20368880004973494,0.10422845740096678
1,5,3,False,1,BruteForce,1,BruteForce,0.4815459306675301,0.04544385025217109,0.4420364598311267
1,5,3,False,1,BruteForce,2,DDoS,0.05983768109694582,0.039329131415074436,0.06434640405943129
1,5,3,False,1,BruteForce,3,DoS,0.030760674973764893,0.03458683603630567,0.04339879802482092
1,5,3,False,1,BruteForce,4,Mirai,0.17855393648510196,0.14796983396162722,0.20464662397004163
1,5,3,False,1,BruteForce,5,Recon,0.06513192524178917,0.17748959064928094,0.08160172798012294
1,5,3,False,1,BruteForce,6,Spoofing,0.02789262105094266,0.21518211277027458,0.028321106426362385
1,5,3,False,1,BruteForce,7,Web-Based,0.04486934352490821,0.13630984486553097,0.03142042230712738
1,5,3,False,2,DDoS,0,Benign,0.04542456273873141,0.05241486851951647,0.05418656669811476
1,5,3,False,2,DDoS,1,BruteForce,0.12050808167887873,0.028918040078051616,0.13362710600047714
1,5,3,False,2,DDoS,2,DDoS,0.6445061468272508,0.615885034038391,0.6084341304810735
1,5,3,False,2,DDoS,3,DoS,0.025198578432699938,0.08671457103074463,0.029694312183729966
1,5,3,False,2,DDoS,4,Mirai,0.08366828224663304,0.07376824976610111,0.0876212099996208
1,5,3,False,2,DDoS,5,Recon,0.05263683336373299,0.061569963477641036,0.05046877631761053
1,5,3,False,2,DDoS,6,Spoofing,0.0115173782118889,0.047584329650525906,0.016799953749613523
1,5,3,False,2,DDoS,7,Web-Based,0.01654013650018405,0.03314494343902811,0.01916794456975978
1,5,3,False,3,DoS,0,Benign,0.029779664297992618,0.035050043578934334,0.049824806740559134
1,5,3,False,3,DoS,1,BruteForce,0.11305246982234399,0.022870317512794346,0.15871638978004346
1,5,3,False,3,DoS,2,DDoS,0.25064399037156193,0.20133199491287224,0.2739374321325671
1,5,3,False,3,DoS,3,DoS,0.42579901166424844,0.5203816135395004,0.2839548812108047
1,5,3,False,3,DoS,4,Mirai,0.12111648821115185,0.09715345775629113,0.14274198998363813
1,5,3,False,3,DoS,5,Recon,0.027666820756832734,0.034982173449159534,0.046865274202214556
1,5,3,False,3,DoS,6,Spoofing,0.015354881149490896,0.05948205714899221,0.018854402550887935
1,5,3,False,3,DoS,7,Web-Based,0.016586673726377614,0.028748342101455777,0.02510482339928486
1,5,3,False,4,Mirai,0,Benign,0.1067337102748769,0.18322802974557137,0.10394801873029945
1,5,3,False,4,Mirai,1,BruteForce,0.364705204015696,0.03617249572006396,0.3662581022185664
1,5,3,False,4,Mirai,2,DDoS,0.0953556569842432,0.051293804712611364,0.10740728079125414
1,5,3,False,4,Mirai,3,DoS,0.028148105740053175,0.0629466881918219,0.04208730839404158
1,5,3,False,4,Mirai,4,Mirai,0.28671469928961013,0.24390672351131576,0.25034116343665686
1,5,3,False,4,Mirai,5,Recon,0.05574688147012382,0.12167216612522604,0.07377720890383144
1,5,3,False,4,Mirai,6,Spoofing,0.026273705492293367,0.212484820260794,0.027117561978776256
1,5,3,False,4,Mirai,7,Web-Based,0.03632203673310346,0.08829527173259555,0.029063355546573952
1,5,3,False,5,Recon,0,Benign,0.1048576402911111,0.18871840971187032,0.09756590563366478
1,5,3,False,5,Recon,1,BruteForce,0.47855179229157563,0.04404478897261249,0.4393565922828682
1,5,3,False,5,Recon,2,DDoS,0.05850838673061442,0.03694560869433905,0.06267543526401637
1,5,3,False,5,Recon,3,DoS,0.03151476550271875,0.037333221212157486,0.04463156907363983
1,5,3,False,5,Recon,4,Mirai,0.16868160707568872,0.1282043568372068,0.20565759171174258
1,5,3,False,5,Recon,5,Recon,0.0873031949969819,0.22810936565977713,0.0917340051966015
1,5,3,False,5,Recon,6,Spoofing,0.02619228000711427,0.20033851045599052,0.02682067240807345
1,5,3,False,5,Recon,7,Web-Based,0.044390333104195295,0.13630573845604615,0.03155822842939329
1,5,3,False,6,Spoofing,0,Benign,0.14173027376766395,0.22131441023051004,0.12262083379026725
1,5,3,False,6,Spoofing,1,BruteForce,0.3897305421452865,0.03521268094427438,0.3671513011785513
1,5,3,False,6,Spoofing,2,DDoS,0.05190885785773798,0.03454773735958945,0.07061394487219584
1,5,3,False,6,Spoofing,3,DoS,0.028354293341470754,0.04652229513371601,0.04085530223639366
1,5,3,False,6,Spoofing,4,Mirai,0.21640386443768497,0.13476833171803337,0.2393203767527391
1,5,3,False,6,Spoofing,5,Recon,0.09948443090657118,0.19065356744506193,0.09944266369448852
1,5,3,False,6,Spoofing,6,Spoofing,0.029461868864237444,0.22533787536821268,0.030191004562158057
1,5,3,False,6,Spoofing,7,Web-Based,0.04292586867934729,0.11164310180060223,0.029804572913206245
1,5,3,False,7,Web-Based,0,Benign,0.1375510184302929,0.2237072937730102,0.12166781308232819
1,5,3,False,7,Web-Based,1,BruteForce,0.396409542128435,0.03778180156478765,0.381819740473302
1,5,3,False,7,Web-Based,2,DDoS,0.06215107405854208,0.04007704517885323,0.08681887661962281
1,5,3,False,7,Web-Based,3,DoS,0.027295070359164644,0.04398830332036098,0.03828257697757771
1,5,3,False,7,Web-Based,4,Mirai,0.21927003776114648,0.16436443931294614,0.22489869579251326
1,5,3,False,7,Web-Based,5,Recon,0.08793850989828926,0.1675364652633098,0.08862106663524917
1,5,3,False,7,Web-Based,6,Spoofing,0.027467128221733198,0.21017211032778588,0.027871303862086062
1,5,3,False,7,Web-Based,7,Web-Based,0.041917619142396605,0.11237254125894627,0.030019926557320668
1,5,4,False,0,Benign,0,Benign,0.5192865674536868,0.2211369741748441,0.5079957351917117
1,5,4,False,0,Benign,1,BruteForce,0.01653710049640663,0.03312446307615006,0.01748946183137613
1,5,4,False,0,Benign,2,DDoS,0.015794801851013396,0.05939659434664242,0.021068978105766273
1,5,4,False,0,Benign,3,DoS,0.048323840762524356,0.05986194378522571,0.11805400248392045
1,5,4,False,0,Benign,4,Mirai,0.05841381936389936,0.14090881295394306,0.051857750097300044
1,5,4,False,0,Benign,5,Recon,0.05448173187132087,0.18207334349285648,0.044870356461185056
1,5,4,False,0,Benign,6,Spoofing,0.14907494414150424,0.20517331179518983,0.12974401873056032
1,5,4,False,0,Benign,7,Web-Based,0.13808719405964437,0.09832455637514827,0.10891969709817997
1,5,4,False,1,BruteForce,0,Benign,0.4866684617816397,0.20368880004973494,0.5389955761261209
1,5,4,False,1,BruteForce,1,BruteForce,0.0196741106396605,0.04544385025217109,0.017308943523206857
1,5,4,False,1,BruteForce,2,DDoS,0.015629728471716633,0.039329131415074436,0.019094587480338956
1,5,4,False,1,BruteForce,3,DoS,0.030364507013589892,0.03458683603630567,0.046011712086405
1,5,4,False,1,BruteForce,4,Mirai,0.06333233165871505,0.14796983396162722,0.05660047445349295
1,5,4,False,1,BruteForce,5,Recon,0.05663569520789241,0.17748959064928094,0.04878325819914148
1,5,4,False,1,BruteForce,6,Spoofing,0.14596975430691553,0.21518211277027458,0.13701215473952064
1,5,4,False,1,BruteForce,7,Web-Based,0.18172541091987035,0.13630984486553097,0.13619329339177316
1,5,4,False,2,DDoS,0,Benign,0.16169786302369152,0.05241486851951647,0.24393959575792235
1,5,4,False,2,DDoS,1,BruteForce,0.01778219047634298,0.028918040078051616,0.022141041236417712
1,5,4,False,2,DDoS,2,DDoS,0.5664021135921583,0.615885034038391,0.4235565978710404
1,5,4,False,2,DDoS,3,DoS,0.07471770143784377,0.08671457103074463,0.10550288890410102
1,5,4,False,2,DDoS,4,Mirai,0.03223675152258298,0.07376824976610111,0.038561222616288644
1,5,4,False,2,DDoS,5,Recon,0.026050939022374108,0.061569963477641036,0.031050563041224537
1,5,4,False,2,DDoS,6,Spoofing,0.05690328168297893,0.047584329650525906,0.06882433656623298
1,5,4,False,2,DDoS,7,Web-Based,0.06420915924202754,0.03314494343902811,0.06642375400677236
1,5,4,False,3,DoS,0,Benign,0.061029159311606754,0.035050043578934334,0.07787514820812906
1,5,4,False,3,DoS,1,BruteForce,0.01177124418336943,0.022870317512794346,0.018979474854902208
1,5,4,False,3,DoS,2,DDoS,0.027999071130547875,0.20133199491287224,0.028906935572254794
1,5,4,False,3,DoS,3,DoS,0.7945207096573779,0.5203816135395004,0.7484607123074821
1,5,4,False,3,DoS,4,Mirai,0.019059946838564136,0.09715345775629113,0.023447361734180414
1,5,4,False,3,DoS,5,Recon,0.011776982428789317,0.034982173449159534,0.01725485135104091
1,5,4,False,3,DoS,6,Spoofing,0.045705547433883456,0.05948205714899221,0.04805986709779222
1,5,4,False,3,DoS,7,Web-Based,0.02813733901586122,0.028748342101455777,0.03701564887421835
1,5,4,False,4,Mirai,0,Benign,0.4837823842511088,0.18322802974557137,0.4965879247066158
1,5,4,False,4,Mirai,1,BruteForce,0.01787998976234919,0.03617249572006396,0.01775053418160157
1,5,4,False,4,Mirai,2,DDoS,0.01663908822162137,0.051293804712611364,0.01977268644247351
1,5,4,False,4,Mirai,3,DoS,0.06693086192207931,0.0629466881918219,0.12263830614322681
1,5,4,False,4,Mirai,4,Mirai,0.07847645838621703,0.24390672351131576,0.05638430205370269
1,5,4,False,4,Mirai,5,Recon,0.04499932996927299,0.12167216612522604,0.04138758345937428
1,5,4,False,4,Mirai,6,Spoofing,0.1485265047403413,0.212484820260794,0.1311358886537027
1,5,4,False,4,Mirai,7,Web-Based,0.1427653827470099,0.08829527173259555,0.11434277435930258
1,5,4,False,5,Recon,0,Benign,0.47661098011837455,0.18871840971187032,0.5312455447983859
1,5,4,False,5,Recon,1,BruteForce,0.019914305642671895,0.04404478897261249,0.0175746854967464
1,5,4,False,5,Recon,2,DDoS,0.015654966452491086,0.03694560869433905,0.019201740904951983
1,5,4,False,5,Recon,3,DoS,0.031581666742172804,0.037333221212157486,0.051801502990743445
1,5,4,False,5,Recon,4,Mirai,0.05933152274281787,0.1282043568372068,0.05578130400813185
1,5,4,False,5,Recon,5,Recon,0.07332494833275369,0.22810936565977713,0.0544097450669764
1,5,4,False,5,Recon,6,Spoofing,0.13505657919072953,0.20033851045599052,0.13279172107750647
1,5,4,False,5,Recon,7,Web-Based,0.1885250307779886,0.13630573845604615,0.13719375565655736
1,5,4,False,6,Spoofing,0,Benign,0.5129373098042047,0.22131441023051004,0.5367291950120796
1,5,4,False,6,Spoofing,1,BruteForce,0.016806260780945347,0.03521268094427438,0.017387891299526708
1,5,4,False,6,Spoofing,2,DDoS,0.015204583175179991,0.03454773735958945,0.019919672538647067
1,5,4,False,6,Spoofing,3,DoS,0.03200792147685581,0.04652229513371601,0.07140899313666473
1,5,4,False,6,Spoofing,4,Mirai,0.058194657802241964,0.13476833171803337,0.05230154226277583
1,5,4,False,6,Spoofing,5,Recon,0.0551936740515744,0.19065356744506193,0.04718666696582754
1,5,4,False,6,Spoofing,6,Spoofing,0.16176743877989735,0.22533787536821268,0.1407045503825967
1,5,4,False,6,Spoofing,7,Web-Based,0.1478881541291004,0.11164310180060223,0.11436148840188197
1,5,4,False,7,Web-Based,0,Benign,0.5126345839876542,0.2237072937730102,0.5452923947553538
1,5,4,False,7,Web-Based,1,BruteForce,0.01789638873883006,0.03778180156478765,0.017324480126832013
1,5,4,False,7,Web-Based,2,DDoS,0.015523536644122544,0.04007704517885323,0.020624852395507213
1,5,4,False,7,Web-Based,3,DoS,0.02831301498934696,0.04398830332036098,0.051402003499636945
1,5,4,False,7,Web-Based,4,Mirai,0.06479504381374239,0.16436443931294614,0.05589367899116845
1,5,4,False,7,Web-Based,5,Recon,0.054348984273133144,0.1675364652633098,0.04665063687173556
1,5,4,False,7,Web-Based,6,Spoofing,0.14106544062274842,0.21017211032778588,0.134926452910806
1,5,4,False,7,Web-Based,7,Web-Based,0.1654230069304223,0.11237254125894627,0.12788550044896002
1,5,5,False,0,Benign,0,Benign,0.4334180728760686,0.2211369741748441,0.3783280723088211
1,5,5,False,0,Benign,1,BruteForce,0.012607479724028516,0.03312446307615006,0.017547510079094965
1,5,5,False,0,Benign,2,DDoS,0.040693434848790434,0.05939659434664242,0.051107934128251306
1,5,5,False,0,Benign,3,DoS,0.011794475009035887,0.05986194378522571,0.01959878619832978
1,5,5,False,0,Benign,4,Mirai,0.019638790708675528,0.14090881295394306,0.02363074014508072
1,5,5,False,0,Benign,5,Recon,0.08418826710469351,0.18207334349285648,0.0744806952042887
1,5,5,False,0,Benign,6,Spoofing,0.3804700124485296,0.20517331179518983,0.41640980896830043
1,5,5,False,0,Benign,7,Web-Based,0.017189467280177905,0.09832455637514827,0.018896452967833058
1,5,5,False,1,BruteForce,0,Benign,0.44833992287524105,0.20368880004973494,0.4220793397155259
1,5,5,False,1,BruteForce,1,BruteForce,0.013662549870156731,0.04544385025217109,0.017452424571843622
1,5,5,False,1,BruteForce,2,DDoS,0.023899295190232088,0.039329131415074436,0.030756218001764053
1,5,5,False,1,BruteForce,3,DoS,0.011055609018693418,0.03458683603630567,0.019057952971509008
1,5,5,False,1,BruteForce,4,Mirai,0.019383351006942825,0.14796983396162722,0.02385929989556012
1,5,5,False,1,BruteForce,5,Recon,0.08903375364330796,0.17748959064928094,0.0768380145216068
1,5,5,False,1,BruteForce,6,Spoofing,0.37612621091607756,0.21518211277027458,0.3907260856561628
1,5,5,False,1,BruteForce,7,Web-Based,0.018499307479348408,0.13630984486553097,0.019230664666027766
1,5,5,False,2,DDoS,0,Benign,0.1392401389578293,0.05241486851951647,0.15728459891530153
1,5,5,False,2,DDoS,1,BruteForce,0.011849684843951058,0.028918040078051616,0.020081329595853403
1,5,5,False,2,DDoS,2,DDoS,0.6366387084445,0.615885034038391,0.5617724981376889
1,5,5,False,2,DDoS,3,DoS,0.008023866598386636,0.08671457103074463,0.012859254036653837
1,5,5,False,2,DDoS,4,Mirai,0.012608678919798822,0.07376824976610111,0.019400251437496654
1,5,5,False,2,DDoS,5,Recon,0.046754644322036354,0.061569963477641036,0.04233680995181692
1,5,5,False,2,DDoS,6,Spoofing,0.1349843447411154,0.047584329650525906,0.17072499753583964
1,5,5,False,2,DDoS,7,Web-Based,0.009899933172382538,0.03314494343902811,0.01554026038934899
1,5,5,False,3,DoS,0,Benign,0.10148329963705165,0.035050043578934334,0.1521870865087781
1,5,5,False,3,DoS,1,BruteForce,0.02013518691720377,0.022870317512794346,0.02707200618051485
1,5,5,False,3,DoS,2,DDoS,0.17171311561698696,0.20133199491287224,0.14666000047508393
1,5,5,False,3,DoS,3,DoS,0.3466921099442142,0.5203816135395004,0.18098746353411105
1,5,5,False,3,DoS,4,Mirai,0.015695520605249005,0.09715345775629113,0.0225941413864522
1,5,5,False,3,DoS,5,Recon,0.03212372517317878,0.034982173449159534,0.047561405360367064
1,5,5,False,3,DoS,6,Spoofing,0.2987558950151334,0.05948205714899221,0.40015524914078443
1,5,5,False,3,DoS,7,Web-Based,0.013401147090982226,0.028748342101455777,0.02278264741390845
1,5,5,False,4,Mirai,0,Benign,0.4151815433035801,0.18322802974557137,0.3881948853418603
1,5,5,False,4,Mirai,1,BruteForce,0.013126447247112897,0.03617249572006396,0.017591480932306197
1,5,5,False,4,Mirai,2,DDoS,0.033566821994270975,0.051293804712611364,0.04069487135055433
1,5,5,False,4,Mirai,3,DoS,0.01158835462983327,0.0629466881918219,0.019884109120460344
1,5,5,False,4,Mirai,4,Mirai,0.021562478102791077,0.24390672351131576,0.024656434139932532
1,5,5,False,4,Mirai,5,Recon,0.07058926227886854,0.12167216612522604,0.0680386101742592
1,5,5,False,4,Mirai,6,Spoofing,0.41728025502390415,0.212484820260794,0.422302547286838
1,5,5,False,4,Mirai,7,Web-Based,0.01710483741963917,0.08829527173259555,0.01863706165378906
1,5,5,False,5,Recon,0,Benign,0.44769079061604744,0.18871840971187032,0.4165851513257524
1,5,5,False,5,Recon,1,BruteForce,0.013916590652720407,0.04404478897261249,0.017232907660537707
1,5,5,False,5,Recon,2,DDoS,0.02409499748427527,0.03694560869433905,0.030855083847475456
1,5,5,False,5,Recon,3,DoS,0.011447114843871835,0.037333221212157486,0.01930504435685354
1,5,5,False,5,Recon,4,Mirai,0.01832776802030587,0.1282043568372068,0.023053352050397432
1,5,5,False,5,Recon,5,Recon,0.124248064382557,0.22810936565977713,0.09082699923357593
1,5,5,False,5,Recon,6,Spoofing,0.34138041101254013,0.20033851045599052,0.3830407149459981
1,5,5,False,5,Recon,7,Web-Based,0.018894262987682122,0.13630573845604615,0.019100746579409494
1,5,5,False,6,Spoofing,0,Benign,0.41894205747800184,0.22131441023051004,0.384339731543249
1,5,5,False,6,Spoofing,1,BruteForce,0.012403884263512162,0.03521268094427438,0.017071650158905514
1,5,5,False,6,Spoofing,2,DDoS,0.02318915352523118,0.03454773735958945,0.03154310353527155
1,5,5,False,6,Spoofing,3,DoS,0.011465403567643515,0.04652229513371601,0.01963870014916002
1,5,5,False,6,Spoofing,4,Mirai,0.019240793945151508,0.13476833171803337,0.02363134532308709
1,5,5,False,6,Spoofing,5,Recon,0.08573591595145941,0.19065356744506193,0.07216007608053722
1,5,5,False,6,Spoofing,6,Spoofing,0.4117905076989898,0.22533787536821268,0.4330544183475924
1,5,5,False,6,Spoofing,7,Web-Based,0.017232283570010533,0.11164310180060223,0.018560974862197207
1,5,5,False,7,Web-Based,0,Benign,0.45842224773182205,0.2237072937730102,0.4216269510220606
1,5,5,False,7,Web-Based,1,BruteForce,0.01290281034490137,0.03778180156478765,0.01734601397073613
1,5,5,False,7,Web-Based,2,DDoS,0.024764745027464397,0.04007704517885323,0.033328462487528146
1,5,5,False,7,Web-Based,3,DoS,0.011132897777731077,0.04398830332036098,0.019046315251843134
1,5,5,False,7,Web-Based,4,Mirai,0.019987713758065427,0.16436443931294614,0.02389689832549251
1,5,5,False,7,Web-Based,5,Recon,0.0828772673386354,0.1675364652633098,0.07154520334700588
1,5,5,False,7,Web-Based,6,Spoofing,0.37203849917327597,0.21017211032778588,0.3943679879536759
1,5,5,False,7,Web-Based,7,Web-Based,0.017873818848104354,0.11237254125894627,0.018842167641657553
1,5,6,False,0,Benign,0,Benign,0.5907848435405947,0.2211369741748441,0.5635906685768259
1,5,6,False,0,Benign,1,BruteForce,0.08926282506802655,0.03312446307615006,0.07299659075803594
1,5,6,False,0,Benign,2,DDoS,0.017801005043221844,0.05939659434664242,0.022728536544494627
1,5,6,False,0,Benign,3,DoS,0.024748197505074346,0.05986194378522571,0.031804090117990215
1,5,6,False,0,Benign,4,Mirai,0.22934857395773758,0.14090881295394306,0.2587297366439052
1,5,6,False,0,Benign,5,Recon,0.018405451088688525,0.18207334349285648,0.018895481360983485
1,5,6,False,0,Benign,6,Spoofing,0.015514386742268639,0.20517331179518983,0.0177701765605472
1,5,6,False,0,Benign,7,Web-Based,0.014134717054387845,0.09832455637514827,0.01348471943721746
1,5,6,False,1,BruteForce,0,Benign,0.5661359518241476,0.20368880004973494,0.5549714020686299
1,5,6,False,1,BruteForce,1,BruteForce,0.1129045615419723,0.04544385025217109,0.08560280046420034
1,5,6,False,1,BruteForce,2,DDoS,0.018126457364395093,0.039329131415074436,0.021062767913920828
1,5,6,False,1,BruteForce,3,DoS,0.015396593928644254,0.03458683603630567,0.02567387307698594
1,5,6,False,1,BruteForce,4,Mirai,0.23777889933040966,0.14796983396162722,0.26100076552171436
1,5,6,False,1,BruteForce,5,Recon,0.01779526517089713,0.17748959064928094,0.019051100528756047
1,5,6,False,1,BruteForce,6,Spoofing,0.01600864348510618,0.21518211277027458,0.018381569423341976
1,5,6,False,1,BruteForce,7,Web-Based,0.015853627354427833,0.13630984486553097,0.014255721002450587
1,5,6,False,2,DDoS,0,Benign,0.3153589807327374,0.05241486851951647,0.4202436186435445
1,5,6,False,2,DDoS,1,BruteForce,0.05554453634875416,0.028918040078051616,0.05236872798432571
1,5,6,False,2,DDoS,2,DDoS,0.31832765916348654,0.615885034038391,0.18140853702907217
1,5,6,False,2,DDoS,3,DoS,0.036822986599162943,0.08671457103074463,0.03450566219496077
1,5,6,False,2,DDoS,4,Mirai,0.23129465916571668,0.07376824976610111,0.2590831465024586
1,5,6,False,2,DDoS,5,Recon,0.015559604980290888,0.061569963477641036,0.018087462278336484
1,5,6,False,2,DDoS,6,Spoofing,0.01354564806577468,0.047584329650525906,0.017904361348387392
1,5,6,False,2,DDoS,7,Web-Based,0.013545924944076798,0.03314494343902811,0.016398484018914375
1,5,6,False,3,DoS,0,Benign,0.16027307880899233,0.035050043578934334,0.25688272991575484
1,5,6,False,3,DoS,1,BruteForce,0.05951626029226148,0.022870317512794346,0.06691429012445817
1,5,6,False,3,DoS,2,DDoS,0.035525800933859736,0.20133199491287224,0.040240292913036796
1,5,6,False,3,DoS,3,DoS,0.5379249736319811,0.5203816135395004,0.3115024818327052
1,5,6,False,3,DoS,4,Mirai,0.16107613045618832,0.09715345775629113,0.26550556668029934
1,5,6,False,3,DoS,5,Recon,0.015121769408404248,0.034982173449159534,0.02110137052285292
1,5,6,False,3,DoS,6,Spoofing,0.015623646501654891,0.05948205714899221,0.018396588269915543
1,5,6,False,3,DoS,7,Web-Based,0.014938339966657992,0.028748342101455777,0.019456679740977197
1,5,6,False,4,Mirai,0,Benign,0.499808254715342,0.18322802974557137,0.5069725828697176
1,5,6,False,4,Mirai,1,BruteForce,0.09548545640776947,0.03617249572006396,0.07708283150685984
1,5,6,False,4,Mirai,2,DDoS,0.019572658121126983,0.051293804712611364,0.023175436673754362
1,5,6,False,4,Mirai,3,DoS,0.020649814103673142,0.0629466881918219,0.029480894384506
1,5,6,False,4,Mirai,4,Mirai,0.31818182405382717,0.24390672351131576,0.31307240406737114
1,5,6,False,4,Mirai,5,Recon,0.01635486882478969,0.12167216612522604,0.018484869990236578
1,5,6,False,4,Mirai,6,Spoofing,0.015479081541674973,0.212484820260794,0.017907721722121184
1,5,6,False,4,Mirai,7,Web-Based,0.014468042231796525,0.08829527173259555,0.013823258785433315
1,5,6,False,5,Recon,0,Benign,0.569218060678424,0.18871840971187032,0.5511247022879678
1,5,6,False,5,Recon,1,BruteForce,0.11852299146383871,0.04404478897261249,0.08735828671699891
1,5,6,False,5,Recon,2,DDoS,0.018519792632595403,0.03694560869433905,0.021377815255414247
1,5,6,False,5,Recon,3,DoS,0.016265421711857162,0.037333221212157486,0.026286416125428317
1,5,6,False,5,Recon,4,Mirai,0.2263098991282851,0.1282043568372068,0.2618948779018005
1,5,6,False,5,Recon,5,Recon,0.019280755603651726,0.22810936565977713,0.019279064524510857
1,5,6,False,5,Recon,6,Spoofing,0.015549623399531682,0.20033851045599052,0.018291903731509438
1,5,6,False,5,Recon,7,Web-Based,0.01633345538181624,0.13630573845604615,0.014386933456370042
1,5,6,False,6,Spoofing,0,Benign,0.5983628124810291,0.22131441023051004,0.574631586254015
1,5,6,False,6,Spoofing,1,BruteForce,0.0927333943193585,0.03521268094427438,0.07334502540275967
1,5,6,False,6,Spoofing,2,DDoS,0.0171170013473379,0.03454773735958945,0.02158222435786873
1,5,6,False,6,Spoofing,3,DoS,0.017801430996309067,0.04652229513371601,0.026679753006541466
1,5,6,False,6,Spoofing,4,Mirai,0.22584416807508742,0.13476833171803337,0.2542762647531606
1,5,6,False,6,Spoofing,5,Recon,0.018557213717466717,0.19065356744506193,0.01860513125670131
1,5,6,False,6,Spoofing,6,Spoofing,0.015271221062155305,0.22533787536821268,0.017691682519896265
1,5,6,False,6,Spoofing,7,Web-Based,0.014312758001256068,0.11164310180060223,0.013188332449056994
1,5,6,False,7,Web-Based,0,Benign,0.5710117272334458,0.2237072937730102,0.5607980975870772
1,5,6,False,7,Web-Based,1,BruteForce,0.09865887451369214,0.03778180156478765,0.07829739978430017
1,5,6,False,7,Web-Based,2,DDoS,0.01717979542471538,0.04007704517885323,0.021601190255963076
1,5,6,False,7,Web-Based,3,DoS,0.015119158675051833,0.04398830332036098,0.024415889745459884
1,5,6,False,7,Web-Based,4,Mirai,0.2503361116449907,0.16436443931294614,0.26472536396730617
1,5,6,False,7,Web-Based,5,Recon,0.01781886062503152,0.1675364652633098,0.01866916262239674
1,5,6,False,7,Web-Based,6,Spoofing,0.015243999228197417,0.21017211032778588,0.01774326431444597
1,5,6,False,7,Web-Based,7,Web-Based,0.014631472654875145,0.11237254125894627,0.013749631723050777
1,5,7,True,0,Benign,0,Benign,0.09672442699180055,0.2211369741748441,0.1612130099482367
1,5,7,True,0,Benign,1,BruteForce,0.15690434313493618,0.03312446307615006,0.021549698594711935
1,5,7,True,0,Benign,2,DDoS,0.15258006309750025,0.05939659434664242,0.21755281072488927
1,5,7,True,0,Benign,3,DoS,0.04903179452458207,0.05986194378522571,0.0507713524334422
1,5,7,True,0,Benign,4,Mirai,0.05416216126916199,0.14090881295394306,0.10149800229687622
1,5,7,True,0,Benign,5,Recon,0.08158315535779037,0.18207334349285648,0.08915834590119735
1,5,7,True,0,Benign,6,Spoofing,0.16400329099788294,0.20517331179518983,0.2752811876886586
1,5,7,True,0,Benign,7,Web-Based,0.24501076462634572,0.09832455637514827,0.0829755924119876
1,5,7,True,1,BruteForce,0,Benign,0.10302200032058649,0.20368880004973494,0.17216505788819655
1,5,7,True,1,BruteForce,1,BruteForce,0.17954686839387732,0.04544385025217109,0.023489184260006412
1,5,7,True,1,BruteForce,2,DDoS,0.11320934749280102,0.039329131415074436,0.1782194383822207
1,5,7,True,1,BruteForce,3,DoS,0.03686435674380932,0.03458683603630567,0.02107490955539629
1,5,7,True,1,BruteForce,4,Mirai,0.05383706354450852,0.14796983396162722,0.11609453677926099
1,5,7,True,1,BruteForce,5,Recon,0.08964953422551676,0.17748959064928094,0.10624656030471129
1,5,7,True,1,BruteForce,6,Spoofing,0.16992548189713896,0.21518211277027458,0.27772178577655626
1,5,7,True,1,BruteForce,7,Web-Based,0.2539453473817616,0.13630984486553097,0.10498852705365155
1,5,7,True,2,DDoS,0,Benign,0.039925350148595454,0.05241486851951647,0.05957168728630258
1,5,7,True,2,DDoS,1,BruteForce,0.06707036070266985,0.028918040078051616,0.018248559763005344
1,5,7,True,2,DDoS,2,DDoS,0.517667015198981,0.615885034038391,0.6887717265507326
1,5,7,True,2,DDoS,3,DoS,0.1584851730948985,0.08671457103074463,0.027932282682672043
1,5,7,True,2,DDoS,4,Mirai,0.029108914534181258,0.07376824976610111,0.04457647051358587
1,5,7,True,2,DDoS,5,Recon,0.0418074162246684,0.061569963477641036,0.04837520167158278
1,5,7,True,2,DDoS,6,Spoofing,0.05595116866136153,0.047584329650525906,0.07689998253077296
1,5,7,True,2,DDoS,7,Web-Based,0.08998460143464401,0.03314494343902811,0.03562408900134586
1,5,7,True,3,DoS,0,Benign,0.02817409506452135,0.035050043578934334,0.042044694103497406
1,5,7,True,3,DoS,1,BruteForce,0.052226307601852325,0.022870317512794346,0.022903262186133883
1,5,7,True,3,DoS,2,DDoS,0.28577311415812434,0.20133199491287224,0.29928914497879966
1,5,7,True,3,DoS,3,DoS,0.35730190293256997,0.5203816135395004,0.39409129704328877
1,5,7,True,3,DoS,4,Mirai,0.06615944228503202,0.09715345775629113,0.046517135311820994
1,5,7,True,3,DoS,5,Recon,0.029259732705137837,0.034982173449159534,0.03586961341078116
1,5,7,True,3,DoS,6,Spoofing,0.0654678736382166,0.05948205714899221,0.11958088099153534
1,5,7,True,3,DoS,7,Web-Based,0.11563753161454557,0.028748342101455777,0.03970397197414285
1,5,7,True,4,Mirai,0,Benign,0.08877884162579147,0.18322802974557137,0.15803829928626134
1,5,7,True,4,Mirai,1,BruteForce,0.16142717554705435,0.03617249572006396,0.02324967474085569
1,5,7,True,4,Mirai,2,DDoS,0.1558457987999263,0.051293804712611364,0.21429951582599055
1,5,7,True,4,Mirai,3,DoS,0.05224545280647888,0.0629466881918219,0.04786313847895252
1,5,7,True,4,Mirai,4,Mirai,0.06377247942085411,0.24390672351131576,0.12158082011883178
1,5,7,True,4,Mirai,5,Recon,0.07179452416682981,0.12167216612522604,0.07913860738665386
1,5,7,True,4,Mirai,6,Spoofing,0.15853197103927838,0.212484820260794,0.2673355405055664
1,5,7,True,4,Mirai,7,Web-Based,0.24760375659378672,0.08829527173259555,0.08849440365688792
1,5,7,True,5,Recon,0,Benign,0.10156908859988717,0.18871840971187032,0.16933151293432142
1,5,7,True,5,Recon,1,BruteForce,0.17716836837114994,0.04404478897261249,0.023268371573153347
1,5,7,True,5,Recon,2,DDoS,0.11162169318287493,0.03694560869433905,0.17770704044744995
1,5,7,True,5,Recon,3,DoS,0.03647047218940615,0.037333221212157486,0.021267034241298704
1,5,7,True,5,Recon,4,Mirai,0.05203857756149683,0.1282043568372068,0.11627460050720387
1,5,7,True,5,Recon,5,Recon,0.10672974829074164,0.22810936565977713,0.12369832313348705
1,5,7,True,5,Recon,6,Spoofing,0.170018694115684,0.20033851045599052,0.26291838932884415
1,5,7,True,5,Recon,7,Web-Based,0.24438335768875943,0.13630573845604615,0.10553472783424149
1,5,7,True,6,Spoofing,0,Benign,0.09965608047703294,0.22131441023051004,0.17501644461271487
1,5,7,True,6,Spoofing,1,BruteForce,0.1619627718352533,0.03521268094427438,0.021484065384614778
1,5,7,True,6,Spoofing,2,DDoS,0.10522449535607857,0.03454773735958945,0.15969167991808367
1,5,7,True,6,Spoofing,3,DoS,0.03897602481927243,0.04652229513371601,0.040222036031223
1,5,7,True,6,Spoofing,4,Mirai,0.05770696297367552,0.13476833171803337,0.10437302873967663
1,5,7,True,6,Spoofing,5,Recon,0.08766938524955303,0.19065356744506193,0.09595536247509695
1,5,7,True,6,Spoofing,6,Spoofing,0.18675218178454656,0.22533787536821268,0.3146634533266313
1,5,7,True,6,Spoofing,7,Web-Based,0.26205209750458774,0.11164310180060223,0.0885939295119589
1,5,7,True,7,Web-Based,0,Benign,0.10412206407869538,0.2237072937730102,0.1783952917633801
1,5,7,True,7,Web-Based,1,BruteForce,0.17470300970277963,0.03778180156478765,0.02330923188089099
1,5,7,True,7,Web-Based,2,DDoS,0.1162556520330021,0.04007704517885323,0.1826001336201361
1,5,7,True,7,Web-Based,3,DoS,0.04078218103495468,0.04398830332036098,0.024411332109139233
1,5,7,True,7,Web-Based,4,Mirai,0.055242267522618405,0.16436443931294614,0.11430485638861031
1,5,7,True,7,Web-Based,5,Recon,0.08730424242639394,0.1675364652633098,0.09879631550710012
1,5,7,True,7,Web-Based,6,Spoofing,0.1684067844768065,0.21017211032778588,0.28042700437631257
1,5,7,True,7,Web-Based,7,Web-Based,0.2531837987247495,0.11237254125894627,0.09775583435443067
1,5,8,True,0,Benign,0,Benign,0.029934816995776575,0.2211369741748441,0.019132850159553263
1,5,8,True,0,Benign,1,BruteForce,0.015025838372286904,0.03312446307615006,0.016068908819353574
1,5,8,True,0,Benign,2,DDoS,0.022745831367931776,0.05939659434664242,0.04439965505164727
1,5,8,True,0,Benign,3,DoS,0.058525527514627945,0.05986194378522571,0.056110536479231185
1,5,8,True,0,Benign,4,Mirai,0.06372014630694993,0.14090881295394306,0.02349910412323074
1,5,8,True,0,Benign,5,Recon,0.037562951427289125,0.18207334349285648,0.03706211308079212
1,5,8,True,0,Benign,6,Spoofing,0.31900111081038934,0.20517331179518983,0.7847352431503148
1,5,8,True,0,Benign,7,Web-Based,0.4534837772047484,0.09832455637514827,0.0189915891358769
1,5,8,True,1,BruteForce,0,Benign,0.029748543256655012,0.20368880004973494,0.017743662669092622
1,5,8,True,1,BruteForce,1,BruteForce,0.015546286734076528,0.04544385025217109,0.012867881546379339
1,5,8,True,1,BruteForce,2,DDoS,0.019754689146754354,0.039329131415074436,0.021160047750757877
1,5,8,True,1,BruteForce,3,DoS,0.044460115455145735,0.03458683603630567,0.028157277884586593
1,5,8,True,1,BruteForce,4,Mirai,0.06373063750763622,0.14796983396162722,0.02336187849024363
1,5,8,True,1,BruteForce,5,Recon,0.037812793432520336,0.17748959064928094,0.03457158621983451
1,5,8,True,1,BruteForce,6,Spoofing,0.3215156227221834,0.21518211277027458,0.8435205502423192
1,5,8,True,1,BruteForce,7,Web-Based,0.4674313117450285,0.13630984486553097,0.018617115196786365
1,5,8,True,2,DDoS,0,Benign,0.025837624936184588,0.05241486851951647,0.024591890673603345
1,5,8,True,2,DDoS,1,BruteForce,0.024097867171044823,0.028918040078051616,0.020488245038388166
1,5,8,True,2,DDoS,2,DDoS,0.4131208424541362,0.615885034038391,0.5738390966700034
1,5,8,True,2,DDoS,3,DoS,0.104804751617728,0.08671457103074463,0.03673158361827515
1,5,8,True,2,DDoS,4,Mirai,0.042815810703843736,0.07376824976610111,0.020919818015688825
1,5,8,True,2,DDoS,5,Recon,0.025220871028121487,0.061569963477641036,0.0387585856693685
1,5,8,True,2,DDoS,6,Spoofing,0.13161068278431115,0.047584329650525906,0.2685450562657869
1,5,8,True,2,DDoS,7,Web-Based,0.23249154930462987,0.03314494343902811,0.016125724048885598
1,5,8,True,3,DoS,0,Benign,0.019052704391115134,0.035050043578934334,0.016584975605900075
1,5,8,True,3,DoS,1,BruteForce,0.01724029047853696,0.022870317512794346,0.02787357350144254
1,5,8,True,3,DoS,2,DDoS,0.0433221950399601,0.20133199491287224,0.12449545436992798
1,5,8,True,3,DoS,3,DoS,0.3777536684596878,0.5203816135395004,0.412110294493304
1,5,8,True,3,DoS,4,Mirai,0.06673177331488737,0.09715345775629113,0.023082992246806874
1,5,8,True,3,DoS,5,Recon,0.021643838783579603,0.034982173449159534,0.026149152840062008
1,5,8,True,3,DoS,6,Spoofing,0.16009367560247012,0.05948205714899221,0.35010463360183147
1,5,8,True,3,DoS,7,Web-Based,0.2941618539297629,0.028748342101455777,0.019598923340725164
1,5,8,True,4,Mirai,0,Benign,0.02858842936582236,0.18322802974557137,0.017301721504134907
1,5,8,True,4,Mirai,1,BruteForce,0.015240071422565815,0.03617249572006396,0.014990765983382903
1,5,8,True,4,Mirai,2,DDoS,0.02161335751738759,0.051293804712611364,0.03027142230568031
1,5,8,True,4,Mirai,3,DoS,0.05710268902191481,0.0629466881918219,0.053350498446353464
1,5,8,True,4,Mirai,4,Mirai,0.07020925344359336,0.24390672351131576,0.02456751041949872
1,5,8,True,4,Mirai,5,Recon,0.03462654861291651,0.12167216612522604,0.029649843710601795
1,5,8,True,4,Mirai,6,Spoofing,0.3156780110130918,0.212484820260794,0.8112694934879471
1,5,8,True,4,Mirai,7,Web-Based,0.4569416396027079,0.08829527173259555,0.018598744142400783
1,5,8,True,5,Recon,0,Benign,0.029488101725255036,0.18871840971187032,0.017602542741750285
1,5,8,True,5,Recon,1,BruteForce,0.015246531061141252,0.04404478897261249,0.01298889133185358
1,5,8,True,5,Recon,2,DDoS,0.019194669065151587,0.03694560869433905,0.021295275993342844
1,5,8,True,5,Recon,3,DoS,0.04548978212014923,0.037333221212157486,0.029473546456429113
1,5,8,True,5,Recon,4,Mirai,0.06358694716428692,0.1282043568372068,0.02327832259421718
1,5,8,True,5,Recon,5,Recon,0.04023674264633179,0.22810936565977713,0.04548564476427263
1,5,8,True,5,Recon,6,Spoofing,0.31894217087576193,0.20033851045599052,0.8312604056001496
1,5,8,True,5,Recon,7,Web-Based,0.46781505534192225,0.13630573845604615,0.01861537051798485
1,5,8,True,6,Spoofing,0,Benign,0.02987145872251957,0.22131441023051004,0.017410521247189895
1,5,8,True,6,Spoofing,1,BruteForce,0.014865357522154385,0.03521268094427438,0.013890804576603797
1,5,8,True,6,Spoofing,2,DDoS,0.0201513362228835,0.03454773735958945,0.023166008602391583
1,5,8,True,6,Spoofing,3,DoS,0.05126584623146854,0.04652229513371601,0.04595798976193486
1,5,8,True,6,Spoofing,4,Mirai,0.06522086863687544,0.13476833171803337,0.02247485021861084
1,5,8,True,6,Spoofing,5,Recon,0.037814769229428946,0.19065356744506193,0.03455568325209396
1,5,8,True,6,Spoofing,6,Spoofing,0.3261360681464467,0.22533787536821268,0.8245215541322589
1,5,8,True,6,Spoofing,7,Web-Based,0.45467429528822284,0.11164310180060223,0.018022588208916227
1,5,8,True,7,Web-Based,0,Benign,0.029883227008181776,0.2237072937730102,0.018232554288658505
1,5,8,True,7,Web-Based,1,BruteForce,0.015049023553663938,0.03778180156478765,0.01344827549494716
1,5,8,True,7,Web-Based,2,DDoS,0.02064613444417549,0.04007704517885323,0.02607464544333082
1,5,8,True,7,Web-Based,3,DoS,0.04894380281761024,0.04398830332036098,0.03205878397403811
1,5,8,True,7,Web-Based,4,Mirai,0.06372592887023949,0.16436443931294614,0.02303780961405717
1,5,8,True,7,Web-Based,5,Recon,0.037819938543161694,0.1675364652633098,0.03465418902166594
1,5,8,True,7,Web-Based,6,Spoofing,0.32450966967575323,0.21017211032778588,0.8337732576626405
1,5,8,True,7,Web-Based,7,Web-Based,0.45942227508721417,0.11237254125894627,0.01872048450066193
1,5,9,False,0,Benign,0,Benign,0.2713242715800428,0.2211369741748441,0.212708631315114
1,5,9,False,0,Benign,1,BruteForce,0.004399602078218246,0.03312446307615006,0.0057487095059489636
1,5,9,False,0,Benign,2,DDoS,0.014003653794882514,0.05939659434664242,0.012474645677882902
1,5,9,False,0,Benign,3,DoS,0.004245504022482712,0.05986194378522571,0.006082180136627195
1,5,9,False,0,Benign,4,Mirai,0.4817509202786548,0.14090881295394306,0.5442726249294527
1,5,9,False,0,Benign,5,Recon,0.12176691719817528,0.18207334349285648,0.12353066180708568
1,5,9,False,0,Benign,6,Spoofing,0.09709325224222831,0.20517331179518983,0.08814688706657811
1,5,9,False,0,Benign,7,Web-Based,0.005415878805315268,0.09832455637514827,0.007035659561310454
1,5,9,False,1,BruteForce,0,Benign,0.2569936535781332,0.20368880004973494,0.19643140381446048
1,5,9,False,1,BruteForce,1,BruteForce,0.004317615697172865,0.04544385025217109,0.005420658974589235
1,5,9,False,1,BruteForce,2,DDoS,0.005226842941392386,0.039329131415074436,0.006972007456531547
1,5,9,False,1,BruteForce,3,DoS,0.003768312058001929,0.03458683603630567,0.005533962313056571
1,5,9,False,1,BruteForce,4,Mirai,0.507121692746521,0.14796983396162722,0.5796708218206121
1,5,9,False,1,BruteForce,5,Recon,0.1275561359656416,0.17748959064928094,0.11622772955673638
1,5,9,False,1,BruteForce,6,Spoofing,0.08955404660473056,0.21518211277027458,0.0831422568850313
1,5,9,False,1,BruteForce,7,Web-Based,0.005461700408406461,0.13630984486553097,0.006601159178982361
1,5,9,False,2,DDoS,0,Benign,0.07022630299335895,0.05241486851951647,0.07378109127923523
1,5,9,False,2,DDoS,1,BruteForce,0.0070083199812839975,0.028918040078051616,0.010804158511400564
1,5,9,False,2,DDoS,2,DDoS,0.5819602051947488,0.615885034038391,0.5145861140339755
1,5,9,False,2,DDoS,3,DoS,0.005176929012517922,0.08671457103074463,0.007623311259983734
1,5,9,False,2,DDoS,4,Mirai,0.23773942918461213,0.07376824976610111,0.265180145327734
1,5,9,False,2,DDoS,5,Recon,0.052855074532911356,0.061569963477641036,0.06938093456303068
1,5,9,False,2,DDoS,6,Spoofing,0.038919434168410295,0.047584329650525906,0.04814830975089366
1,5,9,False,2,DDoS,7,Web-Based,0.006114304932156561,0.03314494343902811,0.010495935273746787
1,5,9,False,3,DoS,0,Benign,0.057988928773364895,0.035050043578934334,0.06597761485226326
1,5,9,False,3,DoS,1,BruteForce,0.00703059720746816,0.022870317512794346,0.007601240551088666
1,5,9,False,3,DoS,2,DDoS,0.12669613564432883,0.20133199491287224,0.0885159228871596
1,5,9,False,3,DoS,3,DoS,0.013133888670474297,0.5203816135395004,0.010185430516659743
1,5,9,False,3,DoS,4,Mirai,0.5966902481006565,0.09715345775629113,0.6278306998648712
1,5,9,False,3,DoS,5,Recon,0.03788491377945225,0.034982173449159534,0.04921960120497947
1,5,9,False,3,DoS,6,Spoofing,0.1529518183813191,0.05948205714899221,0.1410816114877004
1,5,9,False,3,DoS,7,Web-Based,0.007623469442935942,0.028748342101455777,0.009587878635277698
1,5,9,False,4,Mirai,0,Benign,0.1825738098332291,0.18322802974557137,0.15665054209698429
1,5,9,False,4,Mirai,1,BruteForce,0.003228709138957331,0.03617249572006396,0.004262151925292362
1,5,9,False,4,Mirai,2,DDoS,0.006167433538213245,0.051293804712611364,0.007815598967478177
1,5,9,False,4,Mirai,3,DoS,0.0033800416884745992,0.0629466881918219,0.004755756169192422
1,5,9,False,4,Mirai,4,Mirai,0.6830990071744093,0.24390672351131576,0.7019238838520995
1,5,9,False,4,Mirai,5,Recon,0.04703653481161008,0.12167216612522604,0.054753709471234764
1,5,9,False,4,Mirai,6,Spoofing,0.0700039256345845,0.212484820260794,0.06372590334822469
1,5,9,False,4,Mirai,7,Web-Based,0.004510538180521898,0.08829527173259555,0.006112454169493804
1,5,9,False,5,Recon,0,Benign,0.24167622045980988,0.18871840971187032,0.18533707283203812
1,5,9,False,5,Recon,1,BruteForce,0.0047426221044716745,0.04404478897261249,0.005850890664782675
1,5,9,False,5,Recon,2,DDoS,0.004765418617833981,0.03694560869433905,0.006644792733948009
1,5,9,False,5,Recon,3,DoS,0.0038909625521087003,0.037333221212157486,0.005533990742806916
1,5,9,False,5,Recon,4,Mirai,0.4076719435537071,0.1282043568372068,0.5104705615668697
1,5,9,False,5,Recon,5,Recon,0.23789852043555929,0.22810936565977713,0.20107210707856
1,5,9,False,5,Recon,6,Spoofing,0.09403496304733425,0.20033851045599052,0.07872758222176585
1,5,9,False,5,Recon,7,Web-Based,0.005319349229175112,0.13630573845604615,0.0063630021592289395
1,5,9,False,6,Spoofing,0,Benign,0.2559714088038011,0.22131441023051004,0.2129752411877739
1,5,9,False,6,Spoofing,1,BruteForce,0.004413710200704377,0.03521268094427438,0.005594561604115943
1,5,9,False,6,Spoofing,2,DDoS,0.005183346729081038,0.03454773735958945,0.007003732231253415
1,5,9,False,6,Spoofing,3,DoS,0.004097741510624477,0.04652229513371601,0.005646586458114659
1,5,9,False,6,Spoofing,4,Mirai,0.4516164729339823,0.13476833171803337,0.5270247029692076
1,5,9,False,6,Spoofing,5,Recon,0.14192574286686252,0.19065356744506193,0.13388392227429521
1,5,9,False,6,Spoofing,6,Spoofing,0.1310967117331378,0.22533787536821268,0.10103837489641995
1,5,9,False,6,Spoofing,7,Web-Based,0.005694865221806429,0.11164310180060223,0.006832878378819363
1,5,9,False,7,Web-Based,0,Benign,0.23271907199918657,0.2237072937730102,0.20573941393174097
1,5,9,False,7,Web-Based,1,BruteForce,0.00378145149473563,0.03778180156478765,0.004988285031987422
1,5,9,False,7,Web-Based,2,DDoS,0.005432236606621205,0.04007704517885323,0.0078520559200081
1,5,9,False,7,Web-Based,3,DoS,0.0036827559031679755,0.04398830332036098,0.0050920035248949455
1,5,9,False,7,Web-Based,4,Mirai,0.5598307385125908,0.16436443931294614,0.5967359652309505
1,5,9,False,7,Web-Based,5,Recon,0.09383464458819482,0.1675364652633098,0.09912271282795135
1,5,9,False,7,Web-Based,6,Spoofing,0.09565511413053282,0.21017211032778588,0.07408300743614007
1,5,9,False,7,Web-Based,7,Web-Based,0.005063986764970202,0.11237254125894627,0.006386556096326617
1,5,10,True,0,Benign,0,Benign,0.032680384858942826,0.2211369741748441,0.022270045567745377
1,5,10,True,0,Benign,1,BruteForce,0.015076239780549186,0.03312446307615006,0.019048116147505827
1,5,10,True,0,Benign,2,DDoS,0.030163281124996975,0.05939659434664242,0.058264932055389435
1,5,10,True,0,Benign,3,DoS,0.04008601705852392,0.05986194378522571,0.04369451153948292
1,5,10,True,0,Benign,4,Mirai,0.06851857029521013,0.14090881295394306,0.07935026555243353
1,5,10,True,0,Benign,5,Recon,0.1065928673183695,0.18207334349285648,0.13568543610090097
1,5,10,True,0,Benign,6,Spoofing,0.21188113132284572,0.20517331179518983,0.3294301928385613
1,5,10,True,0,Benign,7,Web-Based,0.49500150824056177,0.09832455637514827,0.3122565001979806
1,5,10,True,1,BruteForce,0,Benign,0.03154497410909032,0.20368880004973494,0.021395882591181345
1,5,10,True,1,BruteForce,1,BruteForce,0.015570272710958283,0.04544385025217109,0.01820485343619936
1,5,10,True,1,BruteForce,2,DDoS,0.021120069357335076,0.039329131415074436,0.027800501153444554
1,5,10,True,1,BruteForce,3,DoS,0.02801271291058751,0.03458683603630567,0.030508297120172185
1,5,10,True,1,BruteForce,4,Mirai,0.07072245336590124,0.14796983396162722,0.09075246456452916
1,5,10,True,1,BruteForce,5,Recon,0.10827807886453014,0.17748959064928094,0.1355921528596097
1,5,10,True,1,BruteForce,6,Spoofing,0.20517617389990264,0.21518211277027458,0.2919583863509789
1,5,10,True,1,BruteForce,7,Web-Based,0.5195752647816949,0.13630984486553097,0.38378746192388474
1,5,10,True,2,DDoS,0,Benign,0.022047610353017597,0.05241486851951647,0.02146354989899178
1,5,10,True,2,DDoS,1,BruteForce,0.025449331627816155,0.028918040078051616,0.021106456308982644
1,5,10,True,2,DDoS,2,DDoS,0.4709852593540542,0.615885034038391,0.6022786062618589
1,5,10,True,2,DDoS,3,DoS,0.11143941749127174,0.08671457103074463,0.024344013283275748
1,5,10,True,2,DDoS,4,Mirai,0.03906970819288408,0.07376824976610111,0.040499910327815074
1,5,10,True,2,DDoS,5,Recon,0.049937223258500474,0.061569963477641036,0.05963832227706456
1,5,10,True,2,DDoS,6,Spoofing,0.077130160642011,0.047584329650525906,0.10744966039347457
1,5,10,True,2,DDoS,7,Web-Based,0.20394128908044476,0.03314494343902811,0.12321948124853671
1,5,10,True,3,DoS,0,Benign,0.019498299337841165,0.035050043578934334,0.016524256399403355
1,5,10,True,3,DoS,1,BruteForce,0.02095406421392457,0.022870317512794346,0.024251685421476613
1,5,10,True,3,DoS,2,DDoS,0.10207408862163059,0.20133199491287224,0.1921524231437968
1,5,10,True,3,DoS,3,DoS,0.3881728024879119,0.5203816135395004,0.3432196650431296
1,5,10,True,3,DoS,4,Mirai,0.061408178521833924,0.09715345775629113,0.04899223425140833
1,5,10,True,3,DoS,5,Recon,0.04727507788403578,0.034982173449159534,0.06773421950960029
1,5,10,True,3,DoS,6,Spoofing,0.10220639158812993,0.05948205714899221,0.18115959177665295
1,5,10,True,3,DoS,7,Web-Based,0.25841109734469203,0.028748342101455777,0.12596592445453203
1,5,10,True,4,Mirai,0,Benign,0.030064689398386853,0.18322802974557137,0.020906360869143853
1,5,10,True,4,Mirai,1,BruteForce,0.015029086308406861,0.03617249572006396,0.018484991654150906
1,5,10,True,4,Mirai,2,DDoS,0.02645846044108145,0.051293804712611364,0.04526853483889094
1,5,10,True,4,Mirai,3,DoS,0.03874663717841413,0.0629466881918219,0.04057060523043271
1,5,10,True,4,Mirai,4,Mirai,0.07874556581576822,0.24390672351131576,0.0930199027442174
1,5,10,True,4,Mirai,5,Recon,0.09764012622146809,0.12167216612522604,0.1230947051897784
1,5,10,True,4,Mirai,6,Spoofing,0.20688183230804855,0.212484820260794,0.32823821797470715
1,5,10,True,4,Mirai,7,Web-Based,0.5064336023284259,0.08829527173259555,0.33041668149867864
1,5,10,True,5,Recon,0,Benign,0.031173844816650594,0.18871840971187032,0.021000630285856473
1,5,10,True,5,Recon,1,BruteForce,0.015268009108698409,0.04404478897261249,0.01812983451842123
1,5,10,True,5,Recon,2,DDoS,0.020988312009400132,0.03694560869433905,0.027754586994734036
1,5,10,True,5,Recon,3,DoS,0.02848819959243964,0.037333221212157486,0.031053758674665574
1,5,10,True,5,Recon,4,Mirai,0.06896658895101887,0.1282043568372068,0.08863199214013308
1,5,10,True,5,Recon,5,Recon,0.12436652236373168,0.22810936565977713,0.1505426834996439
1,5,10,True,5,Recon,6,Spoofing,0.20132415499058418,0.20033851045599052,0.2842386896914777
1,5,10,True,5,Recon,7,Web-Based,0.5094243681674766,0.13630573845604615,0.37864782419506804
1,5,10,True,6,Spoofing,0,Benign,0.03277020043107284,0.22131441023051004,0.0219464716626074
1,5,10,True,6,Spoofing,1,BruteForce,0.014679940563903425,0.03521268094427438,0.017590292229546802
1,5,10,True,6,Spoofing,2,DDoS,0.02156439604869532,0.03454773735958945,0.02732242244704799
1,5,10,True,6,Spoofing,3,DoS,0.033376493876358077,0.04652229513371601,0.03497819372947385
1,5,10,True,6,Spoofing,4,Mirai,0.07065190211458794,0.13476833171803337,0.08108459950483436
1,5,10,True,6,Spoofing,5,Recon,0.10705747148230546,0.19065356744506193,0.13512999372248
1,5,10,True,6,Spoofing,6,Spoofing,0.21628992558833918,0.22533787536821268,0.34700179629198724
1,5,10,True,6,Spoofing,7,Web-Based,0.5036096698947377,0.11164310180060223,0.33494623041202237
1,5,10,True,7,Web-Based,0,Benign,0.032403670624404246,0.2237072937730102,0.02233567399325899
1,5,10,True,7,Web-Based,1,BruteForce,0.014741066823712585,0.03778180156478765,0.017738799278910797
1,5,10,True,7,Web-Based,2,DDoS,0.02239479467127239,0.04007704517885323,0.02980222971691401
1,5,10,True,7,Web-Based,3,DoS,0.03095455974809062,0.04398830332036098,0.031205773506683104
1,5,10,True,7,Web-Based,4,Mirai,0.0711227900225345,0.16436443931294614,0.08933694551850077
1,5,10,True,7,Web-Based,5,Recon,0.10897916998120548,0.1675364652633098,0.13496437980333795
1,5,10,True,7,Web-Based,6,Spoofing,0.20885945367205397,0.21017211032778588,0.30979530381561704
1,5,10,True,7,Web-Based,7,Web-Based,0.5105444944567261,0.11237254125894627,0.3648208943667773
1,5,11,False,0,Benign,0,Benign,0.48785516909202054,0.2211369741748441,0.5054759344795156
1,5,11,False,0,Benign,1,BruteForce,0.006241608540251591,0.03312446307615006,0.007462605127298825
1,5,11,False,0,Benign,2,DDoS,0.008155106156843605,0.05939659434664242,0.010640381605379423
1,5,11,False,0,Benign,3,DoS,0.011371609731422547,0.05986194378522571,0.014780983180301552
1,5,11,False,0,Benign,4,Mirai,0.08130579025106288,0.14090881295394306,0.08417180931879836
1,5,11,False,0,Benign,5,Recon,0.14361602172165264,0.18207334349285648,0.1373969726142291
1,5,11,False,0,Benign,6,Spoofing,0.2539858579362773,0.20517331179518983,0.23190462746669555
1,5,11,False,0,Benign,7,Web-Based,0.007468836570468982,0.09832455637514827,0.008166686207781701
1,5,11,False,1,BruteForce,0,Benign,0.45102186756489115,0.20368880004973494,0.5106147524192624
1,5,11,False,1,BruteForce,1,BruteForce,0.00656859904943432,0.04544385025217109,0.007222023432318588
1,5,11,False,1,BruteForce,2,DDoS,0.006886574904599038,0.039329131415074436,0.009715753075438184
1,5,11,False,1,BruteForce,3,DoS,0.006408730032657879,0.03458683603630567,0.00845695820506947
1,5,11,False,1,BruteForce,4,Mirai,0.08333374858606393,0.14796983396162722,0.08771126418285896
1,5,11,False,1,BruteForce,5,Recon,0.15689378752868682,0.17748959064928094,0.13823024944282974
1,5,11,False,1,BruteForce,6,Spoofing,0.28109727318616873,0.21518211277027458,0.23020952939325387
1,5,11,False,1,BruteForce,7,Web-Based,0.007789419147498277,0.13630984486553097,0.00783946984896885
1,5,11,False,2,DDoS,0,Benign,0.1944257823420306,0.05241486851951647,0.391693033549768
1,5,11,False,2,DDoS,1,BruteForce,0.011525548560807166,0.028918040078051616,0.012270970192291
1,5,11,False,2,DDoS,2,DDoS,0.4855332167089059,0.615885034038391,0.14293445703506732
1,5,11,False,2,DDoS,3,DoS,0.019589061490551413,0.08671457103074463,0.0346928188460991
1,5,11,False,2,DDoS,4,Mirai,0.07648589057392786,0.07376824976610111,0.08264899631452405
1,5,11,False,2,DDoS,5,Recon,0.0676288928379735,0.061569963477641036,0.10654715777236783
1,5,11,False,2,DDoS,6,Spoofing,0.13532016501269173,0.047584329650525906,0.2163560792426348
1,5,11,False,2,DDoS,7,Web-Based,0.009491442473111905,0.03314494343902811,0.012856487047247967
1,5,11,False,3,DoS,0,Benign,0.06285855237449182,0.035050043578934334,0.10309353673587984
1,5,11,False,3,DoS,1,BruteForce,0.01124126480943724,0.022870317512794346,0.016412016849813423
1,5,11,False,3,DoS,2,DDoS,0.01851231350154504,0.20133199491287224,0.01715386702274042
1,5,11,False,3,DoS,3,DoS,0.5670932023940316,0.5203816135395004,0.4905930896630506
1,5,11,False,3,DoS,4,Mirai,0.059005841175025144,0.09715345775629113,0.06735126521196996
1,5,11,False,3,DoS,5,Recon,0.028331728331501025,0.034982173449159534,0.03254476557324266
1,5,11,False,3,DoS,6,Spoofing,0.24400710807171722,0.05948205714899221,0.2576296574068613
1,5,11,False,3,DoS,7,Web-Based,0.008949989342250863,0.028748342101455777,0.015221801536441816
1,5,11,False,4,Mirai,0,Benign,0.45566074959321123,0.18322802974557137,0.4930178028074896
1,5,11,False,4,Mirai,1,BruteForce,0.0062920198804577955,0.03617249572006396,0.007418595071505128
1,5,11,False,4,Mirai,2,DDoS,0.008459070033862091,0.051293804712611364,0.010673475310734544
1,5,11,False,4,Mirai,3,DoS,0.013723992091813407,0.0629466881918219,0.017015575176746667
1,5,11,False,4,Mirai,4,Mirai,0.15835527906333866,0.24390672351131576,0.12286600958710883
1,5,11,False,4,Mirai,5,Recon,0.07900264163847265,0.12167216612522604,0.08906886765228121
1,5,11,False,4,Mirai,6,Spoofing,0.2707012358864915,0.212484820260794,0.2510653933064498
1,5,11,False,4,Mirai,7,Web-Based,0.007805011812352585,0.08829527173259555,0.008874281087684113
1,5,11,False,5,Recon,0,Benign,0.41321348504552285,0.18871840971187032,0.4927068831424751
1,5,11,False,5,Recon,1,BruteForce,0.006519718482015301,0.04404478897261249,0.00742554195106978
1,5,11,False,5,Recon,2,DDoS,0.006501640731753343,0.03694560869433905,0.009624595886530429
1,5,11,False,5,Recon,3,DoS,0.005903552060133565,0.037333221212157486,0.008328389430311143
1,5,11,False,5,Recon,4,Mirai,0.06555762245968016,0.1282043568372068,0.08341663457695307
1,5,11,False,5,Recon,5,Recon,0.2593484657971639,0.22810936565977713,0.18752957396487546
1,5,11,False,5,Recon,6,Spoofing,0.23544900770530933,0.20033851045599052,0.20326917878805226
1,5,11,False,5,Recon,7,Web-Based,0.007506507718421558,0.13630573845604615,0.0076992022597328095
1,5,11,False,6,Spoofing,0,Benign,0.4317093070459979,0.22131441023051004,0.48286301836284756
1,5,11,False,6,Spoofing,1,BruteForce,0.0060093509812546774,0.03521268094427438,0.007235802502337834
1,5,11,False,6,Spoofing,2,DDoS,0.007199703964997322,0.03454773735958945,0.009895507549570342
1,5,11,False,6,Spoofing,3,DoS,0.007026444912379524,0.04652229513371601,0.009983399578093499
1,5,11,False,6,Spoofing,4,Mirai,0.07260429024075807,0.13476833171803337,0.0785594528290734
1,5,11,False,6,Spoofing,5,Recon,0.1542865925025618,0.19065356744506193,0.12942968868645746
1,5,11,False,6,Spoofing,6,Spoofing,0.3137579737246628,0.22533787536821268,0.2740407670468335
1,5,11,False,6,Spoofing,7,Web-Based,0.007406336627387982,0.11164310180060223,0.007992363444786446
1,5,11,False,7,Web-Based,0,Benign,0.488187017610379,0.2237072937730102,0.5289669156973816
1,5,11,False,7,Web-Based,1,BruteForce,0.005976772451931906,0.03778180156478765,0.006997340482420253
1,5,11,False,7,Web-Based,2,DDoS,0.00731364433578143,0.04007704517885323,0.009770151186618404
1,5,11,False,7,Web-Based,3,DoS,0.007213848934680799,0.04398830332036098,0.009807038889836544
1,5,11,False,7,Web-Based,4,Mirai,0.09859824771472289,0.16436443931294614,0.09178229978131258
1,5,11,False,7,Web-Based,5,Recon,0.12262576141908951,0.1675364652633098,0.12418983171646154
1,5,11,False,7,Web-Based,6,Spoofing,0.2626174100151717,0.21017211032778588,0.2204966630762761
1,5,11,False,7,Web-Based,7,Web-Based,0.007467297518242703,0.11237254125894627,0.007989759169692986
1,5,12,False,0,Benign,0,Benign,0.026416871360758324,0.2211369741748441,0.026462665550044947
1,5,12,False,0,Benign,1,BruteForce,0.009079666233518056,0.03312446307615006,0.012055694095309408
1,5,12,False,0,Benign,2,DDoS,0.010907454852506429,0.05939659434664242,0.014718325348589106
1,5,12,False,0,Benign,3,DoS,0.03385268480679072,0.05986194378522571,0.09649944847369452
1,5,12,False,0,Benign,4,Mirai,0.5278492406812528,0.14090881295394306,0.497085396462591
1,5,12,False,0,Benign,5,Recon,0.12728431865657908,0.18207334349285648,0.12355267580960916
1,5,12,False,0,Benign,6,Spoofing,0.2024899372383623,0.20517331179518983,0.18046671219629276
1,5,12,False,0,Benign,7,Web-Based,0.062119826170232345,0.09832455637514827,0.04915908206386924
1,5,12,False,1,BruteForce,0,Benign,0.024441050775457475,0.20368880004973494,0.025107642284793254
1,5,12,False,1,BruteForce,1,BruteForce,0.00984459728695997,0.04544385025217109,0.01200549613060556
1,5,12,False,1,BruteForce,2,DDoS,0.010145140792195945,0.039329131415074436,0.013128686943424587
1,5,12,False,1,BruteForce,3,DoS,0.016760977703262382,0.03458683603630567,0.029005819762036804
1,5,12,False,1,BruteForce,4,Mirai,0.5715375170127457,0.14796983396162722,0.5528058772746978
1,5,12,False,1,BruteForce,5,Recon,0.10583670052906456,0.17748959064928094,0.13472743978366244
1,5,12,False,1,BruteForce,6,Spoofing,0.17808274014104214,0.21518211277027458,0.17409356481768265
1,5,12,False,1,BruteForce,7,Web-Based,0.08335127575927193,0.13630984486553097,0.059125473003096875
1,5,12,False,2,DDoS,0,Benign,0.016511013399464664,0.05241486851951647,0.030003869943939145
1,5,12,False,2,DDoS,1,BruteForce,0.012992474176100255,0.028918040078051616,0.017771132103718997
1,5,12,False,2,DDoS,2,DDoS,0.5282769239618877,0.615885034038391,0.3171184497345759
1,5,12,False,2,DDoS,3,DoS,0.0738561326816826,0.08671457103074463,0.10086297956612204
1,5,12,False,2,DDoS,4,Mirai,0.2175399076410179,0.07376824976610111,0.3132603556709456
1,5,12,False,2,DDoS,5,Recon,0.06740609669970919,0.061569963477641036,0.09257944457817051
1,5,12,False,2,DDoS,6,Spoofing,0.05718103373901759,0.047584329650525906,0.08977983377810282
1,5,12,False,2,DDoS,7,Web-Based,0.0262364177011202,0.03314494343902811,0.03862393462442499
1,5,12,False,3,DoS,0,Benign,0.007334919727271866,0.035050043578934334,0.010999057746118568
1,5,12,False,3,DoS,1,BruteForce,0.011699304343589827,0.022870317512794346,0.0175514269892811
1,5,12,False,3,DoS,2,DDoS,0.021808684192331604,0.20133199491287224,0.020152437677119866
1,5,12,False,3,DoS,3,DoS,0.8028966385774184,0.5203816135395004,0.7022069929548109
1,5,12,False,3,DoS,4,Mirai,0.0769046196740896,0.09715345775629113,0.11680458200945516
1,5,12,False,3,DoS,5,Recon,0.024717787737561815,0.034982173449159534,0.03703591624944796
1,5,12,False,3,DoS,6,Spoofing,0.039170861228931014,0.05948205714899221,0.07279207348035582
1,5,12,False,3,DoS,7,Web-Based,0.015467184518805929,0.028748342101455777,0.022457512893410584
1,5,12,False,4,Mirai,0,Benign,0.02296444466235051,0.18322802974557137,0.02594305074139693
1,5,12,False,4,Mirai,1,BruteForce,0.00746394948173293,0.03617249572006396,0.010684721840303734
1,5,12,False,4,Mirai,2,DDoS,0.01147093252108097,0.051293804712611364,0.015048815664166753
1,5,12,False,4,Mirai,3,DoS,0.02290615701114728,0.0629466881918219,0.0529732702800002
1,5,12,False,4,Mirai,4,Mirai,0.6834215013338877,0.24390672351131576,0.6064310047794048
1,5,12,False,4,Mirai,5,Recon,0.06326944727504212,0.12167216612522604,0.095220632058516
1,5,12,False,4,Mirai,6,Spoofing,0.14229984516504057,0.212484820260794,0.14817769204580464
1,5,12,False,4,Mirai,7,Web-Based,0.04620372254971794,0.08829527173259555,0.045520812590406794
1,5,12,False,5,Recon,0,Benign,0.023162842543187137,0.18871840971187032,0.023632525474858623
1,5,12,False,5,Recon,1,BruteForce,0.010167352496657598,0.04404478897261249,0.012284384474508312
1,5,12,False,5,Recon,2,DDoS,0.010153686584848717,0.03694560869433905,0.01318532466708884
1,5,12,False,5,Recon,3,DoS,0.018589928240160526,0.037333221212157486,0.0314168214343716
1,5,12,False,5,Recon,4,Mirai,0.5198884679111152,0.1282043568372068,0.5370038599406017
1,5,12,False,5,Recon,5,Recon,0.15942782486963725,0.22810936565977713,0.16281062096259766
1,5,12,False,5,Recon,6,Spoofing,0.16960099043916316,0.20033851045599052,0.1625838537369057
1,5,12,False,5,Recon,7,Web-Based,0.08900890691523046,0.13630573845604615,0.05708260930906753
1,5,12,False,6,Spoofing,0,Benign,0.025653940037132773,0.22131441023051004,0.026469107199742777
1,5,12,False,6,Spoofing,1,BruteForce,0.009243417587567547,0.03521268094427438,0.011622460802595755
1,5,12,False,6,Spoofing,2,DDoS,0.009747835513881786,0.03454773735958945,0.013628173719736776
1,5,12,False,6,Spoofing,3,DoS,0.02865279281370063,0.04652229513371601,0.05960305714089781
1,5,12,False,6,Spoofing,4,Mirai,0.4922495270828577,0.13476833171803337,0.49415070750533713
1,5,12,False,6,Spoofing,5,Recon,0.12656394194737372,0.19065356744506193,0.1245803767133329
1,5,12,False,6,Spoofing,6,Spoofing,0.2363457666942609,0.22533787536821268,0.2142325937076371
1,5,12,False,6,Spoofing,7,Web-Based,0.071542778323225,0.11164310180060223,0.05571352321071982
1,5,12,False,7,Web-Based,0,Benign,0.024525084492537496,0.2237072937730102,0.02641490311951378
1,5,12,False,7,Web-Based,1,BruteForce,0.008581886423242214,0.03778180156478765,0.011202996129719044
1,5,12,False,7,Web-Based,2,DDoS,0.010185239418930219,0.04007704517885323,0.013888644164304482
1,5,12,False,7,Web-Based,3,DoS,0.02407469142607833,0.04398830332036098,0.03456977866360679
1,5,12,False,7,Web-Based,4,Mirai,0.5838145867064742,0.16436443931294614,0.5575893799557168
1,5,12,False,7,Web-Based,5,Recon,0.10641301009857144,0.1675364652633098,0.13010916216150645
1,5,12,False,7,Web-Based,6,Spoofing,0.17530677744930134,0.21017211032778588,0.1695661573199577
1,5,12,False,7,Web-Based,7,Web-Based,0.06709872398486484,0.11237254125894627,0.056658978485675054
1,5,13,False,0,Benign,0,Benign,0.060613056551156015,0.2211369741748441,0.06055386004083888
1,5,13,False,0,Benign,1,BruteForce,0.10282840032874446,0.03312446307615006,0.09363316921225759
1,5,13,False,0,Benign,2,DDoS,0.06451543999233951,0.05939659434664242,0.06796401271045555
1,5,13,False,0,Benign,3,DoS,0.012117954061318386,0.05986194378522571,0.01536906606727667
1,5,13,False,0,Benign,4,Mirai,0.05216869506215313,0.14090881295394306,0.05432285348042039
1,5,13,False,0,Benign,5,Recon,0.3776420707107686,0.18207334349285648,0.39795739412411263
1,5,13,False,0,Benign,6,Spoofing,0.1385161859129467,0.20517331179518983,0.1273448450201094
1,5,13,False,0,Benign,7,Web-Based,0.19159819738057315,0.09832455637514827,0.18285479934452892
1,5,13,False,1,BruteForce,0,Benign,0.06466812681620954,0.20368880004973494,0.06219007911701284
1,5,13,False,1,BruteForce,1,BruteForce,0.13690845386827272,0.04544385025217109,0.11360017528602807
1,5,13,False,1,BruteForce,2,DDoS,0.023821375663307384,0.039329131415074436,0.024879683051240126
1,5,13,False,1,BruteForce,3,DoS,0.013793922715815884,0.03458683603630567,0.01628907518567972
1,5,13,False,1,BruteForce,4,Mirai,0.059817734021712456,0.14796983396162722,0.05909321433342645
1,5,13,False,1,BruteForce,5,Recon,0.33435281486440904,0.17748959064928094,0.39380068182300615
1,5,13,False,1,BruteForce,6,Spoofing,0.12298738228481725,0.21518211277027458,0.1127826349398934
1,5,13,False,1,BruteForce,7,Web-Based,0.24365018976545563,0.13630984486553097,0.21736445626371323
1,5,13,False,2,DDoS,0,Benign,0.0228874961947262,0.05241486851951647,0.029645218230663097
1,5,13,False,2,DDoS,1,BruteForce,0.039195588443166195,0.028918040078051616,0.044390003608591314
1,5,13,False,2,DDoS,2,DDoS,0.6688077243417495,0.615885034038391,0.6352909363725004
1,5,13,False,2,DDoS,3,DoS,0.006891065712427139,0.08671457103074463,0.010503117844130891
1,5,13,False,2,DDoS,4,Mirai,0.025461363073573464,0.07376824976610111,0.02860493938647318
1,5,13,False,2,DDoS,5,Recon,0.13486456467251778,0.061569963477641036,0.13708271084685927
1,5,13,False,2,DDoS,6,Spoofing,0.04131977430705775,0.047584329650525906,0.05030055513476766
1,5,13,False,2,DDoS,7,Web-Based,0.06057242325478195,0.03314494343902811,0.06418251857601417
1,5,13,False,3,DoS,0,Benign,0.018866593011644568,0.035050043578934334,0.03233971978002759
1,5,13,False,3,DoS,1,BruteForce,0.057580218303580205,0.022870317512794346,0.05300713177743538
1,5,13,False,3,DoS,2,DDoS,0.35404095280975323,0.20133199491287224,0.2691257299968779
1,5,13,False,3,DoS,3,DoS,0.1899716372968128,0.5203816135395004,0.05076355300514008
1,5,13,False,3,DoS,4,Mirai,0.08303997568039397,0.09715345775629113,0.061014517512999064
1,5,13,False,3,DoS,5,Recon,0.1065198477586704,0.034982173449159534,0.29218726986237215
1,5,13,False,3,DoS,6,Spoofing,0.11186571786532583,0.05948205714899221,0.11358387417877497
1,5,13,False,3,DoS,7,Web-Based,0.078115057273819,0.028748342101455777,0.12797820388637293
1,5,13,False,4,Mirai,0,Benign,0.06322398878943737,0.18322802974557137,0.06505704215425251
1,5,13,False,4,Mirai,1,BruteForce,0.12589259346530035,0.03617249572006396,0.10857552825100836
1,5,13,False,4,Mirai,2,DDoS,0.07027101987669616,0.051293804712611364,0.054829259904598894
1,5,13,False,4,Mirai,3,DoS,0.01374329151823832,0.0629466881918219,0.01631967809243778
1,5,13,False,4,Mirai,4,Mirai,0.08587063155118634,0.24390672351131576,0.06634550226409335
1,5,13,False,4,Mirai,5,Recon,0.3018971027244953,0.12167216612522604,0.36094686593090997
1,5,13,False,4,Mirai,6,Spoofing,0.1355326690152031,0.212484820260794,0.12982506029211566
1,5,13,False,4,Mirai,7,Web-Based,0.203568703059443,0.08829527173259555,0.19810106311058343
1,5,13,False,5,Recon,0,Benign,0.05969950855985227,0.18871840971187032,0.058890944199925195
1,5,13,False,5,Recon,1,BruteForce,0.1250956385473552,0.04404478897261249,0.10996258594731881
1,5,13,False,5,Recon,2,DDoS,0.02234433394023949,0.03694560869433905,0.024575459907588162
1,5,13,False,5,Recon,3,DoS,0.013209736751042337,0.037333221212157486,0.016073495926865418
1,5,13,False,5,Recon,4,Mirai,0.054487433166828685,0.1282043568372068,0.05682780049595466
1,5,13,False,5,Recon,5,Recon,0.3811883284038103,0.22810936565977713,0.4166202590929207
1,5,13,False,5,Recon,6,Spoofing,0.11452900241847107,0.20033851045599052,0.10761596507282863
1,5,13,False,5,Recon,7,Web-Based,0.2294460182124006,0.13630573845604615,0.20943348935659842
1,5,13,False,6,Spoofing,0,Benign,0.058653092765261816,0.22131441023051004,0.05824697724820248
1,5,13,False,6,Spoofing,1,BruteForce,0.10336221861226162,0.03521268094427438,0.09347761890614228
1,5,13,False,6,Spoofing,2,DDoS,0.02076941045125574,0.03454773735958945,0.023553621414356338
1,5,13,False,6,Spoofing,3,DoS,0.012357993005561537,0.04652229513371601,0.015169114494199247
1,5,13,False,6,Spoofing,4,Mirai,0.051650816732320186,0.13476833171803337,0.05348185281645945
1,5,13,False,6,Spoofing,5,Recon,0.4017735913023069,0.19065356744506193,0.4310847366068133
1,5,13,False,6,Spoofing,6,Spoofing,0.14250728668929127,0.22533787536821268,0.12784485484416347
1,5,13,False,6,Spoofing,7,Web-Based,0.20892559044174086,0.11164310180060223,0.19714122366966352
1,5,13,False,7,Web-Based,0,Benign,0.06438070634416669,0.2237072937730102,0.06390660193207431
1,5,13,False,7,Web-Based,1,BruteForce,0.11604603716307059,0.03778180156478765,0.10607394555793523
1,5,13,False,7,Web-Based,2,DDoS,0.026258372504932428,0.04007704517885323,0.030251013981192044
1,5,13,False,7,Web-Based,3,DoS,0.01265170344787058,0.04398830332036098,0.015764724610940636
1,5,13,False,7,Web-Based,4,Mirai,0.0627595170043588,0.16436443931294614,0.05832549336769389
1,5,13,False,7,Web-Based,5,Recon,0.3715564103049363,0.1675364652633098,0.40326458703784607
1,5,13,False,7,Web-Based,6,Spoofing,0.12721535290574337,0.21017211032778588,0.11685334765521006
1,5,13,False,7,Web-Based,7,Web-Based,0.21913190032492127,0.11237254125894627,0.20556028585710787
1,5,14,True,0,Benign,0,Benign,0.12444683418310423,0.2211369741748441,0.1480594796370353
1,5,14,True,0,Benign,1,BruteForce,0.281741306557445,0.03312446307615006,0.09103057403818236
1,5,14,True,0,Benign,2,DDoS,0.10058317984425,0.05939659434664242,0.13501037934870694
1,5,14,True,0,Benign,3,DoS,0.061894641088156496,0.05986194378522571,0.08956857574426136
1,5,14,True,0,Benign,4,Mirai,0.09273825263162683,0.14090881295394306,0.15442565169066882
1,5,14,True,0,Benign,5,Recon,0.14269337154432704,0.18207334349285648,0.16030056009055077
1,5,14,True,0,Benign,6,Spoofing,0.04565784261838929,0.20517331179518983,0.031531698583245976
1,5,14,True,0,Benign,7,Web-Based,0.15024457153270115,0.09832455637514827,0.19007308086734842
1,5,14,True,1,BruteForce,0,Benign,0.12134754595774301,0.20368880004973494,0.15016749450818784
1,5,14,True,1,BruteForce,1,BruteForce,0.32101171594559935,0.04544385025217109,0.11283321346819068
1,5,14,True,1,BruteForce,2,DDoS,0.07658148002200536,0.039329131415074436,0.09277722713760264
1,5,14,True,1,BruteForce,3,DoS,0.04062333998714987,0.03458683603630567,0.04227046551479721
1,5,14,True,1,BruteForce,4,Mirai,0.08575155582905464,0.14796983396162722,0.1726806064477769
1,5,14,True,1,BruteForce,5,Recon,0.13876399750742452,0.17748959064928094,0.15484809839740113
1,5,14,True,1,BruteForce,6,Spoofing,0.04423582632526094,0.21518211277027458,0.03177492365119014
1,5,14,True,1,BruteForce,7,Web-Based,0.17168453842576223,0.13630984486553097,0.24264797087485346
1,5,14,True,2,DDoS,0,Benign,0.04438131288572826,0.05241486851951647,0.05504383470168419
1,5,14,True,2,DDoS,1,BruteForce,0.10759411781434934,0.028918040078051616,0.04343006115053119
1,5,14,True,2,DDoS,2,DDoS,0.4122933086226931,0.615885034038391,0.6399708418223041
1,5,14,True,2,DDoS,3,DoS,0.23455162771204346,0.08671457103074463,0.049627131916077385
1,5,14,True,2,DDoS,4,Mirai,0.05394204324133363,0.07376824976610111,0.06286634217661555
1,5,14,True,2,DDoS,5,Recon,0.06293432775987048,0.061569963477641036,0.059088950315579924
1,5,14,True,2,DDoS,6,Spoofing,0.020822235492510555,0.047584329650525906,0.016241914274441712
1,5,14,True,2,DDoS,7,Web-Based,0.06348102647147126,0.03314494343902811,0.07373092364276607
1,5,14,True,3,DoS,0,Benign,0.029529101166048722,0.035050043578934334,0.036745108652393624
1,5,14,True,3,DoS,1,BruteForce,0.07368972651510876,0.022870317512794346,0.04923689543867314
1,5,14,True,3,DoS,2,DDoS,0.18996429109489976,0.20133199491287224,0.2189361691991132
1,5,14,True,3,DoS,3,DoS,0.4151619899254078,0.5203816135395004,0.4824966946835219
1,5,14,True,3,DoS,4,Mirai,0.16076869831974688,0.09715345775629113,0.06901901062078761
1,5,14,True,3,DoS,5,Recon,0.046403592107625874,0.034982173449159534,0.05468298899091042
1,5,14,True,3,DoS,6,Spoofing,0.020638833249551642,0.05948205714899221,0.018572282182331694
1,5,14,True,3,DoS,7,Web-Based,0.06384376762161059,0.028748342101455777,0.07031085023226843
1,5,14,True,4,Mirai,0,Benign,0.10768427445392942,0.18322802974557137,0.14558260732719783
1,5,14,True,4,Mirai,1,BruteForce,0.2872883489382317,0.03617249572006396,0.10089984082769843
1,5,14,True,4,Mirai,2,DDoS,0.10688210580017714,0.051293804712611364,0.132365923533683
1,5,14,True,4,Mirai,3,DoS,0.0652141341499583,0.0629466881918219,0.07981239993660168
1,5,14,True,4,Mirai,4,Mirai,0.12707041802963862,0.24390672351131576,0.1897777612426273
1,5,14,True,4,Mirai,5,Recon,0.11699449767489101,0.12167216612522604,0.12823493531298275
1,5,14,True,4,Mirai,6,Spoofing,0.04062809337165583,0.212484820260794,0.03008714133987326
1,5,14,True,4,Mirai,7,Web-Based,0.14823812758151814,0.08829527173259555,0.1932393904793358
1,5,14,True,5,Recon,0,Benign,0.11648579729790126,0.18871840971187032,0.14467575747633607
1,5,14,True,5,Recon,1,BruteForce,0.3126453625866022,0.04404478897261249,0.1141463146584827
1,5,14,True,5,Recon,2,DDoS,0.076354250939883,0.03694560869433905,0.09065836586990135
1,5,14,True,5,Recon,3,DoS,0.041839941754815146,0.037333221212157486,0.0434782976751668
1,5,14,True,5,Recon,4,Mirai,0.08140132215824288,0.1282043568372068,0.16795692760821904
1,5,14,True,5,Recon,5,Recon,0.15886331230689874,0.22810936565977713,0.16936905507596675
1,5,14,True,5,Recon,6,Spoofing,0.043924741309206754,0.20033851045599052,0.03200187725743563
1,5,14,True,5,Recon,7,Web-Based,0.16848527164645014,0.13630573845604615,0.2377134043784918
1,5,14,True,6,Spoofing,0,Benign,0.12946205703048078,0.22131441023051004,0.15515672168342898
1,5,14,True,6,Spoofing,1,BruteForce,0.2935135759475352,0.03521268094427438,0.09402456146783492
1,5,14,True,6,Spoofing,2,DDoS,0.0695724964842652,0.03454773735958945,0.08721759719181094
1,5,14,True,6,Spoofing,3,DoS,0.04243347091877389,0.04652229513371601,0.07751984771762219
1,5,14,True,6,Spoofing,4,Mirai,0.09253695816834592,0.13476833171803337,0.15508192804945162
1,5,14,True,6,Spoofing,5,Recon,0.15736073238973444,0.19065356744506193,0.17753370357063722
1,5,14,True,6,Spoofing,6,Spoofing,0.05102025732625122,0.22533787536821268,0.03393015712444098
1,5,14,True,6,Spoofing,7,Web-Based,0.16410045173461352,0.11164310180060223,0.21953548319477323
1,5,14,True,7,Web-Based,0,Benign,0.1256902698059953,0.2237072937730102,0.16189355912712247
1,5,14,True,7,Web-Based,1,BruteForce,0.3046063554002581,0.03778180156478765,0.10210076203622208
1,5,14,True,7,Web-Based,2,DDoS,0.07703003784984193,0.04007704517885323,0.10510760822241653
1,5,14,True,7,Web-Based,3,DoS,0.045973674746396236,0.04398830332036098,0.046255614517100856
1,5,14,True,7,Web-Based,4,Mirai,0.09481299970252734,0.16436443931294614,0.17585135880458092
1,5,14,True,7,Web-Based,5,Recon,0.14427305658465334,0.1675364652633098,0.15516483640281217
1,5,14,True,7,Web-Based,6,Spoofing,0.04581278423008983,0.21017211032778588,0.032388845509535816
1,5,14,True,7,Web-Based,7,Web-Based,0.16180082168023793,0.11237254125894627,0.22123741538020916
1,5,15,True,0,Benign,0,Benign,0.05788613285352917,0.2211369741748441,0.049839407048369984
1,5,15,True,0,Benign,1,BruteForce,0.034706055302543594,0.03312446307615006,0.031952746373506424
1,5,15,True,0,Benign,2,DDoS,0.33499935752527155,0.05939659434664242,0.5022519274526185
1,5,15,True,0,Benign,3,DoS,0.2972317065594636,0.05986194378522571,0.2867873313995385
1,5,15,True,0,Benign,4,Mirai,0.16986402088909192,0.14090881295394306,0.03710599221636177
1,5,15,True,0,Benign,5,Recon,0.019694142462127154,0.18207334349285648,0.023070707372011598
1,5,15,True,0,Benign,6,Spoofing,0.03964342539087566,0.20517331179518983,0.03884810561062139
1,5,15,True,0,Benign,7,Web-Based,0.04597515901709743,0.09832455637514827,0.03014378252697195
1,5,15,True,1,BruteForce,0,Benign,0.05890778774613523,0.20368880004973494,0.05207551206555742
1,5,15,True,1,BruteForce,1,BruteForce,0.041484375496273,0.04544385025217109,0.033464480183938446
1,5,15,True,1,BruteForce,2,DDoS,0.3816751608967458,0.039329131415074436,0.5329504797880963
1,5,15,True,1,BruteForce,3,DoS,0.2448231612432852,0.03458683603630567,0.2504226473607079
1,5,15,True,1,BruteForce,4,Mirai,0.16070669956809153,0.14796983396162722,0.03849186840165198
1,5,15,True,1,BruteForce,5,Recon,0.014161376297946083,0.17748959064928094,0.02265328635101351
1,5,15,True,1,BruteForce,6,Spoofing,0.04388204161474543,0.21518211277027458,0.03799244616487405
1,5,15,True,1,BruteForce,7,Web-Based,0.05435939713677784,0.13630984486553097,0.0319492796841605
1,5,15,True,2,DDoS,0,Benign,0.026082074847871006,0.05241486851951647,0.037558931196428384
1,5,15,True,2,DDoS,1,BruteForce,0.02626829663920475,0.028918040078051616,0.02688383215724133
1,5,15,True,2,DDoS,2,DDoS,0.616330275238983,0.615885034038391,0.7419043758520436
1,5,15,True,2,DDoS,3,DoS,0.19947776122829705,0.08671457103074463,0.10634900120256495
1,5,15,True,2,DDoS,4,Mirai,0.07562835960239372,0.07376824976610111,0.027500291863635604
1,5,15,True,2,DDoS,5,Recon,0.013453931999280598,0.061569963477641036,0.016731122419306972
1,5,15,True,2,DDoS,6,Spoofing,0.018777954010887717,0.047584329650525906,0.021729241659544984
1,5,15,True,2,DDoS,7,Web-Based,0.023981346433082085,0.03314494343902811,0.0213432036492342
1,5,15,True,3,DoS,0,Benign,0.016873962066829264,0.035050043578934334,0.02093062169185039
1,5,15,True,3,DoS,1,BruteForce,0.01810196490319892,0.022870317512794346,0.03937447271880717
1,5,15,True,3,DoS,2,DDoS,0.19916598867811586,0.20133199491287224,0.230983461552189
1,5,15,True,3,DoS,3,DoS,0.5627608094605572,0.5203816135395004,0.6203742998024961
1,5,15,True,3,DoS,4,Mirai,0.15164732417572233,0.09715345775629113,0.02558702906097365
1,5,15,True,3,DoS,5,Recon,0.012971833998759338,0.034982173449159534,0.016732501945439
1,5,15,True,3,DoS,6,Spoofing,0.017906560955657413,0.05948205714899221,0.022870721632670718
1,5,15,True,3,DoS,7,Web-Based,0.020571555761159786,0.028748342101455777,0.02314689159557398
1,5,15,True,4,Mirai,0,Benign,0.05498284177846379,0.18322802974557137,0.04918618415140519
1,5,15,True,4,Mirai,1,BruteForce,0.03604125028406504,0.03617249572006396,0.03309853823094742
1,5,15,True,4,Mirai,2,DDoS,0.3428040916961246,0.051293804712611364,0.5135747760258506
1,5,15,True,4,Mirai,3,DoS,0.2500612665995012,0.0629466881918219,0.2778038421421814
1,5,15,True,4,Mirai,4,Mirai,0.21400374581999473,0.24390672351131576,0.039747188923165984
1,5,15,True,4,Mirai,5,Recon,0.013919865844871288,0.12167216612522604,0.018826301336706326
1,5,15,True,4,Mirai,6,Spoofing,0.041537625952546266,0.212484820260794,0.03737634189122307
1,5,15,True,4,Mirai,7,Web-Based,0.0466493120244331,0.08829527173259555,0.030386827298520075
1,5,15,True,5,Recon,0,Benign,0.054493151744402786,0.18871840971187032,0.05231090400242893
1,5,15,True,5,Recon,1,BruteForce,0.04088594537792673,0.04404478897261249,0.03487046593706778
1,5,15,True,5,Recon,2,DDoS,0.38871686702178887,0.03694560869433905,0.5151354536604092
1,5,15,True,5,Recon,3,DoS,0.25926780363642676,0.037333221212157486,0.26560072345031455
1,5,15,True,5,Recon,4,Mirai,0.15277723023397125,0.1282043568372068,0.0376412932965182
1,5,15,True,5,Recon,5,Recon,0.01513895886721485,0.22810936565977713,0.022822761923066533
1,5,15,True,5,Recon,6,Spoofing,0.03761874119241252,0.20033851045599052,0.039236306790337246
1,5,15,True,5,Recon,7,Web-Based,0.051101301925856234,0.13630573845604615,0.03238209093985765
1,5,15,True,6,Spoofing,0,Benign,0.05663623098379476,0.22131441023051004,0.04989348536388863
1,5,15,True,6,Spoofing,1,BruteForce,0.03495036297094158,0.03521268094427438,0.03188649971154166
1,5,15,True,6,Spoofing,2,DDoS,0.3190927137265922,0.03454773735958945,0.48386588385254226
1,5,15,True,6,Spoofing,3,DoS,0.29275224308512043,0.04652229513371601,0.30516149358828903
1,5,15,True,6,Spoofing,4,Mirai,0.1845381838142872,0.13476833171803337,0.03665031104580393
1,5,15,True,6,Spoofing,5,Recon,0.018708239122334127,0.19065356744506193,0.021957736856461973
1,5,15,True,6,Spoofing,6,Spoofing,0.04509037349282708,0.22533787536821268,0.0405992718729204
1,5,15,True,6,Spoofing,7,Web-Based,0.048231652804102666,0.11164310180060223,0.029985317708552225
1,5,15,True,7,Web-Based,0,Benign,0.06793774687127868,0.2237072937730102,0.055652764274874436
1,5,15,True,7,Web-Based,1,BruteForce,0.03805228300861185,0.03778180156478765,0.030874757337916416
1,5,15,True,7,Web-Based,2,DDoS,0.35367988439398784,0.04007704517885323,0.5642708408093295
1,5,15,True,7,Web-Based,3,DoS,0.24732565654068397,0.04398830332036098,0.21004699373683333
1,5,15,True,7,Web-Based,4,Mirai,0.17319608604814515,0.16436443931294614,0.039571216454673305
1,5,15,True,7,Web-Based,5,Recon,0.019938894203851726,0.1675364652633098,0.02516263858178125
1,5,15,True,7,Web-Based,6,Spoofing,0.046024714261717975,0.21017211032778588,0.0418851396147757
1,5,15,True,7,Web-Based,7,Web-Based,0.05384473467172279,0.11237254125894627,0.032535649189816065
1,5,16,False,0,Benign,0,Benign,0.5538529910784843,0.2211369741748441,0.5289869720531107
1,5,16,False,0,Benign,1,BruteForce,0.0212847880862554,0.03312446307615006,0.022867332490681114
1,5,16,False,0,Benign,2,DDoS,0.17259089102524286,0.05939659434664242,0.16887718426678153
1,5,16,False,0,Benign,3,DoS,0.025530707741045086,0.05986194378522571,0.051841357131975206
1,5,16,False,0,Benign,4,Mirai,0.015587448550542818,0.14090881295394306,0.01948582065520686
1,5,16,False,0,Benign,5,Recon,0.022445835219894728,0.18207334349285648,0.023208244931691616
1,5,16,False,0,Benign,6,Spoofing,0.11490439103944909,0.20517331179518983,0.1089540888176844
1,5,16,False,0,Benign,7,Web-Based,0.0738029472590857,0.09832455637514827,0.07577899965286862
1,5,16,False,1,BruteForce,0,Benign,0.5524381140781768,0.20368880004973494,0.5744545563340866
1,5,16,False,1,BruteForce,1,BruteForce,0.025844078169420165,0.04544385025217109,0.023981889028737272
1,5,16,False,1,BruteForce,2,DDoS,0.15158734887797803,0.039329131415074436,0.12414438639312116
1,5,16,False,1,BruteForce,3,DoS,0.02007616832260934,0.03458683603630567,0.031614801917984124
1,5,16,False,1,BruteForce,4,Mirai,0.01591390220311813,0.14796983396162722,0.0186004018028425
1,5,16,False,1,BruteForce,5,Recon,0.021648318218912044,0.17748959064928094,0.023643384612350504
1,5,16,False,1,BruteForce,6,Spoofing,0.12290147268197067,0.21518211277027458,0.11807850717401792
1,5,16,False,1,BruteForce,7,Web-Based,0.08959059744781485,0.13630984486553097,0.08548207273686008
1,5,16,False,2,DDoS,0,Benign,0.16723400465969385,0.05241486851951647,0.1741260159576502
1,5,16,False,2,DDoS,1,BruteForce,0.014496977458112764,0.028918040078051616,0.020852015820541595
1,5,16,False,2,DDoS,2,DDoS,0.7084100734431498,0.615885034038391,0.6737905432890671
1,5,16,False,2,DDoS,3,DoS,0.017479649136874977,0.08671457103074463,0.028548930532557998
1,5,16,False,2,DDoS,4,Mirai,0.009850820079305116,0.07376824976610111,0.014523519766539204
1,5,16,False,2,DDoS,5,Recon,0.010708417170772548,0.061569963477641036,0.012179546227798073
1,5,16,False,2,DDoS,6,Spoofing,0.04020961822928433,0.047584329650525906,0.04110077740829184
1,5,16,False,2,DDoS,7,Web-Based,0.03161043982280677,0.03314494343902811,0.03487865099755404
1,5,16,False,3,DoS,0,Benign,0.10042911000438128,0.035050043578934334,0.14296338459993616
1,5,16,False,3,DoS,1,BruteForce,0.018278697422222438,0.022870317512794346,0.028642659897336577
1,5,16,False,3,DoS,2,DDoS,0.2823746340720469,0.20133199491287224,0.3066166315495205
1,5,16,False,3,DoS,3,DoS,0.49800565816117265,0.5203816135395004,0.39191929596958774
1,5,16,False,3,DoS,4,Mirai,0.010637409769771134,0.09715345775629113,0.017658223094010092
1,5,16,False,3,DoS,5,Recon,0.009255758474736156,0.034982173449159534,0.013790035974995387
1,5,16,False,3,DoS,6,Spoofing,0.052220288468048305,0.05948205714899221,0.05532115693381596
1,5,16,False,3,DoS,7,Web-Based,0.02879844362762115,0.028748342101455777,0.0430886119807976
1,5,16,False,4,Mirai,0,Benign,0.5029385561359646,0.18322802974557137,0.5206070171457508
1,5,16,False,4,Mirai,1,BruteForce,0.023870384066968293,0.03617249572006396,0.023978315131557546
1,5,16,False,4,Mirai,2,DDoS,0.21452794240057657,0.051293804712611364,0.1769630014019333
1,5,16,False,4,Mirai,3,DoS,0.03623881813153165,0.0629466881918219,0.05453570918791254
1,5,16,False,4,Mirai,4,Mirai,0.016766291652586647,0.24390672351131576,0.01941199305439611
1,5,16,False,4,Mirai,5,Recon,0.01932193079670043,0.12167216612522604,0.02135227064962333
1,5,16,False,4,Mirai,6,Spoofing,0.1131223375852992,0.212484820260794,0.1063665389238147
1,5,16,False,4,Mirai,7,Web-Based,0.07321373923037258,0.08829527173259555,0.07678515450501171
1,5,16,False,5,Recon,0,Benign,0.5487550670255482,0.18871840971187032,0.5716181821311552
1,5,16,False,5,Recon,1,BruteForce,0.025998213614980035,0.04404478897261249,0.024593033053676886
1,5,16,False,5,Recon,2,DDoS,0.14463649014320368,0.03694560869433905,0.12484120043291991
1,5,16,False,5,Recon,3,DoS,0.02155631017669804,0.037333221212157486,0.03375637061389429
1,5,16,False,5,Recon,4,Mirai,0.015496736488757108,0.1282043568372068,0.01840659021605707
1,5,16,False,5,Recon,5,Recon,0.030839470639347413,0.22810936565977713,0.02445099893113418
1,5,16,False,5,Recon,6,Spoofing,0.12044338132243555,0.20033851045599052,0.1158587790935409
1,5,16,False,5,Recon,7,Web-Based,0.09227433058903012,0.13630573845604615,0.08647484552762154
1,5,16,False,6,Spoofing,0,Benign,0.5769009415912545,0.22131441023051004,0.5684098316127797
1,5,16,False,6,Spoofing,1,BruteForce,0.021848424096162004,0.03521268094427438,0.022899105575981814
1,5,16,False,6,Spoofing,2,DDoS,0.12943222264482285,0.03454773735958945,0.11984449504853653
1,5,16,False,6,Spoofing,3,DoS,0.021423928314110125,0.04652229513371601,0.04571222361566175
1,5,16,False,6,Spoofing,4,Mirai,0.01573748633785332,0.13476833171803337,0.019652787043212223
1,5,16,False,6,Spoofing,5,Recon,0.023667754978275734,0.19065356744506193,0.02456865175624679
1,5,16,False,6,Spoofing,6,Spoofing,0.13075886691159336,0.22533787536821268,0.11996086300199292
1,5,16,False,6,Spoofing,7,Web-Based,0.08023037512592807,0.11164310180060223,0.0789520423455883
1,5,16,False,7,Web-Based,0,Benign,0.5679413960369815,0.2237072937730102,0.5714476609725303
1,5,16,False,7,Web-Based,1,BruteForce,0.023388570715479447,0.03778180156478765,0.023310026981546425
1,5,16,False,7,Web-Based,2,DDoS,0.14368274612016443,0.04007704517885323,0.1346747131750776
1,5,16,False,7,Web-Based,3,DoS,0.0206917950557355,0.04398830332036098,0.03355962287673245
1,5,16,False,7,Web-Based,4,Mirai,0.016237727322640096,0.16436443931294614,0.019237949411600824
1,5,16,False,7,Web-Based,5,Recon,0.02237923406186247,0.1675364652633098,0.02394913990804512
1,5,16,False,7,Web-Based,6,Spoofing,0.12009878755390312,0.21017211032778588,0.11199076947497222
1,5,16,False,7,Web-Based,7,Web-Based,0.08557974313323345,0.11237254125894627,0.08183011719949508
1,5,17,True,0,Benign,0,Benign,0.17968091753263904,0.2211369741748441,0.286889015939312
1,5,17,True,0,Benign,1,BruteForce,0.23941984964721716,0.03312446307615006,0.014141176556226539
1,5,17,True,0,Benign,2,DDoS,0.03267048893170208,0.05939659434664242,0.03934222345283236
1,5,17,True,0,Benign,3,DoS,0.04772593107376769,0.05986194378522571,0.07510850393543397
1,5,17,True,0,Benign,4,Mirai,0.33556183397257217,0.14090881295394306,0.4623639116782699
1,5,17,True,0,Benign,5,Recon,0.08993996056533297,0.18207334349285648,0.012580999550135604
1,5,17,True,0,Benign,6,Spoofing,0.015674904002018746,0.20517331179518983,0.01989494697695438
1,5,17,True,0,Benign,7,Web-Based,0.059326114274750104,0.09832455637514827,0.08967922191083538
1,5,17,True,1,BruteForce,0,Benign,0.1716383024023643,0.20368880004973494,0.26788477225842416
1,5,17,True,1,BruteForce,1,BruteForce,0.23936719143216412,0.04544385025217109,0.01355950147760995
1,5,17,True,1,BruteForce,2,DDoS,0.01941315869071211,0.039329131415074436,0.023824451384301438
1,5,17,True,1,BruteForce,3,DoS,0.019235176869689924,0.03458683603630567,0.021147476688527626
1,5,17,True,1,BruteForce,4,Mirai,0.36539570217383366,0.14796983396162722,0.5076466959494363
1,5,17,True,1,BruteForce,5,Recon,0.09670908679630974,0.17748959064928094,0.01194216929091869
1,5,17,True,1,BruteForce,6,Spoofing,0.015831236320745543,0.21518211277027458,0.021224212398854504
1,5,17,True,1,BruteForce,7,Web-Based,0.0724101453141807,0.13630984486553097,0.1327707205519274
1,5,17,True,2,DDoS,0,Benign,0.06236921256189987,0.05241486851951647,0.09965223464425019
1,5,17,True,2,DDoS,1,BruteForce,0.08882943903611433,0.028918040078051616,0.016912555800301876
1,5,17,True,2,DDoS,2,DDoS,0.47204721912828534,0.615885034038391,0.5916063038604549
1,5,17,True,2,DDoS,3,DoS,0.15023591634737724,0.08671457103074463,0.059647025808189195
1,5,17,True,2,DDoS,4,Mirai,0.14714577945197815,0.07376824976610111,0.16515504529755384
1,5,17,True,2,DDoS,5,Recon,0.03879169447932156,0.061569963477641036,0.010300366663951063
1,5,17,True,2,DDoS,6,Spoofing,0.010027723618451648,0.047584329650525906,0.011752445730340406
1,5,17,True,2,DDoS,7,Web-Based,0.030553015376571842,0.03314494343902811,0.04497402219495862
1,5,17,True,3,DoS,0,Benign,0.03928449877173855,0.035050043578934334,0.05992432340690582
1,5,17,True,3,DoS,1,BruteForce,0.05879497022202107,0.022870317512794346,0.02264921063857181
1,5,17,True,3,DoS,2,DDoS,0.11709718551458888,0.20133199491287224,0.09107857185936827
1,5,17,True,3,DoS,3,DoS,0.47531054469943346,0.5203816135395004,0.6004928338303238
1,5,17,True,3,DoS,4,Mirai,0.2342739201635147,0.09715345775629113,0.16149540713187366
1,5,17,True,3,DoS,5,Recon,0.03820721090136868,0.034982173449159534,0.011963184394358726
1,5,17,True,3,DoS,6,Spoofing,0.010274576043365924,0.05948205714899221,0.014793874814484666
1,5,17,True,3,DoS,7,Web-Based,0.026757093683968763,0.028748342101455777,0.037602593924113276
1,5,17,True,4,Mirai,0,Benign,0.15088227272715315,0.18322802974557137,0.24452659773493632
1,5,17,True,4,Mirai,1,BruteForce,0.20181788820392446,0.03617249572006396,0.012452768444411106
1,5,17,True,4,Mirai,2,DDoS,0.023292066738565497,0.051293804712611364,0.02989616356771772
1,5,17,True,4,Mirai,3,DoS,0.03742295755958213,0.0629466881918219,0.03160659118771453
1,5,17,True,4,Mirai,4,Mirai,0.4165282021314016,0.24390672351131576,0.5618601648015825
1,5,17,True,4,Mirai,5,Recon,0.09850056371545766,0.12167216612522604,0.011154268779432132
1,5,17,True,4,Mirai,6,Spoofing,0.014880044116232992,0.212484820260794,0.01860752929236095
1,5,17,True,4,Mirai,7,Web-Based,0.05667600480768257,0.08829527173259555,0.0898959161918447
1,5,17,True,5,Recon,0,Benign,0.16739035822312257,0.18871840971187032,0.25952094279778837
1,5,17,True,5,Recon,1,BruteForce,0.23383710282751188,0.04404478897261249,0.013930722871897163
1,5,17,True,5,Recon,2,DDoS,0.019612921027037024,0.03694560869433905,0.02460110721417558
1,5,17,True,5,Recon,3,DoS,0.022230957488318773,0.037333221212157486,0.026782891227141448
1,5,17,True,5,Recon,4,Mirai,0.3711298678882988,0.1282043568372068,0.5082181784870103
1,5,17,True,5,Recon,5,Recon,0.09950758119698551,0.22810936565977713,0.011940778991640274
1,5,17,True,5,Recon,6,Spoofing,0.01543028490199962,0.20033851045599052,0.02098337634349378
1,5,17,True,5,Recon,7,Web-Based,0.07086092644672584,0.13630573845604615,0.1340220020668531
1,5,17,True,6,Spoofing,0,Benign,0.18995051541846894,0.22131441023051004,0.302606185767156
1,5,17,True,6,Spoofing,1,BruteForce,0.26378936166731365,0.03521268094427438,0.013507241985149722
1,5,17,True,6,Spoofing,2,DDoS,0.020052999092015942,0.03454773735958945,0.025089976437142267
1,5,17,True,6,Spoofing,3,DoS,0.025306422037545268,0.04652229513371601,0.04117615354337931
1,5,17,True,6,Spoofing,4,Mirai,0.32745352285719537,0.13476833171803337,0.48033069048874455
1,5,17,True,6,Spoofing,5,Recon,0.09167458205669916,0.19065356744506193,0.013000229641819839
1,5,17,True,6,Spoofing,6,Spoofing,0.01651112027310245,0.22533787536821268,0.021249318788605573
1,5,17,True,6,Spoofing,7,Web-Based,0.0652614765976593,0.11164310180060223,0.10304020334800273
1,5,17,True,7,Web-Based,0,Benign,0.17270718327035905,0.2237072937730102,0.28968093350244056
1,5,17,True,7,Web-Based,1,BruteForce,0.23843679146803684,0.03778180156478765,0.013761211173983294
1,5,17,True,7,Web-Based,2,DDoS,0.021658701167037515,0.04007704517885323,0.027595103491214332
1,5,17,True,7,Web-Based,3,DoS,0.024466932739088672,0.04398830332036098,0.021580846561655005
1,5,17,True,7,Web-Based,4,Mirai,0.36534904465768564,0.16436443931294614,0.5045295700101171
1,5,17,True,7,Web-Based,5,Recon,0.09637578708679889,0.1675364652633098,0.012630118921325022
1,5,17,True,7,Web-Based,6,Spoofing,0.015873045067687445,0.21017211032778588,0.020622524472812886
1,5,17,True,7,Web-Based,7,Web-Based,0.06513251454330587,0.11237254125894627,0.10959969186645173
1,5,18,True,0,Benign,0,Benign,0.05341508334734816,0.2211369741748441,0.06003669693124527
1,5,18,True,0,Benign,1,BruteForce,0.07864863075664595,0.03312446307615006,0.015925282420627428
1,5,18,True,0,Benign,2,DDoS,0.1641589998893612,0.05939659434664242,0.1752512081883567
1,5,18,True,0,Benign,3,DoS,0.05779191698450282,0.05986194378522571,0.05925209115095998
1,5,18,True,0,Benign,4,Mirai,0.17035753749239613,0.14090881295394306,0.2680656923199855
1,5,18,True,0,Benign,5,Recon,0.14966463223784873,0.18207334349285648,0.10830681306316478
1,5,18,True,0,Benign,6,Spoofing,0.1096517382649949,0.20517331179518983,0.1953149492678493
1,5,18,True,0,Benign,7,Web-Based,0.21631146102690216,0.09832455637514827,0.11784726665781116
1,5,18,True,1,BruteForce,0,Benign,0.05413151902015933,0.20368880004973494,0.05985143394031293
1,5,18,True,1,BruteForce,1,BruteForce,0.08820023637119793,0.04544385025217109,0.015592786599150038
1,5,18,True,1,BruteForce,2,DDoS,0.1254886423173547,0.039329131415074436,0.1289359280752761
1,5,18,True,1,BruteForce,3,DoS,0.035840903639481045,0.03458683603630567,0.02215712225230054
1,5,18,True,1,BruteForce,4,Mirai,0.1854677467324822,0.14796983396162722,0.317016468517998
1,5,18,True,1,BruteForce,5,Recon,0.16458785035162374,0.17748959064928094,0.11847456578080608
1,5,18,True,1,BruteForce,6,Spoofing,0.10844418129236358,0.21518211277027458,0.18611693944709506
1,5,18,True,1,BruteForce,7,Web-Based,0.2378389202753375,0.13630984486553097,0.15185475538706122
1,5,18,True,2,DDoS,0,Benign,0.024482383851879896,0.05241486851951647,0.029062631855855094
1,5,18,True,2,DDoS,1,BruteForce,0.04043109514184993,0.028918040078051616,0.016288194304989984
1,5,18,True,2,DDoS,2,DDoS,0.5269598118743064,0.615885034038391,0.6648201106739219
1,5,18,True,2,DDoS,3,DoS,0.15983323303266606,0.08671457103074463,0.034976272066712825
1,5,18,True,2,DDoS,4,Mirai,0.07244999876220255,0.07376824976610111,0.096397978138924
1,5,18,True,2,DDoS,5,Recon,0.06427551524816584,0.061569963477641036,0.05429758367867338
1,5,18,True,2,DDoS,6,Spoofing,0.03671247924935165,0.047584329650525906,0.056696095005218945
1,5,18,True,2,DDoS,7,Web-Based,0.07485548283957778,0.03314494343902811,0.047461134275703955
1,5,18,True,3,DoS,0,Benign,0.01826382494421405,0.035050043578934334,0.02066310555668643
1,5,18,True,3,DoS,1,BruteForce,0.03169553672053511,0.022870317512794346,0.023275818268509742
1,5,18,True,3,DoS,2,DDoS,0.270973398709728,0.20133199491287224,0.258822317646216
1,5,18,True,3,DoS,3,DoS,0.3609344510160271,0.5203816135395004,0.4234930144571863
1,5,18,True,3,DoS,4,Mirai,0.1439894855939328,0.09715345775629113,0.09426692062515364
1,5,18,True,3,DoS,5,Recon,0.049046236914316255,0.034982173449159534,0.039583359254818457
1,5,18,True,3,DoS,6,Spoofing,0.043038618795835815,0.05948205714899221,0.08592159588391285
1,5,18,True,3,DoS,7,Web-Based,0.08205844730541088,0.028748342101455777,0.05397386830751663
1,5,18,True,4,Mirai,0,Benign,0.04705066433823641,0.18322802974557137,0.05628407963491555
1,5,18,True,4,Mirai,1,BruteForce,0.07659771932241208,0.03617249572006396,0.01544059660104304
1,5,18,True,4,Mirai,2,DDoS,0.17059520641507828,0.051293804712611364,0.15448560210473708
1,5,18,True,4,Mirai,3,DoS,0.05390496553448387,0.0629466881918219,0.04912073475735243
1,5,18,True,4,Mirai,4,Mirai,0.2156771488999145,0.24390672351131576,0.3346982396821286
1,5,18,True,4,Mirai,5,Recon,0.13692118410525284,0.12167216612522604,0.09483282830803735
1,5,18,True,4,Mirai,6,Spoofing,0.09674184540659052,0.212484820260794,0.17399327749416404
1,5,18,True,4,Mirai,7,Web-Based,0.20251126597803148,0.08829527173259555,0.12114464141762199
1,5,18,True,5,Recon,0,Benign,0.05227190501060582,0.18871840971187032,0.05812312447001411
1,5,18,True,5,Recon,1,BruteForce,0.08653237765558443,0.04404478897261249,0.015691333544148797
1,5,18,True,5,Recon,2,DDoS,0.12203597646503278,0.03694560869433905,0.122115431082052
1,5,18,True,5,Recon,3,DoS,0.03604442234327017,0.037333221212157486,0.022574914676715394
1,5,18,True,5,Recon,4,Mirai,0.18091535713857598,0.1282043568372068,0.3151549157088511
1,5,18,True,5,Recon,5,Recon,0.1876999121138987,0.22810936565977713,0.13887600447012433
1,5,18,True,5,Recon,6,Spoofing,0.10820004354164948,0.20033851045599052,0.17694869786890408
1,5,18,True,5,Recon,7,Web-Based,0.22630000573138265,0.13630573845604615,0.15051557817919023
1,5,18,True,6,Spoofing,0,Benign,0.05553732619080318,0.22131441023051004,0.06170834865848539
1,5,18,True,6,Spoofing,1,BruteForce,0.08213056243869146,0.03521268094427438,0.015800834351637857
1,5,18,True,6,Spoofing,2,DDoS,0.11348578697600023,0.03454773735958945,0.1232908717829644
1,5,18,True,6,Spoofing,3,DoS,0.03892910331603005,0.04652229513371601,0.04271692378464614
1,5,18,True,6,Spoofing,4,Mirai,0.17214673344147569,0.13476833171803337,0.2729913861731602
1,5,18,True,6,Spoofing,5,Recon,0.16563247765472716,0.19065356744506193,0.11501973307918247
1,5,18,True,6,Spoofing,6,Spoofing,0.13361528289195926,0.22533787536821268,0.23591856384237125
1,5,18,True,6,Spoofing,7,Web-Based,0.238522727090313,0.11164310180060223,0.13255333832755234
1,5,18,True,7,Web-Based,0,Benign,0.05507012781713061,0.2237072937730102,0.06290869206457517
1,5,18,True,7,Web-Based,1,BruteForce,0.08394416756670543,0.03778180156478765,0.015319260554912553
1,5,18,True,7,Web-Based,2,DDoS,0.13368039580827837,0.04007704517885323,0.14188922350994165
1,5,18,True,7,Web-Based,3,DoS,0.04160889589408049,0.04398830332036098,0.02459099334319162
1,5,18,True,7,Web-Based,4,Mirai,0.19075121759420874,0.16436443931294614,0.31275061179402036
1,5,18,True,7,Web-Based,5,Recon,0.1629673740063073,0.1675364652633098,0.11708161224186986
1,5,18,True,7,Web-Based,6,Spoofing,0.10792723436636668,0.21017211032778588,0.1881912653758733
1,5,18,True,7,Web-Based,7,Web-Based,0.22405058694692245,0.11237254125894627,0.13726834111561545
1,5,19,False,0,Benign,0,Benign,0.09532868972279156,0.2211369741748441,0.08823387665806656
1,5,19,False,0,Benign,1,BruteForce,0.0125683040130827,0.03312446307615006,0.01888932090882132
1,5,19,False,0,Benign,2,DDoS,0.18774055078075455,0.05939659434664242,0.2429632693628746
1,5,19,False,0,Benign,3,DoS,0.052580412140412265,0.05986194378522571,0.08348141086570714
1,5,19,False,0,Benign,4,Mirai,0.015772035440237735,0.14090881295394306,0.019610591700312093
1,5,19,False,0,Benign,5,Recon,0.13742511831115026,0.18207334349285648,0.17813600008336025
1,5,19,False,0,Benign,6,Spoofing,0.48344150316968965,0.20517331179518983,0.3497237577388485
1,5,19,False,0,Benign,7,Web-Based,0.01514338642188138,0.09832455637514827,0.018961772682009412
1,5,19,False,1,BruteForce,0,Benign,0.10084912942544372,0.20368880004973494,0.09913790567731263
1,5,19,False,1,BruteForce,1,BruteForce,0.012813491013914838,0.04544385025217109,0.018064839186361405
1,5,19,False,1,BruteForce,2,DDoS,0.17459597848736053,0.039329131415074436,0.20349844104536582
1,5,19,False,1,BruteForce,3,DoS,0.019446250155410457,0.03458683603630567,0.02784390523462867
1,5,19,False,1,BruteForce,4,Mirai,0.016094486995236107,0.14796983396162722,0.01950739318485699
1,5,19,False,1,BruteForce,5,Recon,0.126028756804033,0.17748959064928094,0.2187069857341637
1,5,19,False,1,BruteForce,6,Spoofing,0.5346167046091821,0.21518211277027458,0.3939871007678026
1,5,19,False,1,BruteForce,7,Web-Based,0.015555202509419259,0.13630984486553097,0.019253429169508115
1,5,19,False,2,DDoS,0,Benign,0.03081386060428862,0.05241486851951647,0.03767276258733159
1,5,19,False,2,DDoS,1,BruteForce,0.00946221663281649,0.028918040078051616,0.016056824115162807
1,5,19,False,2,DDoS,2,DDoS,0.7164360287233742,0.615885034038391,0.6882905537192153
1,5,19,False,2,DDoS,3,DoS,0.035369487909726285,0.08671457103074463,0.048163516725315256
1,5,19,False,2,DDoS,4,Mirai,0.0101272402444118,0.07376824976610111,0.016534657503638764
1,5,19,False,2,DDoS,5,Recon,0.06463817252353374,0.061569963477641036,0.07958947246139361
1,5,19,False,2,DDoS,6,Spoofing,0.1260943468271958,0.047584329650525906,0.10282389900793108
1,5,19,False,2,DDoS,7,Web-Based,0.007058646534653134,0.03314494343902811,0.010868313880011578
1,5,19,False,3,DoS,0,Benign,0.013924175914767117,0.035050043578934334,0.020026217259025727
1,5,19,False,3,DoS,1,BruteForce,0.0141921474587065,0.022870317512794346,0.025034336214780212
1,5,19,False,3,DoS,2,DDoS,0.19775150786047843,0.20133199491287224,0.20879855364634697
1,5,19,False,3,DoS,3,DoS,0.6641684950249958,0.5203816135395004,0.5733914465592493
1,5,19,False,3,DoS,4,Mirai,0.009061160703927955,0.09715345775629113,0.015936369513321242
1,5,19,False,3,DoS,5,Recon,0.027865359985073657,0.034982173449159534,0.0464978550774566
1,5,19,False,3,DoS,6,Spoofing,0.06657741819551141,0.05948205714899221,0.09841889403122607
1,5,19,False,3,DoS,7,Web-Based,0.006459734856539252,0.028748342101455777,0.011896327698594002
1,5,19,False,4,Mirai,0,Benign,0.09062812276135063,0.18322802974557137,0.09167101573892925
1,5,19,False,4,Mirai,1,BruteForce,0.013108924950112998,0.03617249572006396,0.019798226119701657
1,5,19,False,4,Mirai,2,DDoS,0.25532800051275967,0.051293804712611364,0.2596567372868506
1,5,19,False,4,Mirai,3,DoS,0.05187463774895688,0.0629466881918219,0.07104045203391178
1,5,19,False,4,Mirai,4,Mirai,0.018361657233880443,0.24390672351131576,0.021280885764181936
1,5,19,False,4,Mirai,5,Recon,0.1023478648723977,0.12167216612522604,0.16300272388462222
1,5,19,False,4,Mirai,6,Spoofing,0.45380640562924374,0.212484820260794,0.35435016413821613
1,5,19,False,4,Mirai,7,Web-Based,0.014544386291297902,0.08829527173259555,0.019199795033586476
1,5,19,False,5,Recon,0,Benign,0.10005696499270754,0.18871840971187032,0.09760074570728806
1,5,19,False,5,Recon,1,BruteForce,0.012314208721942147,0.04404478897261249,0.01785633303978797
1,5,19,False,5,Recon,2,DDoS,0.16823284537493677,0.03694560869433905,0.1952643830935358
1,5,19,False,5,Recon,3,DoS,0.02046113837050296,0.037333221212157486,0.02951280555912488
1,5,19,False,5,Recon,4,Mirai,0.014670997550623918,0.1282043568372068,0.019269203289343086
1,5,19,False,5,Recon,5,Recon,0.18445459843399328,0.22810936565977713,0.24910730652688962
1,5,19,False,5,Recon,6,Spoofing,0.48455094448350916,0.20033851045599052,0.37247809202891285
1,5,19,False,5,Recon,7,Web-Based,0.015258302071784304,0.13630573845604615,0.018911130755117668
1,5,19,False,6,Spoofing,0,Benign,0.09791260478159033,0.22131441023051004,0.09459257177217283
1,5,19,False,6,Spoofing,1,BruteForce,0.011503830341254783,0.03521268094427438,0.018608910498152272
1,5,19,False,6,Spoofing,2,DDoS,0.13983956640811535,0.03454773735958945,0.18479530680509787
1,5,19,False,6,Spoofing,3,DoS,0.03573493459512646,0.04652229513371601,0.06258030746707754
1,5,19,False,6,Spoofing,4,Mirai,0.01512948958613208,0.13476833171803337,0.01943747529338753
1,5,19,False,6,Spoofing,5,Recon,0.1559169117694419,0.19065356744506193,0.19519971533553404
1,5,19,False,6,Spoofing,6,Spoofing,0.5291521472350861,0.22533787536821268,0.405441605634872
1,5,19,False,6,Spoofing,7,Web-Based,0.014810515283253113,0.11164310180060223,0.01934410719370588
1,5,19,False,7,Web-Based,0,Benign,0.10504936535286664,0.2237072937730102,0.1007990821887821
1,5,19,False,7,Web-Based,1,BruteForce,0.012001269943949143,0.03778180156478765,0.018501421292924862
1,5,19,False,7,Web-Based,2,DDoS,0.17968293110157452,0.04007704517885323,0.2250672477616476
1,5,19,False,7,Web-Based,3,DoS,0.028020940301818984,0.04398830332036098,0.03364515979787337
1,5,19,False,7,Web-Based,4,Mirai,0.01598307027368236,0.16436443931294614,0.019942477727555873
1,5,19,False,7,Web-Based,5,Recon,0.1439009112672107,0.1675364652633098,0.2106561159097662
1,5,19,False,7,Web-Based,6,Spoofing,0.49961743194052766,0.21017211032778588,0.37142243101012146
1,5,19,False,7,Web-Based,7,Web-Based,0.015744079818370053,0.11237254125894627,0.01996606431132858
2,6,0,False,0,Benign,0,Benign,0.2805891417446693,0.22143460346111604,0.26278178160925625
2,6,0,False,0,Benign,1,BruteForce,0.08883560825383195,0.03456996734187378,0.05988172549568824
2,6,0,False,0,Benign,2,DDoS,0.009856319866747796,0.062474934960410705,0.017071578120114936
2,6,0,False,0,Benign,3,DoS,0.15695896032625814,0.05203634881949379,0.1844970353632558
2,6,0,False,0,Benign,4,Mirai,0.2712769780195113,0.13591003417990047,0.2918442271356306
2,6,0,False,0,Benign,5,Recon,0.15262188310969949,0.18270599517732392,0.14228985307871034
2,6,0,False,0,Benign,6,Spoofing,0.02035664143050363,0.22330591814718087,0.020855983251581833
2,6,0,False,0,Benign,7,Web-Based,0.019504467248778423,0.0875621979127005,0.020777815945762
2,6,0,False,1,BruteForce,0,Benign,0.24758731859525432,0.1998495183512923,0.2656430290659468
2,6,0,False,1,BruteForce,1,BruteForce,0.16165720560308466,0.044789245137245325,0.08753372719811156
2,6,0,False,1,BruteForce,2,DDoS,0.011018047137523454,0.03573748180393913,0.012764178493417473
2,6,0,False,1,BruteForce,3,DoS,0.0636951476810928,0.031815154526747554,0.07678476689708104
2,6,0,False,1,BruteForce,4,Mirai,0.32006937406757696,0.152624477266337,0.3325634123379524
2,6,0,False,1,BruteForce,5,Recon,0.14726450351673284,0.18756730793326515,0.17508103946245743
2,6,0,False,1,BruteForce,6,Spoofing,0.02064302960270491,0.24253463323495048,0.022715882767572422
2,6,0,False,1,BruteForce,7,Web-Based,0.028065373796030052,0.10508218174622305,0.026913963777460977
2,6,0,False,2,DDoS,0,Benign,0.07550373370829948,0.04644047796895547,0.10478185413533818
2,6,0,False,2,DDoS,1,BruteForce,0.03337438611502564,0.025172808563482047,0.03363773507810239
2,6,0,False,2,DDoS,2,DDoS,0.5606991131989045,0.605425279588917,0.4555644832146435
2,6,0,False,2,DDoS,3,DoS,0.12075734070337864,0.12631813516755241,0.16267828503382503
2,6,0,False,2,DDoS,4,Mirai,0.12562764118544675,0.06005792628841838,0.13805545173557351
2,6,0,False,2,DDoS,5,Recon,0.06433115850088801,0.0622953961757686,0.07114814746332884
2,6,0,False,2,DDoS,6,Spoofing,0.00923551469861753,0.04705555972943286,0.014144695575032938
2,6,0,False,2,DDoS,7,Web-Based,0.010471111889439525,0.027234416517473263,0.019989347764155587
2,6,0,False,3,DoS,0,Benign,0.01960643927465203,0.02971739862777548,0.031183219318431078
2,6,0,False,3,DoS,1,BruteForce,0.015381545832300407,0.020436265508976828,0.016828722475000998
2,6,0,False,3,DoS,2,DDoS,0.023417656784380424,0.19142517559753247,0.02177625241987036
2,6,0,False,3,DoS,3,DoS,0.8864757410572299,0.5503627154602633,0.8446218761534362
2,6,0,False,3,DoS,4,Mirai,0.02603648211023412,0.10642354154750458,0.0431461770917808
2,6,0,False,3,DoS,5,Recon,0.019414644329036924,0.03289736413390715,0.026358258254224377
2,6,0,False,3,DoS,6,Spoofing,0.005246064488232985,0.04666194291291903,0.00856158772017071
2,6,0,False,3,DoS,7,Web-Based,0.004421426123933186,0.022075596211121196,0.007523906567085566
2,6,0,False,4,Mirai,0,Benign,0.23846572166867666,0.18264390326546054,0.25716740971373475
2,6,0,False,4,Mirai,1,BruteForce,0.08522684082385866,0.037581167815045835,0.06214343396007815
2,6,0,False,4,Mirai,2,DDoS,0.012224979188746274,0.056831016327584895,0.01386823720359379
2,6,0,False,4,Mirai,3,DoS,0.08827564348973231,0.04902181220253114,0.149772069756984
2,6,0,False,4,Mirai,4,Mirai,0.45131815820384924,0.2539261411552118,0.3716587945662579
2,6,0,False,4,Mirai,5,Recon,0.08738743812217337,0.13100485934422065,0.10328053476161966
2,6,0,False,4,Mirai,6,Spoofing,0.020047240610886877,0.2049779866792328,0.02136984537726492
2,6,0,False,4,Mirai,7,Web-Based,0.01705397789207665,0.08401311321071223,0.020739674660466896
2,6,0,False,5,Recon,0,Benign,0.22599478171496468,0.18600188022971562,0.24724985801781527
2,6,0,False,5,Recon,1,BruteForce,0.14451012497207796,0.04228169744649786,0.0851020256366411
2,6,0,False,5,Recon,2,DDoS,0.010358034054839668,0.03425138870973617,0.012058303129683059
2,6,0,False,5,Recon,3,DoS,0.08790765336843098,0.034018132543495595,0.0998195894281689
2,6,0,False,5,Recon,4,Mirai,0.2646301289079103,0.12592506369818263,0.3057203541264973
2,6,0,False,5,Recon,5,Recon,0.21923796102442136,0.24124076242663775,0.20288978965026663
2,6,0,False,5,Recon,6,Spoofing,0.019697082961439637,0.23460497658786464,0.021513182207612613
2,6,0,False,5,Recon,7,Web-Based,0.02766423299591553,0.10167609835786964,0.025646897803315197
2,6,0,False,6,Spoofing,0,Benign,0.276536425724881,0.21805883495095077,0.27290338038420653
2,6,0,False,6,Spoofing,1,BruteForce,0.10668084737176461,0.03613182722788889,0.06470870055203756
2,6,0,False,6,Spoofing,2,DDoS,0.009756103991529763,0.033267939449767595,0.012183481902706246
2,6,0,False,6,Spoofing,3,DoS,0.09557716027555559,0.03856820770570822,0.14846015901941642
2,6,0,False,6,Spoofing,4,Mirai,0.2810542321787803,0.1278065445213239,0.2955883962719409
2,6,0,False,6,Spoofing,5,Recon,0.18288422531146145,0.1779808279727638,0.16073231861293877
2,6,0,False,6,Spoofing,6,Spoofing,0.023481054850190024,0.2720119885546727,0.022702443629196753
2,6,0,False,6,Spoofing,7,Web-Based,0.02402995029583735,0.09617382961692414,0.02272111962755682
2,6,0,False,7,Web-Based,0,Benign,0.2741536478594323,0.2139900455055159,0.2828623583119801
2,6,0,False,7,Web-Based,1,BruteForce,0.09999593431941033,0.03844668326002732,0.06785994904824477
2,6,0,False,7,Web-Based,2,DDoS,0.011088503948947549,0.03693408804624175,0.014249287961015595
2,6,0,False,7,Web-Based,3,DoS,0.0726721532184665,0.037008502042314304,0.10621673236144319
2,6,0,False,7,Web-Based,4,Mirai,0.3632044883222341,0.1684014311575239,0.34482029681020887
2,6,0,False,7,Web-Based,5,Recon,0.13532002623207776,0.1733432827523227,0.13843233178161277
2,6,0,False,7,Web-Based,6,Spoofing,0.021789908488426882,0.23048279599190905,0.022295377231029485
2,6,0,False,7,Web-Based,7,Web-Based,0.021775337611004593,0.10139317124414508,0.023263666494465214
2,6,1,True,0,Benign,0,Benign,0.011106482243491166,0.22143460346111604,0.013568399554844724
2,6,1,True,0,Benign,1,BruteForce,0.008057122272257728,0.03456996734187378,0.008605934639372665
2,6,1,True,0,Benign,2,DDoS,0.04655925381897596,0.062474934960410705,0.07444771125811747
2,6,1,True,0,Benign,3,DoS,0.024646589578686307,0.05203634881949379,0.018250106949369942
2,6,1,True,0,Benign,4,Mirai,0.0674270473083394,0.13591003417990047,0.10807574100270502
2,6,1,True,0,Benign,5,Recon,0.2332543109561537,0.18270599517732392,0.2907260211972004
2,6,1,True,0,Benign,6,Spoofing,0.33336411285912537,0.22330591814718087,0.47608512375763967
2,6,1,True,0,Benign,7,Web-Based,0.2755850809629703,0.0875621979127005,0.010240961640750088
2,6,1,True,1,BruteForce,0,Benign,0.010507519689825976,0.1998495183512923,0.012838263384921755
2,6,1,True,1,BruteForce,1,BruteForce,0.008376051773175611,0.044789245137245325,0.008322975190072216
2,6,1,True,1,BruteForce,2,DDoS,0.028768955296334824,0.03573748180393913,0.0486947483017159
2,6,1,True,1,BruteForce,3,DoS,0.0134025075751271,0.031815154526747554,0.011921294151150431
2,6,1,True,1,BruteForce,4,Mirai,0.0680344948551129,0.152624477266337,0.1105990736221884
2,6,1,True,1,BruteForce,5,Recon,0.2412321935024109,0.18756730793326515,0.29782863486713473
2,6,1,True,1,BruteForce,6,Spoofing,0.35019532193644143,0.24253463323495048,0.5004098369481974
2,6,1,True,1,BruteForce,7,Web-Based,0.2794829553715714,0.10508218174622305,0.00938517353461923
2,6,1,True,2,DDoS,0,Benign,0.008189615241574648,0.04644047796895547,0.010789170177697706
2,6,1,True,2,DDoS,1,BruteForce,0.010626583385349353,0.025172808563482047,0.008010163860307824
2,6,1,True,2,DDoS,2,DDoS,0.5083088097047145,0.605425279588917,0.6681850151860528
2,6,1,True,2,DDoS,3,DoS,0.16256046044547448,0.12631813516755241,0.02380207038049753
2,6,1,True,2,DDoS,4,Mirai,0.037656647635899494,0.06005792628841838,0.04539266732934675
2,6,1,True,2,DDoS,5,Recon,0.10054581550980511,0.0622953961757686,0.10933311795857123
2,6,1,True,2,DDoS,6,Spoofing,0.09457729331710098,0.04705555972943286,0.12801525908105618
2,6,1,True,2,DDoS,7,Web-Based,0.07753477476008147,0.027234416517473263,0.006472536026470069
2,6,1,True,3,DoS,0,Benign,0.008664867687039642,0.02971739862777548,0.010252218338446022
2,6,1,True,3,DoS,1,BruteForce,0.009860251462498242,0.020436265508976828,0.015216404503898918
2,6,1,True,3,DoS,2,DDoS,0.151643850436032,0.19142517559753247,0.17155529533872457
2,6,1,True,3,DoS,3,DoS,0.480783257731633,0.5503627154602633,0.5166624340617575
2,6,1,True,3,DoS,4,Mirai,0.15200596608794067,0.10642354154750458,0.050020635236841596
2,6,1,True,3,DoS,5,Recon,0.04974999402391292,0.03289736413390715,0.05898538021733843
2,6,1,True,3,DoS,6,Spoofing,0.07719729799938509,0.04666194291291903,0.16568625965394038
2,6,1,True,3,DoS,7,Web-Based,0.07009451457155849,0.022075596211121196,0.011621372649052655
2,6,1,True,4,Mirai,0,Benign,0.010642636624855588,0.18264390326546054,0.014618137705013036
2,6,1,True,4,Mirai,1,BruteForce,0.008182505178557314,0.037581167815045835,0.009102412497405885
2,6,1,True,4,Mirai,2,DDoS,0.04165980474541093,0.056831016327584895,0.08760477884375821
2,6,1,True,4,Mirai,3,DoS,0.02526645429948409,0.04902181220253114,0.02267124101393727
2,6,1,True,4,Mirai,4,Mirai,0.10651198707296002,0.2539261411552118,0.15230992245626365
2,6,1,True,4,Mirai,5,Recon,0.19008872717278927,0.13100485934422065,0.21313913990613298
2,6,1,True,4,Mirai,6,Spoofing,0.3202502740450796,0.2049779866792328,0.4892664164272418
2,6,1,True,4,Mirai,7,Web-Based,0.29739761086086325,0.08401311321071223,0.011287951150247227
2,6,1,True,5,Recon,0,Benign,0.01005854191644429,0.18600188022971562,0.011824808752694154
2,6,1,True,5,Recon,1,BruteForce,0.007830478260437078,0.04228169744649786,0.007794146199475564
2,6,1,True,5,Recon,2,DDoS,0.02676456089691333,0.03425138870973617,0.043844228754022566
2,6,1,True,5,Recon,3,DoS,0.012097838793284858,0.034018132543495595,0.011222183207049409
2,6,1,True,5,Recon,4,Mirai,0.0627514194161907,0.12592506369818263,0.10642451725044536
2,6,1,True,5,Recon,5,Recon,0.3225123497996086,0.24124076242663775,0.38581164237960236
2,6,1,True,5,Recon,6,Spoofing,0.32051584320223736,0.23460497658786464,0.42455073847402264
2,6,1,True,5,Recon,7,Web-Based,0.23746896771488393,0.10167609835786964,0.00852773498268801
2,6,1,True,6,Spoofing,0,Benign,0.010967471385684319,0.21805883495095077,0.012756547625364765
2,6,1,True,6,Spoofing,1,BruteForce,0.007820124697714186,0.03613182722788889,0.00793767673279992
2,6,1,True,6,Spoofing,2,DDoS,0.0246284979620402,0.033267939449767595,0.04094354636442861
2,6,1,True,6,Spoofing,3,DoS,0.012819386641290264,0.03856820770570822,0.013276564153364187
2,6,1,True,6,Spoofing,4,Mirai,0.06253363559930962,0.1278065445213239,0.10214290260601923
2,6,1,True,6,Spoofing,5,Recon,0.24690702960307007,0.1779808279727638,0.30987281749361173
2,6,1,True,6,Spoofing,6,Spoofing,0.35505631267649257,0.2720119885546727,0.5035233321847596
2,6,1,True,6,Spoofing,7,Web-Based,0.2792675414343989,0.09617382961692414,0.009546612839651922
2,6,1,True,7,Web-Based,0,Benign,0.010991816656496086,0.2139900455055159,0.013734158361343934
2,6,1,True,7,Web-Based,1,BruteForce,0.00809582242740869,0.03844668326002732,0.008298821415736183
2,6,1,True,7,Web-Based,2,DDoS,0.0312579257308915,0.03693408804624175,0.05452670758696665
2,6,1,True,7,Web-Based,3,DoS,0.015372347844838957,0.037008502042314304,0.012572142659275492
2,6,1,True,7,Web-Based,4,Mirai,0.0761886862747273,0.1684014311575239,0.12680239855305564
2,6,1,True,7,Web-Based,5,Recon,0.23916815468126562,0.1733432827523227,0.29510931665947837
2,6,1,True,7,Web-Based,6,Spoofing,0.34475851477655145,0.23048279599190905,0.47882548768979566
2,6,1,True,7,Web-Based,7,Web-Based,0.2741667316078204,0.10139317124414508,0.010130967074348123
2,6,2,False,0,Benign,0,Benign,0.18884673602292368,0.22143460346111604,0.15516749217397513
2,6,2,False,0,Benign,1,BruteForce,0.022249392919878177,0.03456996734187378,0.02020697169099876
2,6,2,False,0,Benign,2,DDoS,0.016403698129535793,0.062474934960410705,0.02483690992421998
2,6,2,False,0,Benign,3,DoS,0.011987624414565773,0.05203634881949379,0.021903132373728325
2,6,2,False,0,Benign,4,Mirai,0.26341037769997744,0.13591003417990047,0.3359140225651714
2,6,2,False,0,Benign,5,Recon,0.44171056610266884,0.18270599517732392,0.38273503638041545
2,6,2,False,0,Benign,6,Spoofing,0.02968133752698003,0.22330591814718087,0.03607525256740638
2,6,2,False,0,Benign,7,Web-Based,0.025710267183470293,0.0875621979127005,0.02316118232408474
2,6,2,False,1,BruteForce,0,Benign,0.16820935607849405,0.1998495183512923,0.1467095370191094
2,6,2,False,1,BruteForce,1,BruteForce,0.02906379966982273,0.044789245137245325,0.022985457984859892
2,6,2,False,1,BruteForce,2,DDoS,0.0125097529997162,0.03573748180393913,0.017791320728001596
2,6,2,False,1,BruteForce,3,DoS,0.008322324408275171,0.031815154526747554,0.01686477535592938
2,6,2,False,1,BruteForce,4,Mirai,0.2790231603795333,0.152624477266337,0.34946964266103686
2,6,2,False,1,BruteForce,5,Recon,0.44072013634761625,0.18756730793326515,0.38500319043422254
2,6,2,False,1,BruteForce,6,Spoofing,0.028639697704837364,0.24253463323495048,0.03336265034182514
2,6,2,False,1,BruteForce,7,Web-Based,0.03351177241170493,0.10508218174622305,0.027813425475015124
2,6,2,False,2,DDoS,0,Benign,0.0554183955377615,0.04644047796895547,0.09243642996206623
2,6,2,False,2,DDoS,1,BruteForce,0.015174333844066565,0.025172808563482047,0.024709175856203476
2,6,2,False,2,DDoS,2,DDoS,0.6027902687620516,0.605425279588917,0.45204813066914906
2,6,2,False,2,DDoS,3,DoS,0.021280900606393163,0.12631813516755241,0.02210006079565015
2,6,2,False,2,DDoS,4,Mirai,0.13467127424556277,0.06005792628841838,0.18417335762347684
2,6,2,False,2,DDoS,5,Recon,0.14467615322257465,0.0622953961757686,0.17897191068459242
2,6,2,False,2,DDoS,6,Spoofing,0.011903262059850242,0.04705555972943286,0.02380177489314433
2,6,2,False,2,DDoS,7,Web-Based,0.014085411721739606,0.027234416517473263,0.021759159515717497
2,6,2,False,3,DoS,0,Benign,0.03008413142806225,0.02971739862777548,0.07423245721019542
2,6,2,False,3,DoS,1,BruteForce,0.017779242028682713,0.020436265508976828,0.030443967390512406
2,6,2,False,3,DoS,2,DDoS,0.17451735859277076,0.19142517559753247,0.12209621095118063
2,6,2,False,3,DoS,3,DoS,0.45695634793185697,0.5503627154602633,0.2235281468682234
2,6,2,False,3,DoS,4,Mirai,0.17408087608207715,0.10642354154750458,0.24700607328376994
2,6,2,False,3,DoS,5,Recon,0.11400079354015395,0.03289736413390715,0.24790555799165553
2,6,2,False,3,DoS,6,Spoofing,0.0164046472370055,0.04666194291291903,0.029631423152986853
2,6,2,False,3,DoS,7,Web-Based,0.016176603159390696,0.022075596211121196,0.025156163151475817
2,6,2,False,4,Mirai,0,Benign,0.15492121040741297,0.18264390326546054,0.1493377915779523
2,6,2,False,4,Mirai,1,BruteForce,0.021640655368039878,0.037581167815045835,0.01927501948970061
2,6,2,False,4,Mirai,2,DDoS,0.018212126723039117,0.056831016327584895,0.02255940543558527
2,6,2,False,4,Mirai,3,DoS,0.010501083340157487,0.04902181220253114,0.020264412532864148
2,6,2,False,4,Mirai,4,Mirai,0.45415277749317756,0.2539261411552118,0.41690692612713565
2,6,2,False,4,Mirai,5,Recon,0.29132710887754376,0.13100485934422065,0.3150578115032778
2,6,2,False,4,Mirai,6,Spoofing,0.025567770555675214,0.2049779866792328,0.03463700112605171
2,6,2,False,4,Mirai,7,Web-Based,0.023677267234953964,0.08401311321071223,0.021961632207432438
2,6,2,False,5,Recon,0,Benign,0.1444964419028745,0.18600188022971562,0.13991036853333705
2,6,2,False,5,Recon,1,BruteForce,0.027155625629459768,0.04228169744649786,0.022959709159566802
2,6,2,False,5,Recon,2,DDoS,0.011631956650679889,0.03425138870973617,0.01759819314837628
2,6,2,False,5,Recon,3,DoS,0.00861853745931139,0.034018132543495595,0.016998861128553096
2,6,2,False,5,Recon,4,Mirai,0.23048127166176793,0.12592506369818263,0.3418745355520832
2,6,2,False,5,Recon,5,Recon,0.5191961296474452,0.24124076242663775,0.40087168660804506
2,6,2,False,5,Recon,6,Spoofing,0.0280017907812352,0.23460497658786464,0.032696458412240906
2,6,2,False,5,Recon,7,Web-Based,0.030418246267226116,0.10167609835786964,0.027090187457797683
2,6,2,False,6,Spoofing,0,Benign,0.16435510092133732,0.21805883495095077,0.14999845851380175
2,6,2,False,6,Spoofing,1,BruteForce,0.023844977742588612,0.03613182722788889,0.020894841280412003
2,6,2,False,6,Spoofing,2,DDoS,0.0110341812340678,0.033267939449767595,0.01908801949955038
2,6,2,False,6,Spoofing,3,DoS,0.009251124364465367,0.03856820770570822,0.01990548896326303
2,6,2,False,6,Spoofing,4,Mirai,0.23114362009137127,0.1278065445213239,0.31733955553989673
2,6,2,False,6,Spoofing,5,Recon,0.5017509659629883,0.1779808279727638,0.4104761713150622
2,6,2,False,6,Spoofing,6,Spoofing,0.03043571730401572,0.2720119885546727,0.03817166657681523
2,6,2,False,6,Spoofing,7,Web-Based,0.028184312379165667,0.09617382961692414,0.024125798311198696
2,6,2,False,7,Web-Based,0,Benign,0.16862799587878577,0.2139900455055159,0.15534963756362322
2,6,2,False,7,Web-Based,1,BruteForce,0.02407224403872302,0.03844668326002732,0.01998890373401627
2,6,2,False,7,Web-Based,2,DDoS,0.012647370785694837,0.03693408804624175,0.019995455457424424
2,6,2,False,7,Web-Based,3,DoS,0.008878761104547656,0.037008502042314304,0.017779293256949942
2,6,2,False,7,Web-Based,4,Mirai,0.31302757082180444,0.1684014311575239,0.3703569074777412
2,6,2,False,7,Web-Based,5,Recon,0.4170059081320171,0.1733432827523227,0.3576040454011711
2,6,2,False,7,Web-Based,6,Spoofing,0.027760540905483567,0.23048279599190905,0.03456511848490651
2,6,2,False,7,Web-Based,7,Web-Based,0.027979608332943637,0.10139317124414508,0.024360638624167468
2,6,3,False,0,Benign,0,Benign,0.15062055896779972,0.22143460346111604,0.11885254276976849
2,6,3,False,0,Benign,1,BruteForce,0.3788745551958634,0.03456996734187378,0.34183347738017056
2,6,3,False,0,Benign,2,DDoS,0.09282056923851158,0.062474934960410705,0.12378352278465309
2,6,3,False,0,Benign,3,DoS,0.028891056023059577,0.05203634881949379,0.044653900704609784
2,6,3,False,0,Benign,4,Mirai,0.1882348088584316,0.13591003417990047,0.22325900240316113
2,6,3,False,0,Benign,5,Recon,0.09685881756418672,0.18270599517732392,0.09131375981835803
2,6,3,False,0,Benign,6,Spoofing,0.02285507663125258,0.22330591814718087,0.02743729080595953
2,6,3,False,0,Benign,7,Web-Based,0.04084455752089479,0.0875621979127005,0.02886650333331943
2,6,3,False,1,BruteForce,0,Benign,0.10824666072357564,0.1998495183512923,0.10422845740096678
2,6,3,False,1,BruteForce,1,BruteForce,0.5202519718486339,0.044789245137245325,0.4420364598311267
2,6,3,False,1,BruteForce,2,DDoS,0.05581493703332849,0.03573748180393913,0.06434640405943129
2,6,3,False,1,BruteForce,3,DoS,0.027509403149391574,0.031815154526747554,0.04339879802482092
2,6,3,False,1,BruteForce,4,Mirai,0.1549395981365063,0.152624477266337,0.20464662397004163
2,6,3,False,1,BruteForce,5,Recon,0.062030846948900105,0.18756730793326515,0.08160172798012294
2,6,3,False,1,BruteForce,6,Spoofing,0.023185897773238207,0.24253463323495048,0.028321106426362385
2,6,3,False,1,BruteForce,7,Web-Based,0.048020684386425934,0.10508218174622305,0.03142042230712738
2,6,3,False,2,DDoS,0,Benign,0.0437703394236335,0.04644047796895547,0.05418656669811476
2,6,3,False,2,DDoS,1,BruteForce,0.12252550033184732,0.025172808563482047,0.13362710600047714
2,6,3,False,2,DDoS,2,DDoS,0.6545306914829631,0.605425279588917,0.6084341304810735
2,6,3,False,2,DDoS,3,DoS,0.022445469479377252,0.12631813516755241,0.029694312183729966
2,6,3,False,2,DDoS,4,Mirai,0.07355303796596219,0.06005792628841838,0.0876212099996208
2,6,3,False,2,DDoS,5,Recon,0.05649754133346958,0.0622953961757686,0.05046877631761053
2,6,3,False,2,DDoS,6,Spoofing,0.010174294378509361,0.04705555972943286,0.016799953749613523
2,6,3,False,2,DDoS,7,Web-Based,0.016503125604237827,0.027234416517473263,0.01916794456975978
2,6,3,False,3,DoS,0,Benign,0.02600977759838343,0.02971739862777548,0.049824806740559134
2,6,3,False,3,DoS,1,BruteForce,0.10327260261814498,0.020436265508976828,0.15871638978004346
2,6,3,False,3,DoS,2,DDoS,0.2664186770137861,0.19142517559753247,0.2739374321325671
2,6,3,False,3,DoS,3,DoS,0.4471974716800534,0.5503627154602633,0.2839548812108047
2,6,3,False,3,DoS,4,Mirai,0.10394704059484774,0.10642354154750458,0.14274198998363813
2,6,3,False,3,DoS,5,Recon,0.02604069740358838,0.03289736413390715,0.046865274202214556
2,6,3,False,3,DoS,6,Spoofing,0.012127959011584847,0.04666194291291903,0.018854402550887935
2,6,3,False,3,DoS,7,Web-Based,0.014985774079611065,0.022075596211121196,0.02510482339928486
2,6,3,False,4,Mirai,0,Benign,0.10618424915192852,0.18264390326546054,0.10394801873029945
2,6,3,False,4,Mirai,1,BruteForce,0.39615428408226455,0.037581167815045835,0.3662581022185664
2,6,3,False,4,Mirai,2,DDoS,0.09513611314720473,0.056831016327584895,0.10740728079125414
2,6,3,False,4,Mirai,3,DoS,0.02635664058054918,0.04902181220253114,0.04208730839404158
2,6,3,False,4,Mirai,4,Mirai,0.25911129001629585,0.2539261411552118,0.25034116343665686
2,6,3,False,4,Mirai,5,Recon,0.05681772974227156,0.13100485934422065,0.07377720890383144
2,6,3,False,4,Mirai,6,Spoofing,0.02160082992220845,0.2049779866792328,0.027117561978776256
2,6,3,False,4,Mirai,7,Web-Based,0.03863886335727707,0.08401311321071223,0.029063355546573952
2,6,3,False,5,Recon,0,Benign,0.10233655012296632,0.18600188022971562,0.09756590563366478
2,6,3,False,5,Recon,1,BruteForce,0.5127011795459026,0.04228169744649786,0.4393565922828682
2,6,3,False,5,Recon,2,DDoS,0.05524480591355232,0.03425138870973617,0.06267543526401637
2,6,3,False,5,Recon,3,DoS,0.028355296199567226,0.034018132543495595,0.04463156907363983
2,6,3,False,5,Recon,4,Mirai,0.1454132235950748,0.12592506369818263,0.20565759171174258
2,6,3,False,5,Recon,5,Recon,0.08591966009736107,0.24124076242663775,0.0917340051966015
2,6,3,False,5,Recon,6,Spoofing,0.022292431072493055,0.23460497658786464,0.02682067240807345
2,6,3,False,5,Recon,7,Web-Based,0.0477368534530827,0.10167609835786964,0.03155822842939329
2,6,3,False,6,Spoofing,0,Benign,0.14484961443810124,0.21805883495095077,0.12262083379026725
2,6,3,False,6,Spoofing,1,BruteForce,0.4197612496850047,0.03613182722788889,0.3671513011785513
2,6,3,False,6,Spoofing,2,DDoS,0.04755520407465902,0.033267939449767595,0.07061394487219584
2,6,3,False,6,Spoofing,3,DoS,0.02474383061628736,0.03856820770570822,0.04085530223639366
2,6,3,False,6,Spoofing,4,Mirai,0.18487648632293496,0.1278065445213239,0.2393203767527391
2,6,3,False,6,Spoofing,5,Recon,0.1057369897087363,0.1779808279727638,0.09944266369448852
2,6,3,False,6,Spoofing,6,Spoofing,0.024980606332795113,0.2720119885546727,0.030191004562158057
2,6,3,False,6,Spoofing,7,Web-Based,0.047496018821481245,0.09617382961692414,0.029804572913206245
2,6,3,False,7,Web-Based,0,Benign,0.13667182565283195,0.2139900455055159,0.12166781308232819
2,6,3,False,7,Web-Based,1,BruteForce,0.42711160547212196,0.03844668326002732,0.381819740473302
2,6,3,False,7,Web-Based,2,DDoS,0.056298453676004494,0.03693408804624175,0.08681887661962281
2,6,3,False,7,Web-Based,3,DoS,0.025331572815146475,0.037008502042314304,0.03828257697757771
2,6,3,False,7,Web-Based,4,Mirai,0.19384029659750304,0.1684014311575239,0.22489869579251326
2,6,3,False,7,Web-Based,5,Recon,0.09190268632887966,0.1733432827523227,0.08862106663524917
2,6,3,False,7,Web-Based,6,Spoofing,0.023598164886429934,0.23048279599190905,0.027871303862086062
2,6,3,False,7,Web-Based,7,Web-Based,0.0452453945710826,0.10139317124414508,0.030019926557320668
2,6,4,False,0,Benign,0,Benign,0.5383374613113291,0.22143460346111604,0.5079957351917117
2,6,4,False,0,Benign,1,BruteForce,0.015440898063184312,0.03456996734187378,0.01748946183137613
2,6,4,False,0,Benign,2,DDoS,0.014420948281216492,0.062474934960410705,0.021068978105766273
2,6,4,False,0,Benign,3,DoS,0.09191599775479843,0.05203634881949379,0.11805400248392045
2,6,4,False,0,Benign,4,Mirai,0.05265560658112383,0.13591003417990047,0.051857750097300044
2,6,4,False,0,Benign,5,Recon,0.037566459580803215,0.18270599517732392,0.044870356461185056
2,6,4,False,0,Benign,6,Spoofing,0.15226337357008515,0.22330591814718087,0.12974401873056032
2,6,4,False,0,Benign,7,Web-Based,0.0973992548574595,0.0875621979127005,0.10891969709817997
2,6,4,False,1,BruteForce,0,Benign,0.5282744254579703,0.1998495183512923,0.5389955761261209
2,6,4,False,1,BruteForce,1,BruteForce,0.018254254078357953,0.044789245137245325,0.017308943523206857
2,6,4,False,1,BruteForce,2,DDoS,0.014264004048911686,0.03573748180393913,0.019094587480338956
2,6,4,False,1,BruteForce,3,DoS,0.03757040388472675,0.031815154526747554,0.046011712086405
2,6,4,False,1,BruteForce,4,Mirai,0.0606175899242379,0.152624477266337,0.05660047445349295
2,6,4,False,1,BruteForce,5,Recon,0.03216738762735061,0.18756730793326515,0.04878325819914148
2,6,4,False,1,BruteForce,6,Spoofing,0.17506593218544256,0.24253463323495048,0.13701215473952064
2,6,4,False,1,BruteForce,7,Web-Based,0.1337860027930023,0.10508218174622305,0.13619329339177316
2,6,4,False,2,DDoS,0,Benign,0.15667335330111065,0.04644047796895547,0.24393959575792235
2,6,4,False,2,DDoS,1,BruteForce,0.016701086465190813,0.025172808563482047,0.022141041236417712
2,6,4,False,2,DDoS,2,DDoS,0.5660273993125848,0.605425279588917,0.4235565978710404
2,6,4,False,2,DDoS,3,DoS,0.1124720034537359,0.12631813516755241,0.10550288890410102
2,6,4,False,2,DDoS,4,Mirai,0.028366630072215265,0.06005792628841838,0.038561222616288644
2,6,4,False,2,DDoS,5,Recon,0.021467043948728122,0.0622953961757686,0.031050563041224537
2,6,4,False,2,DDoS,6,Spoofing,0.05321757046930693,0.04705555972943286,0.06882433656623298
2,6,4,False,2,DDoS,7,Web-Based,0.045074912977127596,0.027234416517473263,0.06642375400677236
2,6,4,False,3,DoS,0,Benign,0.05667941817791822,0.02971739862777548,0.07787514820812906
2,6,4,False,3,DoS,1,BruteForce,0.00986734479831548,0.020436265508976828,0.018979474854902208
2,6,4,False,3,DoS,2,DDoS,0.027275859335895443,0.19142517559753247,0.028906935572254794
2,6,4,False,3,DoS,3,DoS,0.8370985708876738,0.5503627154602633,0.7484607123074821
2,6,4,False,3,DoS,4,Mirai,0.012658686235098297,0.10642354154750458,0.023447361734180414
2,6,4,False,3,DoS,5,Recon,0.008474539302119017,0.03289736413390715,0.01725485135104091
2,6,4,False,3,DoS,6,Spoofing,0.03136373248819667,0.04666194291291903,0.04805986709779222
2,6,4,False,3,DoS,7,Web-Based,0.016581848774782994,0.022075596211121196,0.03701564887421835
2,6,4,False,4,Mirai,0,Benign,0.5012266197297081,0.18264390326546054,0.4965879247066158
2,6,4,False,4,Mirai,1,BruteForce,0.016420071576239374,0.037581167815045835,0.01775053418160157
2,6,4,False,4,Mirai,2,DDoS,0.01456118404707594,0.056831016327584895,0.01977268644247351
2,6,4,False,4,Mirai,3,DoS,0.11367664156684193,0.04902181220253114,0.12263830614322681
2,6,4,False,4,Mirai,4,Mirai,0.06789309727897157,0.2539261411552118,0.05638430205370269
2,6,4,False,4,Mirai,5,Recon,0.02838327262780346,0.13100485934422065,0.04138758345937428
2,6,4,False,4,Mirai,6,Spoofing,0.1577800443855087,0.2049779866792328,0.1311358886537027
2,6,4,False,4,Mirai,7,Web-Based,0.10005906878785102,0.08401311321071223,0.11434277435930258
2,6,4,False,5,Recon,0,Benign,0.5292927516018041,0.18600188022971562,0.5312455447983859
2,6,4,False,5,Recon,1,BruteForce,0.018182305801893523,0.04228169744649786,0.0175746854967464
2,6,4,False,5,Recon,2,DDoS,0.014278752521176967,0.03425138870973617,0.019201740904951983
2,6,4,False,5,Recon,3,DoS,0.039569270665080286,0.034018132543495595,0.051801502990743445
2,6,4,False,5,Recon,4,Mirai,0.05659473381202617,0.12592506369818263,0.05578130400813185
2,6,4,False,5,Recon,5,Recon,0.04374006157124578,0.24124076242663775,0.0544097450669764
2,6,4,False,5,Recon,6,Spoofing,0.16022484264538994,0.23460497658786464,0.13279172107750647
2,6,4,False,5,Recon,7,Web-Based,0.13811728138138318,0.10167609835786964,0.13719375565655736
2,6,4,False,6,Spoofing,0,Benign,0.5396814042407898,0.21805883495095077,0.5367291950120796
2,6,4,False,6,Spoofing,1,BruteForce,0.015720847549086262,0.03613182722788889,0.017387891299526708
2,6,4,False,6,Spoofing,2,DDoS,0.013638093361766785,0.033267939449767595,0.019919672538647067
2,6,4,False,6,Spoofing,3,DoS,0.04763190152347382,0.03856820770570822,0.07140899313666473
2,6,4,False,6,Spoofing,4,Mirai,0.05251318729102696,0.1278065445213239,0.05230154226277583
2,6,4,False,6,Spoofing,5,Recon,0.03868558170545459,0.1779808279727638,0.04718666696582754
2,6,4,False,6,Spoofing,6,Spoofing,0.18385267516236947,0.2720119885546727,0.1407045503825967
2,6,4,False,6,Spoofing,7,Web-Based,0.10827630916603224,0.09617382961692414,0.11436148840188197
2,6,4,False,7,Web-Based,0,Benign,0.545664856613671,0.2139900455055159,0.5452923947553538
2,6,4,False,7,Web-Based,1,BruteForce,0.01665036769569888,0.03844668326002732,0.017324480126832013
2,6,4,False,7,Web-Based,2,DDoS,0.014064432885344386,0.03693408804624175,0.020624852395507213
2,6,4,False,7,Web-Based,3,DoS,0.041156438479482235,0.037008502042314304,0.051402003499636945
2,6,4,False,7,Web-Based,4,Mirai,0.0628325558466223,0.1684014311575239,0.05589367899116845
2,6,4,False,7,Web-Based,5,Recon,0.03457546851638944,0.1733432827523227,0.04665063687173556
2,6,4,False,7,Web-Based,6,Spoofing,0.16646404949977747,0.23048279599190905,0.134926452910806
2,6,4,False,7,Web-Based,7,Web-Based,0.11859183046301439,0.10139317124414508,0.12788550044896002
2,6,5,False,0,Benign,0,Benign,0.3642969659486592,0.22143460346111604,0.3783280723088211
2,6,5,False,0,Benign,1,BruteForce,0.01167629525059755,0.03456996734187378,0.017547510079094965
2,6,5,False,0,Benign,2,DDoS,0.040097998487628385,0.062474934960410705,0.051107934128251306
2,6,5,False,0,Benign,3,DoS,0.012384454551387309,0.05203634881949379,0.01959878619832978
2,6,5,False,0,Benign,4,Mirai,0.022160720310756537,0.13591003417990047,0.02363074014508072
2,6,5,False,0,Benign,5,Recon,0.053863914857357066,0.18270599517732392,0.0744806952042887
2,6,5,False,0,Benign,6,Spoofing,0.47842884072893527,0.22330591814718087,0.41640980896830043
2,6,5,False,0,Benign,7,Web-Based,0.017090809864678782,0.0875621979127005,0.018896452967833058
2,6,5,False,1,BruteForce,0,Benign,0.3849594053268503,0.1998495183512923,0.4220793397155259
2,6,5,False,1,BruteForce,1,BruteForce,0.01226574273489941,0.044789245137245325,0.017452424571843622
2,6,5,False,1,BruteForce,2,DDoS,0.022077242969478023,0.03573748180393913,0.030756218001764053
2,6,5,False,1,BruteForce,3,DoS,0.01011983973810518,0.031815154526747554,0.019057952971509008
2,6,5,False,1,BruteForce,4,Mirai,0.022709615142020658,0.152624477266337,0.02385929989556012
2,6,5,False,1,BruteForce,5,Recon,0.04670058461529436,0.18756730793326515,0.0768380145216068
2,6,5,False,1,BruteForce,6,Spoofing,0.4832567210731691,0.24253463323495048,0.3907260856561628
2,6,5,False,1,BruteForce,7,Web-Based,0.017910848400183085,0.10508218174622305,0.019230664666027766
2,6,5,False,2,DDoS,0,Benign,0.119052219278673,0.04644047796895547,0.15728459891530153
2,6,5,False,2,DDoS,1,BruteForce,0.011490468829045204,0.025172808563482047,0.020081329595853403
2,6,5,False,2,DDoS,2,DDoS,0.6433412324008952,0.605425279588917,0.5617724981376889
2,6,5,False,2,DDoS,3,DoS,0.010776858316130422,0.12631813516755241,0.012859254036653837
2,6,5,False,2,DDoS,4,Mirai,0.01285211857314912,0.06005792628841838,0.019400251437496654
2,6,5,False,2,DDoS,5,Recon,0.036058487473286854,0.0622953961757686,0.04233680995181692
2,6,5,False,2,DDoS,6,Spoofing,0.15677559541788222,0.04705555972943286,0.17072499753583964
2,6,5,False,2,DDoS,7,Web-Based,0.009653019710937969,0.027234416517473263,0.01554026038934899
2,6,5,False,3,DoS,0,Benign,0.07650665336509195,0.02971739862777548,0.1521870865087781
2,6,5,False,3,DoS,1,BruteForce,0.017782496358481576,0.020436265508976828,0.02707200618051485
2,6,5,False,3,DoS,2,DDoS,0.1759515919176934,0.19142517559753247,0.14666000047508393
2,6,5,False,3,DoS,3,DoS,0.40253529987221676,0.5503627154602633,0.18098746353411105
2,6,5,False,3,DoS,4,Mirai,0.015222264226306452,0.10642354154750458,0.0225941413864522
2,6,5,False,3,DoS,5,Recon,0.02209137074364809,0.03289736413390715,0.047561405360367064
2,6,5,False,3,DoS,6,Spoofing,0.27784131597462824,0.04666194291291903,0.40015524914078443
2,6,5,False,3,DoS,7,Web-Based,0.012069007541933569,0.022075596211121196,0.02278264741390845
2,6,5,False,4,Mirai,0,Benign,0.3450636800401131,0.18264390326546054,0.3881948853418603
2,6,5,False,4,Mirai,1,BruteForce,0.012518166691965359,0.037581167815045835,0.017591480932306197
2,6,5,False,4,Mirai,2,DDoS,0.03464802115071918,0.056831016327584895,0.04069487135055433
2,6,5,False,4,Mirai,3,DoS,0.011882556562075883,0.04902181220253114,0.019884109120460344
2,6,5,False,4,Mirai,4,Mirai,0.024986002997228394,0.2539261411552118,0.024656434139932532
2,6,5,False,4,Mirai,5,Recon,0.04285810059502632,0.13100485934422065,0.0680386101742592
2,6,5,False,4,Mirai,6,Spoofing,0.511028540019966,0.2049779866792328,0.422302547286838
2,6,5,False,4,Mirai,7,Web-Based,0.017014931942905813,0.08401311321071223,0.01863706165378906
2,6,5,False,5,Recon,0,Benign,0.39339592209282664,0.18600188022971562,0.4165851513257524
2,6,5,False,5,Recon,1,BruteForce,0.012196282371837579,0.04228169744649786,0.017232907660537707
2,6,5,False,5,Recon,2,DDoS,0.021924482238396353,0.03425138870973617,0.030855083847475456
2,6,5,False,5,Recon,3,DoS,0.0103943437801474,0.034018132543495595,0.01930504435685354
2,6,5,False,5,Recon,4,Mirai,0.021588897614198608,0.12592506369818263,0.023053352050397432
2,6,5,False,5,Recon,5,Recon,0.07167847331200508,0.24124076242663775,0.09082699923357593
2,6,5,False,5,Recon,6,Spoofing,0.45072657913799535,0.23460497658786464,0.3830407149459981
2,6,5,False,5,Recon,7,Web-Based,0.018095019452593127,0.10167609835786964,0.019100746579409494
2,6,5,False,6,Spoofing,0,Benign,0.3447402946556759,0.21805883495095077,0.384339731543249
2,6,5,False,6,Spoofing,1,BruteForce,0.011194387212910432,0.03613182722788889,0.017071650158905514
2,6,5,False,6,Spoofing,2,DDoS,0.021412806250252027,0.033267939449767595,0.03154310353527155
2,6,5,False,6,Spoofing,3,DoS,0.010885764720073745,0.03856820770570822,0.01963870014916002
2,6,5,False,6,Spoofing,4,Mirai,0.021463011064543985,0.1278065445213239,0.02363134532308709
2,6,5,False,6,Spoofing,5,Recon,0.0504716330252661,0.1779808279727638,0.07216007608053722
2,6,5,False,6,Spoofing,6,Spoofing,0.5229325659225076,0.2720119885546727,0.4330544183475924
2,6,5,False,6,Spoofing,7,Web-Based,0.016899537148770263,0.09617382961692414,0.018560974862197207
2,6,5,False,7,Web-Based,0,Benign,0.38200848219739447,0.2139900455055159,0.4216269510220606
2,6,5,False,7,Web-Based,1,BruteForce,0.011807665088718755,0.03844668326002732,0.01734601397073613
2,6,5,False,7,Web-Based,2,DDoS,0.022808371712937765,0.03693408804624175,0.033328462487528146
2,6,5,False,7,Web-Based,3,DoS,0.010656540784630825,0.037008502042314304,0.019046315251843134
2,6,5,False,7,Web-Based,4,Mirai,0.023406859561214625,0.1684014311575239,0.02389689832549251
2,6,5,False,7,Web-Based,5,Recon,0.04811009177180237,0.1733432827523227,0.07154520334700588
2,6,5,False,7,Web-Based,6,Spoofing,0.48354296967001015,0.23048279599190905,0.3943679879536759
2,6,5,False,7,Web-Based,7,Web-Based,0.017659019213290904,0.10139317124414508,0.018842167641657553
2,6,6,False,0,Benign,0,Benign,0.5796635792614017,0.22143460346111604,0.5635906685768259
2,6,6,False,0,Benign,1,BruteForce,0.06883835948660062,0.03456996734187378,0.07299659075803594
2,6,6,False,0,Benign,2,DDoS,0.01626842788931203,0.062474934960410705,0.022728536544494627
2,6,6,False,0,Benign,3,DoS,0.023133553405197935,0.05203634881949379,0.031804090117990215
2,6,6,False,0,Benign,4,Mirai,0.2657654720346488,0.13591003417990047,0.2587297366439052
2,6,6,False,0,Benign,5,Recon,0.018068672751086246,0.18270599517732392,0.018895481360983485
2,6,6,False,0,Benign,6,Spoofing,0.016168084933590895,0.22330591814718087,0.0177701765605472
2,6,6,False,0,Benign,7,Web-Based,0.012093850238161797,0.0875621979127005,0.01348471943721746
2,6,6,False,1,BruteForce,0,Benign,0.5632561104011978,0.1998495183512923,0.5549714020686299
2,6,6,False,1,BruteForce,1,BruteForce,0.08852683349369182,0.044789245137245325,0.08560280046420034
2,6,6,False,1,BruteForce,2,DDoS,0.017167787301703888,0.03573748180393913,0.021062767913920828
2,6,6,False,1,BruteForce,3,DoS,0.012824583088052729,0.031815154526747554,0.02567387307698594
2,6,6,False,1,BruteForce,4,Mirai,0.27172800393837154,0.152624477266337,0.26100076552171436
2,6,6,False,1,BruteForce,5,Recon,0.01609212800284472,0.18756730793326515,0.019051100528756047
2,6,6,False,1,BruteForce,6,Spoofing,0.016897643639480757,0.24253463323495048,0.018381569423341976
2,6,6,False,1,BruteForce,7,Web-Based,0.013506910134656767,0.10508218174622305,0.014255721002450587
2,6,6,False,2,DDoS,0,Benign,0.2663641155182942,0.04644047796895547,0.4202436186435445
2,6,6,False,2,DDoS,1,BruteForce,0.04389433625198579,0.025172808563482047,0.05236872798432571
2,6,6,False,2,DDoS,2,DDoS,0.307718755434208,0.605425279588917,0.18140853702907217
2,6,6,False,2,DDoS,3,DoS,0.044418906143148855,0.12631813516755241,0.03450566219496077
2,6,6,False,2,DDoS,4,Mirai,0.2974168443903988,0.06005792628841838,0.2590831465024586
2,6,6,False,2,DDoS,5,Recon,0.015723263496258494,0.0622953961757686,0.018087462278336484
2,6,6,False,2,DDoS,6,Spoofing,0.012821699058701501,0.04705555972943286,0.017904361348387392
2,6,6,False,2,DDoS,7,Web-Based,0.011642079707004397,0.027234416517473263,0.016398484018914375
2,6,6,False,3,DoS,0,Benign,0.12883436230106124,0.02971739862777548,0.25688272991575484
2,6,6,False,3,DoS,1,BruteForce,0.046537293282819914,0.020436265508976828,0.06691429012445817
2,6,6,False,3,DoS,2,DDoS,0.030146662186341034,0.19142517559753247,0.040240292913036796
2,6,6,False,3,DoS,3,DoS,0.5845182550867565,0.5503627154602633,0.3115024818327052
2,6,6,False,3,DoS,4,Mirai,0.170161026690265,0.10642354154750458,0.26550556668029934
2,6,6,False,3,DoS,5,Recon,0.013475333466690099,0.03289736413390715,0.02110137052285292
2,6,6,False,3,DoS,6,Spoofing,0.014444698366102031,0.04666194291291903,0.018396588269915543
2,6,6,False,3,DoS,7,Web-Based,0.011882368619964275,0.022075596211121196,0.019456679740977197
2,6,6,False,4,Mirai,0,Benign,0.48021862241580665,0.18264390326546054,0.5069725828697176
2,6,6,False,4,Mirai,1,BruteForce,0.0717516433337879,0.037581167815045835,0.07708283150685984
2,6,6,False,4,Mirai,2,DDoS,0.017836449152531648,0.056831016327584895,0.023175436673754362
2,6,6,False,4,Mirai,3,DoS,0.01758246008417727,0.04902181220253114,0.029480894384506
2,6,6,False,4,Mirai,4,Mirai,0.3693399229997445,0.2539261411552118,0.31307240406737114
2,6,6,False,4,Mirai,5,Recon,0.015379118220557774,0.13100485934422065,0.018484869990236578
2,6,6,False,4,Mirai,6,Spoofing,0.0158343758291122,0.2049779866792328,0.017907721722121184
2,6,6,False,4,Mirai,7,Web-Based,0.012057407964282101,0.08401311321071223,0.013823258785433315
2,6,6,False,5,Recon,0,Benign,0.5737288275557078,0.18600188022971562,0.5511247022879678
2,6,6,False,5,Recon,1,BruteForce,0.09290054642991619,0.04228169744649786,0.08735828671699891
2,6,6,False,5,Recon,2,DDoS,0.0175465250726967,0.03425138870973617,0.021377815255414247
2,6,6,False,5,Recon,3,DoS,0.013479654099823648,0.034018132543495595,0.026286416125428317
2,6,6,False,5,Recon,4,Mirai,0.25483556051257805,0.12592506369818263,0.2618948779018005
2,6,6,False,5,Recon,5,Recon,0.017061770226449398,0.24124076242663775,0.019279064524510857
2,6,6,False,5,Recon,6,Spoofing,0.016592239872824373,0.23460497658786464,0.018291903731509438
2,6,6,False,5,Recon,7,Web-Based,0.013854876230003877,0.10167609835786964,0.014386933456370042
2,6,6,False,6,Spoofing,0,Benign,0.5823512257749693,0.21805883495095077,0.574631586254015
2,6,6,False,6,Spoofing,1,BruteForce,0.07218182731654152,0.03613182722788889,0.07334502540275967
2,6,6,False,6,Spoofing,2,DDoS,0.015535353818133228,0.033267939449767595,0.02158222435786873
2,6,6,False,6,Spoofing,3,DoS,0.014561320320999577,0.03856820770570822,0.026679753006541466
2,6,6,False,6,Spoofing,4,Mirai,0.26918297451103207,0.1278065445213239,0.2542762647531606
2,6,6,False,6,Spoofing,5,Recon,0.01795237018687426,0.1779808279727638,0.01860513125670131
2,6,6,False,6,Spoofing,6,Spoofing,0.015936254111682115,0.2720119885546727,0.017691682519896265
2,6,6,False,6,Spoofing,7,Web-Based,0.012298673959767895,0.09617382961692414,0.013188332449056994
2,6,6,False,7,Web-Based,0,Benign,0.5613979455199585,0.2139900455055159,0.5607980975870772
2,6,6,False,7,Web-Based,1,BruteForce,0.0746555586446743,0.03844668326002732,0.07829739978430017
2,6,6,False,7,Web-Based,2,DDoS,0.015845973628881703,0.03693408804624175,0.021601190255963076
2,6,6,False,7,Web-Based,3,DoS,0.01299436321610087,0.037008502042314304,0.024415889745459884
2,6,6,False,7,Web-Based,4,Mirai,0.2899635929307743,0.1684014311575239,0.26472536396730617
2,6,6,False,7,Web-Based,5,Recon,0.016868553733620416,0.1733432827523227,0.01866916262239674
2,6,6,False,7,Web-Based,6,Spoofing,0.01587207575746522,0.23048279599190905,0.01774326431444597
2,6,6,False,7,Web-Based,7,Web-Based,0.012401936568524717,0.10139317124414508,0.013749631723050777
2,6,7,True,0,Benign,0,Benign,0.09193800909201076,0.22143460346111604,0.1612130099482367
2,6,7,True,0,Benign,1,BruteForce,0.1475488060371362,0.03456996734187378,0.021549698594711935
2,6,7,True,0,Benign,2,DDoS,0.12794802209495476,0.062474934960410705,0.21755281072488927
2,6,7,True,0,Benign,3,DoS,0.05054382782245242,0.05203634881949379,0.0507713524334422
2,6,7,True,0,Benign,4,Mirai,0.050222547432797644,0.13591003417990047,0.10149800229687622
2,6,7,True,0,Benign,5,Recon,0.07640188158416154,0.18270599517732392,0.08915834590119735
2,6,7,True,0,Benign,6,Spoofing,0.20447083659747137,0.22330591814718087,0.2752811876886586
2,6,7,True,0,Benign,7,Web-Based,0.25092606933901535,0.0875621979127005,0.0829755924119876
2,6,7,True,1,BruteForce,0,Benign,0.09627830080273662,0.1998495183512923,0.17216505788819655
2,6,7,True,1,BruteForce,1,BruteForce,0.1662352914066231,0.044789245137245325,0.023489184260006412
2,6,7,True,1,BruteForce,2,DDoS,0.0992179048389077,0.03573748180393913,0.1782194383822207
2,6,7,True,1,BruteForce,3,DoS,0.0317303867181493,0.031815154526747554,0.02107490955539629
2,6,7,True,1,BruteForce,4,Mirai,0.05064172778907409,0.152624477266337,0.11609453677926099
2,6,7,True,1,BruteForce,5,Recon,0.07538380457245808,0.18756730793326515,0.10624656030471129
2,6,7,True,1,BruteForce,6,Spoofing,0.21373837681545702,0.24253463323495048,0.27772178577655626
2,6,7,True,1,BruteForce,7,Web-Based,0.2667742070565941,0.10508218174622305,0.10498852705365155
2,6,7,True,2,DDoS,0,Benign,0.03619790781272317,0.04644047796895547,0.05957168728630258
2,6,7,True,2,DDoS,1,BruteForce,0.05736242188042142,0.025172808563482047,0.018248559763005344
2,6,7,True,2,DDoS,2,DDoS,0.551128640962247,0.605425279588917,0.6887717265507326
2,6,7,True,2,DDoS,3,DoS,0.13512690303942845,0.12631813516755241,0.027932282682672043
2,6,7,True,2,DDoS,4,Mirai,0.025868543447927418,0.06005792628841838,0.04457647051358587
2,6,7,True,2,DDoS,5,Recon,0.03974978122851348,0.0622953961757686,0.04837520167158278
2,6,7,True,2,DDoS,6,Spoofing,0.06596562361669547,0.04705555972943286,0.07689998253077296
2,6,7,True,2,DDoS,7,Web-Based,0.08860017801204353,0.027234416517473263,0.03562408900134586
2,6,7,True,3,DoS,0,Benign,0.02462443305531219,0.02971739862777548,0.042044694103497406
2,6,7,True,3,DoS,1,BruteForce,0.04384192670336359,0.020436265508976828,0.022903262186133883
2,6,7,True,3,DoS,2,DDoS,0.27395440404684684,0.19142517559753247,0.29928914497879966
2,6,7,True,3,DoS,3,DoS,0.37213875151954945,0.5503627154602633,0.39409129704328877
2,6,7,True,3,DoS,4,Mirai,0.07738350211934969,0.10642354154750458,0.046517135311820994
2,6,7,True,3,DoS,5,Recon,0.03001172112643405,0.03289736413390715,0.03586961341078116
2,6,7,True,3,DoS,6,Spoofing,0.0729173715536039,0.04666194291291903,0.11958088099153534
2,6,7,True,3,DoS,7,Web-Based,0.10512788987554031,0.022075596211121196,0.03970397197414285
2,6,7,True,4,Mirai,0,Benign,0.08340042223246884,0.18264390326546054,0.15803829928626134
2,6,7,True,4,Mirai,1,BruteForce,0.1493489497323371,0.037581167815045835,0.02324967474085569
2,6,7,True,4,Mirai,2,DDoS,0.1361303279145889,0.056831016327584895,0.21429951582599055
2,6,7,True,4,Mirai,3,DoS,0.04633225836427668,0.04902181220253114,0.04786313847895252
2,6,7,True,4,Mirai,4,Mirai,0.06215357846798425,0.2539261411552118,0.12158082011883178
2,6,7,True,4,Mirai,5,Recon,0.0669396022695337,0.13100485934422065,0.07913860738665386
2,6,7,True,4,Mirai,6,Spoofing,0.19973923968983465,0.2049779866792328,0.2673355405055664
2,6,7,True,4,Mirai,7,Web-Based,0.255955621328976,0.08401311321071223,0.08849440365688792
2,6,7,True,5,Recon,0,Benign,0.09605407541481607,0.18600188022971562,0.16933151293432142
2,6,7,True,5,Recon,1,BruteForce,0.16748709213716265,0.04228169744649786,0.023268371573153347
2,6,7,True,5,Recon,2,DDoS,0.09799274079309149,0.03425138870973617,0.17770704044744995
2,6,7,True,5,Recon,3,DoS,0.03124798836060709,0.034018132543495595,0.021267034241298704
2,6,7,True,5,Recon,4,Mirai,0.04860138383769189,0.12592506369818263,0.11627460050720387
2,6,7,True,5,Recon,5,Recon,0.09203258047869939,0.24124076242663775,0.12369832313348705
2,6,7,True,5,Recon,6,Spoofing,0.208502129413212,0.23460497658786464,0.26291838932884415
2,6,7,True,5,Recon,7,Web-Based,0.25808200956471955,0.10167609835786964,0.10553472783424149
2,6,7,True,6,Spoofing,0,Benign,0.09310249907542663,0.21805883495095077,0.17501644461271487
2,6,7,True,6,Spoofing,1,BruteForce,0.1515474643496381,0.03613182722788889,0.021484065384614778
2,6,7,True,6,Spoofing,2,DDoS,0.09102016533295854,0.033267939449767595,0.15969167991808367
2,6,7,True,6,Spoofing,3,DoS,0.0336020720699278,0.03856820770570822,0.040222036031223
2,6,7,True,6,Spoofing,4,Mirai,0.05275747712022961,0.1278065445213239,0.10437302873967663
2,6,7,True,6,Spoofing,5,Recon,0.0764804852032024,0.1779808279727638,0.09595536247509695
2,6,7,True,6,Spoofing,6,Spoofing,0.23004841580363225,0.2720119885546727,0.3146634533266313
2,6,7,True,6,Spoofing,7,Web-Based,0.27144142104498464,0.09617382961692414,0.0885939295119589
2,6,7,True,7,Web-Based,0,Benign,0.09751513758328496,0.2139900455055159,0.1783952917633801
2,6,7,True,7,Web-Based,1,BruteForce,0.16226019429033847,0.03844668326002732,0.02330923188089099
2,6,7,True,7,Web-Based,2,DDoS,0.10121365637696339,0.03693408804624175,0.1826001336201361
2,6,7,True,7,Web-Based,3,DoS,0.034931797775817786,0.037008502042314304,0.024411332109139233
2,6,7,True,7,Web-Based,4,Mirai,0.05159185350388301,0.1684014311575239,0.11430485638861031
2,6,7,True,7,Web-Based,5,Recon,0.07581303072085448,0.1733432827523227,0.09879631550710012
2,6,7,True,7,Web-Based,6,Spoofing,0.2100284008124428,0.23048279599190905,0.28042700437631257
2,6,7,True,7,Web-Based,7,Web-Based,0.26664592893641514,0.10139317124414508,0.09775583435443067
2,6,8,True,0,Benign,0,Benign,0.02415594561578975,0.22143460346111604,0.019132850159553263
2,6,8,True,0,Benign,1,BruteForce,0.015938154946488647,0.03456996734187378,0.016068908819353574
2,6,8,True,0,Benign,2,DDoS,0.0231276266422451,0.062474934960410705,0.04439965505164727
2,6,8,True,0,Benign,3,DoS,0.04559647175719305,0.05203634881949379,0.056110536479231185
2,6,8,True,0,Benign,4,Mirai,0.0460017255516475,0.13591003417990047,0.02349910412323074
2,6,8,True,0,Benign,5,Recon,0.03681831660758129,0.18270599517732392,0.03706211308079212
2,6,8,True,0,Benign,6,Spoofing,0.3816146444326756,0.22330591814718087,0.7847352431503148
2,6,8,True,0,Benign,7,Web-Based,0.4267471144463791,0.0875621979127005,0.0189915891358769
2,6,8,True,1,BruteForce,0,Benign,0.023884017381072483,0.1998495183512923,0.017743662669092622
2,6,8,True,1,BruteForce,1,BruteForce,0.01637921490203485,0.044789245137245325,0.012867881546379339
2,6,8,True,1,BruteForce,2,DDoS,0.01864828848196371,0.03573748180393913,0.021160047750757877
2,6,8,True,1,BruteForce,3,DoS,0.03269974192050674,0.031815154526747554,0.028157277884586593
2,6,8,True,1,BruteForce,4,Mirai,0.045730466203576174,0.152624477266337,0.02336187849024363
2,6,8,True,1,BruteForce,5,Recon,0.03606420073420506,0.18756730793326515,0.03457158621983451
2,6,8,True,1,BruteForce,6,Spoofing,0.39514239171576776,0.24253463323495048,0.8435205502423192
2,6,8,True,1,BruteForce,7,Web-Based,0.43145167866087314,0.10508218174622305,0.018617115196786365
2,6,8,True,2,DDoS,0,Benign,0.017863776734618204,0.04644047796895547,0.024591890673603345
2,6,8,True,2,DDoS,1,BruteForce,0.024622052715842283,0.025172808563482047,0.020488245038388166
2,6,8,True,2,DDoS,2,DDoS,0.4271778897912302,0.605425279588917,0.5738390966700034
2,6,8,True,2,DDoS,3,DoS,0.16005464516093668,0.12631813516755241,0.03673158361827515
2,6,8,True,2,DDoS,4,Mirai,0.029725499975621184,0.06005792628841838,0.020919818015688825
2,6,8,True,2,DDoS,5,Recon,0.02623120502378348,0.0622953961757686,0.0387585856693685
2,6,8,True,2,DDoS,6,Spoofing,0.13309591889290479,0.04705555972943286,0.2685450562657869
2,6,8,True,2,DDoS,7,Web-Based,0.18122901170506314,0.027234416517473263,0.016125724048885598
2,6,8,True,3,DoS,0,Benign,0.014901258845697915,0.02971739862777548,0.016584975605900075
2,6,8,True,3,DoS,1,BruteForce,0.01632890589319795,0.020436265508976828,0.02787357350144254
2,6,8,True,3,DoS,2,DDoS,0.047937631900218935,0.19142517559753247,0.12449545436992798
2,6,8,True,3,DoS,3,DoS,0.4004045027487278,0.5503627154602633,0.412110294493304
2,6,8,True,3,DoS,4,Mirai,0.056620389840540235,0.10642354154750458,0.023082992246806874
2,6,8,True,3,DoS,5,Recon,0.021366121127311496,0.03289736413390715,0.026149152840062008
2,6,8,True,3,DoS,6,Spoofing,0.17969173614277067,0.04666194291291903,0.35010463360183147
2,6,8,True,3,DoS,7,Web-Based,0.26274945350153495,0.022075596211121196,0.019598923340725164
2,6,8,True,4,Mirai,0,Benign,0.023105586727513446,0.18264390326546054,0.017301721504134907
2,6,8,True,4,Mirai,1,BruteForce,0.01588311179814215,0.037581167815045835,0.014990765983382903
2,6,8,True,4,Mirai,2,DDoS,0.021131533099986596,0.056831016327584895,0.03027142230568031
2,6,8,True,4,Mirai,3,DoS,0.0426046716828816,0.04902181220253114,0.053350498446353464
2,6,8,True,4,Mirai,4,Mirai,0.051292674029498525,0.2539261411552118,0.02456751041949872
2,6,8,True,4,Mirai,5,Recon,0.03350955372139675,0.13100485934422065,0.029649843710601795
2,6,8,True,4,Mirai,6,Spoofing,0.38118236504853026,0.2049779866792328,0.8112694934879471
2,6,8,True,4,Mirai,7,Web-Based,0.43129050389205065,0.08401311321071223,0.018598744142400783
2,6,8,True,5,Recon,0,Benign,0.02371224755072473,0.18600188022971562,0.017602542741750285
2,6,8,True,5,Recon,1,BruteForce,0.016027266424570683,0.04228169744649786,0.01298889133185358
2,6,8,True,5,Recon,2,DDoS,0.01818681672925433,0.03425138870973617,0.021295275993342844
2,6,8,True,5,Recon,3,DoS,0.032780958607241305,0.034018132543495595,0.029473546456429113
2,6,8,True,5,Recon,4,Mirai,0.04573868669036114,0.12592506369818263,0.02327832259421718
2,6,8,True,5,Recon,5,Recon,0.03905192689107892,0.24124076242663775,0.04548564476427263
2,6,8,True,5,Recon,6,Spoofing,0.3947784988416041,0.23460497658786464,0.8312604056001496
2,6,8,True,5,Recon,7,Web-Based,0.42972359826516465,0.10167609835786964,0.01861537051798485
2,6,8,True,6,Spoofing,0,Benign,0.023640480594819966,0.21805883495095077,0.017410521247189895
2,6,8,True,6,Spoofing,1,BruteForce,0.015451974169340514,0.03613182722788889,0.013890804576603797
2,6,8,True,6,Spoofing,2,DDoS,0.01865442466506006,0.033267939449767595,0.023166008602391583
2,6,8,True,6,Spoofing,3,DoS,0.036932521199583325,0.03856820770570822,0.04595798976193486
2,6,8,True,6,Spoofing,4,Mirai,0.04680218809958228,0.1278065445213239,0.02247485021861084
2,6,8,True,6,Spoofing,5,Recon,0.03640419840266369,0.1779808279727638,0.03455568325209396
2,6,8,True,6,Spoofing,6,Spoofing,0.39538731793534065,0.2720119885546727,0.8245215541322589
2,6,8,True,6,Spoofing,7,Web-Based,0.42672689493360955,0.09617382961692414,0.018022588208916227
2,6,8,True,7,Web-Based,0,Benign,0.023830226125908665,0.2139900455055159,0.018232554288658505
2,6,8,True,7,Web-Based,1,BruteForce,0.01580398865256184,0.03844668326002732,0.01344827549494716
2,6,8,True,7,Web-Based,2,DDoS,0.01955251989554582,0.03693408804624175,0.02607464544333082
2,6,8,True,7,Web-Based,3,DoS,0.03565072126412027,0.037008502042314304,0.03205878397403811
2,6,8,True,7,Web-Based,4,Mirai,0.04578107700184069,0.1684014311575239,0.02303780961405717
2,6,8,True,7,Web-Based,5,Recon,0.036333929677015465,0.1733432827523227,0.03465418902166594
2,6,8,True,7,Web-Based,6,Spoofing,0.39393903552692894,0.23048279599190905,0.8337732576626405
2,6,8,True,7,Web-Based,7,Web-Based,0.4291085018560783,0.10139317124414508,0.01872048450066193
2,6,9,False,0,Benign,0,Benign,0.22668668144132756,0.22143460346111604,0.212708631315114
2,6,9,False,0,Benign,1,BruteForce,0.0038812156656667725,0.03456996734187378,0.0057487095059489636
2,6,9,False,0,Benign,2,DDoS,0.009712735564049666,0.062474934960410705,0.012474645677882902
2,6,9,False,0,Benign,3,DoS,0.00362819617412352,0.05203634881949379,0.006082180136627195
2,6,9,False,0,Benign,4,Mirai,0.513193414164034,0.13591003417990047,0.5442726249294527
2,6,9,False,0,Benign,5,Recon,0.14120507340295346,0.18270599517732392,0.12353066180708568
2,6,9,False,0,Benign,6,Spoofing,0.09700348537412236,0.22330591814718087,0.08814688706657811
2,6,9,False,0,Benign,7,Web-Based,0.0046891982137226475,0.0875621979127005,0.007035659561310454
2,6,9,False,1,BruteForce,0,Benign,0.20271446776784763,0.1998495183512923,0.19643140381446048
2,6,9,False,1,BruteForce,1,BruteForce,0.003877258516694427,0.044789245137245325,0.005420658974589235
2,6,9,False,1,BruteForce,2,DDoS,0.004959823454963184,0.03573748180393913,0.006972007456531547
2,6,9,False,1,BruteForce,3,DoS,0.0029076970151681245,0.031815154526747554,0.005533962313056571
2,6,9,False,1,BruteForce,4,Mirai,0.5547945290645594,0.152624477266337,0.5796708218206121
2,6,9,False,1,BruteForce,5,Recon,0.13489242952363936,0.18756730793326515,0.11622772955673638
2,6,9,False,1,BruteForce,6,Spoofing,0.09119873936637163,0.24253463323495048,0.0831422568850313
2,6,9,False,1,BruteForce,7,Web-Based,0.004655055290756208,0.10508218174622305,0.006601159178982361
2,6,9,False,2,DDoS,0,Benign,0.059542805757870375,0.04644047796895547,0.07378109127923523
2,6,9,False,2,DDoS,1,BruteForce,0.006195150424673104,0.025172808563482047,0.010804158511400564
2,6,9,False,2,DDoS,2,DDoS,0.5861409211155566,0.605425279588917,0.5145861140339755
2,6,9,False,2,DDoS,3,DoS,0.006261337109275486,0.12631813516755241,0.007623311259983734
2,6,9,False,2,DDoS,4,Mirai,0.24047400185850407,0.06005792628841838,0.265180145327734
2,6,9,False,2,DDoS,5,Recon,0.057904272993993984,0.0622953961757686,0.06938093456303068
2,6,9,False,2,DDoS,6,Spoofing,0.03866624664238045,0.04705555972943286,0.04814830975089366
2,6,9,False,2,DDoS,7,Web-Based,0.004815264097746075,0.027234416517473263,0.010495935273746787
2,6,9,False,3,DoS,0,Benign,0.049632918002177034,0.02971739862777548,0.06597761485226326
2,6,9,False,3,DoS,1,BruteForce,0.006315697650727949,0.020436265508976828,0.007601240551088666
2,6,9,False,3,DoS,2,DDoS,0.08568313650234431,0.19142517559753247,0.0885159228871596
2,6,9,False,3,DoS,3,DoS,0.018443770887628018,0.5503627154602633,0.010185430516659743
2,6,9,False,3,DoS,4,Mirai,0.573125609880815,0.10642354154750458,0.6278306998648712
2,6,9,False,3,DoS,5,Recon,0.04053639442711514,0.03289736413390715,0.04921960120497947
2,6,9,False,3,DoS,6,Spoofing,0.21915187310287745,0.04666194291291903,0.1410816114877004
2,6,9,False,3,DoS,7,Web-Based,0.007110599546315151,0.022075596211121196,0.009587878635277698
2,6,9,False,4,Mirai,0,Benign,0.14272537779118857,0.18264390326546054,0.15665054209698429
2,6,9,False,4,Mirai,1,BruteForce,0.0028085332099938676,0.037581167815045835,0.004262151925292362
2,6,9,False,4,Mirai,2,DDoS,0.005969267961839937,0.056831016327584895,0.007815598967478177
2,6,9,False,4,Mirai,3,DoS,0.002767989248306821,0.04902181220253114,0.004755756169192422
2,6,9,False,4,Mirai,4,Mirai,0.711959448258013,0.2539261411552118,0.7019238838520995
2,6,9,False,4,Mirai,5,Recon,0.06934181237655399,0.13100485934422065,0.054753709471234764
2,6,9,False,4,Mirai,6,Spoofing,0.06074183364975109,0.2049779866792328,0.06372590334822469
2,6,9,False,4,Mirai,7,Web-Based,0.003685737504352736,0.08401311321071223,0.006112454169493804
2,6,9,False,5,Recon,0,Benign,0.19194269012010248,0.18600188022971562,0.18533707283203812
2,6,9,False,5,Recon,1,BruteForce,0.004266323896083995,0.04228169744649786,0.005850890664782675
2,6,9,False,5,Recon,2,DDoS,0.0046000121503316305,0.03425138870973617,0.006644792733948009
2,6,9,False,5,Recon,3,DoS,0.0029990794318729124,0.034018132543495595,0.005533990742806916
2,6,9,False,5,Recon,4,Mirai,0.47619199427956865,0.12592506369818263,0.5104705615668697
2,6,9,False,5,Recon,5,Recon,0.22416598882110672,0.24124076242663775,0.20107210707856
2,6,9,False,5,Recon,6,Spoofing,0.09120326251172119,0.23460497658786464,0.07872758222176585
2,6,9,False,5,Recon,7,Web-Based,0.004630648789212414,0.10167609835786964,0.0063630021592289395
2,6,9,False,6,Spoofing,0,Benign,0.20491086316706367,0.21805883495095077,0.2129752411877739
2,6,9,False,6,Spoofing,1,BruteForce,0.003996077115969402,0.03613182722788889,0.005594561604115943
2,6,9,False,6,Spoofing,2,DDoS,0.004993324272585227,0.033267939449767595,0.007003732231253415
2,6,9,False,6,Spoofing,3,DoS,0.0034335398625204255,0.03856820770570822,0.005646586458114659
2,6,9,False,6,Spoofing,4,Mirai,0.49012290773998973,0.1278065445213239,0.5270247029692076
2,6,9,False,6,Spoofing,5,Recon,0.15218630028862837,0.1779808279727638,0.13388392227429521
2,6,9,False,6,Spoofing,6,Spoofing,0.1351260854691127,0.2720119885546727,0.10103837489641995
2,6,9,False,6,Spoofing,7,Web-Based,0.005230902084130558,0.09617382961692414,0.006832878378819363
2,6,9,False,7,Web-Based,0,Benign,0.18652177351780516,0.2139900455055159,0.20573941393174097
2,6,9,False,7,Web-Based,1,BruteForce,0.00344400901591455,0.03844668326002732,0.004988285031987422
2,6,9,False,7,Web-Based,2,DDoS,0.005193700727377768,0.03693408804624175,0.0078520559200081
2,6,9,False,7,Web-Based,3,DoS,0.003105454529191148,0.037008502042314304,0.0050920035248949455
2,6,9,False,7,Web-Based,4,Mirai,0.5879740985590484,0.1684014311575239,0.5967359652309505
2,6,9,False,7,Web-Based,5,Recon,0.11651214757460869,0.1733432827523227,0.09912271282795135
2,6,9,False,7,Web-Based,6,Spoofing,0.09291120806435878,0.23048279599190905,0.07408300743614007
2,6,9,False,7,Web-Based,7,Web-Based,0.004337608011695532,0.10139317124414508,0.006386556096326617
2,6,10,True,0,Benign,0,Benign,0.029202844271189073,0.22143460346111604,0.022270045567745377
2,6,10,True,0,Benign,1,BruteForce,0.015538953625959489,0.03456996734187378,0.019048116147505827
2,6,10,True,0,Benign,2,DDoS,0.03822630736208594,0.062474934960410705,0.058264932055389435
2,6,10,True,0,Benign,3,DoS,0.03144783415594248,0.05203634881949379,0.04369451153948292
2,6,10,True,0,Benign,4,Mirai,0.05443884934726679,0.13591003417990047,0.07935026555243353
2,6,10,True,0,Benign,5,Recon,0.11446581028320006,0.18270599517732392,0.13568543610090097
2,6,10,True,0,Benign,6,Spoofing,0.2348138010555241,0.22330591814718087,0.3294301928385613
2,6,10,True,0,Benign,7,Web-Based,0.48186559989883215,0.0875621979127005,0.3122565001979806
2,6,10,True,1,BruteForce,0,Benign,0.028296784483003736,0.1998495183512923,0.021395882591181345
2,6,10,True,1,BruteForce,1,BruteForce,0.015817129973111847,0.044789245137245325,0.01820485343619936
2,6,10,True,1,BruteForce,2,DDoS,0.02133824348576671,0.03573748180393913,0.027800501153444554
2,6,10,True,1,BruteForce,3,DoS,0.01966594299509738,0.031815154526747554,0.030508297120172185
2,6,10,True,1,BruteForce,4,Mirai,0.05725559126125122,0.152624477266337,0.09075246456452916
2,6,10,True,1,BruteForce,5,Recon,0.11352867735651269,0.18756730793326515,0.1355921528596097
2,6,10,True,1,BruteForce,6,Spoofing,0.23210616909245127,0.24253463323495048,0.2919583863509789
2,6,10,True,1,BruteForce,7,Web-Based,0.5119914613528052,0.10508218174622305,0.38378746192388474
2,6,10,True,2,DDoS,0,Benign,0.017629972821710856,0.04644047796895547,0.02146354989899178
2,6,10,True,2,DDoS,1,BruteForce,0.021606322865151868,0.025172808563482047,0.021106456308982644
2,6,10,True,2,DDoS,2,DDoS,0.47206662933322524,0.605425279588917,0.6022786062618589
2,6,10,True,2,DDoS,3,DoS,0.15099460807580337,0.12631813516755241,0.024344013283275748
2,6,10,True,2,DDoS,4,Mirai,0.030323870042429896,0.06005792628841838,0.040499910327815074
2,6,10,True,2,DDoS,5,Recon,0.05249762305719444,0.0622953961757686,0.05963832227706456
2,6,10,True,2,DDoS,6,Spoofing,0.0748192420057573,0.04705555972943286,0.10744966039347457
2,6,10,True,2,DDoS,7,Web-Based,0.18006173179872706,0.027234416517473263,0.12321948124853671
2,6,10,True,3,DoS,0,Benign,0.016202707767106535,0.02971739862777548,0.016524256399403355
2,6,10,True,3,DoS,1,BruteForce,0.0182542282246113,0.020436265508976828,0.024251685421476613
2,6,10,True,3,DoS,2,DDoS,0.15116011565400217,0.19142517559753247,0.1921524231437968
2,6,10,True,3,DoS,3,DoS,0.42597112434095213,0.5503627154602633,0.3432196650431296
2,6,10,True,3,DoS,4,Mirai,0.050289150527285845,0.10642354154750458,0.04899223425140833
2,6,10,True,3,DoS,5,Recon,0.04682652596195042,0.03289736413390715,0.06773421950960029
2,6,10,True,3,DoS,6,Spoofing,0.08679590510043247,0.04666194291291903,0.18115959177665295
2,6,10,True,3,DoS,7,Web-Based,0.20450024242365916,0.022075596211121196,0.12596592445453203
2,6,10,True,4,Mirai,0,Benign,0.027082041727879747,0.18264390326546054,0.020906360869143853
2,6,10,True,4,Mirai,1,BruteForce,0.015602944002293992,0.037581167815045835,0.018484991654150906
2,6,10,True,4,Mirai,2,DDoS,0.03334245369647403,0.056831016327584895,0.04526853483889094
2,6,10,True,4,Mirai,3,DoS,0.030290623415729495,0.04902181220253114,0.04057060523043271
2,6,10,True,4,Mirai,4,Mirai,0.06350654669711389,0.2539261411552118,0.0930199027442174
2,6,10,True,4,Mirai,5,Recon,0.10418811351337687,0.13100485934422065,0.1230947051897784
2,6,10,True,4,Mirai,6,Spoofing,0.22720331507062522,0.2049779866792328,0.32823821797470715
2,6,10,True,4,Mirai,7,Web-Based,0.4987839618765068,0.08401311321071223,0.33041668149867864
2,6,10,True,5,Recon,0,Benign,0.027765623828379427,0.18600188022971562,0.021000630285856473
2,6,10,True,5,Recon,1,BruteForce,0.015421849063323315,0.04228169744649786,0.01812983451842123
2,6,10,True,5,Recon,2,DDoS,0.020869232352572046,0.03425138870973617,0.027754586994734036
2,6,10,True,5,Recon,3,DoS,0.019618828026849226,0.034018132543495595,0.031053758674665574
2,6,10,True,5,Recon,4,Mirai,0.05609229947621038,0.12592506369818263,0.08863199214013308
2,6,10,True,5,Recon,5,Recon,0.13232452572408973,0.24124076242663775,0.1505426834996439
2,6,10,True,5,Recon,6,Spoofing,0.22864360630156647,0.23460497658786464,0.2842386896914777
2,6,10,True,5,Recon,7,Web-Based,0.4992640352270094,0.10167609835786964,0.37864782419506804
2,6,10,True,6,Spoofing,0,Benign,0.028498899310538058,0.21805883495095077,0.0219464716626074
2,6,10,True,6,Spoofing,1,BruteForce,0.01498882383855477,0.03613182722788889,0.017590292229546802
2,6,10,True,6,Spoofing,2,DDoS,0.02118871426580656,0.033267939449767595,0.02732242244704799
2,6,10,True,6,Spoofing,3,DoS,0.02289921431432838,0.03856820770570822,0.03497819372947385
2,6,10,True,6,Spoofing,4,Mirai,0.05633044012362989,0.1278065445213239,0.08108459950483436
2,6,10,True,6,Spoofing,5,Recon,0.11375744950458984,0.1779808279727638,0.13512999372248
2,6,10,True,6,Spoofing,6,Spoofing,0.2442185227586713,0.2720119885546727,0.34700179629198724
2,6,10,True,6,Spoofing,7,Web-Based,0.4981179358838811,0.09617382961692414,0.33494623041202237
2,6,10,True,7,Web-Based,0,Benign,0.028393034981421192,0.2139900455055159,0.02233567399325899
2,6,10,True,7,Web-Based,1,BruteForce,0.014989887133829245,0.03844668326002732,0.017738799278910797
2,6,10,True,7,Web-Based,2,DDoS,0.022654591695259334,0.03693408804624175,0.02980222971691401
2,6,10,True,7,Web-Based,3,DoS,0.02200619085161587,0.037008502042314304,0.031205773506683104
2,6,10,True,7,Web-Based,4,Mirai,0.057586616435415024,0.1684014311575239,0.08933694551850077
2,6,10,True,7,Web-Based,5,Recon,0.11308125284713812,0.1733432827523227,0.13496437980333795
2,6,10,True,7,Web-Based,6,Spoofing,0.2347250485647557,0.23048279599190905,0.30979530381561704
2,6,10,True,7,Web-Based,7,Web-Based,0.5065633774905655,0.10139317124414508,0.3648208943667773
2,6,11,False,0,Benign,0,Benign,0.518133976129851,0.22143460346111604,0.5054759344795156
2,6,11,False,0,Benign,1,BruteForce,0.005499929219740069,0.03456996734187378,0.007462605127298825
2,6,11,False,0,Benign,2,DDoS,0.006838967982959237,0.062474934960410705,0.010640381605379423
2,6,11,False,0,Benign,3,DoS,0.007724051336272747,0.05203634881949379,0.014780983180301552
2,6,11,False,0,Benign,4,Mirai,0.08326012677504527,0.13591003417990047,0.08417180931879836
2,6,11,False,0,Benign,5,Recon,0.11459117482472131,0.18270599517732392,0.1373969726142291
2,6,11,False,0,Benign,6,Spoofing,0.2578503527188394,0.22330591814718087,0.23190462746669555
2,6,11,False,0,Benign,7,Web-Based,0.006101421012571031,0.0875621979127005,0.008166686207781701
2,6,11,False,1,BruteForce,0,Benign,0.4982873677170638,0.1998495183512923,0.5106147524192624
2,6,11,False,1,BruteForce,1,BruteForce,0.005908118878029248,0.044789245137245325,0.007222023432318588
2,6,11,False,1,BruteForce,2,DDoS,0.005710721050942707,0.03573748180393913,0.009715753075438184
2,6,11,False,1,BruteForce,3,DoS,0.0057583491502625934,0.031815154526747554,0.00845695820506947
2,6,11,False,1,BruteForce,4,Mirai,0.09805688398355432,0.152624477266337,0.08771126418285896
2,6,11,False,1,BruteForce,5,Recon,0.11433645208094538,0.18756730793326515,0.13823024944282974
2,6,11,False,1,BruteForce,6,Spoofing,0.26556492313737246,0.24253463323495048,0.23020952939325387
2,6,11,False,1,BruteForce,7,Web-Based,0.006377184001829539,0.10508218174622305,0.00783946984896885
2,6,11,False,2,DDoS,0,Benign,0.16562784581771275,0.04644047796895547,0.391693033549768
2,6,11,False,2,DDoS,1,BruteForce,0.013027853937775133,0.025172808563482047,0.012270970192291
2,6,11,False,2,DDoS,2,DDoS,0.45764059555662545,0.605425279588917,0.14293445703506732
2,6,11,False,2,DDoS,3,DoS,0.061371766557855166,0.12631813516755241,0.0346928188460991
2,6,11,False,2,DDoS,4,Mirai,0.09669429468899234,0.06005792628841838,0.08264899631452405
2,6,11,False,2,DDoS,5,Recon,0.07080592912335938,0.0622953961757686,0.10654715777236783
2,6,11,False,2,DDoS,6,Spoofing,0.12486951215002413,0.04705555972943286,0.2163560792426348
2,6,11,False,2,DDoS,7,Web-Based,0.009962202167655561,0.027234416517473263,0.012856487047247967
2,6,11,False,3,DoS,0,Benign,0.06200885197666479,0.02971739862777548,0.10309353673587984
2,6,11,False,3,DoS,1,BruteForce,0.010265480454575966,0.020436265508976828,0.016412016849813423
2,6,11,False,3,DoS,2,DDoS,0.01619627841062112,0.19142517559753247,0.01715386702274042
2,6,11,False,3,DoS,3,DoS,0.6271582422961195,0.5503627154602633,0.4905930896630506
2,6,11,False,3,DoS,4,Mirai,0.047773489815921416,0.10642354154750458,0.06735126521196996
2,6,11,False,3,DoS,5,Recon,0.024274859743713285,0.03289736413390715,0.03254476557324266
2,6,11,False,3,DoS,6,Spoofing,0.20526231954082216,0.04666194291291903,0.2576296574068613
2,6,11,False,3,DoS,7,Web-Based,0.007060477761561826,0.022075596211121196,0.015221801536441816
2,6,11,False,4,Mirai,0,Benign,0.4600949274016802,0.18264390326546054,0.4930178028074896
2,6,11,False,4,Mirai,1,BruteForce,0.005602897573542351,0.037581167815045835,0.007418595071505128
2,6,11,False,4,Mirai,2,DDoS,0.007453641647056177,0.056831016327584895,0.010673475310734544
2,6,11,False,4,Mirai,3,DoS,0.009724283884993466,0.04902181220253114,0.017015575176746667
2,6,11,False,4,Mirai,4,Mirai,0.17952745818355628,0.2539261411552118,0.12286600958710883
2,6,11,False,4,Mirai,5,Recon,0.06907916083832623,0.13100485934422065,0.08906886765228121
2,6,11,False,4,Mirai,6,Spoofing,0.26192046638460614,0.2049779866792328,0.2510653933064498
2,6,11,False,4,Mirai,7,Web-Based,0.006597164086239108,0.08401311321071223,0.008874281087684113
2,6,11,False,5,Recon,0,Benign,0.4959292397399297,0.18600188022971562,0.4927068831424751
2,6,11,False,5,Recon,1,BruteForce,0.005863652194797225,0.04228169744649786,0.00742554195106978
2,6,11,False,5,Recon,2,DDoS,0.005211292669383152,0.03425138870973617,0.009624595886530429
2,6,11,False,5,Recon,3,DoS,0.005210462930710653,0.034018132543495595,0.008328389430311143
2,6,11,False,5,Recon,4,Mirai,0.07552833163986507,0.12592506369818263,0.08341663457695307
2,6,11,False,5,Recon,5,Recon,0.18176376324528734,0.24124076242663775,0.18752957396487546
2,6,11,False,5,Recon,6,Spoofing,0.2244240394797412,0.23460497658786464,0.20326917878805226
2,6,11,False,5,Recon,7,Web-Based,0.0060692181002857575,0.10167609835786964,0.0076992022597328095
2,6,11,False,6,Spoofing,0,Benign,0.47552217853922024,0.21805883495095077,0.48286301836284756
2,6,11,False,6,Spoofing,1,BruteForce,0.005330503349795222,0.03613182722788889,0.007235802502337834
2,6,11,False,6,Spoofing,2,DDoS,0.0061185811180173326,0.033267939449767595,0.009895507549570342
2,6,11,False,6,Spoofing,3,DoS,0.005855649000417029,0.03856820770570822,0.009983399578093499
2,6,11,False,6,Spoofing,4,Mirai,0.07257576404952842,0.1278065445213239,0.0785594528290734
2,6,11,False,6,Spoofing,5,Recon,0.11043770597036072,0.1779808279727638,0.12942968868645746
2,6,11,False,6,Spoofing,6,Spoofing,0.317958983131655,0.2720119885546727,0.2740407670468335
2,6,11,False,6,Spoofing,7,Web-Based,0.006200634841006022,0.09617382961692414,0.007992363444786446
2,6,11,False,7,Web-Based,0,Benign,0.5126667133896458,0.2139900455055159,0.5289669156973816
2,6,11,False,7,Web-Based,1,BruteForce,0.0053315833926384695,0.03844668326002732,0.006997340482420253
2,6,11,False,7,Web-Based,2,DDoS,0.006182731213235242,0.03693408804624175,0.009770151186618404
2,6,11,False,7,Web-Based,3,DoS,0.006318775117523654,0.037008502042314304,0.009807038889836544
2,6,11,False,7,Web-Based,4,Mirai,0.11351017460548087,0.1684014311575239,0.09178229978131258
2,6,11,False,7,Web-Based,5,Recon,0.09439642528918318,0.1733432827523227,0.12418983171646154
2,6,11,False,7,Web-Based,6,Spoofing,0.25541708600453117,0.23048279599190905,0.2204966630762761
2,6,11,False,7,Web-Based,7,Web-Based,0.006176510987761749,0.10139317124414508,0.007989759169692986
2,6,12,False,0,Benign,0,Benign,0.027872989283934228,0.22143460346111604,0.026462665550044947
2,6,12,False,0,Benign,1,BruteForce,0.008566540133695713,0.03456996734187378,0.012055694095309408
2,6,12,False,0,Benign,2,DDoS,0.01029762993819434,0.062474934960410705,0.014718325348589106
2,6,12,False,0,Benign,3,DoS,0.06855632215534142,0.05203634881949379,0.09649944847369452
2,6,12,False,0,Benign,4,Mirai,0.543161805532713,0.13591003417990047,0.497085396462591
2,6,12,False,0,Benign,5,Recon,0.14433534430854544,0.18270599517732392,0.12355267580960916
2,6,12,False,0,Benign,6,Spoofing,0.1555506859011628,0.22330591814718087,0.18046671219629276
2,6,12,False,0,Benign,7,Web-Based,0.04165868274641311,0.0875621979127005,0.04915908206386924
2,6,12,False,1,BruteForce,0,Benign,0.026941461977927312,0.1998495183512923,0.025107642284793254
2,6,12,False,1,BruteForce,1,BruteForce,0.009576197481542238,0.044789245137245325,0.01200549613060556
2,6,12,False,1,BruteForce,2,DDoS,0.009515657785574883,0.03573748180393913,0.013128686943424587
2,6,12,False,1,BruteForce,3,DoS,0.016392851368643026,0.031815154526747554,0.029005819762036804
2,6,12,False,1,BruteForce,4,Mirai,0.5886390650730388,0.152624477266337,0.5528058772746978
2,6,12,False,1,BruteForce,5,Recon,0.12468364796021625,0.18756730793326515,0.13472743978366244
2,6,12,False,1,BruteForce,6,Spoofing,0.1679838283084741,0.24253463323495048,0.17409356481768265
2,6,12,False,1,BruteForce,7,Web-Based,0.05626729004458342,0.10508218174622305,0.059125473003096875
2,6,12,False,2,DDoS,0,Benign,0.01567699523083213,0.04644047796895547,0.030003869943939145
2,6,12,False,2,DDoS,1,BruteForce,0.012855130556628286,0.025172808563482047,0.017771132103718997
2,6,12,False,2,DDoS,2,DDoS,0.4820084660387716,0.605425279588917,0.3171184497345759
2,6,12,False,2,DDoS,3,DoS,0.11950378822203601,0.12631813516755241,0.10086297956612204
2,6,12,False,2,DDoS,4,Mirai,0.22446788341031274,0.06005792628841838,0.3132603556709456
2,6,12,False,2,DDoS,5,Recon,0.08302803599164581,0.0622953961757686,0.09257944457817051
2,6,12,False,2,DDoS,6,Spoofing,0.043524148531349977,0.04705555972943286,0.08977983377810282
2,6,12,False,2,DDoS,7,Web-Based,0.018935552018423334,0.027234416517473263,0.03862393462442499
2,6,12,False,3,DoS,0,Benign,0.006247531898877826,0.02971739862777548,0.010999057746118568
2,6,12,False,3,DoS,1,BruteForce,0.009917387813209711,0.020436265508976828,0.0175514269892811
2,6,12,False,3,DoS,2,DDoS,0.018479996177545,0.19142517559753247,0.020152437677119866
2,6,12,False,3,DoS,3,DoS,0.8285070506302478,0.5503627154602633,0.7022069929548109
2,6,12,False,3,DoS,4,Mirai,0.06907271192563079,0.10642354154750458,0.11680458200945516
2,6,12,False,3,DoS,5,Recon,0.025111006053052855,0.03289736413390715,0.03703591624944796
2,6,12,False,3,DoS,6,Spoofing,0.033545229100250866,0.04666194291291903,0.07279207348035582
2,6,12,False,3,DoS,7,Web-Based,0.009119086401185146,0.022075596211121196,0.022457512893410584
2,6,12,False,4,Mirai,0,Benign,0.02416474608722381,0.18264390326546054,0.02594305074139693
2,6,12,False,4,Mirai,1,BruteForce,0.007364731716234507,0.037581167815045835,0.010684721840303734
2,6,12,False,4,Mirai,2,DDoS,0.0110531289413753,0.056831016327584895,0.015048815664166753
2,6,12,False,4,Mirai,3,DoS,0.027429922544447656,0.04902181220253114,0.0529732702800002
2,6,12,False,4,Mirai,4,Mirai,0.6827016985671592,0.2539261411552118,0.6064310047794048
2,6,12,False,4,Mirai,5,Recon,0.09252206652778858,0.13100485934422065,0.095220632058516
2,6,12,False,4,Mirai,6,Spoofing,0.12120901992813206,0.2049779866792328,0.14817769204580464
2,6,12,False,4,Mirai,7,Web-Based,0.03355468568763889,0.08401311321071223,0.045520812590406794
2,6,12,False,5,Recon,0,Benign,0.025310752310631696,0.18600188022971562,0.023632525474858623
2,6,12,False,5,Recon,1,BruteForce,0.009567061281779426,0.04228169744649786,0.012284384474508312
2,6,12,False,5,Recon,2,DDoS,0.009556756369841287,0.03425138870973617,0.01318532466708884
2,6,12,False,5,Recon,3,DoS,0.019802037424952314,0.034018132543495595,0.0314168214343716
2,6,12,False,5,Recon,4,Mirai,0.5516076829673043,0.12592506369818263,0.5370038599406017
2,6,12,False,5,Recon,5,Recon,0.1677474732788551,0.24124076242663775,0.16281062096259766
2,6,12,False,5,Recon,6,Spoofing,0.15900984193817677,0.23460497658786464,0.1625838537369057
2,6,12,False,5,Recon,7,Web-Based,0.057398394428459176,0.10167609835786964,0.05708260930906753
2,6,12,False,6,Spoofing,0,Benign,0.02737162736233849,0.21805883495095077,0.026469107199742777
2,6,12,False,6,Spoofing,1,BruteForce,0.00877153142532601,0.03613182722788889,0.011622460802595755
2,6,12,False,6,Spoofing,2,DDoS,0.009214115380247308,0.033267939449767595,0.013628173719736776
2,6,12,False,6,Spoofing,3,DoS,0.033607526275698026,0.03856820770570822,0.05960305714089781
2,6,12,False,6,Spoofing,4,Mirai,0.5186671833151213,0.1278065445213239,0.49415070750533713
2,6,12,False,6,Spoofing,5,Recon,0.15255994413393148,0.1779808279727638,0.1245803767133329
2,6,12,False,6,Spoofing,6,Spoofing,0.19937459169774482,0.2720119885546727,0.2142325937076371
2,6,12,False,6,Spoofing,7,Web-Based,0.05043348040959261,0.09617382961692414,0.05571352321071982
2,6,12,False,7,Web-Based,0,Benign,0.026140553026964164,0.2139900455055159,0.02641490311951378
2,6,12,False,7,Web-Based,1,BruteForce,0.008186033712384237,0.03844668326002732,0.011202996129719044
2,6,12,False,7,Web-Based,2,DDoS,0.009676107048578119,0.03693408804624175,0.013888644164304482
2,6,12,False,7,Web-Based,3,DoS,0.027160772457437556,0.037008502042314304,0.03456977866360679
2,6,12,False,7,Web-Based,4,Mirai,0.5881600866000105,0.1684014311575239,0.5575893799557168
2,6,12,False,7,Web-Based,5,Recon,0.14183480712645705,0.1733432827523227,0.13010916216150645
2,6,12,False,7,Web-Based,6,Spoofing,0.1504035204731106,0.23048279599190905,0.1695661573199577
2,6,12,False,7,Web-Based,7,Web-Based,0.04843811955505784,0.10139317124414508,0.056658978485675054
2,6,13,False,0,Benign,0,Benign,0.07794821235686414,0.22143460346111604,0.06055386004083888
2,6,13,False,0,Benign,1,BruteForce,0.09357752952219266,0.03456996734187378,0.09363316921225759
2,6,13,False,0,Benign,2,DDoS,0.045555575947555785,0.062474934960410705,0.06796401271045555
2,6,13,False,0,Benign,3,DoS,0.00888308247058879,0.05203634881949379,0.01536906606727667
2,6,13,False,0,Benign,4,Mirai,0.05583477432701921,0.13591003417990047,0.05432285348042039
2,6,13,False,0,Benign,5,Recon,0.41257170397944465,0.18270599517732392,0.39795739412411263
2,6,13,False,0,Benign,6,Spoofing,0.11424294003034689,0.22330591814718087,0.1273448450201094
2,6,13,False,0,Benign,7,Web-Based,0.1913861813659878,0.0875621979127005,0.18285479934452892
2,6,13,False,1,BruteForce,0,Benign,0.08057009534126156,0.1998495183512923,0.06219007911701284
2,6,13,False,1,BruteForce,1,BruteForce,0.13558991604100984,0.044789245137245325,0.11360017528602807
2,6,13,False,1,BruteForce,2,DDoS,0.02534176924605581,0.03573748180393913,0.024879683051240126
2,6,13,False,1,BruteForce,3,DoS,0.010104263514342562,0.031815154526747554,0.01628907518567972
2,6,13,False,1,BruteForce,4,Mirai,0.06225698844758746,0.152624477266337,0.05909321433342645
2,6,13,False,1,BruteForce,5,Recon,0.3524318240520609,0.18756730793326515,0.39380068182300615
2,6,13,False,1,BruteForce,6,Spoofing,0.09408380955093236,0.24253463323495048,0.1127826349398934
2,6,13,False,1,BruteForce,7,Web-Based,0.23962133380674963,0.10508218174622305,0.21736445626371323
2,6,13,False,2,DDoS,0,Benign,0.02941017338650659,0.04644047796895547,0.029645218230663097
2,6,13,False,2,DDoS,1,BruteForce,0.037923264188757334,0.025172808563482047,0.044390003608591314
2,6,13,False,2,DDoS,2,DDoS,0.6635851385432495,0.605425279588917,0.6352909363725004
2,6,13,False,2,DDoS,3,DoS,0.005787852656281858,0.12631813516755241,0.010503117844130891
2,6,13,False,2,DDoS,4,Mirai,0.03490165892426137,0.06005792628841838,0.02860493938647318
2,6,13,False,2,DDoS,5,Recon,0.13312093587429852,0.0622953961757686,0.13708271084685927
2,6,13,False,2,DDoS,6,Spoofing,0.034330116225312256,0.04705555972943286,0.05030055513476766
2,6,13,False,2,DDoS,7,Web-Based,0.060940860201332485,0.027234416517473263,0.06418251857601417
2,6,13,False,3,DoS,0,Benign,0.022459563530901287,0.02971739862777548,0.03233971978002759
2,6,13,False,3,DoS,1,BruteForce,0.053477813270827665,0.020436265508976828,0.05300713177743538
2,6,13,False,3,DoS,2,DDoS,0.3610707720211184,0.19142517559753247,0.2691257299968779
2,6,13,False,3,DoS,3,DoS,0.09164122006602267,0.5503627154602633,0.05076355300514008
2,6,13,False,3,DoS,4,Mirai,0.20351449686747186,0.10642354154750458,0.061014517512999064
2,6,13,False,3,DoS,5,Recon,0.11011724968874942,0.03289736413390715,0.29218726986237215
2,6,13,False,3,DoS,6,Spoofing,0.09119112925813674,0.04666194291291903,0.11358387417877497
2,6,13,False,3,DoS,7,Web-Based,0.06652775529677205,0.022075596211121196,0.12797820388637293
2,6,13,False,4,Mirai,0,Benign,0.0902635746503605,0.18264390326546054,0.06505704215425251
2,6,13,False,4,Mirai,1,BruteForce,0.13148251862696653,0.037581167815045835,0.10857552825100836
2,6,13,False,4,Mirai,2,DDoS,0.05963328540550824,0.056831016327584895,0.054829259904598894
2,6,13,False,4,Mirai,3,DoS,0.009982482739460069,0.04902181220253114,0.01631967809243778
2,6,13,False,4,Mirai,4,Mirai,0.1229376189345659,0.2539261411552118,0.06634550226409335
2,6,13,False,4,Mirai,5,Recon,0.27205273680826275,0.13100485934422065,0.36094686593090997
2,6,13,False,4,Mirai,6,Spoofing,0.11095048275890503,0.2049779866792328,0.12982506029211566
2,6,13,False,4,Mirai,7,Web-Based,0.202697300075971,0.08401311321071223,0.19810106311058343
2,6,13,False,5,Recon,0,Benign,0.0680807553669315,0.18600188022971562,0.058890944199925195
2,6,13,False,5,Recon,1,BruteForce,0.11231019571628455,0.04228169744649786,0.10996258594731881
2,6,13,False,5,Recon,2,DDoS,0.02173502148650697,0.03425138870973617,0.024575459907588162
2,6,13,False,5,Recon,3,DoS,0.009459998061106851,0.034018132543495595,0.016073495926865418
2,6,13,False,5,Recon,4,Mirai,0.05053886409762412,0.12592506369818263,0.05682780049595466
2,6,13,False,5,Recon,5,Recon,0.440802508312524,0.24124076242663775,0.4166202590929207
2,6,13,False,5,Recon,6,Spoofing,0.08303331741089491,0.23460497658786464,0.10761596507282863
2,6,13,False,5,Recon,7,Web-Based,0.21403933954812707,0.10167609835786964,0.20943348935659842
2,6,13,False,6,Spoofing,0,Benign,0.07162386949188436,0.21805883495095077,0.05824697724820248
2,6,13,False,6,Spoofing,1,BruteForce,0.09843429341589892,0.03613182722788889,0.09347761890614228
2,6,13,False,6,Spoofing,2,DDoS,0.02071754576357848,0.033267939449767595,0.023553621414356338
2,6,13,False,6,Spoofing,3,DoS,0.009128867009546928,0.03856820770570822,0.015169114494199247
2,6,13,False,6,Spoofing,4,Mirai,0.053576280858290116,0.1278065445213239,0.05348185281645945
2,6,13,False,6,Spoofing,5,Recon,0.4233173991569578,0.1779808279727638,0.4310847366068133
2,6,13,False,6,Spoofing,6,Spoofing,0.11133464901754146,0.2720119885546727,0.12784485484416347
2,6,13,False,6,Spoofing,7,Web-Based,0.21186709528630174,0.09617382961692414,0.19714122366966352
2,6,13,False,7,Web-Based,0,Benign,0.08434141168334836,0.2139900455055159,0.06390660193207431
2,6,13,False,7,Web-Based,1,BruteForce,0.11528070363808303,0.03844668326002732,0.10607394555793523
2,6,13,False,7,Web-Based,2,DDoS,0.02871139805181412,0.03693408804624175,0.030251013981192044
2,6,13,False,7,Web-Based,3,DoS,0.009534585241997757,0.037008502042314304,0.015764724610940636
2,6,13,False,7,Web-Based,4,Mirai,0.07398687283798375,0.1684014311575239,0.05832549336769389
2,6,13,False,7,Web-Based,5,Recon,0.35807749222869384,0.1733432827523227,0.40326458703784607
2,6,13,False,7,Web-Based,6,Spoofing,0.1014080366308224,0.23048279599190905,0.11685334765521006
2,6,13,False,7,Web-Based,7,Web-Based,0.22865949968725674,0.10139317124414508,0.20556028585710787
2,6,14,True,0,Benign,0,Benign,0.12699015992593068,0.22143460346111604,0.1480594796370353
2,6,14,True,0,Benign,1,BruteForce,0.29043988856916314,0.03456996734187378,0.09103057403818236
2,6,14,True,0,Benign,2,DDoS,0.10635470822061703,0.062474934960410705,0.13501037934870694
2,6,14,True,0,Benign,3,DoS,0.05060329064723654,0.05203634881949379,0.08956857574426136
2,6,14,True,0,Benign,4,Mirai,0.08712915161151481,0.13591003417990047,0.15442565169066882
2,6,14,True,0,Benign,5,Recon,0.1580438798135555,0.18270599517732392,0.16030056009055077
2,6,14,True,0,Benign,6,Spoofing,0.043657461439824456,0.22330591814718087,0.031531698583245976
2,6,14,True,0,Benign,7,Web-Based,0.13678145977215786,0.0875621979127005,0.19007308086734842
2,6,14,True,1,BruteForce,0,Benign,0.12061173119989543,0.1998495183512923,0.15016749450818784
2,6,14,True,1,BruteForce,1,BruteForce,0.32774429029048474,0.044789245137245325,0.11283321346819068
2,6,14,True,1,BruteForce,2,DDoS,0.07617773041471369,0.03573748180393913,0.09277722713760264
2,6,14,True,1,BruteForce,3,DoS,0.03282201838607819,0.031815154526747554,0.04227046551479721
2,6,14,True,1,BruteForce,4,Mirai,0.08735813663396129,0.152624477266337,0.1726806064477769
2,6,14,True,1,BruteForce,5,Recon,0.15365180695226469,0.18756730793326515,0.15484809839740113
2,6,14,True,1,BruteForce,6,Spoofing,0.0433022562661886,0.24253463323495048,0.03177492365119014
2,6,14,True,1,BruteForce,7,Web-Based,0.1583320298564134,0.10508218174622305,0.24264797087485346
2,6,14,True,2,DDoS,0,Benign,0.04151485441143974,0.04644047796895547,0.05504383470168419
2,6,14,True,2,DDoS,1,BruteForce,0.09881754661972446,0.025172808563482047,0.04343006115053119
2,6,14,True,2,DDoS,2,DDoS,0.46086816924750224,0.605425279588917,0.6399708418223041
2,6,14,True,2,DDoS,3,DoS,0.21053728474735267,0.12631813516755241,0.049627131916077385
2,6,14,True,2,DDoS,4,Mirai,0.049457402519675404,0.06005792628841838,0.06286634217661555
2,6,14,True,2,DDoS,5,Recon,0.06673287593221248,0.0622953961757686,0.059088950315579924
2,6,14,True,2,DDoS,6,Spoofing,0.018934124750173607,0.04705555972943286,0.016241914274441712
2,6,14,True,2,DDoS,7,Web-Based,0.05313774177191948,0.027234416517473263,0.07373092364276607
2,6,14,True,3,DoS,0,Benign,0.026198200372593745,0.02971739862777548,0.036745108652393624
2,6,14,True,3,DoS,1,BruteForce,0.06544073232342537,0.020436265508976828,0.04923689543867314
2,6,14,True,3,DoS,2,DDoS,0.2246428394607336,0.19142517559753247,0.2189361691991132
2,6,14,True,3,DoS,3,DoS,0.39593194771738605,0.5503627154602633,0.4824966946835219
2,6,14,True,3,DoS,4,Mirai,0.17185648800784314,0.10642354154750458,0.06901901062078761
2,6,14,True,3,DoS,5,Recon,0.04772481081275967,0.03289736413390715,0.05468298899091042
2,6,14,True,3,DoS,6,Spoofing,0.018614595250346706,0.04666194291291903,0.018572282182331694
2,6,14,True,3,DoS,7,Web-Based,0.049590386054911756,0.022075596211121196,0.07031085023226843
2,6,14,True,4,Mirai,0,Benign,0.1077970498828547,0.18264390326546054,0.14558260732719783
2,6,14,True,4,Mirai,1,BruteForce,0.29083111644304177,0.037581167815045835,0.10089984082769843
2,6,14,True,4,Mirai,2,DDoS,0.11912241745738722,0.056831016327584895,0.132365923533683
2,6,14,True,4,Mirai,3,DoS,0.05391102765646765,0.04902181220253114,0.07981239993660168
2,6,14,True,4,Mirai,4,Mirai,0.12862964717349432,0.2539261411552118,0.1897777612426273
2,6,14,True,4,Mirai,5,Recon,0.13157522979150857,0.13100485934422065,0.12823493531298275
2,6,14,True,4,Mirai,6,Spoofing,0.03671716831754248,0.2049779866792328,0.03008714133987326
2,6,14,True,4,Mirai,7,Web-Based,0.13141634327770332,0.08401311321071223,0.1932393904793358
2,6,14,True,5,Recon,0,Benign,0.11548480716243222,0.18600188022971562,0.14467575747633607
2,6,14,True,5,Recon,1,BruteForce,0.3195262636463227,0.04228169744649786,0.1141463146584827
2,6,14,True,5,Recon,2,DDoS,0.07428687238981378,0.03425138870973617,0.09065836586990135
2,6,14,True,5,Recon,3,DoS,0.032925238550912124,0.034018132543495595,0.0434782976751668
2,6,14,True,5,Recon,4,Mirai,0.0811060000062135,0.12592506369818263,0.16795692760821904
2,6,14,True,5,Recon,5,Recon,0.17928442143472342,0.24124076242663775,0.16936905507596675
2,6,14,True,5,Recon,6,Spoofing,0.04283502362184997,0.23460497658786464,0.03200187725743563
2,6,14,True,5,Recon,7,Web-Based,0.15455137318773235,0.10167609835786964,0.2377134043784918
2,6,14,True,6,Spoofing,0,Benign,0.12983016406026732,0.21805883495095077,0.15515672168342898
2,6,14,True,6,Spoofing,1,BruteForce,0.30113797821079774,0.03613182722788889,0.09402456146783492
2,6,14,True,6,Spoofing,2,DDoS,0.06769857926851824,0.033267939449767595,0.08721759719181094
2,6,14,True,6,Spoofing,3,DoS,0.03342500918027826,0.03856820770570822,0.07751984771762219
2,6,14,True,6,Spoofing,4,Mirai,0.08841690266657001,0.1278065445213239,0.15508192804945162
2,6,14,True,6,Spoofing,5,Recon,0.17399720421184353,0.1779808279727638,0.17753370357063722
2,6,14,True,6,Spoofing,6,Spoofing,0.05049897705232915,0.2720119885546727,0.03393015712444098
2,6,14,True,6,Spoofing,7,Web-Based,0.15499518534939588,0.09617382961692414,0.21953548319477323
2,6,14,True,7,Web-Based,0,Benign,0.1267331241690073,0.2139900455055159,0.16189355912712247
2,6,14,True,7,Web-Based,1,BruteForce,0.312706158450527,0.03844668326002732,0.10210076203622208
2,6,14,True,7,Web-Based,2,DDoS,0.07556559767745745,0.03693408804624175,0.10510760822241653
2,6,14,True,7,Web-Based,3,DoS,0.036475104837744736,0.037008502042314304,0.046255614517100856
2,6,14,True,7,Web-Based,4,Mirai,0.09377876922919916,0.1684014311575239,0.17585135880458092
2,6,14,True,7,Web-Based,5,Recon,0.16052623940271254,0.1733432827523227,0.15516483640281217
2,6,14,True,7,Web-Based,6,Spoofing,0.04409666286048252,0.23048279599190905,0.032388845509535816
2,6,14,True,7,Web-Based,7,Web-Based,0.15011834337286936,0.10139317124414508,0.22123741538020916
2,6,15,True,0,Benign,0,Benign,0.03607179922326927,0.22143460346111604,0.049839407048369984
2,6,15,True,0,Benign,1,BruteForce,0.04374453501929459,0.03456996734187378,0.031952746373506424
2,6,15,True,0,Benign,2,DDoS,0.39964836321513597,0.062474934960410705,0.5022519274526185
2,6,15,True,0,Benign,3,DoS,0.29728268193777113,0.05203634881949379,0.2867873313995385
2,6,15,True,0,Benign,4,Mirai,0.12717550745329628,0.13591003417990047,0.03710599221636177
2,6,15,True,0,Benign,5,Recon,0.016600818526031572,0.18270599517732392,0.023070707372011598
2,6,15,True,0,Benign,6,Spoofing,0.027463177095194236,0.22330591814718087,0.03884810561062139
2,6,15,True,0,Benign,7,Web-Based,0.05201311753000703,0.0875621979127005,0.03014378252697195
2,6,15,True,1,BruteForce,0,Benign,0.0348554509014696,0.1998495183512923,0.05207551206555742
2,6,15,True,1,BruteForce,1,BruteForce,0.05268243432340948,0.044789245137245325,0.033464480183938446
2,6,15,True,1,BruteForce,2,DDoS,0.4463811002344915,0.03573748180393913,0.5329504797880963
2,6,15,True,1,BruteForce,3,DoS,0.25091926026865685,0.031815154526747554,0.2504226473607079
2,6,15,True,1,BruteForce,4,Mirai,0.11569726507462211,0.152624477266337,0.03849186840165198
2,6,15,True,1,BruteForce,5,Recon,0.01318604611960224,0.18756730793326515,0.02265328635101351
2,6,15,True,1,BruteForce,6,Spoofing,0.02737659280486638,0.24253463323495048,0.03799244616487405
2,6,15,True,1,BruteForce,7,Web-Based,0.058901850272881875,0.10508218174622305,0.0319492796841605
2,6,15,True,2,DDoS,0,Benign,0.01747084327304457,0.04644047796895547,0.037558931196428384
2,6,15,True,2,DDoS,1,BruteForce,0.0270668696221819,0.025172808563482047,0.02688383215724133
2,6,15,True,2,DDoS,2,DDoS,0.5903039778932317,0.605425279588917,0.7419043758520436
2,6,15,True,2,DDoS,3,DoS,0.25764981393774095,0.12631813516755241,0.10634900120256495
2,6,15,True,2,DDoS,4,Mirai,0.06083543056150631,0.06005792628841838,0.027500291863635604
2,6,15,True,2,DDoS,5,Recon,0.010599542125100444,0.0622953961757686,0.016731122419306972
2,6,15,True,2,DDoS,6,Spoofing,0.013230946654945988,0.04705555972943286,0.021729241659544984
2,6,15,True,2,DDoS,7,Web-Based,0.022842575932248175,0.027234416517473263,0.0213432036492342
2,6,15,True,3,DoS,0,Benign,0.013722022598328677,0.02971739862777548,0.02093062169185039
2,6,15,True,3,DoS,1,BruteForce,0.01704124093880123,0.020436265508976828,0.03937447271880717
2,6,15,True,3,DoS,2,DDoS,0.236056375747336,0.19142517559753247,0.230983461552189
2,6,15,True,3,DoS,3,DoS,0.5033433222415404,0.5503627154602633,0.6203742998024961
2,6,15,True,3,DoS,4,Mirai,0.18223477055537893,0.10642354154750458,0.02558702906097365
2,6,15,True,3,DoS,5,Recon,0.012242159380286647,0.03289736413390715,0.016732501945439
2,6,15,True,3,DoS,6,Spoofing,0.014328288537436387,0.04666194291291903,0.022870721632670718
2,6,15,True,3,DoS,7,Web-Based,0.021031820000891665,0.022075596211121196,0.02314689159557398
2,6,15,True,4,Mirai,0,Benign,0.032362690031910134,0.18264390326546054,0.04918618415140519
2,6,15,True,4,Mirai,1,BruteForce,0.043697879638988586,0.037581167815045835,0.03309853823094742
2,6,15,True,4,Mirai,2,DDoS,0.4051993590327569,0.056831016327584895,0.5135747760258506
2,6,15,True,4,Mirai,3,DoS,0.25856722008103067,0.04902181220253114,0.2778038421421814
2,6,15,True,4,Mirai,4,Mirai,0.1751579679158087,0.2539261411552118,0.039747188923165984
2,6,15,True,4,Mirai,5,Recon,0.012698775395366513,0.13100485934422065,0.018826301336706326
2,6,15,True,4,Mirai,6,Spoofing,0.023977905986222677,0.2049779866792328,0.03737634189122307
2,6,15,True,4,Mirai,7,Web-Based,0.04833820191791597,0.08401311321071223,0.030386827298520075
2,6,15,True,5,Recon,0,Benign,0.03034945990367133,0.18600188022971562,0.05231090400242893
2,6,15,True,5,Recon,1,BruteForce,0.05093550473655954,0.04228169744649786,0.03487046593706778
2,6,15,True,5,Recon,2,DDoS,0.46129926944092803,0.03425138870973617,0.5151354536604092
2,6,15,True,5,Recon,3,DoS,0.2677344288261386,0.034018132543495595,0.26560072345031455
2,6,15,True,5,Recon,4,Mirai,0.10299769592951172,0.12592506369818263,0.0376412932965182
2,6,15,True,5,Recon,5,Recon,0.013834987418694631,0.24124076242663775,0.022822761923066533
2,6,15,True,5,Recon,6,Spoofing,0.02239806175932727,0.23460497658786464,0.039236306790337246
2,6,15,True,5,Recon,7,Web-Based,0.050450591985168665,0.10167609835786964,0.03238209093985765
2,6,15,True,6,Spoofing,0,Benign,0.034520179904991684,0.21805883495095077,0.04989348536388863
2,6,15,True,6,Spoofing,1,BruteForce,0.045746972508449335,0.03613182722788889,0.03188649971154166
2,6,15,True,6,Spoofing,2,DDoS,0.38227103437960624,0.033267939449767595,0.48386588385254226
2,6,15,True,6,Spoofing,3,DoS,0.2931218242546965,0.03856820770570822,0.30516149358828903
2,6,15,True,6,Spoofing,4,Mirai,0.13864266485687995,0.1278065445213239,0.03665031104580393
2,6,15,True,6,Spoofing,5,Recon,0.01644284213597024,0.1779808279727638,0.021957736856461973
2,6,15,True,6,Spoofing,6,Spoofing,0.03278684408116499,0.2720119885546727,0.0405992718729204
2,6,15,True,6,Spoofing,7,Web-Based,0.05646763787824102,0.09617382961692414,0.029985317708552225
2,6,15,True,7,Web-Based,0,Benign,0.04186801223679476,0.2139900455055159,0.055652764274874436
2,6,15,True,7,Web-Based,1,BruteForce,0.04989214872465651,0.03844668326002732,0.030874757337916416
2,6,15,True,7,Web-Based,2,DDoS,0.41972467659537205,0.03693408804624175,0.5642708408093295
2,6,15,True,7,Web-Based,3,DoS,0.256543950150117,0.037008502042314304,0.21004699373683333
2,6,15,True,7,Web-Based,4,Mirai,0.12207332983087356,0.1684014311575239,0.039571216454673305
2,6,15,True,7,Web-Based,5,Recon,0.017053730649185105,0.1733432827523227,0.02516263858178125
2,6,15,True,7,Web-Based,6,Spoofing,0.031549013874572984,0.23048279599190905,0.0418851396147757
2,6,15,True,7,Web-Based,7,Web-Based,0.06129513793842802,0.10139317124414508,0.032535649189816065
2,6,16,False,0,Benign,0,Benign,0.5061163706509795,0.22143460346111604,0.5289869720531107
2,6,16,False,0,Benign,1,BruteForce,0.02109068733815428,0.03456996734187378,0.022867332490681114
2,6,16,False,0,Benign,2,DDoS,0.1886169327423509,0.062474934960410705,0.16887718426678153
2,6,16,False,0,Benign,3,DoS,0.03150732523955419,0.05203634881949379,0.051841357131975206
2,6,16,False,0,Benign,4,Mirai,0.016275285265639303,0.13591003417990047,0.01948582065520686
2,6,16,False,0,Benign,5,Recon,0.02155614769080755,0.18270599517732392,0.023208244931691616
2,6,16,False,0,Benign,6,Spoofing,0.13930855291766903,0.22330591814718087,0.1089540888176844
2,6,16,False,0,Benign,7,Web-Based,0.07552869815484536,0.0875621979127005,0.07577899965286862
2,6,16,False,1,BruteForce,0,Benign,0.5104989155329889,0.1998495183512923,0.5744545563340866
2,6,16,False,1,BruteForce,1,BruteForce,0.025348172507309637,0.044789245137245325,0.023981889028737272
2,6,16,False,1,BruteForce,2,DDoS,0.1697000902048019,0.03573748180393913,0.12414438639312116
2,6,16,False,1,BruteForce,3,DoS,0.021679171088456,0.031815154526747554,0.031614801917984124
2,6,16,False,1,BruteForce,4,Mirai,0.01675293775019302,0.152624477266337,0.0186004018028425
2,6,16,False,1,BruteForce,5,Recon,0.018472139951536404,0.18756730793326515,0.023643384612350504
2,6,16,False,1,BruteForce,6,Spoofing,0.14839622283478587,0.24253463323495048,0.11807850717401792
2,6,16,False,1,BruteForce,7,Web-Based,0.08915235012992817,0.10508218174622305,0.08548207273686008
2,6,16,False,2,DDoS,0,Benign,0.15240465720437493,0.04644047796895547,0.1741260159576502
2,6,16,False,2,DDoS,1,BruteForce,0.013041022728741773,0.025172808563482047,0.020852015820541595
2,6,16,False,2,DDoS,2,DDoS,0.7221761904632228,0.605425279588917,0.6737905432890671
2,6,16,False,2,DDoS,3,DoS,0.018968464719590843,0.12631813516755241,0.028548930532557998
2,6,16,False,2,DDoS,4,Mirai,0.009577505556071135,0.06005792628841838,0.014523519766539204
2,6,16,False,2,DDoS,5,Recon,0.009514328755403057,0.0622953961757686,0.012179546227798073
2,6,16,False,2,DDoS,6,Spoofing,0.044764017126998894,0.04705555972943286,0.04110077740829184
2,6,16,False,2,DDoS,7,Web-Based,0.029553813445596547,0.027234416517473263,0.03487865099755404
2,6,16,False,3,DoS,0,Benign,0.08470707607860584,0.02971739862777548,0.14296338459993616
2,6,16,False,3,DoS,1,BruteForce,0.015780514319597993,0.020436265508976828,0.028642659897336577
2,6,16,False,3,DoS,2,DDoS,0.29275180096945086,0.19142517559753247,0.3066166315495205
2,6,16,False,3,DoS,3,DoS,0.5061998375314628,0.5503627154602633,0.39191929596958774
2,6,16,False,3,DoS,4,Mirai,0.009455688653536262,0.10642354154750458,0.017658223094010092
2,6,16,False,3,DoS,5,Recon,0.00914490727927876,0.03289736413390715,0.013790035974995387
2,6,16,False,3,DoS,6,Spoofing,0.05516220178499961,0.04666194291291903,0.05532115693381596
2,6,16,False,3,DoS,7,Web-Based,0.026797973383067723,0.022075596211121196,0.0430886119807976
2,6,16,False,4,Mirai,0,Benign,0.45583143874938997,0.18264390326546054,0.5206070171457508
2,6,16,False,4,Mirai,1,BruteForce,0.02332003001419188,0.037581167815045835,0.023978315131557546
2,6,16,False,4,Mirai,2,DDoS,0.2423888222320799,0.056831016327584895,0.1769630014019333
2,6,16,False,4,Mirai,3,DoS,0.04092401986951451,0.04902181220253114,0.05453570918791254
2,6,16,False,4,Mirai,4,Mirai,0.016811677745930332,0.2539261411552118,0.01941199305439611
2,6,16,False,4,Mirai,5,Recon,0.017476751547077413,0.13100485934422065,0.02135227064962333
2,6,16,False,4,Mirai,6,Spoofing,0.1306182004249077,0.2049779866792328,0.1063665389238147
2,6,16,False,4,Mirai,7,Web-Based,0.07262905941690828,0.08401311321071223,0.07678515450501171
2,6,16,False,5,Recon,0,Benign,0.513365494686008,0.18600188022971562,0.5716181821311552
2,6,16,False,5,Recon,1,BruteForce,0.02543728340624541,0.04228169744649786,0.024593033053676886
2,6,16,False,5,Recon,2,DDoS,0.16144485153034213,0.03425138870973617,0.12484120043291991
2,6,16,False,5,Recon,3,DoS,0.02272534236631248,0.034018132543495595,0.03375637061389429
2,6,16,False,5,Recon,4,Mirai,0.016163162212840688,0.12592506369818263,0.01840659021605707
2,6,16,False,5,Recon,5,Recon,0.024558309693717285,0.24124076242663775,0.02445099893113418
2,6,16,False,5,Recon,6,Spoofing,0.14525978978062462,0.23460497658786464,0.1158587790935409
2,6,16,False,5,Recon,7,Web-Based,0.09104576632390951,0.10167609835786964,0.08647484552762154
2,6,16,False,6,Spoofing,0,Benign,0.5211124541150006,0.21805883495095077,0.5684098316127797
2,6,16,False,6,Spoofing,1,BruteForce,0.021668804360898547,0.03613182722788889,0.022899105575981814
2,6,16,False,6,Spoofing,2,DDoS,0.1418037954146384,0.033267939449767595,0.11984449504853653
2,6,16,False,6,Spoofing,3,DoS,0.02383896013404364,0.03856820770570822,0.04571222361566175
2,6,16,False,6,Spoofing,4,Mirai,0.01660547837221746,0.1278065445213239,0.019652787043212223
2,6,16,False,6,Spoofing,5,Recon,0.02255387411110452,0.1779808279727638,0.02456865175624679
2,6,16,False,6,Spoofing,6,Spoofing,0.1710239690157941,0.2720119885546727,0.11996086300199292
2,6,16,False,6,Spoofing,7,Web-Based,0.08139266447630265,0.09617382961692414,0.0789520423455883
2,6,16,False,7,Web-Based,0,Benign,0.5233052223008829,0.2139900455055159,0.5714476609725303
2,6,16,False,7,Web-Based,1,BruteForce,0.023252605353220338,0.03844668326002732,0.023310026981546425
2,6,16,False,7,Web-Based,2,DDoS,0.16329904513265622,0.03693408804624175,0.1346747131750776
2,6,16,False,7,Web-Based,3,DoS,0.02354837034495139,0.037008502042314304,0.03355962287673245
2,6,16,False,7,Web-Based,4,Mirai,0.01704460342326533,0.1684014311575239,0.019237949411600824
2,6,16,False,7,Web-Based,5,Recon,0.020374132570338405,0.1733432827523227,0.02394913990804512
2,6,16,False,7,Web-Based,6,Spoofing,0.14369558146553887,0.23048279599190905,0.11199076947497222
2,6,16,False,7,Web-Based,7,Web-Based,0.08548043940914647,0.10139317124414508,0.08183011719949508
2,6,17,True,0,Benign,0,Benign,0.21483140229083708,0.22143460346111604,0.286889015939312
2,6,17,True,0,Benign,1,BruteForce,0.23883805641662004,0.03456996734187378,0.014141176556226539
2,6,17,True,0,Benign,2,DDoS,0.028037592172342966,0.062474934960410705,0.03934222345283236
2,6,17,True,0,Benign,3,DoS,0.03373021206757805,0.05203634881949379,0.07510850393543397
2,6,17,True,0,Benign,4,Mirai,0.31605998338044045,0.13591003417990047,0.4623639116782699
2,6,17,True,0,Benign,5,Recon,0.09473029214139869,0.18270599517732392,0.012580999550135604
2,6,17,True,0,Benign,6,Spoofing,0.016009580501791333,0.22330591814718087,0.01989494697695438
2,6,17,True,0,Benign,7,Web-Based,0.0577628810289915,0.0875621979127005,0.08967922191083538
2,6,17,True,1,BruteForce,0,Benign,0.2060878472891189,0.1998495183512923,0.26788477225842416
2,6,17,True,1,BruteForce,1,BruteForce,0.24452536041944287,0.044789245137245325,0.01355950147760995
2,6,17,True,1,BruteForce,2,DDoS,0.01636873686722464,0.03573748180393913,0.023824451384301438
2,6,17,True,1,BruteForce,3,DoS,0.014651357514020328,0.031815154526747554,0.021147476688527626
2,6,17,True,1,BruteForce,4,Mirai,0.3317955606999969,0.152624477266337,0.5076466959494363
2,6,17,True,1,BruteForce,5,Recon,0.10121312460389219,0.18756730793326515,0.01194216929091869
2,6,17,True,1,BruteForce,6,Spoofing,0.01660134280439311,0.24253463323495048,0.021224212398854504
2,6,17,True,1,BruteForce,7,Web-Based,0.0687566698019111,0.10508218174622305,0.1327707205519274
2,6,17,True,2,DDoS,0,Benign,0.06831882231549588,0.04644047796895547,0.09965223464425019
2,6,17,True,2,DDoS,1,BruteForce,0.08256853894686247,0.025172808563482047,0.016912555800301876
2,6,17,True,2,DDoS,2,DDoS,0.4993998097711026,0.605425279588917,0.5916063038604549
2,6,17,True,2,DDoS,3,DoS,0.14146982504855987,0.12631813516755241,0.059647025808189195
2,6,17,True,2,DDoS,4,Mirai,0.13400331693612474,0.06005792628841838,0.16515504529755384
2,6,17,True,2,DDoS,5,Recon,0.037710102534369835,0.0622953961757686,0.010300366663951063
2,6,17,True,2,DDoS,6,Spoofing,0.009357763602195309,0.04705555972943286,0.011752445730340406
2,6,17,True,2,DDoS,7,Web-Based,0.027171820845289334,0.027234416517473263,0.04497402219495862
2,6,17,True,3,DoS,0,Benign,0.03920435958154419,0.02971739862777548,0.05992432340690582
2,6,17,True,3,DoS,1,BruteForce,0.05001972001309275,0.020436265508976828,0.02264921063857181
2,6,17,True,3,DoS,2,DDoS,0.11701200970981607,0.19142517559753247,0.09107857185936827
2,6,17,True,3,DoS,3,DoS,0.5201905649245729,0.5503627154602633,0.6004928338303238
2,6,17,True,3,DoS,4,Mirai,0.20528169614062403,0.10642354154750458,0.16149540713187366
2,6,17,True,3,DoS,5,Recon,0.03719975037151782,0.03289736413390715,0.011963184394358726
2,6,17,True,3,DoS,6,Spoofing,0.009789110392496452,0.04666194291291903,0.014793874814484666
2,6,17,True,3,DoS,7,Web-Based,0.021302788866335774,0.022075596211121196,0.037602593924113276
2,6,17,True,4,Mirai,0,Benign,0.1770878603153842,0.18264390326546054,0.24452659773493632
2,6,17,True,4,Mirai,1,BruteForce,0.19576251618926768,0.037581167815045835,0.012452768444411106
2,6,17,True,4,Mirai,2,DDoS,0.01976893158157107,0.056831016327584895,0.02989616356771772
2,6,17,True,4,Mirai,3,DoS,0.02835721547400418,0.04902181220253114,0.03160659118771453
2,6,17,True,4,Mirai,4,Mirai,0.40634032216034105,0.2539261411552118,0.5618601648015825
2,6,17,True,4,Mirai,5,Recon,0.10548443496071036,0.13100485934422065,0.011154268779432132
2,6,17,True,4,Mirai,6,Spoofing,0.015026815493292366,0.2049779866792328,0.01860752929236095
2,6,17,True,4,Mirai,7,Web-Based,0.05217190382542905,0.08401311321071223,0.0898959161918447
2,6,17,True,5,Recon,0,Benign,0.20080443749166646,0.18600188022971562,0.25952094279778837
2,6,17,True,5,Recon,1,BruteForce,0.2429117902486472,0.04228169744649786,0.013930722871897163
2,6,17,True,5,Recon,2,DDoS,0.01648395028593642,0.03425138870973617,0.02460110721417558
2,6,17,True,5,Recon,3,DoS,0.018504066597938327,0.034018132543495595,0.026782891227141448
2,6,17,True,5,Recon,4,Mirai,0.33132057138048243,0.12592506369818263,0.5082181784870103
2,6,17,True,5,Recon,5,Recon,0.10444490895012642,0.24124076242663775,0.011940778991640274
2,6,17,True,5,Recon,6,Spoofing,0.016456883453070795,0.23460497658786464,0.02098337634349378
2,6,17,True,5,Recon,7,Web-Based,0.06907339159213191,0.10167609835786964,0.1340220020668531
2,6,17,True,6,Spoofing,0,Benign,0.22050936629032805,0.21805883495095077,0.302606185767156
2,6,17,True,6,Spoofing,1,BruteForce,0.26216377563416365,0.03613182722788889,0.013507241985149722
2,6,17,True,6,Spoofing,2,DDoS,0.016896264473268995,0.033267939449767595,0.025089976437142267
2,6,17,True,6,Spoofing,3,DoS,0.01807451306018736,0.03856820770570822,0.04117615354337931
2,6,17,True,6,Spoofing,4,Mirai,0.30430372165967035,0.1278065445213239,0.48033069048874455
2,6,17,True,6,Spoofing,5,Recon,0.09662939733396389,0.1779808279727638,0.013000229641819839
2,6,17,True,6,Spoofing,6,Spoofing,0.016744367390434764,0.2720119885546727,0.021249318788605573
2,6,17,True,6,Spoofing,7,Web-Based,0.06467859415798302,0.09617382961692414,0.10304020334800273
2,6,17,True,7,Web-Based,0,Benign,0.20568275763694238,0.2139900455055159,0.28968093350244056
2,6,17,True,7,Web-Based,1,BruteForce,0.2409498576555818,0.03844668326002732,0.013761211173983294
2,6,17,True,7,Web-Based,2,DDoS,0.017536088526710906,0.03693408804624175,0.027595103491214332
2,6,17,True,7,Web-Based,3,DoS,0.01800308091114687,0.037008502042314304,0.021580846561655005
2,6,17,True,7,Web-Based,4,Mirai,0.3376510429074229,0.1684014311575239,0.5045295700101171
2,6,17,True,7,Web-Based,5,Recon,0.10029072241211065,0.1733432827523227,0.012630118921325022
2,6,17,True,7,Web-Based,6,Spoofing,0.01637455249231335,0.23048279599190905,0.020622524472812886
2,6,17,True,7,Web-Based,7,Web-Based,0.06351189745777115,0.10139317124414508,0.10959969186645173
2,6,18,True,0,Benign,0,Benign,0.05301708623815216,0.22143460346111604,0.06003669693124527
2,6,18,True,0,Benign,1,BruteForce,0.07253384812759188,0.03456996734187378,0.015925282420627428
2,6,18,True,0,Benign,2,DDoS,0.13456120962147944,0.062474934960410705,0.1752512081883567
2,6,18,True,0,Benign,3,DoS,0.057189693516613946,0.05203634881949379,0.05925209115095998
2,6,18,True,0,Benign,4,Mirai,0.1749655154827007,0.13591003417990047,0.2680656923199855
2,6,18,True,0,Benign,5,Recon,0.16365402146730787,0.18270599517732392,0.10830681306316478
2,6,18,True,0,Benign,6,Spoofing,0.14064821761909682,0.22330591814718087,0.1953149492678493
2,6,18,True,0,Benign,7,Web-Based,0.20343040792705727,0.0875621979127005,0.11784726665781116
2,6,18,True,1,BruteForce,0,Benign,0.0530381646631607,0.1998495183512923,0.05985143394031293
2,6,18,True,1,BruteForce,1,BruteForce,0.07731180550483303,0.044789245137245325,0.015592786599150038
2,6,18,True,1,BruteForce,2,DDoS,0.10446750874886682,0.03573748180393913,0.1289359280752761
2,6,18,True,1,BruteForce,3,DoS,0.030967642135746105,0.031815154526747554,0.02215712225230054
2,6,18,True,1,BruteForce,4,Mirai,0.187783747662932,0.152624477266337,0.317016468517998
2,6,18,True,1,BruteForce,5,Recon,0.17620852619386185,0.18756730793326515,0.11847456578080608
2,6,18,True,1,BruteForce,6,Spoofing,0.1462456644114249,0.24253463323495048,0.18611693944709506
2,6,18,True,1,BruteForce,7,Web-Based,0.22397694067917467,0.10508218174622305,0.15185475538706122
2,6,18,True,2,DDoS,0,Benign,0.022108686239822505,0.04644047796895547,0.029062631855855094
2,6,18,True,2,DDoS,1,BruteForce,0.03214807753582489,0.025172808563482047,0.016288194304989984
2,6,18,True,2,DDoS,2,DDoS,0.5272740653704299,0.605425279588917,0.6648201106739219
2,6,18,True,2,DDoS,3,DoS,0.17183364304562584,0.12631813516755241,0.034976272066712825
2,6,18,True,2,DDoS,4,Mirai,0.0734347300302305,0.06005792628841838,0.096397978138924
2,6,18,True,2,DDoS,5,Recon,0.067397540532131,0.0622953961757686,0.05429758367867338
2,6,18,True,2,DDoS,6,Spoofing,0.042890606614478924,0.04705555972943286,0.056696095005218945
2,6,18,True,2,DDoS,7,Web-Based,0.06291265063145658,0.027234416517473263,0.047461134275703955
2,6,18,True,3,DoS,0,Benign,0.015341880362208517,0.02971739862777548,0.02066310555668643
2,6,18,True,3,DoS,1,BruteForce,0.023561010467610718,0.020436265508976828,0.023275818268509742
2,6,18,True,3,DoS,2,DDoS,0.2527538856289386,0.19142517559753247,0.258822317646216
2,6,18,True,3,DoS,3,DoS,0.40735802318516995,0.5503627154602633,0.4234930144571863
2,6,18,True,3,DoS,4,Mirai,0.15251032455544739,0.10642354154750458,0.09426692062515364
2,6,18,True,3,DoS,5,Recon,0.04295935011754286,0.03289736413390715,0.039583359254818457
2,6,18,True,3,DoS,6,Spoofing,0.04086150320671607,0.04666194291291903,0.08592159588391285
2,6,18,True,3,DoS,7,Web-Based,0.0646540224763658,0.022075596211121196,0.05397386830751663
2,6,18,True,4,Mirai,0,Benign,0.046156313113918365,0.18264390326546054,0.05628407963491555
2,6,18,True,4,Mirai,1,BruteForce,0.06539504167126066,0.037581167815045835,0.01544059660104304
2,6,18,True,4,Mirai,2,DDoS,0.1458911497949788,0.056831016327584895,0.15448560210473708
2,6,18,True,4,Mirai,3,DoS,0.05766116531884245,0.04902181220253114,0.04912073475735243
2,6,18,True,4,Mirai,4,Mirai,0.22936125101390623,0.2539261411552118,0.3346982396821286
2,6,18,True,4,Mirai,5,Recon,0.15231120567258954,0.13100485934422065,0.09483282830803735
2,6,18,True,4,Mirai,6,Spoofing,0.12401887758490425,0.2049779866792328,0.17399327749416404
2,6,18,True,4,Mirai,7,Web-Based,0.17920499582959973,0.08401311321071223,0.12114464141762199
2,6,18,True,5,Recon,0,Benign,0.05083301612020543,0.18600188022971562,0.05812312447001411
2,6,18,True,5,Recon,1,BruteForce,0.07530667354561364,0.04228169744649786,0.015691333544148797
2,6,18,True,5,Recon,2,DDoS,0.10130505000144314,0.03425138870973617,0.122115431082052
2,6,18,True,5,Recon,3,DoS,0.029993688280515015,0.034018132543495595,0.022574914676715394
2,6,18,True,5,Recon,4,Mirai,0.1821832868889123,0.12592506369818263,0.3151549157088511
2,6,18,True,5,Recon,5,Recon,0.20135290163577316,0.24124076242663775,0.13887600447012433
2,6,18,True,5,Recon,6,Spoofing,0.14655815836637662,0.23460497658786464,0.17694869786890408
2,6,18,True,5,Recon,7,Web-Based,0.21246722516116068,0.10167609835786964,0.15051557817919023
2,6,18,True,6,Spoofing,0,Benign,0.053127907516892704,0.21805883495095077,0.06170834865848539
2,6,18,True,6,Spoofing,1,BruteForce,0.07448861068347691,0.03613182722788889,0.015800834351637857
2,6,18,True,6,Spoofing,2,DDoS,0.09191707728276938,0.033267939449767595,0.1232908717829644
2,6,18,True,6,Spoofing,3,DoS,0.035399758553463556,0.03856820770570822,0.04271692378464614
2,6,18,True,6,Spoofing,4,Mirai,0.17169457754918926,0.1278065445213239,0.2729913861731602
2,6,18,True,6,Spoofing,5,Recon,0.17300437629921406,0.1779808279727638,0.11501973307918247
2,6,18,True,6,Spoofing,6,Spoofing,0.17161838611695993,0.2720119885546727,0.23591856384237125
2,6,18,True,6,Spoofing,7,Web-Based,0.22874930599803422,0.09617382961692414,0.13255333832755234
2,6,18,True,7,Web-Based,0,Benign,0.05373549758962013,0.2139900455055159,0.06290869206457517
2,6,18,True,7,Web-Based,1,BruteForce,0.07453605740433843,0.03844668326002732,0.015319260554912553
2,6,18,True,7,Web-Based,2,DDoS,0.11386392316799092,0.03693408804624175,0.14188922350994165
2,6,18,True,7,Web-Based,3,DoS,0.03726819545718868,0.037008502042314304,0.02459099334319162
2,6,18,True,7,Web-Based,4,Mirai,0.1994732920710758,0.1684014311575239,0.31275061179402036
2,6,18,True,7,Web-Based,5,Recon,0.17574560501535852,0.1733432827523227,0.11708161224186986
2,6,18,True,7,Web-Based,6,Spoofing,0.14001064968006424,0.23048279599190905,0.1881912653758733
2,6,18,True,7,Web-Based,7,Web-Based,0.20536677961436334,0.10139317124414508,0.13726834111561545
2,6,19,False,0,Benign,0,Benign,0.1132108495307954,0.22143460346111604,0.08823387665806656
2,6,19,False,0,Benign,1,BruteForce,0.01244543521164257,0.03456996734187378,0.01888932090882132
2,6,19,False,0,Benign,2,DDoS,0.2070503191688601,0.062474934960410705,0.2429632693628746
2,6,19,False,0,Benign,3,DoS,0.06727506549246871,0.05203634881949379,0.08348141086570714
2,6,19,False,0,Benign,4,Mirai,0.016360941067040006,0.13591003417990047,0.019610591700312093
2,6,19,False,0,Benign,5,Recon,0.18093292384768142,0.18270599517732392,0.17813600008336025
2,6,19,False,0,Benign,6,Spoofing,0.3865384194016664,0.22330591814718087,0.3497237577388485
2,6,19,False,0,Benign,7,Web-Based,0.016186046279845396,0.0875621979127005,0.018961772682009412
2,6,19,False,1,BruteForce,0,Benign,0.12217437512591034,0.1998495183512923,0.09913790567731263
2,6,19,False,1,BruteForce,1,BruteForce,0.012724910887001359,0.044789245137245325,0.018064839186361405
2,6,19,False,1,BruteForce,2,DDoS,0.19967421196787538,0.03573748180393913,0.20349844104536582
2,6,19,False,1,BruteForce,3,DoS,0.018984525384442376,0.031815154526747554,0.02784390523462867
2,6,19,False,1,BruteForce,4,Mirai,0.017125001127296688,0.152624477266337,0.01950739318485699
2,6,19,False,1,BruteForce,5,Recon,0.18164888096680162,0.18756730793326515,0.2187069857341637
2,6,19,False,1,BruteForce,6,Spoofing,0.43113945609233123,0.24253463323495048,0.3939871007678026
2,6,19,False,1,BruteForce,7,Web-Based,0.016528638448341054,0.10508218174622305,0.019253429169508115
2,6,19,False,2,DDoS,0,Benign,0.03563361030887715,0.04644047796895547,0.03767276258733159
2,6,19,False,2,DDoS,1,BruteForce,0.008571999575568059,0.025172808563482047,0.016056824115162807
2,6,19,False,2,DDoS,2,DDoS,0.7328651280423305,0.605425279588917,0.6882905537192153
2,6,19,False,2,DDoS,3,DoS,0.03453229129003856,0.12631813516755241,0.048163516725315256
2,6,19,False,2,DDoS,4,Mirai,0.009994458018005347,0.06005792628841838,0.016534657503638764
2,6,19,False,2,DDoS,5,Recon,0.07457672367565225,0.0622953961757686,0.07958947246139361
2,6,19,False,2,DDoS,6,Spoofing,0.09719158073813251,0.04705555972943286,0.10282389900793108
2,6,19,False,2,DDoS,7,Web-Based,0.006634208351395575,0.027234416517473263,0.010868313880011578
2,6,19,False,3,DoS,0,Benign,0.013314705141689922,0.02971739862777548,0.020026217259025727
2,6,19,False,3,DoS,1,BruteForce,0.012808240895771743,0.020436265508976828,0.025034336214780212
2,6,19,False,3,DoS,2,DDoS,0.20040437499045446,0.19142517559753247,0.20879855364634697
2,6,19,False,3,DoS,3,DoS,0.6902786005145632,0.5503627154602633,0.5733914465592493
2,6,19,False,3,DoS,4,Mirai,0.007189486952633254,0.10642354154750458,0.015936369513321242
2,6,19,False,3,DoS,5,Recon,0.03198603559363753,0.03289736413390715,0.0464978550774566
2,6,19,False,3,DoS,6,Spoofing,0.03864379524007206,0.04666194291291903,0.09841889403122607
2,6,19,False,3,DoS,7,Web-Based,0.005374760671177798,0.022075596211121196,0.011896327698594002
2,6,19,False,4,Mirai,0,Benign,0.11071119637801596,0.18264390326546054,0.09167101573892925
2,6,19,False,4,Mirai,1,BruteForce,0.012925245391629562,0.037581167815045835,0.019798226119701657
2,6,19,False,4,Mirai,2,DDoS,0.2998717082178009,0.056831016327584895,0.2596567372868506
2,6,19,False,4,Mirai,3,DoS,0.05136536945885924,0.04902181220253114,0.07104045203391178
2,6,19,False,4,Mirai,4,Mirai,0.018548565748958294,0.2539261411552118,0.021280885764181936
2,6,19,False,4,Mirai,5,Recon,0.13016743974892322,0.13100485934422065,0.16300272388462222
2,6,19,False,4,Mirai,6,Spoofing,0.3618922022450939,0.2049779866792328,0.35435016413821613
2,6,19,False,4,Mirai,7,Web-Based,0.014518272810718972,0.08401311321071223,0.019199795033586476
2,6,19,False,5,Recon,0,Benign,0.11587723736688045,0.18600188022971562,0.09760074570728806
2,6,19,False,5,Recon,1,BruteForce,0.012199099859333106,0.04228169744649786,0.01785633303978797
2,6,19,False,5,Recon,2,DDoS,0.18653994770058852,0.03425138870973617,0.1952643830935358
2,6,19,False,5,Recon,3,DoS,0.022512076209878017,0.034018132543495595,0.02951280555912488
2,6,19,False,5,Recon,4,Mirai,0.015414070936713991,0.12592506369818263,0.019269203289343086
2,6,19,False,5,Recon,5,Recon,0.2667810335319094,0.24124076242663775,0.24910730652688962
2,6,19,False,5,Recon,6,Spoofing,0.36437951073715713,0.23460497658786464,0.37247809202891285
2,6,19,False,5,Recon,7,Web-Based,0.01629702365753946,0.10167609835786964,0.018911130755117668
2,6,19,False,6,Spoofing,0,Benign,0.11509949981684961,0.21805883495095077,0.09459257177217283
2,6,19,False,6,Spoofing,1,BruteForce,0.011449722674443549,0.03613182722788889,0.018608910498152272
2,6,19,False,6,Spoofing,2,DDoS,0.15522382299710882,0.033267939449767595,0.18479530680509787
2,6,19,False,6,Spoofing,3,DoS,0.043993258723252146,0.03856820770570822,0.06258030746707754
2,6,19,False,6,Spoofing,4,Mirai,0.015455211488930249,0.1278065445213239,0.01943747529338753
2,6,19,False,6,Spoofing,5,Recon,0.20417791879865282,0.1779808279727638,0.19519971533553404
2,6,19,False,6,Spoofing,6,Spoofing,0.43837801882653565,0.2720119885546727,0.405441605634872
2,6,19,False,6,Spoofing,7,Web-Based,0.016222546674227144,0.09617382961692414,0.01934410719370588
2,6,19,False,7,Web-Based,0,Benign,0.12605554319569465,0.2139900455055159,0.1007990821887821
2,6,19,False,7,Web-Based,1,BruteForce,0.011918470330399755,0.03844668326002732,0.018501421292924862
2,6,19,False,7,Web-Based,2,DDoS,0.22486603803040683,0.03693408804624175,0.2250672477616476
2,6,19,False,7,Web-Based,3,DoS,0.021200953428289926,0.037008502042314304,0.03364515979787337
2,6,19,False,7,Web-Based,4,Mirai,0.01747002752991784,0.1684014311575239,0.019942477727555873
2,6,19,False,7,Web-Based,5,Recon,0.1844338238643715,0.1733432827523227,0.2106561159097662
2,6,19,False,7,Web-Based,6,Spoofing,0.39729645830046106,0.23048279599190905,0.37142243101012146
2,6,19,False,7,Web-Based,7,Web-Based,0.016758685320458395,0.10139317124414508,0.01996606431132858
3,7,0,False,0,Benign,0,Benign,0.28356970200218606,0.22261518382866308,0.26278178160925625
3,7,0,False,0,Benign,1,BruteForce,0.06487484728061305,0.03241710177318451,0.05988172549568824
3,7,0,False,0,Benign,2,DDoS,0.008858960050686109,0.05890334073112034,0.017071578120114936
3,7,0,False,0,Benign,3,DoS,0.14848583295245013,0.04419555666589006,0.1844970353632558
3,7,0,False,0,Benign,4,Mirai,0.29134636957259646,0.12457945180046238,0.2918442271356306
3,7,0,False,0,Benign,5,Recon,0.1615044455006083,0.17741827396826093,0.14228985307871034
3,7,0,False,0,Benign,6,Spoofing,0.021493084065679253,0.23643984503481139,0.020855983251581833
3,7,0,False,0,Benign,7,Web-Based,0.019866758575180603,0.10343124619760734,0.020777815945762
3,7,0,False,1,BruteForce,0,Benign,0.23209855189070341,0.20800366734177544,0.2656430290659468
3,7,0,False,1,BruteForce,1,BruteForce,0.13263307925146894,0.04626471034751587,0.08753372719811156
3,7,0,False,1,BruteForce,2,DDoS,0.010688787616439717,0.03290895325470053,0.012764178493417473
3,7,0,False,1,BruteForce,3,DoS,0.08777908472361307,0.031571437524198276,0.07678476689708104
3,7,0,False,1,BruteForce,4,Mirai,0.36322140785131735,0.14521479365977635,0.3325634123379524
3,7,0,False,1,BruteForce,5,Recon,0.12209508674572671,0.1581883730827726,0.17508103946245743
3,7,0,False,1,BruteForce,6,Spoofing,0.02181583789042266,0.23900025169335987,0.022715882767572422
3,7,0,False,1,BruteForce,7,Web-Based,0.029668164030308055,0.13884781309590108,0.026913963777460977
3,7,0,False,2,DDoS,0,Benign,0.0671195279989982,0.04583852342739396,0.10478185413533818
3,7,0,False,2,DDoS,1,BruteForce,0.026536470578392264,0.021329478837110522,0.03363773507810239
3,7,0,False,2,DDoS,2,DDoS,0.5301378786304496,0.6152592214266015,0.4555644832146435
3,7,0,False,2,DDoS,3,DoS,0.16150645526671323,0.12385374172603017,0.16267828503382503
3,7,0,False,2,DDoS,4,Mirai,0.13875973019977975,0.05178539079059444,0.13805545173557351
3,7,0,False,2,DDoS,5,Recon,0.05697327587613514,0.060737426473450366,0.07114814746332884
3,7,0,False,2,DDoS,6,Spoofing,0.009170492860960678,0.05053306431512086,0.014144695575032938
3,7,0,False,2,DDoS,7,Web-Based,0.009796168588571099,0.030663153003698335,0.019989347764155587
3,7,0,False,3,DoS,0,Benign,0.0203068248187218,0.026214342877584496,0.031183219318431078
3,7,0,False,3,DoS,1,BruteForce,0.01418430262782309,0.016641664616914794,0.016828722475000998
3,7,0,False,3,DoS,2,DDoS,0.018903971564543855,0.18303726847770985,0.02177625241987036
3,7,0,False,3,DoS,3,DoS,0.8972637733678394,0.556994901876168,0.8446218761534362
3,7,0,False,3,DoS,4,Mirai,0.02317149668040291,0.11890215962386048,0.0431461770917808
3,7,0,False,3,DoS,5,Recon,0.016793721164253348,0.02970309175701115,0.026358258254224377
3,7,0,False,3,DoS,6,Spoofing,0.005142980717495221,0.049837214938954766,0.00856158772017071
3,7,0,False,3,DoS,7,Web-Based,0.004232929058920528,0.01866935583179649,0.007523906567085566
3,7,0,False,4,Mirai,0,Benign,0.2047051874983254,0.1819722540883641,0.25716740971373475
3,7,0,False,4,Mirai,1,BruteForce,0.061386998157018584,0.03471026696913037,0.06214343396007815
3,7,0,False,4,Mirai,2,DDoS,0.010748216265244994,0.05535088618412041,0.01386823720359379
3,7,0,False,4,Mirai,3,DoS,0.10044361280838085,0.048444833433732654,0.149772069756984
3,7,0,False,4,Mirai,4,Mirai,0.5060149875304761,0.23359428859340883,0.3716587945662579
3,7,0,False,4,Mirai,5,Recon,0.08007124953764538,0.11687177310783527,0.10328053476161966
3,7,0,False,4,Mirai,6,Spoofing,0.020162955294621296,0.23551406573403758,0.02136984537726492
3,7,0,False,4,Mirai,7,Web-Based,0.01646679290828738,0.09354163188937091,0.020739674660466896
3,7,0,False,5,Recon,0,Benign,0.21845844492127042,0.19299569169265546,0.24724985801781527
3,7,0,False,5,Recon,1,BruteForce,0.11642672625069454,0.041440762778716875,0.0851020256366411
3,7,0,False,5,Recon,2,DDoS,0.009894334321809225,0.03022876686587408,0.012058303129683059
3,7,0,False,5,Recon,3,DoS,0.11172445561294451,0.031536221572529506,0.0998195894281689
3,7,0,False,5,Recon,4,Mirai,0.3018821150221496,0.11800632712311934,0.3057203541264973
3,7,0,False,5,Recon,5,Recon,0.18975758362051354,0.22577406879376435,0.20288978965026663
3,7,0,False,5,Recon,6,Spoofing,0.021270384164145534,0.2198173795931057,0.021513182207612613
3,7,0,False,5,Recon,7,Web-Based,0.03058595608647251,0.14020078158023463,0.025646897803315197
3,7,0,False,6,Spoofing,0,Benign,0.2549879125752979,0.21520245372852803,0.27290338038420653
3,7,0,False,6,Spoofing,1,BruteForce,0.07937204898436596,0.03456979566027099,0.06470870055203756
3,7,0,False,6,Spoofing,2,DDoS,0.008556848795921085,0.03001592814132998,0.012183481902706246
3,7,0,False,6,Spoofing,3,DoS,0.1115249569260421,0.03361015813484636,0.14846015901941642
3,7,0,False,6,Spoofing,4,Mirai,0.3131337710214143,0.12200131762487045,0.2955883962719409
3,7,0,False,6,Spoofing,5,Recon,0.18046760915942542,0.18315677514336526,0.16073231861293877
3,7,0,False,6,Spoofing,6,Spoofing,0.026605118569907122,0.26525392405355325,0.022702443629196753
3,7,0,False,6,Spoofing,7,Web-Based,0.025351733967626095,0.11618964751323564,0.02272111962755682
3,7,0,False,7,Web-Based,0,Benign,0.2469026069559135,0.22421447464655453,0.2828623583119801
3,7,0,False,7,Web-Based,1,BruteForce,0.06818919028853422,0.03607628655456499,0.06785994904824477
3,7,0,False,7,Web-Based,2,DDoS,0.011032484466903967,0.03385107705107243,0.014249287961015595
3,7,0,False,7,Web-Based,3,DoS,0.08911158848328372,0.034939646449154066,0.10621673236144319
3,7,0,False,7,Web-Based,4,Mirai,0.42100847983950307,0.15271378618271197,0.34482029681020887
3,7,0,False,7,Web-Based,5,Recon,0.11964785376299734,0.1622656631486287,0.13843233178161277
3,7,0,False,7,Web-Based,6,Spoofing,0.023017590706895855,0.24006700136891582,0.022295377231029485
3,7,0,False,7,Web-Based,7,Web-Based,0.021090205495968323,0.11587206459839754,0.023263666494465214
3,7,1,True,0,Benign,0,Benign,0.01175301805862066,0.22261518382866308,0.013568399554844724
3,7,1,True,0,Benign,1,BruteForce,0.008228172269822913,0.03241710177318451,0.008605934639372665
3,7,1,True,0,Benign,2,DDoS,0.05132391437325257,0.05890334073112034,0.07444771125811747
3,7,1,True,0,Benign,3,DoS,0.025384139992568406,0.04419555666589006,0.018250106949369942
3,7,1,True,0,Benign,4,Mirai,0.06312536763096337,0.12457945180046238,0.10807574100270502
3,7,1,True,0,Benign,5,Recon,0.20379478259445602,0.17741827396826093,0.2907260211972004
3,7,1,True,0,Benign,6,Spoofing,0.3322080109326432,0.23643984503481139,0.47608512375763967
3,7,1,True,0,Benign,7,Web-Based,0.30418259414767274,0.10343124619760734,0.010240961640750088
3,7,1,True,1,BruteForce,0,Benign,0.01103399256080019,0.20800366734177544,0.012838263384921755
3,7,1,True,1,BruteForce,1,BruteForce,0.00863021805326416,0.04626471034751587,0.008322975190072216
3,7,1,True,1,BruteForce,2,DDoS,0.027450113433036393,0.03290895325470053,0.0486947483017159
3,7,1,True,1,BruteForce,3,DoS,0.014152520975840311,0.031571437524198276,0.011921294151150431
3,7,1,True,1,BruteForce,4,Mirai,0.06433308244605174,0.14521479365977635,0.1105990736221884
3,7,1,True,1,BruteForce,5,Recon,0.21127612350015043,0.1581883730827726,0.29782863486713473
3,7,1,True,1,BruteForce,6,Spoofing,0.3493749702692122,0.23900025169335987,0.5004098369481974
3,7,1,True,1,BruteForce,7,Web-Based,0.3137489787616446,0.13884781309590108,0.00938517353461923
3,7,1,True,2,DDoS,0,Benign,0.007821891193107725,0.04583852342739396,0.010789170177697706
3,7,1,True,2,DDoS,1,BruteForce,0.00971325661103267,0.021329478837110522,0.008010163860307824
3,7,1,True,2,DDoS,2,DDoS,0.5136777515934755,0.6152592214266015,0.6681850151860528
3,7,1,True,2,DDoS,3,DoS,0.15601117564211545,0.12385374172603017,0.02380207038049753
3,7,1,True,2,DDoS,4,Mirai,0.03412542893529132,0.05178539079059444,0.04539266732934675
3,7,1,True,2,DDoS,5,Recon,0.08757034778848234,0.060737426473450366,0.10933311795857123
3,7,1,True,2,DDoS,6,Spoofing,0.10181964691567857,0.05053306431512086,0.12801525908105618
3,7,1,True,2,DDoS,7,Web-Based,0.08926050132081642,0.030663153003698335,0.006472536026470069
3,7,1,True,3,DoS,0,Benign,0.007862783305969626,0.026214342877584496,0.010252218338446022
3,7,1,True,3,DoS,1,BruteForce,0.008645505613544867,0.016641664616914794,0.015216404503898918
3,7,1,True,3,DoS,2,DDoS,0.15812932298540053,0.18303726847770985,0.17155529533872457
3,7,1,True,3,DoS,3,DoS,0.48734626718430823,0.556994901876168,0.5166624340617575
3,7,1,True,3,DoS,4,Mirai,0.13078814909752037,0.11890215962386048,0.050020635236841596
3,7,1,True,3,DoS,5,Recon,0.04391886892441166,0.02970309175701115,0.05898538021733843
3,7,1,True,3,DoS,6,Spoofing,0.0803113092038467,0.049837214938954766,0.16568625965394038
3,7,1,True,3,DoS,7,Web-Based,0.08299779368499799,0.01866935583179649,0.011621372649052655
3,7,1,True,4,Mirai,0,Benign,0.01128108182871896,0.1819722540883641,0.014618137705013036
3,7,1,True,4,Mirai,1,BruteForce,0.008550380607053916,0.03471026696913037,0.009102412497405885
3,7,1,True,4,Mirai,2,DDoS,0.04828585303101814,0.05535088618412041,0.08760477884375821
3,7,1,True,4,Mirai,3,DoS,0.02728234250721753,0.048444833433732654,0.02267124101393727
3,7,1,True,4,Mirai,4,Mirai,0.0975073948276377,0.23359428859340883,0.15230992245626365
3,7,1,True,4,Mirai,5,Recon,0.1657391631030178,0.11687177310783527,0.21313913990613298
3,7,1,True,4,Mirai,6,Spoofing,0.31714119503684784,0.23551406573403758,0.4892664164272418
3,7,1,True,4,Mirai,7,Web-Based,0.3242125890584881,0.09354163188937091,0.011287951150247227
3,7,1,True,5,Recon,0,Benign,0.010755813429015352,0.19299569169265546,0.011824808752694154
3,7,1,True,5,Recon,1,BruteForce,0.008104425094120618,0.041440762778716875,0.007794146199475564
3,7,1,True,5,Recon,2,DDoS,0.02557174017983975,0.03022876686587408,0.043844228754022566
3,7,1,True,5,Recon,3,DoS,0.012740765032870013,0.031536221572529506,0.011222183207049409
3,7,1,True,5,Recon,4,Mirai,0.06019199710546416,0.11800632712311934,0.10642451725044536
3,7,1,True,5,Recon,5,Recon,0.28963537857292715,0.22577406879376435,0.38581164237960236
3,7,1,True,5,Recon,6,Spoofing,0.33017461018479816,0.2198173795931057,0.42455073847402264
3,7,1,True,5,Recon,7,Web-Based,0.26282527040096487,0.14020078158023463,0.00852773498268801
3,7,1,True,6,Spoofing,0,Benign,0.01154190852974048,0.21520245372852803,0.012756547625364765
3,7,1,True,6,Spoofing,1,BruteForce,0.008041163182716086,0.03456979566027099,0.00793767673279992
3,7,1,True,6,Spoofing,2,DDoS,0.023535427251733933,0.03001592814132998,0.04094354636442861
3,7,1,True,6,Spoofing,3,DoS,0.01352163741484336,0.03361015813484636,0.013276564153364187
3,7,1,True,6,Spoofing,4,Mirai,0.05968616892334775,0.12200131762487045,0.10214290260601923
3,7,1,True,6,Spoofing,5,Recon,0.21761153857342183,0.18315677514336526,0.30987281749361173
3,7,1,True,6,Spoofing,6,Spoofing,0.3569504702029544,0.26525392405355325,0.5035233321847596
3,7,1,True,6,Spoofing,7,Web-Based,0.30911168592124205,0.11618964751323564,0.009546612839651922
3,7,1,True,7,Web-Based,0,Benign,0.011502565804107018,0.22421447464655453,0.013734158361343934
3,7,1,True,7,Web-Based,1,BruteForce,0.008289814339226638,0.03607628655456499,0.008298821415736183
3,7,1,True,7,Web-Based,2,DDoS,0.029267736710189746,0.03385107705107243,0.05452670758696665
3,7,1,True,7,Web-Based,3,DoS,0.015301787224830941,0.034939646449154066,0.012572142659275492
3,7,1,True,7,Web-Based,4,Mirai,0.07165655199822926,0.15271378618271197,0.12680239855305564
3,7,1,True,7,Web-Based,5,Recon,0.21189026600270217,0.1622656631486287,0.29510931665947837
3,7,1,True,7,Web-Based,6,Spoofing,0.34551744193371337,0.24006700136891582,0.47882548768979566
3,7,1,True,7,Web-Based,7,Web-Based,0.30657383598700083,0.11587206459839754,0.010130967074348123
3,7,2,False,0,Benign,0,Benign,0.17857013181324655,0.22261518382866308,0.15516749217397513
3,7,2,False,0,Benign,1,BruteForce,0.019531908993878324,0.03241710177318451,0.02020697169099876
3,7,2,False,0,Benign,2,DDoS,0.015618707582313077,0.05890334073112034,0.02483690992421998
3,7,2,False,0,Benign,3,DoS,0.009143466165402212,0.04419555666589006,0.021903132373728325
3,7,2,False,0,Benign,4,Mirai,0.34660323563875384,0.12457945180046238,0.3359140225651714
3,7,2,False,0,Benign,5,Recon,0.37870631461324794,0.17741827396826093,0.38273503638041545
3,7,2,False,0,Benign,6,Spoofing,0.02889063183200064,0.23643984503481139,0.03607525256740638
3,7,2,False,0,Benign,7,Web-Based,0.022935603361157325,0.10343124619760734,0.02316118232408474
3,7,2,False,1,BruteForce,0,Benign,0.15425203188631617,0.20800366734177544,0.1467095370191094
3,7,2,False,1,BruteForce,1,BruteForce,0.02725662045066424,0.04626471034751587,0.022985457984859892
3,7,2,False,1,BruteForce,2,DDoS,0.012882443658691203,0.03290895325470053,0.017791320728001596
3,7,2,False,1,BruteForce,3,DoS,0.007003996546679889,0.031571437524198276,0.01686477535592938
3,7,2,False,1,BruteForce,4,Mirai,0.37104877935457964,0.14521479365977635,0.34946964266103686
3,7,2,False,1,BruteForce,5,Recon,0.36544098512656553,0.1581883730827726,0.38500319043422254
3,7,2,False,1,BruteForce,6,Spoofing,0.02973943427628795,0.23900025169335987,0.03336265034182514
3,7,2,False,1,BruteForce,7,Web-Based,0.0323757087002154,0.13884781309590108,0.027813425475015124
3,7,2,False,2,DDoS,0,Benign,0.05025069977924454,0.04583852342739396,0.09243642996206623
3,7,2,False,2,DDoS,1,BruteForce,0.012400748499956623,0.021329478837110522,0.024709175856203476
3,7,2,False,2,DDoS,2,DDoS,0.6006760104624934,0.6152592214266015,0.45204813066914906
3,7,2,False,2,DDoS,3,DoS,0.022888681132992403,0.12385374172603017,0.02210006079565015
3,7,2,False,2,DDoS,4,Mirai,0.16902540427804436,0.05178539079059444,0.18417335762347684
3,7,2,False,2,DDoS,5,Recon,0.12286190006577508,0.060737426473450366,0.17897191068459242
3,7,2,False,2,DDoS,6,Spoofing,0.01093300245577833,0.05053306431512086,0.02380177489314433
3,7,2,False,2,DDoS,7,Web-Based,0.01096355332571531,0.030663153003698335,0.021759159515717497
3,7,2,False,3,DoS,0,Benign,0.03240799519738114,0.026214342877584496,0.07423245721019542
3,7,2,False,3,DoS,1,BruteForce,0.014337742186904973,0.016641664616914794,0.030443967390512406
3,7,2,False,3,DoS,2,DDoS,0.18312187625927046,0.18303726847770985,0.12209621095118063
3,7,2,False,3,DoS,3,DoS,0.4076099487317824,0.556994901876168,0.2235281468682234
3,7,2,False,3,DoS,4,Mirai,0.24244799169045975,0.11890215962386048,0.24700607328376994
3,7,2,False,3,DoS,5,Recon,0.09072305445463587,0.02970309175701115,0.24790555799165553
3,7,2,False,3,DoS,6,Spoofing,0.015264779033196505,0.049837214938954766,0.029631423152986853
3,7,2,False,3,DoS,7,Web-Based,0.01408661244636883,0.01866935583179649,0.025156163151475817
3,7,2,False,4,Mirai,0,Benign,0.12380994765804933,0.1819722540883641,0.1493377915779523
3,7,2,False,4,Mirai,1,BruteForce,0.016607432368654515,0.03471026696913037,0.01927501948970061
3,7,2,False,4,Mirai,2,DDoS,0.01720437271652871,0.05535088618412041,0.02255940543558527
3,7,2,False,4,Mirai,3,DoS,0.007890722884638409,0.048444833433732654,0.020264412532864148
3,7,2,False,4,Mirai,4,Mirai,0.5630653698478124,0.23359428859340883,0.41690692612713565
3,7,2,False,4,Mirai,5,Recon,0.22912025714496972,0.11687177310783527,0.3150578115032778
3,7,2,False,4,Mirai,6,Spoofing,0.023228585270836807,0.23551406573403758,0.03463700112605171
3,7,2,False,4,Mirai,7,Web-Based,0.0190733121085102,0.09354163188937091,0.021961632207432438
3,7,2,False,5,Recon,0,Benign,0.13980703610639253,0.19299569169265546,0.13991036853333705
3,7,2,False,5,Recon,1,BruteForce,0.02520498573650275,0.041440762778716875,0.022959709159566802
3,7,2,False,5,Recon,2,DDoS,0.011716957877728244,0.03022876686587408,0.01759819314837628
3,7,2,False,5,Recon,3,DoS,0.006959481274389899,0.031536221572529506,0.016998861128553096
3,7,2,False,5,Recon,4,Mirai,0.32094620639624893,0.11800632712311934,0.3418745355520832
3,7,2,False,5,Recon,5,Recon,0.4370601269046392,0.22577406879376435,0.40087168660804506
3,7,2,False,5,Recon,6,Spoofing,0.028772926629487914,0.2198173795931057,0.032696458412240906
3,7,2,False,5,Recon,7,Web-Based,0.0295322790746104,0.14020078158023463,0.027090187457797683
3,7,2,False,6,Spoofing,0,Benign,0.15948944762616138,0.21520245372852803,0.14999845851380175
3,7,2,False,6,Spoofing,1,BruteForce,0.021646700812534152,0.03456979566027099,0.020894841280412003
3,7,2,False,6,Spoofing,2,DDoS,0.011080396936632481,0.03001592814132998,0.01908801949955038
3,7,2,False,6,Spoofing,3,DoS,0.00746566790042428,0.03361015813484636,0.01990548896326303
3,7,2,False,6,Spoofing,4,Mirai,0.31445475422145563,0.12200131762487045,0.31733955553989673
3,7,2,False,6,Spoofing,5,Recon,0.42711583545634496,0.18315677514336526,0.4104761713150622
3,7,2,False,6,Spoofing,6,Spoofing,0.03155573103984382,0.26525392405355325,0.03817166657681523
3,7,2,False,6,Spoofing,7,Web-Based,0.027191466006603337,0.11618964751323564,0.024125798311198696
3,7,2,False,7,Web-Based,0,Benign,0.1516069210529591,0.22421447464655453,0.15534963756362322
3,7,2,False,7,Web-Based,1,BruteForce,0.019795998912266733,0.03607628655456499,0.01998890373401627
3,7,2,False,7,Web-Based,2,DDoS,0.012799725999560503,0.03385107705107243,0.019995455457424424
3,7,2,False,7,Web-Based,3,DoS,0.0073524610719536455,0.034939646449154066,0.017779293256949942
3,7,2,False,7,Web-Based,4,Mirai,0.41844935249097853,0.15271378618271197,0.3703569074777412
3,7,2,False,7,Web-Based,5,Recon,0.3371873500445621,0.1622656631486287,0.3576040454011711
3,7,2,False,7,Web-Based,6,Spoofing,0.027739050121356662,0.24006700136891582,0.03456511848490651
3,7,2,False,7,Web-Based,7,Web-Based,0.025069140306362786,0.11587206459839754,0.024360638624167468
3,7,3,False,0,Benign,0,Benign,0.1513998675510543,0.22261518382866308,0.11885254276976849
3,7,3,False,0,Benign,1,BruteForce,0.38421225528440023,0.03241710177318451,0.34183347738017056
3,7,3,False,0,Benign,2,DDoS,0.09075263888457769,0.05890334073112034,0.12378352278465309
3,7,3,False,0,Benign,3,DoS,0.0267674175846719,0.04419555666589006,0.044653900704609784
3,7,3,False,0,Benign,4,Mirai,0.18634636292619658,0.12457945180046238,0.22325900240316113
3,7,3,False,0,Benign,5,Recon,0.10065732242100776,0.17741827396826093,0.09131375981835803
3,7,3,False,0,Benign,6,Spoofing,0.022242748186890482,0.23643984503481139,0.02743729080595953
3,7,3,False,0,Benign,7,Web-Based,0.03762138716120107,0.10343124619760734,0.02886650333331943
3,7,3,False,1,BruteForce,0,Benign,0.10163675472307916,0.20800366734177544,0.10422845740096678
3,7,3,False,1,BruteForce,1,BruteForce,0.5245001493479049,0.04626471034751587,0.4420364598311267
3,7,3,False,1,BruteForce,2,DDoS,0.057589745948603395,0.03290895325470053,0.06434640405943129
3,7,3,False,1,BruteForce,3,DoS,0.02614399005604219,0.031571437524198276,0.04339879802482092
3,7,3,False,1,BruteForce,4,Mirai,0.15560528142645788,0.14521479365977635,0.20464662397004163
3,7,3,False,1,BruteForce,5,Recon,0.06732266113544032,0.1581883730827726,0.08160172798012294
3,7,3,False,1,BruteForce,6,Spoofing,0.02261089187140316,0.23900025169335987,0.028321106426362385
3,7,3,False,1,BruteForce,7,Web-Based,0.04459052549106908,0.13884781309590108,0.03142042230712738
3,7,3,False,2,DDoS,0,Benign,0.04179992957228088,0.04583852342739396,0.05418656669811476
3,7,3,False,2,DDoS,1,BruteForce,0.1179249773254107,0.021329478837110522,0.13362710600047714
3,7,3,False,2,DDoS,2,DDoS,0.6566163845743518,0.6152592214266015,0.6084341304810735
3,7,3,False,2,DDoS,3,DoS,0.02481525912523268,0.12385374172603017,0.029694312183729966
3,7,3,False,2,DDoS,4,Mirai,0.07441223030459582,0.05178539079059444,0.0876212099996208
3,7,3,False,2,DDoS,5,Recon,0.060428494962871115,0.060737426473450366,0.05046877631761053
3,7,3,False,2,DDoS,6,Spoofing,0.009673392638502625,0.05053306431512086,0.016799953749613523
3,7,3,False,2,DDoS,7,Web-Based,0.014329331496754428,0.030663153003698335,0.01916794456975978
3,7,3,False,3,DoS,0,Benign,0.022978480916705252,0.026214342877584496,0.049824806740559134
3,7,3,False,3,DoS,1,BruteForce,0.0911528215094174,0.016641664616914794,0.15871638978004346
3,7,3,False,3,DoS,2,DDoS,0.25908198079344,0.18303726847770985,0.2739374321325671
3,7,3,False,3,DoS,3,DoS,0.4878243836220446,0.556994901876168,0.2839548812108047
3,7,3,False,3,DoS,4,Mirai,0.0894560426701937,0.11890215962386048,0.14274198998363813
3,7,3,False,3,DoS,5,Recon,0.024175069701219225,0.02970309175701115,0.046865274202214556
3,7,3,False,3,DoS,6,Spoofing,0.011572515457139979,0.049837214938954766,0.018854402550887935
3,7,3,False,3,DoS,7,Web-Based,0.01375870532983973,0.01866935583179649,0.02510482339928486
3,7,3,False,4,Mirai,0,Benign,0.09939876894531721,0.1819722540883641,0.10394801873029945
3,7,3,False,4,Mirai,1,BruteForce,0.39645893575311325,0.03471026696913037,0.3662581022185664
3,7,3,False,4,Mirai,2,DDoS,0.09036340178247852,0.05535088618412041,0.10740728079125414
3,7,3,False,4,Mirai,3,DoS,0.025963486455992495,0.048444833433732654,0.04208730839404158
3,7,3,False,4,Mirai,4,Mirai,0.26965570899034585,0.23359428859340883,0.25034116343665686
3,7,3,False,4,Mirai,5,Recon,0.0617905546821085,0.11687177310783527,0.07377720890383144
3,7,3,False,4,Mirai,6,Spoofing,0.021061045112292325,0.23551406573403758,0.027117561978776256
3,7,3,False,4,Mirai,7,Web-Based,0.03530809827835174,0.09354163188937091,0.029063355546573952
3,7,3,False,5,Recon,0,Benign,0.09666830630086462,0.19299569169265546,0.09756590563366478
3,7,3,False,5,Recon,1,BruteForce,0.5172536761383737,0.041440762778716875,0.4393565922828682
3,7,3,False,5,Recon,2,DDoS,0.055860686011415465,0.03022876686587408,0.06267543526401637
3,7,3,False,5,Recon,3,DoS,0.02647746205514295,0.031536221572529506,0.04463156907363983
3,7,3,False,5,Recon,4,Mirai,0.14348718576325536,0.11800632712311934,0.20565759171174258
3,7,3,False,5,Recon,5,Recon,0.09524068883408379,0.22577406879376435,0.0917340051966015
3,7,3,False,5,Recon,6,Spoofing,0.021539940683900586,0.2198173795931057,0.02682067240807345
3,7,3,False,5,Recon,7,Web-Based,0.04347205421296366,0.14020078158023463,0.03155822842939329
3,7,3,False,6,Spoofing,0,Benign,0.14385709536232294,0.21520245372852803,0.12262083379026725
3,7,3,False,6,Spoofing,1,BruteForce,0.42512395852672885,0.03456979566027099,0.3671513011785513
3,7,3,False,6,Spoofing,2,DDoS,0.048432344883280305,0.03001592814132998,0.07061394487219584
3,7,3,False,6,Spoofing,3,DoS,0.02308965245250965,0.03361015813484636,0.04085530223639366
3,7,3,False,6,Spoofing,4,Mirai,0.18116344967694298,0.12200131762487045,0.2393203767527391
3,7,3,False,6,Spoofing,5,Recon,0.10883888825543324,0.18315677514336526,0.09944266369448852
3,7,3,False,6,Spoofing,6,Spoofing,0.024647930320374007,0.26525392405355325,0.030191004562158057
3,7,3,False,6,Spoofing,7,Web-Based,0.04484668052240813,0.11618964751323564,0.029804572913206245
3,7,3,False,7,Web-Based,0,Benign,0.1330550285632378,0.22421447464655453,0.12166781308232819
3,7,3,False,7,Web-Based,1,BruteForce,0.4273508042333749,0.03607628655456499,0.381819740473302
3,7,3,False,7,Web-Based,2,DDoS,0.060149499275722336,0.03385107705107243,0.08681887661962281
3,7,3,False,7,Web-Based,3,DoS,0.024656470906543906,0.034939646449154066,0.03828257697757771
3,7,3,False,7,Web-Based,4,Mirai,0.19601866270438909,0.15271378618271197,0.22489869579251326
3,7,3,False,7,Web-Based,5,Recon,0.09383732152266472,0.1622656631486287,0.08862106663524917
3,7,3,False,7,Web-Based,6,Spoofing,0.02315287706734098,0.24006700136891582,0.027871303862086062
3,7,3,False,7,Web-Based,7,Web-Based,0.041779335726726326,0.11587206459839754,0.030019926557320668
3,7,4,False,0,Benign,0,Benign,0.5372685544029331,0.22261518382866308,0.5079957351917117
3,7,4,False,0,Benign,1,BruteForce,0.01625984061996085,0.03241710177318451,0.01748946183137613
3,7,4,False,0,Benign,2,DDoS,0.013146756080098876,0.05890334073112034,0.021068978105766273
3,7,4,False,0,Benign,3,DoS,0.04455178819155963,0.04419555666589006,0.11805400248392045
3,7,4,False,0,Benign,4,Mirai,0.05833024147356761,0.12457945180046238,0.051857750097300044
3,7,4,False,0,Benign,5,Recon,0.04497895985100404,0.17741827396826093,0.044870356461185056
3,7,4,False,0,Benign,6,Spoofing,0.15487556276833206,0.23643984503481139,0.12974401873056032
3,7,4,False,0,Benign,7,Web-Based,0.1305882966125439,0.10343124619760734,0.10891969709817997
3,7,4,False,1,BruteForce,0,Benign,0.5022371257483179,0.20800366734177544,0.5389955761261209
3,7,4,False,1,BruteForce,1,BruteForce,0.019765150436054407,0.04626471034751587,0.017308943523206857
3,7,4,False,1,BruteForce,2,DDoS,0.012774656041704196,0.03290895325470053,0.019094587480338956
3,7,4,False,1,BruteForce,3,DoS,0.024403365266163043,0.031571437524198276,0.046011712086405
3,7,4,False,1,BruteForce,4,Mirai,0.06392586496835001,0.14521479365977635,0.05660047445349295
3,7,4,False,1,BruteForce,5,Recon,0.043513858551014396,0.1581883730827726,0.04878325819914148
3,7,4,False,1,BruteForce,6,Spoofing,0.1603933847499677,0.23900025169335987,0.13701215473952064
3,7,4,False,1,BruteForce,7,Web-Based,0.17298659423842835,0.13884781309590108,0.13619329339177316
3,7,4,False,2,DDoS,0,Benign,0.15505328096480422,0.04583852342739396,0.24393959575792235
3,7,4,False,2,DDoS,1,BruteForce,0.016234925051712583,0.021329478837110522,0.022141041236417712
3,7,4,False,2,DDoS,2,DDoS,0.5634212222035322,0.6152592214266015,0.4235565978710404
3,7,4,False,2,DDoS,3,DoS,0.09692782333434796,0.12385374172603017,0.10550288890410102
3,7,4,False,2,DDoS,4,Mirai,0.03236670707541653,0.05178539079059444,0.038561222616288644
3,7,4,False,2,DDoS,5,Recon,0.023670791886043197,0.060737426473450366,0.031050563041224537
3,7,4,False,2,DDoS,6,Spoofing,0.05609302439609798,0.05053306431512086,0.06882433656623298
3,7,4,False,2,DDoS,7,Web-Based,0.056232225088045415,0.030663153003698335,0.06642375400677236
3,7,4,False,3,DoS,0,Benign,0.054325269310679734,0.026214342877584496,0.07787514820812906
3,7,4,False,3,DoS,1,BruteForce,0.008435023479989695,0.016641664616914794,0.018979474854902208
3,7,4,False,3,DoS,2,DDoS,0.026730308198660093,0.18303726847770985,0.028906935572254794
3,7,4,False,3,DoS,3,DoS,0.8393510864783716,0.556994901876168,0.7484607123074821
3,7,4,False,3,DoS,4,Mirai,0.014142458093811199,0.11890215962386048,0.023447361734180414
3,7,4,False,3,DoS,5,Recon,0.008462472105847689,0.02970309175701115,0.01725485135104091
3,7,4,False,3,DoS,6,Spoofing,0.030355334617269265,0.049837214938954766,0.04805986709779222
3,7,4,False,3,DoS,7,Web-Based,0.01819804771537083,0.01866935583179649,0.03701564887421835
3,7,4,False,4,Mirai,0,Benign,0.49694967708293425,0.1819722540883641,0.4965879247066158
3,7,4,False,4,Mirai,1,BruteForce,0.017468069366331235,0.03471026696913037,0.01775053418160157
3,7,4,False,4,Mirai,2,DDoS,0.013771557824700333,0.05535088618412041,0.01977268644247351
3,7,4,False,4,Mirai,3,DoS,0.06118417972650289,0.048444833433732654,0.12263830614322681
3,7,4,False,4,Mirai,4,Mirai,0.09144933307227715,0.23359428859340883,0.05638430205370269
3,7,4,False,4,Mirai,5,Recon,0.03557815984910425,0.11687177310783527,0.04138758345937428
3,7,4,False,4,Mirai,6,Spoofing,0.1542638978871501,0.23551406573403758,0.1311358886537027
3,7,4,False,4,Mirai,7,Web-Based,0.12933512519099974,0.09354163188937091,0.11434277435930258
3,7,4,False,5,Recon,0,Benign,0.49522748553835605,0.19299569169265546,0.5312455447983859
3,7,4,False,5,Recon,1,BruteForce,0.01976189076108408,0.041440762778716875,0.0175746854967464
3,7,4,False,5,Recon,2,DDoS,0.012696683064030469,0.03022876686587408,0.019201740904951983
3,7,4,False,5,Recon,3,DoS,0.025482604895894826,0.031536221572529506,0.051801502990743445
3,7,4,False,5,Recon,4,Mirai,0.056388158073473034,0.11800632712311934,0.05578130400813185
3,7,4,False,5,Recon,5,Recon,0.06287680747247158,0.22577406879376435,0.0544097450669764
3,7,4,False,5,Recon,6,Spoofing,0.14679858579054306,0.2198173795931057,0.13279172107750647
3,7,4,False,5,Recon,7,Web-Based,0.18076778440414687,0.14020078158023463,0.13719375565655736
3,7,4,False,6,Spoofing,0,Benign,0.5216284468403524,0.21520245372852803,0.5367291950120796
3,7,4,False,6,Spoofing,1,BruteForce,0.016720237394718878,0.03456979566027099,0.017387891299526708
3,7,4,False,6,Spoofing,2,DDoS,0.012028283670669698,0.03001592814132998,0.019919672538647067
3,7,4,False,6,Spoofing,3,DoS,0.023763209931726974,0.03361015813484636,0.07140899313666473
3,7,4,False,6,Spoofing,4,Mirai,0.056296008137950417,0.12200131762487045,0.05230154226277583
3,7,4,False,6,Spoofing,5,Recon,0.04504838182134671,0.18315677514336526,0.04718666696582754
3,7,4,False,6,Spoofing,6,Spoofing,0.1823755468977261,0.26525392405355325,0.1407045503825967
3,7,4,False,6,Spoofing,7,Web-Based,0.142139885305509,0.11618964751323564,0.11436148840188197
3,7,4,False,7,Web-Based,0,Benign,0.5202413019866573,0.22421447464655453,0.5452923947553538
3,7,4,False,7,Web-Based,1,BruteForce,0.017702674665409847,0.03607628655456499,0.017324480126832013
3,7,4,False,7,Web-Based,2,DDoS,0.01289346350029458,0.03385107705107243,0.020624852395507213
3,7,4,False,7,Web-Based,3,DoS,0.027126187812700618,0.034939646449154066,0.051402003499636945
3,7,4,False,7,Web-Based,4,Mirai,0.06968327542714688,0.15271378618271197,0.05589367899116845
3,7,4,False,7,Web-Based,5,Recon,0.04235580703081847,0.1622656631486287,0.04665063687173556
3,7,4,False,7,Web-Based,6,Spoofing,0.15813650397967702,0.24006700136891582,0.134926452910806
3,7,4,False,7,Web-Based,7,Web-Based,0.15186078559729532,0.11587206459839754,0.12788550044896002
3,7,5,False,0,Benign,0,Benign,0.35632062205870213,0.22261518382866308,0.3783280723088211
3,7,5,False,0,Benign,1,BruteForce,0.010823203642942232,0.03241710177318451,0.017547510079094965
3,7,5,False,0,Benign,2,DDoS,0.03239412917121667,0.05890334073112034,0.051107934128251306
3,7,5,False,0,Benign,3,DoS,0.010997152474964378,0.04419555666589006,0.01959878619832978
3,7,5,False,0,Benign,4,Mirai,0.01863147512849341,0.12457945180046238,0.02363074014508072
3,7,5,False,0,Benign,5,Recon,0.07316520974825455,0.17741827396826093,0.0744806952042887
3,7,5,False,0,Benign,6,Spoofing,0.48177996963849806,0.23643984503481139,0.41640980896830043
3,7,5,False,0,Benign,7,Web-Based,0.015888238136928527,0.10343124619760734,0.018896452967833058
3,7,5,False,1,BruteForce,0,Benign,0.34463685472242916,0.20800366734177544,0.4220793397155259
3,7,5,False,1,BruteForce,1,BruteForce,0.011873929553875161,0.04626471034751587,0.017452424571843622
3,7,5,False,1,BruteForce,2,DDoS,0.016618064140792387,0.03290895325470053,0.030756218001764053
3,7,5,False,1,BruteForce,3,DoS,0.009685077782886384,0.031571437524198276,0.019057952971509008
3,7,5,False,1,BruteForce,4,Mirai,0.01899280643336326,0.14521479365977635,0.02385929989556012
3,7,5,False,1,BruteForce,5,Recon,0.07101859711073734,0.1581883730827726,0.0768380145216068
3,7,5,False,1,BruteForce,6,Spoofing,0.5102750485861868,0.23900025169335987,0.3907260856561628
3,7,5,False,1,BruteForce,7,Web-Based,0.01689962166972941,0.13884781309590108,0.019230664666027766
3,7,5,False,2,DDoS,0,Benign,0.10897434207215594,0.04583852342739396,0.15728459891530153
3,7,5,False,2,DDoS,1,BruteForce,0.010203706936026702,0.021329478837110522,0.020081329595853403
3,7,5,False,2,DDoS,2,DDoS,0.634847267645104,0.6152592214266015,0.5617724981376889
3,7,5,False,2,DDoS,3,DoS,0.011002362497077384,0.12385374172603017,0.012859254036653837
3,7,5,False,2,DDoS,4,Mirai,0.01134586760586961,0.05178539079059444,0.019400251437496654
3,7,5,False,2,DDoS,5,Recon,0.047522305122886306,0.060737426473450366,0.04233680995181692
3,7,5,False,2,DDoS,6,Spoofing,0.16731714755161997,0.05053306431512086,0.17072499753583964
3,7,5,False,2,DDoS,7,Web-Based,0.008787000569259922,0.030663153003698335,0.01554026038934899
3,7,5,False,3,DoS,0,Benign,0.06762379235492741,0.026214342877584496,0.1521870865087781
3,7,5,False,3,DoS,1,BruteForce,0.01460031110610654,0.016641664616914794,0.02707200618051485
3,7,5,False,3,DoS,2,DDoS,0.11474677170825354,0.18303726847770985,0.14666000047508393
3,7,5,False,3,DoS,3,DoS,0.4179454663193236,0.556994901876168,0.18098746353411105
3,7,5,False,3,DoS,4,Mirai,0.01468273016469321,0.11890215962386048,0.0225941413864522
3,7,5,False,3,DoS,5,Recon,0.024066027544567426,0.02970309175701115,0.047561405360367064
3,7,5,False,3,DoS,6,Spoofing,0.334656137549654,0.049837214938954766,0.40015524914078443
3,7,5,False,3,DoS,7,Web-Based,0.011678763252474349,0.01866935583179649,0.02278264741390845
3,7,5,False,4,Mirai,0,Benign,0.31817173170076324,0.1819722540883641,0.3881948853418603
3,7,5,False,4,Mirai,1,BruteForce,0.011408568330561633,0.03471026696913037,0.017591480932306197
3,7,5,False,4,Mirai,2,DDoS,0.031269971082247265,0.05535088618412041,0.04069487135055433
3,7,5,False,4,Mirai,3,DoS,0.010828714136927221,0.048444833433732654,0.019884109120460344
3,7,5,False,4,Mirai,4,Mirai,0.022105424069546534,0.23359428859340883,0.024656434139932532
3,7,5,False,4,Mirai,5,Recon,0.057980828840833006,0.11687177310783527,0.0680386101742592
3,7,5,False,4,Mirai,6,Spoofing,0.5322785215055101,0.23551406573403758,0.422302547286838
3,7,5,False,4,Mirai,7,Web-Based,0.01595624033361104,0.09354163188937091,0.01863706165378906
3,7,5,False,5,Recon,0,Benign,0.3551413054688129,0.19299569169265546,0.4165851513257524
3,7,5,False,5,Recon,1,BruteForce,0.012025994164452018,0.041440762778716875,0.017232907660537707
3,7,5,False,5,Recon,2,DDoS,0.016652824759044504,0.03022876686587408,0.030855083847475456
3,7,5,False,5,Recon,3,DoS,0.009991879840297934,0.031536221572529506,0.01930504435685354
3,7,5,False,5,Recon,4,Mirai,0.018042633405935156,0.11800632712311934,0.023053352050397432
3,7,5,False,5,Recon,5,Recon,0.1085453460443746,0.22577406879376435,0.09082699923357593
3,7,5,False,5,Recon,6,Spoofing,0.46234626141236074,0.2198173795931057,0.3830407149459981
3,7,5,False,5,Recon,7,Web-Based,0.0172537549047222,0.14020078158023463,0.019100746579409494
3,7,5,False,6,Spoofing,0,Benign,0.33448079795648566,0.21520245372852803,0.384339731543249
3,7,5,False,6,Spoofing,1,BruteForce,0.010584711592359172,0.03456979566027099,0.017071650158905514
3,7,5,False,6,Spoofing,2,DDoS,0.01627946864603992,0.03001592814132998,0.03154310353527155
3,7,5,False,6,Spoofing,3,DoS,0.00995411796771511,0.03361015813484636,0.01963870014916002
3,7,5,False,6,Spoofing,4,Mirai,0.018276256743241223,0.12200131762487045,0.02363134532308709
3,7,5,False,6,Spoofing,5,Recon,0.07107156287508817,0.18315677514336526,0.07216007608053722
3,7,5,False,6,Spoofing,6,Spoofing,0.5234955498693737,0.26525392405355325,0.4330544183475924
3,7,5,False,6,Spoofing,7,Web-Based,0.01585753434969692,0.11618964751323564,0.018560974862197207
3,7,5,False,7,Web-Based,0,Benign,0.3636431969738273,0.22421447464655453,0.4216269510220606
3,7,5,False,7,Web-Based,1,BruteForce,0.01111254025812445,0.03607628655456499,0.01734601397073613
3,7,5,False,7,Web-Based,2,DDoS,0.017167414982417587,0.03385107705107243,0.033328462487528146
3,7,5,False,7,Web-Based,3,DoS,0.010006655588888597,0.034939646449154066,0.019046315251843134
3,7,5,False,7,Web-Based,4,Mirai,0.02027729266625041,0.15271378618271197,0.02389689832549251
3,7,5,False,7,Web-Based,5,Recon,0.06789782695112842,0.1622656631486287,0.07154520334700588
3,7,5,False,7,Web-Based,6,Spoofing,0.4935369967438325,0.24006700136891582,0.3943679879536759
3,7,5,False,7,Web-Based,7,Web-Based,0.01635807583553083,0.11587206459839754,0.018842167641657553
3,7,6,False,0,Benign,0,Benign,0.6156875826821727,0.22261518382866308,0.5635906685768259
3,7,6,False,0,Benign,1,BruteForce,0.0819365321249255,0.03241710177318451,0.07299659075803594
3,7,6,False,0,Benign,2,DDoS,0.014786875321580115,0.05890334073112034,0.022728536544494627
3,7,6,False,0,Benign,3,DoS,0.0183580363898079,0.04419555666589006,0.031804090117990215
3,7,6,False,0,Benign,4,Mirai,0.2236627290939782,0.12457945180046238,0.2587297366439052
3,7,6,False,0,Benign,5,Recon,0.0186068161863835,0.17741827396826093,0.018895481360983485
3,7,6,False,0,Benign,6,Spoofing,0.015048873494727416,0.23643984503481139,0.0177701765605472
3,7,6,False,0,Benign,7,Web-Based,0.011912554706424815,0.10343124619760734,0.01348471943721746
3,7,6,False,1,BruteForce,0,Benign,0.5844036228201668,0.20800366734177544,0.5549714020686299
3,7,6,False,1,BruteForce,1,BruteForce,0.10681420879018233,0.04626471034751587,0.08560280046420034
3,7,6,False,1,BruteForce,2,DDoS,0.01585603915173406,0.03290895325470053,0.021062767913920828
3,7,6,False,1,BruteForce,3,DoS,0.011285665382865137,0.031571437524198276,0.02567387307698594
3,7,6,False,1,BruteForce,4,Mirai,0.23508761120610847,0.14521479365977635,0.26100076552171436
3,7,6,False,1,BruteForce,5,Recon,0.017430166558288187,0.1581883730827726,0.019051100528756047
3,7,6,False,1,BruteForce,6,Spoofing,0.015554812886925807,0.23900025169335987,0.018381569423341976
3,7,6,False,1,BruteForce,7,Web-Based,0.013567873203729227,0.13884781309590108,0.014255721002450587
3,7,6,False,2,DDoS,0,Benign,0.27648673654829775,0.04583852342739396,0.4202436186435445
3,7,6,False,2,DDoS,1,BruteForce,0.04822025092494003,0.021329478837110522,0.05236872798432571
3,7,6,False,2,DDoS,2,DDoS,0.33409142023266697,0.6152592214266015,0.18140853702907217
3,7,6,False,2,DDoS,3,DoS,0.0556078224089934,0.12385374172603017,0.03450566219496077
3,7,6,False,2,DDoS,4,Mirai,0.24697062445608517,0.05178539079059444,0.2590831465024586
3,7,6,False,2,DDoS,5,Recon,0.01571763832701061,0.060737426473450366,0.018087462278336484
3,7,6,False,2,DDoS,6,Spoofing,0.011816572700293406,0.05053306431512086,0.017904361348387392
3,7,6,False,2,DDoS,7,Web-Based,0.011088934401712802,0.030663153003698335,0.016398484018914375
3,7,6,False,3,DoS,0,Benign,0.1240446110617911,0.026214342877584496,0.25688272991575484
3,7,6,False,3,DoS,1,BruteForce,0.039385161387509325,0.016641664616914794,0.06691429012445817
3,7,6,False,3,DoS,2,DDoS,0.02708911952632719,0.18303726847770985,0.040240292913036796
3,7,6,False,3,DoS,3,DoS,0.6369315569707789,0.556994901876168,0.3115024818327052
3,7,6,False,3,DoS,4,Mirai,0.13823775800981958,0.11890215962386048,0.26550556668029934
3,7,6,False,3,DoS,5,Recon,0.011568380305074141,0.02970309175701115,0.02110137052285292
3,7,6,False,3,DoS,6,Spoofing,0.01221324936237559,0.049837214938954766,0.018396588269915543
3,7,6,False,3,DoS,7,Web-Based,0.010530163376324201,0.01866935583179649,0.019456679740977197
3,7,6,False,4,Mirai,0,Benign,0.5001936265103424,0.1819722540883641,0.5069725828697176
3,7,6,False,4,Mirai,1,BruteForce,0.088333439907281,0.03471026696913037,0.07708283150685984
3,7,6,False,4,Mirai,2,DDoS,0.0166900174303554,0.05535088618412041,0.023175436673754362
3,7,6,False,4,Mirai,3,DoS,0.016194000022660207,0.048444833433732654,0.029480894384506
3,7,6,False,4,Mirai,4,Mirai,0.33572034790870475,0.23359428859340883,0.31307240406737114
3,7,6,False,4,Mirai,5,Recon,0.016063675986440425,0.11687177310783527,0.018484869990236578
3,7,6,False,4,Mirai,6,Spoofing,0.014733022119685996,0.23551406573403758,0.017907721722121184
3,7,6,False,4,Mirai,7,Web-Based,0.012071870114529844,0.09354163188937091,0.013823258785433315
3,7,6,False,5,Recon,0,Benign,0.5887571238750412,0.19299569169265546,0.5511247022879678
3,7,6,False,5,Recon,1,BruteForce,0.11249066348142196,0.041440762778716875,0.08735828671699891
3,7,6,False,5,Recon,2,DDoS,0.016298906568347146,0.03022876686587408,0.021377815255414247
3,7,6,False,5,Recon,3,DoS,0.012333237941910607,0.031536221572529506,0.026286416125428317
3,7,6,False,5,Recon,4,Mirai,0.2209532917589099,0.11800632712311934,0.2618948779018005
3,7,6,False,5,Recon,5,Recon,0.01998172987230536,0.22577406879376435,0.019279064524510857
3,7,6,False,5,Recon,6,Spoofing,0.015250681821301642,0.2198173795931057,0.018291903731509438
3,7,6,False,5,Recon,7,Web-Based,0.013934364680762054,0.14020078158023463,0.014386933456370042
3,7,6,False,6,Spoofing,0,Benign,0.6132033570013014,0.21520245372852803,0.574631586254015
3,7,6,False,6,Spoofing,1,BruteForce,0.08684851264928053,0.03456979566027099,0.07334502540275967
3,7,6,False,6,Spoofing,2,DDoS,0.014248501394968029,0.03001592814132998,0.02158222435786873
3,7,6,False,6,Spoofing,3,DoS,0.012438370862876276,0.03361015813484636,0.026679753006541466
3,7,6,False,6,Spoofing,4,Mirai,0.22787073720713474,0.12200131762487045,0.2542762647531606
3,7,6,False,6,Spoofing,5,Recon,0.018374196019330803,0.18315677514336526,0.01860513125670131
3,7,6,False,6,Spoofing,6,Spoofing,0.014759383786446959,0.26525392405355325,0.017691682519896265
3,7,6,False,6,Spoofing,7,Web-Based,0.01225694107866135,0.11618964751323564,0.013188332449056994
3,7,6,False,7,Web-Based,0,Benign,0.5825835393579899,0.22421447464655453,0.5607980975870772
3,7,6,False,7,Web-Based,1,BruteForce,0.09014399489203105,0.03607628655456499,0.07829739978430017
3,7,6,False,7,Web-Based,2,DDoS,0.01466488587703188,0.03385107705107243,0.021601190255963076
3,7,6,False,7,Web-Based,3,DoS,0.011814190048609223,0.034939646449154066,0.024415889745459884
3,7,6,False,7,Web-Based,4,Mirai,0.2562796619727869,0.15271378618271197,0.26472536396730617
3,7,6,False,7,Web-Based,5,Recon,0.0175878570687819,0.1622656631486287,0.01866916262239674
3,7,6,False,7,Web-Based,6,Spoofing,0.014634159140744188,0.24006700136891582,0.01774326431444597
3,7,6,False,7,Web-Based,7,Web-Based,0.012291711642024932,0.11587206459839754,0.013749631723050777
3,7,7,True,0,Benign,0,Benign,0.09412177573273607,0.22261518382866308,0.1612130099482367
3,7,7,True,0,Benign,1,BruteForce,0.1482037265894564,0.03241710177318451,0.021549698594711935
3,7,7,True,0,Benign,2,DDoS,0.13421455907076812,0.05890334073112034,0.21755281072488927
3,7,7,True,0,Benign,3,DoS,0.05566977530392865,0.04419555666589006,0.0507713524334422
3,7,7,True,0,Benign,4,Mirai,0.048837632660705996,0.12457945180046238,0.10149800229687622
3,7,7,True,0,Benign,5,Recon,0.07822976715681515,0.17741827396826093,0.08915834590119735
3,7,7,True,0,Benign,6,Spoofing,0.18494854593905558,0.23643984503481139,0.2752811876886586
3,7,7,True,0,Benign,7,Web-Based,0.25577421754653407,0.10343124619760734,0.0829755924119876
3,7,7,True,1,BruteForce,0,Benign,0.09859903219872784,0.20800366734177544,0.17216505788819655
3,7,7,True,1,BruteForce,1,BruteForce,0.1648012389711684,0.04626471034751587,0.023489184260006412
3,7,7,True,1,BruteForce,2,DDoS,0.10398925070345273,0.03290895325470053,0.1782194383822207
3,7,7,True,1,BruteForce,3,DoS,0.0363808849769894,0.031571437524198276,0.02107490955539629
3,7,7,True,1,BruteForce,4,Mirai,0.04744956751752022,0.14521479365977635,0.11609453677926099
3,7,7,True,1,BruteForce,5,Recon,0.08394329108779869,0.1581883730827726,0.10624656030471129
3,7,7,True,1,BruteForce,6,Spoofing,0.19292628988984806,0.23900025169335987,0.27772178577655626
3,7,7,True,1,BruteForce,7,Web-Based,0.27191044465449465,0.13884781309590108,0.10498852705365155
3,7,7,True,2,DDoS,0,Benign,0.03583852551289695,0.04583852342739396,0.05957168728630258
3,7,7,True,2,DDoS,1,BruteForce,0.054492711012457055,0.021329478837110522,0.018248559763005344
3,7,7,True,2,DDoS,2,DDoS,0.5455134388913913,0.6152592214266015,0.6887717265507326
3,7,7,True,2,DDoS,3,DoS,0.15265174703693538,0.12385374172603017,0.027932282682672043
3,7,7,True,2,DDoS,4,Mirai,0.025209224461525553,0.05178539079059444,0.04457647051358587
3,7,7,True,2,DDoS,5,Recon,0.04040441791756236,0.060737426473450366,0.04837520167158278
3,7,7,True,2,DDoS,6,Spoofing,0.0580425649499221,0.05053306431512086,0.07689998253077296
3,7,7,True,2,DDoS,7,Web-Based,0.08784737021730944,0.030663153003698335,0.03562408900134586
3,7,7,True,3,DoS,0,Benign,0.0229209799717515,0.026214342877584496,0.042044694103497406
3,7,7,True,3,DoS,1,BruteForce,0.03798588232380397,0.016641664616914794,0.022903262186133883
3,7,7,True,3,DoS,2,DDoS,0.27245966019690904,0.18303726847770985,0.29928914497879966
3,7,7,True,3,DoS,3,DoS,0.36841091468584586,0.556994901876168,0.39409129704328877
3,7,7,True,3,DoS,4,Mirai,0.11730194164539978,0.11890215962386048,0.046517135311820994
3,7,7,True,3,DoS,5,Recon,0.027475391476681366,0.02970309175701115,0.03586961341078116
3,7,7,True,3,DoS,6,Spoofing,0.05738907016916031,0.049837214938954766,0.11958088099153534
3,7,7,True,3,DoS,7,Web-Based,0.09605615953044824,0.01866935583179649,0.03970397197414285
3,7,7,True,4,Mirai,0,Benign,0.084275197190111,0.1819722540883641,0.15803829928626134
3,7,7,True,4,Mirai,1,BruteForce,0.14662302662048032,0.03471026696913037,0.02324967474085569
3,7,7,True,4,Mirai,2,DDoS,0.14625757052162477,0.05535088618412041,0.21429951582599055
3,7,7,True,4,Mirai,3,DoS,0.05367093278289312,0.048444833433732654,0.04786313847895252
3,7,7,True,4,Mirai,4,Mirai,0.06756401117673444,0.23359428859340883,0.12158082011883178
3,7,7,True,4,Mirai,5,Recon,0.06911422470911747,0.11687177310783527,0.07913860738665386
3,7,7,True,4,Mirai,6,Spoofing,0.1761490354822773,0.23551406573403758,0.2673355405055664
3,7,7,True,4,Mirai,7,Web-Based,0.25634600151676146,0.09354163188937091,0.08849440365688792
3,7,7,True,5,Recon,0,Benign,0.09874132886351324,0.19299569169265546,0.16933151293432142
3,7,7,True,5,Recon,1,BruteForce,0.16438160487874295,0.041440762778716875,0.023268371573153347
3,7,7,True,5,Recon,2,DDoS,0.09979987645145479,0.03022876686587408,0.17770704044744995
3,7,7,True,5,Recon,3,DoS,0.03542733015872051,0.031536221572529506,0.021267034241298704
3,7,7,True,5,Recon,4,Mirai,0.0448319427657612,0.11800632712311934,0.11627460050720387
3,7,7,True,5,Recon,5,Recon,0.10711375362653879,0.22577406879376435,0.12369832313348705
3,7,7,True,5,Recon,6,Spoofing,0.19115862299931521,0.2198173795931057,0.26291838932884415
3,7,7,True,5,Recon,7,Web-Based,0.25854554025595333,0.14020078158023463,0.10553472783424149
3,7,7,True,6,Spoofing,0,Benign,0.09372708083236585,0.21520245372852803,0.17501644461271487
3,7,7,True,6,Spoofing,1,BruteForce,0.15325136669705622,0.03456979566027099,0.021484065384614778
3,7,7,True,6,Spoofing,2,DDoS,0.09440689309447982,0.03001592814132998,0.15969167991808367
3,7,7,True,6,Spoofing,3,DoS,0.037988331194914855,0.03361015813484636,0.040222036031223
3,7,7,True,6,Spoofing,4,Mirai,0.050579223667881194,0.12200131762487045,0.10437302873967663
3,7,7,True,6,Spoofing,5,Recon,0.0806186047330935,0.18315677514336526,0.09595536247509695
3,7,7,True,6,Spoofing,6,Spoofing,0.2119680627143832,0.26525392405355325,0.3146634533266313
3,7,7,True,6,Spoofing,7,Web-Based,0.2774604370658253,0.11618964751323564,0.0885939295119589
3,7,7,True,7,Web-Based,0,Benign,0.09931534310435215,0.22421447464655453,0.1783952917633801
3,7,7,True,7,Web-Based,1,BruteForce,0.16131853996863138,0.03607628655456499,0.02330923188089099
3,7,7,True,7,Web-Based,2,DDoS,0.107729423621037,0.03385107705107243,0.1826001336201361
3,7,7,True,7,Web-Based,3,DoS,0.04027136444832938,0.034939646449154066,0.024411332109139233
3,7,7,True,7,Web-Based,4,Mirai,0.05013574512911021,0.15271378618271197,0.11430485638861031
3,7,7,True,7,Web-Based,5,Recon,0.08159798845647777,0.1622656631486287,0.09879631550710012
3,7,7,True,7,Web-Based,6,Spoofing,0.19112596712678054,0.24006700136891582,0.28042700437631257
3,7,7,True,7,Web-Based,7,Web-Based,0.26850562814528167,0.11587206459839754,0.09775583435443067
3,7,8,True,0,Benign,0,Benign,0.02224801753914315,0.22261518382866308,0.019132850159553263
3,7,8,True,0,Benign,1,BruteForce,0.015532641189553439,0.03241710177318451,0.016068908819353574
3,7,8,True,0,Benign,2,DDoS,0.021427520080151294,0.05890334073112034,0.04439965505164727
3,7,8,True,0,Benign,3,DoS,0.04831713128521052,0.04419555666589006,0.056110536479231185
3,7,8,True,0,Benign,4,Mirai,0.0454769720326492,0.12457945180046238,0.02349910412323074
3,7,8,True,0,Benign,5,Recon,0.034668527303094804,0.17741827396826093,0.03706211308079212
3,7,8,True,0,Benign,6,Spoofing,0.3598322075859598,0.23643984503481139,0.7847352431503148
3,7,8,True,0,Benign,7,Web-Based,0.4524969829842378,0.10343124619760734,0.0189915891358769
3,7,8,True,1,BruteForce,0,Benign,0.021845241405383607,0.20800366734177544,0.017743662669092622
3,7,8,True,1,BruteForce,1,BruteForce,0.015901578187727923,0.04626471034751587,0.012867881546379339
3,7,8,True,1,BruteForce,2,DDoS,0.017061080584662672,0.03290895325470053,0.021160047750757877
3,7,8,True,1,BruteForce,3,DoS,0.036498380760167294,0.031571437524198276,0.028157277884586593
3,7,8,True,1,BruteForce,4,Mirai,0.045335362770188306,0.14521479365977635,0.02336187849024363
3,7,8,True,1,BruteForce,5,Recon,0.03493319094098345,0.1581883730827726,0.03457158621983451
3,7,8,True,1,BruteForce,6,Spoofing,0.3649467564739742,0.23900025169335987,0.8435205502423192
3,7,8,True,1,BruteForce,7,Web-Based,0.46347840887691266,0.13884781309590108,0.018617115196786365
3,7,8,True,2,DDoS,0,Benign,0.015615326506635828,0.04583852342739396,0.024591890673603345
3,7,8,True,2,DDoS,1,BruteForce,0.02011082315652538,0.021329478837110522,0.020488245038388166
3,7,8,True,2,DDoS,2,DDoS,0.42547421597524737,0.6152592214266015,0.5738390966700034
3,7,8,True,2,DDoS,3,DoS,0.17701432294487848,0.12385374172603017,0.03673158361827515
3,7,8,True,2,DDoS,4,Mirai,0.02994083831084494,0.05178539079059444,0.020919818015688825
3,7,8,True,2,DDoS,5,Recon,0.021842957816789025,0.060737426473450366,0.0387585856693685
3,7,8,True,2,DDoS,6,Spoofing,0.12369204757724762,0.05053306431512086,0.2685450562657869
3,7,8,True,2,DDoS,7,Web-Based,0.1863094677118313,0.030663153003698335,0.016125724048885598
3,7,8,True,3,DoS,0,Benign,0.013888304444465508,0.026214342877584496,0.016584975605900075
3,7,8,True,3,DoS,1,BruteForce,0.015318556599265684,0.016641664616914794,0.02787357350144254
3,7,8,True,3,DoS,2,DDoS,0.04995994048295875,0.18303726847770985,0.12449545436992798
3,7,8,True,3,DoS,3,DoS,0.41641797026853783,0.556994901876168,0.412110294493304
3,7,8,True,3,DoS,4,Mirai,0.07169498656370968,0.11890215962386048,0.023082992246806874
3,7,8,True,3,DoS,5,Recon,0.019083022053807058,0.02970309175701115,0.026149152840062008
3,7,8,True,3,DoS,6,Spoofing,0.15784763696449045,0.049837214938954766,0.35010463360183147
3,7,8,True,3,DoS,7,Web-Based,0.25578958262276497,0.01866935583179649,0.019598923340725164
3,7,8,True,4,Mirai,0,Benign,0.021401265388885128,0.1819722540883641,0.017301721504134907
3,7,8,True,4,Mirai,1,BruteForce,0.015431184030119553,0.03471026696913037,0.014990765983382903
3,7,8,True,4,Mirai,2,DDoS,0.019767545092832135,0.05535088618412041,0.03027142230568031
3,7,8,True,4,Mirai,3,DoS,0.04614520464503472,0.048444833433732654,0.053350498446353464
3,7,8,True,4,Mirai,4,Mirai,0.052446142477209495,0.23359428859340883,0.02456751041949872
3,7,8,True,4,Mirai,5,Recon,0.03253058786617413,0.11687177310783527,0.029649843710601795
3,7,8,True,4,Mirai,6,Spoofing,0.3562860213140369,0.23551406573403758,0.8112694934879471
3,7,8,True,4,Mirai,7,Web-Based,0.455992049185708,0.09354163188937091,0.018598744142400783
3,7,8,True,5,Recon,0,Benign,0.02161068764261645,0.19299569169265546,0.017602542741750285
3,7,8,True,5,Recon,1,BruteForce,0.015501509075630557,0.041440762778716875,0.01298889133185358
3,7,8,True,5,Recon,2,DDoS,0.016617278301238513,0.03022876686587408,0.021295275993342844
3,7,8,True,5,Recon,3,DoS,0.03684371411042993,0.031536221572529506,0.029473546456429113
3,7,8,True,5,Recon,4,Mirai,0.04527389237161358,0.11800632712311934,0.02327832259421718
3,7,8,True,5,Recon,5,Recon,0.03882032778605083,0.22577406879376435,0.04548564476427263
3,7,8,True,5,Recon,6,Spoofing,0.36412920587499464,0.2198173795931057,0.8312604056001496
3,7,8,True,5,Recon,7,Web-Based,0.46120338483742557,0.14020078158023463,0.01861537051798485
3,7,8,True,6,Spoofing,0,Benign,0.021731966718741953,0.21520245372852803,0.017410521247189895
3,7,8,True,6,Spoofing,1,BruteForce,0.01536726599491291,0.03456979566027099,0.013890804576603797
3,7,8,True,6,Spoofing,2,DDoS,0.0171159605329674,0.03001592814132998,0.023166008602391583
3,7,8,True,6,Spoofing,3,DoS,0.03993840346439019,0.03361015813484636,0.04595798976193486
3,7,8,True,6,Spoofing,4,Mirai,0.04583961675630297,0.12200131762487045,0.02247485021861084
3,7,8,True,6,Spoofing,5,Recon,0.03441480530573753,0.18315677514336526,0.03455568325209396
3,7,8,True,6,Spoofing,6,Spoofing,0.3748658443291413,0.26525392405355325,0.8245215541322589
3,7,8,True,6,Spoofing,7,Web-Based,0.4507261368978058,0.11618964751323564,0.018022588208916227
3,7,8,True,7,Web-Based,0,Benign,0.021622700235342858,0.22421447464655453,0.018232554288658505
3,7,8,True,7,Web-Based,1,BruteForce,0.015317937074470444,0.03607628655456499,0.01344827549494716
3,7,8,True,7,Web-Based,2,DDoS,0.01796751383679119,0.03385107705107243,0.02607464544333082
3,7,8,True,7,Web-Based,3,DoS,0.040163051357584745,0.034939646449154066,0.03205878397403811
3,7,8,True,7,Web-Based,4,Mirai,0.046320952523306716,0.15271378618271197,0.02303780961405717
3,7,8,True,7,Web-Based,5,Recon,0.03437249468745397,0.1622656631486287,0.03465418902166594
3,7,8,True,7,Web-Based,6,Spoofing,0.36421228710353837,0.24006700136891582,0.8337732576626405
3,7,8,True,7,Web-Based,7,Web-Based,0.46002306318151176,0.11587206459839754,0.01872048450066193
3,7,9,False,0,Benign,0,Benign,0.25639208551692727,0.22261518382866308,0.212708631315114
3,7,9,False,0,Benign,1,BruteForce,0.003577644546790157,0.03241710177318451,0.0057487095059489636
3,7,9,False,0,Benign,2,DDoS,0.0076791544926212724,0.05890334073112034,0.012474645677882902
3,7,9,False,0,Benign,3,DoS,0.0030648607748370404,0.04419555666589006,0.006082180136627195
3,7,9,False,0,Benign,4,Mirai,0.5225607957813895,0.12457945180046238,0.5442726249294527
3,7,9,False,0,Benign,5,Recon,0.11751570013888503,0.17741827396826093,0.12353066180708568
3,7,9,False,0,Benign,6,Spoofing,0.08479314123003204,0.23643984503481139,0.08814688706657811
3,7,9,False,0,Benign,7,Web-Based,0.004416617518517777,0.10343124619760734,0.007035659561310454
3,7,9,False,1,BruteForce,0,Benign,0.22483914892650053,0.20800366734177544,0.19643140381446048
3,7,9,False,1,BruteForce,1,BruteForce,0.0035221257939579884,0.04626471034751587,0.005420658974589235
3,7,9,False,1,BruteForce,2,DDoS,0.004749389610482348,0.03290895325470053,0.006972007456531547
3,7,9,False,1,BruteForce,3,DoS,0.0025668626214321285,0.031571437524198276,0.005533962313056571
3,7,9,False,1,BruteForce,4,Mirai,0.5749378189947412,0.14521479365977635,0.5796708218206121
3,7,9,False,1,BruteForce,5,Recon,0.1086735891712967,0.1581883730827726,0.11622772955673638
3,7,9,False,1,BruteForce,6,Spoofing,0.07624108142600497,0.23900025169335987,0.0831422568850313
3,7,9,False,1,BruteForce,7,Web-Based,0.004469983455584082,0.13884781309590108,0.006601159178982361
3,7,9,False,2,DDoS,0,Benign,0.06280703811489566,0.04583852342739396,0.07378109127923523
3,7,9,False,2,DDoS,1,BruteForce,0.005541640461194025,0.021329478837110522,0.010804158511400564
3,7,9,False,2,DDoS,2,DDoS,0.5643089625989992,0.6152592214266015,0.5145861140339755
3,7,9,False,2,DDoS,3,DoS,0.006659367147555545,0.12385374172603017,0.007623311259983734
3,7,9,False,2,DDoS,4,Mirai,0.2804879562162758,0.05178539079059444,0.265180145327734
3,7,9,False,2,DDoS,5,Recon,0.0479936790489327,0.060737426473450366,0.06938093456303068
3,7,9,False,2,DDoS,6,Spoofing,0.027609301053124872,0.05053306431512086,0.04814830975089366
3,7,9,False,2,DDoS,7,Web-Based,0.004592055359022304,0.030663153003698335,0.010495935273746787
3,7,9,False,3,DoS,0,Benign,0.052012934441716896,0.026214342877584496,0.06597761485226326
3,7,9,False,3,DoS,1,BruteForce,0.006092006942587793,0.016641664616914794,0.007601240551088666
3,7,9,False,3,DoS,2,DDoS,0.08917532928775664,0.18303726847770985,0.0885159228871596
3,7,9,False,3,DoS,3,DoS,0.022851538548741626,0.556994901876168,0.010185430516659743
3,7,9,False,3,DoS,4,Mirai,0.6237039033270232,0.11890215962386048,0.6278306998648712
3,7,9,False,3,DoS,5,Recon,0.033864148988988596,0.02970309175701115,0.04921960120497947
3,7,9,False,3,DoS,6,Spoofing,0.16463524869632012,0.049837214938954766,0.1410816114877004
3,7,9,False,3,DoS,7,Web-Based,0.007664889766865139,0.01866935583179649,0.009587878635277698
3,7,9,False,4,Mirai,0,Benign,0.16103962059764326,0.1819722540883641,0.15665054209698429
3,7,9,False,4,Mirai,1,BruteForce,0.002649338071813522,0.03471026696913037,0.004262151925292362
3,7,9,False,4,Mirai,2,DDoS,0.005543346630526086,0.05535088618412041,0.007815598967478177
3,7,9,False,4,Mirai,3,DoS,0.002462605266910014,0.048444833433732654,0.004755756169192422
3,7,9,False,4,Mirai,4,Mirai,0.7255236996482363,0.23359428859340883,0.7019238838520995
3,7,9,False,4,Mirai,5,Recon,0.044870961276113654,0.11687177310783527,0.054753709471234764
3,7,9,False,4,Mirai,6,Spoofing,0.05439414056599389,0.23551406573403758,0.06372590334822469
3,7,9,False,4,Mirai,7,Web-Based,0.0035162879427632515,0.09354163188937091,0.006112454169493804
3,7,9,False,5,Recon,0,Benign,0.21206195451371493,0.19299569169265546,0.18533707283203812
3,7,9,False,5,Recon,1,BruteForce,0.0038388977434630177,0.041440762778716875,0.005850890664782675
3,7,9,False,5,Recon,2,DDoS,0.004343163025315709,0.03022876686587408,0.006644792733948009
3,7,9,False,5,Recon,3,DoS,0.0026554183590470517,0.031536221572529506,0.005533990742806916
3,7,9,False,5,Recon,4,Mirai,0.47646799884358404,0.11800632712311934,0.5104705615668697
3,7,9,False,5,Recon,5,Recon,0.21757703921138002,0.22577406879376435,0.20107210707856
3,7,9,False,5,Recon,6,Spoofing,0.07848028421069451,0.2198173795931057,0.07872758222176585
3,7,9,False,5,Recon,7,Web-Based,0.004575244092800696,0.14020078158023463,0.0063630021592289395
3,7,9,False,6,Spoofing,0,Benign,0.22456517236929854,0.21520245372852803,0.2129752411877739
3,7,9,False,6,Spoofing,1,BruteForce,0.003656054263420959,0.03456979566027099,0.005594561604115943
3,7,9,False,6,Spoofing,2,DDoS,0.004768984805647391,0.03001592814132998,0.007003732231253415
3,7,9,False,6,Spoofing,3,DoS,0.00292012453771594,0.03361015813484636,0.005646586458114659
3,7,9,False,6,Spoofing,4,Mirai,0.506469255729546,0.12200131762487045,0.5270247029692076
3,7,9,False,6,Spoofing,5,Recon,0.13573840483967817,0.18315677514336526,0.13388392227429521
3,7,9,False,6,Spoofing,6,Spoofing,0.11681928091902931,0.26525392405355325,0.10103837489641995
3,7,9,False,6,Spoofing,7,Web-Based,0.005062722535663571,0.11618964751323564,0.006832878378819363
3,7,9,False,7,Web-Based,0,Benign,0.1965098803617122,0.22421447464655453,0.20573941393174097
3,7,9,False,7,Web-Based,1,BruteForce,0.0030430795185134893,0.03607628655456499,0.004988285031987422
3,7,9,False,7,Web-Based,2,DDoS,0.004978825068947707,0.03385107705107243,0.0078520559200081
3,7,9,False,7,Web-Based,3,DoS,0.0026859332416987796,0.034939646449154066,0.0050920035248949455
3,7,9,False,7,Web-Based,4,Mirai,0.6158994678336243,0.15271378618271197,0.5967359652309505
3,7,9,False,7,Web-Based,5,Recon,0.08788692179702977,0.1622656631486287,0.09912271282795135
3,7,9,False,7,Web-Based,6,Spoofing,0.08479512183602339,0.24006700136891582,0.07408300743614007
3,7,9,False,7,Web-Based,7,Web-Based,0.004200770342450366,0.11587206459839754,0.006386556096326617
3,7,10,True,0,Benign,0,Benign,0.02825108426936977,0.22261518382866308,0.022270045567745377
3,7,10,True,0,Benign,1,BruteForce,0.01614641246120991,0.03241710177318451,0.019048116147505827
3,7,10,True,0,Benign,2,DDoS,0.038499927707625906,0.05890334073112034,0.058264932055389435
3,7,10,True,0,Benign,3,DoS,0.027212960901187157,0.04419555666589006,0.04369451153948292
3,7,10,True,0,Benign,4,Mirai,0.058164350929139394,0.12457945180046238,0.07935026555243353
3,7,10,True,0,Benign,5,Recon,0.11566584157883601,0.17741827396826093,0.13568543610090097
3,7,10,True,0,Benign,6,Spoofing,0.20910939243925283,0.23643984503481139,0.3294301928385613
3,7,10,True,0,Benign,7,Web-Based,0.506950029713379,0.10343124619760734,0.3122565001979806
3,7,10,True,1,BruteForce,0,Benign,0.027312892624097928,0.20800366734177544,0.021395882591181345
3,7,10,True,1,BruteForce,1,BruteForce,0.017036415617498243,0.04626471034751587,0.01820485343619936
3,7,10,True,1,BruteForce,2,DDoS,0.019821383235313742,0.03290895325470053,0.027800501153444554
3,7,10,True,1,BruteForce,3,DoS,0.019561070826573806,0.031571437524198276,0.030508297120172185
3,7,10,True,1,BruteForce,4,Mirai,0.05996663875525939,0.14521479365977635,0.09075246456452916
3,7,10,True,1,BruteForce,5,Recon,0.11934107185115689,0.1581883730827726,0.1355921528596097
3,7,10,True,1,BruteForce,6,Spoofing,0.2029247229210643,0.23900025169335987,0.2919583863509789
3,7,10,True,1,BruteForce,7,Web-Based,0.5340358041690357,0.13884781309590108,0.38378746192388474
3,7,10,True,2,DDoS,0,Benign,0.01618687626184326,0.04583852342739396,0.02146354989899178
3,7,10,True,2,DDoS,1,BruteForce,0.017509402681085032,0.021329478837110522,0.021106456308982644
3,7,10,True,2,DDoS,2,DDoS,0.492691831318266,0.6152592214266015,0.6022786062618589
3,7,10,True,2,DDoS,3,DoS,0.14031644956393305,0.12385374172603017,0.024344013283275748
3,7,10,True,2,DDoS,4,Mirai,0.0325290056779106,0.05178539079059444,0.040499910327815074
3,7,10,True,2,DDoS,5,Recon,0.05059605353025901,0.060737426473450366,0.05963832227706456
3,7,10,True,2,DDoS,6,Spoofing,0.06830484451765811,0.05053306431512086,0.10744966039347457
3,7,10,True,2,DDoS,7,Web-Based,0.18186553644904502,0.030663153003698335,0.12321948124853671
3,7,10,True,3,DoS,0,Benign,0.014407742052056612,0.026214342877584496,0.016524256399403355
3,7,10,True,3,DoS,1,BruteForce,0.01610398991352159,0.016641664616914794,0.024251685421476613
3,7,10,True,3,DoS,2,DDoS,0.16015267294135002,0.18303726847770985,0.1921524231437968
3,7,10,True,3,DoS,3,DoS,0.41402438352857396,0.556994901876168,0.3432196650431296
3,7,10,True,3,DoS,4,Mirai,0.07364613470027398,0.11890215962386048,0.04899223425140833
3,7,10,True,3,DoS,5,Recon,0.041880757006623574,0.02970309175701115,0.06773421950960029
3,7,10,True,3,DoS,6,Spoofing,0.07957270500274567,0.049837214938954766,0.18115959177665295
3,7,10,True,3,DoS,7,Web-Based,0.2002116148548546,0.01866935583179649,0.12596592445453203
3,7,10,True,4,Mirai,0,Benign,0.025960253706542508,0.1819722540883641,0.020906360869143853
3,7,10,True,4,Mirai,1,BruteForce,0.016141884868852884,0.03471026696913037,0.018484991654150906
3,7,10,True,4,Mirai,2,DDoS,0.03072699664028127,0.05535088618412041,0.04526853483889094
3,7,10,True,4,Mirai,3,DoS,0.026979350155185548,0.048444833433732654,0.04057060523043271
3,7,10,True,4,Mirai,4,Mirai,0.07328167058623988,0.23359428859340883,0.0930199027442174
3,7,10,True,4,Mirai,5,Recon,0.10783486874681611,0.11687177310783527,0.1230947051897784
3,7,10,True,4,Mirai,6,Spoofing,0.2009173595671241,0.23551406573403758,0.32823821797470715
3,7,10,True,4,Mirai,7,Web-Based,0.5181576157289578,0.09354163188937091,0.33041668149867864
3,7,10,True,5,Recon,0,Benign,0.026899554422116303,0.19299569169265546,0.021000630285856473
3,7,10,True,5,Recon,1,BruteForce,0.016620262351086414,0.041440762778716875,0.01812983451842123
3,7,10,True,5,Recon,2,DDoS,0.019199150142015176,0.03022876686587408,0.027754586994734036
3,7,10,True,5,Recon,3,DoS,0.019586141553550523,0.031536221572529506,0.031053758674665574
3,7,10,True,5,Recon,4,Mirai,0.05845397618013284,0.11800632712311934,0.08863199214013308
3,7,10,True,5,Recon,5,Recon,0.14158291076217472,0.22577406879376435,0.1505426834996439
3,7,10,True,5,Recon,6,Spoofing,0.20071611185266103,0.2198173795931057,0.2842386896914777
3,7,10,True,5,Recon,7,Web-Based,0.516941892736263,0.14020078158023463,0.37864782419506804
3,7,10,True,6,Spoofing,0,Benign,0.027745121132349122,0.21520245372852803,0.0219464716626074
3,7,10,True,6,Spoofing,1,BruteForce,0.016055838847780658,0.03456979566027099,0.017590292229546802
3,7,10,True,6,Spoofing,2,DDoS,0.019490507175815845,0.03001592814132998,0.02732242244704799
3,7,10,True,6,Spoofing,3,DoS,0.02102057426728951,0.03361015813484636,0.03497819372947385
3,7,10,True,6,Spoofing,4,Mirai,0.059796578235019895,0.12200131762487045,0.08108459950483436
3,7,10,True,6,Spoofing,5,Recon,0.1181142669142934,0.18315677514336526,0.13512999372248
3,7,10,True,6,Spoofing,6,Spoofing,0.21591860794513695,0.26525392405355325,0.34700179629198724
3,7,10,True,6,Spoofing,7,Web-Based,0.5218585054823146,0.11618964751323564,0.33494623041202237
3,7,10,True,7,Web-Based,0,Benign,0.027536787511167272,0.22421447464655453,0.02233567399325899
3,7,10,True,7,Web-Based,1,BruteForce,0.015928165983820252,0.03607628655456499,0.017738799278910797
3,7,10,True,7,Web-Based,2,DDoS,0.020901941056587357,0.03385107705107243,0.02980222971691401
3,7,10,True,7,Web-Based,3,DoS,0.021057173291473254,0.034939646449154066,0.031205773506683104
3,7,10,True,7,Web-Based,4,Mirai,0.06248087506825404,0.15271378618271197,0.08933694551850077
3,7,10,True,7,Web-Based,5,Recon,0.11823885936997476,0.1622656631486287,0.13496437980333795
3,7,10,True,7,Web-Based,6,Spoofing,0.20588922352383998,0.24006700136891582,0.30979530381561704
3,7,10,True,7,Web-Based,7,Web-Based,0.5279669741948831,0.11587206459839754,0.3648208943667773
3,7,11,False,0,Benign,0,Benign,0.5703851495850353,0.22261518382866308,0.5054759344795156
3,7,11,False,0,Benign,1,BruteForce,0.0046413817922570525,0.03241710177318451,0.007462605127298825
3,7,11,False,0,Benign,2,DDoS,0.006306877059702531,0.05890334073112034,0.010640381605379423
3,7,11,False,0,Benign,3,DoS,0.006657050966647044,0.04419555666589006,0.014780983180301552
3,7,11,False,0,Benign,4,Mirai,0.07323651112447627,0.12457945180046238,0.08417180931879836
3,7,11,False,0,Benign,5,Recon,0.09085942584309908,0.17741827396826093,0.1373969726142291
3,7,11,False,0,Benign,6,Spoofing,0.2422894923581104,0.23643984503481139,0.23190462746669555
3,7,11,False,0,Benign,7,Web-Based,0.005624111270672458,0.10343124619760734,0.008166686207781701
3,7,11,False,1,BruteForce,0,Benign,0.550627525360053,0.20800366734177544,0.5106147524192624
3,7,11,False,1,BruteForce,1,BruteForce,0.005010853425989208,0.04626471034751587,0.007222023432318588
3,7,11,False,1,BruteForce,2,DDoS,0.005765411604090886,0.03290895325470053,0.009715753075438184
3,7,11,False,1,BruteForce,3,DoS,0.0045743204782176215,0.031571437524198276,0.00845695820506947
3,7,11,False,1,BruteForce,4,Mirai,0.0933639231260074,0.14521479365977635,0.08771126418285896
3,7,11,False,1,BruteForce,5,Recon,0.08554359020062159,0.1581883730827726,0.13823024944282974
3,7,11,False,1,BruteForce,6,Spoofing,0.24916632937817298,0.23900025169335987,0.23020952939325387
3,7,11,False,1,BruteForce,7,Web-Based,0.005948046426847387,0.13884781309590108,0.00783946984896885
3,7,11,False,2,DDoS,0,Benign,0.2095701003430304,0.04583852342739396,0.391693033549768
3,7,11,False,2,DDoS,1,BruteForce,0.010761335626385591,0.021329478837110522,0.012270970192291
3,7,11,False,2,DDoS,2,DDoS,0.45258856704976086,0.6152592214266015,0.14293445703506732
3,7,11,False,2,DDoS,3,DoS,0.04324026461194334,0.12385374172603017,0.0346928188460991
3,7,11,False,2,DDoS,4,Mirai,0.1174343606938547,0.05178539079059444,0.08264899631452405
3,7,11,False,2,DDoS,5,Recon,0.05860689889811967,0.060737426473450366,0.10654715777236783
3,7,11,False,2,DDoS,6,Spoofing,0.09944825948138851,0.05053306431512086,0.2163560792426348
3,7,11,False,2,DDoS,7,Web-Based,0.008350213295516959,0.030663153003698335,0.012856487047247967
3,7,11,False,3,DoS,0,Benign,0.07189857254212416,0.026214342877584496,0.10309353673587984
3,7,11,False,3,DoS,1,BruteForce,0.009120404131582422,0.016641664616914794,0.016412016849813423
3,7,11,False,3,DoS,2,DDoS,0.014397355119475173,0.18303726847770985,0.01715386702274042
3,7,11,False,3,DoS,3,DoS,0.6743751242681383,0.556994901876168,0.4905930896630506
3,7,11,False,3,DoS,4,Mirai,0.056328035599742775,0.11890215962386048,0.06735126521196996
3,7,11,False,3,DoS,5,Recon,0.023730750368808513,0.02970309175701115,0.03254476557324266
3,7,11,False,3,DoS,6,Spoofing,0.14412519098713644,0.049837214938954766,0.2576296574068613
3,7,11,False,3,DoS,7,Web-Based,0.006024566982992324,0.01866935583179649,0.015221801536441816
3,7,11,False,4,Mirai,0,Benign,0.5098387768506847,0.1819722540883641,0.4930178028074896
3,7,11,False,4,Mirai,1,BruteForce,0.004722852443116541,0.03471026696913037,0.007418595071505128
3,7,11,False,4,Mirai,2,DDoS,0.0068793777519644,0.05535088618412041,0.010673475310734544
3,7,11,False,4,Mirai,3,DoS,0.0068620983347418675,0.048444833433732654,0.017015575176746667
3,7,11,False,4,Mirai,4,Mirai,0.17975490141235187,0.23359428859340883,0.12286600958710883
3,7,11,False,4,Mirai,5,Recon,0.051128091149671845,0.11687177310783527,0.08906886765228121
3,7,11,False,4,Mirai,6,Spoofing,0.2350032082143094,0.23551406573403758,0.2510653933064498
3,7,11,False,4,Mirai,7,Web-Based,0.005810693843159281,0.09354163188937091,0.008874281087684113
3,7,11,False,5,Recon,0,Benign,0.5199290436755807,0.19299569169265546,0.4927068831424751
3,7,11,False,5,Recon,1,BruteForce,0.004919827195590129,0.041440762778716875,0.00742554195106978
3,7,11,False,5,Recon,2,DDoS,0.005346891400663532,0.03022876686587408,0.009624595886530429
3,7,11,False,5,Recon,3,DoS,0.0044399393196364306,0.031536221572529506,0.008328389430311143
3,7,11,False,5,Recon,4,Mirai,0.06848018501325263,0.11800632712311934,0.08341663457695307
3,7,11,False,5,Recon,5,Recon,0.16788188947236482,0.22577406879376435,0.18752957396487546
3,7,11,False,5,Recon,6,Spoofing,0.22321905839031597,0.2198173795931057,0.20326917878805226
3,7,11,False,5,Recon,7,Web-Based,0.00578316553259588,0.14020078158023463,0.0076992022597328095
3,7,11,False,6,Spoofing,0,Benign,0.5053403601098592,0.21520245372852803,0.48286301836284756
3,7,11,False,6,Spoofing,1,BruteForce,0.004609902780874987,0.03456979566027099,0.007235802502337834
3,7,11,False,6,Spoofing,2,DDoS,0.005835568401184961,0.03001592814132998,0.009895507549570342
3,7,11,False,6,Spoofing,3,DoS,0.00480918977934486,0.03361015813484636,0.009983399578093499
3,7,11,False,6,Spoofing,4,Mirai,0.07015026371807319,0.12200131762487045,0.0785594528290734
3,7,11,False,6,Spoofing,5,Recon,0.09663666937532485,0.18315677514336526,0.12942968868645746
3,7,11,False,6,Spoofing,6,Spoofing,0.3066057429126574,0.26525392405355325,0.2740407670468335
3,7,11,False,6,Spoofing,7,Web-Based,0.006012302922680694,0.11618964751323564,0.007992363444786446
3,7,11,False,7,Web-Based,0,Benign,0.5560760192690735,0.22421447464655453,0.5289669156973816
3,7,11,False,7,Web-Based,1,BruteForce,0.004472603726512095,0.03607628655456499,0.006997340482420253
3,7,11,False,7,Web-Based,2,DDoS,0.006027234119370973,0.03385107705107243,0.009770151186618404
3,7,11,False,7,Web-Based,3,DoS,0.005138401295377877,0.034939646449154066,0.009807038889836544
3,7,11,False,7,Web-Based,4,Mirai,0.10420906531664574,0.15271378618271197,0.09178229978131258
3,7,11,False,7,Web-Based,5,Recon,0.07042252218952672,0.1622656631486287,0.12418983171646154
3,7,11,False,7,Web-Based,6,Spoofing,0.24782786914807897,0.24006700136891582,0.2204966630762761
3,7,11,False,7,Web-Based,7,Web-Based,0.005826284935414084,0.11587206459839754,0.007989759169692986
3,7,12,False,0,Benign,0,Benign,0.027390606604353326,0.22261518382866308,0.026462665550044947
3,7,12,False,0,Benign,1,BruteForce,0.008293872719132777,0.03241710177318451,0.012055694095309408
3,7,12,False,0,Benign,2,DDoS,0.009183085174935495,0.05890334073112034,0.014718325348589106
3,7,12,False,0,Benign,3,DoS,0.03652513331275291,0.04419555666589006,0.09649944847369452
3,7,12,False,0,Benign,4,Mirai,0.5273530977695701,0.12457945180046238,0.497085396462591
3,7,12,False,0,Benign,5,Recon,0.11287727595545909,0.17741827396826093,0.12355267580960916
3,7,12,False,0,Benign,6,Spoofing,0.22128514865191648,0.23643984503481139,0.18046671219629276
3,7,12,False,0,Benign,7,Web-Based,0.05709177981187997,0.10343124619760734,0.04915908206386924
3,7,12,False,1,BruteForce,0,Benign,0.02460246338162481,0.20800366734177544,0.025107642284793254
3,7,12,False,1,BruteForce,1,BruteForce,0.009861131500884319,0.04626471034751587,0.01200549613060556
3,7,12,False,1,BruteForce,2,DDoS,0.008785435792932778,0.03290895325470053,0.013128686943424587
3,7,12,False,1,BruteForce,3,DoS,0.01582238221791243,0.031571437524198276,0.029005819762036804
3,7,12,False,1,BruteForce,4,Mirai,0.569573789622371,0.14521479365977635,0.5528058772746978
3,7,12,False,1,BruteForce,5,Recon,0.08289177635505014,0.1581883730827726,0.13472743978366244
3,7,12,False,1,BruteForce,6,Spoofing,0.2136585401382245,0.23900025169335987,0.17409356481768265
3,7,12,False,1,BruteForce,7,Web-Based,0.07480448099099994,0.13884781309590108,0.059125473003096875
3,7,12,False,2,DDoS,0,Benign,0.014650061211082867,0.04583852342739396,0.030003869943939145
3,7,12,False,2,DDoS,1,BruteForce,0.011860493500170727,0.021329478837110522,0.017771132103718997
3,7,12,False,2,DDoS,2,DDoS,0.4761502756315016,0.6152592214266015,0.3171184497345759
3,7,12,False,2,DDoS,3,DoS,0.12152128975225804,0.12385374172603017,0.10086297956612204
3,7,12,False,2,DDoS,4,Mirai,0.2308183248010228,0.05178539079059444,0.3132603556709456
3,7,12,False,2,DDoS,5,Recon,0.0565306005327054,0.060737426473450366,0.09257944457817051
3,7,12,False,2,DDoS,6,Spoofing,0.06493109957065737,0.05053306431512086,0.08977983377810282
3,7,12,False,2,DDoS,7,Web-Based,0.023537855000601137,0.030663153003698335,0.03862393462442499
3,7,12,False,3,DoS,0,Benign,0.005795255590664382,0.026214342877584496,0.010999057746118568
3,7,12,False,3,DoS,1,BruteForce,0.00826461742325439,0.016641664616914794,0.0175514269892811
3,7,12,False,3,DoS,2,DDoS,0.015071017653804822,0.18303726847770985,0.020152437677119866
3,7,12,False,3,DoS,3,DoS,0.8322471812068688,0.556994901876168,0.7022069929548109
3,7,12,False,3,DoS,4,Mirai,0.07173916962745241,0.11890215962386048,0.11680458200945516
3,7,12,False,3,DoS,5,Recon,0.01996843036802769,0.02970309175701115,0.03703591624944796
3,7,12,False,3,DoS,6,Spoofing,0.03606184307214076,0.049837214938954766,0.07279207348035582
3,7,12,False,3,DoS,7,Web-Based,0.010852485057786883,0.01866935583179649,0.022457512893410584
3,7,12,False,4,Mirai,0,Benign,0.02226974037182892,0.1819722540883641,0.02594305074139693
3,7,12,False,4,Mirai,1,BruteForce,0.006832534445851679,0.03471026696913037,0.010684721840303734
3,7,12,False,4,Mirai,2,DDoS,0.009705953412179745,0.05535088618412041,0.015048815664166753
3,7,12,False,4,Mirai,3,DoS,0.019013136370107382,0.048444833433732654,0.0529732702800002
3,7,12,False,4,Mirai,4,Mirai,0.6866448517891766,0.23359428859340883,0.6064310047794048
3,7,12,False,4,Mirai,5,Recon,0.05896709295628399,0.11687177310783527,0.095220632058516
3,7,12,False,4,Mirai,6,Spoofing,0.15660660676059657,0.23551406573403758,0.14817769204580464
3,7,12,False,4,Mirai,7,Web-Based,0.03996008389397525,0.09354163188937091,0.045520812590406794
3,7,12,False,5,Recon,0,Benign,0.023623225518731143,0.19299569169265546,0.023632525474858623
3,7,12,False,5,Recon,1,BruteForce,0.010086293151921787,0.041440762778716875,0.012284384474508312
3,7,12,False,5,Recon,2,DDoS,0.008652001676506612,0.03022876686587408,0.01318532466708884
3,7,12,False,5,Recon,3,DoS,0.018104119659605435,0.031536221572529506,0.0314168214343716
3,7,12,False,5,Recon,4,Mirai,0.5144775055943235,0.11800632712311934,0.5370038599406017
3,7,12,False,5,Recon,5,Recon,0.1282491491256351,0.22577406879376435,0.16281062096259766
3,7,12,False,5,Recon,6,Spoofing,0.21004701162350964,0.2198173795931057,0.1625838537369057
3,7,12,False,5,Recon,7,Web-Based,0.0867606936497669,0.14020078158023463,0.05708260930906753
3,7,12,False,6,Spoofing,0,Benign,0.026024897970698888,0.21520245372852803,0.026469107199742777
3,7,12,False,6,Spoofing,1,BruteForce,0.00872280146080737,0.03456979566027099,0.011622460802595755
3,7,12,False,6,Spoofing,2,DDoS,0.008186382734264424,0.03001592814132998,0.013628173719736776
3,7,12,False,6,Spoofing,3,DoS,0.019969301596526965,0.03361015813484636,0.05960305714089781
3,7,12,False,6,Spoofing,4,Mirai,0.4897233172322368,0.12200131762487045,0.49415070750533713
3,7,12,False,6,Spoofing,5,Recon,0.11453326746673172,0.18315677514336526,0.1245803767133329
3,7,12,False,6,Spoofing,6,Spoofing,0.2652131555130682,0.26525392405355325,0.2142325937076371
3,7,12,False,6,Spoofing,7,Web-Based,0.06762687602566565,0.11618964751323564,0.05571352321071982
3,7,12,False,7,Web-Based,0,Benign,0.02407758331896357,0.22421447464655453,0.02641490311951378
3,7,12,False,7,Web-Based,1,BruteForce,0.00793389070589285,0.03607628655456499,0.011202996129719044
3,7,12,False,7,Web-Based,2,DDoS,0.008751770045273848,0.03385107705107243,0.013888644164304482
3,7,12,False,7,Web-Based,3,DoS,0.019953276070375364,0.034939646449154066,0.03456977866360679
3,7,12,False,7,Web-Based,4,Mirai,0.5864472163580298,0.15271378618271197,0.5575893799557168
3,7,12,False,7,Web-Based,5,Recon,0.09767929812914262,0.1622656631486287,0.13010916216150645
3,7,12,False,7,Web-Based,6,Spoofing,0.19515250174183876,0.24006700136891582,0.1695661573199577
3,7,12,False,7,Web-Based,7,Web-Based,0.06000446363048327,0.11587206459839754,0.056658978485675054
3,7,13,False,0,Benign,0,Benign,0.06141687372150652,0.22261518382866308,0.06055386004083888
3,7,13,False,0,Benign,1,BruteForce,0.11245203328970851,0.03241710177318451,0.09363316921225759
3,7,13,False,0,Benign,2,DDoS,0.054616675378749084,0.05890334073112034,0.06796401271045555
3,7,13,False,0,Benign,3,DoS,0.01018838286366183,0.04419555666589006,0.01536906606727667
3,7,13,False,0,Benign,4,Mirai,0.05001885459619073,0.12457945180046238,0.05432285348042039
3,7,13,False,0,Benign,5,Recon,0.3748808349961844,0.17741827396826093,0.39795739412411263
3,7,13,False,0,Benign,6,Spoofing,0.1489767421085142,0.23643984503481139,0.1273448450201094
3,7,13,False,0,Benign,7,Web-Based,0.18744960304548464,0.10343124619760734,0.18285479934452892
3,7,13,False,1,BruteForce,0,Benign,0.06650062359364033,0.20800366734177544,0.06219007911701284
3,7,13,False,1,BruteForce,1,BruteForce,0.16960247989310426,0.04626471034751587,0.11360017528602807
3,7,13,False,1,BruteForce,2,DDoS,0.027780546339783732,0.03290895325470053,0.024879683051240126
3,7,13,False,1,BruteForce,3,DoS,0.012049050852679348,0.031571437524198276,0.01628907518567972
3,7,13,False,1,BruteForce,4,Mirai,0.05554720150249384,0.14521479365977635,0.05909321433342645
3,7,13,False,1,BruteForce,5,Recon,0.3079827346884704,0.1581883730827726,0.39380068182300615
3,7,13,False,1,BruteForce,6,Spoofing,0.1244368972449179,0.23900025169335987,0.1127826349398934
3,7,13,False,1,BruteForce,7,Web-Based,0.23610046588491018,0.13884781309590108,0.21736445626371323
3,7,13,False,2,DDoS,0,Benign,0.022833756967522063,0.04583852342739396,0.029645218230663097
3,7,13,False,2,DDoS,1,BruteForce,0.04355841943460199,0.021329478837110522,0.044390003608591314
3,7,13,False,2,DDoS,2,DDoS,0.6652450616953853,0.6152592214266015,0.6352909363725004
3,7,13,False,2,DDoS,3,DoS,0.006522861817484624,0.12385374172603017,0.010503117844130891
3,7,13,False,2,DDoS,4,Mirai,0.026134824458427814,0.05178539079059444,0.02860493938647318
3,7,13,False,2,DDoS,5,Recon,0.13315710789912716,0.060737426473450366,0.13708271084685927
3,7,13,False,2,DDoS,6,Spoofing,0.04462042971315067,0.05053306431512086,0.05030055513476766
3,7,13,False,2,DDoS,7,Web-Based,0.05792753801430038,0.030663153003698335,0.06418251857601417
3,7,13,False,3,DoS,0,Benign,0.02024041367519598,0.026214342877584496,0.03233971978002759
3,7,13,False,3,DoS,1,BruteForce,0.05335345337826795,0.016641664616914794,0.05300713177743538
3,7,13,False,3,DoS,2,DDoS,0.30976463950258915,0.18303726847770985,0.2691257299968779
3,7,13,False,3,DoS,3,DoS,0.13366855383249457,0.556994901876168,0.05076355300514008
3,7,13,False,3,DoS,4,Mirai,0.19861396850758078,0.11890215962386048,0.061014517512999064
3,7,13,False,3,DoS,5,Recon,0.1013996941539402,0.02970309175701115,0.29218726986237215
3,7,13,False,3,DoS,6,Spoofing,0.11939778921277436,0.049837214938954766,0.11358387417877497
3,7,13,False,3,DoS,7,Web-Based,0.06356148773715706,0.01866935583179649,0.12797820388637293
3,7,13,False,4,Mirai,0,Benign,0.06327485582833434,0.1819722540883641,0.06505704215425251
3,7,13,False,4,Mirai,1,BruteForce,0.14769894133655534,0.03471026696913037,0.10857552825100836
3,7,13,False,4,Mirai,2,DDoS,0.06521838610445216,0.05535088618412041,0.054829259904598894
3,7,13,False,4,Mirai,3,DoS,0.011861759304158124,0.048444833433732654,0.01631967809243778
3,7,13,False,4,Mirai,4,Mirai,0.10142050741505892,0.23359428859340883,0.06634550226409335
3,7,13,False,4,Mirai,5,Recon,0.28107243990929265,0.11687177310783527,0.36094686593090997
3,7,13,False,4,Mirai,6,Spoofing,0.1365947416181496,0.23551406573403758,0.12982506029211566
3,7,13,False,4,Mirai,7,Web-Based,0.19285836848399898,0.09354163188937091,0.19810106311058343
3,7,13,False,5,Recon,0,Benign,0.06030174208942688,0.19299569169265546,0.058890944199925195
3,7,13,False,5,Recon,1,BruteForce,0.14493189418120714,0.041440762778716875,0.10996258594731881
3,7,13,False,5,Recon,2,DDoS,0.0246563650653284,0.03022876686587408,0.024575459907588162
3,7,13,False,5,Recon,3,DoS,0.01124707319251823,0.031536221572529506,0.016073495926865418
3,7,13,False,5,Recon,4,Mirai,0.049189561908958436,0.11800632712311934,0.05682780049595466
3,7,13,False,5,Recon,5,Recon,0.3756751200449722,0.22577406879376435,0.4166202590929207
3,7,13,False,5,Recon,6,Spoofing,0.1152954797309418,0.2198173795931057,0.10761596507282863
3,7,13,False,5,Recon,7,Web-Based,0.21870276378664683,0.14020078158023463,0.20943348935659842
3,7,13,False,6,Spoofing,0,Benign,0.05879911312451539,0.21520245372852803,0.05824697724820248
3,7,13,False,6,Spoofing,1,BruteForce,0.11736358192246732,0.03456979566027099,0.09347761890614228
3,7,13,False,6,Spoofing,2,DDoS,0.022174151117740005,0.03001592814132998,0.023553621414356338
3,7,13,False,6,Spoofing,3,DoS,0.010296342627907252,0.03361015813484636,0.015169114494199247
3,7,13,False,6,Spoofing,4,Mirai,0.04749628199428211,0.12200131762487045,0.05348185281645945
3,7,13,False,6,Spoofing,5,Recon,0.3871132347606337,0.18315677514336526,0.4310847366068133
3,7,13,False,6,Spoofing,6,Spoofing,0.15669419653782896,0.26525392405355325,0.12784485484416347
3,7,13,False,6,Spoofing,7,Web-Based,0.2000630979146253,0.11618964751323564,0.19714122366966352
3,7,13,False,7,Web-Based,0,Benign,0.06495264725538383,0.22421447464655453,0.06390660193207431
3,7,13,False,7,Web-Based,1,BruteForce,0.13388537102807133,0.03607628655456499,0.10607394555793523
3,7,13,False,7,Web-Based,2,DDoS,0.027075178613760287,0.03385107705107243,0.030251013981192044
3,7,13,False,7,Web-Based,3,DoS,0.010648440130157722,0.034939646449154066,0.015764724610940636
3,7,13,False,7,Web-Based,4,Mirai,0.06246438965833974,0.15271378618271197,0.05832549336769389
3,7,13,False,7,Web-Based,5,Recon,0.3532007571954797,0.1622656631486287,0.40326458703784607
3,7,13,False,7,Web-Based,6,Spoofing,0.1351182960440494,0.24006700136891582,0.11685334765521006
3,7,13,False,7,Web-Based,7,Web-Based,0.21265492007475809,0.11587206459839754,0.20556028585710787
3,7,14,True,0,Benign,0,Benign,0.11653219383209736,0.22261518382866308,0.1480594796370353
3,7,14,True,0,Benign,1,BruteForce,0.3043966048565386,0.03241710177318451,0.09103057403818236
3,7,14,True,0,Benign,2,DDoS,0.10605694623366414,0.05890334073112034,0.13501037934870694
3,7,14,True,0,Benign,3,DoS,0.05871293086178419,0.04419555666589006,0.08956857574426136
3,7,14,True,0,Benign,4,Mirai,0.07670307858729766,0.12457945180046238,0.15442565169066882
3,7,14,True,0,Benign,5,Recon,0.14683546715778506,0.17741827396826093,0.16030056009055077
3,7,14,True,0,Benign,6,Spoofing,0.04443226983383127,0.23643984503481139,0.031531698583245976
3,7,14,True,0,Benign,7,Web-Based,0.14633050863700178,0.10343124619760734,0.19007308086734842
3,7,14,True,1,BruteForce,0,Benign,0.11170571585121544,0.20800366734177544,0.15016749450818784
3,7,14,True,1,BruteForce,1,BruteForce,0.3405095215108045,0.04626471034751587,0.11283321346819068
3,7,14,True,1,BruteForce,2,DDoS,0.07231687021713057,0.03290895325470053,0.09277722713760264
3,7,14,True,1,BruteForce,3,DoS,0.03463968965820699,0.031571437524198276,0.04227046551479721
3,7,14,True,1,BruteForce,4,Mirai,0.07830275997882184,0.14521479365977635,0.1726806064477769
3,7,14,True,1,BruteForce,5,Recon,0.14935860876095372,0.1581883730827726,0.15484809839740113
3,7,14,True,1,BruteForce,6,Spoofing,0.04476710270398363,0.23900025169335987,0.03177492365119014
3,7,14,True,1,BruteForce,7,Web-Based,0.16839973131888344,0.13884781309590108,0.24264797087485346
3,7,14,True,2,DDoS,0,Benign,0.03904853449805671,0.04583852342739396,0.05504383470168419
3,7,14,True,2,DDoS,1,BruteForce,0.09777333104096812,0.021329478837110522,0.04343006115053119
3,7,14,True,2,DDoS,2,DDoS,0.49986495456055674,0.6152592214266015,0.6399708418223041
3,7,14,True,2,DDoS,3,DoS,0.18554241784136152,0.12385374172603017,0.049627131916077385
3,7,14,True,2,DDoS,4,Mirai,0.04236266853621737,0.05178539079059444,0.06286634217661555
3,7,14,True,2,DDoS,5,Recon,0.061543194293359964,0.060737426473450366,0.059088950315579924
3,7,14,True,2,DDoS,6,Spoofing,0.019374854588882443,0.05053306431512086,0.016241914274441712
3,7,14,True,2,DDoS,7,Web-Based,0.054490044640597125,0.030663153003698335,0.07373092364276607
3,7,14,True,3,DoS,0,Benign,0.022662924565164513,0.026214342877584496,0.036745108652393624
3,7,14,True,3,DoS,1,BruteForce,0.05740405691711591,0.016641664616914794,0.04923689543867314
3,7,14,True,3,DoS,2,DDoS,0.22794738662895783,0.18303726847770985,0.2189361691991132
3,7,14,True,3,DoS,3,DoS,0.44697832261028453,0.556994901876168,0.4824966946835219
3,7,14,True,3,DoS,4,Mirai,0.14470282077070157,0.11890215962386048,0.06901901062078761
3,7,14,True,3,DoS,5,Recon,0.03851028746926409,0.02970309175701115,0.05468298899091042
3,7,14,True,3,DoS,6,Spoofing,0.01765823368699261,0.049837214938954766,0.018572282182331694
3,7,14,True,3,DoS,7,Web-Based,0.04413596735151906,0.01866935583179649,0.07031085023226843
3,7,14,True,4,Mirai,0,Benign,0.09960297373631348,0.1819722540883641,0.14558260732719783
3,7,14,True,4,Mirai,1,BruteForce,0.30152240293660515,0.03471026696913037,0.10089984082769843
3,7,14,True,4,Mirai,2,DDoS,0.11759480978642117,0.05535088618412041,0.132365923533683
3,7,14,True,4,Mirai,3,DoS,0.0592364990737916,0.048444833433732654,0.07981239993660168
3,7,14,True,4,Mirai,4,Mirai,0.11995775441182144,0.23359428859340883,0.1897777612426273
3,7,14,True,4,Mirai,5,Recon,0.12644356516726804,0.11687177310783527,0.12823493531298275
3,7,14,True,4,Mirai,6,Spoofing,0.03755429265714361,0.23551406573403758,0.03008714133987326
3,7,14,True,4,Mirai,7,Web-Based,0.13808770223063552,0.09354163188937091,0.1932393904793358
3,7,14,True,5,Recon,0,Benign,0.10749161219628696,0.19299569169265546,0.14467575747633607
3,7,14,True,5,Recon,1,BruteForce,0.325413448229353,0.041440762778716875,0.1141463146584827
3,7,14,True,5,Recon,2,DDoS,0.06957498046117717,0.03022876686587408,0.09065836586990135
3,7,14,True,5,Recon,3,DoS,0.035410921175735376,0.031536221572529506,0.0434782976751668
3,7,14,True,5,Recon,4,Mirai,0.07255412640057193,0.11800632712311934,0.16795692760821904
3,7,14,True,5,Recon,5,Recon,0.17822375302470653,0.22577406879376435,0.16936905507596675
3,7,14,True,5,Recon,6,Spoofing,0.045652657975075894,0.2198173795931057,0.03200187725743563
3,7,14,True,5,Recon,7,Web-Based,0.16567850053709318,0.14020078158023463,0.2377134043784918
3,7,14,True,6,Spoofing,0,Benign,0.11859694691055485,0.21520245372852803,0.15515672168342898
3,7,14,True,6,Spoofing,1,BruteForce,0.3204325405842194,0.03456979566027099,0.09402456146783492
3,7,14,True,6,Spoofing,2,DDoS,0.06539186798289683,0.03001592814132998,0.08721759719181094
3,7,14,True,6,Spoofing,3,DoS,0.03749858546125872,0.03361015813484636,0.07751984771762219
3,7,14,True,6,Spoofing,4,Mirai,0.07863864839004135,0.12200131762487045,0.15508192804945162
3,7,14,True,6,Spoofing,5,Recon,0.16095905025238244,0.18315677514336526,0.17753370357063722
3,7,14,True,6,Spoofing,6,Spoofing,0.05163967684239296,0.26525392405355325,0.03393015712444098
3,7,14,True,6,Spoofing,7,Web-Based,0.16684268357625354,0.11618964751323564,0.21953548319477323
3,7,14,True,7,Web-Based,0,Benign,0.11550998192157604,0.22421447464655453,0.16189355912712247
3,7,14,True,7,Web-Based,1,BruteForce,0.3261944884854629,0.03607628655456499,0.10210076203622208
3,7,14,True,7,Web-Based,2,DDoS,0.07476370765475326,0.03385107705107243,0.10510760822241653
3,7,14,True,7,Web-Based,3,DoS,0.0419194948872478,0.034939646449154066,0.046255614517100856
3,7,14,True,7,Web-Based,4,Mirai,0.08501893375877538,0.15271378618271197,0.17585135880458092
3,7,14,True,7,Web-Based,5,Recon,0.15280892123082943,0.1622656631486287,0.15516483640281217
3,7,14,True,7,Web-Based,6,Spoofing,0.045124786687574366,0.24006700136891582,0.032388845509535816
3,7,14,True,7,Web-Based,7,Web-Based,0.15865968537378092,0.11587206459839754,0.22123741538020916
3,7,15,True,0,Benign,0,Benign,0.04693365609678108,0.22261518382866308,0.049839407048369984
3,7,15,True,0,Benign,1,BruteForce,0.039064680980052155,0.03241710177318451,0.031952746373506424
3,7,15,True,0,Benign,2,DDoS,0.41864614255210647,0.05890334073112034,0.5022519274526185
3,7,15,True,0,Benign,3,DoS,0.30327423788256913,0.04419555666589006,0.2867873313995385
3,7,15,True,0,Benign,4,Mirai,0.09635423974895875,0.12457945180046238,0.03710599221636177
3,7,15,True,0,Benign,5,Recon,0.018916771837993833,0.17741827396826093,0.023070707372011598
3,7,15,True,0,Benign,6,Spoofing,0.02965559812640898,0.23643984503481139,0.03884810561062139
3,7,15,True,0,Benign,7,Web-Based,0.04715467277512964,0.10343124619760734,0.03014378252697195
3,7,15,True,1,BruteForce,0,Benign,0.04363842065249546,0.20800366734177544,0.05207551206555742
3,7,15,True,1,BruteForce,1,BruteForce,0.04703827584820595,0.04626471034751587,0.033464480183938446
3,7,15,True,1,BruteForce,2,DDoS,0.4751289879681926,0.03290895325470053,0.5329504797880963
3,7,15,True,1,BruteForce,3,DoS,0.2532208476187689,0.031571437524198276,0.2504226473607079
3,7,15,True,1,BruteForce,4,Mirai,0.08444563653898714,0.14521479365977635,0.03849186840165198
3,7,15,True,1,BruteForce,5,Recon,0.013211222429366346,0.1581883730827726,0.02265328635101351
3,7,15,True,1,BruteForce,6,Spoofing,0.02861079430720296,0.23900025169335987,0.03799244616487405
3,7,15,True,1,BruteForce,7,Web-Based,0.05470581463678076,0.13884781309590108,0.0319492796841605
3,7,15,True,2,DDoS,0,Benign,0.017671795953360166,0.04583852342739396,0.037558931196428384
3,7,15,True,2,DDoS,1,BruteForce,0.02244610873753428,0.021329478837110522,0.02688383215724133
3,7,15,True,2,DDoS,2,DDoS,0.5633179161397095,0.6152592214266015,0.7419043758520436
3,7,15,True,2,DDoS,3,DoS,0.3063959998594378,0.12385374172603017,0.10634900120256495
3,7,15,True,2,DDoS,4,Mirai,0.04897468253124033,0.05178539079059444,0.027500291863635604
3,7,15,True,2,DDoS,5,Recon,0.010285000929752664,0.060737426473450366,0.016731122419306972
3,7,15,True,2,DDoS,6,Spoofing,0.012267577422869949,0.05053306431512086,0.021729241659544984
3,7,15,True,2,DDoS,7,Web-Based,0.018640918426095377,0.030663153003698335,0.0213432036492342
3,7,15,True,3,DoS,0,Benign,0.01168390611361015,0.026214342877584496,0.02093062169185039
3,7,15,True,3,DoS,1,BruteForce,0.013045627693025239,0.016641664616914794,0.03937447271880717
3,7,15,True,3,DoS,2,DDoS,0.19289017269072084,0.18303726847770985,0.230983461552189
3,7,15,True,3,DoS,3,DoS,0.5994999083138615,0.556994901876168,0.6203742998024961
3,7,15,True,3,DoS,4,Mirai,0.14543498396318508,0.11890215962386048,0.02558702906097365
3,7,15,True,3,DoS,5,Recon,0.011584052128035623,0.02970309175701115,0.016732501945439
3,7,15,True,3,DoS,6,Spoofing,0.011595407996717641,0.049837214938954766,0.022870721632670718
3,7,15,True,3,DoS,7,Web-Based,0.014265941100844122,0.01866935583179649,0.02314689159557398
3,7,15,True,4,Mirai,0,Benign,0.039251074414525224,0.1819722540883641,0.04918618415140519
3,7,15,True,4,Mirai,1,BruteForce,0.037607799475884975,0.03471026696913037,0.03309853823094742
3,7,15,True,4,Mirai,2,DDoS,0.43381959798171676,0.05535088618412041,0.5135747760258506
3,7,15,True,4,Mirai,3,DoS,0.26583696210073987,0.048444833433732654,0.2778038421421814
3,7,15,True,4,Mirai,4,Mirai,0.14168462511429633,0.23359428859340883,0.039747188923165984
3,7,15,True,4,Mirai,5,Recon,0.013543230995057049,0.11687177310783527,0.018826301336706326
3,7,15,True,4,Mirai,6,Spoofing,0.025227798123529755,0.23551406573403758,0.03737634189122307
3,7,15,True,4,Mirai,7,Web-Based,0.04302891179425002,0.09354163188937091,0.030386827298520075
3,7,15,True,5,Recon,0,Benign,0.0378097223652369,0.19299569169265546,0.05231090400242893
3,7,15,True,5,Recon,1,BruteForce,0.04258546396690683,0.041440762778716875,0.03487046593706778
3,7,15,True,5,Recon,2,DDoS,0.49445070276025777,0.03022876686587408,0.5151354536604092
3,7,15,True,5,Recon,3,DoS,0.26966254884398655,0.031536221572529506,0.26560072345031455
3,7,15,True,5,Recon,4,Mirai,0.07352634499144467,0.11800632712311934,0.0376412932965182
3,7,15,True,5,Recon,5,Recon,0.013346818558695617,0.22577406879376435,0.022822761923066533
3,7,15,True,5,Recon,6,Spoofing,0.022361650949522652,0.2198173795931057,0.039236306790337246
3,7,15,True,5,Recon,7,Web-Based,0.04625674756394907,0.14020078158023463,0.03238209093985765
3,7,15,True,6,Spoofing,0,Benign,0.04305247336076279,0.21520245372852803,0.04989348536388863
3,7,15,True,6,Spoofing,1,BruteForce,0.04051400499908051,0.03456979566027099,0.03188649971154166
3,7,15,True,6,Spoofing,2,DDoS,0.41160570926607204,0.03001592814132998,0.48386588385254226
3,7,15,True,6,Spoofing,3,DoS,0.30005101845189946,0.03361015813484636,0.30516149358828903
3,7,15,True,6,Spoofing,4,Mirai,0.09915832645881718,0.12200131762487045,0.03665031104580393
3,7,15,True,6,Spoofing,5,Recon,0.017190031951153862,0.18315677514336526,0.021957736856461973
3,7,15,True,6,Spoofing,6,Spoofing,0.03618115224601285,0.26525392405355325,0.0405992718729204
3,7,15,True,6,Spoofing,7,Web-Based,0.05224728326620138,0.11618964751323564,0.029985317708552225
3,7,15,True,7,Web-Based,0,Benign,0.053047988325211556,0.22421447464655453,0.055652764274874436
3,7,15,True,7,Web-Based,1,BruteForce,0.04326665537557031,0.03607628655456499,0.030874757337916416
3,7,15,True,7,Web-Based,2,DDoS,0.45665524916984246,0.03385107705107243,0.5642708408093295
3,7,15,True,7,Web-Based,3,DoS,0.24827804720475993,0.034939646449154066,0.21004699373683333
3,7,15,True,7,Web-Based,4,Mirai,0.09033447123540701,0.15271378618271197,0.039571216454673305
3,7,15,True,7,Web-Based,5,Recon,0.018471538950446845,0.1622656631486287,0.02516263858178125
3,7,15,True,7,Web-Based,6,Spoofing,0.03434643691662866,0.24006700136891582,0.0418851396147757
3,7,15,True,7,Web-Based,7,Web-Based,0.05559961282213329,0.11587206459839754,0.032535649189816065
3,7,16,False,0,Benign,0,Benign,0.537095735904207,0.22261518382866308,0.5289869720531107
3,7,16,False,0,Benign,1,BruteForce,0.019484211797063094,0.03241710177318451,0.022867332490681114
3,7,16,False,0,Benign,2,DDoS,0.15836320654825692,0.05890334073112034,0.16887718426678153
3,7,16,False,0,Benign,3,DoS,0.024233900597938264,0.04419555666589006,0.051841357131975206
3,7,16,False,0,Benign,4,Mirai,0.01426363876439232,0.12457945180046238,0.01948582065520686
3,7,16,False,0,Benign,5,Recon,0.023790562131354866,0.17741827396826093,0.023208244931691616
3,7,16,False,0,Benign,6,Spoofing,0.1355942111560549,0.23643984503481139,0.1089540888176844
3,7,16,False,0,Benign,7,Web-Based,0.08717453310073257,0.10343124619760734,0.07577899965286862
3,7,16,False,1,BruteForce,0,Benign,0.5254761156798514,0.20800366734177544,0.5744545563340866
3,7,16,False,1,BruteForce,1,BruteForce,0.02459420848113159,0.04626471034751587,0.023981889028737272
3,7,16,False,1,BruteForce,2,DDoS,0.1436803496190097,0.03290895325470053,0.12414438639312116
3,7,16,False,1,BruteForce,3,DoS,0.020179048955116533,0.031571437524198276,0.031614801917984124
3,7,16,False,1,BruteForce,4,Mirai,0.014657506886668505,0.14521479365977635,0.0186004018028425
3,7,16,False,1,BruteForce,5,Recon,0.0212185210366537,0.1581883730827726,0.023643384612350504
3,7,16,False,1,BruteForce,6,Spoofing,0.14342085161212084,0.23900025169335987,0.11807850717401792
3,7,16,False,1,BruteForce,7,Web-Based,0.10677339772944767,0.13884781309590108,0.08548207273686008
3,7,16,False,2,DDoS,0,Benign,0.16071421368205674,0.04583852342739396,0.1741260159576502
3,7,16,False,2,DDoS,1,BruteForce,0.012127921395186115,0.021329478837110522,0.020852015820541595
3,7,16,False,2,DDoS,2,DDoS,0.7147722707579348,0.6152592214266015,0.6737905432890671
3,7,16,False,2,DDoS,3,DoS,0.015532212152675659,0.12385374172603017,0.028548930532557998
3,7,16,False,2,DDoS,4,Mirai,0.008782219144087885,0.05178539079059444,0.014523519766539204
3,7,16,False,2,DDoS,5,Recon,0.010426018327289226,0.060737426473450366,0.012179546227798073
3,7,16,False,2,DDoS,6,Spoofing,0.044508109540876105,0.05053306431512086,0.04110077740829184
3,7,16,False,2,DDoS,7,Web-Based,0.033137034999893435,0.030663153003698335,0.03487865099755404
3,7,16,False,3,DoS,0,Benign,0.08163684575184363,0.026214342877584496,0.14296338459993616
3,7,16,False,3,DoS,1,BruteForce,0.013010013461550238,0.016641664616914794,0.028642659897336577
3,7,16,False,3,DoS,2,DDoS,0.27167628185509496,0.18303726847770985,0.3066166315495205
3,7,16,False,3,DoS,3,DoS,0.5394055904232967,0.556994901876168,0.39191929596958774
3,7,16,False,3,DoS,4,Mirai,0.008747125596711786,0.11890215962386048,0.017658223094010092
3,7,16,False,3,DoS,5,Recon,0.008556864100736038,0.02970309175701115,0.013790035974995387
3,7,16,False,3,DoS,6,Spoofing,0.05059967878144117,0.049837214938954766,0.05532115693381596
3,7,16,False,3,DoS,7,Web-Based,0.026367600029325526,0.01866935583179649,0.0430886119807976
3,7,16,False,4,Mirai,0,Benign,0.4807963752175396,0.1819722540883641,0.5206070171457508
3,7,16,False,4,Mirai,1,BruteForce,0.021409922465042378,0.03471026696913037,0.023978315131557546
3,7,16,False,4,Mirai,2,DDoS,0.2147350543963579,0.05535088618412041,0.1769630014019333
3,7,16,False,4,Mirai,3,DoS,0.03788842652141482,0.048444833433732654,0.05453570918791254
3,7,16,False,4,Mirai,4,Mirai,0.0148166958300019,0.23359428859340883,0.01941199305439611
3,7,16,False,4,Mirai,5,Recon,0.019588784192629518,0.11687177310783527,0.02135227064962333
3,7,16,False,4,Mirai,6,Spoofing,0.12719792618024806,0.23551406573403758,0.1063665389238147
3,7,16,False,4,Mirai,7,Web-Based,0.0835668151967659,0.09354163188937091,0.07678515450501171
3,7,16,False,5,Recon,0,Benign,0.5228290669104811,0.19299569169265546,0.5716181821311552
3,7,16,False,5,Recon,1,BruteForce,0.024322608126004137,0.041440762778716875,0.024593033053676886
3,7,16,False,5,Recon,2,DDoS,0.13501871955110326,0.03022876686587408,0.12484120043291991
3,7,16,False,5,Recon,3,DoS,0.021470913238510927,0.031536221572529506,0.03375637061389429
3,7,16,False,5,Recon,4,Mirai,0.013982667989636198,0.11800632712311934,0.01840659021605707
3,7,16,False,5,Recon,5,Recon,0.03304010443712831,0.22577406879376435,0.02445099893113418
3,7,16,False,5,Recon,6,Spoofing,0.1413781067072618,0.2198173795931057,0.1158587790935409
3,7,16,False,5,Recon,7,Web-Based,0.10795781303987424,0.14020078158023463,0.08647484552762154
3,7,16,False,6,Spoofing,0,Benign,0.5423501501466962,0.21520245372852803,0.5684098316127797
3,7,16,False,6,Spoofing,1,BruteForce,0.020513518341057975,0.03456979566027099,0.022899105575981814
3,7,16,False,6,Spoofing,2,DDoS,0.1161850122824039,0.03001592814132998,0.11984449504853653
3,7,16,False,6,Spoofing,3,DoS,0.019592128106322847,0.03361015813484636,0.04571222361566175
3,7,16,False,6,Spoofing,4,Mirai,0.0147494925807589,0.12200131762487045,0.019652787043212223
3,7,16,False,6,Spoofing,5,Recon,0.024291788363141834,0.18315677514336526,0.02456865175624679
3,7,16,False,6,Spoofing,6,Spoofing,0.16680102106046968,0.26525392405355325,0.11996086300199292
3,7,16,False,6,Spoofing,7,Web-Based,0.09551688911914881,0.11618964751323564,0.0789520423455883
3,7,16,False,7,Web-Based,0,Benign,0.5462136560855594,0.22421447464655453,0.5714476609725303
3,7,16,False,7,Web-Based,1,BruteForce,0.021628549879418982,0.03607628655456499,0.023310026981546425
3,7,16,False,7,Web-Based,2,DDoS,0.1352974967380717,0.03385107705107243,0.1346747131750776
3,7,16,False,7,Web-Based,3,DoS,0.020166127208787424,0.034939646449154066,0.03355962287673245
3,7,16,False,7,Web-Based,4,Mirai,0.014986387189635948,0.15271378618271197,0.019237949411600824
3,7,16,False,7,Web-Based,5,Recon,0.02265348314795955,0.1622656631486287,0.02394913990804512
3,7,16,False,7,Web-Based,6,Spoofing,0.14053832389212764,0.24006700136891582,0.11199076947497222
3,7,16,False,7,Web-Based,7,Web-Based,0.0985159758584393,0.11587206459839754,0.08183011719949508
3,7,17,True,0,Benign,0,Benign,0.22254177941244732,0.22261518382866308,0.286889015939312
3,7,17,True,0,Benign,1,BruteForce,0.2822518221293266,0.03241710177318451,0.014141176556226539
3,7,17,True,0,Benign,2,DDoS,0.028474177427187566,0.05890334073112034,0.03934222345283236
3,7,17,True,0,Benign,3,DoS,0.026424850785403048,0.04419555666589006,0.07510850393543397
3,7,17,True,0,Benign,4,Mirai,0.2714277493054153,0.12457945180046238,0.4623639116782699
3,7,17,True,0,Benign,5,Recon,0.08657359196184182,0.17741827396826093,0.012580999550135604
3,7,17,True,0,Benign,6,Spoofing,0.014911479832201736,0.23643984503481139,0.01989494697695438
3,7,17,True,0,Benign,7,Web-Based,0.06739454914617668,0.10343124619760734,0.08967922191083538
3,7,17,True,1,BruteForce,0,Benign,0.21009707127821442,0.20800366734177544,0.26788477225842416
3,7,17,True,1,BruteForce,1,BruteForce,0.28430609764936166,0.04626471034751587,0.01355950147760995
3,7,17,True,1,BruteForce,2,DDoS,0.01671551578474191,0.03290895325470053,0.023824451384301438
3,7,17,True,1,BruteForce,3,DoS,0.01395434308807967,0.031571437524198276,0.021147476688527626
3,7,17,True,1,BruteForce,4,Mirai,0.28699665238426675,0.14521479365977635,0.5076466959494363
3,7,17,True,1,BruteForce,5,Recon,0.09174484865706045,0.1581883730827726,0.01194216929091869
3,7,17,True,1,BruteForce,6,Spoofing,0.015377301593124186,0.23900025169335987,0.021224212398854504
3,7,17,True,1,BruteForce,7,Web-Based,0.08080816956515101,0.13884781309590108,0.1327707205519274
3,7,17,True,2,DDoS,0,Benign,0.0708708727838216,0.04583852342739396,0.09965223464425019
3,7,17,True,2,DDoS,1,BruteForce,0.09446164169981523,0.021329478837110522,0.016912555800301876
3,7,17,True,2,DDoS,2,DDoS,0.5097121485339713,0.6152592214266015,0.5916063038604549
3,7,17,True,2,DDoS,3,DoS,0.12982284754742346,0.12385374172603017,0.059647025808189195
3,7,17,True,2,DDoS,4,Mirai,0.1206679389755131,0.05178539079059444,0.16515504529755384
3,7,17,True,2,DDoS,5,Recon,0.03518736719124812,0.060737426473450366,0.010300366663951063
3,7,17,True,2,DDoS,6,Spoofing,0.008732388162735581,0.05053306431512086,0.011752445730340406
3,7,17,True,2,DDoS,7,Web-Based,0.03054479510547167,0.030663153003698335,0.04497402219495862
3,7,17,True,3,DoS,0,Benign,0.04027053995381374,0.026214342877584496,0.05992432340690582
3,7,17,True,3,DoS,1,BruteForce,0.05628472274516306,0.016641664616914794,0.02264921063857181
3,7,17,True,3,DoS,2,DDoS,0.12927341168763895,0.18303726847770985,0.09107857185936827
3,7,17,True,3,DoS,3,DoS,0.48120757195780367,0.556994901876168,0.6004928338303238
3,7,17,True,3,DoS,4,Mirai,0.22239584321331993,0.11890215962386048,0.16149540713187366
3,7,17,True,3,DoS,5,Recon,0.03575045487722345,0.02970309175701115,0.011963184394358726
3,7,17,True,3,DoS,6,Spoofing,0.01000989373641897,0.049837214938954766,0.014793874814484666
3,7,17,True,3,DoS,7,Web-Based,0.02480756182861834,0.01866935583179649,0.037602593924113276
3,7,17,True,4,Mirai,0,Benign,0.1853414198031889,0.1819722540883641,0.24452659773493632
3,7,17,True,4,Mirai,1,BruteForce,0.23119849161099565,0.03471026696913037,0.012452768444411106
3,7,17,True,4,Mirai,2,DDoS,0.01995529462905865,0.05535088618412041,0.02989616356771772
3,7,17,True,4,Mirai,3,DoS,0.025755945928735594,0.048444833433732654,0.03160659118771453
3,7,17,True,4,Mirai,4,Mirai,0.3628103309624683,0.23359428859340883,0.5618601648015825
3,7,17,True,4,Mirai,5,Recon,0.09945859332482411,0.11687177310783527,0.011154268779432132
3,7,17,True,4,Mirai,6,Spoofing,0.013735489835199661,0.23551406573403758,0.01860752929236095
3,7,17,True,4,Mirai,7,Web-Based,0.06174443390552908,0.09354163188937091,0.0898959161918447
3,7,17,True,5,Recon,0,Benign,0.20887941252349576,0.19299569169265546,0.25952094279778837
3,7,17,True,5,Recon,1,BruteForce,0.28348621992383943,0.041440762778716875,0.013930722871897163
3,7,17,True,5,Recon,2,DDoS,0.01692851710899224,0.03022876686587408,0.02460110721417558
3,7,17,True,5,Recon,3,DoS,0.01718100679335059,0.031536221572529506,0.026782891227141448
3,7,17,True,5,Recon,4,Mirai,0.2829688774232113,0.11800632712311934,0.5082181784870103
3,7,17,True,5,Recon,5,Recon,0.09448086817304738,0.22577406879376435,0.011940778991640274
3,7,17,True,5,Recon,6,Spoofing,0.015275956804312091,0.2198173795931057,0.02098337634349378
3,7,17,True,5,Recon,7,Web-Based,0.0807991412497513,0.14020078158023463,0.1340220020668531
3,7,17,True,6,Spoofing,0,Benign,0.2238576337703682,0.21520245372852803,0.302606185767156
3,7,17,True,6,Spoofing,1,BruteForce,0.30235501663663167,0.03456979566027099,0.013507241985149722
3,7,17,True,6,Spoofing,2,DDoS,0.01675842769407985,0.03001592814132998,0.025089976437142267
3,7,17,True,6,Spoofing,3,DoS,0.017057417823444564,0.03361015813484636,0.04117615354337931
3,7,17,True,6,Spoofing,4,Mirai,0.263396810627422,0.12200131762487045,0.48033069048874455
3,7,17,True,6,Spoofing,5,Recon,0.08713362631175749,0.18315677514336526,0.013000229641819839
3,7,17,True,6,Spoofing,6,Spoofing,0.01536675838561447,0.26525392405355325,0.021249318788605573
3,7,17,True,6,Spoofing,7,Web-Based,0.07407430875068181,0.11618964751323564,0.10304020334800273
3,7,17,True,7,Web-Based,0,Benign,0.21227987964951914,0.22421447464655453,0.28968093350244056
3,7,17,True,7,Web-Based,1,BruteForce,0.28039868343472824,0.03607628655456499,0.013761211173983294
3,7,17,True,7,Web-Based,2,DDoS,0.01705203535828637,0.03385107705107243,0.027595103491214332
3,7,17,True,7,Web-Based,3,DoS,0.016855140885405552,0.034939646449154066,0.021580846561655005
3,7,17,True,7,Web-Based,4,Mirai,0.29300378071248684,0.15271378618271197,0.5045295700101171
3,7,17,True,7,Web-Based,5,Recon,0.09248401368873477,0.1622656631486287,0.012630118921325022
3,7,17,True,7,Web-Based,6,Spoofing,0.014880983469341073,0.24006700136891582,0.020622524472812886
3,7,17,True,7,Web-Based,7,Web-Based,0.07304548280149799,0.11587206459839754,0.10959969186645173
3,7,18,True,0,Benign,0,Benign,0.05547055519700877,0.22261518382866308,0.06003669693124527
3,7,18,True,0,Benign,1,BruteForce,0.08822775738432716,0.03241710177318451,0.015925282420627428
3,7,18,True,0,Benign,2,DDoS,0.13050540068933017,0.05890334073112034,0.1752512081883567
3,7,18,True,0,Benign,3,DoS,0.05834416170220952,0.04419555666589006,0.05925209115095998
3,7,18,True,0,Benign,4,Mirai,0.14806613259903986,0.12457945180046238,0.2680656923199855
3,7,18,True,0,Benign,5,Recon,0.16609481006155707,0.17741827396826093,0.10830681306316478
3,7,18,True,0,Benign,6,Spoofing,0.12265663653636659,0.23643984503481139,0.1953149492678493
3,7,18,True,0,Benign,7,Web-Based,0.23063454583016088,0.10343124619760734,0.11784726665781116
3,7,18,True,1,BruteForce,0,Benign,0.05633140804726405,0.20800366734177544,0.05985143394031293
3,7,18,True,1,BruteForce,1,BruteForce,0.09628094466170324,0.04626471034751587,0.015592786599150038
3,7,18,True,1,BruteForce,2,DDoS,0.10537944382600044,0.03290895325470053,0.1289359280752761
3,7,18,True,1,BruteForce,3,DoS,0.03310797212620439,0.031571437524198276,0.02215712225230054
3,7,18,True,1,BruteForce,4,Mirai,0.1588481098231392,0.14521479365977635,0.317016468517998
3,7,18,True,1,BruteForce,5,Recon,0.18528434293528254,0.1581883730827726,0.11847456578080608
3,7,18,True,1,BruteForce,6,Spoofing,0.12091097328376184,0.23900025169335987,0.18611693944709506
3,7,18,True,1,BruteForce,7,Web-Based,0.24385680529664425,0.13884781309590108,0.15185475538706122
3,7,18,True,2,DDoS,0,Benign,0.02233487136514678,0.04583852342739396,0.029062631855855094
3,7,18,True,2,DDoS,1,BruteForce,0.036240104621544415,0.021329478837110522,0.016288194304989984
3,7,18,True,2,DDoS,2,DDoS,0.5396603262767353,0.6152592214266015,0.6648201106739219
3,7,18,True,2,DDoS,3,DoS,0.1631224446572185,0.12385374172603017,0.034976272066712825
3,7,18,True,2,DDoS,4,Mirai,0.06519099856177679,0.05178539079059444,0.096397978138924
3,7,18,True,2,DDoS,5,Recon,0.06326478925746584,0.060737426473450366,0.05429758367867338
3,7,18,True,2,DDoS,6,Spoofing,0.038765154150589606,0.05053306431512086,0.056696095005218945
3,7,18,True,2,DDoS,7,Web-Based,0.07142131110952277,0.030663153003698335,0.047461134275703955
3,7,18,True,3,DoS,0,Benign,0.0141102725645521,0.026214342877584496,0.02066310555668643
3,7,18,True,3,DoS,1,BruteForce,0.027199792213898583,0.016641664616914794,0.023275818268509742
3,7,18,True,3,DoS,2,DDoS,0.2378781152570194,0.18303726847770985,0.258822317646216
3,7,18,True,3,DoS,3,DoS,0.42035202291609347,0.556994901876168,0.4234930144571863
3,7,18,True,3,DoS,4,Mirai,0.15917601183481497,0.11890215962386048,0.09426692062515364
3,7,18,True,3,DoS,5,Recon,0.041343095628655784,0.02970309175701115,0.039583359254818457
3,7,18,True,3,DoS,6,Spoofing,0.034888073094810235,0.049837214938954766,0.08592159588391285
3,7,18,True,3,DoS,7,Web-Based,0.0650526164901555,0.01866935583179649,0.05397386830751663
3,7,18,True,4,Mirai,0,Benign,0.04923208654558348,0.1819722540883641,0.05628407963491555
3,7,18,True,4,Mirai,1,BruteForce,0.08190808341943596,0.03471026696913037,0.01544059660104304
3,7,18,True,4,Mirai,2,DDoS,0.1492122682419851,0.05535088618412041,0.15448560210473708
3,7,18,True,4,Mirai,3,DoS,0.05722357455536045,0.048444833433732654,0.04912073475735243
3,7,18,True,4,Mirai,4,Mirai,0.2055179421347905,0.23359428859340883,0.3346982396821286
3,7,18,True,4,Mirai,5,Recon,0.15564244205079736,0.11687177310783527,0.09483282830803735
3,7,18,True,4,Mirai,6,Spoofing,0.1025682026441105,0.23551406573403758,0.17399327749416404
3,7,18,True,4,Mirai,7,Web-Based,0.19869540040793668,0.09354163188937091,0.12114464141762199
3,7,18,True,5,Recon,0,Benign,0.05426287595451191,0.19299569169265546,0.05812312447001411
3,7,18,True,5,Recon,1,BruteForce,0.09303550090488105,0.041440762778716875,0.015691333544148797
3,7,18,True,5,Recon,2,DDoS,0.09904562513656902,0.03022876686587408,0.122115431082052
3,7,18,True,5,Recon,3,DoS,0.03243780969470348,0.031536221572529506,0.022574914676715394
3,7,18,True,5,Recon,4,Mirai,0.1523137652455228,0.11800632712311934,0.3151549157088511
3,7,18,True,5,Recon,5,Recon,0.21326936651108064,0.22577406879376435,0.13887600447012433
3,7,18,True,5,Recon,6,Spoofing,0.12133486405878795,0.2198173795931057,0.17694869786890408
3,7,18,True,5,Recon,7,Web-Based,0.23430019249394318,0.14020078158023463,0.15051557817919023
3,7,18,True,6,Spoofing,0,Benign,0.055813251631652454,0.21520245372852803,0.06170834865848539
3,7,18,True,6,Spoofing,1,BruteForce,0.09041336594742384,0.03456979566027099,0.015800834351637857
3,7,18,True,6,Spoofing,2,DDoS,0.091521035324946,0.03001592814132998,0.1232908717829644
3,7,18,True,6,Spoofing,3,DoS,0.03674708452445,0.03361015813484636,0.04271692378464614
3,7,18,True,6,Spoofing,4,Mirai,0.14598543060435937,0.12200131762487045,0.2729913861731602
3,7,18,True,6,Spoofing,5,Recon,0.17589213296627024,0.18315677514336526,0.11501973307918247
3,7,18,True,6,Spoofing,6,Spoofing,0.1472245703976756,0.26525392405355325,0.23591856384237125
3,7,18,True,6,Spoofing,7,Web-Based,0.2564031286032225,0.11618964751323564,0.13255333832755234
3,7,18,True,7,Web-Based,0,Benign,0.056690388827350245,0.22421447464655453,0.06290869206457517
3,7,18,True,7,Web-Based,1,BruteForce,0.0908488398436232,0.03607628655456499,0.015319260554912553
3,7,18,True,7,Web-Based,2,DDoS,0.11245610686130803,0.03385107705107243,0.14188922350994165
3,7,18,True,7,Web-Based,3,DoS,0.037229877182815986,0.034939646449154066,0.02459099334319162
3,7,18,True,7,Web-Based,4,Mirai,0.17278144127010822,0.15271378618271197,0.31275061179402036
3,7,18,True,7,Web-Based,5,Recon,0.18011678460471706,0.1622656631486287,0.11708161224186986
3,7,18,True,7,Web-Based,6,Spoofing,0.12038579778812203,0.24006700136891582,0.1881912653758733
3,7,18,True,7,Web-Based,7,Web-Based,0.22949076362195522,0.11587206459839754,0.13726834111561545
3,7,19,False,0,Benign,0,Benign,0.11446724496187453,0.22261518382866308,0.08823387665806656
3,7,19,False,0,Benign,1,BruteForce,0.011492272424478067,0.03241710177318451,0.01888932090882132
3,7,19,False,0,Benign,2,DDoS,0.23140823097720375,0.05890334073112034,0.2429632693628746
3,7,19,False,0,Benign,3,DoS,0.02612294243974572,0.04419555666589006,0.08348141086570714
3,7,19,False,0,Benign,4,Mirai,0.014683143373160979,0.12457945180046238,0.019610591700312093
3,7,19,False,0,Benign,5,Recon,0.16000317018207788,0.17741827396826093,0.17813600008336025
3,7,19,False,0,Benign,6,Spoofing,0.42513559174317034,0.23643984503481139,0.3497237577388485
3,7,19,False,0,Benign,7,Web-Based,0.01668740389828864,0.10343124619760734,0.018961772682009412
3,7,19,False,1,BruteForce,0,Benign,0.12141284236545048,0.20800366734177544,0.09913790567731263
3,7,19,False,1,BruteForce,1,BruteForce,0.012579739923859608,0.04626471034751587,0.018064839186361405
3,7,19,False,1,BruteForce,2,DDoS,0.22028983760090812,0.03290895325470053,0.20349844104536582
3,7,19,False,1,BruteForce,3,DoS,0.014254568418617941,0.031571437524198276,0.02784390523462867
3,7,19,False,1,BruteForce,4,Mirai,0.015349843640282747,0.14521479365977635,0.01950739318485699
3,7,19,False,1,BruteForce,5,Recon,0.15044590677695077,0.1581883730827726,0.2187069857341637
3,7,19,False,1,BruteForce,6,Spoofing,0.44820751296944256,0.23900025169335987,0.3939871007678026
3,7,19,False,1,BruteForce,7,Web-Based,0.01745974830448786,0.13884781309590108,0.019253429169508115
3,7,19,False,2,DDoS,0,Benign,0.035211306874268836,0.04583852342739396,0.03767276258733159
3,7,19,False,2,DDoS,1,BruteForce,0.007894900631288278,0.021329478837110522,0.016056824115162807
3,7,19,False,2,DDoS,2,DDoS,0.7378727146308405,0.6152592214266015,0.6882905537192153
3,7,19,False,2,DDoS,3,DoS,0.031326609992406274,0.12385374172603017,0.048163516725315256
3,7,19,False,2,DDoS,4,Mirai,0.009169826593593108,0.05178539079059444,0.016534657503638764
3,7,19,False,2,DDoS,5,Recon,0.0660097988553201,0.060737426473450366,0.07958947246139361
3,7,19,False,2,DDoS,6,Spoofing,0.10571370598802,0.05053306431512086,0.10282389900793108
3,7,19,False,2,DDoS,7,Web-Based,0.006801136434262818,0.030663153003698335,0.010868313880011578
3,7,19,False,3,DoS,0,Benign,0.014543004259099643,0.026214342877584496,0.020026217259025727
3,7,19,False,3,DoS,1,BruteForce,0.011177519836463477,0.016641664616914794,0.025034336214780212
3,7,19,False,3,DoS,2,DDoS,0.1956956858123122,0.18303726847770985,0.20879855364634697
3,7,19,False,3,DoS,3,DoS,0.6749251040505837,0.556994901876168,0.5733914465592493
3,7,19,False,3,DoS,4,Mirai,0.007386995261084401,0.11890215962386048,0.015936369513321242
3,7,19,False,3,DoS,5,Recon,0.0291014886332111,0.02970309175701115,0.0464978550774566
3,7,19,False,3,DoS,6,Spoofing,0.06154079773930801,0.049837214938954766,0.09841889403122607
3,7,19,False,3,DoS,7,Web-Based,0.005629404407937446,0.01866935583179649,0.011896327698594002
3,7,19,False,4,Mirai,0,Benign,0.10421901974693952,0.1819722540883641,0.09167101573892925
3,7,19,False,4,Mirai,1,BruteForce,0.012175007149059424,0.03471026696913037,0.019798226119701657
3,7,19,False,4,Mirai,2,DDoS,0.32425842933860277,0.05535088618412041,0.2596567372868506
3,7,19,False,4,Mirai,3,DoS,0.035677102975148534,0.048444833433732654,0.07104045203391178
3,7,19,False,4,Mirai,4,Mirai,0.01699756767110814,0.23359428859340883,0.021280885764181936
3,7,19,False,4,Mirai,5,Recon,0.11247706272842035,0.11687177310783527,0.16300272388462222
3,7,19,False,4,Mirai,6,Spoofing,0.378920327270328,0.23551406573403758,0.35435016413821613
3,7,19,False,4,Mirai,7,Web-Based,0.015275483120393176,0.09354163188937091,0.019199795033586476
3,7,19,False,5,Recon,0,Benign,0.1231656343029628,0.19299569169265546,0.09760074570728806
3,7,19,False,5,Recon,1,BruteForce,0.012115307400075567,0.041440762778716875,0.01785633303978797
3,7,19,False,5,Recon,2,DDoS,0.20669179071986676,0.03022876686587408,0.1952643830935358
3,7,19,False,5,Recon,3,DoS,0.015257291008087573,0.031536221572529506,0.02951280555912488
3,7,19,False,5,Recon,4,Mirai,0.013861815191692972,0.11800632712311934,0.019269203289343086
3,7,19,False,5,Recon,5,Recon,0.2235709621345877,0.22577406879376435,0.24910730652688962
3,7,19,False,5,Recon,6,Spoofing,0.38820283783304815,0.2198173795931057,0.37247809202891285
3,7,19,False,5,Recon,7,Web-Based,0.017134361409678448,0.14020078158023463,0.018911130755117668
3,7,19,False,6,Spoofing,0,Benign,0.11698035388310184,0.21520245372852803,0.09459257177217283
3,7,19,False,6,Spoofing,1,BruteForce,0.011060809178106758,0.03456979566027099,0.018608910498152272
3,7,19,False,6,Spoofing,2,DDoS,0.1741598606836773,0.03001592814132998,0.18479530680509787
3,7,19,False,6,Spoofing,3,DoS,0.022356877885215693,0.03361015813484636,0.06258030746707754
3,7,19,False,6,Spoofing,4,Mirai,0.014080927697088191,0.12200131762487045,0.01943747529338753
3,7,19,False,6,Spoofing,5,Recon,0.17185734383792964,0.18315677514336526,0.19519971533553404
3,7,19,False,6,Spoofing,6,Spoofing,0.47284689526056034,0.26525392405355325,0.405441605634872
3,7,19,False,6,Spoofing,7,Web-Based,0.016656931574320303,0.11618964751323564,0.01934410719370588
3,7,19,False,7,Web-Based,0,Benign,0.12439894832405639,0.22421447464655453,0.1007990821887821
3,7,19,False,7,Web-Based,1,BruteForce,0.011905933198059942,0.03607628655456499,0.018501421292924862
3,7,19,False,7,Web-Based,2,DDoS,0.24245163913602355,0.03385107705107243,0.2250672477616476
3,7,19,False,7,Web-Based,3,DoS,0.018587983398692904,0.034939646449154066,0.03364515979787337
3,7,19,False,7,Web-Based,4,Mirai,0.015922931926047487,0.15271378618271197,0.019942477727555873
3,7,19,False,7,Web-Based,5,Recon,0.15763277896920222,0.1622656631486287,0.2106561159097662
3,7,19,False,7,Web-Based,6,Spoofing,0.4115513395884658,0.24006700136891582,0.37142243101012146
3,7,19,False,7,Web-Based,7,Web-Based,0.017548445459451688,0.11587206459839754,0.01996606431132858
4,8,0,False,0,Benign,0,Benign,0.28197992463998045,0.23269592075577716,0.26278178160925625
4,8,0,False,0,Benign,1,BruteForce,0.07442210331141975,0.030996464123816223,0.05988172549568824
4,8,0,False,0,Benign,2,DDoS,0.008021020706799917,0.05872652325748158,0.017071578120114936
4,8,0,False,0,Benign,3,DoS,0.14245814534787682,0.04241400017814826,0.1844970353632558
4,8,0,False,0,Benign,4,Mirai,0.2894686966073926,0.13533560535957367,0.2918442271356306
4,8,0,False,0,Benign,5,Recon,0.16171661898832754,0.20157257871685322,0.14228985307871034
4,8,0,False,0,Benign,6,Spoofing,0.02127971910864172,0.20689831356355087,0.020855983251581833
4,8,0,False,0,Benign,7,Web-Based,0.020653771289561154,0.09136059404479907,0.020777815945762
4,8,0,False,1,BruteForce,0,Benign,0.21722453519554893,0.21308526017297977,0.2656430290659468
4,8,0,False,1,BruteForce,1,BruteForce,0.14806977746764774,0.044852194813274265,0.08753372719811156
4,8,0,False,1,BruteForce,2,DDoS,0.009849138071254251,0.03158024015050051,0.012764178493417473
4,8,0,False,1,BruteForce,3,DoS,0.07415676518957151,0.02806600200168648,0.07678476689708104
4,8,0,False,1,BruteForce,4,Mirai,0.34654989187243357,0.1406923370837715,0.3325634123379524
4,8,0,False,1,BruteForce,5,Recon,0.1526672101219939,0.20036288974025598,0.17508103946245743
4,8,0,False,1,BruteForce,6,Spoofing,0.020553767122454256,0.21813444897774178,0.022715882767572422
4,8,0,False,1,BruteForce,7,Web-Based,0.030928914959095936,0.12322662705978961,0.026913963777460977
4,8,0,False,2,DDoS,0,Benign,0.0657951777821848,0.047569880558573925,0.10478185413533818
4,8,0,False,2,DDoS,1,BruteForce,0.02787758096585194,0.019203356211214682,0.03363773507810239
4,8,0,False,2,DDoS,2,DDoS,0.560294779817527,0.614515260412294,0.4555644832146435
4,8,0,False,2,DDoS,3,DoS,0.13078549207246135,0.13712411089322266,0.16267828503382503
4,8,0,False,2,DDoS,4,Mirai,0.13783525777698133,0.05000527090501816,0.13805545173557351
4,8,0,False,2,DDoS,5,Recon,0.05909655324626247,0.06030902383023188,0.07114814746332884
4,8,0,False,2,DDoS,6,Spoofing,0.00872594253663204,0.04312064010327923,0.014144695575032938
4,8,0,False,2,DDoS,7,Web-Based,0.009589215802099232,0.02815245708616552,0.019989347764155587
4,8,0,False,3,DoS,0,Benign,0.020520864807663693,0.02452116374939693,0.031183219318431078
4,8,0,False,3,DoS,1,BruteForce,0.013192025182553526,0.015330579349075281,0.016828722475000998
4,8,0,False,3,DoS,2,DDoS,0.022621913036648046,0.18542759043533072,0.02177625241987036
4,8,0,False,3,DoS,3,DoS,0.8971178829861285,0.5739068440368543,0.8446218761534362
4,8,0,False,3,DoS,4,Mirai,0.021177459764818784,0.11548352016732241,0.0431461770917808
4,8,0,False,3,DoS,5,Recon,0.016668767882462302,0.027156422548040224,0.026358258254224377
4,8,0,False,3,DoS,6,Spoofing,0.0044960265752410165,0.0413090020364306,0.00856158772017071
4,8,0,False,3,DoS,7,Web-Based,0.004205059764483973,0.016864877677549513,0.007523906567085566
4,8,0,False,4,Mirai,0,Benign,0.20283548437773785,0.19204529076731203,0.25716740971373475
4,8,0,False,4,Mirai,1,BruteForce,0.07005826555003224,0.03623404579247397,0.06214343396007815
4,8,0,False,4,Mirai,2,DDoS,0.010201932754235898,0.05522800202323127,0.01386823720359379
4,8,0,False,4,Mirai,3,DoS,0.08594231319602635,0.04528110033605867,0.149772069756984
4,8,0,False,4,Mirai,4,Mirai,0.5053138086584449,0.24357255888166093,0.3716587945662579
4,8,0,False,4,Mirai,5,Recon,0.08781175058936258,0.13904947127527967,0.10328053476161966
4,8,0,False,4,Mirai,6,Spoofing,0.01981525295350252,0.20806410672916703,0.02136984537726492
4,8,0,False,4,Mirai,7,Web-Based,0.018021191920657778,0.08052542419481629,0.020739674660466896
4,8,0,False,5,Recon,0,Benign,0.19568474232712307,0.2024815829423339,0.24724985801781527
4,8,0,False,5,Recon,1,BruteForce,0.13155348559410057,0.039589642493798524,0.0851020256366411
4,8,0,False,5,Recon,2,DDoS,0.009469114138947164,0.029864046235041755,0.012058303129683059
4,8,0,False,5,Recon,3,DoS,0.10230599609768942,0.03209134721256832,0.0998195894281689
4,8,0,False,5,Recon,4,Mirai,0.28270262792375694,0.11917600394656454,0.3057203541264973
4,8,0,False,5,Recon,5,Recon,0.22781393059091198,0.248069360917462,0.20288978965026663
4,8,0,False,5,Recon,6,Spoofing,0.019588494235713398,0.2048981620044053,0.021513182207612613
4,8,0,False,5,Recon,7,Web-Based,0.030881609091757512,0.12382985424782562,0.025646897803315197
4,8,0,False,6,Spoofing,0,Benign,0.2607946843051848,0.22386111195446157,0.27290338038420653
4,8,0,False,6,Spoofing,1,BruteForce,0.0930780441946003,0.03331781911811083,0.06470870055203756
4,8,0,False,6,Spoofing,2,DDoS,0.007927029080346393,0.02870852400936903,0.012183481902706246
4,8,0,False,6,Spoofing,3,DoS,0.09450999031163455,0.0324845545587297,0.14846015901941642
4,8,0,False,6,Spoofing,4,Mirai,0.3031656372628167,0.1359877070585625,0.2955883962719409
4,8,0,False,6,Spoofing,5,Recon,0.18539350977151237,0.19977877273846473,0.16073231861293877
4,8,0,False,6,Spoofing,6,Spoofing,0.027870753777733435,0.24082345841688946,0.022702443629196753
4,8,0,False,6,Spoofing,7,Web-Based,0.02726035129617145,0.10503805214541215,0.02272111962755682
4,8,0,False,7,Web-Based,0,Benign,0.24053120339067272,0.23207756878602773,0.2828623583119801
4,8,0,False,7,Web-Based,1,BruteForce,0.07810780490430928,0.03565470974934867,0.06785994904824477
4,8,0,False,7,Web-Based,2,DDoS,0.010387488378941288,0.03292500428816392,0.014249287961015595
4,8,0,False,7,Web-Based,3,DoS,0.08508230123349314,0.032571898530675374,0.10621673236144319
4,8,0,False,7,Web-Based,4,Mirai,0.4151133548412019,0.15416056293366168,0.34482029681020887
4,8,0,False,7,Web-Based,5,Recon,0.12502661748740418,0.1903492354779579,0.13843233178161277
4,8,0,False,7,Web-Based,6,Spoofing,0.02260898376108318,0.21774834744349628,0.022295377231029485
4,8,0,False,7,Web-Based,7,Web-Based,0.02314224600289428,0.10451267279066835,0.023263666494465214
4,8,1,True,0,Benign,0,Benign,0.011204014891034274,0.23269592075577716,0.013568399554844724
4,8,1,True,0,Benign,1,BruteForce,0.00786630437197303,0.030996464123816223,0.008605934639372665
4,8,1,True,0,Benign,2,DDoS,0.05514171504415172,0.05872652325748158,0.07444771125811747
4,8,1,True,0,Benign,3,DoS,0.023948315276546034,0.04241400017814826,0.018250106949369942
4,8,1,True,0,Benign,4,Mirai,0.06070345477221173,0.13533560535957367,0.10807574100270502
4,8,1,True,0,Benign,5,Recon,0.1944788985815251,0.20157257871685322,0.2907260211972004
4,8,1,True,0,Benign,6,Spoofing,0.34493682897248545,0.20689831356355087,0.47608512375763967
4,8,1,True,0,Benign,7,Web-Based,0.30172046809007264,0.09136059404479907,0.010240961640750088
4,8,1,True,1,BruteForce,0,Benign,0.010145573869502897,0.21308526017297977,0.012838263384921755
4,8,1,True,1,BruteForce,1,BruteForce,0.008586965624561163,0.044852194813274265,0.008322975190072216
4,8,1,True,1,BruteForce,2,DDoS,0.03180672973992401,0.03158024015050051,0.0486947483017159
4,8,1,True,1,BruteForce,3,DoS,0.01544992080236997,0.02806600200168648,0.011921294151150431
4,8,1,True,1,BruteForce,4,Mirai,0.06850596136545556,0.1406923370837715,0.1105990736221884
4,8,1,True,1,BruteForce,5,Recon,0.17158933571823845,0.20036288974025598,0.29782863486713473
4,8,1,True,1,BruteForce,6,Spoofing,0.3685485798219094,0.21813444897774178,0.5004098369481974
4,8,1,True,1,BruteForce,7,Web-Based,0.32536693305803854,0.12322662705978961,0.00938517353461923
4,8,1,True,2,DDoS,0,Benign,0.006959761850610021,0.047569880558573925,0.010789170177697706
4,8,1,True,2,DDoS,1,BruteForce,0.008813682762513686,0.019203356211214682,0.008010163860307824
4,8,1,True,2,DDoS,2,DDoS,0.5211292851840603,0.614515260412294,0.6681850151860528
4,8,1,True,2,DDoS,3,DoS,0.16343496058712093,0.13712411089322266,0.02380207038049753
4,8,1,True,2,DDoS,4,Mirai,0.03809048252819788,0.05000527090501816,0.04539266732934675
4,8,1,True,2,DDoS,5,Recon,0.08699113650757996,0.06030902383023188,0.10933311795857123
4,8,1,True,2,DDoS,6,Spoofing,0.09794118673670148,0.04312064010327923,0.12801525908105618
4,8,1,True,2,DDoS,7,Web-Based,0.07663950384321569,0.02815245708616552,0.006472536026470069
4,8,1,True,3,DoS,0,Benign,0.006761269679903256,0.02452116374939693,0.010252218338446022
4,8,1,True,3,DoS,1,BruteForce,0.007616049602075609,0.015330579349075281,0.015216404503898918
4,8,1,True,3,DoS,2,DDoS,0.16823484419820176,0.18542759043533072,0.17155529533872457
4,8,1,True,3,DoS,3,DoS,0.5228223060034997,0.5739068440368543,0.5166624340617575
4,8,1,True,3,DoS,4,Mirai,0.14256706983646233,0.11548352016732241,0.050020635236841596
4,8,1,True,3,DoS,5,Recon,0.04072881103436259,0.027156422548040224,0.05898538021733843
4,8,1,True,3,DoS,6,Spoofing,0.05885466813041323,0.0413090020364306,0.16568625965394038
4,8,1,True,3,DoS,7,Web-Based,0.05241498151508154,0.016864877677549513,0.011621372649052655
4,8,1,True,4,Mirai,0,Benign,0.010500799025600199,0.19204529076731203,0.014618137705013036
4,8,1,True,4,Mirai,1,BruteForce,0.008396528020459046,0.03623404579247397,0.009102412497405885
4,8,1,True,4,Mirai,2,DDoS,0.05961739613966739,0.05522800202323127,0.08760477884375821
4,8,1,True,4,Mirai,3,DoS,0.03307976975883439,0.04528110033605867,0.02267124101393727
4,8,1,True,4,Mirai,4,Mirai,0.11777981345033793,0.24357255888166093,0.15230992245626365
4,8,1,True,4,Mirai,5,Recon,0.1450612216503523,0.13904947127527967,0.21313913990613298
4,8,1,True,4,Mirai,6,Spoofing,0.3178127663401516,0.20806410672916703,0.4892664164272418
4,8,1,True,4,Mirai,7,Web-Based,0.3077517056145971,0.08052542419481629,0.011287951150247227
4,8,1,True,5,Recon,0,Benign,0.009759269661687563,0.2024815829423339,0.011824808752694154
4,8,1,True,5,Recon,1,BruteForce,0.007898269871216439,0.039589642493798524,0.007794146199475564
4,8,1,True,5,Recon,2,DDoS,0.028868661998566393,0.029864046235041755,0.043844228754022566
4,8,1,True,5,Recon,3,DoS,0.01354142408376806,0.03209134721256832,0.011222183207049409
4,8,1,True,5,Recon,4,Mirai,0.06141232086440597,0.11917600394656454,0.10642451725044536
4,8,1,True,5,Recon,5,Recon,0.24572416419733473,0.248069360917462,0.38581164237960236
4,8,1,True,5,Recon,6,Spoofing,0.3536563867382357,0.2048981620044053,0.42455073847402264
4,8,1,True,5,Recon,7,Web-Based,0.27913950258478526,0.12382985424782562,0.00852773498268801
4,8,1,True,6,Spoofing,0,Benign,0.01085909162196297,0.22386111195446157,0.012756547625364765
4,8,1,True,6,Spoofing,1,BruteForce,0.007838841567877274,0.03331781911811083,0.00793767673279992
4,8,1,True,6,Spoofing,2,DDoS,0.026850852561599716,0.02870852400936903,0.04094354636442861
4,8,1,True,6,Spoofing,3,DoS,0.013738971429396991,0.0324845545587297,0.013276564153364187
4,8,1,True,6,Spoofing,4,Mirai,0.060403892217291165,0.1359877070585625,0.10214290260601923
4,8,1,True,6,Spoofing,5,Recon,0.19945748592825488,0.19977877273846473,0.30987281749361173
4,8,1,True,6,Spoofing,6,Spoofing,0.3675858240987253,0.24082345841688946,0.5035233321847596
4,8,1,True,6,Spoofing,7,Web-Based,0.31326504057489163,0.10503805214541215,0.009546612839651922
4,8,1,True,7,Web-Based,0,Benign,0.01080495407635192,0.23207756878602773,0.013734158361343934
4,8,1,True,7,Web-Based,1,BruteForce,0.008161232572690148,0.03565470974934867,0.008298821415736183
4,8,1,True,7,Web-Based,2,DDoS,0.03616454796469439,0.03292500428816392,0.05452670758696665
4,8,1,True,7,Web-Based,3,DoS,0.017765739638626606,0.032571898530675374,0.012572142659275492
4,8,1,True,7,Web-Based,4,Mirai,0.07943680488379641,0.15416056293366168,0.12680239855305564
4,8,1,True,7,Web-Based,5,Recon,0.18599608543826104,0.1903492354779579,0.29510931665947837
4,8,1,True,7,Web-Based,6,Spoofing,0.35487683776769874,0.21774834744349628,0.47882548768979566
4,8,1,True,7,Web-Based,7,Web-Based,0.30679379765788073,0.10451267279066835,0.010130967074348123
4,8,2,False,0,Benign,0,Benign,0.19177433972206903,0.23269592075577716,0.15516749217397513
4,8,2,False,0,Benign,1,BruteForce,0.018212319774813527,0.030996464123816223,0.02020697169099876
4,8,2,False,0,Benign,2,DDoS,0.012957333118866815,0.05872652325748158,0.02483690992421998
4,8,2,False,0,Benign,3,DoS,0.009693722060838298,0.04241400017814826,0.021903132373728325
4,8,2,False,0,Benign,4,Mirai,0.25488816095603434,0.13533560535957367,0.3359140225651714
4,8,2,False,0,Benign,5,Recon,0.4661621504921998,0.20157257871685322,0.38273503638041545
4,8,2,False,0,Benign,6,Spoofing,0.026749765094842046,0.20689831356355087,0.03607525256740638
4,8,2,False,0,Benign,7,Web-Based,0.019562208780336165,0.09136059404479907,0.02316118232408474
4,8,2,False,1,BruteForce,0,Benign,0.17484302648610622,0.21308526017297977,0.1467095370191094
4,8,2,False,1,BruteForce,1,BruteForce,0.026474024152917157,0.044852194813274265,0.022985457984859892
4,8,2,False,1,BruteForce,2,DDoS,0.01115200974280031,0.03158024015050051,0.017791320728001596
4,8,2,False,1,BruteForce,3,DoS,0.00711645965191978,0.02806600200168648,0.01686477535592938
4,8,2,False,1,BruteForce,4,Mirai,0.2750099883792542,0.1406923370837715,0.34946964266103686
4,8,2,False,1,BruteForce,5,Recon,0.4481362049311476,0.20036288974025598,0.38500319043422254
4,8,2,False,1,BruteForce,6,Spoofing,0.028469385113018268,0.21813444897774178,0.03336265034182514
4,8,2,False,1,BruteForce,7,Web-Based,0.02879890154283637,0.12322662705978961,0.027813425475015124
4,8,2,False,2,DDoS,0,Benign,0.05438825447856515,0.047569880558573925,0.09243642996206623
4,8,2,False,2,DDoS,1,BruteForce,0.012420422607043234,0.019203356211214682,0.024709175856203476
4,8,2,False,2,DDoS,2,DDoS,0.5965896229667623,0.614515260412294,0.45204813066914906
4,8,2,False,2,DDoS,3,DoS,0.026441156747954195,0.13712411089322266,0.02210006079565015
4,8,2,False,2,DDoS,4,Mirai,0.14232835850044478,0.05000527090501816,0.18417335762347684
4,8,2,False,2,DDoS,5,Recon,0.14702064626409764,0.06030902383023188,0.17897191068459242
4,8,2,False,2,DDoS,6,Spoofing,0.010650998994183062,0.04312064010327923,0.02380177489314433
4,8,2,False,2,DDoS,7,Web-Based,0.010160539440949657,0.02815245708616552,0.021759159515717497
4,8,2,False,3,DoS,0,Benign,0.024859936134979197,0.02452116374939693,0.07423245721019542
4,8,2,False,3,DoS,1,BruteForce,0.012042669155814385,0.015330579349075281,0.030443967390512406
4,8,2,False,3,DoS,2,DDoS,0.16124418046716277,0.18542759043533072,0.12209621095118063
4,8,2,False,3,DoS,3,DoS,0.5124684613527053,0.5739068440368543,0.2235281468682234
4,8,2,False,3,DoS,4,Mirai,0.16279292064009782,0.11548352016732241,0.24700607328376994
4,8,2,False,3,DoS,5,Recon,0.10205584713692853,0.027156422548040224,0.24790555799165553
4,8,2,False,3,DoS,6,Spoofing,0.013578923117990206,0.0413090020364306,0.029631423152986853
4,8,2,False,3,DoS,7,Web-Based,0.010957061994321893,0.016864877677549513,0.025156163151475817
4,8,2,False,4,Mirai,0,Benign,0.15581930416930306,0.19204529076731203,0.1493377915779523
4,8,2,False,4,Mirai,1,BruteForce,0.01731340364719306,0.03623404579247397,0.01927501948970061
4,8,2,False,4,Mirai,2,DDoS,0.01581622380091653,0.05522800202323127,0.02255940543558527
4,8,2,False,4,Mirai,3,DoS,0.008711031628428996,0.04528110033605867,0.020264412532864148
4,8,2,False,4,Mirai,4,Mirai,0.4675320752957004,0.24357255888166093,0.41690692612713565
4,8,2,False,4,Mirai,5,Recon,0.2944517765523939,0.13904947127527967,0.3150578115032778
4,8,2,False,4,Mirai,6,Spoofing,0.02354834791716325,0.20806410672916703,0.03463700112605171
4,8,2,False,4,Mirai,7,Web-Based,0.01680783698890079,0.08052542419481629,0.021961632207432438
4,8,2,False,5,Recon,0,Benign,0.14596710716155736,0.2024815829423339,0.13991036853333705
4,8,2,False,5,Recon,1,BruteForce,0.022497854471746077,0.039589642493798524,0.022959709159566802
4,8,2,False,5,Recon,2,DDoS,0.009620232150055516,0.029864046235041755,0.01759819314837628
4,8,2,False,5,Recon,3,DoS,0.00717064335075914,0.03209134721256832,0.016998861128553096
4,8,2,False,5,Recon,4,Mirai,0.21508496974906258,0.11917600394656454,0.3418745355520832
4,8,2,False,5,Recon,5,Recon,0.5488551413904631,0.248069360917462,0.40087168660804506
4,8,2,False,5,Recon,6,Spoofing,0.026248973627577242,0.2048981620044053,0.032696458412240906
4,8,2,False,5,Recon,7,Web-Based,0.024555078098779052,0.12382985424782562,0.027090187457797683
4,8,2,False,6,Spoofing,0,Benign,0.16371613456328193,0.22386111195446157,0.14999845851380175
4,8,2,False,6,Spoofing,1,BruteForce,0.020377189281414188,0.03331781911811083,0.020894841280412003
4,8,2,False,6,Spoofing,2,DDoS,0.00921936161780762,0.02870852400936903,0.01908801949955038
4,8,2,False,6,Spoofing,3,DoS,0.007550474003866658,0.0324845545587297,0.01990548896326303
4,8,2,False,6,Spoofing,4,Mirai,0.22847051057679163,0.1359877070585625,0.31733955553989673
4,8,2,False,6,Spoofing,5,Recon,0.518350751025622,0.19977877273846473,0.4104761713150622
4,8,2,False,6,Spoofing,6,Spoofing,0.02864063281441296,0.24082345841688946,0.03817166657681523
4,8,2,False,6,Spoofing,7,Web-Based,0.023674946116803007,0.10503805214541215,0.024125798311198696
4,8,2,False,7,Web-Based,0,Benign,0.16696301920720635,0.23207756878602773,0.15534963756362322
4,8,2,False,7,Web-Based,1,BruteForce,0.019517925331943867,0.03565470974934867,0.01998890373401627
4,8,2,False,7,Web-Based,2,DDoS,0.011130579124780634,0.03292500428816392,0.019995455457424424
4,8,2,False,7,Web-Based,3,DoS,0.0076606707483809315,0.032571898530675374,0.017779293256949942
4,8,2,False,7,Web-Based,4,Mirai,0.32213679893963804,0.15416056293366168,0.3703569074777412
4,8,2,False,7,Web-Based,5,Recon,0.42370846830194875,0.1903492354779579,0.3576040454011711
4,8,2,False,7,Web-Based,6,Spoofing,0.026640266607829,0.21774834744349628,0.03456511848490651
4,8,2,False,7,Web-Based,7,Web-Based,0.02224227173827251,0.10451267279066835,0.024360638624167468
4,8,3,False,0,Benign,0,Benign,0.15731514540192887,0.23269592075577716,0.11885254276976849
4,8,3,False,0,Benign,1,BruteForce,0.3915414017999235,0.030996464123816223,0.34183347738017056
4,8,3,False,0,Benign,2,DDoS,0.09468088121387666,0.05872652325748158,0.12378352278465309
4,8,3,False,0,Benign,3,DoS,0.022620780528847965,0.04241400017814826,0.044653900704609784
4,8,3,False,0,Benign,4,Mirai,0.17929927552713576,0.13533560535957367,0.22325900240316113
4,8,3,False,0,Benign,5,Recon,0.09579270619515856,0.20157257871685322,0.09131375981835803
4,8,3,False,0,Benign,6,Spoofing,0.022009847646196665,0.20689831356355087,0.02743729080595953
4,8,3,False,0,Benign,7,Web-Based,0.036739961686932096,0.09136059404479907,0.02886650333331943
4,8,3,False,1,BruteForce,0,Benign,0.10531121905116689,0.21308526017297977,0.10422845740096678
4,8,3,False,1,BruteForce,1,BruteForce,0.5395052761579021,0.044852194813274265,0.4420364598311267
4,8,3,False,1,BruteForce,2,DDoS,0.05462737202852071,0.03158024015050051,0.06434640405943129
4,8,3,False,1,BruteForce,3,DoS,0.023029171777599576,0.02806600200168648,0.04339879802482092
4,8,3,False,1,BruteForce,4,Mirai,0.1555282328628808,0.1406923370837715,0.20464662397004163
4,8,3,False,1,BruteForce,5,Recon,0.05648424776146104,0.20036288974025598,0.08160172798012294
4,8,3,False,1,BruteForce,6,Spoofing,0.022339171765406986,0.21813444897774178,0.028321106426362385
4,8,3,False,1,BruteForce,7,Web-Based,0.04317530859506182,0.12322662705978961,0.03142042230712738
4,8,3,False,2,DDoS,0,Benign,0.044689194447554814,0.047569880558573925,0.05418656669811476
4,8,3,False,2,DDoS,1,BruteForce,0.12290745511672109,0.019203356211214682,0.13362710600047714
4,8,3,False,2,DDoS,2,DDoS,0.6572843318585968,0.614515260412294,0.6084341304810735
4,8,3,False,2,DDoS,3,DoS,0.019658137839159012,0.13712411089322266,0.029694312183729966
4,8,3,False,2,DDoS,4,Mirai,0.07603989269576042,0.05000527090501816,0.0876212099996208
4,8,3,False,2,DDoS,5,Recon,0.055943548054072555,0.06030902383023188,0.05046877631761053
4,8,3,False,2,DDoS,6,Spoofing,0.009494847829139104,0.04312064010327923,0.016799953749613523
4,8,3,False,2,DDoS,7,Web-Based,0.013982592158996169,0.02815245708616552,0.01916794456975978
4,8,3,False,3,DoS,0,Benign,0.023609657066897986,0.02452116374939693,0.049824806740559134
4,8,3,False,3,DoS,1,BruteForce,0.09364055189593948,0.015330579349075281,0.15871638978004346
4,8,3,False,3,DoS,2,DDoS,0.26857917960632627,0.18542759043533072,0.2739374321325671
4,8,3,False,3,DoS,3,DoS,0.4892558702860508,0.5739068440368543,0.2839548812108047
4,8,3,False,3,DoS,4,Mirai,0.07957218035026373,0.11548352016732241,0.14274198998363813
4,8,3,False,3,DoS,5,Recon,0.022271922532852515,0.027156422548040224,0.046865274202214556
4,8,3,False,3,DoS,6,Spoofing,0.010503675389202237,0.0413090020364306,0.018854402550887935
4,8,3,False,3,DoS,7,Web-Based,0.012566962872467094,0.016864877677549513,0.02510482339928486
4,8,3,False,4,Mirai,0,Benign,0.10429782591516547,0.19204529076731203,0.10394801873029945
4,8,3,False,4,Mirai,1,BruteForce,0.4007034740380219,0.03623404579247397,0.3662581022185664
4,8,3,False,4,Mirai,2,DDoS,0.0980933054818632,0.05522800202323127,0.10740728079125414
4,8,3,False,4,Mirai,3,DoS,0.02226167183538,0.04528110033605867,0.04208730839404158
4,8,3,False,4,Mirai,4,Mirai,0.2643338300809282,0.24357255888166093,0.25034116343665686
4,8,3,False,4,Mirai,5,Recon,0.05630478671880592,0.13904947127527967,0.07377720890383144
4,8,3,False,4,Mirai,6,Spoofing,0.02073895305459525,0.20806410672916703,0.027117561978776256
4,8,3,False,4,Mirai,7,Web-Based,0.033266152875240096,0.08052542419481629,0.029063355546573952
4,8,3,False,5,Recon,0,Benign,0.10012360339563298,0.2024815829423339,0.09756590563366478
4,8,3,False,5,Recon,1,BruteForce,0.5332885859753969,0.039589642493798524,0.4393565922828682
4,8,3,False,5,Recon,2,DDoS,0.05319725307010239,0.029864046235041755,0.06267543526401637
4,8,3,False,5,Recon,3,DoS,0.02358151996352092,0.03209134721256832,0.04463156907363983
4,8,3,False,5,Recon,4,Mirai,0.14375536286716142,0.11917600394656454,0.20565759171174258
4,8,3,False,5,Recon,5,Recon,0.0824150481814813,0.248069360917462,0.0917340051966015
4,8,3,False,5,Recon,6,Spoofing,0.02117103412775735,0.2048981620044053,0.02682067240807345
4,8,3,False,5,Recon,7,Web-Based,0.04246759241894683,0.12382985424782562,0.03155822842939329
4,8,3,False,6,Spoofing,0,Benign,0.14950938040553605,0.22386111195446157,0.12262083379026725
4,8,3,False,6,Spoofing,1,BruteForce,0.43410920109624834,0.03331781911811083,0.3671513011785513
4,8,3,False,6,Spoofing,2,DDoS,0.04624161115116596,0.02870852400936903,0.07061394487219584
4,8,3,False,6,Spoofing,3,DoS,0.02002609514024831,0.0324845545587297,0.04085530223639366
4,8,3,False,6,Spoofing,4,Mirai,0.17784395561528465,0.1359877070585625,0.2393203767527391
4,8,3,False,6,Spoofing,5,Recon,0.1037540467965755,0.19977877273846473,0.09944266369448852
4,8,3,False,6,Spoofing,6,Spoofing,0.024436889108670284,0.24082345841688946,0.030191004562158057
4,8,3,False,6,Spoofing,7,Web-Based,0.04407882068627101,0.10503805214541215,0.029804572913206245
4,8,3,False,7,Web-Based,0,Benign,0.14001313422997605,0.23207756878602773,0.12166781308232819
4,8,3,False,7,Web-Based,1,BruteForce,0.4337977586601263,0.03565470974934867,0.381819740473302
4,8,3,False,7,Web-Based,2,DDoS,0.05626865821734811,0.03292500428816392,0.08681887661962281
4,8,3,False,7,Web-Based,3,DoS,0.0219887345019415,0.032571898530675374,0.03828257697757771
4,8,3,False,7,Web-Based,4,Mirai,0.19668278584761723,0.15416056293366168,0.22489869579251326
4,8,3,False,7,Web-Based,5,Recon,0.08706334694371105,0.1903492354779579,0.08862106663524917
4,8,3,False,7,Web-Based,6,Spoofing,0.02335483413665865,0.21774834744349628,0.027871303862086062
4,8,3,False,7,Web-Based,7,Web-Based,0.040830747462621074,0.10451267279066835,0.030019926557320668
4,8,4,False,0,Benign,0,Benign,0.5406274685798398,0.23269592075577716,0.5079957351917117
4,8,4,False,0,Benign,1,BruteForce,0.01767776526586886,0.030996464123816223,0.01748946183137613
4,8,4,False,0,Benign,2,DDoS,0.012980408688467693,0.05872652325748158,0.021068978105766273
4,8,4,False,0,Benign,3,DoS,0.059742481729338166,0.04241400017814826,0.11805400248392045
4,8,4,False,0,Benign,4,Mirai,0.059399584168657545,0.13533560535957367,0.051857750097300044
4,8,4,False,0,Benign,5,Recon,0.0384611954829498,0.20157257871685322,0.044870356461185056
4,8,4,False,0,Benign,6,Spoofing,0.15026781323730098,0.20689831356355087,0.12974401873056032
4,8,4,False,0,Benign,7,Web-Based,0.1208432828475772,0.09136059404479907,0.10891969709817997
4,8,4,False,1,BruteForce,0,Benign,0.5086881291654466,0.21308526017297977,0.5389955761261209
4,8,4,False,1,BruteForce,1,BruteForce,0.022224359183827095,0.044852194813274265,0.017308943523206857
4,8,4,False,1,BruteForce,2,DDoS,0.013276670388723317,0.03158024015050051,0.019094587480338956
4,8,4,False,1,BruteForce,3,DoS,0.026358269067621277,0.02806600200168648,0.046011712086405
4,8,4,False,1,BruteForce,4,Mirai,0.07116215700155412,0.1406923370837715,0.05660047445349295
4,8,4,False,1,BruteForce,5,Recon,0.03106223258466202,0.20036288974025598,0.04878325819914148
4,8,4,False,1,BruteForce,6,Spoofing,0.16392427211617083,0.21813444897774178,0.13701215473952064
4,8,4,False,1,BruteForce,7,Web-Based,0.16330391049199486,0.12322662705978961,0.13619329339177316
4,8,4,False,2,DDoS,0,Benign,0.15661402785384942,0.047569880558573925,0.24393959575792235
4,8,4,False,2,DDoS,1,BruteForce,0.01653283418494212,0.019203356211214682,0.022141041236417712
4,8,4,False,2,DDoS,2,DDoS,0.5524185762354001,0.614515260412294,0.4235565978710404
4,8,4,False,2,DDoS,3,DoS,0.11493196673126811,0.13712411089322266,0.10550288890410102
4,8,4,False,2,DDoS,4,Mirai,0.034152783938646486,0.05000527090501816,0.038561222616288644
4,8,4,False,2,DDoS,5,Recon,0.019050805396553232,0.06030902383023188,0.031050563041224537
4,8,4,False,2,DDoS,6,Spoofing,0.051634730279956284,0.04312064010327923,0.06882433656623298
4,8,4,False,2,DDoS,7,Web-Based,0.054664275379384265,0.02815245708616552,0.06642375400677236
4,8,4,False,3,DoS,0,Benign,0.05465819248724725,0.02452116374939693,0.07787514820812906
4,8,4,False,3,DoS,1,BruteForce,0.007611338267606508,0.015330579349075281,0.018979474854902208
4,8,4,False,3,DoS,2,DDoS,0.024226159409931954,0.18542759043533072,0.028906935572254794
4,8,4,False,3,DoS,3,DoS,0.852099176109288,0.5739068440368543,0.7484607123074821
4,8,4,False,3,DoS,4,Mirai,0.01171688918333149,0.11548352016732241,0.023447361734180414
4,8,4,False,3,DoS,5,Recon,0.00735159115084261,0.027156422548040224,0.01725485135104091
4,8,4,False,3,DoS,6,Spoofing,0.025161595453898174,0.0413090020364306,0.04805986709779222
4,8,4,False,3,DoS,7,Web-Based,0.017175057937854045,0.016864877677549513,0.03701564887421835
4,8,4,False,4,Mirai,0,Benign,0.49203271422577277,0.19204529076731203,0.4965879247066158
4,8,4,False,4,Mirai,1,BruteForce,0.01930354581498848,0.03623404579247397,0.01775053418160157
4,8,4,False,4,Mirai,2,DDoS,0.013534344299380956,0.05522800202323127,0.01977268644247351
4,8,4,False,4,Mirai,3,DoS,0.08178606182716512,0.04528110033605867,0.12263830614322681
4,8,4,False,4,Mirai,4,Mirai,0.09290556913861248,0.24357255888166093,0.05638430205370269
4,8,4,False,4,Mirai,5,Recon,0.027917526397369715,0.13904947127527967,0.04138758345937428
4,8,4,False,4,Mirai,6,Spoofing,0.15031478120711464,0.20806410672916703,0.1311358886537027
4,8,4,False,4,Mirai,7,Web-Based,0.12220545708959575,0.08052542419481629,0.11434277435930258
4,8,4,False,5,Recon,0,Benign,0.5110788938453235,0.2024815829423339,0.5312455447983859
4,8,4,False,5,Recon,1,BruteForce,0.021690126613277665,0.039589642493798524,0.0175746854967464
4,8,4,False,5,Recon,2,DDoS,0.012930433873220903,0.029864046235041755,0.019201740904951983
4,8,4,False,5,Recon,3,DoS,0.026052085701252146,0.03209134721256832,0.051801502990743445
4,8,4,False,5,Recon,4,Mirai,0.06257888471726619,0.11917600394656454,0.05578130400813185
4,8,4,False,5,Recon,5,Recon,0.04849919688496285,0.248069360917462,0.0544097450669764
4,8,4,False,5,Recon,6,Spoofing,0.14946576325995042,0.2048981620044053,0.13279172107750647
4,8,4,False,5,Recon,7,Web-Based,0.16770461510474644,0.12382985424782562,0.13719375565655736
4,8,4,False,6,Spoofing,0,Benign,0.5254813653067794,0.22386111195446157,0.5367291950120796
4,8,4,False,6,Spoofing,1,BruteForce,0.018406027764514082,0.03331781911811083,0.017387891299526708
4,8,4,False,6,Spoofing,2,DDoS,0.011906754457822832,0.02870852400936903,0.019919672538647067
4,8,4,False,6,Spoofing,3,DoS,0.02813079381487422,0.0324845545587297,0.07140899313666473
4,8,4,False,6,Spoofing,4,Mirai,0.05923271119294734,0.1359877070585625,0.05230154226277583
4,8,4,False,6,Spoofing,5,Recon,0.03790079130280968,0.19977877273846473,0.04718666696582754
4,8,4,False,6,Spoofing,6,Spoofing,0.1843726342368659,0.24082345841688946,0.1407045503825967
4,8,4,False,6,Spoofing,7,Web-Based,0.13456892192338665,0.10503805214541215,0.11436148840188197
4,8,4,False,7,Web-Based,0,Benign,0.5263267435863197,0.23207756878602773,0.5452923947553538
4,8,4,False,7,Web-Based,1,BruteForce,0.019531187265777645,0.03565470974934867,0.017324480126832013
4,8,4,False,7,Web-Based,2,DDoS,0.012838585018422805,0.03292500428816392,0.020624852395507213
4,8,4,False,7,Web-Based,3,DoS,0.03323433831326504,0.032571898530675374,0.051402003499636945
4,8,4,False,7,Web-Based,4,Mirai,0.07412640213912038,0.15416056293366168,0.05589367899116845
4,8,4,False,7,Web-Based,5,Recon,0.0335085239965365,0.1903492354779579,0.04665063687173556
4,8,4,False,7,Web-Based,6,Spoofing,0.15838821653439003,0.21774834744349628,0.134926452910806
4,8,4,False,7,Web-Based,7,Web-Based,0.14204600314616792,0.10451267279066835,0.12788550044896002
4,8,5,False,0,Benign,0,Benign,0.4236413111092537,0.23269592075577716,0.3783280723088211
4,8,5,False,0,Benign,1,BruteForce,0.009688068933313481,0.030996464123816223,0.017547510079094965
4,8,5,False,0,Benign,2,DDoS,0.03437078617494454,0.05872652325748158,0.051107934128251306
4,8,5,False,0,Benign,3,DoS,0.009973205702509667,0.04241400017814826,0.01959878619832978
4,8,5,False,0,Benign,4,Mirai,0.02101230969460182,0.13533560535957367,0.02363074014508072
4,8,5,False,0,Benign,5,Recon,0.0525439264887736,0.20157257871685322,0.0744806952042887
4,8,5,False,0,Benign,6,Spoofing,0.43413886555775466,0.20689831356355087,0.41640980896830043
4,8,5,False,0,Benign,7,Web-Based,0.01463152633884859,0.09136059404479907,0.018896452967833058
4,8,5,False,1,BruteForce,0,Benign,0.44247524374607217,0.21308526017297977,0.4220793397155259
4,8,5,False,1,BruteForce,1,BruteForce,0.010651063855652364,0.044852194813274265,0.017452424571843622
4,8,5,False,1,BruteForce,2,DDoS,0.016255639450665077,0.03158024015050051,0.030756218001764053
4,8,5,False,1,BruteForce,3,DoS,0.00807619124122096,0.02806600200168648,0.019057952971509008
4,8,5,False,1,BruteForce,4,Mirai,0.02210034005341641,0.1406923370837715,0.02385929989556012
4,8,5,False,1,BruteForce,5,Recon,0.046653658049129354,0.20036288974025598,0.0768380145216068
4,8,5,False,1,BruteForce,6,Spoofing,0.43836333622579904,0.21813444897774178,0.3907260856561628
4,8,5,False,1,BruteForce,7,Web-Based,0.015424527378044667,0.12322662705978961,0.019230664666027766
4,8,5,False,2,DDoS,0,Benign,0.1322967378972521,0.047569880558573925,0.15728459891530153
4,8,5,False,2,DDoS,1,BruteForce,0.009554374846861426,0.019203356211214682,0.020081329595853403
4,8,5,False,2,DDoS,2,DDoS,0.6453166469061096,0.614515260412294,0.5617724981376889
4,8,5,False,2,DDoS,3,DoS,0.011027591567363238,0.13712411089322266,0.012859254036653837
4,8,5,False,2,DDoS,4,Mirai,0.012005667336951336,0.05000527090501816,0.019400251437496654
4,8,5,False,2,DDoS,5,Recon,0.038864028214616826,0.06030902383023188,0.04233680995181692
4,8,5,False,2,DDoS,6,Spoofing,0.14284714696514128,0.04312064010327923,0.17072499753583964
4,8,5,False,2,DDoS,7,Web-Based,0.008087806265704395,0.02815245708616552,0.01554026038934899
4,8,5,False,3,DoS,0,Benign,0.07347391806620725,0.02452116374939693,0.1521870865087781
4,8,5,False,3,DoS,1,BruteForce,0.013844186923594891,0.015330579349075281,0.02707200618051485
4,8,5,False,3,DoS,2,DDoS,0.1657662704225495,0.18542759043533072,0.14666000047508393
4,8,5,False,3,DoS,3,DoS,0.43698697966507266,0.5739068440368543,0.18098746353411105
4,8,5,False,3,DoS,4,Mirai,0.014268395477239312,0.11548352016732241,0.0225941413864522
4,8,5,False,3,DoS,5,Recon,0.01958952749226905,0.027156422548040224,0.047561405360367064
4,8,5,False,3,DoS,6,Spoofing,0.26519971016447114,0.0413090020364306,0.40015524914078443
4,8,5,False,3,DoS,7,Web-Based,0.01087101178859641,0.016864877677549513,0.02278264741390845
4,8,5,False,4,Mirai,0,Benign,0.40425631952939306,0.19204529076731203,0.3881948853418603
4,8,5,False,4,Mirai,1,BruteForce,0.010586402159580774,0.03623404579247397,0.017591480932306197
4,8,5,False,4,Mirai,2,DDoS,0.03211312856212303,0.05522800202323127,0.04069487135055433
4,8,5,False,4,Mirai,3,DoS,0.009599869548319389,0.04528110033605867,0.019884109120460344
4,8,5,False,4,Mirai,4,Mirai,0.025444222351300387,0.24357255888166093,0.024656434139932532
4,8,5,False,4,Mirai,5,Recon,0.040782940218551306,0.13904947127527967,0.0680386101742592
4,8,5,False,4,Mirai,6,Spoofing,0.46275287966544737,0.20806410672916703,0.422302547286838
4,8,5,False,4,Mirai,7,Web-Based,0.014464237965284591,0.08052542419481629,0.01863706165378906
4,8,5,False,5,Recon,0,Benign,0.45758237704258814,0.2024815829423339,0.4165851513257524
4,8,5,False,5,Recon,1,BruteForce,0.010473645550775445,0.039589642493798524,0.017232907660537707
4,8,5,False,5,Recon,2,DDoS,0.016162206438980958,0.029864046235041755,0.030855083847475456
4,8,5,False,5,Recon,3,DoS,0.008218822405506447,0.03209134721256832,0.01930504435685354
4,8,5,False,5,Recon,4,Mirai,0.021020129471045156,0.11917600394656454,0.023053352050397432
4,8,5,False,5,Recon,5,Recon,0.07729205449820327,0.248069360917462,0.09082699923357593
4,8,5,False,5,Recon,6,Spoofing,0.3935464081005442,0.2048981620044053,0.3830407149459981
4,8,5,False,5,Recon,7,Web-Based,0.015704356492356446,0.12382985424782562,0.019100746579409494
4,8,5,False,6,Spoofing,0,Benign,0.3979431860704599,0.22386111195446157,0.384339731543249
4,8,5,False,6,Spoofing,1,BruteForce,0.009391795224195762,0.03331781911811083,0.017071650158905514
4,8,5,False,6,Spoofing,2,DDoS,0.015357812313867576,0.02870852400936903,0.03154310353527155
4,8,5,False,6,Spoofing,3,DoS,0.00848772839191431,0.0324845545587297,0.01963870014916002
4,8,5,False,6,Spoofing,4,Mirai,0.02048307877635096,0.1359877070585625,0.02363134532308709
4,8,5,False,6,Spoofing,5,Recon,0.049151883902141445,0.19977877273846473,0.07216007608053722
4,8,5,False,6,Spoofing,6,Spoofing,0.4844859126694676,0.24082345841688946,0.4330544183475924
4,8,5,False,6,Spoofing,7,Web-Based,0.014698602651602402,0.10503805214541215,0.018560974862197207
4,8,5,False,7,Web-Based,0,Benign,0.44810045605506754,0.23207756878602773,0.4216269510220606
4,8,5,False,7,Web-Based,1,BruteForce,0.009875577484245068,0.03565470974934867,0.01734601397073613
4,8,5,False,7,Web-Based,2,DDoS,0.015989044166722133,0.03292500428816392,0.033328462487528146
4,8,5,False,7,Web-Based,3,DoS,0.008401509162838137,0.032571898530675374,0.019046315251843134
4,8,5,False,7,Web-Based,4,Mirai,0.023162150459772327,0.15416056293366168,0.02389689832549251
4,8,5,False,7,Web-Based,5,Recon,0.04634221363782472,0.1903492354779579,0.07154520334700588
4,8,5,False,7,Web-Based,6,Spoofing,0.43331627494527636,0.21774834744349628,0.3943679879536759
4,8,5,False,7,Web-Based,7,Web-Based,0.01481277408825378,0.10451267279066835,0.018842167641657553
4,8,6,False,0,Benign,0,Benign,0.5944093912521136,0.23269592075577716,0.5635906685768259
4,8,6,False,0,Benign,1,BruteForce,0.06823482577695286,0.030996464123816223,0.07299659075803594
4,8,6,False,0,Benign,2,DDoS,0.013582394274000341,0.05872652325748158,0.022728536544494627
4,8,6,False,0,Benign,3,DoS,0.01334461264096741,0.04241400017814826,0.031804090117990215
4,8,6,False,0,Benign,4,Mirai,0.26728518755552816,0.13533560535957367,0.2587297366439052
4,8,6,False,0,Benign,5,Recon,0.017811956991658523,0.20157257871685322,0.018895481360983485
4,8,6,False,0,Benign,6,Spoofing,0.014890183129572349,0.20689831356355087,0.0177701765605472
4,8,6,False,0,Benign,7,Web-Based,0.010441448379206922,0.09136059404479907,0.01348471943721746
4,8,6,False,1,BruteForce,0,Benign,0.5485717055580347,0.21308526017297977,0.5549714020686299
4,8,6,False,1,BruteForce,1,BruteForce,0.09141216261248096,0.044852194813274265,0.08560280046420034
4,8,6,False,1,BruteForce,2,DDoS,0.015304356382856321,0.03158024015050051,0.021062767913920828
4,8,6,False,1,BruteForce,3,DoS,0.010857608585389547,0.02806600200168648,0.02567387307698594
4,8,6,False,1,BruteForce,4,Mirai,0.28986568431519216,0.1406923370837715,0.26100076552171436
4,8,6,False,1,BruteForce,5,Recon,0.01606576898263375,0.20036288974025598,0.019051100528756047
4,8,6,False,1,BruteForce,6,Spoofing,0.01563891839713372,0.21813444897774178,0.018381569423341976
4,8,6,False,1,BruteForce,7,Web-Based,0.012283795166278949,0.12322662705978961,0.014255721002450587
4,8,6,False,2,DDoS,0,Benign,0.2631483517160513,0.047569880558573925,0.4202436186435445
4,8,6,False,2,DDoS,1,BruteForce,0.04135303002319632,0.019203356211214682,0.05236872798432571
4,8,6,False,2,DDoS,2,DDoS,0.3034527256441634,0.614515260412294,0.18140853702907217
4,8,6,False,2,DDoS,3,DoS,0.04649187042453046,0.13712411089322266,0.03450566219496077
4,8,6,False,2,DDoS,4,Mirai,0.3082718397033711,0.05000527090501816,0.2590831465024586
4,8,6,False,2,DDoS,5,Recon,0.01570008857000194,0.06030902383023188,0.018087462278336484
4,8,6,False,2,DDoS,6,Spoofing,0.011733870662925123,0.04312064010327923,0.017904361348387392
4,8,6,False,2,DDoS,7,Web-Based,0.009848223255760291,0.02815245708616552,0.016398484018914375
4,8,6,False,3,DoS,0,Benign,0.11921597539982644,0.02452116374939693,0.25688272991575484
4,8,6,False,3,DoS,1,BruteForce,0.038999519425139,0.015330579349075281,0.06691429012445817
4,8,6,False,3,DoS,2,DDoS,0.027697869930244527,0.18542759043533072,0.040240292913036796
4,8,6,False,3,DoS,3,DoS,0.6073939638693269,0.5739068440368543,0.3115024818327052
4,8,6,False,3,DoS,4,Mirai,0.17226024827449538,0.11548352016732241,0.26550556668029934
4,8,6,False,3,DoS,5,Recon,0.011995125330899194,0.027156422548040224,0.02110137052285292
4,8,6,False,3,DoS,6,Spoofing,0.01191458742388777,0.0413090020364306,0.018396588269915543
4,8,6,False,3,DoS,7,Web-Based,0.010522710346180887,0.016864877677549513,0.019456679740977197
4,8,6,False,4,Mirai,0,Benign,0.46250343596376925,0.19204529076731203,0.5069725828697176
4,8,6,False,4,Mirai,1,BruteForce,0.07203728683850749,0.03623404579247397,0.07708283150685984
4,8,6,False,4,Mirai,2,DDoS,0.015618842772332291,0.05522800202323127,0.023175436673754362
4,8,6,False,4,Mirai,3,DoS,0.013129927978775479,0.04528110033605867,0.029480894384506
4,8,6,False,4,Mirai,4,Mirai,0.3967746767024472,0.24357255888166093,0.31307240406737114
4,8,6,False,4,Mirai,5,Recon,0.014895947285491965,0.13904947127527967,0.018484869990236578
4,8,6,False,4,Mirai,6,Spoofing,0.014465073543794543,0.20806410672916703,0.017907721722121184
4,8,6,False,4,Mirai,7,Web-Based,0.010574808914881691,0.08052542419481629,0.013823258785433315
4,8,6,False,5,Recon,0,Benign,0.5564716441232582,0.2024815829423339,0.5511247022879678
4,8,6,False,5,Recon,1,BruteForce,0.09681961449680548,0.039589642493798524,0.08735828671699891
4,8,6,False,5,Recon,2,DDoS,0.01564453264554992,0.029864046235041755,0.021377815255414247
4,8,6,False,5,Recon,3,DoS,0.01229131354369461,0.03209134721256832,0.026286416125428317
4,8,6,False,5,Recon,4,Mirai,0.27119696919538666,0.11917600394656454,0.2618948779018005
4,8,6,False,5,Recon,5,Recon,0.019500370893214772,0.248069360917462,0.019279064524510857
4,8,6,False,5,Recon,6,Spoofing,0.0154430395904714,0.2048981620044053,0.018291903731509438
4,8,6,False,5,Recon,7,Web-Based,0.012632515511619065,0.12382985424782562,0.014386933456370042
4,8,6,False,6,Spoofing,0,Benign,0.5820222318533975,0.22386111195446157,0.574631586254015
4,8,6,False,6,Spoofing,1,BruteForce,0.07311953052755855,0.03331781911811083,0.07334502540275967
4,8,6,False,6,Spoofing,2,DDoS,0.013353089867020995,0.02870852400936903,0.02158222435786873
4,8,6,False,6,Spoofing,3,DoS,0.010780134330342863,0.0324845545587297,0.026679753006541466
4,8,6,False,6,Spoofing,4,Mirai,0.2777863672737612,0.1359877070585625,0.2542762647531606
4,8,6,False,6,Spoofing,5,Recon,0.01726049780182877,0.19977877273846473,0.01860513125670131
4,8,6,False,6,Spoofing,6,Spoofing,0.014758696195422749,0.24082345841688946,0.017691682519896265
4,8,6,False,6,Spoofing,7,Web-Based,0.010919452150667293,0.10503805214541215,0.013188332449056994
4,8,6,False,7,Web-Based,0,Benign,0.5464558595770946,0.23207756878602773,0.5607980975870772
4,8,6,False,7,Web-Based,1,BruteForce,0.0739452100468088,0.03565470974934867,0.07829739978430017
4,8,6,False,7,Web-Based,2,DDoS,0.013773498224705145,0.03292500428816392,0.021601190255963076
4,8,6,False,7,Web-Based,3,DoS,0.010658783982648289,0.032571898530675374,0.024415889745459884
4,8,6,False,7,Web-Based,4,Mirai,0.3133277569542147,0.15416056293366168,0.26472536396730617
4,8,6,False,7,Web-Based,5,Recon,0.016249829616738046,0.1903492354779579,0.01866916262239674
4,8,6,False,7,Web-Based,6,Spoofing,0.014708170100999387,0.21774834744349628,0.01774326431444597
4,8,6,False,7,Web-Based,7,Web-Based,0.010880891496791148,0.10451267279066835,0.013749631723050777
4,8,7,True,0,Benign,0,Benign,0.08328524322954127,0.23269592075577716,0.1612130099482367
4,8,7,True,0,Benign,1,BruteForce,0.15411347430108302,0.030996464123816223,0.021549698594711935
4,8,7,True,0,Benign,2,DDoS,0.1214890219438403,0.05872652325748158,0.21755281072488927
4,8,7,True,0,Benign,3,DoS,0.053973462540467525,0.04241400017814826,0.0507713524334422
4,8,7,True,0,Benign,4,Mirai,0.046803316991837034,0.13533560535957367,0.10149800229687622
4,8,7,True,0,Benign,5,Recon,0.07448872667681976,0.20157257871685322,0.08915834590119735
4,8,7,True,0,Benign,6,Spoofing,0.2018477328568253,0.20689831356355087,0.2752811876886586
4,8,7,True,0,Benign,7,Web-Based,0.26399902145958565,0.09136059404479907,0.0829755924119876
4,8,7,True,1,BruteForce,0,Benign,0.08545474977758646,0.21308526017297977,0.17216505788819655
4,8,7,True,1,BruteForce,1,BruteForce,0.17851810304805352,0.044852194813274265,0.023489184260006412
4,8,7,True,1,BruteForce,2,DDoS,0.08893842499987704,0.03158024015050051,0.1782194383822207
4,8,7,True,1,BruteForce,3,DoS,0.03639933972443739,0.02806600200168648,0.02107490955539629
4,8,7,True,1,BruteForce,4,Mirai,0.04584821508317949,0.1406923370837715,0.11609453677926099
4,8,7,True,1,BruteForce,5,Recon,0.07539312201005577,0.20036288974025598,0.10624656030471129
4,8,7,True,1,BruteForce,6,Spoofing,0.20981267227750294,0.21813444897774178,0.27772178577655626
4,8,7,True,1,BruteForce,7,Web-Based,0.27963537307930747,0.12322662705978961,0.10498852705365155
4,8,7,True,2,DDoS,0,Benign,0.031049289777793154,0.047569880558573925,0.05957168728630258
4,8,7,True,2,DDoS,1,BruteForce,0.05424024711188465,0.019203356211214682,0.018248559763005344
4,8,7,True,2,DDoS,2,DDoS,0.5417776852360103,0.614515260412294,0.6887717265507326
4,8,7,True,2,DDoS,3,DoS,0.16401071263532382,0.13712411089322266,0.027932282682672043
4,8,7,True,2,DDoS,4,Mirai,0.02489705477749154,0.05000527090501816,0.04457647051358587
4,8,7,True,2,DDoS,5,Recon,0.04084918679071901,0.06030902383023188,0.04837520167158278
4,8,7,True,2,DDoS,6,Spoofing,0.0594272336690369,0.04312064010327923,0.07689998253077296
4,8,7,True,2,DDoS,7,Web-Based,0.08374859000174069,0.02815245708616552,0.03562408900134586
4,8,7,True,3,DoS,0,Benign,0.01952274269311087,0.02452116374939693,0.042044694103497406
4,8,7,True,3,DoS,1,BruteForce,0.03417970953743547,0.015330579349075281,0.022903262186133883
4,8,7,True,3,DoS,2,DDoS,0.26969709674505266,0.18542759043533072,0.29928914497879966
4,8,7,True,3,DoS,3,DoS,0.39322009082661225,0.5739068440368543,0.39409129704328877
4,8,7,True,3,DoS,4,Mirai,0.12408854733102426,0.11548352016732241,0.046517135311820994
4,8,7,True,3,DoS,5,Recon,0.025483250356404055,0.027156422548040224,0.03586961341078116
4,8,7,True,3,DoS,6,Spoofing,0.052658301922950394,0.0413090020364306,0.11958088099153534
4,8,7,True,3,DoS,7,Web-Based,0.08115026058741014,0.016864877677549513,0.03970397197414285
4,8,7,True,4,Mirai,0,Benign,0.07284575367939657,0.19204529076731203,0.15803829928626134
4,8,7,True,4,Mirai,1,BruteForce,0.15383438931649587,0.03623404579247397,0.02324967474085569
4,8,7,True,4,Mirai,2,DDoS,0.14173698756471023,0.05522800202323127,0.21429951582599055
4,8,7,True,4,Mirai,3,DoS,0.05811346256085546,0.04528110033605867,0.04786313847895252
4,8,7,True,4,Mirai,4,Mirai,0.0671298102309097,0.24357255888166093,0.12158082011883178
4,8,7,True,4,Mirai,5,Recon,0.06223946648872575,0.13904947127527967,0.07913860738665386
4,8,7,True,4,Mirai,6,Spoofing,0.18821046201550032,0.20806410672916703,0.2673355405055664
4,8,7,True,4,Mirai,7,Web-Based,0.25588966814340613,0.08052542419481629,0.08849440365688792
4,8,7,True,5,Recon,0,Benign,0.08508172800527208,0.2024815829423339,0.16933151293432142
4,8,7,True,5,Recon,1,BruteForce,0.17640590709926465,0.039589642493798524,0.023268371573153347
4,8,7,True,5,Recon,2,DDoS,0.08636853445033123,0.029864046235041755,0.17770704044744995
4,8,7,True,5,Recon,3,DoS,0.03497991679768433,0.03209134721256832,0.021267034241298704
4,8,7,True,5,Recon,4,Mirai,0.043111483470670564,0.11917600394656454,0.11627460050720387
4,8,7,True,5,Recon,5,Recon,0.0951735691397121,0.248069360917462,0.12369832313348705
4,8,7,True,5,Recon,6,Spoofing,0.20796760428841313,0.2048981620044053,0.26291838932884415
4,8,7,True,5,Recon,7,Web-Based,0.27091125674865196,0.12382985424782562,0.10553472783424149
4,8,7,True,6,Spoofing,0,Benign,0.08100869000295065,0.22386111195446157,0.17501644461271487
4,8,7,True,6,Spoofing,1,BruteForce,0.1569378691072293,0.03331781911811083,0.021484065384614778
4,8,7,True,6,Spoofing,2,DDoS,0.07904960625664124,0.02870852400936903,0.15969167991808367
4,8,7,True,6,Spoofing,3,DoS,0.03579288587783952,0.0324845545587297,0.040222036031223
4,8,7,True,6,Spoofing,4,Mirai,0.047882391798835265,0.1359877070585625,0.10437302873967663
4,8,7,True,6,Spoofing,5,Recon,0.07486231564298346,0.19977877273846473,0.09595536247509695
4,8,7,True,6,Spoofing,6,Spoofing,0.2297963530621464,0.24082345841688946,0.3146634533266313
4,8,7,True,6,Spoofing,7,Web-Based,0.2946698882513741,0.10503805214541215,0.0885939295119589
4,8,7,True,7,Web-Based,0,Benign,0.08548676369435039,0.23207756878602773,0.1783952917633801
4,8,7,True,7,Web-Based,1,BruteForce,0.17008008876825723,0.03565470974934867,0.02330923188089099
4,8,7,True,7,Web-Based,2,DDoS,0.09046474192305536,0.03292500428816392,0.1826001336201361
4,8,7,True,7,Web-Based,3,DoS,0.03896351374845685,0.032571898530675374,0.024411332109139233
4,8,7,True,7,Web-Based,4,Mirai,0.04826943991295641,0.15416056293366168,0.11430485638861031
4,8,7,True,7,Web-Based,5,Recon,0.07421544652057149,0.1903492354779579,0.09879631550710012
4,8,7,True,7,Web-Based,6,Spoofing,0.20844806835633387,0.21774834744349628,0.28042700437631257
4,8,7,True,7,Web-Based,7,Web-Based,0.2840719370760184,0.10451267279066835,0.09775583435443067
4,8,8,True,0,Benign,0,Benign,0.020262576869407686,0.23269592075577716,0.019132850159553263
4,8,8,True,0,Benign,1,BruteForce,0.01593941883043401,0.030996464123816223,0.016068908819353574
4,8,8,True,0,Benign,2,DDoS,0.021123128725052193,0.05872652325748158,0.04439965505164727
4,8,8,True,0,Benign,3,DoS,0.04763467337895885,0.04241400017814826,0.056110536479231185
4,8,8,True,0,Benign,4,Mirai,0.03988308040036765,0.13533560535957367,0.02349910412323074
4,8,8,True,0,Benign,5,Recon,0.033175341850815644,0.20157257871685322,0.03706211308079212
4,8,8,True,0,Benign,6,Spoofing,0.38656917932479296,0.20689831356355087,0.7847352431503148
4,8,8,True,0,Benign,7,Web-Based,0.43541260062017106,0.09136059404479907,0.0189915891358769
4,8,8,True,1,BruteForce,0,Benign,0.019987827447896588,0.21308526017297977,0.017743662669092622
4,8,8,True,1,BruteForce,1,BruteForce,0.01656378915414309,0.044852194813274265,0.012867881546379339
4,8,8,True,1,BruteForce,2,DDoS,0.016222196663993355,0.03158024015050051,0.021160047750757877
4,8,8,True,1,BruteForce,3,DoS,0.03308958551039205,0.02806600200168648,0.028157277884586593
4,8,8,True,1,BruteForce,4,Mirai,0.038253227140765636,0.1406923370837715,0.02336187849024363
4,8,8,True,1,BruteForce,5,Recon,0.032649985979392976,0.20036288974025598,0.03457158621983451
4,8,8,True,1,BruteForce,6,Spoofing,0.40239377691908257,0.21813444897774178,0.8435205502423192
4,8,8,True,1,BruteForce,7,Web-Based,0.44083961118433385,0.12322662705978961,0.018617115196786365
4,8,8,True,2,DDoS,0,Benign,0.013739860576076271,0.047569880558573925,0.024591890673603345
4,8,8,True,2,DDoS,1,BruteForce,0.01809110517234076,0.019203356211214682,0.020488245038388166
4,8,8,True,2,DDoS,2,DDoS,0.41514143741048604,0.614515260412294,0.5738390966700034
4,8,8,True,2,DDoS,3,DoS,0.20580118962162708,0.13712411089322266,0.03673158361827515
4,8,8,True,2,DDoS,4,Mirai,0.026162225268696646,0.05000527090501816,0.020919818015688825
4,8,8,True,2,DDoS,5,Recon,0.021702445921398538,0.06030902383023188,0.0387585856693685
4,8,8,True,2,DDoS,6,Spoofing,0.13027070239944416,0.04312064010327923,0.2685450562657869
4,8,8,True,2,DDoS,7,Web-Based,0.16909103362993047,0.02815245708616552,0.016125724048885598
4,8,8,True,3,DoS,0,Benign,0.012177553007678652,0.02452116374939693,0.016584975605900075
4,8,8,True,3,DoS,1,BruteForce,0.014741725612951442,0.015330579349075281,0.02787357350144254
4,8,8,True,3,DoS,2,DDoS,0.052467573592898796,0.18542759043533072,0.12449545436992798
4,8,8,True,3,DoS,3,DoS,0.4310556363595672,0.5739068440368543,0.412110294493304
4,8,8,True,3,DoS,4,Mirai,0.07772148404200895,0.11548352016732241,0.023082992246806874
4,8,8,True,3,DoS,5,Recon,0.018576254481072706,0.027156422548040224,0.026149152840062008
4,8,8,True,3,DoS,6,Spoofing,0.1622376832258671,0.0413090020364306,0.35010463360183147
4,8,8,True,3,DoS,7,Web-Based,0.23102208967795532,0.016864877677549513,0.019598923340725164
4,8,8,True,4,Mirai,0,Benign,0.0194914712739399,0.19204529076731203,0.017301721504134907
4,8,8,True,4,Mirai,1,BruteForce,0.015896424375697417,0.03623404579247397,0.014990765983382903
4,8,8,True,4,Mirai,2,DDoS,0.018901007089811135,0.05522800202323127,0.03027142230568031
4,8,8,True,4,Mirai,3,DoS,0.04305113069092748,0.04528110033605867,0.053350498446353464
4,8,8,True,4,Mirai,4,Mirai,0.04664428613007787,0.24357255888166093,0.02456751041949872
4,8,8,True,4,Mirai,5,Recon,0.030987357313983378,0.13904947127527967,0.029649843710601795
4,8,8,True,4,Mirai,6,Spoofing,0.3882513098623372,0.20806410672916703,0.8112694934879471
4,8,8,True,4,Mirai,7,Web-Based,0.4367770132632257,0.08052542419481629,0.018598744142400783
4,8,8,True,5,Recon,0,Benign,0.019740067877526184,0.2024815829423339,0.017602542741750285
4,8,8,True,5,Recon,1,BruteForce,0.016169163995677284,0.039589642493798524,0.01298889133185358
4,8,8,True,5,Recon,2,DDoS,0.01591474253882196,0.029864046235041755,0.021295275993342844
4,8,8,True,5,Recon,3,DoS,0.03343301535308297,0.03209134721256832,0.029473546456429113
4,8,8,True,5,Recon,4,Mirai,0.037904035659448054,0.11917600394656454,0.02327832259421718
4,8,8,True,5,Recon,5,Recon,0.036983481738386274,0.248069360917462,0.04548564476427263
4,8,8,True,5,Recon,6,Spoofing,0.40255902311489183,0.2048981620044053,0.8312604056001496
4,8,8,True,5,Recon,7,Web-Based,0.4372964697221655,0.12382985424782562,0.01861537051798485
4,8,8,True,6,Spoofing,0,Benign,0.019594592360128688,0.22386111195446157,0.017410521247189895
4,8,8,True,6,Spoofing,1,BruteForce,0.01579983933182965,0.03331781911811083,0.013890804576603797
4,8,8,True,6,Spoofing,2,DDoS,0.01610378433038538,0.02870852400936903,0.023166008602391583
4,8,8,True,6,Spoofing,3,DoS,0.03632499417352581,0.0324845545587297,0.04595798976193486
4,8,8,True,6,Spoofing,4,Mirai,0.039361803568595144,0.1359877070585625,0.02247485021861084
4,8,8,True,6,Spoofing,5,Recon,0.03260420866413459,0.19977877273846473,0.03455568325209396
4,8,8,True,6,Spoofing,6,Spoofing,0.4028177698850349,0.24082345841688946,0.8245215541322589
4,8,8,True,6,Spoofing,7,Web-Based,0.4373930076863659,0.10503805214541215,0.018022588208916227
4,8,8,True,7,Web-Based,0,Benign,0.019691808632968825,0.23207756878602773,0.018232554288658505
4,8,8,True,7,Web-Based,1,BruteForce,0.01584599667036567,0.03565470974934867,0.01344827549494716
4,8,8,True,7,Web-Based,2,DDoS,0.017042504357977634,0.03292500428816392,0.02607464544333082
4,8,8,True,7,Web-Based,3,DoS,0.03666930030792896,0.032571898530675374,0.03205878397403811
4,8,8,True,7,Web-Based,4,Mirai,0.03947439737582832,0.15416056293366168,0.02303780961405717
4,8,8,True,7,Web-Based,5,Recon,0.0325593935611397,0.1903492354779579,0.03465418902166594
4,8,8,True,7,Web-Based,6,Spoofing,0.39770540828499845,0.21774834744349628,0.8337732576626405
4,8,8,True,7,Web-Based,7,Web-Based,0.44101119080879236,0.10451267279066835,0.01872048450066193
4,8,9,False,0,Benign,0,Benign,0.24940092581958476,0.23269592075577716,0.212708631315114
4,8,9,False,0,Benign,1,BruteForce,0.0032216585972519494,0.030996464123816223,0.0057487095059489636
4,8,9,False,0,Benign,2,DDoS,0.008732265537973365,0.05872652325748158,0.012474645677882902
4,8,9,False,0,Benign,3,DoS,0.0029708263420627702,0.04241400017814826,0.006082180136627195
4,8,9,False,0,Benign,4,Mirai,0.517912860266829,0.13533560535957367,0.5442726249294527
4,8,9,False,0,Benign,5,Recon,0.12836423150623616,0.20157257871685322,0.12353066180708568
4,8,9,False,0,Benign,6,Spoofing,0.08533591200876811,0.20689831356355087,0.08814688706657811
4,8,9,False,0,Benign,7,Web-Based,0.00406131992129394,0.09136059404479907,0.007035659561310454
4,8,9,False,1,BruteForce,0,Benign,0.201042442724362,0.21308526017297977,0.19643140381446048
4,8,9,False,1,BruteForce,1,BruteForce,0.003194082907234427,0.044852194813274265,0.005420658974589235
4,8,9,False,1,BruteForce,2,DDoS,0.00422202895275249,0.03158024015050051,0.006972007456531547
4,8,9,False,1,BruteForce,3,DoS,0.0023870731613634157,0.02806600200168648,0.005533962313056571
4,8,9,False,1,BruteForce,4,Mirai,0.5721078136328089,0.1406923370837715,0.5796708218206121
4,8,9,False,1,BruteForce,5,Recon,0.1326797358627104,0.20036288974025598,0.11622772955673638
4,8,9,False,1,BruteForce,6,Spoofing,0.08031588688790152,0.21813444897774178,0.0831422568850313
4,8,9,False,1,BruteForce,7,Web-Based,0.004050935870866916,0.12322662705978961,0.006601159178982361
4,8,9,False,2,DDoS,0,Benign,0.056850575930706936,0.047569880558573925,0.07378109127923523
4,8,9,False,2,DDoS,1,BruteForce,0.005182899438266198,0.019203356211214682,0.010804158511400564
4,8,9,False,2,DDoS,2,DDoS,0.5910143644900077,0.614515260412294,0.5145861140339755
4,8,9,False,2,DDoS,3,DoS,0.007036798771453717,0.13712411089322266,0.007623311259983734
4,8,9,False,2,DDoS,4,Mirai,0.25722034825656875,0.05000527090501816,0.265180145327734
4,8,9,False,2,DDoS,5,Recon,0.048691454496348985,0.06030902383023188,0.06938093456303068
4,8,9,False,2,DDoS,6,Spoofing,0.03005973684870604,0.04312064010327923,0.04814830975089366
4,8,9,False,2,DDoS,7,Web-Based,0.003943821767941749,0.02815245708616552,0.010495935273746787
4,8,9,False,3,DoS,0,Benign,0.04816457883746899,0.02452116374939693,0.06597761485226326
4,8,9,False,3,DoS,1,BruteForce,0.00654163803685355,0.015330579349075281,0.007601240551088666
4,8,9,False,3,DoS,2,DDoS,0.08012637093745194,0.18542759043533072,0.0885159228871596
4,8,9,False,3,DoS,3,DoS,0.0396466507315544,0.5739068440368543,0.010185430516659743
4,8,9,False,3,DoS,4,Mirai,0.5708073316484525,0.11548352016732241,0.6278306998648712
4,8,9,False,3,DoS,5,Recon,0.03502543982490683,0.027156422548040224,0.04921960120497947
4,8,9,False,3,DoS,6,Spoofing,0.2109398474762719,0.0413090020364306,0.1410816114877004
4,8,9,False,3,DoS,7,Web-Based,0.008748142507039933,0.016864877677549513,0.009587878635277698
4,8,9,False,4,Mirai,0,Benign,0.13094121907559725,0.19204529076731203,0.15665054209698429
4,8,9,False,4,Mirai,1,BruteForce,0.0021713248248938465,0.03623404579247397,0.004262151925292362
4,8,9,False,4,Mirai,2,DDoS,0.005028435712123753,0.05522800202323127,0.007815598967478177
4,8,9,False,4,Mirai,3,DoS,0.0024263922038668764,0.04528110033605867,0.004755756169192422
4,8,9,False,4,Mirai,4,Mirai,0.7537678420682348,0.24357255888166093,0.7019238838520995
4,8,9,False,4,Mirai,5,Recon,0.047520719073986084,0.13904947127527967,0.054753709471234764
4,8,9,False,4,Mirai,6,Spoofing,0.055045895551882024,0.20806410672916703,0.06372590334822469
4,8,9,False,4,Mirai,7,Web-Based,0.003098171489415498,0.08052542419481629,0.006112454169493804
4,8,9,False,5,Recon,0,Benign,0.18299591080376915,0.2024815829423339,0.18533707283203812
4,8,9,False,5,Recon,1,BruteForce,0.003508596434630238,0.039589642493798524,0.005850890664782675
4,8,9,False,5,Recon,2,DDoS,0.003887123144072705,0.029864046235041755,0.006644792733948009
4,8,9,False,5,Recon,3,DoS,0.0024607601693984174,0.03209134721256832,0.005533990742806916
4,8,9,False,5,Recon,4,Mirai,0.4884245337085376,0.11917600394656454,0.5104705615668697
4,8,9,False,5,Recon,5,Recon,0.23448085445314312,0.248069360917462,0.20107210707856
4,8,9,False,5,Recon,6,Spoofing,0.0802607844496099,0.2048981620044053,0.07872758222176585
4,8,9,False,5,Recon,7,Web-Based,0.003981436836838737,0.12382985424782562,0.0063630021592289395
4,8,9,False,6,Spoofing,0,Benign,0.2028503344407993,0.22386111195446157,0.2129752411877739
4,8,9,False,6,Spoofing,1,BruteForce,0.0032167711127883717,0.03331781911811083,0.005594561604115943
4,8,9,False,6,Spoofing,2,DDoS,0.004343191053193652,0.02870852400936903,0.007003732231253415
4,8,9,False,6,Spoofing,3,DoS,0.002843417226420551,0.0324845545587297,0.005646586458114659
4,8,9,False,6,Spoofing,4,Mirai,0.5196580724413684,0.1359877070585625,0.5270247029692076
4,8,9,False,6,Spoofing,5,Recon,0.13608260340399633,0.19977877273846473,0.13388392227429521
4,8,9,False,6,Spoofing,6,Spoofing,0.1263314523187558,0.24082345841688946,0.10103837489641995
4,8,9,False,6,Spoofing,7,Web-Based,0.004674158002677429,0.10503805214541215,0.006832878378819363
4,8,9,False,7,Web-Based,0,Benign,0.17261291512534252,0.23207756878602773,0.20573941393174097
4,8,9,False,7,Web-Based,1,BruteForce,0.002632277093816166,0.03565470974934867,0.004988285031987422
4,8,9,False,7,Web-Based,2,DDoS,0.004434837934538171,0.03292500428816392,0.0078520559200081
4,8,9,False,7,Web-Based,3,DoS,0.0026049696728260643,0.032571898530675374,0.0050920035248949455
4,8,9,False,7,Web-Based,4,Mirai,0.6272512327060404,0.15416056293366168,0.5967359652309505
4,8,9,False,7,Web-Based,5,Recon,0.09903037326108492,0.1903492354779579,0.09912271282795135
4,8,9,False,7,Web-Based,6,Spoofing,0.08762693334726496,0.21774834744349628,0.07408300743614007
4,8,9,False,7,Web-Based,7,Web-Based,0.003806460859086715,0.10451267279066835,0.006386556096326617
4,8,10,True,0,Benign,0,Benign,0.02644686207162623,0.23269592075577716,0.022270045567745377
4,8,10,True,0,Benign,1,BruteForce,0.015995452716628517,0.030996464123816223,0.019048116147505827
4,8,10,True,0,Benign,2,DDoS,0.03727601183858013,0.05872652325748158,0.058264932055389435
4,8,10,True,0,Benign,3,DoS,0.02333199535951839,0.04241400017814826,0.04369451153948292
4,8,10,True,0,Benign,4,Mirai,0.05163723625314778,0.13533560535957367,0.07935026555243353
4,8,10,True,0,Benign,5,Recon,0.11755582354404835,0.20157257871685322,0.13568543610090097
4,8,10,True,0,Benign,6,Spoofing,0.23684237677459571,0.20689831356355087,0.3294301928385613
4,8,10,True,0,Benign,7,Web-Based,0.49091424144185486,0.09136059404479907,0.3122565001979806
4,8,10,True,1,BruteForce,0,Benign,0.02571946188022008,0.21308526017297977,0.021395882591181345
4,8,10,True,1,BruteForce,1,BruteForce,0.017158286416761485,0.044852194813274265,0.01820485343619936
4,8,10,True,1,BruteForce,2,DDoS,0.020175289378447692,0.03158024015050051,0.027800501153444554
4,8,10,True,1,BruteForce,3,DoS,0.016880940206676624,0.02806600200168648,0.030508297120172185
4,8,10,True,1,BruteForce,4,Mirai,0.054504358157745535,0.1406923370837715,0.09075246456452916
4,8,10,True,1,BruteForce,5,Recon,0.11580855850312573,0.20036288974025598,0.1355921528596097
4,8,10,True,1,BruteForce,6,Spoofing,0.22691105943292117,0.21813444897774178,0.2919583863509789
4,8,10,True,1,BruteForce,7,Web-Based,0.5228420460241016,0.12322662705978961,0.38378746192388474
4,8,10,True,2,DDoS,0,Benign,0.01446218705553115,0.047569880558573925,0.02146354989899178
4,8,10,True,2,DDoS,1,BruteForce,0.015565454760759637,0.019203356211214682,0.021106456308982644
4,8,10,True,2,DDoS,2,DDoS,0.4861790036789601,0.614515260412294,0.6022786062618589
4,8,10,True,2,DDoS,3,DoS,0.154607286525158,0.13712411089322266,0.024344013283275748
4,8,10,True,2,DDoS,4,Mirai,0.029365962855708017,0.05000527090501816,0.040499910327815074
4,8,10,True,2,DDoS,5,Recon,0.05212628723578063,0.06030902383023188,0.05963832227706456
4,8,10,True,2,DDoS,6,Spoofing,0.07327914031415424,0.04312064010327923,0.10744966039347457
4,8,10,True,2,DDoS,7,Web-Based,0.1744146775739482,0.02815245708616552,0.12321948124853671
4,8,10,True,3,DoS,0,Benign,0.013071573635365982,0.02452116374939693,0.016524256399403355
4,8,10,True,3,DoS,1,BruteForce,0.014757817468284518,0.015330579349075281,0.024251685421476613
4,8,10,True,3,DoS,2,DDoS,0.15918773976496015,0.18542759043533072,0.1921524231437968
4,8,10,True,3,DoS,3,DoS,0.4194085683268895,0.5739068440368543,0.3432196650431296
4,8,10,True,3,DoS,4,Mirai,0.07813238321158361,0.11548352016732241,0.04899223425140833
4,8,10,True,3,DoS,5,Recon,0.046709614777115,0.027156422548040224,0.06773421950960029
4,8,10,True,3,DoS,6,Spoofing,0.0837231569966185,0.0413090020364306,0.18115959177665295
4,8,10,True,3,DoS,7,Web-Based,0.18500914581918282,0.016864877677549513,0.12596592445453203
4,8,10,True,4,Mirai,0,Benign,0.024525580427484324,0.19204529076731203,0.020906360869143853
4,8,10,True,4,Mirai,1,BruteForce,0.016254783179086203,0.03623404579247397,0.018484991654150906
4,8,10,True,4,Mirai,2,DDoS,0.030205931662538262,0.05522800202323127,0.04526853483889094
4,8,10,True,4,Mirai,3,DoS,0.023193435098791414,0.04528110033605867,0.04057060523043271
4,8,10,True,4,Mirai,4,Mirai,0.06877170442291208,0.24357255888166093,0.0930199027442174
4,8,10,True,4,Mirai,5,Recon,0.10817151997438855,0.13904947127527967,0.1230947051897784
4,8,10,True,4,Mirai,6,Spoofing,0.22818831297663636,0.20806410672916703,0.32823821797470715
4,8,10,True,4,Mirai,7,Web-Based,0.5006887322581627,0.08052542419481629,0.33041668149867864
4,8,10,True,5,Recon,0,Benign,0.025302083994511695,0.2024815829423339,0.021000630285856473
4,8,10,True,5,Recon,1,BruteForce,0.016508586603735467,0.039589642493798524,0.01812983451842123
4,8,10,True,5,Recon,2,DDoS,0.019485766503023774,0.029864046235041755,0.027754586994734036
4,8,10,True,5,Recon,3,DoS,0.016770977982772908,0.03209134721256832,0.031053758674665574
4,8,10,True,5,Recon,4,Mirai,0.0528232528278833,0.11917600394656454,0.08863199214013308
4,8,10,True,5,Recon,5,Recon,0.1391501557593843,0.248069360917462,0.1505426834996439
4,8,10,True,5,Recon,6,Spoofing,0.22278590005325674,0.2048981620044053,0.2842386896914777
4,8,10,True,5,Recon,7,Web-Based,0.5071732762754319,0.12382985424782562,0.37864782419506804
4,8,10,True,6,Spoofing,0,Benign,0.025712713264933292,0.22386111195446157,0.0219464716626074
4,8,10,True,6,Spoofing,1,BruteForce,0.015899293266982344,0.03331781911811083,0.017590292229546802
4,8,10,True,6,Spoofing,2,DDoS,0.019308577244633217,0.02870852400936903,0.02732242244704799
4,8,10,True,6,Spoofing,3,DoS,0.018235599079738887,0.0324845545587297,0.03497819372947385
4,8,10,True,6,Spoofing,4,Mirai,0.053322772194214614,0.1359877070585625,0.08108459950483436
4,8,10,True,6,Spoofing,5,Recon,0.11614790043111957,0.19977877273846473,0.13512999372248
4,8,10,True,6,Spoofing,6,Spoofing,0.24360839528679537,0.24082345841688946,0.34700179629198724
4,8,10,True,6,Spoofing,7,Web-Based,0.5077647492315828,0.10503805214541215,0.33494623041202237
4,8,10,True,7,Web-Based,0,Benign,0.025632276652107874,0.23207756878602773,0.02233567399325899
4,8,10,True,7,Web-Based,1,BruteForce,0.015860985283341233,0.03565470974934867,0.017738799278910797
4,8,10,True,7,Web-Based,2,DDoS,0.02104710154050734,0.03292500428816392,0.02980222971691401
4,8,10,True,7,Web-Based,3,DoS,0.018088763780540466,0.032571898530675374,0.031205773506683104
4,8,10,True,7,Web-Based,4,Mirai,0.056014727897845125,0.15416056293366168,0.08933694551850077
4,8,10,True,7,Web-Based,5,Recon,0.1151899473620452,0.1903492354779579,0.13496437980333795
4,8,10,True,7,Web-Based,6,Spoofing,0.23171870609827067,0.21774834744349628,0.30979530381561704
4,8,10,True,7,Web-Based,7,Web-Based,0.5164474913853421,0.10451267279066835,0.3648208943667773
4,8,11,False,0,Benign,0,Benign,0.5449557623335748,0.23269592075577716,0.5054759344795156
4,8,11,False,0,Benign,1,BruteForce,0.00501184864208205,0.030996464123816223,0.007462605127298825
4,8,11,False,0,Benign,2,DDoS,0.005597573798479034,0.05872652325748158,0.010640381605379423
4,8,11,False,0,Benign,3,DoS,0.011914085768011113,0.04241400017814826,0.014780983180301552
4,8,11,False,0,Benign,4,Mirai,0.08537698182371656,0.13533560535957367,0.08417180931879836
4,8,11,False,0,Benign,5,Recon,0.12879972645886825,0.20157257871685322,0.1373969726142291
4,8,11,False,0,Benign,6,Spoofing,0.2131406811155904,0.20689831356355087,0.23190462746669555
4,8,11,False,0,Benign,7,Web-Based,0.00520334005967791,0.09136059404479907,0.008166686207781701
4,8,11,False,1,BruteForce,0,Benign,0.4947497075983305,0.21308526017297977,0.5106147524192624
4,8,11,False,1,BruteForce,1,BruteForce,0.0054503581277939965,0.044852194813274265,0.007222023432318588
4,8,11,False,1,BruteForce,2,DDoS,0.004891428063036227,0.03158024015050051,0.009715753075438184
4,8,11,False,1,BruteForce,3,DoS,0.004007142315880259,0.02806600200168648,0.00845695820506947
4,8,11,False,1,BruteForce,4,Mirai,0.11351261325602574,0.1406923370837715,0.08771126418285896
4,8,11,False,1,BruteForce,5,Recon,0.13167163795005093,0.20036288974025598,0.13823024944282974
4,8,11,False,1,BruteForce,6,Spoofing,0.24002779731020452,0.21813444897774178,0.23020952939325387
4,8,11,False,1,BruteForce,7,Web-Based,0.005689315378677818,0.12322662705978961,0.00783946984896885
4,8,11,False,2,DDoS,0,Benign,0.16868041204675954,0.047569880558573925,0.391693033549768
4,8,11,False,2,DDoS,1,BruteForce,0.01145118249823448,0.019203356211214682,0.012270970192291
4,8,11,False,2,DDoS,2,DDoS,0.4545127788314127,0.614515260412294,0.14293445703506732
4,8,11,False,2,DDoS,3,DoS,0.06321852220096866,0.13712411089322266,0.0346928188460991
4,8,11,False,2,DDoS,4,Mirai,0.12217391046260385,0.05000527090501816,0.08264899631452405
4,8,11,False,2,DDoS,5,Recon,0.0612680132920444,0.06030902383023188,0.10654715777236783
4,8,11,False,2,DDoS,6,Spoofing,0.11180612248005667,0.04312064010327923,0.2163560792426348
4,8,11,False,2,DDoS,7,Web-Based,0.006889058187919721,0.02815245708616552,0.012856487047247967
4,8,11,False,3,DoS,0,Benign,0.05674588840955054,0.02452116374939693,0.10309353673587984
4,8,11,False,3,DoS,1,BruteForce,0.007388789286461741,0.015330579349075281,0.016412016849813423
4,8,11,False,3,DoS,2,DDoS,0.013055206511037754,0.18542759043533072,0.01715386702274042
4,8,11,False,3,DoS,3,DoS,0.6247976108156968,0.5739068440368543,0.4905930896630506
4,8,11,False,3,DoS,4,Mirai,0.05594506778560205,0.11548352016732241,0.06735126521196996
4,8,11,False,3,DoS,5,Recon,0.02287546361054673,0.027156422548040224,0.03254476557324266
4,8,11,False,3,DoS,6,Spoofing,0.21390381086772003,0.0413090020364306,0.2576296574068613
4,8,11,False,3,DoS,7,Web-Based,0.005288162713384425,0.016864877677549513,0.015221801536441816
4,8,11,False,4,Mirai,0,Benign,0.4572932099946806,0.19204529076731203,0.4930178028074896
4,8,11,False,4,Mirai,1,BruteForce,0.005006277335555788,0.03623404579247397,0.007418595071505128
4,8,11,False,4,Mirai,2,DDoS,0.006383839617228445,0.05522800202323127,0.010673475310734544
4,8,11,False,4,Mirai,3,DoS,0.01229289752564391,0.04528110033605867,0.017015575176746667
4,8,11,False,4,Mirai,4,Mirai,0.21817553479318716,0.24357255888166093,0.12286600958710883
4,8,11,False,4,Mirai,5,Recon,0.07679199584361784,0.13904947127527967,0.08906886765228121
4,8,11,False,4,Mirai,6,Spoofing,0.21865900320756335,0.20806410672916703,0.2510653933064498
4,8,11,False,4,Mirai,7,Web-Based,0.005397241682522954,0.08052542419481629,0.008874281087684113
4,8,11,False,5,Recon,0,Benign,0.47320205504645335,0.2024815829423339,0.4927068831424751
4,8,11,False,5,Recon,1,BruteForce,0.005412770150548182,0.039589642493798524,0.00742554195106978
4,8,11,False,5,Recon,2,DDoS,0.0044157750144355,0.029864046235041755,0.009624595886530429
4,8,11,False,5,Recon,3,DoS,0.004143432605240032,0.03209134721256832,0.008328389430311143
4,8,11,False,5,Recon,4,Mirai,0.08285648880937473,0.11917600394656454,0.08341663457695307
4,8,11,False,5,Recon,5,Recon,0.21775334599395432,0.248069360917462,0.18752957396487546
4,8,11,False,5,Recon,6,Spoofing,0.20661388181053822,0.2048981620044053,0.20326917878805226
4,8,11,False,5,Recon,7,Web-Based,0.005602250569455572,0.12382985424782562,0.0076992022597328095
4,8,11,False,6,Spoofing,0,Benign,0.48105289362147063,0.22386111195446157,0.48286301836284756
4,8,11,False,6,Spoofing,1,BruteForce,0.004889334778116844,0.03331781911811083,0.007235802502337834
4,8,11,False,6,Spoofing,2,DDoS,0.004889322132103976,0.02870852400936903,0.009895507549570342
4,8,11,False,6,Spoofing,3,DoS,0.00415062627054779,0.0324845545587297,0.009983399578093499
4,8,11,False,6,Spoofing,4,Mirai,0.0847981108369063,0.1359877070585625,0.0785594528290734
4,8,11,False,6,Spoofing,5,Recon,0.13652544584738383,0.19977877273846473,0.12942968868645746
4,8,11,False,6,Spoofing,6,Spoofing,0.27812972187440027,0.24082345841688946,0.2740407670468335
4,8,11,False,6,Spoofing,7,Web-Based,0.005564544639070329,0.10503805214541215,0.007992363444786446
4,8,11,False,7,Web-Based,0,Benign,0.5171493570836797,0.23207756878602773,0.5289669156973816
4,8,11,False,7,Web-Based,1,BruteForce,0.00481665533488253,0.03565470974934867,0.006997340482420253
4,8,11,False,7,Web-Based,2,DDoS,0.005061071945387724,0.03292500428816392,0.009770151186618404
4,8,11,False,7,Web-Based,3,DoS,0.004424467526745096,0.032571898530675374,0.009807038889836544
4,8,11,False,7,Web-Based,4,Mirai,0.12885621512395712,0.15416056293366168,0.09178229978131258
4,8,11,False,7,Web-Based,5,Recon,0.10501738500388323,0.1903492354779579,0.12418983171646154
4,8,11,False,7,Web-Based,6,Spoofing,0.2293565468704151,0.21774834744349628,0.2204966630762761
4,8,11,False,7,Web-Based,7,Web-Based,0.005318301111049569,0.10451267279066835,0.007989759169692986
4,8,12,False,0,Benign,0,Benign,0.026912211462245563,0.23269592075577716,0.026462665550044947
4,8,12,False,0,Benign,1,BruteForce,0.007870741948910168,0.030996464123816223,0.012055694095309408
4,8,12,False,0,Benign,2,DDoS,0.008600126754312239,0.05872652325748158,0.014718325348589106
4,8,12,False,0,Benign,3,DoS,0.04677110157754314,0.04241400017814826,0.09649944847369452
4,8,12,False,0,Benign,4,Mirai,0.5461977390095198,0.13533560535957367,0.497085396462591
4,8,12,False,0,Benign,5,Recon,0.12971271403974477,0.20157257871685322,0.12355267580960916
4,8,12,False,0,Benign,6,Spoofing,0.18297800224878713,0.20689831356355087,0.18046671219629276
4,8,12,False,0,Benign,7,Web-Based,0.05095736295893713,0.09136059404479907,0.04915908206386924
4,8,12,False,1,BruteForce,0,Benign,0.02550388827729013,0.21308526017297977,0.025107642284793254
4,8,12,False,1,BruteForce,1,BruteForce,0.009256626652312928,0.044852194813274265,0.01200549613060556
4,8,12,False,1,BruteForce,2,DDoS,0.008445106072289552,0.03158024015050051,0.013128686943424587
4,8,12,False,1,BruteForce,3,DoS,0.015495967523234084,0.02806600200168648,0.029005819762036804
4,8,12,False,1,BruteForce,4,Mirai,0.5861292283056801,0.1406923370837715,0.5528058772746978
4,8,12,False,1,BruteForce,5,Recon,0.11010553412936426,0.20036288974025598,0.13472743978366244
4,8,12,False,1,BruteForce,6,Spoofing,0.1780045742817713,0.21813444897774178,0.17409356481768265
4,8,12,False,1,BruteForce,7,Web-Based,0.06705907475805784,0.12322662705978961,0.059125473003096875
4,8,12,False,2,DDoS,0,Benign,0.013726322381588425,0.047569880558573925,0.030003869943939145
4,8,12,False,2,DDoS,1,BruteForce,0.011171309807591746,0.019203356211214682,0.017771132103718997
4,8,12,False,2,DDoS,2,DDoS,0.4655020636393328,0.614515260412294,0.3171184497345759
4,8,12,False,2,DDoS,3,DoS,0.14284306754092685,0.13712411089322266,0.10086297956612204
4,8,12,False,2,DDoS,4,Mirai,0.2278058474687146,0.05000527090501816,0.3132603556709456
4,8,12,False,2,DDoS,5,Recon,0.0647495180436141,0.06030902383023188,0.09257944457817051
4,8,12,False,2,DDoS,6,Spoofing,0.05075777107283005,0.04312064010327923,0.08977983377810282
4,8,12,False,2,DDoS,7,Web-Based,0.02344410004540141,0.02815245708616552,0.03862393462442499
4,8,12,False,3,DoS,0,Benign,0.005278298103404088,0.02452116374939693,0.010999057746118568
4,8,12,False,3,DoS,1,BruteForce,0.007101979685083161,0.015330579349075281,0.0175514269892811
4,8,12,False,3,DoS,2,DDoS,0.014131372155487164,0.18542759043533072,0.020152437677119866
4,8,12,False,3,DoS,3,DoS,0.8353797425368256,0.5739068440368543,0.7022069929548109
4,8,12,False,3,DoS,4,Mirai,0.07339110387540708,0.11548352016732241,0.11680458200945516
4,8,12,False,3,DoS,5,Recon,0.02260691483308255,0.027156422548040224,0.03703591624944796
4,8,12,False,3,DoS,6,Spoofing,0.03253548939693579,0.0413090020364306,0.07279207348035582
4,8,12,False,3,DoS,7,Web-Based,0.009575099413774458,0.016864877677549513,0.022457512893410584
4,8,12,False,4,Mirai,0,Benign,0.02220344967484825,0.19204529076731203,0.02594305074139693
4,8,12,False,4,Mirai,1,BruteForce,0.006430837146173347,0.03623404579247397,0.010684721840303734
4,8,12,False,4,Mirai,2,DDoS,0.0089336112321917,0.05522800202323127,0.015048815664166753
4,8,12,False,4,Mirai,3,DoS,0.018854040073590143,0.04528110033605867,0.0529732702800002
4,8,12,False,4,Mirai,4,Mirai,0.7020976745149902,0.24357255888166093,0.6064310047794048
4,8,12,False,4,Mirai,5,Recon,0.08011088054445817,0.13904947127527967,0.095220632058516
4,8,12,False,4,Mirai,6,Spoofing,0.12442039631328872,0.20806410672916703,0.14817769204580464
4,8,12,False,4,Mirai,7,Web-Based,0.036949110500459494,0.08052542419481629,0.045520812590406794
4,8,12,False,5,Recon,0,Benign,0.02440242042123718,0.2024815829423339,0.023632525474858623
4,8,12,False,5,Recon,1,BruteForce,0.00948642224058989,0.039589642493798524,0.012284384474508312
4,8,12,False,5,Recon,2,DDoS,0.008560979458427929,0.029864046235041755,0.01318532466708884
4,8,12,False,5,Recon,3,DoS,0.01873931927720108,0.03209134721256832,0.0314168214343716
4,8,12,False,5,Recon,4,Mirai,0.536822158028752,0.11917600394656454,0.5370038599406017
4,8,12,False,5,Recon,5,Recon,0.1570067637925055,0.248069360917462,0.16281062096259766
4,8,12,False,5,Recon,6,Spoofing,0.17135764696463893,0.2048981620044053,0.1625838537369057
4,8,12,False,5,Recon,7,Web-Based,0.07362428981664745,0.12382985424782562,0.05708260930906753
4,8,12,False,6,Spoofing,0,Benign,0.026198898484523003,0.22386111195446157,0.026469107199742777
4,8,12,False,6,Spoofing,1,BruteForce,0.008353084430573693,0.03331781911811083,0.011622460802595755
4,8,12,False,6,Spoofing,2,DDoS,0.007840129544248033,0.02870852400936903,0.013628173719736776
4,8,12,False,6,Spoofing,3,DoS,0.027620784143051042,0.0324845545587297,0.05960305714089781
4,8,12,False,6,Spoofing,4,Mirai,0.5067451181616167,0.1359877070585625,0.49415070750533713
4,8,12,False,6,Spoofing,5,Recon,0.1303846278971982,0.19977877273846473,0.1245803767133329
4,8,12,False,6,Spoofing,6,Spoofing,0.23112705348497384,0.24082345841688946,0.2142325937076371
4,8,12,False,6,Spoofing,7,Web-Based,0.061730303853815525,0.10503805214541215,0.05571352321071982
4,8,12,False,7,Web-Based,0,Benign,0.02435198894187073,0.23207756878602773,0.02641490311951378
4,8,12,False,7,Web-Based,1,BruteForce,0.0074897939392523805,0.03565470974934867,0.011202996129719044
4,8,12,False,7,Web-Based,2,DDoS,0.008302952549544126,0.03292500428816392,0.013888644164304482
4,8,12,False,7,Web-Based,3,DoS,0.022791205099526923,0.032571898530675374,0.03456977866360679
4,8,12,False,7,Web-Based,4,Mirai,0.5999240140479948,0.15416056293366168,0.5575893799557168
4,8,12,False,7,Web-Based,5,Recon,0.12019946517838813,0.1903492354779579,0.13010916216150645
4,8,12,False,7,Web-Based,6,Spoofing,0.16208065972914998,0.21774834744349628,0.1695661573199577
4,8,12,False,7,Web-Based,7,Web-Based,0.05485992051427294,0.10451267279066835,0.056658978485675054
4,8,13,False,0,Benign,0,Benign,0.07921745546699525,0.23269592075577716,0.06055386004083888
4,8,13,False,0,Benign,1,BruteForce,0.09410186694970092,0.030996464123816223,0.09363316921225759
4,8,13,False,0,Benign,2,DDoS,0.049218145273333645,0.05872652325748158,0.06796401271045555
4,8,13,False,0,Benign,3,DoS,0.007748388664865981,0.04241400017814826,0.01536906606727667
4,8,13,False,0,Benign,4,Mirai,0.05963335843706767,0.13533560535957367,0.05432285348042039
4,8,13,False,0,Benign,5,Recon,0.3963792049569233,0.20157257871685322,0.39795739412411263
4,8,13,False,0,Benign,6,Spoofing,0.12119155714730775,0.20689831356355087,0.1273448450201094
4,8,13,False,0,Benign,7,Web-Based,0.1925100231038053,0.09136059404479907,0.18285479934452892
4,8,13,False,1,BruteForce,0,Benign,0.08393678765279104,0.21308526017297977,0.06219007911701284
4,8,13,False,1,BruteForce,1,BruteForce,0.1431188418162415,0.044852194813274265,0.11360017528602807
4,8,13,False,1,BruteForce,2,DDoS,0.028615685698285338,0.03158024015050051,0.024879683051240126
4,8,13,False,1,BruteForce,3,DoS,0.009202737398095441,0.02806600200168648,0.01628907518567972
4,8,13,False,1,BruteForce,4,Mirai,0.06856411629794867,0.1406923370837715,0.05909321433342645
4,8,13,False,1,BruteForce,5,Recon,0.3135137134355841,0.20036288974025598,0.39380068182300615
4,8,13,False,1,BruteForce,6,Spoofing,0.1075157430642399,0.21813444897774178,0.1127826349398934
4,8,13,False,1,BruteForce,7,Web-Based,0.24553237463681407,0.12322662705978961,0.21736445626371323
4,8,13,False,2,DDoS,0,Benign,0.027954443512355556,0.047569880558573925,0.029645218230663097
4,8,13,False,2,DDoS,1,BruteForce,0.03757456758177406,0.019203356211214682,0.044390003608591314
4,8,13,False,2,DDoS,2,DDoS,0.6716549595703368,0.614515260412294,0.6352909363725004
4,8,13,False,2,DDoS,3,DoS,0.005511745073482833,0.13712411089322266,0.010503117844130891
4,8,13,False,2,DDoS,4,Mirai,0.03720512476003122,0.05000527090501816,0.02860493938647318
4,8,13,False,2,DDoS,5,Recon,0.12565974353749304,0.06030902383023188,0.13708271084685927
4,8,13,False,2,DDoS,6,Spoofing,0.035265631975480806,0.04312064010327923,0.05030055513476766
4,8,13,False,2,DDoS,7,Web-Based,0.059173783989045776,0.02815245708616552,0.06418251857601417
4,8,13,False,3,DoS,0,Benign,0.01946585083693153,0.02452116374939693,0.03233971978002759
4,8,13,False,3,DoS,1,BruteForce,0.04712799629702449,0.015330579349075281,0.05300713177743538
4,8,13,False,3,DoS,2,DDoS,0.32932140279215144,0.18542759043533072,0.2691257299968779
4,8,13,False,3,DoS,3,DoS,0.1317095254765482,0.5739068440368543,0.05076355300514008
4,8,13,False,3,DoS,4,Mirai,0.23415542500339706,0.11548352016732241,0.061014517512999064
4,8,13,False,3,DoS,5,Recon,0.09119129212648547,0.027156422548040224,0.29218726986237215
4,8,13,False,3,DoS,6,Spoofing,0.09012256188983458,0.0413090020364306,0.11358387417877497
4,8,13,False,3,DoS,7,Web-Based,0.056905945577627376,0.016864877677549513,0.12797820388637293
4,8,13,False,4,Mirai,0,Benign,0.08699412858499334,0.19204529076731203,0.06505704215425251
4,8,13,False,4,Mirai,1,BruteForce,0.13496457410102536,0.03623404579247397,0.10857552825100836
4,8,13,False,4,Mirai,2,DDoS,0.06487519058906646,0.05522800202323127,0.054829259904598894
4,8,13,False,4,Mirai,3,DoS,0.008857030445575955,0.04528110033605867,0.01631967809243778
4,8,13,False,4,Mirai,4,Mirai,0.1371306059256026,0.24357255888166093,0.06634550226409335
4,8,13,False,4,Mirai,5,Recon,0.2637419073201609,0.13904947127527967,0.36094686593090997
4,8,13,False,4,Mirai,6,Spoofing,0.11420248479038962,0.20806410672916703,0.12982506029211566
4,8,13,False,4,Mirai,7,Web-Based,0.1892340782431858,0.08052542419481629,0.19810106311058343
4,8,13,False,5,Recon,0,Benign,0.0739042199260076,0.2024815829423339,0.058890944199925195
4,8,13,False,5,Recon,1,BruteForce,0.1199964025651644,0.039589642493798524,0.10996258594731881
4,8,13,False,5,Recon,2,DDoS,0.02426199151745444,0.029864046235041755,0.024575459907588162
4,8,13,False,5,Recon,3,DoS,0.008667581450215166,0.03209134721256832,0.016073495926865418
4,8,13,False,5,Recon,4,Mirai,0.05686195039006869,0.11917600394656454,0.05682780049595466
4,8,13,False,5,Recon,5,Recon,0.39335235672217456,0.248069360917462,0.4166202590929207
4,8,13,False,5,Recon,6,Spoofing,0.09445118680531778,0.2048981620044053,0.10761596507282863
4,8,13,False,5,Recon,7,Web-Based,0.22850431062359733,0.12382985424782562,0.20943348935659842
4,8,13,False,6,Spoofing,0,Benign,0.07318132871932412,0.22386111195446157,0.05824697724820248
4,8,13,False,6,Spoofing,1,BruteForce,0.09946183697794991,0.03331781911811083,0.09347761890614228
4,8,13,False,6,Spoofing,2,DDoS,0.0221390082708596,0.02870852400936903,0.023553621414356338
4,8,13,False,6,Spoofing,3,DoS,0.007922307518618063,0.0324845545587297,0.015169114494199247
4,8,13,False,6,Spoofing,4,Mirai,0.05750043453865745,0.1359877070585625,0.05348185281645945
4,8,13,False,6,Spoofing,5,Recon,0.3964765523114396,0.19977877273846473,0.4310847366068133
4,8,13,False,6,Spoofing,6,Spoofing,0.12967630473709293,0.24082345841688946,0.12784485484416347
4,8,13,False,6,Spoofing,7,Web-Based,0.2136422269260584,0.10503805214541215,0.19714122366966352
4,8,13,False,7,Web-Based,0,Benign,0.08555490724811678,0.23207756878602773,0.06390660193207431
4,8,13,False,7,Web-Based,1,BruteForce,0.11673131321395863,0.03565470974934867,0.10607394555793523
4,8,13,False,7,Web-Based,2,DDoS,0.031665935724730636,0.03292500428816392,0.030251013981192044
4,8,13,False,7,Web-Based,3,DoS,0.008277399057808927,0.032571898530675374,0.015764724610940636
4,8,13,False,7,Web-Based,4,Mirai,0.08422565199986243,0.15416056293366168,0.05832549336769389
4,8,13,False,7,Web-Based,5,Recon,0.3384171100653793,0.1903492354779579,0.40326458703784607
4,8,13,False,7,Web-Based,6,Spoofing,0.11349895696928487,0.21774834744349628,0.11685334765521006
4,8,13,False,7,Web-Based,7,Web-Based,0.22162872572085843,0.10451267279066835,0.20556028585710787
4,8,14,True,0,Benign,0,Benign,0.12657561993188238,0.23269592075577716,0.1480594796370353
4,8,14,True,0,Benign,1,BruteForce,0.30120126623517707,0.030996464123816223,0.09103057403818236
4,8,14,True,0,Benign,2,DDoS,0.10549213505831158,0.05872652325748158,0.13501037934870694
4,8,14,True,0,Benign,3,DoS,0.04453495966181919,0.04241400017814826,0.08956857574426136
4,8,14,True,0,Benign,4,Mirai,0.07973346986644334,0.13533560535957367,0.15442565169066882
4,8,14,True,0,Benign,5,Recon,0.15578704088376635,0.20157257871685322,0.16030056009055077
4,8,14,True,0,Benign,6,Spoofing,0.0409670916321476,0.20689831356355087,0.031531698583245976
4,8,14,True,0,Benign,7,Web-Based,0.14570841673045257,0.09136059404479907,0.19007308086734842
4,8,14,True,1,BruteForce,0,Benign,0.11794695997660426,0.21308526017297977,0.15016749450818784
4,8,14,True,1,BruteForce,1,BruteForce,0.3312841554641963,0.044852194813274265,0.11283321346819068
4,8,14,True,1,BruteForce,2,DDoS,0.07388590977364709,0.03158024015050051,0.09277722713760264
4,8,14,True,1,BruteForce,3,DoS,0.0329388799282699,0.02806600200168648,0.04227046551479721
4,8,14,True,1,BruteForce,4,Mirai,0.08660427034779093,0.1406923370837715,0.1726806064477769
4,8,14,True,1,BruteForce,5,Recon,0.1532174016975598,0.20036288974025598,0.15484809839740113
4,8,14,True,1,BruteForce,6,Spoofing,0.04034835375438373,0.21813444897774178,0.03177492365119014
4,8,14,True,1,BruteForce,7,Web-Based,0.1637740690575479,0.12322662705978961,0.24264797087485346
4,8,14,True,2,DDoS,0,Benign,0.040552927381418385,0.047569880558573925,0.05504383470168419
4,8,14,True,2,DDoS,1,BruteForce,0.09514620992755879,0.019203356211214682,0.04343006115053119
4,8,14,True,2,DDoS,2,DDoS,0.49946662518031665,0.614515260412294,0.6399708418223041
4,8,14,True,2,DDoS,3,DoS,0.18513900704012323,0.13712411089322266,0.049627131916077385
4,8,14,True,2,DDoS,4,Mirai,0.0448911654292643,0.05000527090501816,0.06286634217661555
4,8,14,True,2,DDoS,5,Recon,0.06295078393701349,0.06030902383023188,0.059088950315579924
4,8,14,True,2,DDoS,6,Spoofing,0.017668924553081222,0.04312064010327923,0.016241914274441712
4,8,14,True,2,DDoS,7,Web-Based,0.0541843565512238,0.02815245708616552,0.07373092364276607
4,8,14,True,3,DoS,0,Benign,0.022723383770475118,0.02452116374939693,0.036745108652393624
4,8,14,True,3,DoS,1,BruteForce,0.05349752381523759,0.015330579349075281,0.04923689543867314
4,8,14,True,3,DoS,2,DDoS,0.22736054769739236,0.18542759043533072,0.2189361691991132
4,8,14,True,3,DoS,3,DoS,0.41232507906089494,0.5739068440368543,0.4824966946835219
4,8,14,True,3,DoS,4,Mirai,0.1834242857167385,0.11548352016732241,0.06901901062078761
4,8,14,True,3,DoS,5,Recon,0.042573857106403414,0.027156422548040224,0.05468298899091042
4,8,14,True,3,DoS,6,Spoofing,0.015500452766420777,0.0413090020364306,0.018572282182331694
4,8,14,True,3,DoS,7,Web-Based,0.042594870066437356,0.016864877677549513,0.07031085023226843
4,8,14,True,4,Mirai,0,Benign,0.10805298791766958,0.19204529076731203,0.14558260732719783
4,8,14,True,4,Mirai,1,BruteForce,0.2924776987917145,0.03623404579247397,0.10089984082769843
4,8,14,True,4,Mirai,2,DDoS,0.11748551696769051,0.05522800202323127,0.132365923533683
4,8,14,True,4,Mirai,3,DoS,0.05016080119945129,0.04528110033605867,0.07981239993660168
4,8,14,True,4,Mirai,4,Mirai,0.13359011773055937,0.24357255888166093,0.1897777612426273
4,8,14,True,4,Mirai,5,Recon,0.12901972210409676,0.13904947127527967,0.12823493531298275
4,8,14,True,4,Mirai,6,Spoofing,0.034453749395251594,0.20806410672916703,0.03008714133987326
4,8,14,True,4,Mirai,7,Web-Based,0.13475940589356633,0.08052542419481629,0.1932393904793358
4,8,14,True,5,Recon,0,Benign,0.11274906339407022,0.2024815829423339,0.14467575747633607
4,8,14,True,5,Recon,1,BruteForce,0.319451537772973,0.039589642493798524,0.1141463146584827
4,8,14,True,5,Recon,2,DDoS,0.07047431793624738,0.029864046235041755,0.09065836586990135
4,8,14,True,5,Recon,3,DoS,0.032971330417380866,0.03209134721256832,0.0434782976751668
4,8,14,True,5,Recon,4,Mirai,0.07927985220135808,0.11917600394656454,0.16795692760821904
4,8,14,True,5,Recon,5,Recon,0.18091627252376585,0.248069360917462,0.16936905507596675
4,8,14,True,5,Recon,6,Spoofing,0.04069216499729111,0.2048981620044053,0.03200187725743563
4,8,14,True,5,Recon,7,Web-Based,0.16346546075691346,0.12382985424782562,0.2377134043784918
4,8,14,True,6,Spoofing,0,Benign,0.1267414202577123,0.22386111195446157,0.15515672168342898
4,8,14,True,6,Spoofing,1,BruteForce,0.3128017668314217,0.03331781911811083,0.09402456146783492
4,8,14,True,6,Spoofing,2,DDoS,0.06463309839220348,0.02870852400936903,0.08721759719181094
4,8,14,True,6,Spoofing,3,DoS,0.03143038602424723,0.0324845545587297,0.07751984771762219
4,8,14,True,6,Spoofing,4,Mirai,0.08301447897516019,0.1359877070585625,0.15508192804945162
4,8,14,True,6,Spoofing,5,Recon,0.16820065202463863,0.19977877273846473,0.17753370357063722
4,8,14,True,6,Spoofing,6,Spoofing,0.04653488286180418,0.24082345841688946,0.03393015712444098
4,8,14,True,6,Spoofing,7,Web-Based,0.16664331463281246,0.10503805214541215,0.21953548319477323
4,8,14,True,7,Web-Based,0,Benign,0.1236605286032904,0.23207756878602773,0.16189355912712247
4,8,14,True,7,Web-Based,1,BruteForce,0.3148625331721717,0.03565470974934867,0.10210076203622208
4,8,14,True,7,Web-Based,2,DDoS,0.07613353734400648,0.03292500428816392,0.10510760822241653
4,8,14,True,7,Web-Based,3,DoS,0.03704471577886064,0.032571898530675374,0.046255614517100856
4,8,14,True,7,Web-Based,4,Mirai,0.09411646865227175,0.15416056293366168,0.17585135880458092
4,8,14,True,7,Web-Based,5,Recon,0.15572036576114287,0.1903492354779579,0.15516483640281217
4,8,14,True,7,Web-Based,6,Spoofing,0.04100186981620963,0.21774834744349628,0.032388845509535816
4,8,14,True,7,Web-Based,7,Web-Based,0.15745998087204657,0.10451267279066835,0.22123741538020916
4,8,15,True,0,Benign,0,Benign,0.03413579151888825,0.23269592075577716,0.049839407048369984
4,8,15,True,0,Benign,1,BruteForce,0.03152569675152427,0.030996464123816223,0.031952746373506424
4,8,15,True,0,Benign,2,DDoS,0.46189952962169334,0.05872652325748158,0.5022519274526185
4,8,15,True,0,Benign,3,DoS,0.30427009815679396,0.04241400017814826,0.2867873313995385
4,8,15,True,0,Benign,4,Mirai,0.08778386120948894,0.13533560535957367,0.03710599221636177
4,8,15,True,0,Benign,5,Recon,0.014755032095465677,0.20157257871685322,0.023070707372011598
4,8,15,True,0,Benign,6,Spoofing,0.02652196155872088,0.20689831356355087,0.03884810561062139
4,8,15,True,0,Benign,7,Web-Based,0.03910802908742466,0.09136059404479907,0.03014378252697195
4,8,15,True,1,BruteForce,0,Benign,0.031148868136821748,0.21308526017297977,0.05207551206555742
4,8,15,True,1,BruteForce,1,BruteForce,0.037008106573881754,0.044852194813274265,0.033464480183938446
4,8,15,True,1,BruteForce,2,DDoS,0.5182648551057842,0.03158024015050051,0.5329504797880963
4,8,15,True,1,BruteForce,3,DoS,0.25895680896755796,0.02806600200168648,0.2504226473607079
4,8,15,True,1,BruteForce,4,Mirai,0.0756982484004456,0.1406923370837715,0.03849186840165198
4,8,15,True,1,BruteForce,5,Recon,0.010098350671171707,0.20036288974025598,0.02265328635101351
4,8,15,True,1,BruteForce,6,Spoofing,0.025497252807846052,0.21813444897774178,0.03799244616487405
4,8,15,True,1,BruteForce,7,Web-Based,0.04332750933649102,0.12322662705978961,0.0319492796841605
4,8,15,True,2,DDoS,0,Benign,0.013759271685329278,0.047569880558573925,0.037558931196428384
4,8,15,True,2,DDoS,1,BruteForce,0.017878327046920436,0.019203356211214682,0.02688383215724133
4,8,15,True,2,DDoS,2,DDoS,0.5825442477010871,0.614515260412294,0.7419043758520436
4,8,15,True,2,DDoS,3,DoS,0.3075518640185797,0.13712411089322266,0.10634900120256495
4,8,15,True,2,DDoS,4,Mirai,0.04471501698121666,0.05000527090501816,0.027500291863635604
4,8,15,True,2,DDoS,5,Recon,0.008331538715399274,0.06030902383023188,0.016731122419306972
4,8,15,True,2,DDoS,6,Spoofing,0.010506422537852814,0.04312064010327923,0.021729241659544984
4,8,15,True,2,DDoS,7,Web-Based,0.014713311313614684,0.02815245708616552,0.0213432036492342
4,8,15,True,3,DoS,0,Benign,0.009604778472424792,0.02452116374939693,0.02093062169185039
4,8,15,True,3,DoS,1,BruteForce,0.010681561265564875,0.015330579349075281,0.03937447271880717
4,8,15,True,3,DoS,2,DDoS,0.1886161586129609,0.18542759043533072,0.230983461552189
4,8,15,True,3,DoS,3,DoS,0.6172727186537387,0.5739068440368543,0.6203742998024961
4,8,15,True,3,DoS,4,Mirai,0.14199079298495132,0.11548352016732241,0.02558702906097365
4,8,15,True,3,DoS,5,Recon,0.0098979380849599,0.027156422548040224,0.016732501945439
4,8,15,True,3,DoS,6,Spoofing,0.010200392424582072,0.0413090020364306,0.022870721632670718
4,8,15,True,3,DoS,7,Web-Based,0.011735659500817496,0.016864877677549513,0.02314689159557398
4,8,15,True,4,Mirai,0,Benign,0.028160993999311417,0.19204529076731203,0.04918618415140519
4,8,15,True,4,Mirai,1,BruteForce,0.02975295208926246,0.03623404579247397,0.03309853823094742
4,8,15,True,4,Mirai,2,DDoS,0.4747370460186547,0.05522800202323127,0.5135747760258506
4,8,15,True,4,Mirai,3,DoS,0.26248551033933465,0.04528110033605867,0.2778038421421814
4,8,15,True,4,Mirai,4,Mirai,0.13771571133997698,0.24357255888166093,0.039747188923165984
4,8,15,True,4,Mirai,5,Recon,0.01095757301448534,0.13904947127527967,0.018826301336706326
4,8,15,True,4,Mirai,6,Spoofing,0.02199598004087673,0.20806410672916703,0.03737634189122307
4,8,15,True,4,Mirai,7,Web-Based,0.03419423315809771,0.08052542419481629,0.030386827298520075
4,8,15,True,5,Recon,0,Benign,0.026062910829113033,0.2024815829423339,0.05231090400242893
4,8,15,True,5,Recon,1,BruteForce,0.0315595724172029,0.039589642493798524,0.03487046593706778
4,8,15,True,5,Recon,2,DDoS,0.5419736580381103,0.029864046235041755,0.5151354536604092
4,8,15,True,5,Recon,3,DoS,0.2740020803058366,0.03209134721256832,0.26560072345031455
4,8,15,True,5,Recon,4,Mirai,0.06299809007568817,0.11917600394656454,0.0376412932965182
4,8,15,True,5,Recon,5,Recon,0.009978360391643857,0.248069360917462,0.022822761923066533
4,8,15,True,5,Recon,6,Spoofing,0.019258381037448733,0.2048981620044053,0.039236306790337246
4,8,15,True,5,Recon,7,Web-Based,0.03416694690495654,0.12382985424782562,0.03238209093985765
4,8,15,True,6,Spoofing,0,Benign,0.030883023141933943,0.22386111195446157,0.04989348536388863
4,8,15,True,6,Spoofing,1,BruteForce,0.03260188839029683,0.03331781911811083,0.03188649971154166
4,8,15,True,6,Spoofing,2,DDoS,0.4531122448538343,0.02870852400936903,0.48386588385254226
4,8,15,True,6,Spoofing,3,DoS,0.30038495716908664,0.0324845545587297,0.30516149358828903
4,8,15,True,6,Spoofing,4,Mirai,0.0927323638729911,0.1359877070585625,0.03665031104580393
4,8,15,True,6,Spoofing,5,Recon,0.012993972202034755,0.19977877273846473,0.021957736856461973
4,8,15,True,6,Spoofing,6,Spoofing,0.033913953273189044,0.24082345841688946,0.0405992718729204
4,8,15,True,6,Spoofing,7,Web-Based,0.04337759709663339,0.10503805214541215,0.029985317708552225
4,8,15,True,7,Web-Based,0,Benign,0.03841896212280968,0.23207756878602773,0.055652764274874436
4,8,15,True,7,Web-Based,1,BruteForce,0.03489473175931092,0.03565470974934867,0.030874757337916416
4,8,15,True,7,Web-Based,2,DDoS,0.5077699661509121,0.03292500428816392,0.5642708408093295
4,8,15,True,7,Web-Based,3,DoS,0.24933633900871266,0.032571898530675374,0.21004699373683333
4,8,15,True,7,Web-Based,4,Mirai,0.07910500372367892,0.15416056293366168,0.039571216454673305
4,8,15,True,7,Web-Based,5,Recon,0.01412070360104174,0.1903492354779579,0.02516263858178125
4,8,15,True,7,Web-Based,6,Spoofing,0.03053870311332291,0.21774834744349628,0.0418851396147757
4,8,15,True,7,Web-Based,7,Web-Based,0.045815590520211114,0.10451267279066835,0.032535649189816065
4,8,16,False,0,Benign,0,Benign,0.553169651539061,0.23269592075577716,0.5289869720531107
4,8,16,False,0,Benign,1,BruteForce,0.019603598502446345,0.030996464123816223,0.022867332490681114
4,8,16,False,0,Benign,2,DDoS,0.14342182831886532,0.05872652325748158,0.16887718426678153
4,8,16,False,0,Benign,3,DoS,0.023830602422259185,0.04241400017814826,0.051841357131975206
4,8,16,False,0,Benign,4,Mirai,0.015833167613140173,0.13533560535957367,0.01948582065520686
4,8,16,False,0,Benign,5,Recon,0.022979360215321994,0.20157257871685322,0.023208244931691616
4,8,16,False,0,Benign,6,Spoofing,0.13122593428554555,0.20689831356355087,0.1089540888176844
4,8,16,False,0,Benign,7,Web-Based,0.08993585710336041,0.09136059404479907,0.07577899965286862
4,8,16,False,1,BruteForce,0,Benign,0.5411847755115636,0.21308526017297977,0.5744545563340866
4,8,16,False,1,BruteForce,1,BruteForce,0.025267416358136018,0.044852194813274265,0.023981889028737272
4,8,16,False,1,BruteForce,2,DDoS,0.12684103223574217,0.03158024015050051,0.12414438639312116
4,8,16,False,1,BruteForce,3,DoS,0.018402358322244867,0.02806600200168648,0.031614801917984124
4,8,16,False,1,BruteForce,4,Mirai,0.016809138627201962,0.1406923370837715,0.0186004018028425
4,8,16,False,1,BruteForce,5,Recon,0.01899832416328731,0.20036288974025598,0.023643384612350504
4,8,16,False,1,BruteForce,6,Spoofing,0.1422303485713787,0.21813444897774178,0.11807850717401792
4,8,16,False,1,BruteForce,7,Web-Based,0.11026660621044536,0.12322662705978961,0.08548207273686008
4,8,16,False,2,DDoS,0,Benign,0.16308436277550473,0.047569880558573925,0.1741260159576502
4,8,16,False,2,DDoS,1,BruteForce,0.011918334352008767,0.019203356211214682,0.020852015820541595
4,8,16,False,2,DDoS,2,DDoS,0.7149891793994555,0.614515260412294,0.6737905432890671
4,8,16,False,2,DDoS,3,DoS,0.014962063380778318,0.13712411089322266,0.028548930532557998
4,8,16,False,2,DDoS,4,Mirai,0.008763460229376187,0.05000527090501816,0.014523519766539204
4,8,16,False,2,DDoS,5,Recon,0.00965528080109234,0.06030902383023188,0.012179546227798073
4,8,16,False,2,DDoS,6,Spoofing,0.042003741288996185,0.04312064010327923,0.04110077740829184
4,8,16,False,2,DDoS,7,Web-Based,0.03462357777278803,0.02815245708616552,0.03487865099755404
4,8,16,False,3,DoS,0,Benign,0.07928467034225153,0.02452116374939693,0.14296338459993616
4,8,16,False,3,DoS,1,BruteForce,0.011996864733515517,0.015330579349075281,0.028642659897336577
4,8,16,False,3,DoS,2,DDoS,0.26932174512649326,0.18542759043533072,0.3066166315495205
4,8,16,False,3,DoS,3,DoS,0.5578378215325706,0.5739068440368543,0.39191929596958774
4,8,16,False,3,DoS,4,Mirai,0.008168189111772107,0.11548352016732241,0.017658223094010092
4,8,16,False,3,DoS,5,Recon,0.008143055417515858,0.027156422548040224,0.013790035974995387
4,8,16,False,3,DoS,6,Spoofing,0.040310913619373556,0.0413090020364306,0.05532115693381596
4,8,16,False,3,DoS,7,Web-Based,0.02493674011650776,0.016864877677549513,0.0430886119807976
4,8,16,False,4,Mirai,0,Benign,0.4931658157995899,0.19204529076731203,0.5206070171457508
4,8,16,False,4,Mirai,1,BruteForce,0.021582808918149954,0.03623404579247397,0.023978315131557546
4,8,16,False,4,Mirai,2,DDoS,0.203586197783965,0.05522800202323127,0.1769630014019333
4,8,16,False,4,Mirai,3,DoS,0.04141007687077825,0.04528110033605867,0.05453570918791254
4,8,16,False,4,Mirai,4,Mirai,0.016083410544903406,0.24357255888166093,0.01941199305439611
4,8,16,False,4,Mirai,5,Recon,0.01813633831513292,0.13904947127527967,0.02135227064962333
4,8,16,False,4,Mirai,6,Spoofing,0.12057623475103273,0.20806410672916703,0.1063665389238147
4,8,16,False,4,Mirai,7,Web-Based,0.08545911701644776,0.08052542419481629,0.07678515450501171
4,8,16,False,5,Recon,0,Benign,0.5422719352416445,0.2024815829423339,0.5716181821311552
4,8,16,False,5,Recon,1,BruteForce,0.02476613058372817,0.039589642493798524,0.024593033053676886
4,8,16,False,5,Recon,2,DDoS,0.11890194363703026,0.029864046235041755,0.12484120043291991
4,8,16,False,5,Recon,3,DoS,0.019572846721834042,0.03209134721256832,0.03375637061389429
4,8,16,False,5,Recon,4,Mirai,0.01603881406312368,0.11917600394656454,0.01840659021605707
4,8,16,False,5,Recon,5,Recon,0.03013274744096264,0.248069360917462,0.02445099893113418
4,8,16,False,5,Recon,6,Spoofing,0.13682901003525028,0.2048981620044053,0.1158587790935409
4,8,16,False,5,Recon,7,Web-Based,0.11148657227642647,0.12382985424782562,0.08647484552762154
4,8,16,False,6,Spoofing,0,Benign,0.5517450994173113,0.22386111195446157,0.5684098316127797
4,8,16,False,6,Spoofing,1,BruteForce,0.020737920562245108,0.03331781911811083,0.022899105575981814
4,8,16,False,6,Spoofing,2,DDoS,0.10247564684415193,0.02870852400936903,0.11984449504853653
4,8,16,False,6,Spoofing,3,DoS,0.020060743202016087,0.0324845545587297,0.04571222361566175
4,8,16,False,6,Spoofing,4,Mirai,0.016521870971887485,0.1359877070585625,0.019652787043212223
4,8,16,False,6,Spoofing,5,Recon,0.023110292843336988,0.19977877273846473,0.02456865175624679
4,8,16,False,6,Spoofing,6,Spoofing,0.16653062323377418,0.24082345841688946,0.11996086300199292
4,8,16,False,6,Spoofing,7,Web-Based,0.09881780292527696,0.10503805214541215,0.0789520423455883
4,8,16,False,7,Web-Based,0,Benign,0.5609642682793297,0.23207756878602773,0.5714476609725303
4,8,16,False,7,Web-Based,1,BruteForce,0.02171630448521872,0.03565470974934867,0.023310026981546425
4,8,16,False,7,Web-Based,2,DDoS,0.12310504352867752,0.03292500428816392,0.1346747131750776
4,8,16,False,7,Web-Based,3,DoS,0.01827321606253665,0.032571898530675374,0.03355962287673245
4,8,16,False,7,Web-Based,4,Mirai,0.016652487927374122,0.15416056293366168,0.019237949411600824
4,8,16,False,7,Web-Based,5,Recon,0.020959524366651484,0.1903492354779579,0.02394913990804512
4,8,16,False,7,Web-Based,6,Spoofing,0.1384052999468095,0.21774834744349628,0.11199076947497222
4,8,16,False,7,Web-Based,7,Web-Based,0.09992385540340243,0.10451267279066835,0.08183011719949508
4,8,17,True,0,Benign,0,Benign,0.2049503215974974,0.23269592075577716,0.286889015939312
4,8,17,True,0,Benign,1,BruteForce,0.26465941676458876,0.030996464123816223,0.014141176556226539
4,8,17,True,0,Benign,2,DDoS,0.027467557093540443,0.05872652325748158,0.03934222345283236
4,8,17,True,0,Benign,3,DoS,0.027797082461132067,0.04241400017814826,0.07510850393543397
4,8,17,True,0,Benign,4,Mirai,0.2878629722123127,0.13533560535957367,0.4623639116782699
4,8,17,True,0,Benign,5,Recon,0.11224554654316982,0.20157257871685322,0.012580999550135604
4,8,17,True,0,Benign,6,Spoofing,0.014513857606963736,0.20689831356355087,0.01989494697695438
4,8,17,True,0,Benign,7,Web-Based,0.06050324572079502,0.09136059404479907,0.08967922191083538
4,8,17,True,1,BruteForce,0,Benign,0.1881617518941048,0.21308526017297977,0.26788477225842416
4,8,17,True,1,BruteForce,1,BruteForce,0.26878548857154044,0.044852194813274265,0.01355950147760995
4,8,17,True,1,BruteForce,2,DDoS,0.01602032734465737,0.03158024015050051,0.023824451384301438
4,8,17,True,1,BruteForce,3,DoS,0.014384186214563763,0.02806600200168648,0.021147476688527626
4,8,17,True,1,BruteForce,4,Mirai,0.3034421897893409,0.1406923370837715,0.5076466959494363
4,8,17,True,1,BruteForce,5,Recon,0.11897095971545855,0.20036288974025598,0.01194216929091869
4,8,17,True,1,BruteForce,6,Spoofing,0.015140075538411443,0.21813444897774178,0.021224212398854504
4,8,17,True,1,BruteForce,7,Web-Based,0.07509502093192276,0.12322662705978961,0.1327707205519274
4,8,17,True,2,DDoS,0,Benign,0.06335870540299997,0.047569880558573925,0.09965223464425019
4,8,17,True,2,DDoS,1,BruteForce,0.08835200558373306,0.019203356211214682,0.016912555800301876
4,8,17,True,2,DDoS,2,DDoS,0.4882218628318689,0.614515260412294,0.5916063038604549
4,8,17,True,2,DDoS,3,DoS,0.15558091175265581,0.13712411089322266,0.059647025808189195
4,8,17,True,2,DDoS,4,Mirai,0.1255614504181437,0.05000527090501816,0.16515504529755384
4,8,17,True,2,DDoS,5,Recon,0.0437648561673923,0.06030902383023188,0.010300366663951063
4,8,17,True,2,DDoS,6,Spoofing,0.008156941854779661,0.04312064010327923,0.011752445730340406
4,8,17,True,2,DDoS,7,Web-Based,0.02700326598842667,0.02815245708616552,0.04497402219495862
4,8,17,True,3,DoS,0,Benign,0.03676315803691975,0.02452116374939693,0.05992432340690582
4,8,17,True,3,DoS,1,BruteForce,0.05201074974757995,0.015330579349075281,0.02264921063857181
4,8,17,True,3,DoS,2,DDoS,0.12029855793958552,0.18542759043533072,0.09107857185936827
4,8,17,True,3,DoS,3,DoS,0.49964378902265627,0.5739068440368543,0.6004928338303238
4,8,17,True,3,DoS,4,Mirai,0.22179971036025384,0.11548352016732241,0.16149540713187366
4,8,17,True,3,DoS,5,Recon,0.040362088731665205,0.027156422548040224,0.011963184394358726
4,8,17,True,3,DoS,6,Spoofing,0.008788878669115208,0.0413090020364306,0.014793874814484666
4,8,17,True,3,DoS,7,Web-Based,0.020333067492224237,0.016864877677549513,0.037602593924113276
4,8,17,True,4,Mirai,0,Benign,0.16818713123995094,0.19204529076731203,0.24452659773493632
4,8,17,True,4,Mirai,1,BruteForce,0.21370459039292372,0.03623404579247397,0.012452768444411106
4,8,17,True,4,Mirai,2,DDoS,0.018861566649581576,0.05522800202323127,0.02989616356771772
4,8,17,True,4,Mirai,3,DoS,0.022827199145562974,0.04528110033605867,0.03160659118771453
4,8,17,True,4,Mirai,4,Mirai,0.3782833122660457,0.24357255888166093,0.5618601648015825
4,8,17,True,4,Mirai,5,Recon,0.13077150087038897,0.13904947127527967,0.011154268779432132
4,8,17,True,4,Mirai,6,Spoofing,0.013449238049044214,0.20806410672916703,0.01860752929236095
4,8,17,True,4,Mirai,7,Web-Based,0.053915461386502064,0.08052542419481629,0.0898959161918447
4,8,17,True,5,Recon,0,Benign,0.18412350607615452,0.2024815829423339,0.25952094279778837
4,8,17,True,5,Recon,1,BruteForce,0.26433835173924347,0.039589642493798524,0.013930722871897163
4,8,17,True,5,Recon,2,DDoS,0.016167342392064302,0.029864046235041755,0.02460110721417558
4,8,17,True,5,Recon,3,DoS,0.020763926015691582,0.03209134721256832,0.026782891227141448
4,8,17,True,5,Recon,4,Mirai,0.3025761285976225,0.11917600394656454,0.5082181784870103
4,8,17,True,5,Recon,5,Recon,0.12307792854703072,0.248069360917462,0.011940778991640274
4,8,17,True,5,Recon,6,Spoofing,0.014743177877558801,0.2048981620044053,0.02098337634349378
4,8,17,True,5,Recon,7,Web-Based,0.07420963875463406,0.12382985424782562,0.1340220020668531
4,8,17,True,6,Spoofing,0,Benign,0.20480169470900544,0.22386111195446157,0.302606185767156
4,8,17,True,6,Spoofing,1,BruteForce,0.28520352115124387,0.03331781911811083,0.013507241985149722
4,8,17,True,6,Spoofing,2,DDoS,0.01611853501353147,0.02870852400936903,0.025089976437142267
4,8,17,True,6,Spoofing,3,DoS,0.016162626433190632,0.0324845545587297,0.04117615354337931
4,8,17,True,6,Spoofing,4,Mirai,0.2814698736274664,0.1359877070585625,0.48033069048874455
4,8,17,True,6,Spoofing,5,Recon,0.11331110828858698,0.19977877273846473,0.013000229641819839
4,8,17,True,6,Spoofing,6,Spoofing,0.015043084566927429,0.24082345841688946,0.021249318788605573
4,8,17,True,6,Spoofing,7,Web-Based,0.06788955621004772,0.10503805214541215,0.10304020334800273
4,8,17,True,7,Web-Based,0,Benign,0.1918951478071313,0.23207756878602773,0.28968093350244056
4,8,17,True,7,Web-Based,1,BruteForce,0.2589277140472378,0.03565470974934867,0.013761211173983294
4,8,17,True,7,Web-Based,2,DDoS,0.01682811738102158,0.03292500428816392,0.027595103491214332
4,8,17,True,7,Web-Based,3,DoS,0.01657022749614008,0.032571898530675374,0.021580846561655005
4,8,17,True,7,Web-Based,4,Mirai,0.3150921067502993,0.15416056293366168,0.5045295700101171
4,8,17,True,7,Web-Based,5,Recon,0.11998101607186676,0.1903492354779579,0.012630118921325022
4,8,17,True,7,Web-Based,6,Spoofing,0.014659106540620212,0.21774834744349628,0.020622524472812886
4,8,17,True,7,Web-Based,7,Web-Based,0.06604656390568292,0.10451267279066835,0.10959969186645173
4,8,18,True,0,Benign,0,Benign,0.059105645366986925,0.23269592075577716,0.06003669693124527
4,8,18,True,0,Benign,1,BruteForce,0.09271010020291857,0.030996464123816223,0.015925282420627428
4,8,18,True,0,Benign,2,DDoS,0.14468770008817897,0.05872652325748158,0.1752512081883567
4,8,18,True,0,Benign,3,DoS,0.050713117185645855,0.04241400017814826,0.05925209115095998
4,8,18,True,0,Benign,4,Mirai,0.15878589631275147,0.13533560535957367,0.2680656923199855
4,8,18,True,0,Benign,5,Recon,0.17319248826922443,0.20157257871685322,0.10830681306316478
4,8,18,True,0,Benign,6,Spoofing,0.11007447359603263,0.20689831356355087,0.1953149492678493
4,8,18,True,0,Benign,7,Web-Based,0.2107305789782612,0.09136059404479907,0.11784726665781116
4,8,18,True,1,BruteForce,0,Benign,0.05803214071658782,0.21308526017297977,0.05985143394031293
4,8,18,True,1,BruteForce,1,BruteForce,0.09895329634843601,0.044852194813274265,0.015592786599150038
4,8,18,True,1,BruteForce,2,DDoS,0.12074352356458744,0.03158024015050051,0.1289359280752761
4,8,18,True,1,BruteForce,3,DoS,0.03121100617547976,0.02806600200168648,0.02215712225230054
4,8,18,True,1,BruteForce,4,Mirai,0.1749398228036292,0.1406923370837715,0.317016468517998
4,8,18,True,1,BruteForce,5,Recon,0.18498733070785986,0.20036288974025598,0.11847456578080608
4,8,18,True,1,BruteForce,6,Spoofing,0.10940930166604645,0.21813444897774178,0.18611693944709506
4,8,18,True,1,BruteForce,7,Web-Based,0.2217235780173735,0.12322662705978961,0.15185475538706122
4,8,18,True,2,DDoS,0,Benign,0.02186724274237161,0.047569880558573925,0.029062631855855094
4,8,18,True,2,DDoS,1,BruteForce,0.03449333518004468,0.019203356211214682,0.016288194304989984
4,8,18,True,2,DDoS,2,DDoS,0.5487526707541323,0.614515260412294,0.6648201106739219
4,8,18,True,2,DDoS,3,DoS,0.1676788983033585,0.13712411089322266,0.034976272066712825
4,8,18,True,2,DDoS,4,Mirai,0.06707376284893506,0.05000527090501816,0.096397978138924
4,8,18,True,2,DDoS,5,Recon,0.06834462272362629,0.06030902383023188,0.05429758367867338
4,8,18,True,2,DDoS,6,Spoofing,0.032427941381687794,0.04312064010327923,0.056696095005218945
4,8,18,True,2,DDoS,7,Web-Based,0.059361526065843905,0.02815245708616552,0.047461134275703955
4,8,18,True,3,DoS,0,Benign,0.013979484946043778,0.02452116374939693,0.02066310555668643
4,8,18,True,3,DoS,1,BruteForce,0.023908489320771473,0.015330579349075281,0.023275818268509742
4,8,18,True,3,DoS,2,DDoS,0.2432065697649335,0.18542759043533072,0.258822317646216
4,8,18,True,3,DoS,3,DoS,0.4351486979960444,0.5739068440368543,0.4234930144571863
4,8,18,True,3,DoS,4,Mirai,0.1499721576705606,0.11548352016732241,0.09426692062515364
4,8,18,True,3,DoS,5,Recon,0.04475368763735311,0.027156422548040224,0.039583359254818457
4,8,18,True,3,DoS,6,Spoofing,0.03253949310825092,0.0413090020364306,0.08592159588391285
4,8,18,True,3,DoS,7,Web-Based,0.05649141955604229,0.016864877677549513,0.05397386830751663
4,8,18,True,4,Mirai,0,Benign,0.051351396825450195,0.19204529076731203,0.05628407963491555
4,8,18,True,4,Mirai,1,BruteForce,0.08465002388538063,0.03623404579247397,0.01544059660104304
4,8,18,True,4,Mirai,2,DDoS,0.16236392565999241,0.05522800202323127,0.15448560210473708
4,8,18,True,4,Mirai,3,DoS,0.05297963138464376,0.04528110033605867,0.04912073475735243
4,8,18,True,4,Mirai,4,Mirai,0.21628146663054224,0.24357255888166093,0.3346982396821286
4,8,18,True,4,Mirai,5,Recon,0.1590653388320745,0.13904947127527967,0.09483282830803735
4,8,18,True,4,Mirai,6,Spoofing,0.09345852651532789,0.20806410672916703,0.17399327749416404
4,8,18,True,4,Mirai,7,Web-Based,0.1798496902665884,0.08052542419481629,0.12114464141762199
4,8,18,True,5,Recon,0,Benign,0.05565180538934481,0.2024815829423339,0.05812312447001411
4,8,18,True,5,Recon,1,BruteForce,0.09496606759205987,0.039589642493798524,0.015691333544148797
4,8,18,True,5,Recon,2,DDoS,0.11588559831782667,0.029864046235041755,0.122115431082052
4,8,18,True,5,Recon,3,DoS,0.030172566982906605,0.03209134721256832,0.022574914676715394
4,8,18,True,5,Recon,4,Mirai,0.16845810922152035,0.11917600394656454,0.3151549157088511
4,8,18,True,5,Recon,5,Recon,0.2184825396557162,0.248069360917462,0.13887600447012433
4,8,18,True,5,Recon,6,Spoofing,0.10778809324845173,0.2048981620044053,0.17694869786890408
4,8,18,True,5,Recon,7,Web-Based,0.2085952195921739,0.12382985424782562,0.15051557817919023
4,8,18,True,6,Spoofing,0,Benign,0.057850334138460885,0.22386111195446157,0.06170834865848539
4,8,18,True,6,Spoofing,1,BruteForce,0.09671060231817953,0.03331781911811083,0.015800834351637857
4,8,18,True,6,Spoofing,2,DDoS,0.10577040391269694,0.02870852400936903,0.1232908717829644
4,8,18,True,6,Spoofing,3,DoS,0.033183044035796985,0.0324845545587297,0.04271692378464614
4,8,18,True,6,Spoofing,4,Mirai,0.1587126639209239,0.1359877070585625,0.2729913861731602
4,8,18,True,6,Spoofing,5,Recon,0.17824264727422204,0.19977877273846473,0.11501973307918247
4,8,18,True,6,Spoofing,6,Spoofing,0.13065218187840374,0.24082345841688946,0.23591856384237125
4,8,18,True,6,Spoofing,7,Web-Based,0.238878122521316,0.10503805214541215,0.13255333832755234
4,8,18,True,7,Web-Based,0,Benign,0.05795167707151954,0.23207756878602773,0.06290869206457517
4,8,18,True,7,Web-Based,1,BruteForce,0.09287891958719291,0.03565470974934867,0.015319260554912553
4,8,18,True,7,Web-Based,2,DDoS,0.12690950349102853,0.03292500428816392,0.14188922350994165
4,8,18,True,7,Web-Based,3,DoS,0.03464931914698449,0.032571898530675374,0.02459099334319162
4,8,18,True,7,Web-Based,4,Mirai,0.18909025505369523,0.15416056293366168,0.31275061179402036
4,8,18,True,7,Web-Based,5,Recon,0.18149447849683562,0.1903492354779579,0.11708161224186986
4,8,18,True,7,Web-Based,6,Spoofing,0.10780745716496005,0.21774834744349628,0.1881912653758733
4,8,18,True,7,Web-Based,7,Web-Based,0.20921838998778372,0.10451267279066835,0.13726834111561545
4,8,19,False,0,Benign,0,Benign,0.12257355565086486,0.23269592075577716,0.08823387665806656
4,8,19,False,0,Benign,1,BruteForce,0.0118871573475167,0.030996464123816223,0.01888932090882132
4,8,19,False,0,Benign,2,DDoS,0.2700735979672904,0.05872652325748158,0.2429632693628746
4,8,19,False,0,Benign,3,DoS,0.028404607792384382,0.04241400017814826,0.08348141086570714
4,8,19,False,0,Benign,4,Mirai,0.01583353881854776,0.13533560535957367,0.019610591700312093
4,8,19,False,0,Benign,5,Recon,0.1362897041144546,0.20157257871685322,0.17813600008336025
4,8,19,False,0,Benign,6,Spoofing,0.3981824993019989,0.20689831356355087,0.3497237577388485
4,8,19,False,0,Benign,7,Web-Based,0.016755339006942475,0.09136059404479907,0.018961772682009412
4,8,19,False,1,BruteForce,0,Benign,0.12786795184482372,0.21308526017297977,0.09913790567731263
4,8,19,False,1,BruteForce,1,BruteForce,0.013452727098109298,0.044852194813274265,0.018064839186361405
4,8,19,False,1,BruteForce,2,DDoS,0.26710933825719235,0.03158024015050051,0.20349844104536582
4,8,19,False,1,BruteForce,3,DoS,0.015338792580802065,0.02806600200168648,0.02784390523462867
4,8,19,False,1,BruteForce,4,Mirai,0.01743739893724178,0.1406923370837715,0.01950739318485699
4,8,19,False,1,BruteForce,5,Recon,0.11532984137401851,0.20036288974025598,0.2187069857341637
4,8,19,False,1,BruteForce,6,Spoofing,0.426186644260727,0.21813444897774178,0.3939871007678026
4,8,19,False,1,BruteForce,7,Web-Based,0.017277305647085305,0.12322662705978961,0.019253429169508115
4,8,19,False,2,DDoS,0,Benign,0.03493865839046511,0.047569880558573925,0.03767276258733159
4,8,19,False,2,DDoS,1,BruteForce,0.007624795726958171,0.019203356211214682,0.016056824115162807
4,8,19,False,2,DDoS,2,DDoS,0.7579628726232016,0.614515260412294,0.6882905537192153
4,8,19,False,2,DDoS,3,DoS,0.031054602548729108,0.13712411089322266,0.048163516725315256
4,8,19,False,2,DDoS,4,Mirai,0.008844193598259236,0.05000527090501816,0.016534657503638764
4,8,19,False,2,DDoS,5,Recon,0.05595971287571577,0.06030902383023188,0.07958947246139361
4,8,19,False,2,DDoS,6,Spoofing,0.09716686189698764,0.04312064010327923,0.10282389900793108
4,8,19,False,2,DDoS,7,Web-Based,0.0064483023396834,0.02815245708616552,0.010868313880011578
4,8,19,False,3,DoS,0,Benign,0.014028677725310726,0.02452116374939693,0.020026217259025727
4,8,19,False,3,DoS,1,BruteForce,0.009992083413344597,0.015330579349075281,0.025034336214780212
4,8,19,False,3,DoS,2,DDoS,0.23210335414805197,0.18542759043533072,0.20879855364634697
4,8,19,False,3,DoS,3,DoS,0.6640364950364208,0.5739068440368543,0.5733914465592493
4,8,19,False,3,DoS,4,Mirai,0.006003148209471882,0.11548352016732241,0.015936369513321242
4,8,19,False,3,DoS,5,Recon,0.025016190275142413,0.027156422548040224,0.0464978550774566
4,8,19,False,3,DoS,6,Spoofing,0.043999157544087,0.0413090020364306,0.09841889403122607
4,8,19,False,3,DoS,7,Web-Based,0.00482089364817065,0.016864877677549513,0.011896327698594002
4,8,19,False,4,Mirai,0,Benign,0.10865016270792105,0.19204529076731203,0.09167101573892925
4,8,19,False,4,Mirai,1,BruteForce,0.01272264095488032,0.03623404579247397,0.019798226119701657
4,8,19,False,4,Mirai,2,DDoS,0.3831724277912539,0.05522800202323127,0.2596567372868506
4,8,19,False,4,Mirai,3,DoS,0.027901580391625384,0.04528110033605867,0.07104045203391178
4,8,19,False,4,Mirai,4,Mirai,0.018035357421267925,0.24357255888166093,0.021280885764181936
4,8,19,False,4,Mirai,5,Recon,0.09257983292045181,0.13904947127527967,0.16300272388462222
4,8,19,False,4,Mirai,6,Spoofing,0.34217292555431106,0.20806410672916703,0.35435016413821613
4,8,19,False,4,Mirai,7,Web-Based,0.014765072258288487,0.08052542419481629,0.019199795033586476
4,8,19,False,5,Recon,0,Benign,0.12898301366861942,0.2024815829423339,0.09760074570728806
4,8,19,False,5,Recon,1,BruteForce,0.012887913887656276,0.039589642493798524,0.01785633303978797
4,8,19,False,5,Recon,2,DDoS,0.25190253685277963,0.029864046235041755,0.1952643830935358
4,8,19,False,5,Recon,3,DoS,0.0169547504698532,0.03209134721256832,0.02951280555912488
4,8,19,False,5,Recon,4,Mirai,0.015791835294398066,0.11917600394656454,0.019269203289343086
4,8,19,False,5,Recon,5,Recon,0.1801437896667012,0.248069360917462,0.24910730652688962
4,8,19,False,5,Recon,6,Spoofing,0.3761241127347554,0.2048981620044053,0.37247809202891285
4,8,19,False,5,Recon,7,Web-Based,0.0172120474252369,0.12382985424782562,0.018911130755117668
4,8,19,False,6,Spoofing,0,Benign,0.12174762217030273,0.22386111195446157,0.09459257177217283
4,8,19,False,6,Spoofing,1,BruteForce,0.011635864504883029,0.03331781911811083,0.018608910498152272
4,8,19,False,6,Spoofing,2,DDoS,0.20954186194169294,0.02870852400936903,0.18479530680509787
4,8,19,False,6,Spoofing,3,DoS,0.025832786894655502,0.0324845545587297,0.06258030746707754
4,8,19,False,6,Spoofing,4,Mirai,0.015395565640333713,0.1359877070585625,0.01943747529338753
4,8,19,False,6,Spoofing,5,Recon,0.14577027298849077,0.19977877273846473,0.19519971533553404
4,8,19,False,6,Spoofing,6,Spoofing,0.4530838435115297,0.24082345841688946,0.405441605634872
4,8,19,False,6,Spoofing,7,Web-Based,0.01699218234811169,0.10503805214541215,0.01934410719370588
4,8,19,False,7,Web-Based,0,Benign,0.12846801935080268,0.23207756878602773,0.1007990821887821
4,8,19,False,7,Web-Based,1,BruteForce,0.012215341463216739,0.03565470974934867,0.018501421292924862
4,8,19,False,7,Web-Based,2,DDoS,0.2949405302551003,0.03292500428816392,0.2250672477616476
4,8,19,False,7,Web-Based,3,DoS,0.019407896065514418,0.032571898530675374,0.03364515979787337
4,8,19,False,7,Web-Based,4,Mirai,0.01765154855712369,0.15416056293366168,0.019942477727555873
4,8,19,False,7,Web-Based,5,Recon,0.13045316638767301,0.1903492354779579,0.2106561159097662
4,8,19,False,7,Web-Based,6,Spoofing,0.37970979605318417,0.21774834744349628,0.37142243101012146
4,8,19,False,7,Web-Based,7,Web-Based,0.017153701867384945,0.10451267279066835,0.01996606431132858
