monitoring_round,global_round,client_id,actual_malicious,source_id,source_name,target_id,target_name,local_probability,round_consensus_probability,frozen_profile_probability
1,5,0,False,0,Benign,0,Benign,0.2975935648050732,0.18315486245656135,0.26278178160925625
1,5,0,False,0,Benign,1,BruteForce,0.08062141837964887,0.13766299223155576,0.05988172549568824
1,5,0,False,0,Benign,2,DDoS,0.010686906990807892,0.08702289468207966,0.017071578120114936
1,5,0,False,0,Benign,3,DoS,0.14465084042701198,0.058892155941522896,0.1844970353632558
1,5,0,False,0,Benign,4,Mirai,0.3073654124465107,0.11947472536332539,0.2918442271356306
1,5,0,False,0,Benign,5,Recon,0.11829569811879079,0.1264309956057216,0.14228985307871034
1,5,0,False,0,Benign,6,Spoofing,0.0214177069945849,0.13550940433305686,0.020855983251581833
1,5,0,False,0,Benign,7,Web-Based,0.01936845183757168,0.1518519693861764,0.020777815945762
1,5,0,False,1,BruteForce,0,Benign,0.2667013460798181,0.14728676648576886,0.2656430290659468
1,5,0,False,1,BruteForce,1,BruteForce,0.15123467050097084,0.19994471700564062,0.08753372719811156
1,5,0,False,1,BruteForce,2,DDoS,0.012676779661397884,0.07746457746173284,0.012764178493417473
1,5,0,False,1,BruteForce,3,DoS,0.06246094757607568,0.03943764411979954,0.07678476689708104
1,5,0,False,1,BruteForce,4,Mirai,0.3613546766280145,0.1155131851081085,0.3325634123379524
1,5,0,False,1,BruteForce,5,Recon,0.0969808647946292,0.10697674325611439,0.17508103946245743
1,5,0,False,1,BruteForce,6,Spoofing,0.02150451485559178,0.12510811400283312,0.022715882767572422
1,5,0,False,1,BruteForce,7,Web-Based,0.02708619990350207,0.1882682525600021,0.026913963777460977
1,5,0,False,2,DDoS,0,Benign,0.07317859487430367,0.08141992314739303,0.10478185413533818
1,5,0,False,2,DDoS,1,BruteForce,0.03128867959908676,0.05163084471659006,0.03363773507810239
1,5,0,False,2,DDoS,2,DDoS,0.5038021403725307,0.5391614197922195,0.4555644832146435
1,5,0,False,2,DDoS,3,DoS,0.17191981865614306,0.06354731096242147,0.16267828503382503
1,5,0,False,2,DDoS,4,Mirai,0.13923142581122266,0.08389506073605893,0.13805545173557351
1,5,0,False,2,DDoS,5,Recon,0.057846164753231816,0.06510495397280701,0.07114814746332884
1,5,0,False,2,DDoS,6,Spoofing,0.010853901568623215,0.0650032814804861,0.014144695575032938
1,5,0,False,2,DDoS,7,Web-Based,0.011879274364858127,0.050237205192024036,0.019989347764155587
1,5,0,False,3,DoS,0,Benign,0.02242749485416545,0.08663711337212703,0.031183219318431078
1,5,0,False,3,DoS,1,BruteForce,0.016992259712495083,0.08560681133484727,0.016828722475000998
1,5,0,False,3,DoS,2,DDoS,0.01556672979136483,0.11448514295403894,0.02177625241987036
1,5,0,False,3,DoS,3,DoS,0.890166537797726,0.3923437554333615,0.8446218761534362
1,5,0,False,3,DoS,4,Mirai,0.029001454214028843,0.12353693221813213,0.0431461770917808
1,5,0,False,3,DoS,5,Recon,0.015075129968997805,0.06167411813850687,0.026358258254224377
1,5,0,False,3,DoS,6,Spoofing,0.006214542013289015,0.09409155456005916,0.00856158772017071
1,5,0,False,3,DoS,7,Web-Based,0.004555851647933012,0.041624571988927044,0.007523906567085566
1,5,0,False,4,Mirai,0,Benign,0.23349580140546525,0.15442436290993997,0.25716740971373475
1,5,0,False,4,Mirai,1,BruteForce,0.07373916104467487,0.16663162668363707,0.06214343396007815
1,5,0,False,4,Mirai,2,DDoS,0.013185380428115193,0.09353930809827801,0.01386823720359379
1,5,0,False,4,Mirai,3,DoS,0.09653405202428504,0.06632314493013693,0.149772069756984
1,5,0,False,4,Mirai,4,Mirai,0.48118618690643267,0.139865865374906,0.3716587945662579
1,5,0,False,4,Mirai,5,Recon,0.06500896914655215,0.08933333070145018,0.10328053476161966
1,5,0,False,4,Mirai,6,Spoofing,0.020154647071316076,0.12731451663308738,0.02136984537726492
1,5,0,False,4,Mirai,7,Web-Based,0.01669580197315881,0.1625678446685644,0.020739674660466896
1,5,0,False,5,Recon,0,Benign,0.25237842092436086,0.14104514429833345,0.24724985801781527
1,5,0,False,5,Recon,1,BruteForce,0.1398351883139675,0.18235501882345725,0.0851020256366411
1,5,0,False,5,Recon,2,DDoS,0.012023799992794619,0.07628856889314145,0.012058303129683059
1,5,0,False,5,Recon,3,DoS,0.0944496304785754,0.04001097449838972,0.0998195894281689
1,5,0,False,5,Recon,4,Mirai,0.3102745033617927,0.11092691770819167,0.3057203541264973
1,5,0,False,5,Recon,5,Recon,0.14317765214723152,0.1308891909906823,0.20288978965026663
1,5,0,False,5,Recon,6,Spoofing,0.020678489230793375,0.12520666614517126,0.021513182207612613
1,5,0,False,5,Recon,7,Web-Based,0.027182315550483987,0.19327751864263293,0.025646897803315197
1,5,0,False,6,Spoofing,0,Benign,0.2962819316889081,0.17897876950687722,0.27290338038420653
1,5,0,False,6,Spoofing,1,BruteForce,0.09826680257170146,0.14620311819381915,0.06470870055203756
1,5,0,False,6,Spoofing,2,DDoS,0.010986746163201002,0.06973828189536913,0.012183481902706246
1,5,0,False,6,Spoofing,3,DoS,0.09245930131933765,0.04398566004569343,0.14846015901941642
1,5,0,False,6,Spoofing,4,Mirai,0.3093027825898929,0.12184867644027336,0.2955883962719409
1,5,0,False,6,Spoofing,5,Recon,0.1440619644621172,0.13430503260181803,0.16073231861293877
1,5,0,False,6,Spoofing,6,Spoofing,0.024908604767185937,0.13952954924092997,0.022702443629196753
1,5,0,False,6,Spoofing,7,Web-Based,0.023731866437655767,0.16541091207521966,0.02272111962755682
1,5,0,False,7,Web-Based,0,Benign,0.27845188607725585,0.1729520561354983,0.2828623583119801
1,5,0,False,7,Web-Based,1,BruteForce,0.08608327884364833,0.15306511621217125,0.06785994904824477
1,5,0,False,7,Web-Based,2,DDoS,0.011787640232950225,0.07736118004549669,0.014249287961015595
1,5,0,False,7,Web-Based,3,DoS,0.07528884933707175,0.03943529532740323,0.10621673236144319
1,5,0,False,7,Web-Based,4,Mirai,0.4048162654794107,0.12292968032340815,0.34482029681020887
1,5,0,False,7,Web-Based,5,Recon,0.10076805296705947,0.12177614656997146,0.13843233178161277
1,5,0,False,7,Web-Based,6,Spoofing,0.021716287184626475,0.13353834465984182,0.022295377231029485
1,5,0,False,7,Web-Based,7,Web-Based,0.021087739877977248,0.17894218072620918,0.023263666494465214
1,5,1,True,0,Benign,0,Benign,0.06917105323195029,0.18315486245656135,0.013568399554844724
1,5,1,True,0,Benign,1,BruteForce,0.2539285462285825,0.13766299223155576,0.008605934639372665
1,5,1,True,0,Benign,2,DDoS,0.09034530875780886,0.08702289468207966,0.07444771125811747
1,5,1,True,0,Benign,3,DoS,0.07504959575186831,0.058892155941522896,0.018250106949369942
1,5,1,True,0,Benign,4,Mirai,0.07194319654694357,0.11947472536332539,0.10807574100270502
1,5,1,True,0,Benign,5,Recon,0.09968740547608892,0.1264309956057216,0.2907260211972004
1,5,1,True,0,Benign,6,Spoofing,0.09509125363790828,0.13550940433305686,0.47608512375763967
1,5,1,True,0,Benign,7,Web-Based,0.2447836403688493,0.1518519693861764,0.010240961640750088
1,5,1,True,1,BruteForce,0,Benign,0.06756633647571537,0.14728676648576886,0.012838263384921755
1,5,1,True,1,BruteForce,1,BruteForce,0.2519926522114054,0.19994471700564062,0.008322975190072216
1,5,1,True,1,BruteForce,2,DDoS,0.0855199847473724,0.07746457746173284,0.0486947483017159
1,5,1,True,1,BruteForce,3,DoS,0.07418689123068269,0.03943764411979954,0.011921294151150431
1,5,1,True,1,BruteForce,4,Mirai,0.07350259647765381,0.1155131851081085,0.1105990736221884
1,5,1,True,1,BruteForce,5,Recon,0.10209146282377064,0.10697674325611439,0.29782863486713473
1,5,1,True,1,BruteForce,6,Spoofing,0.09772374518629874,0.12510811400283312,0.5004098369481974
1,5,1,True,1,BruteForce,7,Web-Based,0.24741633084710105,0.1882682525600021,0.00938517353461923
1,5,1,True,2,DDoS,0,Benign,0.07185210546477568,0.08141992314739303,0.010789170177697706
1,5,1,True,2,DDoS,1,BruteForce,0.25880822676911747,0.05163084471659006,0.008010163860307824
1,5,1,True,2,DDoS,2,DDoS,0.11186191544656275,0.5391614197922195,0.6681850151860528
1,5,1,True,2,DDoS,3,DoS,0.07650634467753176,0.06354731096242147,0.02380207038049753
1,5,1,True,2,DDoS,4,Mirai,0.06755890638339987,0.08389506073605893,0.04539266732934675
1,5,1,True,2,DDoS,5,Recon,0.09281950931352073,0.06510495397280701,0.10933311795857123
1,5,1,True,2,DDoS,6,Spoofing,0.08379054137027137,0.0650032814804861,0.12801525908105618
1,5,1,True,2,DDoS,7,Web-Based,0.2368024505748204,0.050237205192024036,0.006472536026470069
1,5,1,True,3,DoS,0,Benign,0.06648344463557658,0.08663711337212703,0.010252218338446022
1,5,1,True,3,DoS,1,BruteForce,0.2534999500000064,0.08560681133484727,0.015216404503898918
1,5,1,True,3,DoS,2,DDoS,0.09921593715142492,0.11448514295403894,0.17155529533872457
1,5,1,True,3,DoS,3,DoS,0.08163752149934116,0.3923437554333615,0.5166624340617575
1,5,1,True,3,DoS,4,Mirai,0.07406236160122898,0.12353693221813213,0.050020635236841596
1,5,1,True,3,DoS,5,Recon,0.09213215292224454,0.06167411813850687,0.05898538021733843
1,5,1,True,3,DoS,6,Spoofing,0.08937597952771754,0.09409155456005916,0.16568625965394038
1,5,1,True,3,DoS,7,Web-Based,0.2435926526624599,0.041624571988927044,0.011621372649052655
1,5,1,True,4,Mirai,0,Benign,0.06833479153503277,0.15442436290993997,0.014618137705013036
1,5,1,True,4,Mirai,1,BruteForce,0.2542068932207277,0.16663162668363707,0.009102412497405885
1,5,1,True,4,Mirai,2,DDoS,0.08933468922147765,0.09353930809827801,0.08760477884375821
1,5,1,True,4,Mirai,3,DoS,0.07508981160456736,0.06632314493013693,0.02267124101393727
1,5,1,True,4,Mirai,4,Mirai,0.07377698555232928,0.139865865374906,0.15230992245626365
1,5,1,True,4,Mirai,5,Recon,0.0973908900713113,0.08933333070145018,0.21313913990613298
1,5,1,True,4,Mirai,6,Spoofing,0.09684426895211,0.12731451663308738,0.4892664164272418
1,5,1,True,4,Mirai,7,Web-Based,0.24502166984244408,0.1625678446685644,0.011287951150247227
1,5,1,True,5,Recon,0,Benign,0.0670431380392288,0.14104514429833345,0.011824808752694154
1,5,1,True,5,Recon,1,BruteForce,0.2507513148519847,0.18235501882345725,0.007794146199475564
1,5,1,True,5,Recon,2,DDoS,0.08559228881622905,0.07628856889314145,0.043844228754022566
1,5,1,True,5,Recon,3,DoS,0.07490994710396713,0.04001097449838972,0.011222183207049409
1,5,1,True,5,Recon,4,Mirai,0.07388166858339609,0.11092691770819167,0.10642451725044536
1,5,1,True,5,Recon,5,Recon,0.10285653748585356,0.1308891909906823,0.38581164237960236
1,5,1,True,5,Recon,6,Spoofing,0.09648478172856563,0.12520666614517126,0.42455073847402264
1,5,1,True,5,Recon,7,Web-Based,0.24848032339077497,0.19327751864263293,0.00852773498268801
1,5,1,True,6,Spoofing,0,Benign,0.06882617212207041,0.17897876950687722,0.012756547625364765
1,5,1,True,6,Spoofing,1,BruteForce,0.2539086654180158,0.14620311819381915,0.00793767673279992
1,5,1,True,6,Spoofing,2,DDoS,0.08932139862646632,0.06973828189536913,0.04094354636442861
1,5,1,True,6,Spoofing,3,DoS,0.07500715579446494,0.04398566004569343,0.013276564153364187
1,5,1,True,6,Spoofing,4,Mirai,0.07245579551388268,0.12184867644027336,0.10214290260601923
1,5,1,True,6,Spoofing,5,Recon,0.10005664218908417,0.13430503260181803,0.30987281749361173
1,5,1,True,6,Spoofing,6,Spoofing,0.09655161601748054,0.13952954924092997,0.5035233321847596
1,5,1,True,6,Spoofing,7,Web-Based,0.24387255431853516,0.16541091207521966,0.009546612839651922
1,5,1,True,7,Web-Based,0,Benign,0.06855671625104764,0.1729520561354983,0.013734158361343934
1,5,1,True,7,Web-Based,1,BruteForce,0.251585032935362,0.15306511621217125,0.008298821415736183
1,5,1,True,7,Web-Based,2,DDoS,0.08854808019956704,0.07736118004549669,0.05452670758696665
1,5,1,True,7,Web-Based,3,DoS,0.0746078685114699,0.03943529532740323,0.012572142659275492
1,5,1,True,7,Web-Based,4,Mirai,0.07260497380440933,0.12292968032340815,0.12680239855305564
1,5,1,True,7,Web-Based,5,Recon,0.10086403536637885,0.12177614656997146,0.29510931665947837
1,5,1,True,7,Web-Based,6,Spoofing,0.09618853571115311,0.13353834465984182,0.47882548768979566
1,5,1,True,7,Web-Based,7,Web-Based,0.24704475722061212,0.17894218072620918,0.010130967074348123
1,5,2,False,0,Benign,0,Benign,0.17754109849380192,0.18315486245656135,0.15516749217397513
1,5,2,False,0,Benign,1,BruteForce,0.01962901532486193,0.13766299223155576,0.02020697169099876
1,5,2,False,0,Benign,2,DDoS,0.02091029734660536,0.08702289468207966,0.02483690992421998
1,5,2,False,0,Benign,3,DoS,0.010695526948761441,0.058892155941522896,0.021903132373728325
1,5,2,False,0,Benign,4,Mirai,0.3357035731244751,0.11947472536332539,0.3359140225651714
1,5,2,False,0,Benign,5,Recon,0.371165427821605,0.1264309956057216,0.38273503638041545
1,5,2,False,0,Benign,6,Spoofing,0.03828698278353157,0.13550940433305686,0.03607525256740638
1,5,2,False,0,Benign,7,Web-Based,0.02606807815635768,0.1518519693861764,0.02316118232408474
1,5,2,False,1,BruteForce,0,Benign,0.1664117653319619,0.14728676648576886,0.1467095370191094
1,5,2,False,1,BruteForce,1,BruteForce,0.026084663304170048,0.19994471700564062,0.022985457984859892
1,5,2,False,1,BruteForce,2,DDoS,0.016774674365884305,0.07746457746173284,0.017791320728001596
1,5,2,False,1,BruteForce,3,DoS,0.008499678779666254,0.03943764411979954,0.01686477535592938
1,5,2,False,1,BruteForce,4,Mirai,0.3479889732251588,0.1155131851081085,0.34946964266103686
1,5,2,False,1,BruteForce,5,Recon,0.3623148359092567,0.10697674325611439,0.38500319043422254
1,5,2,False,1,BruteForce,6,Spoofing,0.03709558898673354,0.12510811400283312,0.03336265034182514
1,5,2,False,1,BruteForce,7,Web-Based,0.034829820097168444,0.1882682525600021,0.027813425475015124
1,5,2,False,2,DDoS,0,Benign,0.05712775443313953,0.08141992314739303,0.09243642996206623
1,5,2,False,2,DDoS,1,BruteForce,0.013717673627276052,0.05163084471659006,0.024709175856203476
1,5,2,False,2,DDoS,2,DDoS,0.6022629574491695,0.5391614197922195,0.45204813066914906
1,5,2,False,2,DDoS,3,DoS,0.01160532347335824,0.06354731096242147,0.02210006079565015
1,5,2,False,2,DDoS,4,Mirai,0.1569738725119968,0.08389506073605893,0.18417335762347684
1,5,2,False,2,DDoS,5,Recon,0.12882671579184005,0.06510495397280701,0.17897191068459242
1,5,2,False,2,DDoS,6,Spoofing,0.014672961331878821,0.0650032814804861,0.02380177489314433
1,5,2,False,2,DDoS,7,Web-Based,0.014812741381341137,0.050237205192024036,0.021759159515717497
1,5,2,False,3,DoS,0,Benign,0.03745364313270821,0.08663711337212703,0.07423245721019542
1,5,2,False,3,DoS,1,BruteForce,0.0193729082405269,0.08560681133484727,0.030443967390512406
1,5,2,False,3,DoS,2,DDoS,0.1923149888068293,0.11448514295403894,0.12209621095118063
1,5,2,False,3,DoS,3,DoS,0.3959042538140565,0.3923437554333615,0.2235281468682234
1,5,2,False,3,DoS,4,Mirai,0.20693109785848998,0.12353693221813213,0.24700607328376994
1,5,2,False,3,DoS,5,Recon,0.10900160185791012,0.06167411813850687,0.24790555799165553
1,5,2,False,3,DoS,6,Spoofing,0.02071495574956698,0.09409155456005916,0.029631423152986853
1,5,2,False,3,DoS,7,Web-Based,0.018306550539912005,0.041624571988927044,0.025156163151475817
1,5,2,False,4,Mirai,0,Benign,0.146049816636657,0.15442436290993997,0.1493377915779523
1,5,2,False,4,Mirai,1,BruteForce,0.018459567554939323,0.16663162668363707,0.01927501948970061
1,5,2,False,4,Mirai,2,DDoS,0.021939454355496872,0.09353930809827801,0.02255940543558527
1,5,2,False,4,Mirai,3,DoS,0.009259750617200361,0.06632314493013693,0.020264412532864148
1,5,2,False,4,Mirai,4,Mirai,0.49883065678945365,0.139865865374906,0.41690692612713565
1,5,2,False,4,Mirai,5,Recon,0.2480759832656258,0.08933333070145018,0.3150578115032778
1,5,2,False,4,Mirai,6,Spoofing,0.033123905397956586,0.12731451663308738,0.03463700112605171
1,5,2,False,4,Mirai,7,Web-Based,0.024260865382670287,0.1625678446685644,0.021961632207432438
1,5,2,False,5,Recon,0,Benign,0.15310027532105616,0.14104514429833345,0.13991036853333705
1,5,2,False,5,Recon,1,BruteForce,0.02566089592269145,0.18235501882345725,0.022959709159566802
1,5,2,False,5,Recon,2,DDoS,0.016002519085836626,0.07628856889314145,0.01759819314837628
1,5,2,False,5,Recon,3,DoS,0.008894169570729488,0.04001097449838972,0.016998861128553096
1,5,2,False,5,Recon,4,Mirai,0.3045861129991593,0.11092691770819167,0.3418745355520832
1,5,2,False,5,Recon,5,Recon,0.4202738588887208,0.1308891909906823,0.40087168660804506
1,5,2,False,5,Recon,6,Spoofing,0.03808661226121682,0.12520666614517126,0.032696458412240906
1,5,2,False,5,Recon,7,Web-Based,0.033395555950589406,0.19327751864263293,0.027090187457797683
1,5,2,False,6,Spoofing,0,Benign,0.16693908038814534,0.17897876950687722,0.14999845851380175
1,5,2,False,6,Spoofing,1,BruteForce,0.021300185201275943,0.14620311819381915,0.020894841280412003
1,5,2,False,6,Spoofing,2,DDoS,0.01503575668223251,0.06973828189536913,0.01908801949955038
1,5,2,False,6,Spoofing,3,DoS,0.009389606752928544,0.04398566004569343,0.01990548896326303
1,5,2,False,6,Spoofing,4,Mirai,0.2985043125282221,0.12184867644027336,0.31733955553989673
1,5,2,False,6,Spoofing,5,Recon,0.42122911718796074,0.13430503260181803,0.4104761713150622
1,5,2,False,6,Spoofing,6,Spoofing,0.03929940629749646,0.13952954924092997,0.03817166657681523
1,5,2,False,6,Spoofing,7,Web-Based,0.02830253496173828,0.16541091207521966,0.024125798311198696
1,5,2,False,7,Web-Based,0,Benign,0.16657681186220505,0.1729520561354983,0.15534963756362322
1,5,2,False,7,Web-Based,1,BruteForce,0.02107010538783159,0.15306511621217125,0.01998890373401627
1,5,2,False,7,Web-Based,2,DDoS,0.016641905276433805,0.07736118004549669,0.019995455457424424
1,5,2,False,7,Web-Based,3,DoS,0.008648307170565141,0.03943529532740323,0.017779293256949942
1,5,2,False,7,Web-Based,4,Mirai,0.37387046263896906,0.12292968032340815,0.3703569074777412
1,5,2,False,7,Web-Based,5,Recon,0.3491560155333859,0.12177614656997146,0.3576040454011711
1,5,2,False,7,Web-Based,6,Spoofing,0.03539420599341787,0.13353834465984182,0.03456511848490651
1,5,2,False,7,Web-Based,7,Web-Based,0.028642186137191526,0.17894218072620918,0.024360638624167468
1,5,3,False,0,Benign,0,Benign,0.14869131955902334,0.18315486245656135,0.11885254276976849
1,5,3,False,0,Benign,1,BruteForce,0.3535897596857199,0.13766299223155576,0.34183347738017056
1,5,3,False,0,Benign,2,DDoS,0.09170467969959235,0.08702289468207966,0.12378352278465309
1,5,3,False,0,Benign,3,DoS,0.030096191367810735,0.058892155941522896,0.044653900704609784
1,5,3,False,0,Benign,4,Mirai,0.2181597371447507,0.11947472536332539,0.22325900240316113
1,5,3,False,0,Benign,5,Recon,0.09223013322461314,0.1264309956057216,0.09131375981835803
1,5,3,False,0,Benign,6,Spoofing,0.027147228157065505,0.13550940433305686,0.02743729080595953
1,5,3,False,0,Benign,7,Web-Based,0.03838095116142441,0.1518519693861764,0.02886650333331943
1,5,3,False,1,BruteForce,0,Benign,0.11140788695901706,0.14728676648576886,0.10422845740096678
1,5,3,False,1,BruteForce,1,BruteForce,0.4815459306675301,0.19994471700564062,0.4420364598311267
1,5,3,False,1,BruteForce,2,DDoS,0.05983768109694582,0.07746457746173284,0.06434640405943129
1,5,3,False,1,BruteForce,3,DoS,0.030760674973764893,0.03943764411979954,0.04339879802482092
1,5,3,False,1,BruteForce,4,Mirai,0.17855393648510196,0.1155131851081085,0.20464662397004163
1,5,3,False,1,BruteForce,5,Recon,0.06513192524178917,0.10697674325611439,0.08160172798012294
1,5,3,False,1,BruteForce,6,Spoofing,0.02789262105094266,0.12510811400283312,0.028321106426362385
1,5,3,False,1,BruteForce,7,Web-Based,0.04486934352490821,0.1882682525600021,0.03142042230712738
1,5,3,False,2,DDoS,0,Benign,0.04542456273873141,0.08141992314739303,0.05418656669811476
1,5,3,False,2,DDoS,1,BruteForce,0.12050808167887873,0.05163084471659006,0.13362710600047714
1,5,3,False,2,DDoS,2,DDoS,0.6445061468272508,0.5391614197922195,0.6084341304810735
1,5,3,False,2,DDoS,3,DoS,0.025198578432699938,0.06354731096242147,0.029694312183729966
1,5,3,False,2,DDoS,4,Mirai,0.08366828224663304,0.08389506073605893,0.0876212099996208
1,5,3,False,2,DDoS,5,Recon,0.05263683336373299,0.06510495397280701,0.05046877631761053
1,5,3,False,2,DDoS,6,Spoofing,0.0115173782118889,0.0650032814804861,0.016799953749613523
1,5,3,False,2,DDoS,7,Web-Based,0.01654013650018405,0.050237205192024036,0.01916794456975978
1,5,3,False,3,DoS,0,Benign,0.029779664297992618,0.08663711337212703,0.049824806740559134
1,5,3,False,3,DoS,1,BruteForce,0.11305246982234399,0.08560681133484727,0.15871638978004346
1,5,3,False,3,DoS,2,DDoS,0.25064399037156193,0.11448514295403894,0.2739374321325671
1,5,3,False,3,DoS,3,DoS,0.42579901166424844,0.3923437554333615,0.2839548812108047
1,5,3,False,3,DoS,4,Mirai,0.12111648821115185,0.12353693221813213,0.14274198998363813
1,5,3,False,3,DoS,5,Recon,0.027666820756832734,0.06167411813850687,0.046865274202214556
1,5,3,False,3,DoS,6,Spoofing,0.015354881149490896,0.09409155456005916,0.018854402550887935
1,5,3,False,3,DoS,7,Web-Based,0.016586673726377614,0.041624571988927044,0.02510482339928486
1,5,3,False,4,Mirai,0,Benign,0.1067337102748769,0.15442436290993997,0.10394801873029945
1,5,3,False,4,Mirai,1,BruteForce,0.364705204015696,0.16663162668363707,0.3662581022185664
1,5,3,False,4,Mirai,2,DDoS,0.0953556569842432,0.09353930809827801,0.10740728079125414
1,5,3,False,4,Mirai,3,DoS,0.028148105740053175,0.06632314493013693,0.04208730839404158
1,5,3,False,4,Mirai,4,Mirai,0.28671469928961013,0.139865865374906,0.25034116343665686
1,5,3,False,4,Mirai,5,Recon,0.05574688147012382,0.08933333070145018,0.07377720890383144
1,5,3,False,4,Mirai,6,Spoofing,0.026273705492293367,0.12731451663308738,0.027117561978776256
1,5,3,False,4,Mirai,7,Web-Based,0.03632203673310346,0.1625678446685644,0.029063355546573952
1,5,3,False,5,Recon,0,Benign,0.1048576402911111,0.14104514429833345,0.09756590563366478
1,5,3,False,5,Recon,1,BruteForce,0.47855179229157563,0.18235501882345725,0.4393565922828682
1,5,3,False,5,Recon,2,DDoS,0.05850838673061442,0.07628856889314145,0.06267543526401637
1,5,3,False,5,Recon,3,DoS,0.03151476550271875,0.04001097449838972,0.04463156907363983
1,5,3,False,5,Recon,4,Mirai,0.16868160707568872,0.11092691770819167,0.20565759171174258
1,5,3,False,5,Recon,5,Recon,0.0873031949969819,0.1308891909906823,0.0917340051966015
1,5,3,False,5,Recon,6,Spoofing,0.02619228000711427,0.12520666614517126,0.02682067240807345
1,5,3,False,5,Recon,7,Web-Based,0.044390333104195295,0.19327751864263293,0.03155822842939329
1,5,3,False,6,Spoofing,0,Benign,0.14173027376766395,0.17897876950687722,0.12262083379026725
1,5,3,False,6,Spoofing,1,BruteForce,0.3897305421452865,0.14620311819381915,0.3671513011785513
1,5,3,False,6,Spoofing,2,DDoS,0.05190885785773798,0.06973828189536913,0.07061394487219584
1,5,3,False,6,Spoofing,3,DoS,0.028354293341470754,0.04398566004569343,0.04085530223639366
1,5,3,False,6,Spoofing,4,Mirai,0.21640386443768497,0.12184867644027336,0.2393203767527391
1,5,3,False,6,Spoofing,5,Recon,0.09948443090657118,0.13430503260181803,0.09944266369448852
1,5,3,False,6,Spoofing,6,Spoofing,0.029461868864237444,0.13952954924092997,0.030191004562158057
1,5,3,False,6,Spoofing,7,Web-Based,0.04292586867934729,0.16541091207521966,0.029804572913206245
1,5,3,False,7,Web-Based,0,Benign,0.1375510184302929,0.1729520561354983,0.12166781308232819
1,5,3,False,7,Web-Based,1,BruteForce,0.396409542128435,0.15306511621217125,0.381819740473302
1,5,3,False,7,Web-Based,2,DDoS,0.06215107405854208,0.07736118004549669,0.08681887661962281
1,5,3,False,7,Web-Based,3,DoS,0.027295070359164644,0.03943529532740323,0.03828257697757771
1,5,3,False,7,Web-Based,4,Mirai,0.21927003776114648,0.12292968032340815,0.22489869579251326
1,5,3,False,7,Web-Based,5,Recon,0.08793850989828926,0.12177614656997146,0.08862106663524917
1,5,3,False,7,Web-Based,6,Spoofing,0.027467128221733198,0.13353834465984182,0.027871303862086062
1,5,3,False,7,Web-Based,7,Web-Based,0.041917619142396605,0.17894218072620918,0.030019926557320668
1,5,4,False,0,Benign,0,Benign,0.5192865674536868,0.18315486245656135,0.5079957351917117
1,5,4,False,0,Benign,1,BruteForce,0.01653710049640663,0.13766299223155576,0.01748946183137613
1,5,4,False,0,Benign,2,DDoS,0.015794801851013396,0.08702289468207966,0.021068978105766273
1,5,4,False,0,Benign,3,DoS,0.048323840762524356,0.058892155941522896,0.11805400248392045
1,5,4,False,0,Benign,4,Mirai,0.05841381936389936,0.11947472536332539,0.051857750097300044
1,5,4,False,0,Benign,5,Recon,0.05448173187132087,0.1264309956057216,0.044870356461185056
1,5,4,False,0,Benign,6,Spoofing,0.14907494414150424,0.13550940433305686,0.12974401873056032
1,5,4,False,0,Benign,7,Web-Based,0.13808719405964437,0.1518519693861764,0.10891969709817997
1,5,4,False,1,BruteForce,0,Benign,0.4866684617816397,0.14728676648576886,0.5389955761261209
1,5,4,False,1,BruteForce,1,BruteForce,0.0196741106396605,0.19994471700564062,0.017308943523206857
1,5,4,False,1,BruteForce,2,DDoS,0.015629728471716633,0.07746457746173284,0.019094587480338956
1,5,4,False,1,BruteForce,3,DoS,0.030364507013589892,0.03943764411979954,0.046011712086405
1,5,4,False,1,BruteForce,4,Mirai,0.06333233165871505,0.1155131851081085,0.05660047445349295
1,5,4,False,1,BruteForce,5,Recon,0.05663569520789241,0.10697674325611439,0.04878325819914148
1,5,4,False,1,BruteForce,6,Spoofing,0.14596975430691553,0.12510811400283312,0.13701215473952064
1,5,4,False,1,BruteForce,7,Web-Based,0.18172541091987035,0.1882682525600021,0.13619329339177316
1,5,4,False,2,DDoS,0,Benign,0.16169786302369152,0.08141992314739303,0.24393959575792235
1,5,4,False,2,DDoS,1,BruteForce,0.01778219047634298,0.05163084471659006,0.022141041236417712
1,5,4,False,2,DDoS,2,DDoS,0.5664021135921583,0.5391614197922195,0.4235565978710404
1,5,4,False,2,DDoS,3,DoS,0.07471770143784377,0.06354731096242147,0.10550288890410102
1,5,4,False,2,DDoS,4,Mirai,0.03223675152258298,0.08389506073605893,0.038561222616288644
1,5,4,False,2,DDoS,5,Recon,0.026050939022374108,0.06510495397280701,0.031050563041224537
1,5,4,False,2,DDoS,6,Spoofing,0.05690328168297893,0.0650032814804861,0.06882433656623298
1,5,4,False,2,DDoS,7,Web-Based,0.06420915924202754,0.050237205192024036,0.06642375400677236
1,5,4,False,3,DoS,0,Benign,0.061029159311606754,0.08663711337212703,0.07787514820812906
1,5,4,False,3,DoS,1,BruteForce,0.01177124418336943,0.08560681133484727,0.018979474854902208
1,5,4,False,3,DoS,2,DDoS,0.027999071130547875,0.11448514295403894,0.028906935572254794
1,5,4,False,3,DoS,3,DoS,0.7945207096573779,0.3923437554333615,0.7484607123074821
1,5,4,False,3,DoS,4,Mirai,0.019059946838564136,0.12353693221813213,0.023447361734180414
1,5,4,False,3,DoS,5,Recon,0.011776982428789317,0.06167411813850687,0.01725485135104091
1,5,4,False,3,DoS,6,Spoofing,0.045705547433883456,0.09409155456005916,0.04805986709779222
1,5,4,False,3,DoS,7,Web-Based,0.02813733901586122,0.041624571988927044,0.03701564887421835
1,5,4,False,4,Mirai,0,Benign,0.4837823842511088,0.15442436290993997,0.4965879247066158
1,5,4,False,4,Mirai,1,BruteForce,0.01787998976234919,0.16663162668363707,0.01775053418160157
1,5,4,False,4,Mirai,2,DDoS,0.01663908822162137,0.09353930809827801,0.01977268644247351
1,5,4,False,4,Mirai,3,DoS,0.06693086192207931,0.06632314493013693,0.12263830614322681
1,5,4,False,4,Mirai,4,Mirai,0.07847645838621703,0.139865865374906,0.05638430205370269
1,5,4,False,4,Mirai,5,Recon,0.04499932996927299,0.08933333070145018,0.04138758345937428
1,5,4,False,4,Mirai,6,Spoofing,0.1485265047403413,0.12731451663308738,0.1311358886537027
1,5,4,False,4,Mirai,7,Web-Based,0.1427653827470099,0.1625678446685644,0.11434277435930258
1,5,4,False,5,Recon,0,Benign,0.47661098011837455,0.14104514429833345,0.5312455447983859
1,5,4,False,5,Recon,1,BruteForce,0.019914305642671895,0.18235501882345725,0.0175746854967464
1,5,4,False,5,Recon,2,DDoS,0.015654966452491086,0.07628856889314145,0.019201740904951983
1,5,4,False,5,Recon,3,DoS,0.031581666742172804,0.04001097449838972,0.051801502990743445
1,5,4,False,5,Recon,4,Mirai,0.05933152274281787,0.11092691770819167,0.05578130400813185
1,5,4,False,5,Recon,5,Recon,0.07332494833275369,0.1308891909906823,0.0544097450669764
1,5,4,False,5,Recon,6,Spoofing,0.13505657919072953,0.12520666614517126,0.13279172107750647
1,5,4,False,5,Recon,7,Web-Based,0.1885250307779886,0.19327751864263293,0.13719375565655736
1,5,4,False,6,Spoofing,0,Benign,0.5129373098042047,0.17897876950687722,0.5367291950120796
1,5,4,False,6,Spoofing,1,BruteForce,0.016806260780945347,0.14620311819381915,0.017387891299526708
1,5,4,False,6,Spoofing,2,DDoS,0.015204583175179991,0.06973828189536913,0.019919672538647067
1,5,4,False,6,Spoofing,3,DoS,0.03200792147685581,0.04398566004569343,0.07140899313666473
1,5,4,False,6,Spoofing,4,Mirai,0.058194657802241964,0.12184867644027336,0.05230154226277583
1,5,4,False,6,Spoofing,5,Recon,0.0551936740515744,0.13430503260181803,0.04718666696582754
1,5,4,False,6,Spoofing,6,Spoofing,0.16176743877989735,0.13952954924092997,0.1407045503825967
1,5,4,False,6,Spoofing,7,Web-Based,0.1478881541291004,0.16541091207521966,0.11436148840188197
1,5,4,False,7,Web-Based,0,Benign,0.5126345839876542,0.1729520561354983,0.5452923947553538
1,5,4,False,7,Web-Based,1,BruteForce,0.01789638873883006,0.15306511621217125,0.017324480126832013
1,5,4,False,7,Web-Based,2,DDoS,0.015523536644122544,0.07736118004549669,0.020624852395507213
1,5,4,False,7,Web-Based,3,DoS,0.02831301498934696,0.03943529532740323,0.051402003499636945
1,5,4,False,7,Web-Based,4,Mirai,0.06479504381374239,0.12292968032340815,0.05589367899116845
1,5,4,False,7,Web-Based,5,Recon,0.054348984273133144,0.12177614656997146,0.04665063687173556
1,5,4,False,7,Web-Based,6,Spoofing,0.14106544062274842,0.13353834465984182,0.134926452910806
1,5,4,False,7,Web-Based,7,Web-Based,0.1654230069304223,0.17894218072620918,0.12788550044896002
1,5,5,False,0,Benign,0,Benign,0.4334180728760686,0.18315486245656135,0.3783280723088211
1,5,5,False,0,Benign,1,BruteForce,0.012607479724028516,0.13766299223155576,0.017547510079094965
1,5,5,False,0,Benign,2,DDoS,0.040693434848790434,0.08702289468207966,0.051107934128251306
1,5,5,False,0,Benign,3,DoS,0.011794475009035887,0.058892155941522896,0.01959878619832978
1,5,5,False,0,Benign,4,Mirai,0.019638790708675528,0.11947472536332539,0.02363074014508072
1,5,5,False,0,Benign,5,Recon,0.08418826710469351,0.1264309956057216,0.0744806952042887
1,5,5,False,0,Benign,6,Spoofing,0.3804700124485296,0.13550940433305686,0.41640980896830043
1,5,5,False,0,Benign,7,Web-Based,0.017189467280177905,0.1518519693861764,0.018896452967833058
1,5,5,False,1,BruteForce,0,Benign,0.44833992287524105,0.14728676648576886,0.4220793397155259
1,5,5,False,1,BruteForce,1,BruteForce,0.013662549870156731,0.19994471700564062,0.017452424571843622
1,5,5,False,1,BruteForce,2,DDoS,0.023899295190232088,0.07746457746173284,0.030756218001764053
1,5,5,False,1,BruteForce,3,DoS,0.011055609018693418,0.03943764411979954,0.019057952971509008
1,5,5,False,1,BruteForce,4,Mirai,0.019383351006942825,0.1155131851081085,0.02385929989556012
1,5,5,False,1,BruteForce,5,Recon,0.08903375364330796,0.10697674325611439,0.0768380145216068
1,5,5,False,1,BruteForce,6,Spoofing,0.37612621091607756,0.12510811400283312,0.3907260856561628
1,5,5,False,1,BruteForce,7,Web-Based,0.018499307479348408,0.1882682525600021,0.019230664666027766
1,5,5,False,2,DDoS,0,Benign,0.1392401389578293,0.08141992314739303,0.15728459891530153
1,5,5,False,2,DDoS,1,BruteForce,0.011849684843951058,0.05163084471659006,0.020081329595853403
1,5,5,False,2,DDoS,2,DDoS,0.6366387084445,0.5391614197922195,0.5617724981376889
1,5,5,False,2,DDoS,3,DoS,0.008023866598386636,0.06354731096242147,0.012859254036653837
1,5,5,False,2,DDoS,4,Mirai,0.012608678919798822,0.08389506073605893,0.019400251437496654
1,5,5,False,2,DDoS,5,Recon,0.046754644322036354,0.06510495397280701,0.04233680995181692
1,5,5,False,2,DDoS,6,Spoofing,0.1349843447411154,0.0650032814804861,0.17072499753583964
1,5,5,False,2,DDoS,7,Web-Based,0.009899933172382538,0.050237205192024036,0.01554026038934899
1,5,5,False,3,DoS,0,Benign,0.10148329963705165,0.08663711337212703,0.1521870865087781
1,5,5,False,3,DoS,1,BruteForce,0.02013518691720377,0.08560681133484727,0.02707200618051485
1,5,5,False,3,DoS,2,DDoS,0.17171311561698696,0.11448514295403894,0.14666000047508393
1,5,5,False,3,DoS,3,DoS,0.3466921099442142,0.3923437554333615,0.18098746353411105
1,5,5,False,3,DoS,4,Mirai,0.015695520605249005,0.12353693221813213,0.0225941413864522
1,5,5,False,3,DoS,5,Recon,0.03212372517317878,0.06167411813850687,0.047561405360367064
1,5,5,False,3,DoS,6,Spoofing,0.2987558950151334,0.09409155456005916,0.40015524914078443
1,5,5,False,3,DoS,7,Web-Based,0.013401147090982226,0.041624571988927044,0.02278264741390845
1,5,5,False,4,Mirai,0,Benign,0.4151815433035801,0.15442436290993997,0.3881948853418603
1,5,5,False,4,Mirai,1,BruteForce,0.013126447247112897,0.16663162668363707,0.017591480932306197
1,5,5,False,4,Mirai,2,DDoS,0.033566821994270975,0.09353930809827801,0.04069487135055433
1,5,5,False,4,Mirai,3,DoS,0.01158835462983327,0.06632314493013693,0.019884109120460344
1,5,5,False,4,Mirai,4,Mirai,0.021562478102791077,0.139865865374906,0.024656434139932532
1,5,5,False,4,Mirai,5,Recon,0.07058926227886854,0.08933333070145018,0.0680386101742592
1,5,5,False,4,Mirai,6,Spoofing,0.41728025502390415,0.12731451663308738,0.422302547286838
1,5,5,False,4,Mirai,7,Web-Based,0.01710483741963917,0.1625678446685644,0.01863706165378906
1,5,5,False,5,Recon,0,Benign,0.44769079061604744,0.14104514429833345,0.4165851513257524
1,5,5,False,5,Recon,1,BruteForce,0.013916590652720407,0.18235501882345725,0.017232907660537707
1,5,5,False,5,Recon,2,DDoS,0.02409499748427527,0.07628856889314145,0.030855083847475456
1,5,5,False,5,Recon,3,DoS,0.011447114843871835,0.04001097449838972,0.01930504435685354
1,5,5,False,5,Recon,4,Mirai,0.01832776802030587,0.11092691770819167,0.023053352050397432
1,5,5,False,5,Recon,5,Recon,0.124248064382557,0.1308891909906823,0.09082699923357593
1,5,5,False,5,Recon,6,Spoofing,0.34138041101254013,0.12520666614517126,0.3830407149459981
1,5,5,False,5,Recon,7,Web-Based,0.018894262987682122,0.19327751864263293,0.019100746579409494
1,5,5,False,6,Spoofing,0,Benign,0.41894205747800184,0.17897876950687722,0.384339731543249
1,5,5,False,6,Spoofing,1,BruteForce,0.012403884263512162,0.14620311819381915,0.017071650158905514
1,5,5,False,6,Spoofing,2,DDoS,0.02318915352523118,0.06973828189536913,0.03154310353527155
1,5,5,False,6,Spoofing,3,DoS,0.011465403567643515,0.04398566004569343,0.01963870014916002
1,5,5,False,6,Spoofing,4,Mirai,0.019240793945151508,0.12184867644027336,0.02363134532308709
1,5,5,False,6,Spoofing,5,Recon,0.08573591595145941,0.13430503260181803,0.07216007608053722
1,5,5,False,6,Spoofing,6,Spoofing,0.4117905076989898,0.13952954924092997,0.4330544183475924
1,5,5,False,6,Spoofing,7,Web-Based,0.017232283570010533,0.16541091207521966,0.018560974862197207
1,5,5,False,7,Web-Based,0,Benign,0.45842224773182205,0.1729520561354983,0.4216269510220606
1,5,5,False,7,Web-Based,1,BruteForce,0.01290281034490137,0.15306511621217125,0.01734601397073613
1,5,5,False,7,Web-Based,2,DDoS,0.024764745027464397,0.07736118004549669,0.033328462487528146
1,5,5,False,7,Web-Based,3,DoS,0.011132897777731077,0.03943529532740323,0.019046315251843134
1,5,5,False,7,Web-Based,4,Mirai,0.019987713758065427,0.12292968032340815,0.02389689832549251
1,5,5,False,7,Web-Based,5,Recon,0.0828772673386354,0.12177614656997146,0.07154520334700588
1,5,5,False,7,Web-Based,6,Spoofing,0.37203849917327597,0.13353834465984182,0.3943679879536759
1,5,5,False,7,Web-Based,7,Web-Based,0.017873818848104354,0.17894218072620918,0.018842167641657553
1,5,6,False,0,Benign,0,Benign,0.5907848435405947,0.18315486245656135,0.5635906685768259
1,5,6,False,0,Benign,1,BruteForce,0.08926282506802655,0.13766299223155576,0.07299659075803594
1,5,6,False,0,Benign,2,DDoS,0.017801005043221844,0.08702289468207966,0.022728536544494627
1,5,6,False,0,Benign,3,DoS,0.024748197505074346,0.058892155941522896,0.031804090117990215
1,5,6,False,0,Benign,4,Mirai,0.22934857395773758,0.11947472536332539,0.2587297366439052
1,5,6,False,0,Benign,5,Recon,0.018405451088688525,0.1264309956057216,0.018895481360983485
1,5,6,False,0,Benign,6,Spoofing,0.015514386742268639,0.13550940433305686,0.0177701765605472
1,5,6,False,0,Benign,7,Web-Based,0.014134717054387845,0.1518519693861764,0.01348471943721746
1,5,6,False,1,BruteForce,0,Benign,0.5661359518241476,0.14728676648576886,0.5549714020686299
1,5,6,False,1,BruteForce,1,BruteForce,0.1129045615419723,0.19994471700564062,0.08560280046420034
1,5,6,False,1,BruteForce,2,DDoS,0.018126457364395093,0.07746457746173284,0.021062767913920828
1,5,6,False,1,BruteForce,3,DoS,0.015396593928644254,0.03943764411979954,0.02567387307698594
1,5,6,False,1,BruteForce,4,Mirai,0.23777889933040966,0.1155131851081085,0.26100076552171436
1,5,6,False,1,BruteForce,5,Recon,0.01779526517089713,0.10697674325611439,0.019051100528756047
1,5,6,False,1,BruteForce,6,Spoofing,0.01600864348510618,0.12510811400283312,0.018381569423341976
1,5,6,False,1,BruteForce,7,Web-Based,0.015853627354427833,0.1882682525600021,0.014255721002450587
1,5,6,False,2,DDoS,0,Benign,0.3153589807327374,0.08141992314739303,0.4202436186435445
1,5,6,False,2,DDoS,1,BruteForce,0.05554453634875416,0.05163084471659006,0.05236872798432571
1,5,6,False,2,DDoS,2,DDoS,0.31832765916348654,0.5391614197922195,0.18140853702907217
1,5,6,False,2,DDoS,3,DoS,0.036822986599162943,0.06354731096242147,0.03450566219496077
1,5,6,False,2,DDoS,4,Mirai,0.23129465916571668,0.08389506073605893,0.2590831465024586
1,5,6,False,2,DDoS,5,Recon,0.015559604980290888,0.06510495397280701,0.018087462278336484
1,5,6,False,2,DDoS,6,Spoofing,0.01354564806577468,0.0650032814804861,0.017904361348387392
1,5,6,False,2,DDoS,7,Web-Based,0.013545924944076798,0.050237205192024036,0.016398484018914375
1,5,6,False,3,DoS,0,Benign,0.16027307880899233,0.08663711337212703,0.25688272991575484
1,5,6,False,3,DoS,1,BruteForce,0.05951626029226148,0.08560681133484727,0.06691429012445817
1,5,6,False,3,DoS,2,DDoS,0.035525800933859736,0.11448514295403894,0.040240292913036796
1,5,6,False,3,DoS,3,DoS,0.5379249736319811,0.3923437554333615,0.3115024818327052
1,5,6,False,3,DoS,4,Mirai,0.16107613045618832,0.12353693221813213,0.26550556668029934
1,5,6,False,3,DoS,5,Recon,0.015121769408404248,0.06167411813850687,0.02110137052285292
1,5,6,False,3,DoS,6,Spoofing,0.015623646501654891,0.09409155456005916,0.018396588269915543
1,5,6,False,3,DoS,7,Web-Based,0.014938339966657992,0.041624571988927044,0.019456679740977197
1,5,6,False,4,Mirai,0,Benign,0.499808254715342,0.15442436290993997,0.5069725828697176
1,5,6,False,4,Mirai,1,BruteForce,0.09548545640776947,0.16663162668363707,0.07708283150685984
1,5,6,False,4,Mirai,2,DDoS,0.019572658121126983,0.09353930809827801,0.023175436673754362
1,5,6,False,4,Mirai,3,DoS,0.020649814103673142,0.06632314493013693,0.029480894384506
1,5,6,False,4,Mirai,4,Mirai,0.31818182405382717,0.139865865374906,0.31307240406737114
1,5,6,False,4,Mirai,5,Recon,0.01635486882478969,0.08933333070145018,0.018484869990236578
1,5,6,False,4,Mirai,6,Spoofing,0.015479081541674973,0.12731451663308738,0.017907721722121184
1,5,6,False,4,Mirai,7,Web-Based,0.014468042231796525,0.1625678446685644,0.013823258785433315
1,5,6,False,5,Recon,0,Benign,0.569218060678424,0.14104514429833345,0.5511247022879678
1,5,6,False,5,Recon,1,BruteForce,0.11852299146383871,0.18235501882345725,0.08735828671699891
1,5,6,False,5,Recon,2,DDoS,0.018519792632595403,0.07628856889314145,0.021377815255414247
1,5,6,False,5,Recon,3,DoS,0.016265421711857162,0.04001097449838972,0.026286416125428317
1,5,6,False,5,Recon,4,Mirai,0.2263098991282851,0.11092691770819167,0.2618948779018005
1,5,6,False,5,Recon,5,Recon,0.019280755603651726,0.1308891909906823,0.019279064524510857
1,5,6,False,5,Recon,6,Spoofing,0.015549623399531682,0.12520666614517126,0.018291903731509438
1,5,6,False,5,Recon,7,Web-Based,0.01633345538181624,0.19327751864263293,0.014386933456370042
1,5,6,False,6,Spoofing,0,Benign,0.5983628124810291,0.17897876950687722,0.574631586254015
1,5,6,False,6,Spoofing,1,BruteForce,0.0927333943193585,0.14620311819381915,0.07334502540275967
1,5,6,False,6,Spoofing,2,DDoS,0.0171170013473379,0.06973828189536913,0.02158222435786873
1,5,6,False,6,Spoofing,3,DoS,0.017801430996309067,0.04398566004569343,0.026679753006541466
1,5,6,False,6,Spoofing,4,Mirai,0.22584416807508742,0.12184867644027336,0.2542762647531606
1,5,6,False,6,Spoofing,5,Recon,0.018557213717466717,0.13430503260181803,0.01860513125670131
1,5,6,False,6,Spoofing,6,Spoofing,0.015271221062155305,0.13952954924092997,0.017691682519896265
1,5,6,False,6,Spoofing,7,Web-Based,0.014312758001256068,0.16541091207521966,0.013188332449056994
1,5,6,False,7,Web-Based,0,Benign,0.5710117272334458,0.1729520561354983,0.5607980975870772
1,5,6,False,7,Web-Based,1,BruteForce,0.09865887451369214,0.15306511621217125,0.07829739978430017
1,5,6,False,7,Web-Based,2,DDoS,0.01717979542471538,0.07736118004549669,0.021601190255963076
1,5,6,False,7,Web-Based,3,DoS,0.015119158675051833,0.03943529532740323,0.024415889745459884
1,5,6,False,7,Web-Based,4,Mirai,0.2503361116449907,0.12292968032340815,0.26472536396730617
1,5,6,False,7,Web-Based,5,Recon,0.01781886062503152,0.12177614656997146,0.01866916262239674
1,5,6,False,7,Web-Based,6,Spoofing,0.015243999228197417,0.13353834465984182,0.01774326431444597
1,5,6,False,7,Web-Based,7,Web-Based,0.014631472654875145,0.17894218072620918,0.013749631723050777
1,5,7,True,0,Benign,0,Benign,0.08135612602044055,0.18315486245656135,0.1612130099482367
1,5,7,True,0,Benign,1,BruteForce,0.3474035676562048,0.13766299223155576,0.021549698594711935
1,5,7,True,0,Benign,2,DDoS,0.07551454665486033,0.08702289468207966,0.21755281072488927
1,5,7,True,0,Benign,3,DoS,0.053054430847233276,0.058892155941522896,0.0507713524334422
1,5,7,True,0,Benign,4,Mirai,0.07247098232521351,0.11947472536332539,0.10149800229687622
1,5,7,True,0,Benign,5,Recon,0.058464387006494645,0.1264309956057216,0.08915834590119735
1,5,7,True,0,Benign,6,Spoofing,0.06354242508002779,0.13550940433305686,0.2752811876886586
1,5,7,True,0,Benign,7,Web-Based,0.24819353440952516,0.1518519693861764,0.0829755924119876
1,5,7,True,1,BruteForce,0,Benign,0.076013935301414,0.14728676648576886,0.17216505788819655
1,5,7,True,1,BruteForce,1,BruteForce,0.361443277525928,0.19994471700564062,0.023489184260006412
1,5,7,True,1,BruteForce,2,DDoS,0.07450620863149265,0.07746457746173284,0.1782194383822207
1,5,7,True,1,BruteForce,3,DoS,0.05253569058379172,0.03943764411979954,0.02107490955539629
1,5,7,True,1,BruteForce,4,Mirai,0.07150212668125558,0.1155131851081085,0.11609453677926099
1,5,7,True,1,BruteForce,5,Recon,0.055774862386092375,0.10697674325611439,0.10624656030471129
1,5,7,True,1,BruteForce,6,Spoofing,0.0605064772910354,0.12510811400283312,0.27772178577655626
1,5,7,True,1,BruteForce,7,Web-Based,0.24771742159899032,0.1882682525600021,0.10498852705365155
1,5,7,True,2,DDoS,0,Benign,0.08015254206146522,0.08141992314739303,0.05957168728630258
1,5,7,True,2,DDoS,1,BruteForce,0.32758148814862076,0.05163084471659006,0.018248559763005344
1,5,7,True,2,DDoS,2,DDoS,0.08968774142594409,0.5391614197922195,0.6887717265507326
1,5,7,True,2,DDoS,3,DoS,0.06908662004122577,0.06354731096242147,0.027932282682672043
1,5,7,True,2,DDoS,4,Mirai,0.06962968207736465,0.08389506073605893,0.04457647051358587
1,5,7,True,2,DDoS,5,Recon,0.06161830455408603,0.06510495397280701,0.04837520167158278
1,5,7,True,2,DDoS,6,Spoofing,0.06209687141922887,0.0650032814804861,0.07689998253077296
1,5,7,True,2,DDoS,7,Web-Based,0.24014675027206467,0.050237205192024036,0.03562408900134586
1,5,7,True,3,DoS,0,Benign,0.06217332965562072,0.08663711337212703,0.042044694103497406
1,5,7,True,3,DoS,1,BruteForce,0.3078343230280624,0.08560681133484727,0.022903262186133883
1,5,7,True,3,DoS,2,DDoS,0.08600577516472607,0.11448514295403894,0.29928914497879966
1,5,7,True,3,DoS,3,DoS,0.08129752167680222,0.3923437554333615,0.39409129704328877
1,5,7,True,3,DoS,4,Mirai,0.08501639385229563,0.12353693221813213,0.046517135311820994
1,5,7,True,3,DoS,5,Recon,0.04888325602717152,0.06167411813850687,0.03586961341078116
1,5,7,True,3,DoS,6,Spoofing,0.061608473733966634,0.09409155456005916,0.11958088099153534
1,5,7,True,3,DoS,7,Web-Based,0.26718092686135486,0.041624571988927044,0.03970397197414285
1,5,7,True,4,Mirai,0,Benign,0.0769319520238504,0.15442436290993997,0.15803829928626134
1,5,7,True,4,Mirai,1,BruteForce,0.3521631363558126,0.16663162668363707,0.02324967474085569
1,5,7,True,4,Mirai,2,DDoS,0.07626084093027782,0.09353930809827801,0.21429951582599055
1,5,7,True,4,Mirai,3,DoS,0.05335485959163711,0.06632314493013693,0.04786313847895252
1,5,7,True,4,Mirai,4,Mirai,0.07580582842490197,0.139865865374906,0.12158082011883178
1,5,7,True,4,Mirai,5,Recon,0.05474916750170056,0.08933333070145018,0.07913860738665386
1,5,7,True,4,Mirai,6,Spoofing,0.06292908462594607,0.12731451663308738,0.2673355405055664
1,5,7,True,4,Mirai,7,Web-Based,0.24780513054587347,0.1625678446685644,0.08849440365688792
1,5,7,True,5,Recon,0,Benign,0.07551368480306106,0.14104514429833345,0.16933151293432142
1,5,7,True,5,Recon,1,BruteForce,0.3609489499021406,0.18235501882345725,0.023268371573153347
1,5,7,True,5,Recon,2,DDoS,0.07480057734329261,0.07628856889314145,0.17770704044744995
1,5,7,True,5,Recon,3,DoS,0.05273570319020453,0.04001097449838972,0.021267034241298704
1,5,7,True,5,Recon,4,Mirai,0.07180007127453937,0.11092691770819167,0.11627460050720387
1,5,7,True,5,Recon,5,Recon,0.05641755239726656,0.1308891909906823,0.12369832313348705
1,5,7,True,5,Recon,6,Spoofing,0.05921776262549009,0.12520666614517126,0.26291838932884415
1,5,7,True,5,Recon,7,Web-Based,0.24856569846400525,0.19327751864263293,0.10553472783424149
1,5,7,True,6,Spoofing,0,Benign,0.08048609738998935,0.17897876950687722,0.17501644461271487
1,5,7,True,6,Spoofing,1,BruteForce,0.3441510119876536,0.14620311819381915,0.021484065384614778
1,5,7,True,6,Spoofing,2,DDoS,0.07352774546190183,0.06973828189536913,0.15969167991808367
1,5,7,True,6,Spoofing,3,DoS,0.0523223845886614,0.04398566004569343,0.040222036031223
1,5,7,True,6,Spoofing,4,Mirai,0.0742540292406932,0.12184867644027336,0.10437302873967663
1,5,7,True,6,Spoofing,5,Recon,0.059067736538258635,0.13430503260181803,0.09595536247509695
1,5,7,True,6,Spoofing,6,Spoofing,0.06555705815421951,0.13952954924092997,0.3146634533266313
1,5,7,True,6,Spoofing,7,Web-Based,0.2506339366386225,0.16541091207521966,0.0885939295119589
1,5,7,True,7,Web-Based,0,Benign,0.08015787465889644,0.1729520561354983,0.1783952917633801
1,5,7,True,7,Web-Based,1,BruteForce,0.35082734955149336,0.15306511621217125,0.02330923188089099
1,5,7,True,7,Web-Based,2,DDoS,0.07464933839460633,0.07736118004549669,0.1826001336201361
1,5,7,True,7,Web-Based,3,DoS,0.052435577567956866,0.03943529532740323,0.024411332109139233
1,5,7,True,7,Web-Based,4,Mirai,0.07229848034877896,0.12292968032340815,0.11430485638861031
1,5,7,True,7,Web-Based,5,Recon,0.05745774149559662,0.12177614656997146,0.09879631550710012
1,5,7,True,7,Web-Based,6,Spoofing,0.062291813648936094,0.13353834465984182,0.28042700437631257
1,5,7,True,7,Web-Based,7,Web-Based,0.2498818243337354,0.17894218072620918,0.09775583435443067
1,5,8,True,0,Benign,0,Benign,0.07285824359664979,0.18315486245656135,0.019132850159553263
1,5,8,True,0,Benign,1,BruteForce,0.3284158466634716,0.13766299223155576,0.016068908819353574
1,5,8,True,0,Benign,2,DDoS,0.06437454207841108,0.08702289468207966,0.04439965505164727
1,5,8,True,0,Benign,3,DoS,0.06675757669092629,0.058892155941522896,0.056110536479231185
1,5,8,True,0,Benign,4,Mirai,0.07548907704970793,0.11947472536332539,0.02349910412323074
1,5,8,True,0,Benign,5,Recon,0.05479242211881811,0.1264309956057216,0.03706211308079212
1,5,8,True,0,Benign,6,Spoofing,0.09399491330621436,0.13550940433305686,0.7847352431503148
1,5,8,True,0,Benign,7,Web-Based,0.2433173784958008,0.1518519693861764,0.0189915891358769
1,5,8,True,1,BruteForce,0,Benign,0.07035958113185217,0.14728676648576886,0.017743662669092622
1,5,8,True,1,BruteForce,1,BruteForce,0.3434677487372742,0.19994471700564062,0.012867881546379339
1,5,8,True,1,BruteForce,2,DDoS,0.060799230776042476,0.07746457746173284,0.021160047750757877
1,5,8,True,1,BruteForce,3,DoS,0.06533894918433392,0.03943764411979954,0.028157277884586593
1,5,8,True,1,BruteForce,4,Mirai,0.07449752250029859,0.1155131851081085,0.02336187849024363
1,5,8,True,1,BruteForce,5,Recon,0.05324589047167491,0.10697674325611439,0.03457158621983451
1,5,8,True,1,BruteForce,6,Spoofing,0.09074100391017188,0.12510811400283312,0.8435205502423192
1,5,8,True,1,BruteForce,7,Web-Based,0.24155007328835199,0.1882682525600021,0.018617115196786365
1,5,8,True,2,DDoS,0,Benign,0.06456540665433023,0.08141992314739303,0.024591890673603345
1,5,8,True,2,DDoS,1,BruteForce,0.30442959726950825,0.05163084471659006,0.020488245038388166
1,5,8,True,2,DDoS,2,DDoS,0.1315429555720846,0.5391614197922195,0.5738390966700034
1,5,8,True,2,DDoS,3,DoS,0.07817600400062986,0.06354731096242147,0.03673158361827515
1,5,8,True,2,DDoS,4,Mirai,0.06748726579245634,0.08389506073605893,0.020919818015688825
1,5,8,True,2,DDoS,5,Recon,0.053685064951853594,0.06510495397280701,0.0387585856693685
1,5,8,True,2,DDoS,6,Spoofing,0.0769079464991224,0.0650032814804861,0.2685450562657869
1,5,8,True,2,DDoS,7,Web-Based,0.2232057592600147,0.050237205192024036,0.016125724048885598
1,5,8,True,3,DoS,0,Benign,0.05407293161508379,0.08663711337212703,0.016584975605900075
1,5,8,True,3,DoS,1,BruteForce,0.271103714168915,0.08560681133484727,0.02787357350144254
1,5,8,True,3,DoS,2,DDoS,0.07133080693784037,0.11448514295403894,0.12449545436992798
1,5,8,True,3,DoS,3,DoS,0.1137132963536399,0.3923437554333615,0.412110294493304
1,5,8,True,3,DoS,4,Mirai,0.08633230614255363,0.12353693221813213,0.023082992246806874
1,5,8,True,3,DoS,5,Recon,0.0473391756833503,0.06167411813850687,0.026149152840062008
1,5,8,True,3,DoS,6,Spoofing,0.08838707331143963,0.09409155456005916,0.35010463360183147
1,5,8,True,3,DoS,7,Web-Based,0.26772069578717744,0.041624571988927044,0.019598923340725164
1,5,8,True,4,Mirai,0,Benign,0.06923254412386363,0.15442436290993997,0.017301721504134907
1,5,8,True,4,Mirai,1,BruteForce,0.3321209108328567,0.16663162668363707,0.014990765983382903
1,5,8,True,4,Mirai,2,DDoS,0.0644523835162019,0.09353930809827801,0.03027142230568031
1,5,8,True,4,Mirai,3,DoS,0.06745323865702683,0.06632314493013693,0.053350498446353464
1,5,8,True,4,Mirai,4,Mirai,0.08012470757534157,0.139865865374906,0.02456751041949872
1,5,8,True,4,Mirai,5,Recon,0.0503945439361829,0.08933333070145018,0.029649843710601795
1,5,8,True,4,Mirai,6,Spoofing,0.09254877286685874,0.12731451663308738,0.8112694934879471
1,5,8,True,4,Mirai,7,Web-Based,0.24367289849166773,0.1625678446685644,0.018598744142400783
1,5,8,True,5,Recon,0,Benign,0.06950169710859208,0.14104514429833345,0.017602542741750285
1,5,8,True,5,Recon,1,BruteForce,0.34552580817571155,0.18235501882345725,0.01298889133185358
1,5,8,True,5,Recon,2,DDoS,0.060752614331788926,0.07628856889314145,0.021295275993342844
1,5,8,True,5,Recon,3,DoS,0.06569302888641605,0.04001097449838972,0.029473546456429113
1,5,8,True,5,Recon,4,Mirai,0.07449270224923522,0.11092691770819167,0.02327832259421718
1,5,8,True,5,Recon,5,Recon,0.0542277594151208,0.1308891909906823,0.04548564476427263
1,5,8,True,5,Recon,6,Spoofing,0.08786902733586238,0.12520666614517126,0.8312604056001496
1,5,8,True,5,Recon,7,Web-Based,0.24193736249727307,0.19327751864263293,0.01861537051798485
1,5,8,True,6,Spoofing,0,Benign,0.07194695701187023,0.17897876950687722,0.017410521247189895
1,5,8,True,6,Spoofing,1,BruteForce,0.32615459126546503,0.14620311819381915,0.013890804576603797
1,5,8,True,6,Spoofing,2,DDoS,0.06258046410672712,0.06973828189536913,0.023166008602391583
1,5,8,True,6,Spoofing,3,DoS,0.06573748485483745,0.04398566004569343,0.04595798976193486
1,5,8,True,6,Spoofing,4,Mirai,0.07765485548026106,0.12184867644027336,0.02247485021861084
1,5,8,True,6,Spoofing,5,Recon,0.05515451320599372,0.13430503260181803,0.03455568325209396
1,5,8,True,6,Spoofing,6,Spoofing,0.09587387248949196,0.13952954924092997,0.8245215541322589
1,5,8,True,6,Spoofing,7,Web-Based,0.24489726158535352,0.16541091207521966,0.018022588208916227
1,5,8,True,7,Web-Based,0,Benign,0.07202133920225641,0.1729520561354983,0.018232554288658505
1,5,8,True,7,Web-Based,1,BruteForce,0.3345321945090251,0.15306511621217125,0.01344827549494716
1,5,8,True,7,Web-Based,2,DDoS,0.06293637208360028,0.07736118004549669,0.02607464544333082
1,5,8,True,7,Web-Based,3,DoS,0.06546123712183965,0.03943529532740323,0.03205878397403811
1,5,8,True,7,Web-Based,4,Mirai,0.07543178073886235,0.12292968032340815,0.02303780961405717
1,5,8,True,7,Web-Based,5,Recon,0.053501639145366535,0.12177614656997146,0.03465418902166594
1,5,8,True,7,Web-Based,6,Spoofing,0.09165953472720989,0.13353834465984182,0.8337732576626405
1,5,8,True,7,Web-Based,7,Web-Based,0.24445590247183988,0.17894218072620918,0.01872048450066193
1,5,9,False,0,Benign,0,Benign,0.2713242715800428,0.18315486245656135,0.212708631315114
1,5,9,False,0,Benign,1,BruteForce,0.004399602078218246,0.13766299223155576,0.0057487095059489636
1,5,9,False,0,Benign,2,DDoS,0.014003653794882514,0.08702289468207966,0.012474645677882902
1,5,9,False,0,Benign,3,DoS,0.004245504022482712,0.058892155941522896,0.006082180136627195
1,5,9,False,0,Benign,4,Mirai,0.4817509202786548,0.11947472536332539,0.5442726249294527
1,5,9,False,0,Benign,5,Recon,0.12176691719817528,0.1264309956057216,0.12353066180708568
1,5,9,False,0,Benign,6,Spoofing,0.09709325224222831,0.13550940433305686,0.08814688706657811
1,5,9,False,0,Benign,7,Web-Based,0.005415878805315268,0.1518519693861764,0.007035659561310454
1,5,9,False,1,BruteForce,0,Benign,0.2569936535781332,0.14728676648576886,0.19643140381446048
1,5,9,False,1,BruteForce,1,BruteForce,0.004317615697172865,0.19994471700564062,0.005420658974589235
1,5,9,False,1,BruteForce,2,DDoS,0.005226842941392386,0.07746457746173284,0.006972007456531547
1,5,9,False,1,BruteForce,3,DoS,0.003768312058001929,0.03943764411979954,0.005533962313056571
1,5,9,False,1,BruteForce,4,Mirai,0.507121692746521,0.1155131851081085,0.5796708218206121
1,5,9,False,1,BruteForce,5,Recon,0.1275561359656416,0.10697674325611439,0.11622772955673638
1,5,9,False,1,BruteForce,6,Spoofing,0.08955404660473056,0.12510811400283312,0.0831422568850313
1,5,9,False,1,BruteForce,7,Web-Based,0.005461700408406461,0.1882682525600021,0.006601159178982361
1,5,9,False,2,DDoS,0,Benign,0.07022630299335895,0.08141992314739303,0.07378109127923523
1,5,9,False,2,DDoS,1,BruteForce,0.0070083199812839975,0.05163084471659006,0.010804158511400564
1,5,9,False,2,DDoS,2,DDoS,0.5819602051947488,0.5391614197922195,0.5145861140339755
1,5,9,False,2,DDoS,3,DoS,0.005176929012517922,0.06354731096242147,0.007623311259983734
1,5,9,False,2,DDoS,4,Mirai,0.23773942918461213,0.08389506073605893,0.265180145327734
1,5,9,False,2,DDoS,5,Recon,0.052855074532911356,0.06510495397280701,0.06938093456303068
1,5,9,False,2,DDoS,6,Spoofing,0.038919434168410295,0.0650032814804861,0.04814830975089366
1,5,9,False,2,DDoS,7,Web-Based,0.006114304932156561,0.050237205192024036,0.010495935273746787
1,5,9,False,3,DoS,0,Benign,0.057988928773364895,0.08663711337212703,0.06597761485226326
1,5,9,False,3,DoS,1,BruteForce,0.00703059720746816,0.08560681133484727,0.007601240551088666
1,5,9,False,3,DoS,2,DDoS,0.12669613564432883,0.11448514295403894,0.0885159228871596
1,5,9,False,3,DoS,3,DoS,0.013133888670474297,0.3923437554333615,0.010185430516659743
1,5,9,False,3,DoS,4,Mirai,0.5966902481006565,0.12353693221813213,0.6278306998648712
1,5,9,False,3,DoS,5,Recon,0.03788491377945225,0.06167411813850687,0.04921960120497947
1,5,9,False,3,DoS,6,Spoofing,0.1529518183813191,0.09409155456005916,0.1410816114877004
1,5,9,False,3,DoS,7,Web-Based,0.007623469442935942,0.041624571988927044,0.009587878635277698
1,5,9,False,4,Mirai,0,Benign,0.1825738098332291,0.15442436290993997,0.15665054209698429
1,5,9,False,4,Mirai,1,BruteForce,0.003228709138957331,0.16663162668363707,0.004262151925292362
1,5,9,False,4,Mirai,2,DDoS,0.006167433538213245,0.09353930809827801,0.007815598967478177
1,5,9,False,4,Mirai,3,DoS,0.0033800416884745992,0.06632314493013693,0.004755756169192422
1,5,9,False,4,Mirai,4,Mirai,0.6830990071744093,0.139865865374906,0.7019238838520995
1,5,9,False,4,Mirai,5,Recon,0.04703653481161008,0.08933333070145018,0.054753709471234764
1,5,9,False,4,Mirai,6,Spoofing,0.0700039256345845,0.12731451663308738,0.06372590334822469
1,5,9,False,4,Mirai,7,Web-Based,0.004510538180521898,0.1625678446685644,0.006112454169493804
1,5,9,False,5,Recon,0,Benign,0.24167622045980988,0.14104514429833345,0.18533707283203812
1,5,9,False,5,Recon,1,BruteForce,0.0047426221044716745,0.18235501882345725,0.005850890664782675
1,5,9,False,5,Recon,2,DDoS,0.004765418617833981,0.07628856889314145,0.006644792733948009
1,5,9,False,5,Recon,3,DoS,0.0038909625521087003,0.04001097449838972,0.005533990742806916
1,5,9,False,5,Recon,4,Mirai,0.4076719435537071,0.11092691770819167,0.5104705615668697
1,5,9,False,5,Recon,5,Recon,0.23789852043555929,0.1308891909906823,0.20107210707856
1,5,9,False,5,Recon,6,Spoofing,0.09403496304733425,0.12520666614517126,0.07872758222176585
1,5,9,False,5,Recon,7,Web-Based,0.005319349229175112,0.19327751864263293,0.0063630021592289395
1,5,9,False,6,Spoofing,0,Benign,0.2559714088038011,0.17897876950687722,0.2129752411877739
1,5,9,False,6,Spoofing,1,BruteForce,0.004413710200704377,0.14620311819381915,0.005594561604115943
1,5,9,False,6,Spoofing,2,DDoS,0.005183346729081038,0.06973828189536913,0.007003732231253415
1,5,9,False,6,Spoofing,3,DoS,0.004097741510624477,0.04398566004569343,0.005646586458114659
1,5,9,False,6,Spoofing,4,Mirai,0.4516164729339823,0.12184867644027336,0.5270247029692076
1,5,9,False,6,Spoofing,5,Recon,0.14192574286686252,0.13430503260181803,0.13388392227429521
1,5,9,False,6,Spoofing,6,Spoofing,0.1310967117331378,0.13952954924092997,0.10103837489641995
1,5,9,False,6,Spoofing,7,Web-Based,0.005694865221806429,0.16541091207521966,0.006832878378819363
1,5,9,False,7,Web-Based,0,Benign,0.23271907199918657,0.1729520561354983,0.20573941393174097
1,5,9,False,7,Web-Based,1,BruteForce,0.00378145149473563,0.15306511621217125,0.004988285031987422
1,5,9,False,7,Web-Based,2,DDoS,0.005432236606621205,0.07736118004549669,0.0078520559200081
1,5,9,False,7,Web-Based,3,DoS,0.0036827559031679755,0.03943529532740323,0.0050920035248949455
1,5,9,False,7,Web-Based,4,Mirai,0.5598307385125908,0.12292968032340815,0.5967359652309505
1,5,9,False,7,Web-Based,5,Recon,0.09383464458819482,0.12177614656997146,0.09912271282795135
1,5,9,False,7,Web-Based,6,Spoofing,0.09565511413053282,0.13353834465984182,0.07408300743614007
1,5,9,False,7,Web-Based,7,Web-Based,0.005063986764970202,0.17894218072620918,0.006386556096326617
1,5,10,True,0,Benign,0,Benign,0.06855270710227451,0.18315486245656135,0.022270045567745377
1,5,10,True,0,Benign,1,BruteForce,0.336610403079507,0.13766299223155576,0.019048116147505827
1,5,10,True,0,Benign,2,DDoS,0.060231947365625677,0.08702289468207966,0.058264932055389435
1,5,10,True,0,Benign,3,DoS,0.06180676673093361,0.058892155941522896,0.04369451153948292
1,5,10,True,0,Benign,4,Mirai,0.07934370746932633,0.11947472536332539,0.07935026555243353
1,5,10,True,0,Benign,5,Recon,0.06115442261916395,0.1264309956057216,0.13568543610090097
1,5,10,True,0,Benign,6,Spoofing,0.07661049686663972,0.13550940433305686,0.3294301928385613
1,5,10,True,0,Benign,7,Web-Based,0.2556895487665292,0.1518519693861764,0.3122565001979806
1,5,10,True,1,BruteForce,0,Benign,0.06594952684980035,0.14728676648576886,0.021395882591181345
1,5,10,True,1,BruteForce,1,BruteForce,0.34429915028633745,0.19994471700564062,0.01820485343619936
1,5,10,True,1,BruteForce,2,DDoS,0.05785978012717664,0.07746457746173284,0.027800501153444554
1,5,10,True,1,BruteForce,3,DoS,0.05957751085710825,0.03943764411979954,0.030508297120172185
1,5,10,True,1,BruteForce,4,Mirai,0.07853879534019384,0.1155131851081085,0.09075246456452916
1,5,10,True,1,BruteForce,5,Recon,0.06010757666207344,0.10697674325611439,0.1355921528596097
1,5,10,True,1,BruteForce,6,Spoofing,0.07405113374956386,0.12510811400283312,0.2919583863509789
1,5,10,True,1,BruteForce,7,Web-Based,0.25961652612774616,0.1882682525600021,0.38378746192388474
1,5,10,True,2,DDoS,0,Benign,0.05647571030792482,0.08141992314739303,0.02146354989899178
1,5,10,True,2,DDoS,1,BruteForce,0.33349250013689,0.05163084471659006,0.021106456308982644
1,5,10,True,2,DDoS,2,DDoS,0.10774756241991712,0.5391614197922195,0.6022786062618589
1,5,10,True,2,DDoS,3,DoS,0.08433660547038074,0.06354731096242147,0.024344013283275748
1,5,10,True,2,DDoS,4,Mirai,0.07069911358285642,0.08389506073605893,0.040499910327815074
1,5,10,True,2,DDoS,5,Recon,0.05444825678607787,0.06510495397280701,0.05963832227706456
1,5,10,True,2,DDoS,6,Spoofing,0.06566440774453369,0.0650032814804861,0.10744966039347457
1,5,10,True,2,DDoS,7,Web-Based,0.22713584355141936,0.050237205192024036,0.12321948124853671
1,5,10,True,3,DoS,0,Benign,0.04532304338380496,0.08663711337212703,0.016524256399403355
1,5,10,True,3,DoS,1,BruteForce,0.2870112125383493,0.08560681133484727,0.024251685421476613
1,5,10,True,3,DoS,2,DDoS,0.06911574526649882,0.11448514295403894,0.1921524231437968
1,5,10,True,3,DoS,3,DoS,0.14974288363499608,0.3923437554333615,0.3432196650431296
1,5,10,True,3,DoS,4,Mirai,0.08396244689314868,0.12353693221813213,0.04899223425140833
1,5,10,True,3,DoS,5,Recon,0.046475453601540866,0.06167411813850687,0.06773421950960029
1,5,10,True,3,DoS,6,Spoofing,0.07685924368314705,0.09409155456005916,0.18115959177665295
1,5,10,True,3,DoS,7,Web-Based,0.24150997099851426,0.041624571988927044,0.12596592445453203
1,5,10,True,4,Mirai,0,Benign,0.06517195941255591,0.15442436290993997,0.020906360869143853
1,5,10,True,4,Mirai,1,BruteForce,0.3377265973401828,0.16663162668363707,0.018484991654150906
1,5,10,True,4,Mirai,2,DDoS,0.06032844561959481,0.09353930809827801,0.04526853483889094
1,5,10,True,4,Mirai,3,DoS,0.062056020779837094,0.06632314493013693,0.04057060523043271
1,5,10,True,4,Mirai,4,Mirai,0.08486975237344645,0.139865865374906,0.0930199027442174
1,5,10,True,4,Mirai,5,Recon,0.0568898846648545,0.08933333070145018,0.1230947051897784
1,5,10,True,4,Mirai,6,Spoofing,0.07659462430033147,0.12731451663308738,0.32823821797470715
1,5,10,True,4,Mirai,7,Web-Based,0.256362715509197,0.1625678446685644,0.33041668149867864
1,5,10,True,5,Recon,0,Benign,0.06487264733337023,0.14104514429833345,0.021000630285856473
1,5,10,True,5,Recon,1,BruteForce,0.34299676056684136,0.18235501882345725,0.01812983451842123
1,5,10,True,5,Recon,2,DDoS,0.05837558000834784,0.07628856889314145,0.027754586994734036
1,5,10,True,5,Recon,3,DoS,0.05982648416407938,0.04001097449838972,0.031053758674665574
1,5,10,True,5,Recon,4,Mirai,0.07867618505684922,0.11092691770819167,0.08863199214013308
1,5,10,True,5,Recon,5,Recon,0.06072211953832941,0.1308891909906823,0.1505426834996439
1,5,10,True,5,Recon,6,Spoofing,0.07229358203612431,0.12520666614517126,0.2842386896914777
1,5,10,True,5,Recon,7,Web-Based,0.2622366412960583,0.19327751864263293,0.37864782419506804
1,5,10,True,6,Spoofing,0,Benign,0.06797653368054928,0.17897876950687722,0.0219464716626074
1,5,10,True,6,Spoofing,1,BruteForce,0.3340556496577524,0.14620311819381915,0.017590292229546802
1,5,10,True,6,Spoofing,2,DDoS,0.058523746902542605,0.06973828189536913,0.02732242244704799
1,5,10,True,6,Spoofing,3,DoS,0.060279859917431594,0.04398566004569343,0.03497819372947385
1,5,10,True,6,Spoofing,4,Mirai,0.08095676411198677,0.12184867644027336,0.08108459950483436
1,5,10,True,6,Spoofing,5,Recon,0.06275550296351796,0.13430503260181803,0.13512999372248
1,5,10,True,6,Spoofing,6,Spoofing,0.07889523254355164,0.13952954924092997,0.34700179629198724
1,5,10,True,6,Spoofing,7,Web-Based,0.25655671022266785,0.16541091207521966,0.33494623041202237
1,5,10,True,7,Web-Based,0,Benign,0.06819829101194132,0.1729520561354983,0.02233567399325899
1,5,10,True,7,Web-Based,1,BruteForce,0.3376677904960932,0.15306511621217125,0.017738799278910797
1,5,10,True,7,Web-Based,2,DDoS,0.05892756692489021,0.07736118004549669,0.02980222971691401
1,5,10,True,7,Web-Based,3,DoS,0.05940954502108882,0.03943529532740323,0.031205773506683104
1,5,10,True,7,Web-Based,4,Mirai,0.07985213802270018,0.12292968032340815,0.08933694551850077
1,5,10,True,7,Web-Based,5,Recon,0.06122963775351981,0.12177614656997146,0.13496437980333795
1,5,10,True,7,Web-Based,6,Spoofing,0.07452975090731638,0.13353834465984182,0.30979530381561704
1,5,10,True,7,Web-Based,7,Web-Based,0.2601852798624502,0.17894218072620918,0.3648208943667773
1,5,11,False,0,Benign,0,Benign,0.48785516909202054,0.18315486245656135,0.5054759344795156
1,5,11,False,0,Benign,1,BruteForce,0.006241608540251591,0.13766299223155576,0.007462605127298825
1,5,11,False,0,Benign,2,DDoS,0.008155106156843605,0.08702289468207966,0.010640381605379423
1,5,11,False,0,Benign,3,DoS,0.011371609731422547,0.058892155941522896,0.014780983180301552
1,5,11,False,0,Benign,4,Mirai,0.08130579025106288,0.11947472536332539,0.08417180931879836
1,5,11,False,0,Benign,5,Recon,0.14361602172165264,0.1264309956057216,0.1373969726142291
1,5,11,False,0,Benign,6,Spoofing,0.2539858579362773,0.13550940433305686,0.23190462746669555
1,5,11,False,0,Benign,7,Web-Based,0.007468836570468982,0.1518519693861764,0.008166686207781701
1,5,11,False,1,BruteForce,0,Benign,0.45102186756489115,0.14728676648576886,0.5106147524192624
1,5,11,False,1,BruteForce,1,BruteForce,0.00656859904943432,0.19994471700564062,0.007222023432318588
1,5,11,False,1,BruteForce,2,DDoS,0.006886574904599038,0.07746457746173284,0.009715753075438184
1,5,11,False,1,BruteForce,3,DoS,0.006408730032657879,0.03943764411979954,0.00845695820506947
1,5,11,False,1,BruteForce,4,Mirai,0.08333374858606393,0.1155131851081085,0.08771126418285896
1,5,11,False,1,BruteForce,5,Recon,0.15689378752868682,0.10697674325611439,0.13823024944282974
1,5,11,False,1,BruteForce,6,Spoofing,0.28109727318616873,0.12510811400283312,0.23020952939325387
1,5,11,False,1,BruteForce,7,Web-Based,0.007789419147498277,0.1882682525600021,0.00783946984896885
1,5,11,False,2,DDoS,0,Benign,0.1944257823420306,0.08141992314739303,0.391693033549768
1,5,11,False,2,DDoS,1,BruteForce,0.011525548560807166,0.05163084471659006,0.012270970192291
1,5,11,False,2,DDoS,2,DDoS,0.4855332167089059,0.5391614197922195,0.14293445703506732
1,5,11,False,2,DDoS,3,DoS,0.019589061490551413,0.06354731096242147,0.0346928188460991
1,5,11,False,2,DDoS,4,Mirai,0.07648589057392786,0.08389506073605893,0.08264899631452405
1,5,11,False,2,DDoS,5,Recon,0.0676288928379735,0.06510495397280701,0.10654715777236783
1,5,11,False,2,DDoS,6,Spoofing,0.13532016501269173,0.0650032814804861,0.2163560792426348
1,5,11,False,2,DDoS,7,Web-Based,0.009491442473111905,0.050237205192024036,0.012856487047247967
1,5,11,False,3,DoS,0,Benign,0.06285855237449182,0.08663711337212703,0.10309353673587984
1,5,11,False,3,DoS,1,BruteForce,0.01124126480943724,0.08560681133484727,0.016412016849813423
1,5,11,False,3,DoS,2,DDoS,0.01851231350154504,0.11448514295403894,0.01715386702274042
1,5,11,False,3,DoS,3,DoS,0.5670932023940316,0.3923437554333615,0.4905930896630506
1,5,11,False,3,DoS,4,Mirai,0.059005841175025144,0.12353693221813213,0.06735126521196996
1,5,11,False,3,DoS,5,Recon,0.028331728331501025,0.06167411813850687,0.03254476557324266
1,5,11,False,3,DoS,6,Spoofing,0.24400710807171722,0.09409155456005916,0.2576296574068613
1,5,11,False,3,DoS,7,Web-Based,0.008949989342250863,0.041624571988927044,0.015221801536441816
1,5,11,False,4,Mirai,0,Benign,0.45566074959321123,0.15442436290993997,0.4930178028074896
1,5,11,False,4,Mirai,1,BruteForce,0.0062920198804577955,0.16663162668363707,0.007418595071505128
1,5,11,False,4,Mirai,2,DDoS,0.008459070033862091,0.09353930809827801,0.010673475310734544
1,5,11,False,4,Mirai,3,DoS,0.013723992091813407,0.06632314493013693,0.017015575176746667
1,5,11,False,4,Mirai,4,Mirai,0.15835527906333866,0.139865865374906,0.12286600958710883
1,5,11,False,4,Mirai,5,Recon,0.07900264163847265,0.08933333070145018,0.08906886765228121
1,5,11,False,4,Mirai,6,Spoofing,0.2707012358864915,0.12731451663308738,0.2510653933064498
1,5,11,False,4,Mirai,7,Web-Based,0.007805011812352585,0.1625678446685644,0.008874281087684113
1,5,11,False,5,Recon,0,Benign,0.41321348504552285,0.14104514429833345,0.4927068831424751
1,5,11,False,5,Recon,1,BruteForce,0.006519718482015301,0.18235501882345725,0.00742554195106978
1,5,11,False,5,Recon,2,DDoS,0.006501640731753343,0.07628856889314145,0.009624595886530429
1,5,11,False,5,Recon,3,DoS,0.005903552060133565,0.04001097449838972,0.008328389430311143
1,5,11,False,5,Recon,4,Mirai,0.06555762245968016,0.11092691770819167,0.08341663457695307
1,5,11,False,5,Recon,5,Recon,0.2593484657971639,0.1308891909906823,0.18752957396487546
1,5,11,False,5,Recon,6,Spoofing,0.23544900770530933,0.12520666614517126,0.20326917878805226
1,5,11,False,5,Recon,7,Web-Based,0.007506507718421558,0.19327751864263293,0.0076992022597328095
1,5,11,False,6,Spoofing,0,Benign,0.4317093070459979,0.17897876950687722,0.48286301836284756
1,5,11,False,6,Spoofing,1,BruteForce,0.0060093509812546774,0.14620311819381915,0.007235802502337834
1,5,11,False,6,Spoofing,2,DDoS,0.007199703964997322,0.06973828189536913,0.009895507549570342
1,5,11,False,6,Spoofing,3,DoS,0.007026444912379524,0.04398566004569343,0.009983399578093499
1,5,11,False,6,Spoofing,4,Mirai,0.07260429024075807,0.12184867644027336,0.0785594528290734
1,5,11,False,6,Spoofing,5,Recon,0.1542865925025618,0.13430503260181803,0.12942968868645746
1,5,11,False,6,Spoofing,6,Spoofing,0.3137579737246628,0.13952954924092997,0.2740407670468335
1,5,11,False,6,Spoofing,7,Web-Based,0.007406336627387982,0.16541091207521966,0.007992363444786446
1,5,11,False,7,Web-Based,0,Benign,0.488187017610379,0.1729520561354983,0.5289669156973816
1,5,11,False,7,Web-Based,1,BruteForce,0.005976772451931906,0.15306511621217125,0.006997340482420253
1,5,11,False,7,Web-Based,2,DDoS,0.00731364433578143,0.07736118004549669,0.009770151186618404
1,5,11,False,7,Web-Based,3,DoS,0.007213848934680799,0.03943529532740323,0.009807038889836544
1,5,11,False,7,Web-Based,4,Mirai,0.09859824771472289,0.12292968032340815,0.09178229978131258
1,5,11,False,7,Web-Based,5,Recon,0.12262576141908951,0.12177614656997146,0.12418983171646154
1,5,11,False,7,Web-Based,6,Spoofing,0.2626174100151717,0.13353834465984182,0.2204966630762761
1,5,11,False,7,Web-Based,7,Web-Based,0.007467297518242703,0.17894218072620918,0.007989759169692986
1,5,12,False,0,Benign,0,Benign,0.026416871360758324,0.18315486245656135,0.026462665550044947
1,5,12,False,0,Benign,1,BruteForce,0.009079666233518056,0.13766299223155576,0.012055694095309408
1,5,12,False,0,Benign,2,DDoS,0.010907454852506429,0.08702289468207966,0.014718325348589106
1,5,12,False,0,Benign,3,DoS,0.03385268480679072,0.058892155941522896,0.09649944847369452
1,5,12,False,0,Benign,4,Mirai,0.5278492406812528,0.11947472536332539,0.497085396462591
1,5,12,False,0,Benign,5,Recon,0.12728431865657908,0.1264309956057216,0.12355267580960916
1,5,12,False,0,Benign,6,Spoofing,0.2024899372383623,0.13550940433305686,0.18046671219629276
1,5,12,False,0,Benign,7,Web-Based,0.062119826170232345,0.1518519693861764,0.04915908206386924
1,5,12,False,1,BruteForce,0,Benign,0.024441050775457475,0.14728676648576886,0.025107642284793254
1,5,12,False,1,BruteForce,1,BruteForce,0.00984459728695997,0.19994471700564062,0.01200549613060556
1,5,12,False,1,BruteForce,2,DDoS,0.010145140792195945,0.07746457746173284,0.013128686943424587
1,5,12,False,1,BruteForce,3,DoS,0.016760977703262382,0.03943764411979954,0.029005819762036804
1,5,12,False,1,BruteForce,4,Mirai,0.5715375170127457,0.1155131851081085,0.5528058772746978
1,5,12,False,1,BruteForce,5,Recon,0.10583670052906456,0.10697674325611439,0.13472743978366244
1,5,12,False,1,BruteForce,6,Spoofing,0.17808274014104214,0.12510811400283312,0.17409356481768265
1,5,12,False,1,BruteForce,7,Web-Based,0.08335127575927193,0.1882682525600021,0.059125473003096875
1,5,12,False,2,DDoS,0,Benign,0.016511013399464664,0.08141992314739303,0.030003869943939145
1,5,12,False,2,DDoS,1,BruteForce,0.012992474176100255,0.05163084471659006,0.017771132103718997
1,5,12,False,2,DDoS,2,DDoS,0.5282769239618877,0.5391614197922195,0.3171184497345759
1,5,12,False,2,DDoS,3,DoS,0.0738561326816826,0.06354731096242147,0.10086297956612204
1,5,12,False,2,DDoS,4,Mirai,0.2175399076410179,0.08389506073605893,0.3132603556709456
1,5,12,False,2,DDoS,5,Recon,0.06740609669970919,0.06510495397280701,0.09257944457817051
1,5,12,False,2,DDoS,6,Spoofing,0.05718103373901759,0.0650032814804861,0.08977983377810282
1,5,12,False,2,DDoS,7,Web-Based,0.0262364177011202,0.050237205192024036,0.03862393462442499
1,5,12,False,3,DoS,0,Benign,0.007334919727271866,0.08663711337212703,0.010999057746118568
1,5,12,False,3,DoS,1,BruteForce,0.011699304343589827,0.08560681133484727,0.0175514269892811
1,5,12,False,3,DoS,2,DDoS,0.021808684192331604,0.11448514295403894,0.020152437677119866
1,5,12,False,3,DoS,3,DoS,0.8028966385774184,0.3923437554333615,0.7022069929548109
1,5,12,False,3,DoS,4,Mirai,0.0769046196740896,0.12353693221813213,0.11680458200945516
1,5,12,False,3,DoS,5,Recon,0.024717787737561815,0.06167411813850687,0.03703591624944796
1,5,12,False,3,DoS,6,Spoofing,0.039170861228931014,0.09409155456005916,0.07279207348035582
1,5,12,False,3,DoS,7,Web-Based,0.015467184518805929,0.041624571988927044,0.022457512893410584
1,5,12,False,4,Mirai,0,Benign,0.02296444466235051,0.15442436290993997,0.02594305074139693
1,5,12,False,4,Mirai,1,BruteForce,0.00746394948173293,0.16663162668363707,0.010684721840303734
1,5,12,False,4,Mirai,2,DDoS,0.01147093252108097,0.09353930809827801,0.015048815664166753
1,5,12,False,4,Mirai,3,DoS,0.02290615701114728,0.06632314493013693,0.0529732702800002
1,5,12,False,4,Mirai,4,Mirai,0.6834215013338877,0.139865865374906,0.6064310047794048
1,5,12,False,4,Mirai,5,Recon,0.06326944727504212,0.08933333070145018,0.095220632058516
1,5,12,False,4,Mirai,6,Spoofing,0.14229984516504057,0.12731451663308738,0.14817769204580464
1,5,12,False,4,Mirai,7,Web-Based,0.04620372254971794,0.1625678446685644,0.045520812590406794
1,5,12,False,5,Recon,0,Benign,0.023162842543187137,0.14104514429833345,0.023632525474858623
1,5,12,False,5,Recon,1,BruteForce,0.010167352496657598,0.18235501882345725,0.012284384474508312
1,5,12,False,5,Recon,2,DDoS,0.010153686584848717,0.07628856889314145,0.01318532466708884
1,5,12,False,5,Recon,3,DoS,0.018589928240160526,0.04001097449838972,0.0314168214343716
1,5,12,False,5,Recon,4,Mirai,0.5198884679111152,0.11092691770819167,0.5370038599406017
1,5,12,False,5,Recon,5,Recon,0.15942782486963725,0.1308891909906823,0.16281062096259766
1,5,12,False,5,Recon,6,Spoofing,0.16960099043916316,0.12520666614517126,0.1625838537369057
1,5,12,False,5,Recon,7,Web-Based,0.08900890691523046,0.19327751864263293,0.05708260930906753
1,5,12,False,6,Spoofing,0,Benign,0.025653940037132773,0.17897876950687722,0.026469107199742777
1,5,12,False,6,Spoofing,1,BruteForce,0.009243417587567547,0.14620311819381915,0.011622460802595755
1,5,12,False,6,Spoofing,2,DDoS,0.009747835513881786,0.06973828189536913,0.013628173719736776
1,5,12,False,6,Spoofing,3,DoS,0.02865279281370063,0.04398566004569343,0.05960305714089781
1,5,12,False,6,Spoofing,4,Mirai,0.4922495270828577,0.12184867644027336,0.49415070750533713
1,5,12,False,6,Spoofing,5,Recon,0.12656394194737372,0.13430503260181803,0.1245803767133329
1,5,12,False,6,Spoofing,6,Spoofing,0.2363457666942609,0.13952954924092997,0.2142325937076371
1,5,12,False,6,Spoofing,7,Web-Based,0.071542778323225,0.16541091207521966,0.05571352321071982
1,5,12,False,7,Web-Based,0,Benign,0.024525084492537496,0.1729520561354983,0.02641490311951378
1,5,12,False,7,Web-Based,1,BruteForce,0.008581886423242214,0.15306511621217125,0.011202996129719044
1,5,12,False,7,Web-Based,2,DDoS,0.010185239418930219,0.07736118004549669,0.013888644164304482
1,5,12,False,7,Web-Based,3,DoS,0.02407469142607833,0.03943529532740323,0.03456977866360679
1,5,12,False,7,Web-Based,4,Mirai,0.5838145867064742,0.12292968032340815,0.5575893799557168
1,5,12,False,7,Web-Based,5,Recon,0.10641301009857144,0.12177614656997146,0.13010916216150645
1,5,12,False,7,Web-Based,6,Spoofing,0.17530677744930134,0.13353834465984182,0.1695661573199577
1,5,12,False,7,Web-Based,7,Web-Based,0.06709872398486484,0.17894218072620918,0.056658978485675054
1,5,13,False,0,Benign,0,Benign,0.060613056551156015,0.18315486245656135,0.06055386004083888
1,5,13,False,0,Benign,1,BruteForce,0.10282840032874446,0.13766299223155576,0.09363316921225759
1,5,13,False,0,Benign,2,DDoS,0.06451543999233951,0.08702289468207966,0.06796401271045555
1,5,13,False,0,Benign,3,DoS,0.012117954061318386,0.058892155941522896,0.01536906606727667
1,5,13,False,0,Benign,4,Mirai,0.05216869506215313,0.11947472536332539,0.05432285348042039
1,5,13,False,0,Benign,5,Recon,0.3776420707107686,0.1264309956057216,0.39795739412411263
1,5,13,False,0,Benign,6,Spoofing,0.1385161859129467,0.13550940433305686,0.1273448450201094
1,5,13,False,0,Benign,7,Web-Based,0.19159819738057315,0.1518519693861764,0.18285479934452892
1,5,13,False,1,BruteForce,0,Benign,0.06466812681620954,0.14728676648576886,0.06219007911701284
1,5,13,False,1,BruteForce,1,BruteForce,0.13690845386827272,0.19994471700564062,0.11360017528602807
1,5,13,False,1,BruteForce,2,DDoS,0.023821375663307384,0.07746457746173284,0.024879683051240126
1,5,13,False,1,BruteForce,3,DoS,0.013793922715815884,0.03943764411979954,0.01628907518567972
1,5,13,False,1,BruteForce,4,Mirai,0.059817734021712456,0.1155131851081085,0.05909321433342645
1,5,13,False,1,BruteForce,5,Recon,0.33435281486440904,0.10697674325611439,0.39380068182300615
1,5,13,False,1,BruteForce,6,Spoofing,0.12298738228481725,0.12510811400283312,0.1127826349398934
1,5,13,False,1,BruteForce,7,Web-Based,0.24365018976545563,0.1882682525600021,0.21736445626371323
1,5,13,False,2,DDoS,0,Benign,0.0228874961947262,0.08141992314739303,0.029645218230663097
1,5,13,False,2,DDoS,1,BruteForce,0.039195588443166195,0.05163084471659006,0.044390003608591314
1,5,13,False,2,DDoS,2,DDoS,0.6688077243417495,0.5391614197922195,0.6352909363725004
1,5,13,False,2,DDoS,3,DoS,0.006891065712427139,0.06354731096242147,0.010503117844130891
1,5,13,False,2,DDoS,4,Mirai,0.025461363073573464,0.08389506073605893,0.02860493938647318
1,5,13,False,2,DDoS,5,Recon,0.13486456467251778,0.06510495397280701,0.13708271084685927
1,5,13,False,2,DDoS,6,Spoofing,0.04131977430705775,0.0650032814804861,0.05030055513476766
1,5,13,False,2,DDoS,7,Web-Based,0.06057242325478195,0.050237205192024036,0.06418251857601417
1,5,13,False,3,DoS,0,Benign,0.018866593011644568,0.08663711337212703,0.03233971978002759
1,5,13,False,3,DoS,1,BruteForce,0.057580218303580205,0.08560681133484727,0.05300713177743538
1,5,13,False,3,DoS,2,DDoS,0.35404095280975323,0.11448514295403894,0.2691257299968779
1,5,13,False,3,DoS,3,DoS,0.1899716372968128,0.3923437554333615,0.05076355300514008
1,5,13,False,3,DoS,4,Mirai,0.08303997568039397,0.12353693221813213,0.061014517512999064
1,5,13,False,3,DoS,5,Recon,0.1065198477586704,0.06167411813850687,0.29218726986237215
1,5,13,False,3,DoS,6,Spoofing,0.11186571786532583,0.09409155456005916,0.11358387417877497
1,5,13,False,3,DoS,7,Web-Based,0.078115057273819,0.041624571988927044,0.12797820388637293
1,5,13,False,4,Mirai,0,Benign,0.06322398878943737,0.15442436290993997,0.06505704215425251
1,5,13,False,4,Mirai,1,BruteForce,0.12589259346530035,0.16663162668363707,0.10857552825100836
1,5,13,False,4,Mirai,2,DDoS,0.07027101987669616,0.09353930809827801,0.054829259904598894
1,5,13,False,4,Mirai,3,DoS,0.01374329151823832,0.06632314493013693,0.01631967809243778
1,5,13,False,4,Mirai,4,Mirai,0.08587063155118634,0.139865865374906,0.06634550226409335
1,5,13,False,4,Mirai,5,Recon,0.3018971027244953,0.08933333070145018,0.36094686593090997
1,5,13,False,4,Mirai,6,Spoofing,0.1355326690152031,0.12731451663308738,0.12982506029211566
1,5,13,False,4,Mirai,7,Web-Based,0.203568703059443,0.1625678446685644,0.19810106311058343
1,5,13,False,5,Recon,0,Benign,0.05969950855985227,0.14104514429833345,0.058890944199925195
1,5,13,False,5,Recon,1,BruteForce,0.1250956385473552,0.18235501882345725,0.10996258594731881
1,5,13,False,5,Recon,2,DDoS,0.02234433394023949,0.07628856889314145,0.024575459907588162
1,5,13,False,5,Recon,3,DoS,0.013209736751042337,0.04001097449838972,0.016073495926865418
1,5,13,False,5,Recon,4,Mirai,0.054487433166828685,0.11092691770819167,0.05682780049595466
1,5,13,False,5,Recon,5,Recon,0.3811883284038103,0.1308891909906823,0.4166202590929207
1,5,13,False,5,Recon,6,Spoofing,0.11452900241847107,0.12520666614517126,0.10761596507282863
1,5,13,False,5,Recon,7,Web-Based,0.2294460182124006,0.19327751864263293,0.20943348935659842
1,5,13,False,6,Spoofing,0,Benign,0.058653092765261816,0.17897876950687722,0.05824697724820248
1,5,13,False,6,Spoofing,1,BruteForce,0.10336221861226162,0.14620311819381915,0.09347761890614228
1,5,13,False,6,Spoofing,2,DDoS,0.02076941045125574,0.06973828189536913,0.023553621414356338
1,5,13,False,6,Spoofing,3,DoS,0.012357993005561537,0.04398566004569343,0.015169114494199247
1,5,13,False,6,Spoofing,4,Mirai,0.051650816732320186,0.12184867644027336,0.05348185281645945
1,5,13,False,6,Spoofing,5,Recon,0.4017735913023069,0.13430503260181803,0.4310847366068133
1,5,13,False,6,Spoofing,6,Spoofing,0.14250728668929127,0.13952954924092997,0.12784485484416347
1,5,13,False,6,Spoofing,7,Web-Based,0.20892559044174086,0.16541091207521966,0.19714122366966352
1,5,13,False,7,Web-Based,0,Benign,0.06438070634416669,0.1729520561354983,0.06390660193207431
1,5,13,False,7,Web-Based,1,BruteForce,0.11604603716307059,0.15306511621217125,0.10607394555793523
1,5,13,False,7,Web-Based,2,DDoS,0.026258372504932428,0.07736118004549669,0.030251013981192044
1,5,13,False,7,Web-Based,3,DoS,0.01265170344787058,0.03943529532740323,0.015764724610940636
1,5,13,False,7,Web-Based,4,Mirai,0.0627595170043588,0.12292968032340815,0.05832549336769389
1,5,13,False,7,Web-Based,5,Recon,0.3715564103049363,0.12177614656997146,0.40326458703784607
1,5,13,False,7,Web-Based,6,Spoofing,0.12721535290574337,0.13353834465984182,0.11685334765521006
1,5,13,False,7,Web-Based,7,Web-Based,0.21913190032492127,0.17894218072620918,0.20556028585710787
1,5,14,True,0,Benign,0,Benign,0.10687803423999452,0.18315486245656135,0.1480594796370353
1,5,14,True,0,Benign,1,BruteForce,0.3211681526541853,0.13766299223155576,0.09103057403818236
1,5,14,True,0,Benign,2,DDoS,0.06119745211260993,0.08702289468207966,0.13501037934870694
1,5,14,True,0,Benign,3,DoS,0.05364854148608156,0.058892155941522896,0.08956857574426136
1,5,14,True,0,Benign,4,Mirai,0.08540601825285789,0.11947472536332539,0.15442565169066882
1,5,14,True,0,Benign,5,Recon,0.06948088029072104,0.1264309956057216,0.16030056009055077
1,5,14,True,0,Benign,6,Spoofing,0.05869043387634828,0.13550940433305686,0.031531698583245976
1,5,14,True,0,Benign,7,Web-Based,0.24353048708720146,0.1518519693861764,0.19007308086734842
1,5,14,True,1,BruteForce,0,Benign,0.09703559108017945,0.14728676648576886,0.15016749450818784
1,5,14,True,1,BruteForce,1,BruteForce,0.3496308173411485,0.19994471700564062,0.11283321346819068
1,5,14,True,1,BruteForce,2,DDoS,0.0632692444819797,0.07746457746173284,0.09277722713760264
1,5,14,True,1,BruteForce,3,DoS,0.05116355948603943,0.03943764411979954,0.04227046551479721
1,5,14,True,1,BruteForce,4,Mirai,0.08313391588318123,0.1155131851081085,0.1726806064477769
1,5,14,True,1,BruteForce,5,Recon,0.06435251434709835,0.10697674325611439,0.15484809839740113
1,5,14,True,1,BruteForce,6,Spoofing,0.052380590544932555,0.12510811400283312,0.03177492365119014
1,5,14,True,1,BruteForce,7,Web-Based,0.23903376683544095,0.1882682525600021,0.24264797087485346
1,5,14,True,2,DDoS,0,Benign,0.0976583199602422,0.08141992314739303,0.05504383470168419
1,5,14,True,2,DDoS,1,BruteForce,0.28140392326230296,0.05163084471659006,0.04343006115053119
1,5,14,True,2,DDoS,2,DDoS,0.08483562408432199,0.5391614197922195,0.6399708418223041
1,5,14,True,2,DDoS,3,DoS,0.08399349620049305,0.06354731096242147,0.049627131916077385
1,5,14,True,2,DDoS,4,Mirai,0.07745752381700559,0.08389506073605893,0.06286634217661555
1,5,14,True,2,DDoS,5,Recon,0.06519507998775657,0.06510495397280701,0.059088950315579924
1,5,14,True,2,DDoS,6,Spoofing,0.0706918751994068,0.0650032814804861,0.016241914274441712
1,5,14,True,2,DDoS,7,Web-Based,0.2387641574884708,0.050237205192024036,0.07373092364276607
1,5,14,True,3,DoS,0,Benign,0.06645243471296834,0.08663711337212703,0.036745108652393624
1,5,14,True,3,DoS,1,BruteForce,0.26041648188082683,0.08560681133484727,0.04923689543867314
1,5,14,True,3,DoS,2,DDoS,0.07046886675911883,0.11448514295403894,0.2189361691991132
1,5,14,True,3,DoS,3,DoS,0.11704746990600322,0.3923437554333615,0.4824966946835219
1,5,14,True,3,DoS,4,Mirai,0.10711711903416259,0.12353693221813213,0.06901901062078761
1,5,14,True,3,DoS,5,Recon,0.04965761816682034,0.06167411813850687,0.05468298899091042
1,5,14,True,3,DoS,6,Spoofing,0.062183704401921815,0.09409155456005916,0.018572282182331694
1,5,14,True,3,DoS,7,Web-Based,0.26665630513817795,0.041624571988927044,0.07031085023226843
1,5,14,True,4,Mirai,0,Benign,0.09842640845095645,0.15442436290993997,0.14558260732719783
1,5,14,True,4,Mirai,1,BruteForce,0.32944303636867756,0.16663162668363707,0.10089984082769843
1,5,14,True,4,Mirai,2,DDoS,0.06400942969922666,0.09353930809827801,0.132365923533683
1,5,14,True,4,Mirai,3,DoS,0.05357323806564831,0.06632314493013693,0.07981239993660168
1,5,14,True,4,Mirai,4,Mirai,0.09350619946164736,0.139865865374906,0.1897777612426273
1,5,14,True,4,Mirai,5,Recon,0.06163913025847883,0.08933333070145018,0.12823493531298275
1,5,14,True,4,Mirai,6,Spoofing,0.05639655791308671,0.12731451663308738,0.03008714133987326
1,5,14,True,4,Mirai,7,Web-Based,0.2430059997822781,0.1625678446685644,0.1932393904793358
1,5,14,True,5,Recon,0,Benign,0.09567405453992393,0.14104514429833345,0.14467575747633607
1,5,14,True,5,Recon,1,BruteForce,0.34921411280988734,0.18235501882345725,0.1141463146584827
1,5,14,True,5,Recon,2,DDoS,0.06326459948912107,0.07628856889314145,0.09065836586990135
1,5,14,True,5,Recon,3,DoS,0.05156664980725969,0.04001097449838972,0.0434782976751668
1,5,14,True,5,Recon,4,Mirai,0.08248175958990814,0.11092691770819167,0.16795692760821904
1,5,14,True,5,Recon,5,Recon,0.06630728827682218,0.1308891909906823,0.16936905507596675
1,5,14,True,5,Recon,6,Spoofing,0.05060909995947225,0.12520666614517126,0.03200187725743563
1,5,14,True,5,Recon,7,Web-Based,0.2408824355276055,0.19327751864263293,0.2377134043784918
1,5,14,True,6,Spoofing,0,Benign,0.10509971559372173,0.17897876950687722,0.15515672168342898
1,5,14,True,6,Spoofing,1,BruteForce,0.3195493193138934,0.14620311819381915,0.09402456146783492
1,5,14,True,6,Spoofing,2,DDoS,0.05864419094178731,0.06973828189536913,0.08721759719181094
1,5,14,True,6,Spoofing,3,DoS,0.05151937347483372,0.04398566004569343,0.07751984771762219
1,5,14,True,6,Spoofing,4,Mirai,0.08708499632874492,0.12184867644027336,0.15508192804945162
1,5,14,True,6,Spoofing,5,Recon,0.07163373303868775,0.13430503260181803,0.17753370357063722
1,5,14,True,6,Spoofing,6,Spoofing,0.0615480738294756,0.13952954924092997,0.03393015712444098
1,5,14,True,6,Spoofing,7,Web-Based,0.24492059747885547,0.16541091207521966,0.21953548319477323
1,5,14,True,7,Web-Based,0,Benign,0.10455311667748533,0.1729520561354983,0.16189355912712247
1,5,14,True,7,Web-Based,1,BruteForce,0.3310826913044198,0.15306511621217125,0.10210076203622208
1,5,14,True,7,Web-Based,2,DDoS,0.0613445300257097,0.07736118004549669,0.10510760822241653
1,5,14,True,7,Web-Based,3,DoS,0.05112303816830446,0.03943529532740323,0.046255614517100856
1,5,14,True,7,Web-Based,4,Mirai,0.08462132268380673,0.12292968032340815,0.17585135880458092
1,5,14,True,7,Web-Based,5,Recon,0.06825695276507927,0.12177614656997146,0.15516483640281217
1,5,14,True,7,Web-Based,6,Spoofing,0.05554313075124767,0.13353834465984182,0.032388845509535816
1,5,14,True,7,Web-Based,7,Web-Based,0.243475217623947,0.17894218072620918,0.22123741538020916
1,5,15,True,0,Benign,0,Benign,0.21133091814393345,0.18315486245656135,0.049839407048369984
1,5,15,True,0,Benign,1,BruteForce,0.13136424003577385,0.13766299223155576,0.031952746373506424
1,5,15,True,0,Benign,2,DDoS,0.050277767255158264,0.08702289468207966,0.5022519274526185
1,5,15,True,0,Benign,3,DoS,0.03020896018043036,0.058892155941522896,0.2867873313995385
1,5,15,True,0,Benign,4,Mirai,0.12519344129167873,0.11947472536332539,0.03710599221636177
1,5,15,True,0,Benign,5,Recon,0.1345243365736208,0.1264309956057216,0.023070707372011598
1,5,15,True,0,Benign,6,Spoofing,0.1307183844350299,0.13550940433305686,0.03884810561062139
1,5,15,True,0,Benign,7,Web-Based,0.18638195208437477,0.1518519693861764,0.03014378252697195
1,5,15,True,1,BruteForce,0,Benign,0.18997437135761416,0.14728676648576886,0.05207551206555742
1,5,15,True,1,BruteForce,1,BruteForce,0.1605695198255657,0.19994471700564062,0.033464480183938446
1,5,15,True,1,BruteForce,2,DDoS,0.05377550442568952,0.07746457746173284,0.5329504797880963
1,5,15,True,1,BruteForce,3,DoS,0.02646963276576114,0.03943764411979954,0.2504226473607079
1,5,15,True,1,BruteForce,4,Mirai,0.13293023403465745,0.1155131851081085,0.03849186840165198
1,5,15,True,1,BruteForce,5,Recon,0.11658020306361361,0.10697674325611439,0.02265328635101351
1,5,15,True,1,BruteForce,6,Spoofing,0.11172974352326785,0.12510811400283312,0.03799244616487405
1,5,15,True,1,BruteForce,7,Web-Based,0.20797079100383062,0.1882682525600021,0.0319492796841605
1,5,15,True,2,DDoS,0,Benign,0.09531431765055824,0.08141992314739303,0.037558931196428384
1,5,15,True,2,DDoS,1,BruteForce,0.11096250060692205,0.05163084471659006,0.02688383215724133
1,5,15,True,2,DDoS,2,DDoS,0.3707470661403712,0.5391614197922195,0.7419043758520436
1,5,15,True,2,DDoS,3,DoS,0.04751964901786388,0.06354731096242147,0.10634900120256495
1,5,15,True,2,DDoS,4,Mirai,0.07945290310187217,0.08389506073605893,0.027500291863635604
1,5,15,True,2,DDoS,5,Recon,0.08543569072433366,0.06510495397280701,0.016731122419306972
1,5,15,True,2,DDoS,6,Spoofing,0.06771352815972548,0.0650032814804861,0.021729241659544984
1,5,15,True,2,DDoS,7,Web-Based,0.14285434459835333,0.050237205192024036,0.0213432036492342
1,5,15,True,3,DoS,0,Benign,0.058638682165386376,0.08663711337212703,0.02093062169185039
1,5,15,True,3,DoS,1,BruteForce,0.09243224903939724,0.08560681133484727,0.03937447271880717
1,5,15,True,3,DoS,2,DDoS,0.08058335762873824,0.11448514295403894,0.230983461552189
1,5,15,True,3,DoS,3,DoS,0.18138787561537065,0.3923437554333615,0.6203742998024961
1,5,15,True,3,DoS,4,Mirai,0.21052084231780102,0.12353693221813213,0.02558702906097365
1,5,15,True,3,DoS,5,Recon,0.05936507425892448,0.06167411813850687,0.016732501945439
1,5,15,True,3,DoS,6,Spoofing,0.1120342741222282,0.09409155456005916,0.022870721632670718
1,5,15,True,3,DoS,7,Web-Based,0.20503764485215384,0.041624571988927044,0.02314689159557398
1,5,15,True,4,Mirai,0,Benign,0.1827607486421029,0.15442436290993997,0.04918618415140519
1,5,15,True,4,Mirai,1,BruteForce,0.1366951404093882,0.16663162668363707,0.03309853823094742
1,5,15,True,4,Mirai,2,DDoS,0.057723054764285735,0.09353930809827801,0.5135747760258506
1,5,15,True,4,Mirai,3,DoS,0.0313128903585407,0.06632314493013693,0.2778038421421814
1,5,15,True,4,Mirai,4,Mirai,0.17999839555227,0.139865865374906,0.039747188923165984
1,5,15,True,4,Mirai,5,Recon,0.09684298467647535,0.08933333070145018,0.018826301336706326
1,5,15,True,4,Mirai,6,Spoofing,0.11985891545804415,0.12731451663308738,0.03737634189122307
1,5,15,True,4,Mirai,7,Web-Based,0.19480787013889297,0.1625678446685644,0.030386827298520075
1,5,15,True,5,Recon,0,Benign,0.18460718907197066,0.14104514429833345,0.05231090400242893
1,5,15,True,5,Recon,1,BruteForce,0.16226411721670345,0.18235501882345725,0.03487046593706778
1,5,15,True,5,Recon,2,DDoS,0.052458735204516944,0.07628856889314145,0.5151354536604092
1,5,15,True,5,Recon,3,DoS,0.026614375256757503,0.04001097449838972,0.26560072345031455
1,5,15,True,5,Recon,4,Mirai,0.12251547283211656,0.11092691770819167,0.0376412932965182
1,5,15,True,5,Recon,5,Recon,0.14139198043074092,0.1308891909906823,0.022822761923066533
1,5,15,True,5,Recon,6,Spoofing,0.10555267845170531,0.12520666614517126,0.039236306790337246
1,5,15,True,5,Recon,7,Web-Based,0.20459545153548878,0.19327751864263293,0.03238209093985765
1,5,15,True,6,Spoofing,0,Benign,0.19978836532024358,0.17897876950687722,0.04989348536388863
1,5,15,True,6,Spoofing,1,BruteForce,0.13384278488792428,0.14620311819381915,0.03188649971154166
1,5,15,True,6,Spoofing,2,DDoS,0.04426735022404712,0.06973828189536913,0.48386588385254226
1,5,15,True,6,Spoofing,3,DoS,0.02526166995303134,0.04398566004569343,0.30516149358828903
1,5,15,True,6,Spoofing,4,Mirai,0.12655548021761723,0.12184867644027336,0.03665031104580393
1,5,15,True,6,Spoofing,5,Recon,0.13964695291249474,0.13430503260181803,0.021957736856461973
1,5,15,True,6,Spoofing,6,Spoofing,0.14086748423007073,0.13952954924092997,0.0405992718729204
1,5,15,True,6,Spoofing,7,Web-Based,0.18976991225457107,0.16541091207521966,0.029985317708552225
1,5,15,True,7,Web-Based,0,Benign,0.20738770607773527,0.1729520561354983,0.055652764274874436
1,5,15,True,7,Web-Based,1,BruteForce,0.14416784968993532,0.15306511621217125,0.030874757337916416
1,5,15,True,7,Web-Based,2,DDoS,0.04958719946939907,0.07736118004549669,0.5642708408093295
1,5,15,True,7,Web-Based,3,DoS,0.026183484441148232,0.03943529532740323,0.21004699373683333
1,5,15,True,7,Web-Based,4,Mirai,0.13523041752371842,0.12292968032340815,0.039571216454673305
1,5,15,True,7,Web-Based,5,Recon,0.12669895830034933,0.12177614656997146,0.02516263858178125
1,5,15,True,7,Web-Based,6,Spoofing,0.11492463149997918,0.13353834465984182,0.0418851396147757
1,5,15,True,7,Web-Based,7,Web-Based,0.1958197529977352,0.17894218072620918,0.032535649189816065
1,5,16,False,0,Benign,0,Benign,0.5538529910784843,0.18315486245656135,0.5289869720531107
1,5,16,False,0,Benign,1,BruteForce,0.0212847880862554,0.13766299223155576,0.022867332490681114
1,5,16,False,0,Benign,2,DDoS,0.17259089102524286,0.08702289468207966,0.16887718426678153
1,5,16,False,0,Benign,3,DoS,0.025530707741045086,0.058892155941522896,0.051841357131975206
1,5,16,False,0,Benign,4,Mirai,0.015587448550542818,0.11947472536332539,0.01948582065520686
1,5,16,False,0,Benign,5,Recon,0.022445835219894728,0.1264309956057216,0.023208244931691616
1,5,16,False,0,Benign,6,Spoofing,0.11490439103944909,0.13550940433305686,0.1089540888176844
1,5,16,False,0,Benign,7,Web-Based,0.0738029472590857,0.1518519693861764,0.07577899965286862
1,5,16,False,1,BruteForce,0,Benign,0.5524381140781768,0.14728676648576886,0.5744545563340866
1,5,16,False,1,BruteForce,1,BruteForce,0.025844078169420165,0.19994471700564062,0.023981889028737272
1,5,16,False,1,BruteForce,2,DDoS,0.15158734887797803,0.07746457746173284,0.12414438639312116
1,5,16,False,1,BruteForce,3,DoS,0.02007616832260934,0.03943764411979954,0.031614801917984124
1,5,16,False,1,BruteForce,4,Mirai,0.01591390220311813,0.1155131851081085,0.0186004018028425
1,5,16,False,1,BruteForce,5,Recon,0.021648318218912044,0.10697674325611439,0.023643384612350504
1,5,16,False,1,BruteForce,6,Spoofing,0.12290147268197067,0.12510811400283312,0.11807850717401792
1,5,16,False,1,BruteForce,7,Web-Based,0.08959059744781485,0.1882682525600021,0.08548207273686008
1,5,16,False,2,DDoS,0,Benign,0.16723400465969385,0.08141992314739303,0.1741260159576502
1,5,16,False,2,DDoS,1,BruteForce,0.014496977458112764,0.05163084471659006,0.020852015820541595
1,5,16,False,2,DDoS,2,DDoS,0.7084100734431498,0.5391614197922195,0.6737905432890671
1,5,16,False,2,DDoS,3,DoS,0.017479649136874977,0.06354731096242147,0.028548930532557998
1,5,16,False,2,DDoS,4,Mirai,0.009850820079305116,0.08389506073605893,0.014523519766539204
1,5,16,False,2,DDoS,5,Recon,0.010708417170772548,0.06510495397280701,0.012179546227798073
1,5,16,False,2,DDoS,6,Spoofing,0.04020961822928433,0.0650032814804861,0.04110077740829184
1,5,16,False,2,DDoS,7,Web-Based,0.03161043982280677,0.050237205192024036,0.03487865099755404
1,5,16,False,3,DoS,0,Benign,0.10042911000438128,0.08663711337212703,0.14296338459993616
1,5,16,False,3,DoS,1,BruteForce,0.018278697422222438,0.08560681133484727,0.028642659897336577
1,5,16,False,3,DoS,2,DDoS,0.2823746340720469,0.11448514295403894,0.3066166315495205
1,5,16,False,3,DoS,3,DoS,0.49800565816117265,0.3923437554333615,0.39191929596958774
1,5,16,False,3,DoS,4,Mirai,0.010637409769771134,0.12353693221813213,0.017658223094010092
1,5,16,False,3,DoS,5,Recon,0.009255758474736156,0.06167411813850687,0.013790035974995387
1,5,16,False,3,DoS,6,Spoofing,0.052220288468048305,0.09409155456005916,0.05532115693381596
1,5,16,False,3,DoS,7,Web-Based,0.02879844362762115,0.041624571988927044,0.0430886119807976
1,5,16,False,4,Mirai,0,Benign,0.5029385561359646,0.15442436290993997,0.5206070171457508
1,5,16,False,4,Mirai,1,BruteForce,0.023870384066968293,0.16663162668363707,0.023978315131557546
1,5,16,False,4,Mirai,2,DDoS,0.21452794240057657,0.09353930809827801,0.1769630014019333
1,5,16,False,4,Mirai,3,DoS,0.03623881813153165,0.06632314493013693,0.05453570918791254
1,5,16,False,4,Mirai,4,Mirai,0.016766291652586647,0.139865865374906,0.01941199305439611
1,5,16,False,4,Mirai,5,Recon,0.01932193079670043,0.08933333070145018,0.02135227064962333
1,5,16,False,4,Mirai,6,Spoofing,0.1131223375852992,0.12731451663308738,0.1063665389238147
1,5,16,False,4,Mirai,7,Web-Based,0.07321373923037258,0.1625678446685644,0.07678515450501171
1,5,16,False,5,Recon,0,Benign,0.5487550670255482,0.14104514429833345,0.5716181821311552
1,5,16,False,5,Recon,1,BruteForce,0.025998213614980035,0.18235501882345725,0.024593033053676886
1,5,16,False,5,Recon,2,DDoS,0.14463649014320368,0.07628856889314145,0.12484120043291991
1,5,16,False,5,Recon,3,DoS,0.02155631017669804,0.04001097449838972,0.03375637061389429
1,5,16,False,5,Recon,4,Mirai,0.015496736488757108,0.11092691770819167,0.01840659021605707
1,5,16,False,5,Recon,5,Recon,0.030839470639347413,0.1308891909906823,0.02445099893113418
1,5,16,False,5,Recon,6,Spoofing,0.12044338132243555,0.12520666614517126,0.1158587790935409
1,5,16,False,5,Recon,7,Web-Based,0.09227433058903012,0.19327751864263293,0.08647484552762154
1,5,16,False,6,Spoofing,0,Benign,0.5769009415912545,0.17897876950687722,0.5684098316127797
1,5,16,False,6,Spoofing,1,BruteForce,0.021848424096162004,0.14620311819381915,0.022899105575981814
1,5,16,False,6,Spoofing,2,DDoS,0.12943222264482285,0.06973828189536913,0.11984449504853653
1,5,16,False,6,Spoofing,3,DoS,0.021423928314110125,0.04398566004569343,0.04571222361566175
1,5,16,False,6,Spoofing,4,Mirai,0.01573748633785332,0.12184867644027336,0.019652787043212223
1,5,16,False,6,Spoofing,5,Recon,0.023667754978275734,0.13430503260181803,0.02456865175624679
1,5,16,False,6,Spoofing,6,Spoofing,0.13075886691159336,0.13952954924092997,0.11996086300199292
1,5,16,False,6,Spoofing,7,Web-Based,0.08023037512592807,0.16541091207521966,0.0789520423455883
1,5,16,False,7,Web-Based,0,Benign,0.5679413960369815,0.1729520561354983,0.5714476609725303
1,5,16,False,7,Web-Based,1,BruteForce,0.023388570715479447,0.15306511621217125,0.023310026981546425
1,5,16,False,7,Web-Based,2,DDoS,0.14368274612016443,0.07736118004549669,0.1346747131750776
1,5,16,False,7,Web-Based,3,DoS,0.0206917950557355,0.03943529532740323,0.03355962287673245
1,5,16,False,7,Web-Based,4,Mirai,0.016237727322640096,0.12292968032340815,0.019237949411600824
1,5,16,False,7,Web-Based,5,Recon,0.02237923406186247,0.12177614656997146,0.02394913990804512
1,5,16,False,7,Web-Based,6,Spoofing,0.12009878755390312,0.13353834465984182,0.11199076947497222
1,5,16,False,7,Web-Based,7,Web-Based,0.08557974313323345,0.17894218072620918,0.08183011719949508
1,5,17,True,0,Benign,0,Benign,0.07981025978363289,0.18315486245656135,0.286889015939312
1,5,17,True,0,Benign,1,BruteForce,0.29590195941604974,0.13766299223155576,0.014141176556226539
1,5,17,True,0,Benign,2,DDoS,0.06419079116880656,0.08702289468207966,0.03934222345283236
1,5,17,True,0,Benign,3,DoS,0.07674370420784217,0.058892155941522896,0.07510850393543397
1,5,17,True,0,Benign,4,Mirai,0.0901277662169589,0.11947472536332539,0.4623639116782699
1,5,17,True,0,Benign,5,Recon,0.0536915029213973,0.1264309956057216,0.012580999550135604
1,5,17,True,0,Benign,6,Spoofing,0.058186740030505696,0.13550940433305686,0.01989494697695438
1,5,17,True,0,Benign,7,Web-Based,0.28134727625480677,0.1518519693861764,0.08967922191083538
1,5,17,True,1,BruteForce,0,Benign,0.07653924919465487,0.14728676648576886,0.26788477225842416
1,5,17,True,1,BruteForce,1,BruteForce,0.29730534406900494,0.19994471700564062,0.01355950147760995
1,5,17,True,1,BruteForce,2,DDoS,0.0625494691643101,0.07746457746173284,0.023824451384301438
1,5,17,True,1,BruteForce,3,DoS,0.07590683560251481,0.03943764411979954,0.021147476688527626
1,5,17,True,1,BruteForce,4,Mirai,0.09218713265113483,0.1155131851081085,0.5076466959494363
1,5,17,True,1,BruteForce,5,Recon,0.05198909745298962,0.10697674325611439,0.01194216929091869
1,5,17,True,1,BruteForce,6,Spoofing,0.05713763870120156,0.12510811400283312,0.021224212398854504
1,5,17,True,1,BruteForce,7,Web-Based,0.28638523316418923,0.1882682525600021,0.1327707205519274
1,5,17,True,2,DDoS,0,Benign,0.07622306070337466,0.08141992314739303,0.09965223464425019
1,5,17,True,2,DDoS,1,BruteForce,0.3075641717518084,0.05163084471659006,0.016912555800301876
1,5,17,True,2,DDoS,2,DDoS,0.07465495553614203,0.5391614197922195,0.5916063038604549
1,5,17,True,2,DDoS,3,DoS,0.08602698437221151,0.06354731096242147,0.059647025808189195
1,5,17,True,2,DDoS,4,Mirai,0.08283870452708983,0.08389506073605893,0.16515504529755384
1,5,17,True,2,DDoS,5,Recon,0.05620898593254333,0.06510495397280701,0.010300366663951063
1,5,17,True,2,DDoS,6,Spoofing,0.05699911379485831,0.0650032814804861,0.011752445730340406
1,5,17,True,2,DDoS,7,Web-Based,0.259484023381972,0.050237205192024036,0.04497402219495862
1,5,17,True,3,DoS,0,Benign,0.06622207386735011,0.08663711337212703,0.05992432340690582
1,5,17,True,3,DoS,1,BruteForce,0.29373566149527286,0.08560681133484727,0.02264921063857181
1,5,17,True,3,DoS,2,DDoS,0.06704365438702838,0.11448514295403894,0.09107857185936827
1,5,17,True,3,DoS,3,DoS,0.09345878255198269,0.3923437554333615,0.6004928338303238
1,5,17,True,3,DoS,4,Mirai,0.0909340271639676,0.12353693221813213,0.16149540713187366
1,5,17,True,3,DoS,5,Recon,0.04918517261486069,0.06167411813850687,0.011963184394358726
1,5,17,True,3,DoS,6,Spoofing,0.06334956547131311,0.09409155456005916,0.014793874814484666
1,5,17,True,3,DoS,7,Web-Based,0.27607106244822455,0.041624571988927044,0.037602593924113276
1,5,17,True,4,Mirai,0,Benign,0.07602365573317815,0.15442436290993997,0.24452659773493632
1,5,17,True,4,Mirai,1,BruteForce,0.2964263644778856,0.16663162668363707,0.012452768444411106
1,5,17,True,4,Mirai,2,DDoS,0.06394297887167483,0.09353930809827801,0.02989616356771772
1,5,17,True,4,Mirai,3,DoS,0.07717751037777736,0.06632314493013693,0.03160659118771453
1,5,17,True,4,Mirai,4,Mirai,0.09388279613880869,0.139865865374906,0.5618601648015825
1,5,17,True,4,Mirai,5,Recon,0.05135850577548279,0.08933333070145018,0.011154268779432132
1,5,17,True,4,Mirai,6,Spoofing,0.05844356839759642,0.12731451663308738,0.01860752929236095
1,5,17,True,4,Mirai,7,Web-Based,0.28274462022759617,0.1625678446685644,0.0898959161918447
1,5,17,True,5,Recon,0,Benign,0.07563402517105029,0.14104514429833345,0.25952094279778837
1,5,17,True,5,Recon,1,BruteForce,0.29663436638914364,0.18235501882345725,0.013930722871897163
1,5,17,True,5,Recon,2,DDoS,0.06312229697730593,0.07628856889314145,0.02460110721417558
1,5,17,True,5,Recon,3,DoS,0.07626788659042642,0.04001097449838972,0.026782891227141448
1,5,17,True,5,Recon,4,Mirai,0.0924067008928463,0.11092691770819167,0.5082181784870103
1,5,17,True,5,Recon,5,Recon,0.05233809174476854,0.1308891909906823,0.011940778991640274
1,5,17,True,5,Recon,6,Spoofing,0.05604128146534743,0.12520666614517126,0.02098337634349378
1,5,17,True,5,Recon,7,Web-Based,0.28755535076911154,0.19327751864263293,0.1340220020668531
1,5,17,True,6,Spoofing,0,Benign,0.07952624546705706,0.17897876950687722,0.302606185767156
1,5,17,True,6,Spoofing,1,BruteForce,0.2943389882984201,0.14620311819381915,0.013507241985149722
1,5,17,True,6,Spoofing,2,DDoS,0.06336330208223749,0.06973828189536913,0.025089976437142267
1,5,17,True,6,Spoofing,3,DoS,0.07587459833794745,0.04398566004569343,0.04117615354337931
1,5,17,True,6,Spoofing,4,Mirai,0.09114179372800661,0.12184867644027336,0.48033069048874455
1,5,17,True,6,Spoofing,5,Recon,0.054345719024291285,0.13430503260181803,0.013000229641819839
1,5,17,True,6,Spoofing,6,Spoofing,0.060264376817648097,0.13952954924092997,0.021249318788605573
1,5,17,True,6,Spoofing,7,Web-Based,0.2811449762443919,0.16541091207521966,0.10304020334800273
1,5,17,True,7,Web-Based,0,Benign,0.07900958965938208,0.1729520561354983,0.28968093350244056
1,5,17,True,7,Web-Based,1,BruteForce,0.29314798940021897,0.15306511621217125,0.013761211173983294
1,5,17,True,7,Web-Based,2,DDoS,0.06367493799923594,0.07736118004549669,0.027595103491214332
1,5,17,True,7,Web-Based,3,DoS,0.07613626442351792,0.03943529532740323,0.021580846561655005
1,5,17,True,7,Web-Based,4,Mirai,0.09170181918286734,0.12292968032340815,0.5045295700101171
1,5,17,True,7,Web-Based,5,Recon,0.053125291692282105,0.12177614656997146,0.012630118921325022
1,5,17,True,7,Web-Based,6,Spoofing,0.057688319112861076,0.13353834465984182,0.020622524472812886
1,5,17,True,7,Web-Based,7,Web-Based,0.28551578852963466,0.17894218072620918,0.10959969186645173
1,5,18,True,0,Benign,0,Benign,0.08015754896276212,0.18315486245656135,0.06003669693124527
1,5,18,True,0,Benign,1,BruteForce,0.32589241229385424,0.13766299223155576,0.015925282420627428
1,5,18,True,0,Benign,2,DDoS,0.06951608943995395,0.08702289468207966,0.1752512081883567
1,5,18,True,0,Benign,3,DoS,0.05495484494361274,0.058892155941522896,0.05925209115095998
1,5,18,True,0,Benign,4,Mirai,0.08767885587588525,0.11947472536332539,0.2680656923199855
1,5,18,True,0,Benign,5,Recon,0.06256329550725102,0.1264309956057216,0.10830681306316478
1,5,18,True,0,Benign,6,Spoofing,0.06270928980891859,0.13550940433305686,0.1953149492678493
1,5,18,True,0,Benign,7,Web-Based,0.25652766316776215,0.1518519693861764,0.11784726665781116
1,5,18,True,1,BruteForce,0,Benign,0.07399313424209,0.14728676648576886,0.05985143394031293
1,5,18,True,1,BruteForce,1,BruteForce,0.34101394784383326,0.19994471700564062,0.015592786599150038
1,5,18,True,1,BruteForce,2,DDoS,0.06935166991362648,0.07746457746173284,0.1289359280752761
1,5,18,True,1,BruteForce,3,DoS,0.053676830002989326,0.03943764411979954,0.02215712225230054
1,5,18,True,1,BruteForce,4,Mirai,0.08717383190434104,0.1155131851081085,0.317016468517998
1,5,18,True,1,BruteForce,5,Recon,0.05938254470292522,0.10697674325611439,0.11847456578080608
1,5,18,True,1,BruteForce,6,Spoofing,0.059039450604950375,0.12510811400283312,0.18611693944709506
1,5,18,True,1,BruteForce,7,Web-Based,0.25636859078524427,0.1882682525600021,0.15185475538706122
1,5,18,True,2,DDoS,0,Benign,0.08094140719009899,0.08141992314739303,0.029062631855855094
1,5,18,True,2,DDoS,1,BruteForce,0.30566802930249326,0.05163084471659006,0.016288194304989984
1,5,18,True,2,DDoS,2,DDoS,0.08339819803900098,0.5391614197922195,0.6648201106739219
1,5,18,True,2,DDoS,3,DoS,0.072631325925017,0.06354731096242147,0.034976272066712825
1,5,18,True,2,DDoS,4,Mirai,0.07832692768101095,0.08389506073605893,0.096397978138924
1,5,18,True,2,DDoS,5,Recon,0.06504548500238565,0.06510495397280701,0.05429758367867338
1,5,18,True,2,DDoS,6,Spoofing,0.06973046887368015,0.0650032814804861,0.056696095005218945
1,5,18,True,2,DDoS,7,Web-Based,0.24425815798631315,0.050237205192024036,0.047461134275703955
1,5,18,True,3,DoS,0,Benign,0.059867085464521595,0.08663711337212703,0.02066310555668643
1,5,18,True,3,DoS,1,BruteForce,0.28914731510836206,0.08560681133484727,0.023275818268509742
1,5,18,True,3,DoS,2,DDoS,0.07601407758028121,0.11448514295403894,0.258822317646216
1,5,18,True,3,DoS,3,DoS,0.09293795333539762,0.3923437554333615,0.4234930144571863
1,5,18,True,3,DoS,4,Mirai,0.09524322942818546,0.12353693221813213,0.09426692062515364
1,5,18,True,3,DoS,5,Recon,0.052961280588283345,0.06167411813850687,0.039583359254818457
1,5,18,True,3,DoS,6,Spoofing,0.06535269002440716,0.09409155456005916,0.08592159588391285
1,5,18,True,3,DoS,7,Web-Based,0.2684763684705616,0.041624571988927044,0.05397386830751663
1,5,18,True,4,Mirai,0,Benign,0.07510650840932537,0.15442436290993997,0.05628407963491555
1,5,18,True,4,Mirai,1,BruteForce,0.33170020672580836,0.16663162668363707,0.01544059660104304
1,5,18,True,4,Mirai,2,DDoS,0.07113509449230332,0.09353930809827801,0.15448560210473708
1,5,18,True,4,Mirai,3,DoS,0.055434049694263694,0.06632314493013693,0.04912073475735243
1,5,18,True,4,Mirai,4,Mirai,0.09231226211583027,0.139865865374906,0.3346982396821286
1,5,18,True,4,Mirai,5,Recon,0.05704445300209969,0.08933333070145018,0.09483282830803735
1,5,18,True,4,Mirai,6,Spoofing,0.061578180457516854,0.12731451663308738,0.17399327749416404
1,5,18,True,4,Mirai,7,Web-Based,0.2556892451028525,0.1625678446685644,0.12114464141762199
1,5,18,True,5,Recon,0,Benign,0.07316176753397481,0.14104514429833345,0.05812312447001411
1,5,18,True,5,Recon,1,BruteForce,0.33958865472406297,0.18235501882345725,0.015691333544148797
1,5,18,True,5,Recon,2,DDoS,0.069600222921388,0.07628856889314145,0.122115431082052
1,5,18,True,5,Recon,3,DoS,0.053809651311897626,0.04001097449838972,0.022574914676715394
1,5,18,True,5,Recon,4,Mirai,0.08737447437889025,0.11092691770819167,0.3151549157088511
1,5,18,True,5,Recon,5,Recon,0.060814685972963106,0.1308891909906823,0.13887600447012433
1,5,18,True,5,Recon,6,Spoofing,0.05728926158984555,0.12520666614517126,0.17694869786890408
1,5,18,True,5,Recon,7,Web-Based,0.25836128156697774,0.19327751864263293,0.15051557817919023
1,5,18,True,6,Spoofing,0,Benign,0.07912740584209686,0.17897876950687722,0.06170834865848539
1,5,18,True,6,Spoofing,1,BruteForce,0.3237894163238498,0.14620311819381915,0.015800834351637857
1,5,18,True,6,Spoofing,2,DDoS,0.06752486139231809,0.06973828189536913,0.1232908717829644
1,5,18,True,6,Spoofing,3,DoS,0.05346349291958023,0.04398566004569343,0.04271692378464614
1,5,18,True,6,Spoofing,4,Mirai,0.0892077978941053,0.12184867644027336,0.2729913861731602
1,5,18,True,6,Spoofing,5,Recon,0.06384382398861005,0.13430503260181803,0.11501973307918247
1,5,18,True,6,Spoofing,6,Spoofing,0.06477526597313817,0.13952954924092997,0.23591856384237125
1,5,18,True,6,Spoofing,7,Web-Based,0.2582679356663016,0.16541091207521966,0.13255333832755234
1,5,18,True,7,Web-Based,0,Benign,0.07825519791041176,0.1729520561354983,0.06290869206457517
1,5,18,True,7,Web-Based,1,BruteForce,0.3307013983435995,0.15306511621217125,0.015319260554912553
1,5,18,True,7,Web-Based,2,DDoS,0.06922176600189778,0.07736118004549669,0.14188922350994165
1,5,18,True,7,Web-Based,3,DoS,0.05360842433834151,0.03943529532740323,0.02459099334319162
1,5,18,True,7,Web-Based,4,Mirai,0.08781251991495047,0.12292968032340815,0.31275061179402036
1,5,18,True,7,Web-Based,5,Recon,0.06142149570911808,0.12177614656997146,0.11708161224186986
1,5,18,True,7,Web-Based,6,Spoofing,0.060842869425418805,0.13353834465984182,0.1881912653758733
1,5,18,True,7,Web-Based,7,Web-Based,0.25813632835626216,0.17894218072620918,0.13726834111561545
1,5,19,False,0,Benign,0,Benign,0.09532868972279156,0.18315486245656135,0.08823387665806656
1,5,19,False,0,Benign,1,BruteForce,0.0125683040130827,0.13766299223155576,0.01888932090882132
1,5,19,False,0,Benign,2,DDoS,0.18774055078075455,0.08702289468207966,0.2429632693628746
1,5,19,False,0,Benign,3,DoS,0.052580412140412265,0.058892155941522896,0.08348141086570714
1,5,19,False,0,Benign,4,Mirai,0.015772035440237735,0.11947472536332539,0.019610591700312093
1,5,19,False,0,Benign,5,Recon,0.13742511831115026,0.1264309956057216,0.17813600008336025
1,5,19,False,0,Benign,6,Spoofing,0.48344150316968965,0.13550940433305686,0.3497237577388485
1,5,19,False,0,Benign,7,Web-Based,0.01514338642188138,0.1518519693861764,0.018961772682009412
1,5,19,False,1,BruteForce,0,Benign,0.10084912942544372,0.14728676648576886,0.09913790567731263
1,5,19,False,1,BruteForce,1,BruteForce,0.012813491013914838,0.19994471700564062,0.018064839186361405
1,5,19,False,1,BruteForce,2,DDoS,0.17459597848736053,0.07746457746173284,0.20349844104536582
1,5,19,False,1,BruteForce,3,DoS,0.019446250155410457,0.03943764411979954,0.02784390523462867
1,5,19,False,1,BruteForce,4,Mirai,0.016094486995236107,0.1155131851081085,0.01950739318485699
1,5,19,False,1,BruteForce,5,Recon,0.126028756804033,0.10697674325611439,0.2187069857341637
1,5,19,False,1,BruteForce,6,Spoofing,0.5346167046091821,0.12510811400283312,0.3939871007678026
1,5,19,False,1,BruteForce,7,Web-Based,0.015555202509419259,0.1882682525600021,0.019253429169508115
1,5,19,False,2,DDoS,0,Benign,0.03081386060428862,0.08141992314739303,0.03767276258733159
1,5,19,False,2,DDoS,1,BruteForce,0.00946221663281649,0.05163084471659006,0.016056824115162807
1,5,19,False,2,DDoS,2,DDoS,0.7164360287233742,0.5391614197922195,0.6882905537192153
1,5,19,False,2,DDoS,3,DoS,0.035369487909726285,0.06354731096242147,0.048163516725315256
1,5,19,False,2,DDoS,4,Mirai,0.0101272402444118,0.08389506073605893,0.016534657503638764
1,5,19,False,2,DDoS,5,Recon,0.06463817252353374,0.06510495397280701,0.07958947246139361
1,5,19,False,2,DDoS,6,Spoofing,0.1260943468271958,0.0650032814804861,0.10282389900793108
1,5,19,False,2,DDoS,7,Web-Based,0.007058646534653134,0.050237205192024036,0.010868313880011578
1,5,19,False,3,DoS,0,Benign,0.013924175914767117,0.08663711337212703,0.020026217259025727
1,5,19,False,3,DoS,1,BruteForce,0.0141921474587065,0.08560681133484727,0.025034336214780212
1,5,19,False,3,DoS,2,DDoS,0.19775150786047843,0.11448514295403894,0.20879855364634697
1,5,19,False,3,DoS,3,DoS,0.6641684950249958,0.3923437554333615,0.5733914465592493
1,5,19,False,3,DoS,4,Mirai,0.009061160703927955,0.12353693221813213,0.015936369513321242
1,5,19,False,3,DoS,5,Recon,0.027865359985073657,0.06167411813850687,0.0464978550774566
1,5,19,False,3,DoS,6,Spoofing,0.06657741819551141,0.09409155456005916,0.09841889403122607
1,5,19,False,3,DoS,7,Web-Based,0.006459734856539252,0.041624571988927044,0.011896327698594002
1,5,19,False,4,Mirai,0,Benign,0.09062812276135063,0.15442436290993997,0.09167101573892925
1,5,19,False,4,Mirai,1,BruteForce,0.013108924950112998,0.16663162668363707,0.019798226119701657
1,5,19,False,4,Mirai,2,DDoS,0.25532800051275967,0.09353930809827801,0.2596567372868506
1,5,19,False,4,Mirai,3,DoS,0.05187463774895688,0.06632314493013693,0.07104045203391178
1,5,19,False,4,Mirai,4,Mirai,0.018361657233880443,0.139865865374906,0.021280885764181936
1,5,19,False,4,Mirai,5,Recon,0.1023478648723977,0.08933333070145018,0.16300272388462222
1,5,19,False,4,Mirai,6,Spoofing,0.45380640562924374,0.12731451663308738,0.35435016413821613
1,5,19,False,4,Mirai,7,Web-Based,0.014544386291297902,0.1625678446685644,0.019199795033586476
1,5,19,False,5,Recon,0,Benign,0.10005696499270754,0.14104514429833345,0.09760074570728806
1,5,19,False,5,Recon,1,BruteForce,0.012314208721942147,0.18235501882345725,0.01785633303978797
1,5,19,False,5,Recon,2,DDoS,0.16823284537493677,0.07628856889314145,0.1952643830935358
1,5,19,False,5,Recon,3,DoS,0.02046113837050296,0.04001097449838972,0.02951280555912488
1,5,19,False,5,Recon,4,Mirai,0.014670997550623918,0.11092691770819167,0.019269203289343086
1,5,19,False,5,Recon,5,Recon,0.18445459843399328,0.1308891909906823,0.24910730652688962
1,5,19,False,5,Recon,6,Spoofing,0.48455094448350916,0.12520666614517126,0.37247809202891285
1,5,19,False,5,Recon,7,Web-Based,0.015258302071784304,0.19327751864263293,0.018911130755117668
1,5,19,False,6,Spoofing,0,Benign,0.09791260478159033,0.17897876950687722,0.09459257177217283
1,5,19,False,6,Spoofing,1,BruteForce,0.011503830341254783,0.14620311819381915,0.018608910498152272
1,5,19,False,6,Spoofing,2,DDoS,0.13983956640811535,0.06973828189536913,0.18479530680509787
1,5,19,False,6,Spoofing,3,DoS,0.03573493459512646,0.04398566004569343,0.06258030746707754
1,5,19,False,6,Spoofing,4,Mirai,0.01512948958613208,0.12184867644027336,0.01943747529338753
1,5,19,False,6,Spoofing,5,Recon,0.1559169117694419,0.13430503260181803,0.19519971533553404
1,5,19,False,6,Spoofing,6,Spoofing,0.5291521472350861,0.13952954924092997,0.405441605634872
1,5,19,False,6,Spoofing,7,Web-Based,0.014810515283253113,0.16541091207521966,0.01934410719370588
1,5,19,False,7,Web-Based,0,Benign,0.10504936535286664,0.1729520561354983,0.1007990821887821
1,5,19,False,7,Web-Based,1,BruteForce,0.012001269943949143,0.15306511621217125,0.018501421292924862
1,5,19,False,7,Web-Based,2,DDoS,0.17968293110157452,0.07736118004549669,0.2250672477616476
1,5,19,False,7,Web-Based,3,DoS,0.028020940301818984,0.03943529532740323,0.03364515979787337
1,5,19,False,7,Web-Based,4,Mirai,0.01598307027368236,0.12292968032340815,0.019942477727555873
1,5,19,False,7,Web-Based,5,Recon,0.1439009112672107,0.12177614656997146,0.2106561159097662
1,5,19,False,7,Web-Based,6,Spoofing,0.49961743194052766,0.13353834465984182,0.37142243101012146
1,5,19,False,7,Web-Based,7,Web-Based,0.015744079818370053,0.17894218072620918,0.01996606431132858
2,6,0,False,0,Benign,0,Benign,0.27905524132237225,0.17693810049742373,0.26278178160925625
2,6,0,False,0,Benign,1,BruteForce,0.09023320588065675,0.14979887260804978,0.05988172549568824
2,6,0,False,0,Benign,2,DDoS,0.009152605189962824,0.08421134103810902,0.017071578120114936
2,6,0,False,0,Benign,3,DoS,0.1485874049106819,0.08136637455578678,0.1844970353632558
2,6,0,False,0,Benign,4,Mirai,0.29208060881841685,0.11632792024360301,0.2918442271356306
2,6,0,False,0,Benign,5,Recon,0.13807372113531163,0.11320834628121339,0.14228985307871034
2,6,0,False,0,Benign,6,Spoofing,0.0228307546601759,0.13967471975489198,0.020855983251581833
2,6,0,False,0,Benign,7,Web-Based,0.019986458082421964,0.13847432502092244,0.020777815945762
2,6,0,False,1,BruteForce,0,Benign,0.23618873237296356,0.14922067755415444,0.2656430290659468
2,6,0,False,1,BruteForce,1,BruteForce,0.17235419612270264,0.2362847852854619,0.08753372719811156
2,6,0,False,1,BruteForce,2,DDoS,0.010250089943337114,0.06756333878072705,0.012764178493417473
2,6,0,False,1,BruteForce,3,DoS,0.06394810176154328,0.03793922652664536,0.07678476689708104
2,6,0,False,1,BruteForce,4,Mirai,0.3318260111232483,0.11690508127046449,0.3325634123379524
2,6,0,False,1,BruteForce,5,Recon,0.13273167905206715,0.08565534599836104,0.17508103946245743
2,6,0,False,1,BruteForce,6,Spoofing,0.023445144492445398,0.12651483297540306,0.022715882767572422
2,6,0,False,1,BruteForce,7,Web-Based,0.029256045131692623,0.17991671160878267,0.026913963777460977
2,6,0,False,2,DDoS,0,Benign,0.07112032338158868,0.08150019156428369,0.10478185413533818
2,6,0,False,2,DDoS,1,BruteForce,0.03269594404468893,0.05181645442710665,0.03363773507810239
2,6,0,False,2,DDoS,2,DDoS,0.5792369483583906,0.5524647011408362,0.4555644832146435
2,6,0,False,2,DDoS,3,DoS,0.10959604903514074,0.05326100463026133,0.16267828503382503
2,6,0,False,2,DDoS,4,Mirai,0.127638132105069,0.08663878944164456,0.13805545173557351
2,6,0,False,2,DDoS,5,Recon,0.059582441714641075,0.06719836925868643,0.07114814746332884
2,6,0,False,2,DDoS,6,Spoofing,0.009686101780072998,0.0608883086796463,0.014144695575032938
2,6,0,False,2,DDoS,7,Web-Based,0.010444059580408054,0.04623218085753486,0.019989347764155587
2,6,0,False,3,DoS,0,Benign,0.020421637951703334,0.0753178709785007,0.031183219318431078
2,6,0,False,3,DoS,1,BruteForce,0.016216360221796518,0.08010054337340382,0.016828722475000998
2,6,0,False,3,DoS,2,DDoS,0.02330831793780394,0.11008626580601007,0.02177625241987036
2,6,0,False,3,DoS,3,DoS,0.8885103997116736,0.4615013670672155,0.8446218761534362
2,6,0,False,3,DoS,4,Mirai,0.024641639692109907,0.10579379174264572,0.0431461770917808
2,6,0,False,3,DoS,5,Recon,0.017399557198880977,0.058233485083888696,0.026358258254224377
2,6,0,False,3,DoS,6,Spoofing,0.005432120471578445,0.07710588433189658,0.00856158772017071
2,6,0,False,3,DoS,7,Web-Based,0.004069966814453165,0.031860791616438976,0.007523906567085566
2,6,0,False,4,Mirai,0,Benign,0.22883863989235442,0.14790815074423336,0.25716740971373475
2,6,0,False,4,Mirai,1,BruteForce,0.08469641507399096,0.18126762877239194,0.06214343396007815
2,6,0,False,4,Mirai,2,DDoS,0.011201813194180704,0.09066300307627478,0.01386823720359379
2,6,0,False,4,Mirai,3,DoS,0.07371286205578753,0.07114089165485767,0.149772069756984
2,6,0,False,4,Mirai,4,Mirai,0.4873493819033725,0.14251175004993233,0.3716587945662579
2,6,0,False,4,Mirai,5,Recon,0.07410741333039374,0.08649432086225553,0.10328053476161966
2,6,0,False,4,Mirai,6,Spoofing,0.022972719569427143,0.12470438539374229,0.02136984537726492
2,6,0,False,4,Mirai,7,Web-Based,0.017120754980493046,0.1553098694463121,0.020739674660466896
2,6,0,False,5,Recon,0,Benign,0.2141830861179658,0.1444135165606184,0.24724985801781527
2,6,0,False,5,Recon,1,BruteForce,0.15203106528186833,0.21405267512036602,0.0851020256366411
2,6,0,False,5,Recon,2,DDoS,0.009539742905675814,0.06607869149218892,0.012058303129683059
2,6,0,False,5,Recon,3,DoS,0.08771727719811791,0.03902616847265339,0.0998195894281689
2,6,0,False,5,Recon,4,Mirai,0.27012695973434553,0.11289513842898172,0.3057203541264973
2,6,0,False,5,Recon,5,Recon,0.21403031206988074,0.1187985050575555,0.20288978965026663
2,6,0,False,5,Recon,6,Spoofing,0.022400217490746777,0.12279812808295813,0.021513182207612613
2,6,0,False,5,Recon,7,Web-Based,0.029971339201399064,0.18193717678467786,0.025646897803315197
2,6,0,False,6,Spoofing,0,Benign,0.2692184524218051,0.1686428320227216,0.27290338038420653
2,6,0,False,6,Spoofing,1,BruteForce,0.11245990717224845,0.17033536834541566,0.06470870055203756
2,6,0,False,6,Spoofing,2,DDoS,0.008956703371650864,0.060745503092817184,0.012183481902706246
2,6,0,False,6,Spoofing,3,DoS,0.09058541180951978,0.050727351108552865,0.14846015901941642
2,6,0,False,6,Spoofing,4,Mirai,0.3026230098654793,0.11892116061544,0.2955883962719409
2,6,0,False,6,Spoofing,5,Recon,0.1624642467045454,0.12274330028226307,0.16073231861293877
2,6,0,False,6,Spoofing,6,Spoofing,0.02871003580261386,0.1540157195290166,0.022702443629196753
2,6,0,False,6,Spoofing,7,Web-Based,0.02498223285213717,0.15386876500377292,0.02272111962755682
2,6,0,False,7,Web-Based,0,Benign,0.2654787583921394,0.174695354055262,0.2828623583119801
2,6,0,False,7,Web-Based,1,BruteForce,0.09900750873989152,0.1736301181414037,0.06785994904824477
2,6,0,False,7,Web-Based,2,DDoS,0.010663138090315025,0.06851354548194105,0.014249287961015595
2,6,0,False,7,Web-Based,3,DoS,0.07074388435440108,0.0411921787262153,0.10621673236144319
2,6,0,False,7,Web-Based,4,Mirai,0.3852044915768301,0.12283303967931077,0.34482029681020887
2,6,0,False,7,Web-Based,5,Recon,0.12147542413900463,0.11232978634720575,0.13843233178161277
2,6,0,False,7,Web-Based,6,Spoofing,0.025043449157428514,0.1357879108144713,0.022295377231029485
2,6,0,False,7,Web-Based,7,Web-Based,0.022383345549989817,0.1710180667541902,0.023263666494465214
2,6,1,True,0,Benign,0,Benign,0.06438803563746423,0.17693810049742373,0.013568399554844724
2,6,1,True,0,Benign,1,BruteForce,0.2757650395542837,0.14979887260804978,0.008605934639372665
2,6,1,True,0,Benign,2,DDoS,0.08933603180822045,0.08421134103810902,0.07444771125811747
2,6,1,True,0,Benign,3,DoS,0.06505472900277066,0.08136637455578678,0.018250106949369942
2,6,1,True,0,Benign,4,Mirai,0.07232559413740054,0.11632792024360301,0.10807574100270502
2,6,1,True,0,Benign,5,Recon,0.10353956617483415,0.11320834628121339,0.2907260211972004
2,6,1,True,0,Benign,6,Spoofing,0.10995173818082725,0.13967471975489198,0.47608512375763967
2,6,1,True,0,Benign,7,Web-Based,0.21963926550419907,0.13847432502092244,0.010240961640750088
2,6,1,True,1,BruteForce,0,Benign,0.06322032480477066,0.14922067755415444,0.012838263384921755
2,6,1,True,1,BruteForce,1,BruteForce,0.27324725315516785,0.2362847852854619,0.008322975190072216
2,6,1,True,1,BruteForce,2,DDoS,0.08300442246532666,0.06756333878072705,0.0486947483017159
2,6,1,True,1,BruteForce,3,DoS,0.0630263988980231,0.03793922652664536,0.011921294151150431
2,6,1,True,1,BruteForce,4,Mirai,0.07439106656169324,0.11690508127046449,0.1105990736221884
2,6,1,True,1,BruteForce,5,Recon,0.1067557453647573,0.08565534599836104,0.29782863486713473
2,6,1,True,1,BruteForce,6,Spoofing,0.11260949670272795,0.12651483297540306,0.5004098369481974
2,6,1,True,1,BruteForce,7,Web-Based,0.22374529204753318,0.17991671160878267,0.00938517353461923
2,6,1,True,2,DDoS,0,Benign,0.06910098688243335,0.08150019156428369,0.010789170177697706
2,6,1,True,2,DDoS,1,BruteForce,0.2811665442917907,0.05181645442710665,0.008010163860307824
2,6,1,True,2,DDoS,2,DDoS,0.11675380263171685,0.5524647011408362,0.6681850151860528
2,6,1,True,2,DDoS,3,DoS,0.06870460887936726,0.05326100463026133,0.02380207038049753
2,6,1,True,2,DDoS,4,Mirai,0.0666145965406124,0.08663878944164456,0.04539266732934675
2,6,1,True,2,DDoS,5,Recon,0.09268385946044626,0.06719836925868643,0.10933311795857123
2,6,1,True,2,DDoS,6,Spoofing,0.09540767139840577,0.0608883086796463,0.12801525908105618
2,6,1,True,2,DDoS,7,Web-Based,0.20956792991522746,0.04623218085753486,0.006472536026470069
2,6,1,True,3,DoS,0,Benign,0.06201847171057631,0.0753178709785007,0.010252218338446022
2,6,1,True,3,DoS,1,BruteForce,0.2751523736630605,0.08010054337340382,0.015216404503898918
2,6,1,True,3,DoS,2,DDoS,0.10078398772127961,0.11008626580601007,0.17155529533872457
2,6,1,True,3,DoS,3,DoS,0.07497851847447587,0.4615013670672155,0.5166624340617575
2,6,1,True,3,DoS,4,Mirai,0.0736711582963852,0.10579379174264572,0.050020635236841596
2,6,1,True,3,DoS,5,Recon,0.09253871863014047,0.058233485083888696,0.05898538021733843
2,6,1,True,3,DoS,6,Spoofing,0.10242309080565162,0.07710588433189658,0.16568625965394038
2,6,1,True,3,DoS,7,Web-Based,0.21843368069843055,0.031860791616438976,0.011621372649052655
2,6,1,True,4,Mirai,0,Benign,0.06339183164009499,0.14790815074423336,0.014618137705013036
2,6,1,True,4,Mirai,1,BruteForce,0.27564194460314556,0.18126762877239194,0.009102412497405885
2,6,1,True,4,Mirai,2,DDoS,0.08782102040753932,0.09066300307627478,0.08760477884375821
2,6,1,True,4,Mirai,3,DoS,0.06460535101675495,0.07114089165485767,0.02267124101393727
2,6,1,True,4,Mirai,4,Mirai,0.07469425677229695,0.14251175004993233,0.15230992245626365
2,6,1,True,4,Mirai,5,Recon,0.10161026942638557,0.08649432086225553,0.21313913990613298
2,6,1,True,4,Mirai,6,Spoofing,0.11146161798458021,0.12470438539374229,0.4892664164272418
2,6,1,True,4,Mirai,7,Web-Based,0.22077370814920239,0.1553098694463121,0.011287951150247227
2,6,1,True,5,Recon,0,Benign,0.06272939963671438,0.1444135165606184,0.011824808752694154
2,6,1,True,5,Recon,1,BruteForce,0.27232640860581936,0.21405267512036602,0.007794146199475564
2,6,1,True,5,Recon,2,DDoS,0.08318584320119736,0.06607869149218892,0.043844228754022566
2,6,1,True,5,Recon,3,DoS,0.06302947099908561,0.03902616847265339,0.011222183207049409
2,6,1,True,5,Recon,4,Mirai,0.07494445873308171,0.11289513842898172,0.10642451725044536
2,6,1,True,5,Recon,5,Recon,0.10802902909376677,0.1187985050575555,0.38581164237960236
2,6,1,True,5,Recon,6,Spoofing,0.1107672195835132,0.12279812808295813,0.42455073847402264
2,6,1,True,5,Recon,7,Web-Based,0.22498817014682168,0.18193717678467786,0.00852773498268801
2,6,1,True,6,Spoofing,0,Benign,0.0638993043496249,0.1686428320227216,0.012756547625364765
2,6,1,True,6,Spoofing,1,BruteForce,0.27476758978580335,0.17033536834541566,0.00793767673279992
2,6,1,True,6,Spoofing,2,DDoS,0.08799746794492282,0.060745503092817184,0.04094354636442861
2,6,1,True,6,Spoofing,3,DoS,0.06532344990517736,0.050727351108552865,0.013276564153364187
2,6,1,True,6,Spoofing,4,Mirai,0.0734335746145946,0.11892116061544,0.10214290260601923
2,6,1,True,6,Spoofing,5,Recon,0.10389475985685777,0.12274330028226307,0.30987281749361173
2,6,1,True,6,Spoofing,6,Spoofing,0.11164298054309457,0.1540157195290166,0.5035233321847596
2,6,1,True,6,Spoofing,7,Web-Based,0.2190408729999247,0.15386876500377292,0.009546612839651922
2,6,1,True,7,Web-Based,0,Benign,0.06392081759908257,0.174695354055262,0.013734158361343934
2,6,1,True,7,Web-Based,1,BruteForce,0.2734057209754154,0.1736301181414037,0.008298821415736183
2,6,1,True,7,Web-Based,2,DDoS,0.08691486294622534,0.06851354548194105,0.05452670758696665
2,6,1,True,7,Web-Based,3,DoS,0.0640792171868901,0.0411921787262153,0.012572142659275492
2,6,1,True,7,Web-Based,4,Mirai,0.07346126390408836,0.12283303967931077,0.12680239855305564
2,6,1,True,7,Web-Based,5,Recon,0.1052912181562526,0.11232978634720575,0.29510931665947837
2,6,1,True,7,Web-Based,6,Spoofing,0.11093727142037334,0.1357879108144713,0.47882548768979566
2,6,1,True,7,Web-Based,7,Web-Based,0.2219896278116723,0.1710180667541902,0.010130967074348123
2,6,2,False,0,Benign,0,Benign,0.1520999419522059,0.17693810049742373,0.15516749217397513
2,6,2,False,0,Benign,1,BruteForce,0.020150203777868594,0.14979887260804978,0.02020697169099876
2,6,2,False,0,Benign,2,DDoS,0.016685140119125627,0.08421134103810902,0.02483690992421998
2,6,2,False,0,Benign,3,DoS,0.011713042715376053,0.08136637455578678,0.021903132373728325
2,6,2,False,0,Benign,4,Mirai,0.2539511823497861,0.11632792024360301,0.3359140225651714
2,6,2,False,0,Benign,5,Recon,0.49513217625619704,0.11320834628121339,0.38273503638041545
2,6,2,False,0,Benign,6,Spoofing,0.028892560153326988,0.13967471975489198,0.03607525256740638
2,6,2,False,0,Benign,7,Web-Based,0.021375752676113496,0.13847432502092244,0.02316118232408474
2,6,2,False,1,BruteForce,0,Benign,0.14022048064451056,0.14922067755415444,0.1467095370191094
2,6,2,False,1,BruteForce,1,BruteForce,0.02879395186964719,0.2362847852854619,0.022985457984859892
2,6,2,False,1,BruteForce,2,DDoS,0.011155539925866959,0.06756333878072705,0.017791320728001596
2,6,2,False,1,BruteForce,3,DoS,0.008649675365126482,0.03793922652664536,0.01686477535592938
2,6,2,False,1,BruteForce,4,Mirai,0.26836135421115787,0.11690508127046449,0.34946964266103686
2,6,2,False,1,BruteForce,5,Recon,0.4852605019118042,0.08565534599836104,0.38500319043422254
2,6,2,False,1,BruteForce,6,Spoofing,0.02721056879939517,0.12651483297540306,0.03336265034182514
2,6,2,False,1,BruteForce,7,Web-Based,0.030347927272491592,0.17991671160878267,0.027813425475015124
2,6,2,False,2,DDoS,0,Benign,0.04628083498172893,0.08150019156428369,0.09243642996206623
2,6,2,False,2,DDoS,1,BruteForce,0.013403401648301333,0.05181645442710665,0.024709175856203476
2,6,2,False,2,DDoS,2,DDoS,0.6173696991997498,0.5524647011408362,0.45204813066914906
2,6,2,False,2,DDoS,3,DoS,0.01369732494323116,0.05326100463026133,0.02210006079565015
2,6,2,False,2,DDoS,4,Mirai,0.12599757815091056,0.08663878944164456,0.18417335762347684
2,6,2,False,2,DDoS,5,Recon,0.15977821497967584,0.06719836925868643,0.17897191068459242
2,6,2,False,2,DDoS,6,Spoofing,0.011254242181327164,0.0608883086796463,0.02380177489314433
2,6,2,False,2,DDoS,7,Web-Based,0.012218703915075254,0.04623218085753486,0.021759159515717497
2,6,2,False,3,DoS,0,Benign,0.02273259734709741,0.0753178709785007,0.07423245721019542
2,6,2,False,3,DoS,1,BruteForce,0.018586328844998435,0.08010054337340382,0.030443967390512406
2,6,2,False,3,DoS,2,DDoS,0.17549198105424926,0.11008626580601007,0.12209621095118063
2,6,2,False,3,DoS,3,DoS,0.5060112587773602,0.4615013670672155,0.2235281468682234
2,6,2,False,3,DoS,4,Mirai,0.1342595260614667,0.10579379174264572,0.24700607328376994
2,6,2,False,3,DoS,5,Recon,0.1138211321315058,0.058233485083888696,0.24790555799165553
2,6,2,False,3,DoS,6,Spoofing,0.01633114578454852,0.07710588433189658,0.029631423152986853
2,6,2,False,3,DoS,7,Web-Based,0.012766029998773748,0.031860791616438976,0.025156163151475817
2,6,2,False,4,Mirai,0,Benign,0.1305444790667903,0.14790815074423336,0.1493377915779523
2,6,2,False,4,Mirai,1,BruteForce,0.020275767648087185,0.18126762877239194,0.01927501948970061
2,6,2,False,4,Mirai,2,DDoS,0.017473482058714178,0.09066300307627478,0.02255940543558527
2,6,2,False,4,Mirai,3,DoS,0.010030599471626093,0.07114089165485767,0.020264412532864148
2,6,2,False,4,Mirai,4,Mirai,0.43940216333465937,0.14251175004993233,0.41690692612713565
2,6,2,False,4,Mirai,5,Recon,0.33663284741834204,0.08649432086225553,0.3150578115032778
2,6,2,False,4,Mirai,6,Spoofing,0.025339497410018712,0.12470438539374229,0.03463700112605171
2,6,2,False,4,Mirai,7,Web-Based,0.02030116359176206,0.1553098694463121,0.021961632207432438
2,6,2,False,5,Recon,0,Benign,0.11896245375860502,0.1444135165606184,0.13991036853333705
2,6,2,False,5,Recon,1,BruteForce,0.026671098370906723,0.21405267512036602,0.022959709159566802
2,6,2,False,5,Recon,2,DDoS,0.010426746787810394,0.06607869149218892,0.01759819314837628
2,6,2,False,5,Recon,3,DoS,0.009439431795300606,0.03902616847265339,0.016998861128553096
2,6,2,False,5,Recon,4,Mirai,0.21370236984485755,0.11289513842898172,0.3418745355520832
2,6,2,False,5,Recon,5,Recon,0.5644310747268936,0.1187985050575555,0.40087168660804506
2,6,2,False,5,Recon,6,Spoofing,0.028634458586931352,0.12279812808295813,0.032696458412240906
2,6,2,False,5,Recon,7,Web-Based,0.027732366128694706,0.18193717678467786,0.027090187457797683
2,6,2,False,6,Spoofing,0,Benign,0.13083791474204906,0.1686428320227216,0.14999845851380175
2,6,2,False,6,Spoofing,1,BruteForce,0.02195450158378158,0.17033536834541566,0.020894841280412003
2,6,2,False,6,Spoofing,2,DDoS,0.009983681289739317,0.060745503092817184,0.01908801949955038
2,6,2,False,6,Spoofing,3,DoS,0.009424725738450537,0.050727351108552865,0.01990548896326303
2,6,2,False,6,Spoofing,4,Mirai,0.22514183546820984,0.11892116061544,0.31733955553989673
2,6,2,False,6,Spoofing,5,Recon,0.5510404361565204,0.12274330028226307,0.4104761713150622
2,6,2,False,6,Spoofing,6,Spoofing,0.028002121422718875,0.1540157195290166,0.03817166657681523
2,6,2,False,6,Spoofing,7,Web-Based,0.023614783598530364,0.15386876500377292,0.024125798311198696
2,6,2,False,7,Web-Based,0,Benign,0.13717995925391477,0.174695354055262,0.15534963756362322
2,6,2,False,7,Web-Based,1,BruteForce,0.022393064736020922,0.1736301181414037,0.01998890373401627
2,6,2,False,7,Web-Based,2,DDoS,0.011395148654957004,0.06851354548194105,0.019995455457424424
2,6,2,False,7,Web-Based,3,DoS,0.008933586421946096,0.0411921787262153,0.017779293256949942
2,6,2,False,7,Web-Based,4,Mirai,0.292875630797328,0.12283303967931077,0.3703569074777412
2,6,2,False,7,Web-Based,5,Recon,0.4758805134099712,0.11232978634720575,0.3576040454011711
2,6,2,False,7,Web-Based,6,Spoofing,0.0266691122595395,0.1357879108144713,0.03456511848490651
2,6,2,False,7,Web-Based,7,Web-Based,0.0246729844663225,0.1710180667541902,0.024360638624167468
2,6,3,False,0,Benign,0,Benign,0.142821405538002,0.17693810049742373,0.11885254276976849
2,6,3,False,0,Benign,1,BruteForce,0.3916498495392561,0.14979887260804978,0.34183347738017056
2,6,3,False,0,Benign,2,DDoS,0.10020410764163432,0.08421134103810902,0.12378352278465309
2,6,3,False,0,Benign,3,DoS,0.030470645072716667,0.08136637455578678,0.044653900704609784
2,6,3,False,0,Benign,4,Mirai,0.17397232727676976,0.11632792024360301,0.22325900240316113
2,6,3,False,0,Benign,5,Recon,0.09536914755485847,0.11320834628121339,0.09131375981835803
2,6,3,False,0,Benign,6,Spoofing,0.027020648284639633,0.13967471975489198,0.02743729080595953
2,6,3,False,0,Benign,7,Web-Based,0.03849186909212295,0.13847432502092244,0.02886650333331943
2,6,3,False,1,BruteForce,0,Benign,0.10473386511442735,0.14922067755415444,0.10422845740096678
2,6,3,False,1,BruteForce,1,BruteForce,0.5334517771349764,0.2362847852854619,0.4420364598311267
2,6,3,False,1,BruteForce,2,DDoS,0.05723575692271324,0.06756333878072705,0.06434640405943129
2,6,3,False,1,BruteForce,3,DoS,0.03072038026442131,0.03793922652664536,0.04339879802482092
2,6,3,False,1,BruteForce,4,Mirai,0.13911825002742143,0.11690508127046449,0.20464662397004163
2,6,3,False,1,BruteForce,5,Recon,0.062152057039784915,0.08565534599836104,0.08160172798012294
2,6,3,False,1,BruteForce,6,Spoofing,0.02750009118533442,0.12651483297540306,0.028321106426362385
2,6,3,False,1,BruteForce,7,Web-Based,0.04508782231092088,0.17991671160878267,0.03142042230712738
2,6,3,False,2,DDoS,0,Benign,0.04073556666833832,0.08150019156428369,0.05418656669811476
2,6,3,False,2,DDoS,1,BruteForce,0.12581966818962895,0.05181645442710665,0.13362710600047714
2,6,3,False,2,DDoS,2,DDoS,0.6638922957188156,0.5524647011408362,0.6084341304810735
2,6,3,False,2,DDoS,3,DoS,0.023764890848342952,0.05326100463026133,0.029694312183729966
2,6,3,False,2,DDoS,4,Mirai,0.06450684196383133,0.08663878944164456,0.0876212099996208
2,6,3,False,2,DDoS,5,Recon,0.0549475016835578,0.06719836925868643,0.05046877631761053
2,6,3,False,2,DDoS,6,Spoofing,0.010683751202727264,0.0608883086796463,0.016799953749613523
2,6,3,False,2,DDoS,7,Web-Based,0.015649483724757742,0.04623218085753486,0.01916794456975978
2,6,3,False,3,DoS,0,Benign,0.02425377003705426,0.0753178709785007,0.049824806740559134
2,6,3,False,3,DoS,1,BruteForce,0.10210994793414373,0.08010054337340382,0.15871638978004346
2,6,3,False,3,DoS,2,DDoS,0.2690552049862245,0.11008626580601007,0.2739374321325671
2,6,3,False,3,DoS,3,DoS,0.4748242930207607,0.4615013670672155,0.2839548812108047
2,6,3,False,3,DoS,4,Mirai,0.07781872051915073,0.10579379174264572,0.14274198998363813
2,6,3,False,3,DoS,5,Recon,0.02510309927631782,0.058233485083888696,0.046865274202214556
2,6,3,False,3,DoS,6,Spoofing,0.013140642195108779,0.07710588433189658,0.018854402550887935
2,6,3,False,3,DoS,7,Web-Based,0.01369432203123948,0.031860791616438976,0.02510482339928486
2,6,3,False,4,Mirai,0,Benign,0.10061817494880843,0.14790815074423336,0.10394801873029945
2,6,3,False,4,Mirai,1,BruteForce,0.4075107396603699,0.18126762877239194,0.3662581022185664
2,6,3,False,4,Mirai,2,DDoS,0.10736432049150713,0.09066300307627478,0.10740728079125414
2,6,3,False,4,Mirai,3,DoS,0.02804988868493793,0.07114089165485767,0.04208730839404158
2,6,3,False,4,Mirai,4,Mirai,0.23919758912178768,0.14251175004993233,0.25034116343665686
2,6,3,False,4,Mirai,5,Recon,0.05510841061122132,0.08649432086225553,0.07377720890383144
2,6,3,False,4,Mirai,6,Spoofing,0.0260023569825058,0.12470438539374229,0.027117561978776256
2,6,3,False,4,Mirai,7,Web-Based,0.03614851949886188,0.1553098694463121,0.029063355546573952
2,6,3,False,5,Recon,0,Benign,0.09854901244430138,0.1444135165606184,0.09756590563366478
2,6,3,False,5,Recon,1,BruteForce,0.5274799695428424,0.21405267512036602,0.4393565922828682
2,6,3,False,5,Recon,2,DDoS,0.05500357487719366,0.06607869149218892,0.06267543526401637
2,6,3,False,5,Recon,3,DoS,0.031127769807804146,0.03902616847265339,0.04463156907363983
2,6,3,False,5,Recon,4,Mirai,0.12835447980108006,0.11289513842898172,0.20565759171174258
2,6,3,False,5,Recon,5,Recon,0.08781910491233803,0.1187985050575555,0.0917340051966015
2,6,3,False,5,Recon,6,Spoofing,0.02630683689388226,0.12279812808295813,0.02682067240807345
2,6,3,False,5,Recon,7,Web-Based,0.04535925172055794,0.18193717678467786,0.03155822842939329
2,6,3,False,6,Spoofing,0,Benign,0.13731625209610626,0.1686428320227216,0.12262083379026725
2,6,3,False,6,Spoofing,1,BruteForce,0.43021145498553987,0.17033536834541566,0.3671513011785513
2,6,3,False,6,Spoofing,2,DDoS,0.05104584222959488,0.060745503092817184,0.07061394487219584
2,6,3,False,6,Spoofing,3,DoS,0.027815120264500334,0.050727351108552865,0.04085530223639366
2,6,3,False,6,Spoofing,4,Mirai,0.17469395905861307,0.11892116061544,0.2393203767527391
2,6,3,False,6,Spoofing,5,Recon,0.10498209359561873,0.12274330028226307,0.09944266369448852
2,6,3,False,6,Spoofing,6,Spoofing,0.029699202928377782,0.1540157195290166,0.030191004562158057
2,6,3,False,6,Spoofing,7,Web-Based,0.04423607484164907,0.15386876500377292,0.029804572913206245
2,6,3,False,7,Web-Based,0,Benign,0.1295630211049482,0.174695354055262,0.12166781308232819
2,6,3,False,7,Web-Based,1,BruteForce,0.44052298094154346,0.1736301181414037,0.381819740473302
2,6,3,False,7,Web-Based,2,DDoS,0.06407296117646523,0.06851354548194105,0.08681887661962281
2,6,3,False,7,Web-Based,3,DoS,0.027768789327273474,0.0411921787262153,0.03828257697757771
2,6,3,False,7,Web-Based,4,Mirai,0.17626815853568512,0.12283303967931077,0.22489869579251326
2,6,3,False,7,Web-Based,5,Recon,0.09202129119304044,0.11232978634720575,0.08862106663524917
2,6,3,False,7,Web-Based,6,Spoofing,0.02710262464959242,0.1357879108144713,0.027871303862086062
2,6,3,False,7,Web-Based,7,Web-Based,0.04268017307145183,0.1710180667541902,0.030019926557320668
2,6,4,False,0,Benign,0,Benign,0.5445483802399939,0.17693810049742373,0.5079957351917117
2,6,4,False,0,Benign,1,BruteForce,0.017720826529877068,0.14979887260804978,0.01748946183137613
2,6,4,False,0,Benign,2,DDoS,0.015400782039622135,0.08421134103810902,0.021068978105766273
2,6,4,False,0,Benign,3,DoS,0.07873564794400402,0.08136637455578678,0.11805400248392045
2,6,4,False,0,Benign,4,Mirai,0.051109487525242255,0.11632792024360301,0.051857750097300044
2,6,4,False,0,Benign,5,Recon,0.04304495290896335,0.11320834628121339,0.044870356461185056
2,6,4,False,0,Benign,6,Spoofing,0.13687436168354966,0.13967471975489198,0.12974401873056032
2,6,4,False,0,Benign,7,Web-Based,0.11256556112874766,0.13847432502092244,0.10891969709817997
2,6,4,False,1,BruteForce,0,Benign,0.5221506019833514,0.14922067755415444,0.5389955761261209
2,6,4,False,1,BruteForce,1,BruteForce,0.02209297541683694,0.2362847852854619,0.017308943523206857
2,6,4,False,1,BruteForce,2,DDoS,0.015574920196697796,0.06756333878072705,0.019094587480338956
2,6,4,False,1,BruteForce,3,DoS,0.03262965910286746,0.03793922652664536,0.046011712086405
2,6,4,False,1,BruteForce,4,Mirai,0.06074888434973986,0.11690508127046449,0.05660047445349295
2,6,4,False,1,BruteForce,5,Recon,0.039928938977071386,0.08565534599836104,0.04878325819914148
2,6,4,False,1,BruteForce,6,Spoofing,0.148138958785109,0.12651483297540306,0.13701215473952064
2,6,4,False,1,BruteForce,7,Web-Based,0.1587350611883262,0.17991671160878267,0.13619329339177316
2,6,4,False,2,DDoS,0,Benign,0.1532407772219805,0.08150019156428369,0.24393959575792235
2,6,4,False,2,DDoS,1,BruteForce,0.015365719295828037,0.05181645442710665,0.022141041236417712
2,6,4,False,2,DDoS,2,DDoS,0.5946329827220164,0.5524647011408362,0.4235565978710404
2,6,4,False,2,DDoS,3,DoS,0.08416627954069884,0.05326100463026133,0.10550288890410102
2,6,4,False,2,DDoS,4,Mirai,0.028651001730239087,0.08663878944164456,0.038561222616288644
2,6,4,False,2,DDoS,5,Recon,0.02578652830962212,0.06719836925868643,0.031050563041224537
2,6,4,False,2,DDoS,6,Spoofing,0.046203898740719264,0.0608883086796463,0.06882433656623298
2,6,4,False,2,DDoS,7,Web-Based,0.05195281243889582,0.04623218085753486,0.06642375400677236
2,6,4,False,3,DoS,0,Benign,0.06005350955006072,0.0753178709785007,0.07787514820812906
2,6,4,False,3,DoS,1,BruteForce,0.009364875899168082,0.08010054337340382,0.018979474854902208
2,6,4,False,3,DoS,2,DDoS,0.027962897729793604,0.11008626580601007,0.028906935572254794
2,6,4,False,3,DoS,3,DoS,0.8298914407697938,0.4615013670672155,0.7484607123074821
2,6,4,False,3,DoS,4,Mirai,0.013104750260974376,0.10579379174264572,0.023447361734180414
2,6,4,False,3,DoS,5,Recon,0.009652447371730665,0.058233485083888696,0.01725485135104091
2,6,4,False,3,DoS,6,Spoofing,0.029454526596015763,0.07710588433189658,0.04805986709779222
2,6,4,False,3,DoS,7,Web-Based,0.020515551822463136,0.031860791616438976,0.03701564887421835
2,6,4,False,4,Mirai,0,Benign,0.5006936637936952,0.14790815074423336,0.4965879247066158
2,6,4,False,4,Mirai,1,BruteForce,0.019298931542054767,0.18126762877239194,0.01775053418160157
2,6,4,False,4,Mirai,2,DDoS,0.01600817760133074,0.09066300307627478,0.01977268644247351
2,6,4,False,4,Mirai,3,DoS,0.08483091565906933,0.07114089165485767,0.12263830614322681
2,6,4,False,4,Mirai,4,Mirai,0.0769787126056161,0.14251175004993233,0.05638430205370269
2,6,4,False,4,Mirai,5,Recon,0.033496007606527316,0.08649432086225553,0.04138758345937428
2,6,4,False,4,Mirai,6,Spoofing,0.1444153777659166,0.12470438539374229,0.1311358886537027
2,6,4,False,4,Mirai,7,Web-Based,0.12427821342579003,0.1553098694463121,0.11434277435930258
2,6,4,False,5,Recon,0,Benign,0.5215751936846503,0.1444135165606184,0.5312455447983859
2,6,4,False,5,Recon,1,BruteForce,0.022058387628341405,0.21405267512036602,0.0175746854967464
2,6,4,False,5,Recon,2,DDoS,0.015550837108349655,0.06607869149218892,0.019201740904951983
2,6,4,False,5,Recon,3,DoS,0.03394889591711958,0.03902616847265339,0.051801502990743445
2,6,4,False,5,Recon,4,Mirai,0.05608167402376042,0.11289513842898172,0.05578130400813185
2,6,4,False,5,Recon,5,Recon,0.05609900648288429,0.1187985050575555,0.0544097450669764
2,6,4,False,5,Recon,6,Spoofing,0.1350515117299472,0.12279812808295813,0.13279172107750647
2,6,4,False,5,Recon,7,Web-Based,0.159634493424947,0.18193717678467786,0.13719375565655736
2,6,4,False,6,Spoofing,0,Benign,0.5425759269426765,0.1686428320227216,0.5367291950120796
2,6,4,False,6,Spoofing,1,BruteForce,0.018328400423227587,0.17033536834541566,0.017387891299526708
2,6,4,False,6,Spoofing,2,DDoS,0.014418972758000205,0.060745503092817184,0.019919672538647067
2,6,4,False,6,Spoofing,3,DoS,0.03534863409453631,0.050727351108552865,0.07140899313666473
2,6,4,False,6,Spoofing,4,Mirai,0.052551854866806455,0.11892116061544,0.05230154226277583
2,6,4,False,6,Spoofing,5,Recon,0.044598736659032995,0.12274330028226307,0.04718666696582754
2,6,4,False,6,Spoofing,6,Spoofing,0.16671209803309786,0.1540157195290166,0.1407045503825967
2,6,4,False,6,Spoofing,7,Web-Based,0.12546537622262205,0.15386876500377292,0.11436148840188197
2,6,4,False,7,Web-Based,0,Benign,0.5435019731445688,0.174695354055262,0.5452923947553538
2,6,4,False,7,Web-Based,1,BruteForce,0.0195682250618761,0.1736301181414037,0.017324480126832013
2,6,4,False,7,Web-Based,2,DDoS,0.01497772148668306,0.06851354548194105,0.020624852395507213
2,6,4,False,7,Web-Based,3,DoS,0.031988880328770626,0.0411921787262153,0.051402003499636945
2,6,4,False,7,Web-Based,4,Mirai,0.06283602143335514,0.12283303967931077,0.05589367899116845
2,6,4,False,7,Web-Based,5,Recon,0.041150911522998906,0.11232978634720575,0.04665063687173556
2,6,4,False,7,Web-Based,6,Spoofing,0.14558067768666677,0.1357879108144713,0.134926452910806
2,6,4,False,7,Web-Based,7,Web-Based,0.14039558933508064,0.1710180667541902,0.12788550044896002
2,6,5,False,0,Benign,0,Benign,0.4283409670007636,0.17693810049742373,0.3783280723088211
2,6,5,False,0,Benign,1,BruteForce,0.010865492499584966,0.14979887260804978,0.017547510079094965
2,6,5,False,0,Benign,2,DDoS,0.04263303035897781,0.08421134103810902,0.051107934128251306
2,6,5,False,0,Benign,3,DoS,0.01173561855352504,0.08136637455578678,0.01959878619832978
2,6,5,False,0,Benign,4,Mirai,0.022638805904464404,0.11632792024360301,0.02363074014508072
2,6,5,False,0,Benign,5,Recon,0.062626458910741,0.11320834628121339,0.0744806952042887
2,6,5,False,0,Benign,6,Spoofing,0.4050089898663776,0.13967471975489198,0.41640980896830043
2,6,5,False,0,Benign,7,Web-Based,0.01615063690556559,0.13847432502092244,0.018896452967833058
2,6,5,False,1,BruteForce,0,Benign,0.44725453634585755,0.14922067755415444,0.4220793397155259
2,6,5,False,1,BruteForce,1,BruteForce,0.01205064652329193,0.2362847852854619,0.017452424571843622
2,6,5,False,1,BruteForce,2,DDoS,0.02268633767611242,0.06756333878072705,0.030756218001764053
2,6,5,False,1,BruteForce,3,DoS,0.009091676987104365,0.03793922652664536,0.019057952971509008
2,6,5,False,1,BruteForce,4,Mirai,0.023760886607557152,0.11690508127046449,0.02385929989556012
2,6,5,False,1,BruteForce,5,Recon,0.05333006259858058,0.08565534599836104,0.0768380145216068
2,6,5,False,1,BruteForce,6,Spoofing,0.4144538628936794,0.12651483297540306,0.3907260856561628
2,6,5,False,1,BruteForce,7,Web-Based,0.017371990367816618,0.17991671160878267,0.019230664666027766
2,6,5,False,2,DDoS,0,Benign,0.1361303645794942,0.08150019156428369,0.15728459891530153
2,6,5,False,2,DDoS,1,BruteForce,0.010322746886845823,0.05181645442710665,0.020081329595853403
2,6,5,False,2,DDoS,2,DDoS,0.6542328935755103,0.5524647011408362,0.5617724981376889
2,6,5,False,2,DDoS,3,DoS,0.008184722285824389,0.05326100463026133,0.012859254036653837
2,6,5,False,2,DDoS,4,Mirai,0.012668200096449743,0.08663878944164456,0.019400251437496654
2,6,5,False,2,DDoS,5,Recon,0.03745619263348381,0.06719836925868643,0.04233680995181692
2,6,5,False,2,DDoS,6,Spoofing,0.1320518023830535,0.0608883086796463,0.17072499753583964
2,6,5,False,2,DDoS,7,Web-Based,0.008953077559338348,0.04623218085753486,0.01554026038934899
2,6,5,False,3,DoS,0,Benign,0.08658317163141456,0.0753178709785007,0.1521870865087781
2,6,5,False,3,DoS,1,BruteForce,0.016681188686110907,0.08010054337340382,0.02707200618051485
2,6,5,False,3,DoS,2,DDoS,0.1903514529722013,0.11008626580601007,0.14666000047508393
2,6,5,False,3,DoS,3,DoS,0.42208141942836586,0.4615013670672155,0.18098746353411105
2,6,5,False,3,DoS,4,Mirai,0.011987555605143184,0.10579379174264572,0.0225941413864522
2,6,5,False,3,DoS,5,Recon,0.023747800874459622,0.058233485083888696,0.047561405360367064
2,6,5,False,3,DoS,6,Spoofing,0.23770522313942172,0.07710588433189658,0.40015524914078443
2,6,5,False,3,DoS,7,Web-Based,0.010862187662882885,0.031860791616438976,0.02278264741390845
2,6,5,False,4,Mirai,0,Benign,0.41054187141423565,0.14790815074423336,0.3881948853418603
2,6,5,False,4,Mirai,1,BruteForce,0.011807122436292184,0.18126762877239194,0.017591480932306197
2,6,5,False,4,Mirai,2,DDoS,0.03885316917506477,0.09066300307627478,0.04069487135055433
2,6,5,False,4,Mirai,3,DoS,0.01086854596631895,0.07114089165485767,0.019884109120460344
2,6,5,False,4,Mirai,4,Mirai,0.02597494307717629,0.14251175004993233,0.024656434139932532
2,6,5,False,4,Mirai,5,Recon,0.04979014868822815,0.08649432086225553,0.0680386101742592
2,6,5,False,4,Mirai,6,Spoofing,0.43611712769888333,0.12470438539374229,0.422302547286838
2,6,5,False,4,Mirai,7,Web-Based,0.016047071543800705,0.1553098694463121,0.01863706165378906
2,6,5,False,5,Recon,0,Benign,0.45460859876404647,0.1444135165606184,0.4165851513257524
2,6,5,False,5,Recon,1,BruteForce,0.011890672736282049,0.21405267512036602,0.017232907660537707
2,6,5,False,5,Recon,2,DDoS,0.022378088859577972,0.06607869149218892,0.030855083847475456
2,6,5,False,5,Recon,3,DoS,0.009358286032536507,0.03902616847265339,0.01930504435685354
2,6,5,False,5,Recon,4,Mirai,0.022646226998831218,0.11289513842898172,0.023053352050397432
2,6,5,False,5,Recon,5,Recon,0.07951251204928184,0.1187985050575555,0.09082699923357593
2,6,5,False,5,Recon,6,Spoofing,0.38192864033010987,0.12279812808295813,0.3830407149459981
2,6,5,False,5,Recon,7,Web-Based,0.01767697422933416,0.18193717678467786,0.019100746579409494
2,6,5,False,6,Spoofing,0,Benign,0.4110997057640035,0.1686428320227216,0.384339731543249
2,6,5,False,6,Spoofing,1,BruteForce,0.010554743953871468,0.17033536834541566,0.017071650158905514
2,6,5,False,6,Spoofing,2,DDoS,0.021298570914440113,0.060745503092817184,0.03154310353527155
2,6,5,False,6,Spoofing,3,DoS,0.009682373126618623,0.050727351108552865,0.01963870014916002
2,6,5,False,6,Spoofing,4,Mirai,0.022340686551650463,0.11892116061544,0.02363134532308709
2,6,5,False,6,Spoofing,5,Recon,0.060534045423920047,0.12274330028226307,0.07216007608053722
2,6,5,False,6,Spoofing,6,Spoofing,0.44849972814446,0.1540157195290166,0.4330544183475924
2,6,5,False,6,Spoofing,7,Web-Based,0.01599014612103584,0.15386876500377292,0.018560974862197207
2,6,5,False,7,Web-Based,0,Benign,0.44813771752805004,0.174695354055262,0.4216269510220606
2,6,5,False,7,Web-Based,1,BruteForce,0.011230626443805757,0.1736301181414037,0.01734601397073613
2,6,5,False,7,Web-Based,2,DDoS,0.02316760906845713,0.06851354548194105,0.033328462487528146
2,6,5,False,7,Web-Based,3,DoS,0.009386739764563353,0.0411921787262153,0.019046315251843134
2,6,5,False,7,Web-Based,4,Mirai,0.024592889389801087,0.12283303967931077,0.02389689832549251
2,6,5,False,7,Web-Based,5,Recon,0.056006120331524974,0.11232978634720575,0.07154520334700588
2,6,5,False,7,Web-Based,6,Spoofing,0.4106231931537025,0.1357879108144713,0.3943679879536759
2,6,5,False,7,Web-Based,7,Web-Based,0.016855104320095102,0.1710180667541902,0.018842167641657553
2,6,6,False,0,Benign,0,Benign,0.5748829045474334,0.17693810049742373,0.5635906685768259
2,6,6,False,0,Benign,1,BruteForce,0.0857427447729575,0.14979887260804978,0.07299659075803594
2,6,6,False,0,Benign,2,DDoS,0.017852258945724276,0.08421134103810902,0.022728536544494627
2,6,6,False,0,Benign,3,DoS,0.017798090415186717,0.08136637455578678,0.031804090117990215
2,6,6,False,0,Benign,4,Mirai,0.2599170473829236,0.11632792024360301,0.2587297366439052
2,6,6,False,0,Benign,5,Recon,0.016256106756542366,0.11320834628121339,0.018895481360983485
2,6,6,False,0,Benign,6,Spoofing,0.014649507231652792,0.13967471975489198,0.0177701765605472
2,6,6,False,0,Benign,7,Web-Based,0.012901339947579355,0.13847432502092244,0.01348471943721746
2,6,6,False,1,BruteForce,0,Benign,0.5378255597730255,0.14922067755415444,0.5549714020686299
2,6,6,False,1,BruteForce,1,BruteForce,0.11428765706540983,0.2362847852854619,0.08560280046420034
2,6,6,False,1,BruteForce,2,DDoS,0.019125035355697147,0.06756333878072705,0.021062767913920828
2,6,6,False,1,BruteForce,3,DoS,0.012033902553541857,0.03793922652664536,0.02567387307698594
2,6,6,False,1,BruteForce,4,Mirai,0.2709718840768505,0.11690508127046449,0.26100076552171436
2,6,6,False,1,BruteForce,5,Recon,0.014994535905988343,0.08565534599836104,0.019051100528756047
2,6,6,False,1,BruteForce,6,Spoofing,0.01584919150663943,0.12651483297540306,0.018381569423341976
2,6,6,False,1,BruteForce,7,Web-Based,0.014912233762847319,0.17991671160878267,0.014255721002450587
2,6,6,False,2,DDoS,0,Benign,0.2508171968611053,0.08150019156428369,0.4202436186435445
2,6,6,False,2,DDoS,1,BruteForce,0.050698947069024364,0.05181645442710665,0.05236872798432571
2,6,6,False,2,DDoS,2,DDoS,0.35570372997738486,0.5524647011408362,0.18140853702907217
2,6,6,False,2,DDoS,3,DoS,0.030137918907751315,0.05326100463026133,0.03450566219496077
2,6,6,False,2,DDoS,4,Mirai,0.2759940320520123,0.08663878944164456,0.2590831465024586
2,6,6,False,2,DDoS,5,Recon,0.013599518817948757,0.06719836925868643,0.018087462278336484
2,6,6,False,2,DDoS,6,Spoofing,0.011457692369046875,0.0608883086796463,0.017904361348387392
2,6,6,False,2,DDoS,7,Web-Based,0.01159096394572621,0.04623218085753486,0.016398484018914375
2,6,6,False,3,DoS,0,Benign,0.11695312500067216,0.0753178709785007,0.25688272991575484
2,6,6,False,3,DoS,1,BruteForce,0.05760711199724992,0.08010054337340382,0.06691429012445817
2,6,6,False,3,DoS,2,DDoS,0.03483730004057655,0.11008626580601007,0.040240292913036796
2,6,6,False,3,DoS,3,DoS,0.5998098428373152,0.4615013670672155,0.3115024818327052
2,6,6,False,3,DoS,4,Mirai,0.1548196523485177,0.10579379174264572,0.26550556668029934
2,6,6,False,3,DoS,5,Recon,0.011943227705853146,0.058233485083888696,0.02110137052285292
2,6,6,False,3,DoS,6,Spoofing,0.01265838175845526,0.07710588433189658,0.018396588269915543
2,6,6,False,3,DoS,7,Web-Based,0.011371358311360104,0.031860791616438976,0.019456679740977197
2,6,6,False,4,Mirai,0,Benign,0.4657236133408089,0.14790815074423336,0.5069725828697176
2,6,6,False,4,Mirai,1,BruteForce,0.08987802465539123,0.18126762877239194,0.07708283150685984
2,6,6,False,4,Mirai,2,DDoS,0.01963187823298216,0.09066300307627478,0.023175436673754362
2,6,6,False,4,Mirai,3,DoS,0.013535500494479463,0.07114089165485767,0.029480894384506
2,6,6,False,4,Mirai,4,Mirai,0.36973180368520014,0.14251175004993233,0.31307240406737114
2,6,6,False,4,Mirai,5,Recon,0.013853121528717073,0.08649432086225553,0.018484869990236578
2,6,6,False,4,Mirai,6,Spoofing,0.014534054622541428,0.12470438539374229,0.017907721722121184
2,6,6,False,4,Mirai,7,Web-Based,0.013112003439879545,0.1553098694463121,0.013823258785433315
2,6,6,False,5,Recon,0,Benign,0.5507549403033989,0.1444135165606184,0.5511247022879678
2,6,6,False,5,Recon,1,BruteForce,0.1203637090588725,0.21405267512036602,0.08735828671699891
2,6,6,False,5,Recon,2,DDoS,0.01949307793584573,0.06607869149218892,0.021377815255414247
2,6,6,False,5,Recon,3,DoS,0.012899471237241266,0.03902616847265339,0.026286416125428317
2,6,6,False,5,Recon,4,Mirai,0.2494568803681618,0.11289513842898172,0.2618948779018005
2,6,6,False,5,Recon,5,Recon,0.01601598294981735,0.1187985050575555,0.019279064524510857
2,6,6,False,5,Recon,6,Spoofing,0.015670178819044374,0.12279812808295813,0.018291903731509438
2,6,6,False,5,Recon,7,Web-Based,0.015345759327618171,0.18193717678467786,0.014386933456370042
2,6,6,False,6,Spoofing,0,Benign,0.570797724747282,0.1686428320227216,0.574631586254015
2,6,6,False,6,Spoofing,1,BruteForce,0.0896253094101676,0.17033536834541566,0.07334502540275967
2,6,6,False,6,Spoofing,2,DDoS,0.01702583996809312,0.060745503092817184,0.02158222435786873
2,6,6,False,6,Spoofing,3,DoS,0.011803905799483377,0.050727351108552865,0.026679753006541466
2,6,6,False,6,Spoofing,4,Mirai,0.26694240028851524,0.11892116061544,0.2542762647531606
2,6,6,False,6,Spoofing,5,Recon,0.016021301451354646,0.12274330028226307,0.01860513125670131
2,6,6,False,6,Spoofing,6,Spoofing,0.014583367644172887,0.1540157195290166,0.017691682519896265
2,6,6,False,6,Spoofing,7,Web-Based,0.013200150690931266,0.15386876500377292,0.013188332449056994
2,6,6,False,7,Web-Based,0,Benign,0.5462707724244217,0.174695354055262,0.5607980975870772
2,6,6,False,7,Web-Based,1,BruteForce,0.0929179404256282,0.1736301181414037,0.07829739978430017
2,6,6,False,7,Web-Based,2,DDoS,0.01743196580591492,0.06851354548194105,0.021601190255963076
2,6,6,False,7,Web-Based,3,DoS,0.01133170286030695,0.0411921787262153,0.024415889745459884
2,6,6,False,7,Web-Based,4,Mirai,0.288622834318003,0.12283303967931077,0.26472536396730617
2,6,6,False,7,Web-Based,5,Recon,0.015323762558373451,0.11232978634720575,0.01866916262239674
2,6,6,False,7,Web-Based,6,Spoofing,0.014526998719104534,0.1357879108144713,0.01774326431444597
2,6,6,False,7,Web-Based,7,Web-Based,0.013574022888247297,0.1710180667541902,0.013749631723050777
2,6,7,True,0,Benign,0,Benign,0.0705960730141962,0.17693810049742373,0.1612130099482367
2,6,7,True,0,Benign,1,BruteForce,0.34097500869423175,0.14979887260804978,0.021549698594711935
2,6,7,True,0,Benign,2,DDoS,0.08149718582064848,0.08421134103810902,0.21755281072488927
2,6,7,True,0,Benign,3,DoS,0.0631050465025691,0.08136637455578678,0.0507713524334422
2,6,7,True,0,Benign,4,Mirai,0.07002462360515661,0.11632792024360301,0.10149800229687622
2,6,7,True,0,Benign,5,Recon,0.05760557698262051,0.11320834628121339,0.08915834590119735
2,6,7,True,0,Benign,6,Spoofing,0.06501032716489467,0.13967471975489198,0.2752811876886586
2,6,7,True,0,Benign,7,Web-Based,0.25118615821568274,0.13847432502092244,0.0829755924119876
2,6,7,True,1,BruteForce,0,Benign,0.06623946982107118,0.14922067755415444,0.17216505788819655
2,6,7,True,1,BruteForce,1,BruteForce,0.3538302822019967,0.2362847852854619,0.023489184260006412
2,6,7,True,1,BruteForce,2,DDoS,0.07788541819880845,0.06756333878072705,0.1782194383822207
2,6,7,True,1,BruteForce,3,DoS,0.06309772654788719,0.03793922652664536,0.02107490955539629
2,6,7,True,1,BruteForce,4,Mirai,0.06942340384177434,0.11690508127046449,0.11609453677926099
2,6,7,True,1,BruteForce,5,Recon,0.05460673515091033,0.08565534599836104,0.10624656030471129
2,6,7,True,1,BruteForce,6,Spoofing,0.06308360894524633,0.12651483297540306,0.27772178577655626
2,6,7,True,1,BruteForce,7,Web-Based,0.2518333552923055,0.17991671160878267,0.10498852705365155
2,6,7,True,2,DDoS,0,Benign,0.07094336526941422,0.08150019156428369,0.05957168728630258
2,6,7,True,2,DDoS,1,BruteForce,0.3132356204690938,0.05181645442710665,0.018248559763005344
2,6,7,True,2,DDoS,2,DDoS,0.0973780239395721,0.5524647011408362,0.6887717265507326
2,6,7,True,2,DDoS,3,DoS,0.07656059736440557,0.05326100463026133,0.027932282682672043
2,6,7,True,2,DDoS,4,Mirai,0.0693909713867017,0.08663878944164456,0.04457647051358587
2,6,7,True,2,DDoS,5,Recon,0.059933151430837286,0.06719836925868643,0.04837520167158278
2,6,7,True,2,DDoS,6,Spoofing,0.06205807230102687,0.0608883086796463,0.07689998253077296
2,6,7,True,2,DDoS,7,Web-Based,0.2505001978389485,0.04623218085753486,0.03562408900134586
2,6,7,True,3,DoS,0,Benign,0.0542749263687776,0.0753178709785007,0.042044694103497406
2,6,7,True,3,DoS,1,BruteForce,0.2996848633568543,0.08010054337340382,0.022903262186133883
2,6,7,True,3,DoS,2,DDoS,0.0961169645619909,0.11008626580601007,0.29928914497879966
2,6,7,True,3,DoS,3,DoS,0.10317443182739616,0.4615013670672155,0.39409129704328877
2,6,7,True,3,DoS,4,Mirai,0.08159243042844565,0.10579379174264572,0.046517135311820994
2,6,7,True,3,DoS,5,Recon,0.04644362307052967,0.058233485083888696,0.03586961341078116
2,6,7,True,3,DoS,6,Spoofing,0.06083148636314201,0.07710588433189658,0.11958088099153534
2,6,7,True,3,DoS,7,Web-Based,0.25788127402286376,0.031860791616438976,0.03970397197414285
2,6,7,True,4,Mirai,0,Benign,0.06671347450018572,0.14790815074423336,0.15803829928626134
2,6,7,True,4,Mirai,1,BruteForce,0.34487901072628563,0.18126762877239194,0.02324967474085569
2,6,7,True,4,Mirai,2,DDoS,0.08126130574949941,0.09066300307627478,0.21429951582599055
2,6,7,True,4,Mirai,3,DoS,0.06421983127880922,0.07114089165485767,0.04786313847895252
2,6,7,True,4,Mirai,4,Mirai,0.07442591570727111,0.14251175004993233,0.12158082011883178
2,6,7,True,4,Mirai,5,Recon,0.05327226452102445,0.08649432086225553,0.07913860738665386
2,6,7,True,4,Mirai,6,Spoofing,0.06467994640994144,0.12470438539374229,0.2673355405055664
2,6,7,True,4,Mirai,7,Web-Based,0.25054825110698303,0.1553098694463121,0.08849440365688792
2,6,7,True,5,Recon,0,Benign,0.0655000013303153,0.1444135165606184,0.16933151293432142
2,6,7,True,5,Recon,1,BruteForce,0.3550441999458123,0.21405267512036602,0.023268371573153347
2,6,7,True,5,Recon,2,DDoS,0.07823082099714553,0.06607869149218892,0.17770704044744995
2,6,7,True,5,Recon,3,DoS,0.06305254344981007,0.03902616847265339,0.021267034241298704
2,6,7,True,5,Recon,4,Mirai,0.06907210286662573,0.11289513842898172,0.11627460050720387
2,6,7,True,5,Recon,5,Recon,0.05547484015208693,0.1187985050575555,0.12369832313348705
2,6,7,True,5,Recon,6,Spoofing,0.061233247344853525,0.12279812808295813,0.26291838932884415
2,6,7,True,5,Recon,7,Web-Based,0.2523922439133505,0.18193717678467786,0.10553472783424149
2,6,7,True,6,Spoofing,0,Benign,0.06962124664551733,0.1686428320227216,0.17501644461271487
2,6,7,True,6,Spoofing,1,BruteForce,0.33831365099142485,0.17033536834541566,0.021484065384614778
2,6,7,True,6,Spoofing,2,DDoS,0.07915586437323756,0.060745503092817184,0.15969167991808367
2,6,7,True,6,Spoofing,3,DoS,0.06225549390344925,0.050727351108552865,0.040222036031223
2,6,7,True,6,Spoofing,4,Mirai,0.0716613044298635,0.11892116061544,0.10437302873967663
2,6,7,True,6,Spoofing,5,Recon,0.05823992236103643,0.12274330028226307,0.09595536247509695
2,6,7,True,6,Spoofing,6,Spoofing,0.06726127653709611,0.1540157195290166,0.3146634533266313
2,6,7,True,6,Spoofing,7,Web-Based,0.2534912407583749,0.15386876500377292,0.0885939295119589
2,6,7,True,7,Web-Based,0,Benign,0.06894467032853425,0.174695354055262,0.1783952917633801
2,6,7,True,7,Web-Based,1,BruteForce,0.344468823799295,0.1736301181414037,0.02330923188089099
2,6,7,True,7,Web-Based,2,DDoS,0.07913193994297636,0.06851354548194105,0.1826001336201361
2,6,7,True,7,Web-Based,3,DoS,0.06272997911844154,0.0411921787262153,0.024411332109139233
2,6,7,True,7,Web-Based,4,Mirai,0.07024541993650697,0.12283303967931077,0.11430485638861031
2,6,7,True,7,Web-Based,5,Recon,0.05666015827819221,0.11232978634720575,0.09879631550710012
2,6,7,True,7,Web-Based,6,Spoofing,0.0640321659763649,0.1357879108144713,0.28042700437631257
2,6,7,True,7,Web-Based,7,Web-Based,0.2537868426196889,0.1710180667541902,0.09775583435443067
2,6,8,True,0,Benign,0,Benign,0.07180920711406306,0.17693810049742373,0.019132850159553263
2,6,8,True,0,Benign,1,BruteForce,0.31108837248054005,0.14979887260804978,0.016068908819353574
2,6,8,True,0,Benign,2,DDoS,0.06026158478820622,0.08421134103810902,0.04439965505164727
2,6,8,True,0,Benign,3,DoS,0.06389165566058258,0.08136637455578678,0.056110536479231185
2,6,8,True,0,Benign,4,Mirai,0.0779896523193779,0.11632792024360301,0.02349910412323074
2,6,8,True,0,Benign,5,Recon,0.06165661991268301,0.11320834628121339,0.03706211308079212
2,6,8,True,0,Benign,6,Spoofing,0.10094532532747541,0.13967471975489198,0.7847352431503148
2,6,8,True,0,Benign,7,Web-Based,0.2523575823970718,0.13847432502092244,0.0189915891358769
2,6,8,True,1,BruteForce,0,Benign,0.0671122676936429,0.14922067755415444,0.017743662669092622
2,6,8,True,1,BruteForce,1,BruteForce,0.3226736349872516,0.2362847852854619,0.012867881546379339
2,6,8,True,1,BruteForce,2,DDoS,0.05655979875007814,0.06756333878072705,0.021160047750757877
2,6,8,True,1,BruteForce,3,DoS,0.0644604327875332,0.03793922652664536,0.028157277884586593
2,6,8,True,1,BruteForce,4,Mirai,0.07708938387299556,0.11690508127046449,0.02336187849024363
2,6,8,True,1,BruteForce,5,Recon,0.05921321638409072,0.08565534599836104,0.03457158621983451
2,6,8,True,1,BruteForce,6,Spoofing,0.09837650010589756,0.12651483297540306,0.8435205502423192
2,6,8,True,1,BruteForce,7,Web-Based,0.2545147654185104,0.17991671160878267,0.018617115196786365
2,6,8,True,2,DDoS,0,Benign,0.07437657393961243,0.08150019156428369,0.024591890673603345
2,6,8,True,2,DDoS,1,BruteForce,0.30249946705561975,0.05181645442710665,0.020488245038388166
2,6,8,True,2,DDoS,2,DDoS,0.10207284874159522,0.5524647011408362,0.5738390966700034
2,6,8,True,2,DDoS,3,DoS,0.06451873518992506,0.05326100463026133,0.03673158361827515
2,6,8,True,2,DDoS,4,Mirai,0.07899503903893229,0.08663878944164456,0.020919818015688825
2,6,8,True,2,DDoS,5,Recon,0.061126826611260766,0.06719836925868643,0.0387585856693685
2,6,8,True,2,DDoS,6,Spoofing,0.08648836370798223,0.0608883086796463,0.2685450562657869
2,6,8,True,2,DDoS,7,Web-Based,0.22992214571507233,0.04623218085753486,0.016125724048885598
2,6,8,True,3,DoS,0,Benign,0.055376959570826466,0.0753178709785007,0.016584975605900075
2,6,8,True,3,DoS,1,BruteForce,0.2674254134463897,0.08010054337340382,0.02787357350144254
2,6,8,True,3,DoS,2,DDoS,0.07118838188198302,0.11008626580601007,0.12449545436992798
2,6,8,True,3,DoS,3,DoS,0.09809899258441991,0.4615013670672155,0.412110294493304
2,6,8,True,3,DoS,4,Mirai,0.10278529706945101,0.10579379174264572,0.023082992246806874
2,6,8,True,3,DoS,5,Recon,0.051204359055718844,0.058233485083888696,0.026149152840062008
2,6,8,True,3,DoS,6,Spoofing,0.08806207415101923,0.07710588433189658,0.35010463360183147
2,6,8,True,3,DoS,7,Web-Based,0.2658585222401919,0.031860791616438976,0.019598923340725164
2,6,8,True,4,Mirai,0,Benign,0.06692637204059186,0.14790815074423336,0.017301721504134907
2,6,8,True,4,Mirai,1,BruteForce,0.31345629839026784,0.18126762877239194,0.014990765983382903
2,6,8,True,4,Mirai,2,DDoS,0.06042878207549384,0.09066300307627478,0.03027142230568031
2,6,8,True,4,Mirai,3,DoS,0.0652140717597699,0.07114089165485767,0.053350498446353464
2,6,8,True,4,Mirai,4,Mirai,0.08480879984975043,0.14251175004993233,0.02456751041949872
2,6,8,True,4,Mirai,5,Recon,0.056154869002605856,0.08649432086225553,0.029649843710601795
2,6,8,True,4,Mirai,6,Spoofing,0.09947127578108149,0.12470438539374229,0.8112694934879471
2,6,8,True,4,Mirai,7,Web-Based,0.25353953110043875,0.1553098694463121,0.018598744142400783
2,6,8,True,5,Recon,0,Benign,0.06586788804518583,0.1444135165606184,0.017602542741750285
2,6,8,True,5,Recon,1,BruteForce,0.3262327180851429,0.21405267512036602,0.01298889133185358
2,6,8,True,5,Recon,2,DDoS,0.05661769273675495,0.06607869149218892,0.021295275993342844
2,6,8,True,5,Recon,3,DoS,0.06481790184071295,0.03902616847265339,0.029473546456429113
2,6,8,True,5,Recon,4,Mirai,0.07674787888766664,0.11289513842898172,0.02327832259421718
2,6,8,True,5,Recon,5,Recon,0.0598366555156267,0.1187985050575555,0.04548564476427263
2,6,8,True,5,Recon,6,Spoofing,0.09449920328787496,0.12279812808295813,0.8312604056001496
2,6,8,True,5,Recon,7,Web-Based,0.2553800616010351,0.18193717678467786,0.01861537051798485
2,6,8,True,6,Spoofing,0,Benign,0.06989613115406255,0.1686428320227216,0.017410521247189895
2,6,8,True,6,Spoofing,1,BruteForce,0.30708939041753286,0.17033536834541566,0.013890804576603797
2,6,8,True,6,Spoofing,2,DDoS,0.05868183088847111,0.060745503092817184,0.023166008602391583
2,6,8,True,6,Spoofing,3,DoS,0.06313069378701339,0.050727351108552865,0.04595798976193486
2,6,8,True,6,Spoofing,4,Mirai,0.08062444478590496,0.11892116061544,0.02247485021861084
2,6,8,True,6,Spoofing,5,Recon,0.06225489423848796,0.12274330028226307,0.03455568325209396
2,6,8,True,6,Spoofing,6,Spoofing,0.10345150057629923,0.1540157195290166,0.8245215541322589
2,6,8,True,6,Spoofing,7,Web-Based,0.254871114152228,0.15386876500377292,0.018022588208916227
2,6,8,True,7,Web-Based,0,Benign,0.06934125133658711,0.174695354055262,0.018232554288658505
2,6,8,True,7,Web-Based,1,BruteForce,0.31449218582810684,0.1736301181414037,0.01344827549494716
2,6,8,True,7,Web-Based,2,DDoS,0.058360933672127024,0.06851354548194105,0.02607464544333082
2,6,8,True,7,Web-Based,3,DoS,0.06334367765522884,0.0411921787262153,0.03205878397403811
2,6,8,True,7,Web-Based,4,Mirai,0.07867603752309343,0.12283303967931077,0.02303780961405717
2,6,8,True,7,Web-Based,5,Recon,0.060178127806439156,0.11232978634720575,0.03465418902166594
2,6,8,True,7,Web-Based,6,Spoofing,0.09881409861546192,0.1357879108144713,0.8337732576626405
2,6,8,True,7,Web-Based,7,Web-Based,0.2567936875629556,0.1710180667541902,0.01872048450066193
2,6,9,False,0,Benign,0,Benign,0.22501113593888808,0.17693810049742373,0.212708631315114
2,6,9,False,0,Benign,1,BruteForce,0.0038676270124729127,0.14979887260804978,0.0057487095059489636
2,6,9,False,0,Benign,2,DDoS,0.01718944085646559,0.08421134103810902,0.012474645677882902
2,6,9,False,0,Benign,3,DoS,0.0034605161508041667,0.08136637455578678,0.006082180136627195
2,6,9,False,0,Benign,4,Mirai,0.510243962997707,0.11632792024360301,0.5442726249294527
2,6,9,False,0,Benign,5,Recon,0.13716507397760555,0.11320834628121339,0.12353066180708568
2,6,9,False,0,Benign,6,Spoofing,0.09854838169594933,0.13967471975489198,0.08814688706657811
2,6,9,False,0,Benign,7,Web-Based,0.004513861370107202,0.13847432502092244,0.007035659561310454
2,6,9,False,1,BruteForce,0,Benign,0.20082604595816092,0.14922067755415444,0.19643140381446048
2,6,9,False,1,BruteForce,1,BruteForce,0.0038441277616717063,0.2362847852854619,0.005420658974589235
2,6,9,False,1,BruteForce,2,DDoS,0.004779733581063305,0.06756333878072705,0.006972007456531547
2,6,9,False,1,BruteForce,3,DoS,0.0028034863865083505,0.03793922652664536,0.005533962313056571
2,6,9,False,1,BruteForce,4,Mirai,0.5528899683306823,0.11690508127046449,0.5796708218206121
2,6,9,False,1,BruteForce,5,Recon,0.13771496592754975,0.08565534599836104,0.11622772955673638
2,6,9,False,1,BruteForce,6,Spoofing,0.09261590906205722,0.12651483297540306,0.0831422568850313
2,6,9,False,1,BruteForce,7,Web-Based,0.004525762992306577,0.17991671160878267,0.006601159178982361
2,6,9,False,2,DDoS,0,Benign,0.06124901960479702,0.08150019156428369,0.07378109127923523
2,6,9,False,2,DDoS,1,BruteForce,0.00586740947287972,0.05181645442710665,0.010804158511400564
2,6,9,False,2,DDoS,2,DDoS,0.6111139041796032,0.5524647011408362,0.5145861140339755
2,6,9,False,2,DDoS,3,DoS,0.004316214511984538,0.05326100463026133,0.007623311259983734
2,6,9,False,2,DDoS,4,Mirai,0.22147437312782023,0.08663878944164456,0.265180145327734
2,6,9,False,2,DDoS,5,Recon,0.055360867184412126,0.06719836925868643,0.06938093456303068
2,6,9,False,2,DDoS,6,Spoofing,0.03576091169767194,0.0608883086796463,0.04814830975089366
2,6,9,False,2,DDoS,7,Web-Based,0.0048573002208312805,0.04623218085753486,0.010495935273746787
2,6,9,False,3,DoS,0,Benign,0.05002615326470166,0.0753178709785007,0.06597761485226326
2,6,9,False,3,DoS,1,BruteForce,0.011567673660982549,0.08010054337340382,0.007601240551088666
2,6,9,False,3,DoS,2,DDoS,0.11655238986254977,0.11008626580601007,0.0885159228871596
2,6,9,False,3,DoS,3,DoS,0.08854956715659655,0.4615013670672155,0.010185430516659743
2,6,9,False,3,DoS,4,Mirai,0.4528225648235302,0.10579379174264572,0.6278306998648712
2,6,9,False,3,DoS,5,Recon,0.04219504136242929,0.058233485083888696,0.04921960120497947
2,6,9,False,3,DoS,6,Spoofing,0.2283665862186206,0.07710588433189658,0.1410816114877004
2,6,9,False,3,DoS,7,Web-Based,0.009920023650589494,0.031860791616438976,0.009587878635277698
2,6,9,False,4,Mirai,0,Benign,0.14721059856622148,0.14790815074423336,0.15665054209698429
2,6,9,False,4,Mirai,1,BruteForce,0.0028460392707190777,0.18126762877239194,0.004262151925292362
2,6,9,False,4,Mirai,2,DDoS,0.005972667511877599,0.09066300307627478,0.007815598967478177
2,6,9,False,4,Mirai,3,DoS,0.002611003412209289,0.07114089165485767,0.004755756169192422
2,6,9,False,4,Mirai,4,Mirai,0.7085294666006592,0.14251175004993233,0.7019238838520995
2,6,9,False,4,Mirai,5,Recon,0.06688119803676659,0.08649432086225553,0.054753709471234764
2,6,9,False,4,Mirai,6,Spoofing,0.06234412234283174,0.12470438539374229,0.06372590334822469
2,6,9,False,4,Mirai,7,Web-Based,0.0036049042587150415,0.1553098694463121,0.006112454169493804
2,6,9,False,5,Recon,0,Benign,0.18612582760551666,0.1444135165606184,0.18533707283203812
2,6,9,False,5,Recon,1,BruteForce,0.00420817601140557,0.21405267512036602,0.005850890664782675
2,6,9,False,5,Recon,2,DDoS,0.004451689735312762,0.06607869149218892,0.006644792733948009
2,6,9,False,5,Recon,3,DoS,0.0028966281386742713,0.03902616847265339,0.005533990742806916
2,6,9,False,5,Recon,4,Mirai,0.481953927338531,0.11289513842898172,0.5104705615668697
2,6,9,False,5,Recon,5,Recon,0.22346424906317433,0.1187985050575555,0.20107210707856
2,6,9,False,5,Recon,6,Spoofing,0.09233636249052915,0.12279812808295813,0.07872758222176585
2,6,9,False,5,Recon,7,Web-Based,0.004563139616856241,0.18193717678467786,0.0063630021592289395
2,6,9,False,6,Spoofing,0,Benign,0.20345180993985693,0.1686428320227216,0.2129752411877739
2,6,9,False,6,Spoofing,1,BruteForce,0.003969553644075502,0.17033536834541566,0.005594561604115943
2,6,9,False,6,Spoofing,2,DDoS,0.004886739172912217,0.060745503092817184,0.007003732231253415
2,6,9,False,6,Spoofing,3,DoS,0.0032968309476535374,0.050727351108552865,0.005646586458114659
2,6,9,False,6,Spoofing,4,Mirai,0.49037397017892564,0.11892116061544,0.5270247029692076
2,6,9,False,6,Spoofing,5,Recon,0.15072169304337232,0.12274330028226307,0.13388392227429521
2,6,9,False,6,Spoofing,6,Spoofing,0.13837658969429528,0.1540157195290166,0.10103837489641995
2,6,9,False,6,Spoofing,7,Web-Based,0.004922813378908436,0.15386876500377292,0.006832878378819363
2,6,9,False,7,Web-Based,0,Benign,0.18732316441356262,0.174695354055262,0.20573941393174097
2,6,9,False,7,Web-Based,1,BruteForce,0.0034297199380312095,0.1736301181414037,0.004988285031987422
2,6,9,False,7,Web-Based,2,DDoS,0.005077174966719941,0.06851354548194105,0.0078520559200081
2,6,9,False,7,Web-Based,3,DoS,0.002969873887610655,0.0411921787262153,0.0050920035248949455
2,6,9,False,7,Web-Based,4,Mirai,0.5843907011911635,0.12283303967931077,0.5967359652309505
2,6,9,False,7,Web-Based,5,Recon,0.11489780052945903,0.11232978634720575,0.09912271282795135
2,6,9,False,7,Web-Based,6,Spoofing,0.09765520850107468,0.1357879108144713,0.07408300743614007
2,6,9,False,7,Web-Based,7,Web-Based,0.004256356572378399,0.1710180667541902,0.006386556096326617
2,6,10,True,0,Benign,0,Benign,0.07023604368569043,0.17693810049742373,0.022270045567745377
2,6,10,True,0,Benign,1,BruteForce,0.3162292550421645,0.14979887260804978,0.019048116147505827
2,6,10,True,0,Benign,2,DDoS,0.060725451657026024,0.08421134103810902,0.058264932055389435
2,6,10,True,0,Benign,3,DoS,0.06747064069551993,0.08136637455578678,0.04369451153948292
2,6,10,True,0,Benign,4,Mirai,0.08063463099965557,0.11632792024360301,0.07935026555243353
2,6,10,True,0,Benign,5,Recon,0.06201106796792075,0.11320834628121339,0.13568543610090097
2,6,10,True,0,Benign,6,Spoofing,0.07548237386868091,0.13967471975489198,0.3294301928385613
2,6,10,True,0,Benign,7,Web-Based,0.2672105360833419,0.13847432502092244,0.3122565001979806
2,6,10,True,1,BruteForce,0,Benign,0.06493008023680853,0.14922067755415444,0.021395882591181345
2,6,10,True,1,BruteForce,1,BruteForce,0.3200916934914874,0.2362847852854619,0.01820485343619936
2,6,10,True,1,BruteForce,2,DDoS,0.05781329691523015,0.06756333878072705,0.027800501153444554
2,6,10,True,1,BruteForce,3,DoS,0.06788519090927013,0.03793922652664536,0.030508297120172185
2,6,10,True,1,BruteForce,4,Mirai,0.08015540122092885,0.11690508127046449,0.09075246456452916
2,6,10,True,1,BruteForce,5,Recon,0.059381626937027525,0.08565534599836104,0.1355921528596097
2,6,10,True,1,BruteForce,6,Spoofing,0.07320123588530764,0.12651483297540306,0.2919583863509789
2,6,10,True,1,BruteForce,7,Web-Based,0.2765414744039399,0.17991671160878267,0.38378746192388474
2,6,10,True,2,DDoS,0,Benign,0.07488125892336293,0.08150019156428369,0.02146354989899178
2,6,10,True,2,DDoS,1,BruteForce,0.30767750681313916,0.05181645442710665,0.021106456308982644
2,6,10,True,2,DDoS,2,DDoS,0.07874019229997986,0.5524647011408362,0.6022786062618589
2,6,10,True,2,DDoS,3,DoS,0.07008740147082212,0.05326100463026133,0.024344013283275748
2,6,10,True,2,DDoS,4,Mirai,0.08809090865529597,0.08663878944164456,0.040499910327815074
2,6,10,True,2,DDoS,5,Recon,0.06134572489703632,0.06719836925868643,0.05963832227706456
2,6,10,True,2,DDoS,6,Spoofing,0.07142637020977302,0.0608883086796463,0.10744966039347457
2,6,10,True,2,DDoS,7,Web-Based,0.24775063673059058,0.04623218085753486,0.12321948124853671
2,6,10,True,3,DoS,0,Benign,0.05088428071064536,0.0753178709785007,0.016524256399403355
2,6,10,True,3,DoS,1,BruteForce,0.2785334426956788,0.08010054337340382,0.024251685421476613
2,6,10,True,3,DoS,2,DDoS,0.07270165201643337,0.11008626580601007,0.1921524231437968
2,6,10,True,3,DoS,3,DoS,0.1539252922803763,0.4615013670672155,0.3432196650431296
2,6,10,True,3,DoS,4,Mirai,0.08994053693671818,0.10579379174264572,0.04899223425140833
2,6,10,True,3,DoS,5,Recon,0.04555176048672266,0.058233485083888696,0.06773421950960029
2,6,10,True,3,DoS,6,Spoofing,0.07048227730648392,0.07710588433189658,0.18115959177665295
2,6,10,True,3,DoS,7,Web-Based,0.23798075756694134,0.031860791616438976,0.12596592445453203
2,6,10,True,4,Mirai,0,Benign,0.06563085830904956,0.14790815074423336,0.020906360869143853
2,6,10,True,4,Mirai,1,BruteForce,0.316778749012107,0.18126762877239194,0.018484991654150906
2,6,10,True,4,Mirai,2,DDoS,0.06070876826270968,0.09066300307627478,0.04526853483889094
2,6,10,True,4,Mirai,3,DoS,0.06873195048379062,0.07114089165485767,0.04057060523043271
2,6,10,True,4,Mirai,4,Mirai,0.08761240541721256,0.14251175004993233,0.0930199027442174
2,6,10,True,4,Mirai,5,Recon,0.05679318218594812,0.08649432086225553,0.1230947051897784
2,6,10,True,4,Mirai,6,Spoofing,0.0745206551130173,0.12470438539374229,0.32823821797470715
2,6,10,True,4,Mirai,7,Web-Based,0.26922343121616504,0.1553098694463121,0.33041668149867864
2,6,10,True,5,Recon,0,Benign,0.06339715197988824,0.1444135165606184,0.021000630285856473
2,6,10,True,5,Recon,1,BruteForce,0.31989357278669467,0.21405267512036602,0.01812983451842123
2,6,10,True,5,Recon,2,DDoS,0.05824717814115787,0.06607869149218892,0.027754586994734036
2,6,10,True,5,Recon,3,DoS,0.06861872491607376,0.03902616847265339,0.031053758674665574
2,6,10,True,5,Recon,4,Mirai,0.07979961528744818,0.11289513842898172,0.08863199214013308
2,6,10,True,5,Recon,5,Recon,0.06006016528201352,0.1187985050575555,0.1505426834996439
2,6,10,True,5,Recon,6,Spoofing,0.07088943136629101,0.12279812808295813,0.2842386896914777
2,6,10,True,5,Recon,7,Web-Based,0.2790941602404328,0.18193717678467786,0.37864782419506804
2,6,10,True,6,Spoofing,0,Benign,0.06851527954755361,0.1686428320227216,0.0219464716626074
2,6,10,True,6,Spoofing,1,BruteForce,0.3129872681241244,0.17033536834541566,0.017590292229546802
2,6,10,True,6,Spoofing,2,DDoS,0.05942108836930364,0.060745503092817184,0.02732242244704799
2,6,10,True,6,Spoofing,3,DoS,0.06727202743233308,0.050727351108552865,0.03497819372947385
2,6,10,True,6,Spoofing,4,Mirai,0.08208476387942727,0.11892116061544,0.08108459950483436
2,6,10,True,6,Spoofing,5,Recon,0.06319163411557063,0.12274330028226307,0.13512999372248
2,6,10,True,6,Spoofing,6,Spoofing,0.07765124290204826,0.1540157195290166,0.34700179629198724
2,6,10,True,6,Spoofing,7,Web-Based,0.268876695629639,0.15386876500377292,0.33494623041202237
2,6,10,True,7,Web-Based,0,Benign,0.06745999995868311,0.174695354055262,0.02233567399325899
2,6,10,True,7,Web-Based,1,BruteForce,0.31538002439224927,0.1736301181414037,0.017738799278910797
2,6,10,True,7,Web-Based,2,DDoS,0.05900183494783109,0.06851354548194105,0.02980222971691401
2,6,10,True,7,Web-Based,3,DoS,0.0669921925682021,0.0411921787262153,0.031205773506683104
2,6,10,True,7,Web-Based,4,Mirai,0.08175537320799706,0.12283303967931077,0.08933694551850077
2,6,10,True,7,Web-Based,5,Recon,0.06133036573924087,0.11232978634720575,0.13496437980333795
2,6,10,True,7,Web-Based,6,Spoofing,0.0732186487631125,0.1357879108144713,0.30979530381561704
2,6,10,True,7,Web-Based,7,Web-Based,0.274861560422684,0.1710180667541902,0.3648208943667773
2,6,11,False,0,Benign,0,Benign,0.5152481199614857,0.17693810049742373,0.5054759344795156
2,6,11,False,0,Benign,1,BruteForce,0.005669553894725334,0.14979887260804978,0.007462605127298825
2,6,11,False,0,Benign,2,DDoS,0.005827520119344912,0.08421134103810902,0.010640381605379423
2,6,11,False,0,Benign,3,DoS,0.008127922775971314,0.08136637455578678,0.014780983180301552
2,6,11,False,0,Benign,4,Mirai,0.08171470905796831,0.11632792024360301,0.08417180931879836
2,6,11,False,0,Benign,5,Recon,0.11393141858491321,0.11320834628121339,0.1373969726142291
2,6,11,False,0,Benign,6,Spoofing,0.2634451292498132,0.13967471975489198,0.23190462746669555
2,6,11,False,0,Benign,7,Web-Based,0.006035626355778066,0.13847432502092244,0.008166686207781701
2,6,11,False,1,BruteForce,0,Benign,0.49630558453679635,0.14922067755415444,0.5106147524192624
2,6,11,False,1,BruteForce,1,BruteForce,0.006149919829641523,0.2362847852854619,0.007222023432318588
2,6,11,False,1,BruteForce,2,DDoS,0.004739274333104733,0.06756333878072705,0.009715753075438184
2,6,11,False,1,BruteForce,3,DoS,0.005486989447028892,0.03793922652664536,0.00845695820506947
2,6,11,False,1,BruteForce,4,Mirai,0.09911213353893412,0.11690508127046449,0.08771126418285896
2,6,11,False,1,BruteForce,5,Recon,0.1141095979378261,0.08565534599836104,0.13823024944282974
2,6,11,False,1,BruteForce,6,Spoofing,0.2676524967488975,0.12651483297540306,0.23020952939325387
2,6,11,False,1,BruteForce,7,Web-Based,0.006444003627770875,0.17991671160878267,0.00783946984896885
2,6,11,False,2,DDoS,0,Benign,0.15777651413876426,0.08150019156428369,0.391693033549768
2,6,11,False,2,DDoS,1,BruteForce,0.00929240647008239,0.05181645442710665,0.012270970192291
2,6,11,False,2,DDoS,2,DDoS,0.5142136715394401,0.5524647011408362,0.14293445703506732
2,6,11,False,2,DDoS,3,DoS,0.022330308355166625,0.05326100463026133,0.0346928188460991
2,6,11,False,2,DDoS,4,Mirai,0.1001027511820487,0.08663878944164456,0.08264899631452405
2,6,11,False,2,DDoS,5,Recon,0.07000241337687191,0.06719836925868643,0.10654715777236783
2,6,11,False,2,DDoS,6,Spoofing,0.11795590500387526,0.0608883086796463,0.2163560792426348
2,6,11,False,2,DDoS,7,Web-Based,0.008326029933750936,0.04623218085753486,0.012856487047247967
2,6,11,False,3,DoS,0,Benign,0.060882041504604203,0.0753178709785007,0.10309353673587984
2,6,11,False,3,DoS,1,BruteForce,0.010191641603333284,0.08010054337340382,0.016412016849813423
2,6,11,False,3,DoS,2,DDoS,0.015066920108911657,0.11008626580601007,0.01715386702274042
2,6,11,False,3,DoS,3,DoS,0.6330495350131781,0.4615013670672155,0.4905930896630506
2,6,11,False,3,DoS,4,Mirai,0.04681274944827818,0.10579379174264572,0.06735126521196996
2,6,11,False,3,DoS,5,Recon,0.02112107854588221,0.058233485083888696,0.03254476557324266
2,6,11,False,3,DoS,6,Spoofing,0.2060537562993774,0.07710588433189658,0.2576296574068613
2,6,11,False,3,DoS,7,Web-Based,0.00682227747643506,0.031860791616438976,0.015221801536441816
2,6,11,False,4,Mirai,0,Benign,0.45670569386278226,0.14790815074423336,0.4930178028074896
2,6,11,False,4,Mirai,1,BruteForce,0.00568056839039391,0.18126762877239194,0.007418595071505128
2,6,11,False,4,Mirai,2,DDoS,0.0062998666834462175,0.09066300307627478,0.010673475310734544
2,6,11,False,4,Mirai,3,DoS,0.009205251517734072,0.07114089165485767,0.017015575176746667
2,6,11,False,4,Mirai,4,Mirai,0.17002054466672517,0.14251175004993233,0.12286600958710883
2,6,11,False,4,Mirai,5,Recon,0.07684296487423846,0.08649432086225553,0.08906886765228121
2,6,11,False,4,Mirai,6,Spoofing,0.2686231260689853,0.12470438539374229,0.2510653933064498
2,6,11,False,4,Mirai,7,Web-Based,0.00662198393569456,0.1553098694463121,0.008874281087684113
2,6,11,False,5,Recon,0,Benign,0.49802407685424993,0.1444135165606184,0.4927068831424751
2,6,11,False,5,Recon,1,BruteForce,0.006067104655750963,0.21405267512036602,0.00742554195106978
2,6,11,False,5,Recon,2,DDoS,0.004430838743568142,0.06607869149218892,0.009624595886530429
2,6,11,False,5,Recon,3,DoS,0.005111639317528239,0.03902616847265339,0.008328389430311143
2,6,11,False,5,Recon,4,Mirai,0.07857468166534556,0.11289513842898172,0.08341663457695307
2,6,11,False,5,Recon,5,Recon,0.17647267534131042,0.1187985050575555,0.18752957396487546
2,6,11,False,5,Recon,6,Spoofing,0.22507640777668336,0.12279812808295813,0.20326917878805226
2,6,11,False,5,Recon,7,Web-Based,0.006242575645563411,0.18193717678467786,0.0076992022597328095
2,6,11,False,6,Spoofing,0,Benign,0.4656897432127662,0.1686428320227216,0.48286301836284756
2,6,11,False,6,Spoofing,1,BruteForce,0.0055686685172141245,0.17033536834541566,0.007235802502337834
2,6,11,False,6,Spoofing,2,DDoS,0.005122483280107369,0.060745503092817184,0.009895507549570342
2,6,11,False,6,Spoofing,3,DoS,0.0056449656286948965,0.050727351108552865,0.009983399578093499
2,6,11,False,6,Spoofing,4,Mirai,0.07232820341037426,0.11892116061544,0.0785594528290734
2,6,11,False,6,Spoofing,5,Recon,0.11097915350483567,0.12274330028226307,0.12942968868645746
2,6,11,False,6,Spoofing,6,Spoofing,0.3285310669956117,0.1540157195290166,0.2740407670468335
2,6,11,False,6,Spoofing,7,Web-Based,0.006135715450395859,0.15386876500377292,0.007992363444786446
2,6,11,False,7,Web-Based,0,Benign,0.5102555446777294,0.174695354055262,0.5289669156973816
2,6,11,False,7,Web-Based,1,BruteForce,0.005547146455636756,0.1736301181414037,0.006997340482420253
2,6,11,False,7,Web-Based,2,DDoS,0.005248150123126481,0.06851354548194105,0.009770151186618404
2,6,11,False,7,Web-Based,3,DoS,0.006016928763224562,0.0411921787262153,0.009807038889836544
2,6,11,False,7,Web-Based,4,Mirai,0.10814474405169967,0.12283303967931077,0.09178229978131258
2,6,11,False,7,Web-Based,5,Recon,0.09850928018462661,0.11232978634720575,0.12418983171646154
2,6,11,False,7,Web-Based,6,Spoofing,0.25989415860566983,0.1357879108144713,0.2204966630762761
2,6,11,False,7,Web-Based,7,Web-Based,0.006384047138286607,0.1710180667541902,0.007989759169692986
2,6,12,False,0,Benign,0,Benign,0.022742416222216486,0.17693810049742373,0.026462665550044947
2,6,12,False,0,Benign,1,BruteForce,0.010294260881422924,0.14979887260804978,0.012055694095309408
2,6,12,False,0,Benign,2,DDoS,0.010708158973446813,0.08421134103810902,0.014718325348589106
2,6,12,False,0,Benign,3,DoS,0.0783138709063943,0.08136637455578678,0.09649944847369452
2,6,12,False,0,Benign,4,Mirai,0.5298384594003213,0.11632792024360301,0.497085396462591
2,6,12,False,0,Benign,5,Recon,0.1419060411724854,0.11320834628121339,0.12355267580960916
2,6,12,False,0,Benign,6,Spoofing,0.15133649644245223,0.13967471975489198,0.18046671219629276
2,6,12,False,0,Benign,7,Web-Based,0.05486029600126067,0.13847432502092244,0.04915908206386924
2,6,12,False,1,BruteForce,0,Benign,0.023434888807109665,0.14922067755415444,0.025107642284793254
2,6,12,False,1,BruteForce,1,BruteForce,0.01281965656031643,0.2362847852854619,0.01200549613060556
2,6,12,False,1,BruteForce,2,DDoS,0.009762163088075638,0.06756333878072705,0.013128686943424587
2,6,12,False,1,BruteForce,3,DoS,0.017049735405385943,0.03793922652664536,0.029005819762036804
2,6,12,False,1,BruteForce,4,Mirai,0.5789891680047052,0.11690508127046449,0.5528058772746978
2,6,12,False,1,BruteForce,5,Recon,0.12887819460000122,0.08565534599836104,0.13472743978366244
2,6,12,False,1,BruteForce,6,Spoofing,0.15041678523950397,0.12651483297540306,0.17409356481768265
2,6,12,False,1,BruteForce,7,Web-Based,0.07864940829490201,0.17991671160878267,0.059125473003096875
2,6,12,False,2,DDoS,0,Benign,0.014120705703836554,0.08150019156428369,0.030003869943939145
2,6,12,False,2,DDoS,1,BruteForce,0.011840182921664655,0.05181645442710665,0.017771132103718997
2,6,12,False,2,DDoS,2,DDoS,0.49755921442405,0.5524647011408362,0.3171184497345759
2,6,12,False,2,DDoS,3,DoS,0.09734259584850515,0.05326100463026133,0.10086297956612204
2,6,12,False,2,DDoS,4,Mirai,0.22970960677543611,0.08663878944164456,0.3132603556709456
2,6,12,False,2,DDoS,5,Recon,0.08129759629776268,0.06719836925868643,0.09257944457817051
2,6,12,False,2,DDoS,6,Spoofing,0.0416887227484048,0.0608883086796463,0.08977983377810282
2,6,12,False,2,DDoS,7,Web-Based,0.02644137528034016,0.04623218085753486,0.03862393462442499
2,6,12,False,3,DoS,0,Benign,0.005505195741273762,0.0753178709785007,0.010999057746118568
2,6,12,False,3,DoS,1,BruteForce,0.009659309617622453,0.08010054337340382,0.0175514269892811
2,6,12,False,3,DoS,2,DDoS,0.016621423999939204,0.11008626580601007,0.020152437677119866
2,6,12,False,3,DoS,3,DoS,0.8221801212623504,0.4615013670672155,0.7022069929548109
2,6,12,False,3,DoS,4,Mirai,0.06884662642026868,0.10579379174264572,0.11680458200945516
2,6,12,False,3,DoS,5,Recon,0.028548702238617333,0.058233485083888696,0.03703591624944796
2,6,12,False,3,DoS,6,Spoofing,0.034757071420235305,0.07710588433189658,0.07279207348035582
2,6,12,False,3,DoS,7,Web-Based,0.013881549299692899,0.031860791616438976,0.022457512893410584
2,6,12,False,4,Mirai,0,Benign,0.019890139063858565,0.14790815074423336,0.02594305074139693
2,6,12,False,4,Mirai,1,BruteForce,0.009054973287593382,0.18126762877239194,0.010684721840303734
2,6,12,False,4,Mirai,2,DDoS,0.011462390956806554,0.09066300307627478,0.015048815664166753
2,6,12,False,4,Mirai,3,DoS,0.03153537363913957,0.07114089165485767,0.0529732702800002
2,6,12,False,4,Mirai,4,Mirai,0.6739675792511016,0.14251175004993233,0.6064310047794048
2,6,12,False,4,Mirai,5,Recon,0.09563877180568207,0.08649432086225553,0.095220632058516
2,6,12,False,4,Mirai,6,Spoofing,0.1118223708351415,0.12470438539374229,0.14817769204580464
2,6,12,False,4,Mirai,7,Web-Based,0.046628401160676715,0.1553098694463121,0.045520812590406794
2,6,12,False,5,Recon,0,Benign,0.022342429430289138,0.1444135165606184,0.023632525474858623
2,6,12,False,5,Recon,1,BruteForce,0.012823140447198976,0.21405267512036602,0.012284384474508312
2,6,12,False,5,Recon,2,DDoS,0.009675324531014958,0.06607869149218892,0.01318532466708884
2,6,12,False,5,Recon,3,DoS,0.020082572982344202,0.03902616847265339,0.0314168214343716
2,6,12,False,5,Recon,4,Mirai,0.5445482365305165,0.11289513842898172,0.5370038599406017
2,6,12,False,5,Recon,5,Recon,0.16740730206390553,0.1187985050575555,0.16281062096259766
2,6,12,False,5,Recon,6,Spoofing,0.1436392297023196,0.12279812808295813,0.1625838537369057
2,6,12,False,5,Recon,7,Web-Based,0.07948176431241114,0.18193717678467786,0.05708260930906753
2,6,12,False,6,Spoofing,0,Benign,0.0229993584730419,0.1686428320227216,0.026469107199742777
2,6,12,False,6,Spoofing,1,BruteForce,0.010820468909769962,0.17033536834541566,0.011622460802595755
2,6,12,False,6,Spoofing,2,DDoS,0.009575902797790598,0.060745503092817184,0.013628173719736776
2,6,12,False,6,Spoofing,3,DoS,0.03438739731986603,0.050727351108552865,0.05960305714089781
2,6,12,False,6,Spoofing,4,Mirai,0.5132411553719788,0.11892116061544,0.49415070750533713
2,6,12,False,6,Spoofing,5,Recon,0.15530637624898797,0.12274330028226307,0.1245803767133329
2,6,12,False,6,Spoofing,6,Spoofing,0.18732822809975694,0.1540157195290166,0.2142325937076371
2,6,12,False,6,Spoofing,7,Web-Based,0.06634111277880803,0.15386876500377292,0.05571352321071982
2,6,12,False,7,Web-Based,0,Benign,0.022625859692711386,0.174695354055262,0.02641490311951378
2,6,12,False,7,Web-Based,1,BruteForce,0.010363037995480958,0.1736301181414037,0.011202996129719044
2,6,12,False,7,Web-Based,2,DDoS,0.00982509429912123,0.06851354548194105,0.013888644164304482
2,6,12,False,7,Web-Based,3,DoS,0.02846641832095082,0.0411921787262153,0.03456977866360679
2,6,12,False,7,Web-Based,4,Mirai,0.5783777100280645,0.12283303967931077,0.5575893799557168
2,6,12,False,7,Web-Based,5,Recon,0.14282042140457823,0.11232978634720575,0.13010916216150645
2,6,12,False,7,Web-Based,6,Spoofing,0.142389007238536,0.1357879108144713,0.1695661573199577
2,6,12,False,7,Web-Based,7,Web-Based,0.0651324510205569,0.1710180667541902,0.056658978485675054
2,6,13,False,0,Benign,0,Benign,0.058650824066285925,0.17693810049742373,0.06055386004083888
2,6,13,False,0,Benign,1,BruteForce,0.11882879796472119,0.14979887260804978,0.09363316921225759
2,6,13,False,0,Benign,2,DDoS,0.05726527904873505,0.08421134103810902,0.06796401271045555
2,6,13,False,0,Benign,3,DoS,0.011575896402898663,0.08136637455578678,0.01536906606727667
2,6,13,False,0,Benign,4,Mirai,0.0543700711218273,0.11632792024360301,0.05432285348042039
2,6,13,False,0,Benign,5,Recon,0.35013629901766996,0.11320834628121339,0.39795739412411263
2,6,13,False,0,Benign,6,Spoofing,0.13914339301017137,0.13967471975489198,0.1273448450201094
2,6,13,False,0,Benign,7,Web-Based,0.21002943936769058,0.13847432502092244,0.18285479934452892
2,6,13,False,1,BruteForce,0,Benign,0.06329493464211784,0.14922067755415444,0.06219007911701284
2,6,13,False,1,BruteForce,1,BruteForce,0.16290287497665154,0.2362847852854619,0.11360017528602807
2,6,13,False,1,BruteForce,2,DDoS,0.024987412049588358,0.06756333878072705,0.024879683051240126
2,6,13,False,1,BruteForce,3,DoS,0.012946129921730049,0.03793922652664536,0.01628907518567972
2,6,13,False,1,BruteForce,4,Mirai,0.06242899099162344,0.11690508127046449,0.05909321433342645
2,6,13,False,1,BruteForce,5,Recon,0.2816604832637401,0.08565534599836104,0.39380068182300615
2,6,13,False,1,BruteForce,6,Spoofing,0.12617031031106687,0.12651483297540306,0.1127826349398934
2,6,13,False,1,BruteForce,7,Web-Based,0.26560886384348176,0.17991671160878267,0.21736445626371323
2,6,13,False,2,DDoS,0,Benign,0.021523127583661022,0.08150019156428369,0.029645218230663097
2,6,13,False,2,DDoS,1,BruteForce,0.04419667889196277,0.05181645442710665,0.044390003608591314
2,6,13,False,2,DDoS,2,DDoS,0.6688743268982779,0.5524647011408362,0.6352909363725004
2,6,13,False,2,DDoS,3,DoS,0.006279236037548433,0.05326100463026133,0.010503117844130891
2,6,13,False,2,DDoS,4,Mirai,0.02911356212871934,0.08663878944164456,0.02860493938647318
2,6,13,False,2,DDoS,5,Recon,0.12320295231264106,0.06719836925868643,0.13708271084685927
2,6,13,False,2,DDoS,6,Spoofing,0.041091890232820026,0.0608883086796463,0.05030055513476766
2,6,13,False,2,DDoS,7,Web-Based,0.06571822591436947,0.04623218085753486,0.06418251857601417
2,6,13,False,3,DoS,0,Benign,0.017399089081566045,0.0753178709785007,0.03233971978002759
2,6,13,False,3,DoS,1,BruteForce,0.06308919352646056,0.08010054337340382,0.05300713177743538
2,6,13,False,3,DoS,2,DDoS,0.30421113469217903,0.11008626580601007,0.2691257299968779
2,6,13,False,3,DoS,3,DoS,0.2733134886871957,0.4615013670672155,0.05076355300514008
2,6,13,False,3,DoS,4,Mirai,0.07310688102420802,0.10579379174264572,0.061014517512999064
2,6,13,False,3,DoS,5,Recon,0.08808271428841835,0.058233485083888696,0.29218726986237215
2,6,13,False,3,DoS,6,Spoofing,0.10485593315979884,0.07710588433189658,0.11358387417877497
2,6,13,False,3,DoS,7,Web-Based,0.07594156554017355,0.031860791616438976,0.12797820388637293
2,6,13,False,4,Mirai,0,Benign,0.060675243808697994,0.14790815074423336,0.06505704215425251
2,6,13,False,4,Mirai,1,BruteForce,0.14826609230679583,0.18126762877239194,0.10857552825100836
2,6,13,False,4,Mirai,2,DDoS,0.058681623654202084,0.09066300307627478,0.054829259904598894
2,6,13,False,4,Mirai,3,DoS,0.012839591346559508,0.07114089165485767,0.01631967809243778
2,6,13,False,4,Mirai,4,Mirai,0.09923102136761594,0.14251175004993233,0.06634550226409335
2,6,13,False,4,Mirai,5,Recon,0.2599516471662808,0.08649432086225553,0.36094686593090997
2,6,13,False,4,Mirai,6,Spoofing,0.1388441514969589,0.12470438539374229,0.12982506029211566
2,6,13,False,4,Mirai,7,Web-Based,0.22151062885288908,0.1553098694463121,0.19810106311058343
2,6,13,False,5,Recon,0,Benign,0.05942680965797829,0.1444135165606184,0.058890944199925195
2,6,13,False,5,Recon,1,BruteForce,0.14946919539479728,0.21405267512036602,0.10996258594731881
2,6,13,False,5,Recon,2,DDoS,0.022957924517566355,0.06607869149218892,0.024575459907588162
2,6,13,False,5,Recon,3,DoS,0.01229983518593268,0.03902616847265339,0.016073495926865418
2,6,13,False,5,Recon,4,Mirai,0.05566217481414485,0.11289513842898172,0.05682780049595466
2,6,13,False,5,Recon,5,Recon,0.33452853840537106,0.1187985050575555,0.4166202590929207
2,6,13,False,5,Recon,6,Spoofing,0.1154823400854571,0.12279812808295813,0.10761596507282863
2,6,13,False,5,Recon,7,Web-Based,0.2501731819387524,0.18193717678467786,0.20943348935659842
2,6,13,False,6,Spoofing,0,Benign,0.05657922186455292,0.1686428320227216,0.05824697724820248
2,6,13,False,6,Spoofing,1,BruteForce,0.12170395785000628,0.17033536834541566,0.09347761890614228
2,6,13,False,6,Spoofing,2,DDoS,0.021416292417588634,0.060745503092817184,0.023553621414356338
2,6,13,False,6,Spoofing,3,DoS,0.011959877071181598,0.050727351108552865,0.015169114494199247
2,6,13,False,6,Spoofing,4,Mirai,0.0549564606669396,0.11892116061544,0.05348185281645945
2,6,13,False,6,Spoofing,5,Recon,0.3647552063168495,0.12274330028226307,0.4310847366068133
2,6,13,False,6,Spoofing,6,Spoofing,0.1383677905228765,0.1540157195290166,0.12784485484416347
2,6,13,False,6,Spoofing,7,Web-Based,0.2302611932900049,0.15386876500377292,0.19714122366966352
2,6,13,False,7,Web-Based,0,Benign,0.061999671250634644,0.174695354055262,0.06390660193207431
2,6,13,False,7,Web-Based,1,BruteForce,0.1380308332367498,0.1736301181414037,0.10607394555793523
2,6,13,False,7,Web-Based,2,DDoS,0.02637282529256917,0.06851354548194105,0.030251013981192044
2,6,13,False,7,Web-Based,3,DoS,0.012044139843009592,0.0411921787262153,0.015764724610940636
2,6,13,False,7,Web-Based,4,Mirai,0.06690003221214016,0.12283303967931077,0.05832549336769389
2,6,13,False,7,Web-Based,5,Recon,0.3229647961681741,0.11232978634720575,0.40326458703784607
2,6,13,False,7,Web-Based,6,Spoofing,0.12953705266404897,0.1357879108144713,0.11685334765521006
2,6,13,False,7,Web-Based,7,Web-Based,0.24215064933267352,0.1710180667541902,0.20556028585710787
2,6,14,True,0,Benign,0,Benign,0.10411659341058598,0.17693810049742373,0.1480594796370353
2,6,14,True,0,Benign,1,BruteForce,0.3347901588450524,0.14979887260804978,0.09103057403818236
2,6,14,True,0,Benign,2,DDoS,0.06324459758601404,0.08421134103810902,0.13501037934870694
2,6,14,True,0,Benign,3,DoS,0.05374981475633694,0.08136637455578678,0.08956857574426136
2,6,14,True,0,Benign,4,Mirai,0.08962722290789966,0.11632792024360301,0.15442565169066882
2,6,14,True,0,Benign,5,Recon,0.06238750480561583,0.11320834628121339,0.16030056009055077
2,6,14,True,0,Benign,6,Spoofing,0.059924575525955294,0.13967471975489198,0.031531698583245976
2,6,14,True,0,Benign,7,Web-Based,0.23215953216253984,0.13847432502092244,0.19007308086734842
2,6,14,True,1,BruteForce,0,Benign,0.09106938086765454,0.14922067755415444,0.15016749450818784
2,6,14,True,1,BruteForce,1,BruteForce,0.35825282860913876,0.2362847852854619,0.11283321346819068
2,6,14,True,1,BruteForce,2,DDoS,0.06314079359696656,0.06756333878072705,0.09277722713760264
2,6,14,True,1,BruteForce,3,DoS,0.054999173183626196,0.03793922652664536,0.04227046551479721
2,6,14,True,1,BruteForce,4,Mirai,0.08793009888643236,0.11690508127046449,0.1726806064477769
2,6,14,True,1,BruteForce,5,Recon,0.05556739943642132,0.08565534599836104,0.15484809839740113
2,6,14,True,1,BruteForce,6,Spoofing,0.055352067202737845,0.12651483297540306,0.03177492365119014
2,6,14,True,1,BruteForce,7,Web-Based,0.2336882582170225,0.17991671160878267,0.24264797087485346
2,6,14,True,2,DDoS,0,Benign,0.12641062624990076,0.08150019156428369,0.05504383470168419
2,6,14,True,2,DDoS,1,BruteForce,0.29760623944629905,0.05181645442710665,0.04343006115053119
2,6,14,True,2,DDoS,2,DDoS,0.07711017230844694,0.5524647011408362,0.6399708418223041
2,6,14,True,2,DDoS,3,DoS,0.06129317631798622,0.05326100463026133,0.049627131916077385
2,6,14,True,2,DDoS,4,Mirai,0.09194305316804224,0.08663878944164456,0.06286634217661555
2,6,14,True,2,DDoS,5,Recon,0.07375700330628922,0.06719836925868643,0.059088950315579924
2,6,14,True,2,DDoS,6,Spoofing,0.05479000065250694,0.0608883086796463,0.016241914274441712
2,6,14,True,2,DDoS,7,Web-Based,0.21708972855052877,0.04623218085753486,0.07373092364276607
2,6,14,True,3,DoS,0,Benign,0.0711958356338236,0.0753178709785007,0.036745108652393624
2,6,14,True,3,DoS,1,BruteForce,0.28276996618981975,0.08010054337340382,0.04923689543867314
2,6,14,True,3,DoS,2,DDoS,0.07998894811850599,0.11008626580601007,0.2189361691991132
2,6,14,True,3,DoS,3,DoS,0.1063796615181161,0.4615013670672155,0.4824966946835219
2,6,14,True,3,DoS,4,Mirai,0.12411853393672347,0.10579379174264572,0.06901901062078761
2,6,14,True,3,DoS,5,Recon,0.04644597714579718,0.058233485083888696,0.05468298899091042
2,6,14,True,3,DoS,6,Spoofing,0.056030137733459724,0.07710588433189658,0.018572282182331694
2,6,14,True,3,DoS,7,Web-Based,0.23307093972375423,0.031860791616438976,0.07031085023226843
2,6,14,True,4,Mirai,0,Benign,0.09360526429023547,0.14790815074423336,0.14558260732719783
2,6,14,True,4,Mirai,1,BruteForce,0.3413909072166712,0.18126762877239194,0.10089984082769843
2,6,14,True,4,Mirai,2,DDoS,0.06552847123443206,0.09066300307627478,0.132365923533683
2,6,14,True,4,Mirai,3,DoS,0.055465437006329436,0.07114089165485767,0.07981239993660168
2,6,14,True,4,Mirai,4,Mirai,0.10080341985228324,0.14251175004993233,0.1897777612426273
2,6,14,True,4,Mirai,5,Recon,0.05407530625482745,0.08649432086225553,0.12823493531298275
2,6,14,True,4,Mirai,6,Spoofing,0.057864543284907,0.12470438539374229,0.03008714133987326
2,6,14,True,4,Mirai,7,Web-Based,0.23126665086031412,0.1553098694463121,0.1932393904793358
2,6,14,True,5,Recon,0,Benign,0.08890600722144919,0.1444135165606184,0.14467575747633607
2,6,14,True,5,Recon,1,BruteForce,0.3604887599935476,0.21405267512036602,0.1141463146584827
2,6,14,True,5,Recon,2,DDoS,0.06317027262946844,0.06607869149218892,0.09065836586990135
2,6,14,True,5,Recon,3,DoS,0.05581461403477233,0.03902616847265339,0.0434782976751668
2,6,14,True,5,Recon,4,Mirai,0.08625154203241862,0.11289513842898172,0.16795692760821904
2,6,14,True,5,Recon,5,Recon,0.056893603293043125,0.1187985050575555,0.16936905507596675
2,6,14,True,5,Recon,6,Spoofing,0.05337016108588171,0.12279812808295813,0.03200187725743563
2,6,14,True,5,Recon,7,Web-Based,0.23510503970941907,0.18193717678467786,0.2377134043784918
2,6,14,True,6,Spoofing,0,Benign,0.10099918249931304,0.1686428320227216,0.15515672168342898
2,6,14,True,6,Spoofing,1,BruteForce,0.33080900493058824,0.17033536834541566,0.09402456146783492
2,6,14,True,6,Spoofing,2,DDoS,0.06078774043566646,0.060745503092817184,0.08721759719181094
2,6,14,True,6,Spoofing,3,DoS,0.05197997791788279,0.050727351108552865,0.07751984771762219
2,6,14,True,6,Spoofing,4,Mirai,0.09157307993459653,0.11892116061544,0.15508192804945162
2,6,14,True,6,Spoofing,5,Recon,0.06484321792704674,0.12274330028226307,0.17753370357063722
2,6,14,True,6,Spoofing,6,Spoofing,0.06305014346951433,0.1540157195290166,0.03393015712444098
2,6,14,True,6,Spoofing,7,Web-Based,0.23595765288539197,0.15386876500377292,0.21953548319477323
2,6,14,True,7,Web-Based,0,Benign,0.09923466102967447,0.174695354055262,0.16189355912712247
2,6,14,True,7,Web-Based,1,BruteForce,0.3417065057598166,0.1736301181414037,0.10210076203622208
2,6,14,True,7,Web-Based,2,DDoS,0.06189304839152022,0.06851354548194105,0.10510760822241653
2,6,14,True,7,Web-Based,3,DoS,0.052897044882845835,0.0411921787262153,0.046255614517100856
2,6,14,True,7,Web-Based,4,Mirai,0.08997369535090141,0.12283303967931077,0.17585135880458092
2,6,14,True,7,Web-Based,5,Recon,0.06108597500099105,0.11232978634720575,0.15516483640281217
2,6,14,True,7,Web-Based,6,Spoofing,0.05737561784773753,0.1357879108144713,0.032388845509535816
2,6,14,True,7,Web-Based,7,Web-Based,0.23583345173651296,0.1710180667541902,0.22123741538020916
2,6,15,True,0,Benign,0,Benign,0.2890225689221279,0.17693810049742373,0.049839407048369984
2,6,15,True,0,Benign,1,BruteForce,0.1652903395614864,0.14979887260804978,0.031952746373506424
2,6,15,True,0,Benign,2,DDoS,0.03522522316572004,0.08421134103810902,0.5022519274526185
2,6,15,True,0,Benign,3,DoS,0.02561372428718742,0.08136637455578678,0.2867873313995385
2,6,15,True,0,Benign,4,Mirai,0.1284673867354685,0.11632792024360301,0.03710599221636177
2,6,15,True,0,Benign,5,Recon,0.12320664882296407,0.11320834628121339,0.023070707372011598
2,6,15,True,0,Benign,6,Spoofing,0.09638417213510093,0.13967471975489198,0.03884810561062139
2,6,15,True,0,Benign,7,Web-Based,0.13678993636994471,0.13847432502092244,0.03014378252697195
2,6,15,True,1,BruteForce,0,Benign,0.2446153590228255,0.14922067755415444,0.05207551206555742
2,6,15,True,1,BruteForce,1,BruteForce,0.2076546577995705,0.2362847852854619,0.033464480183938446
2,6,15,True,1,BruteForce,2,DDoS,0.0393037036161643,0.06756333878072705,0.5329504797880963
2,6,15,True,1,BruteForce,3,DoS,0.023110398343398952,0.03793922652664536,0.2504226473607079
2,6,15,True,1,BruteForce,4,Mirai,0.13929959062697878,0.11690508127046449,0.03849186840165198
2,6,15,True,1,BruteForce,5,Recon,0.10305686645818331,0.08565534599836104,0.02265328635101351
2,6,15,True,1,BruteForce,6,Spoofing,0.08689201948575406,0.12651483297540306,0.03799244616487405
2,6,15,True,1,BruteForce,7,Web-Based,0.15606740464712468,0.17991671160878267,0.0319492796841605
2,6,15,True,2,DDoS,0,Benign,0.19298345491047916,0.08150019156428369,0.037558931196428384
2,6,15,True,2,DDoS,1,BruteForce,0.12054915472219858,0.05181645442710665,0.02688383215724133
2,6,15,True,2,DDoS,2,DDoS,0.2774897941618388,0.5524647011408362,0.7419043758520436
2,6,15,True,2,DDoS,3,DoS,0.033106268491882744,0.05326100463026133,0.10634900120256495
2,6,15,True,2,DDoS,4,Mirai,0.10649131289108214,0.08663878944164456,0.027500291863635604
2,6,15,True,2,DDoS,5,Recon,0.09441426653898184,0.06719836925868643,0.016731122419306972
2,6,15,True,2,DDoS,6,Spoofing,0.057812707523429124,0.0608883086796463,0.021729241659544984
2,6,15,True,2,DDoS,7,Web-Based,0.11715304076010764,0.04623218085753486,0.0213432036492342
2,6,15,True,3,DoS,0,Benign,0.09522156602120328,0.0753178709785007,0.02093062169185039
2,6,15,True,3,DoS,1,BruteForce,0.10803086184043027,0.08010054337340382,0.03937447271880717
2,6,15,True,3,DoS,2,DDoS,0.0759737989399044,0.11008626580601007,0.230983461552189
2,6,15,True,3,DoS,3,DoS,0.11238292411206224,0.4615013670672155,0.6203742998024961
2,6,15,True,3,DoS,4,Mirai,0.3112920017639481,0.10579379174264572,0.02558702906097365
2,6,15,True,3,DoS,5,Recon,0.06294985202195223,0.058233485083888696,0.016732501945439
2,6,15,True,3,DoS,6,Spoofing,0.08481221837347654,0.07710588433189658,0.022870721632670718
2,6,15,True,3,DoS,7,Web-Based,0.14933677692702294,0.031860791616438976,0.02314689159557398
2,6,15,True,4,Mirai,0,Benign,0.2445583286654073,0.14790815074423336,0.04918618415140519
2,6,15,True,4,Mirai,1,BruteForce,0.17406440766846065,0.18126762877239194,0.03309853823094742
2,6,15,True,4,Mirai,2,DDoS,0.040569010585127206,0.09066300307627478,0.5135747760258506
2,6,15,True,4,Mirai,3,DoS,0.025662197125049743,0.07114089165485767,0.2778038421421814
2,6,15,True,4,Mirai,4,Mirai,0.2023254471077577,0.14251175004993233,0.039747188923165984
2,6,15,True,4,Mirai,5,Recon,0.08375297365454465,0.08649432086225553,0.018826301336706326
2,6,15,True,4,Mirai,6,Spoofing,0.08931232456475362,0.12470438539374229,0.03737634189122307
2,6,15,True,4,Mirai,7,Web-Based,0.1397553106288991,0.1553098694463121,0.030386827298520075
2,6,15,True,5,Recon,0,Benign,0.23446645616923084,0.1444135165606184,0.05231090400242893
2,6,15,True,5,Recon,1,BruteForce,0.21256546804043364,0.21405267512036602,0.03487046593706778
2,6,15,True,5,Recon,2,DDoS,0.038070443930863604,0.06607869149218892,0.5151354536604092
2,6,15,True,5,Recon,3,DoS,0.023841877084485267,0.03902616847265339,0.26560072345031455
2,6,15,True,5,Recon,4,Mirai,0.12205875787634525,0.11289513842898172,0.0376412932965182
2,6,15,True,5,Recon,5,Recon,0.13275047518214622,0.1187985050575555,0.022822761923066533
2,6,15,True,5,Recon,6,Spoofing,0.08062885556525694,0.12279812808295813,0.039236306790337246
2,6,15,True,5,Recon,7,Web-Based,0.1556176661512383,0.18193717678467786,0.03238209093985765
2,6,15,True,6,Spoofing,0,Benign,0.2647776395574192,0.1686428320227216,0.04989348536388863
2,6,15,True,6,Spoofing,1,BruteForce,0.17172889454514056,0.17033536834541566,0.03188649971154166
2,6,15,True,6,Spoofing,2,DDoS,0.032462368220805296,0.060745503092817184,0.48386588385254226
2,6,15,True,6,Spoofing,3,DoS,0.021767606750833467,0.050727351108552865,0.30516149358828903
2,6,15,True,6,Spoofing,4,Mirai,0.12904308515991536,0.11892116061544,0.03665031104580393
2,6,15,True,6,Spoofing,5,Recon,0.12917907531594394,0.12274330028226307,0.021957736856461973
2,6,15,True,6,Spoofing,6,Spoofing,0.10827737587150713,0.1540157195290166,0.0405992718729204
2,6,15,True,6,Spoofing,7,Web-Based,0.14276395457843513,0.15386876500377292,0.029985317708552225
2,6,15,True,7,Web-Based,0,Benign,0.2677442282057067,0.174695354055262,0.055652764274874436
2,6,15,True,7,Web-Based,1,BruteForce,0.1844108009755887,0.1736301181414037,0.030874757337916416
2,6,15,True,7,Web-Based,2,DDoS,0.0351731685782351,0.06851354548194105,0.5642708408093295
2,6,15,True,7,Web-Based,3,DoS,0.022225622021918478,0.0411921787262153,0.21004699373683333
2,6,15,True,7,Web-Based,4,Mirai,0.14425809563088907,0.12283303967931077,0.039571216454673305
2,6,15,True,7,Web-Based,5,Recon,0.11263893560566983,0.11232978634720575,0.02516263858178125
2,6,15,True,7,Web-Based,6,Spoofing,0.08772127793154642,0.1357879108144713,0.0418851396147757
2,6,15,True,7,Web-Based,7,Web-Based,0.14582787105044578,0.1710180667541902,0.032535649189816065
2,6,16,False,0,Benign,0,Benign,0.5221873900399562,0.17693810049742373,0.5289869720531107
2,6,16,False,0,Benign,1,BruteForce,0.023425371552244344,0.14979887260804978,0.022867332490681114
2,6,16,False,0,Benign,2,DDoS,0.17382187176073002,0.08421134103810902,0.16887718426678153
2,6,16,False,0,Benign,3,DoS,0.028217437023970098,0.08136637455578678,0.051841357131975206
2,6,16,False,0,Benign,4,Mirai,0.017007581683399546,0.11632792024360301,0.01948582065520686
2,6,16,False,0,Benign,5,Recon,0.02477960041808538,0.11320834628121339,0.023208244931691616
2,6,16,False,0,Benign,6,Spoofing,0.12986904732398732,0.13967471975489198,0.1089540888176844
2,6,16,False,0,Benign,7,Web-Based,0.08069170019762709,0.13847432502092244,0.07577899965286862
2,6,16,False,1,BruteForce,0,Benign,0.5144658542377342,0.14922067755415444,0.5744545563340866
2,6,16,False,1,BruteForce,1,BruteForce,0.0295626109553251,0.2362847852854619,0.023981889028737272
2,6,16,False,1,BruteForce,2,DDoS,0.1607219073824346,0.06756333878072705,0.12414438639312116
2,6,16,False,1,BruteForce,3,DoS,0.021250222611154102,0.03793922652664536,0.031614801917984124
2,6,16,False,1,BruteForce,4,Mirai,0.018220654839873857,0.11690508127046449,0.0186004018028425
2,6,16,False,1,BruteForce,5,Recon,0.021722143060939638,0.08565534599836104,0.023643384612350504
2,6,16,False,1,BruteForce,6,Spoofing,0.13484583229426766,0.12651483297540306,0.11807850717401792
2,6,16,False,1,BruteForce,7,Web-Based,0.09921077461827092,0.17991671160878267,0.08548207273686008
2,6,16,False,2,DDoS,0,Benign,0.15727638160610416,0.08150019156428369,0.1741260159576502
2,6,16,False,2,DDoS,1,BruteForce,0.014125700062597129,0.05181645442710665,0.020852015820541595
2,6,16,False,2,DDoS,2,DDoS,0.7144810108476625,0.5524647011408362,0.6737905432890671
2,6,16,False,2,DDoS,3,DoS,0.017969402917886484,0.05326100463026133,0.028548930532557998
2,6,16,False,2,DDoS,4,Mirai,0.009448106639234385,0.08663878944164456,0.014523519766539204
2,6,16,False,2,DDoS,5,Recon,0.010752686611096173,0.06719836925868643,0.012179546227798073
2,6,16,False,2,DDoS,6,Spoofing,0.04323082554785784,0.0608883086796463,0.04110077740829184
2,6,16,False,2,DDoS,7,Web-Based,0.03271588576756141,0.04623218085753486,0.03487865099755404
2,6,16,False,3,DoS,0,Benign,0.08528133334820409,0.0753178709785007,0.14296338459993616
2,6,16,False,3,DoS,1,BruteForce,0.01654637941244073,0.08010054337340382,0.028642659897336577
2,6,16,False,3,DoS,2,DDoS,0.2810246494840068,0.11008626580601007,0.3066166315495205
2,6,16,False,3,DoS,3,DoS,0.5225537478513181,0.4615013670672155,0.39191929596958774
2,6,16,False,3,DoS,4,Mirai,0.009321997630831417,0.10579379174264572,0.017658223094010092
2,6,16,False,3,DoS,5,Recon,0.009655799482268567,0.058233485083888696,0.013790035974995387
2,6,16,False,3,DoS,6,Spoofing,0.0481234829054439,0.07710588433189658,0.05532115693381596
2,6,16,False,3,DoS,7,Web-Based,0.027492609885486356,0.031860791616438976,0.0430886119807976
2,6,16,False,4,Mirai,0,Benign,0.46579335922179527,0.14790815074423336,0.5206070171457508
2,6,16,False,4,Mirai,1,BruteForce,0.026394854816018037,0.18126762877239194,0.023978315131557546
2,6,16,False,4,Mirai,2,DDoS,0.22267957568646266,0.09066300307627478,0.1769630014019333
2,6,16,False,4,Mirai,3,DoS,0.04289410711616725,0.07114089165485767,0.05453570918791254
2,6,16,False,4,Mirai,4,Mirai,0.018256508694416213,0.14251175004993233,0.01941199305439611
2,6,16,False,4,Mirai,5,Recon,0.019769431306382663,0.08649432086225553,0.02135227064962333
2,6,16,False,4,Mirai,6,Spoofing,0.12444880575754702,0.12470438539374229,0.1063665389238147
2,6,16,False,4,Mirai,7,Web-Based,0.079763357401211,0.1553098694463121,0.07678515450501171
2,6,16,False,5,Recon,0,Benign,0.5172917250629606,0.1444135165606184,0.5716181821311552
2,6,16,False,5,Recon,1,BruteForce,0.029520431299553736,0.21405267512036602,0.024593033053676886
2,6,16,False,5,Recon,2,DDoS,0.15286386809236466,0.06607869149218892,0.12484120043291991
2,6,16,False,5,Recon,3,DoS,0.02253228904565157,0.03902616847265339,0.03375637061389429
2,6,16,False,5,Recon,4,Mirai,0.017746209284625915,0.11289513842898172,0.01840659021605707
2,6,16,False,5,Recon,5,Recon,0.028714037920472908,0.1187985050575555,0.02445099893113418
2,6,16,False,5,Recon,6,Spoofing,0.13068458459105098,0.12279812808295813,0.1158587790935409
2,6,16,False,5,Recon,7,Web-Based,0.10064685470331972,0.18193717678467786,0.08647484552762154
2,6,16,False,6,Spoofing,0,Benign,0.5321851524055574,0.1686428320227216,0.5684098316127797
2,6,16,False,6,Spoofing,1,BruteForce,0.024357152722354072,0.17033536834541566,0.022899105575981814
2,6,16,False,6,Spoofing,2,DDoS,0.13357142745471723,0.060745503092817184,0.11984449504853653
2,6,16,False,6,Spoofing,3,DoS,0.021661755071812595,0.050727351108552865,0.04571222361566175
2,6,16,False,6,Spoofing,4,Mirai,0.017448356390953698,0.11892116061544,0.019652787043212223
2,6,16,False,6,Spoofing,5,Recon,0.025595269635508643,0.12274330028226307,0.02456865175624679
2,6,16,False,6,Spoofing,6,Spoofing,0.15911940778763228,0.1540157195290166,0.11996086300199292
2,6,16,False,6,Spoofing,7,Web-Based,0.08606147853146423,0.15386876500377292,0.0789520423455883
2,6,16,False,7,Web-Based,0,Benign,0.5319948295297173,0.174695354055262,0.5714476609725303
2,6,16,False,7,Web-Based,1,BruteForce,0.02629087468850401,0.1736301181414037,0.023310026981546425
2,6,16,False,7,Web-Based,2,DDoS,0.1484763144523028,0.06851354548194105,0.1346747131750776
2,6,16,False,7,Web-Based,3,DoS,0.022688570488881246,0.0411921787262153,0.03355962287673245
2,6,16,False,7,Web-Based,4,Mirai,0.018275975609069416,0.12283303967931077,0.019237949411600824
2,6,16,False,7,Web-Based,5,Recon,0.02369598448813508,0.11232978634720575,0.02394913990804512
2,6,16,False,7,Web-Based,6,Spoofing,0.13550064816055504,0.1357879108144713,0.11199076947497222
2,6,16,False,7,Web-Based,7,Web-Based,0.09307680258283507,0.1710180667541902,0.08183011719949508
2,6,17,True,0,Benign,0,Benign,0.07884750583806852,0.17693810049742373,0.286889015939312
2,6,17,True,0,Benign,1,BruteForce,0.29299250116745,0.14979887260804978,0.014141176556226539
2,6,17,True,0,Benign,2,DDoS,0.06823052361004288,0.08421134103810902,0.03934222345283236
2,6,17,True,0,Benign,3,DoS,0.0811266908330756,0.08136637455578678,0.07510850393543397
2,6,17,True,0,Benign,4,Mirai,0.08399393317717667,0.11632792024360301,0.4623639116782699
2,6,17,True,0,Benign,5,Recon,0.059488558123916596,0.11320834628121339,0.012580999550135604
2,6,17,True,0,Benign,6,Spoofing,0.05624639195397027,0.13967471975489198,0.01989494697695438
2,6,17,True,0,Benign,7,Web-Based,0.2790738952962995,0.13847432502092244,0.08967922191083538
2,6,17,True,1,BruteForce,0,Benign,0.07410934524938817,0.14922067755415444,0.26788477225842416
2,6,17,True,1,BruteForce,1,BruteForce,0.29282939421673276,0.2362847852854619,0.01355950147760995
2,6,17,True,1,BruteForce,2,DDoS,0.06550714682811563,0.06756333878072705,0.023824451384301438
2,6,17,True,1,BruteForce,3,DoS,0.08136246383923881,0.03793922652664536,0.021147476688527626
2,6,17,True,1,BruteForce,4,Mirai,0.08571755202918198,0.11690508127046449,0.5076466959494363
2,6,17,True,1,BruteForce,5,Recon,0.05764362186670154,0.08565534599836104,0.01194216929091869
2,6,17,True,1,BruteForce,6,Spoofing,0.05517163803566486,0.12651483297540306,0.021224212398854504
2,6,17,True,1,BruteForce,7,Web-Based,0.2876588379349763,0.17991671160878267,0.1327707205519274
2,6,17,True,2,DDoS,0,Benign,0.08555374849704495,0.08150019156428369,0.09965223464425019
2,6,17,True,2,DDoS,1,BruteForce,0.3058870179944951,0.05181645442710665,0.016912555800301876
2,6,17,True,2,DDoS,2,DDoS,0.07815958547447804,0.5524647011408362,0.5916063038604549
2,6,17,True,2,DDoS,3,DoS,0.07953407853010314,0.05326100463026133,0.059647025808189195
2,6,17,True,2,DDoS,4,Mirai,0.07967351996355422,0.08663878944164456,0.16515504529755384
2,6,17,True,2,DDoS,5,Recon,0.06172003451981609,0.06719836925868643,0.010300366663951063
2,6,17,True,2,DDoS,6,Spoofing,0.05671963908923094,0.0608883086796463,0.011752445730340406
2,6,17,True,2,DDoS,7,Web-Based,0.25275237593127764,0.04623218085753486,0.04497402219495862
2,6,17,True,3,DoS,0,Benign,0.06968257845765743,0.0753178709785007,0.05992432340690582
2,6,17,True,3,DoS,1,BruteForce,0.29622931035580063,0.08010054337340382,0.02264921063857181
2,6,17,True,3,DoS,2,DDoS,0.07494084964572097,0.11008626580601007,0.09107857185936827
2,6,17,True,3,DoS,3,DoS,0.0962945167403768,0.4615013670672155,0.6004928338303238
2,6,17,True,3,DoS,4,Mirai,0.08647682146297304,0.10579379174264572,0.16149540713187366
2,6,17,True,3,DoS,5,Recon,0.05155449098772571,0.058233485083888696,0.011963184394358726
2,6,17,True,3,DoS,6,Spoofing,0.05759091778466297,0.07710588433189658,0.014793874814484666
2,6,17,True,3,DoS,7,Web-Based,0.26723051456508246,0.031860791616438976,0.037602593924113276
2,6,17,True,4,Mirai,0,Benign,0.07458306730988849,0.14790815074423336,0.24452659773493632
2,6,17,True,4,Mirai,1,BruteForce,0.29289135751975154,0.18126762877239194,0.012452768444411106
2,6,17,True,4,Mirai,2,DDoS,0.0680107937058156,0.09066300307627478,0.02989616356771772
2,6,17,True,4,Mirai,3,DoS,0.08166214965868418,0.07114089165485767,0.03160659118771453
2,6,17,True,4,Mirai,4,Mirai,0.0879967539512282,0.14251175004993233,0.5618601648015825
2,6,17,True,4,Mirai,5,Recon,0.05684053059268521,0.08649432086225553,0.011154268779432132
2,6,17,True,4,Mirai,6,Spoofing,0.05617706476835521,0.12470438539374229,0.01860752929236095
2,6,17,True,4,Mirai,7,Web-Based,0.2818382824935916,0.1553098694463121,0.0898959161918447
2,6,17,True,5,Recon,0,Benign,0.07301189667341015,0.1444135165606184,0.25952094279778837
2,6,17,True,5,Recon,1,BruteForce,0.29142705586399764,0.21405267512036602,0.013930722871897163
2,6,17,True,5,Recon,2,DDoS,0.06608076365511248,0.06607869149218892,0.02460110721417558
2,6,17,True,5,Recon,3,DoS,0.08185055954095949,0.03902616847265339,0.026782891227141448
2,6,17,True,5,Recon,4,Mirai,0.08608502982928909,0.11289513842898172,0.5082181784870103
2,6,17,True,5,Recon,5,Recon,0.058338652189901315,0.1187985050575555,0.011940778991640274
2,6,17,True,5,Recon,6,Spoofing,0.054087563651947335,0.12279812808295813,0.02098337634349378
2,6,17,True,5,Recon,7,Web-Based,0.28911847859538264,0.18193717678467786,0.1340220020668531
2,6,17,True,6,Spoofing,0,Benign,0.0781601656267227,0.1686428320227216,0.302606185767156
2,6,17,True,6,Spoofing,1,BruteForce,0.29065015551518036,0.17033536834541566,0.013507241985149722
2,6,17,True,6,Spoofing,2,DDoS,0.06713408481744755,0.060745503092817184,0.025089976437142267
2,6,17,True,6,Spoofing,3,DoS,0.08007274213514556,0.050727351108552865,0.04117615354337931
2,6,17,True,6,Spoofing,4,Mirai,0.08535744199607964,0.11892116061544,0.48033069048874455
2,6,17,True,6,Spoofing,5,Recon,0.06020874062483719,0.12274330028226307,0.013000229641819839
2,6,17,True,6,Spoofing,6,Spoofing,0.05821989435715564,0.1540157195290166,0.021249318788605573
2,6,17,True,6,Spoofing,7,Web-Based,0.28019677492743145,0.15386876500377292,0.10304020334800273
2,6,17,True,7,Web-Based,0,Benign,0.0770880785536144,0.174695354055262,0.28968093350244056
2,6,17,True,7,Web-Based,1,BruteForce,0.28827301412742284,0.1736301181414037,0.013761211173983294
2,6,17,True,7,Web-Based,2,DDoS,0.06696104744344336,0.06851354548194105,0.027595103491214332
2,6,17,True,7,Web-Based,3,DoS,0.08014892238319073,0.0411921787262153,0.021580846561655005
2,6,17,True,7,Web-Based,4,Mirai,0.08593523471880714,0.12283303967931077,0.5045295700101171
2,6,17,True,7,Web-Based,5,Recon,0.05951253859935216,0.11232978634720575,0.012630118921325022
2,6,17,True,7,Web-Based,6,Spoofing,0.05597929043210856,0.1357879108144713,0.020622524472812886
2,6,17,True,7,Web-Based,7,Web-Based,0.28610187374206086,0.1710180667541902,0.10959969186645173
2,6,18,True,0,Benign,0,Benign,0.07807757619427196,0.17693810049742373,0.06003669693124527
2,6,18,True,0,Benign,1,BruteForce,0.34889231458189157,0.14979887260804978,0.015925282420627428
2,6,18,True,0,Benign,2,DDoS,0.07405816967643811,0.08421134103810902,0.1752512081883567
2,6,18,True,0,Benign,3,DoS,0.05980656263226199,0.08136637455578678,0.05925209115095998
2,6,18,True,0,Benign,4,Mirai,0.07945314624137871,0.11632792024360301,0.2680656923199855
2,6,18,True,0,Benign,5,Recon,0.05877411879826593,0.11320834628121339,0.10830681306316478
2,6,18,True,0,Benign,6,Spoofing,0.0607926205364347,0.13967471975489198,0.1953149492678493
2,6,18,True,0,Benign,7,Web-Based,0.24014549133905697,0.13847432502092244,0.11784726665781116
2,6,18,True,1,BruteForce,0,Benign,0.07106686625964331,0.14922067755415444,0.05985143394031293
2,6,18,True,1,BruteForce,1,BruteForce,0.3631981786197258,0.2362847852854619,0.015592786599150038
2,6,18,True,1,BruteForce,2,DDoS,0.07268207146841223,0.06756333878072705,0.1289359280752761
2,6,18,True,1,BruteForce,3,DoS,0.059037979254098975,0.03793922652664536,0.02215712225230054
2,6,18,True,1,BruteForce,4,Mirai,0.07948538330834672,0.11690508127046449,0.317016468517998
2,6,18,True,1,BruteForce,5,Recon,0.054634215652885405,0.08565534599836104,0.11847456578080608
2,6,18,True,1,BruteForce,6,Spoofing,0.057903257755141595,0.12651483297540306,0.18611693944709506
2,6,18,True,1,BruteForce,7,Web-Based,0.24199204768174595,0.17991671160878267,0.15185475538706122
2,6,18,True,2,DDoS,0,Benign,0.08390023262463449,0.08150019156428369,0.029062631855855094
2,6,18,True,2,DDoS,1,BruteForce,0.31772780675413803,0.05181645442710665,0.016288194304989984
2,6,18,True,2,DDoS,2,DDoS,0.08635343203250495,0.5524647011408362,0.6648201106739219
2,6,18,True,2,DDoS,3,DoS,0.0730799462841668,0.05326100463026133,0.034976272066712825
2,6,18,True,2,DDoS,4,Mirai,0.0775166621074532,0.08663878944164456,0.096397978138924
2,6,18,True,2,DDoS,5,Recon,0.0635663563074337,0.06719836925868643,0.05429758367867338
2,6,18,True,2,DDoS,6,Spoofing,0.061263793723700465,0.0608883086796463,0.056696095005218945
2,6,18,True,2,DDoS,7,Web-Based,0.23659177016596836,0.04623218085753486,0.047461134275703955
2,6,18,True,3,DoS,0,Benign,0.05811276701740689,0.0753178709785007,0.02066310555668643
2,6,18,True,3,DoS,1,BruteForce,0.307222822204872,0.08010054337340382,0.023275818268509742
2,6,18,True,3,DoS,2,DDoS,0.08589014598135179,0.11008626580601007,0.258822317646216
2,6,18,True,3,DoS,3,DoS,0.11206134573052363,0.4615013670672155,0.4234930144571863
2,6,18,True,3,DoS,4,Mirai,0.09061172972123845,0.10579379174264572,0.09426692062515364
2,6,18,True,3,DoS,5,Recon,0.0470657705258291,0.058233485083888696,0.039583359254818457
2,6,18,True,3,DoS,6,Spoofing,0.05743183529385734,0.07710588433189658,0.08592159588391285
2,6,18,True,3,DoS,7,Web-Based,0.2416035835249208,0.031860791616438976,0.05397386830751663
2,6,18,True,4,Mirai,0,Benign,0.07238785571232027,0.14790815074423336,0.05628407963491555
2,6,18,True,4,Mirai,1,BruteForce,0.3541499174562544,0.18126762877239194,0.01544059660104304
2,6,18,True,4,Mirai,2,DDoS,0.07503043292031102,0.09066300307627478,0.15448560210473708
2,6,18,True,4,Mirai,3,DoS,0.06088454644387765,0.07114089165485767,0.04912073475735243
2,6,18,True,4,Mirai,4,Mirai,0.08526610329987222,0.14251175004993233,0.3346982396821286
2,6,18,True,4,Mirai,5,Recon,0.05318263240776954,0.08649432086225553,0.09483282830803735
2,6,18,True,4,Mirai,6,Spoofing,0.059673075572261564,0.12470438539374229,0.17399327749416404
2,6,18,True,4,Mirai,7,Web-Based,0.23942543618733333,0.1553098694463121,0.12114464141762199
2,6,18,True,5,Recon,0,Benign,0.06975862691697944,0.1444135165606184,0.05812312447001411
2,6,18,True,5,Recon,1,BruteForce,0.3633259952233221,0.21405267512036602,0.015691333544148797
2,6,18,True,5,Recon,2,DDoS,0.07320945903514514,0.06607869149218892,0.122115431082052
2,6,18,True,5,Recon,3,DoS,0.05950306504237066,0.03902616847265339,0.022574914676715394
2,6,18,True,5,Recon,4,Mirai,0.07921691485554605,0.11289513842898172,0.3151549157088511
2,6,18,True,5,Recon,5,Recon,0.05577645758985569,0.1187985050575555,0.13887600447012433
2,6,18,True,5,Recon,6,Spoofing,0.05590437786251846,0.12279812808295813,0.17694869786890408
2,6,18,True,5,Recon,7,Web-Based,0.24330510347426249,0.18193717678467786,0.15051557817919023
2,6,18,True,6,Spoofing,0,Benign,0.07631247112259049,0.1686428320227216,0.06170834865848539
2,6,18,True,6,Spoofing,1,BruteForce,0.3463943616010427,0.17033536834541566,0.015800834351637857
2,6,18,True,6,Spoofing,2,DDoS,0.07173089138922036,0.060745503092817184,0.1232908717829644
2,6,18,True,6,Spoofing,3,DoS,0.05842776366266857,0.050727351108552865,0.04271692378464614
2,6,18,True,6,Spoofing,4,Mirai,0.08139883247018095,0.11892116061544,0.2729913861731602
2,6,18,True,6,Spoofing,5,Recon,0.059963243426935466,0.12274330028226307,0.11501973307918247
2,6,18,True,6,Spoofing,6,Spoofing,0.06272217016608256,0.1540157195290166,0.23591856384237125
2,6,18,True,6,Spoofing,7,Web-Based,0.24305026616127892,0.15386876500377292,0.13255333832755234
2,6,18,True,7,Web-Based,0,Benign,0.07513121507486584,0.174695354055262,0.06290869206457517
2,6,18,True,7,Web-Based,1,BruteForce,0.3527361478078053,0.1736301181414037,0.015319260554912553
2,6,18,True,7,Web-Based,2,DDoS,0.07274160625773353,0.06851354548194105,0.14188922350994165
2,6,18,True,7,Web-Based,3,DoS,0.058608150647157686,0.0411921787262153,0.02459099334319162
2,6,18,True,7,Web-Based,4,Mirai,0.08025282026922304,0.12283303967931077,0.31275061179402036
2,6,18,True,7,Web-Based,5,Recon,0.05776734429553019,0.11232978634720575,0.11708161224186986
2,6,18,True,7,Web-Based,6,Spoofing,0.05921499044213222,0.1357879108144713,0.1881912653758733
2,6,18,True,7,Web-Based,7,Web-Based,0.24354772520555226,0.1710180667541902,0.13726834111561545
2,6,19,False,0,Benign,0,Benign,0.09584858786549151,0.17693810049742373,0.08823387665806656
2,6,19,False,0,Benign,1,BruteForce,0.012983615072423049,0.14979887260804978,0.01888932090882132
2,6,19,False,0,Benign,2,DDoS,0.22984475541960636,0.08421134103810902,0.2429632693628746
2,6,19,False,0,Benign,3,DoS,0.0699131844961129,0.08136637455578678,0.08348141086570714
2,6,19,False,0,Benign,4,Mirai,0.014678830178205218,0.11632792024360301,0.019610591700312093
2,6,19,False,0,Benign,5,Recon,0.17688016152269267,0.11320834628121339,0.17813600008336025
2,6,19,False,0,Benign,6,Spoofing,0.3842471016248572,0.13967471975489198,0.3497237577388485
2,6,19,False,0,Benign,7,Web-Based,0.015603763820611105,0.13847432502092244,0.018961772682009412
2,6,19,False,1,BruteForce,0,Benign,0.10699067416908037,0.14922067755415444,0.09913790567731263
2,6,19,False,1,BruteForce,1,BruteForce,0.01401734738423195,0.2362847852854619,0.018064839186361405
2,6,19,False,1,BruteForce,2,DDoS,0.227413214663904,0.06756333878072705,0.20349844104536582
2,6,19,False,1,BruteForce,3,DoS,0.01894270069260094,0.03793922652664536,0.02784390523462867
2,6,19,False,1,BruteForce,4,Mirai,0.015665338742865208,0.11690508127046449,0.01950739318485699
2,6,19,False,1,BruteForce,5,Recon,0.1676758059690008,0.08565534599836104,0.2187069857341637
2,6,19,False,1,BruteForce,6,Spoofing,0.4332598370055856,0.12651483297540306,0.3939871007678026
2,6,19,False,1,BruteForce,7,Web-Based,0.016035081372731266,0.17991671160878267,0.019253429169508115
2,6,19,False,2,DDoS,0,Benign,0.031180481087256906,0.08150019156428369,0.03767276258733159
2,6,19,False,2,DDoS,1,BruteForce,0.008896430557509456,0.05181645442710665,0.016056824115162807
2,6,19,False,2,DDoS,2,DDoS,0.7384762712130356,0.5524647011408362,0.6882905537192153
2,6,19,False,2,DDoS,3,DoS,0.036247970207386015,0.05326100463026133,0.048163516725315256
2,6,19,False,2,DDoS,4,Mirai,0.00855673936751819,0.08663878944164456,0.016534657503638764
2,6,19,False,2,DDoS,5,Recon,0.07378421121224266,0.06719836925868643,0.07958947246139361
2,6,19,False,2,DDoS,6,Spoofing,0.0960019423682611,0.0608883086796463,0.10282389900793108
2,6,19,False,2,DDoS,7,Web-Based,0.006855953986790027,0.04623218085753486,0.010868313880011578
2,6,19,False,3,DoS,0,Benign,0.014273640095832305,0.0753178709785007,0.020026217259025727
2,6,19,False,3,DoS,1,BruteForce,0.013170930473531803,0.08010054337340382,0.025034336214780212
2,6,19,False,3,DoS,2,DDoS,0.18428828100948155,0.11008626580601007,0.20879855364634697
2,6,19,False,3,DoS,3,DoS,0.6798096406570794,0.4615013670672155,0.5733914465592493
2,6,19,False,3,DoS,4,Mirai,0.0069078714568422605,0.10579379174264572,0.015936369513321242
2,6,19,False,3,DoS,5,Recon,0.03655823682165047,0.058233485083888696,0.0464978550774566
2,6,19,False,3,DoS,6,Spoofing,0.058593005333248356,0.07710588433189658,0.09841889403122607
2,6,19,False,3,DoS,7,Web-Based,0.006398394152333853,0.031860791616438976,0.011896327698594002
2,6,19,False,4,Mirai,0,Benign,0.09369923400634324,0.14790815074423336,0.09167101573892925
2,6,19,False,4,Mirai,1,BruteForce,0.013799246566908502,0.18126762877239194,0.019798226119701657
2,6,19,False,4,Mirai,2,DDoS,0.3187423509677216,0.09066300307627478,0.2596567372868506
2,6,19,False,4,Mirai,3,DoS,0.050568718749567386,0.07114089165485767,0.07104045203391178
2,6,19,False,4,Mirai,4,Mirai,0.01668379832875932,0.14251175004993233,0.021280885764181936
2,6,19,False,4,Mirai,5,Recon,0.1293560500707869,0.08649432086225553,0.16300272388462222
2,6,19,False,4,Mirai,6,Spoofing,0.3629072832246762,0.12470438539374229,0.35435016413821613
2,6,19,False,4,Mirai,7,Web-Based,0.014243318085236859,0.1553098694463121,0.019199795033586476
2,6,19,False,5,Recon,0,Benign,0.10486219399718137,0.1444135165606184,0.09760074570728806
2,6,19,False,5,Recon,1,BruteForce,0.013416614925971791,0.21405267512036602,0.01785633303978797
2,6,19,False,5,Recon,2,DDoS,0.21264842506095324,0.06607869149218892,0.1952643830935358
2,6,19,False,5,Recon,3,DoS,0.02118392364416373,0.03902616847265339,0.02951280555912488
2,6,19,False,5,Recon,4,Mirai,0.014124722379339592,0.11289513842898172,0.019269203289343086
2,6,19,False,5,Recon,5,Recon,0.24061210218010307,0.1187985050575555,0.24910730652688962
2,6,19,False,5,Recon,6,Spoofing,0.3771821513113977,0.12279812808295813,0.37247809202891285
2,6,19,False,5,Recon,7,Web-Based,0.015969866500889614,0.18193717678467786,0.018911130755117668
2,6,19,False,6,Spoofing,0,Benign,0.0996536664390237,0.1686428320227216,0.09459257177217283
2,6,19,False,6,Spoofing,1,BruteForce,0.012344516644109857,0.17033536834541566,0.018608910498152272
2,6,19,False,6,Spoofing,2,DDoS,0.18254711453193898,0.060745503092817184,0.18479530680509787
2,6,19,False,6,Spoofing,3,DoS,0.04135255902218285,0.050727351108552865,0.06258030746707754
2,6,19,False,6,Spoofing,4,Mirai,0.014253196344198167,0.11892116061544,0.01943747529338753
2,6,19,False,6,Spoofing,5,Recon,0.20201690152666946,0.12274330028226307,0.19519971533553404
2,6,19,False,6,Spoofing,6,Spoofing,0.43206630865781454,0.1540157195290166,0.405441605634872
2,6,19,False,6,Spoofing,7,Web-Based,0.01576573683406253,0.15386876500377292,0.01934410719370588
2,6,19,False,7,Web-Based,0,Benign,0.10892957176743524,0.174695354055262,0.1007990821887821
2,6,19,False,7,Web-Based,1,BruteForce,0.013045074333218698,0.1736301181414037,0.018501421292924862
2,6,19,False,7,Web-Based,2,DDoS,0.25010711338739927,0.06851354548194105,0.2250672477616476
2,6,19,False,7,Web-Based,3,DoS,0.022899005298527637,0.0411921787262153,0.03364515979787337
2,6,19,False,7,Web-Based,4,Mirai,0.015542249441528976,0.12283303967931077,0.019942477727555873
2,6,19,False,7,Web-Based,5,Recon,0.18354661548742135,0.11232978634720575,0.2106561159097662
2,6,19,False,7,Web-Based,6,Spoofing,0.3896100044096133,0.1357879108144713,0.37142243101012146
2,6,19,False,7,Web-Based,7,Web-Based,0.016320365874855584,0.1710180667541902,0.01996606431132858
3,7,0,False,0,Benign,0,Benign,0.2905665813199424,0.18711289151916577,0.26278178160925625
3,7,0,False,0,Benign,1,BruteForce,0.07484365311629704,0.14875958491776126,0.05988172549568824
3,7,0,False,0,Benign,2,DDoS,0.009158905599321815,0.08526200130134652,0.017071578120114936
3,7,0,False,0,Benign,3,DoS,0.13541869679832674,0.05525979822971715,0.1844970353632558
3,7,0,False,0,Benign,4,Mirai,0.3029523306705794,0.11492673428490542,0.2918442271356306
3,7,0,False,0,Benign,5,Recon,0.14423458437530104,0.11845607877954976,0.14228985307871034
3,7,0,False,0,Benign,6,Spoofing,0.02274416885640676,0.13379548035662517,0.020855983251581833
3,7,0,False,0,Benign,7,Web-Based,0.02008107926382488,0.15642743061092892,0.020777815945762
3,7,0,False,1,BruteForce,0,Benign,0.2339392933268575,0.1414235399879599,0.2656430290659468
3,7,0,False,1,BruteForce,1,BruteForce,0.1501976749219448,0.2310036029064949,0.08753372719811156
3,7,0,False,1,BruteForce,2,DDoS,0.011597705921449174,0.07105117341048996,0.012764178493417473
3,7,0,False,1,BruteForce,3,DoS,0.07728308146450313,0.033724207686306365,0.07678476689708104
3,7,0,False,1,BruteForce,4,Mirai,0.36627638662173423,0.11024791092152855,0.3325634123379524
3,7,0,False,1,BruteForce,5,Recon,0.10846224245617779,0.10012459429462305,0.17508103946245743
3,7,0,False,1,BruteForce,6,Spoofing,0.022700443385279778,0.11988305713207212,0.022715882767572422
3,7,0,False,1,BruteForce,7,Web-Based,0.029543171902053512,0.19254191366052506,0.026913963777460977
3,7,0,False,2,DDoS,0,Benign,0.06917200282788125,0.07964982022344352,0.10478185413533818
3,7,0,False,2,DDoS,1,BruteForce,0.029463695529096143,0.049528355900574174,0.03363773507810239
3,7,0,False,2,DDoS,2,DDoS,0.5497765426806829,0.5511239372762974,0.4555644832146435
3,7,0,False,2,DDoS,3,DoS,0.1401410300238706,0.05747868185981616,0.16267828503382503
3,7,0,False,2,DDoS,4,Mirai,0.1368989973407583,0.0812446724557252,0.13805545173557351
3,7,0,False,2,DDoS,5,Recon,0.05474172863266031,0.06759060418279997,0.07114814746332884
3,7,0,False,2,DDoS,6,Spoofing,0.009730669171116946,0.06354484612887534,0.014144695575032938
3,7,0,False,2,DDoS,7,Web-Based,0.01007533379393361,0.04983908197246833,0.019989347764155587
3,7,0,False,3,DoS,0,Benign,0.020347824588055702,0.07799860436324424,0.031183219318431078
3,7,0,False,3,DoS,1,BruteForce,0.014825694358386035,0.06329575471646938,0.016828722475000998
3,7,0,False,3,DoS,2,DDoS,0.015790639619501508,0.11216348876115907,0.02177625241987036
3,7,0,False,3,DoS,3,DoS,0.9024041335481161,0.47573642570742397,0.8446218761534362
3,7,0,False,3,DoS,4,Mirai,0.023575827681782603,0.10079098576889978,0.0431461770917808
3,7,0,False,3,DoS,5,Recon,0.014079021322996394,0.05603309810695792,0.026358258254224377
3,7,0,False,3,DoS,6,Spoofing,0.0050438171748308745,0.08282127405271314,0.00856158772017071
3,7,0,False,3,DoS,7,Web-Based,0.0039330417063306805,0.031160368523132594,0.007523906567085566
3,7,0,False,4,Mirai,0,Benign,0.2132372081094536,0.1446627147141926,0.25716740971373475
3,7,0,False,4,Mirai,1,BruteForce,0.06846042004882939,0.18602782834222636,0.06214343396007815
3,7,0,False,4,Mirai,2,DDoS,0.011626821513736322,0.09099333393503488,0.01386823720359379
3,7,0,False,4,Mirai,3,DoS,0.08673093988042914,0.055956366621729196,0.149772069756984
3,7,0,False,4,Mirai,4,Mirai,0.5093904709897964,0.14217804315834176,0.3716587945662579
3,7,0,False,4,Mirai,5,Recon,0.0729701104616217,0.09149263503030451,0.10328053476161966
3,7,0,False,4,Mirai,6,Spoofing,0.021596212901541317,0.1280060893428564,0.02136984537726492
3,7,0,False,4,Mirai,7,Web-Based,0.015987816094592194,0.1606829888553143,0.020739674660466896
3,7,0,False,5,Recon,0,Benign,0.22343663195811658,0.13810215659886418,0.24724985801781527
3,7,0,False,5,Recon,1,BruteForce,0.13466093504030013,0.2008358951692794,0.0851020256366411
3,7,0,False,5,Recon,2,DDoS,0.010499350801869879,0.06884367128060007,0.012058303129683059
3,7,0,False,5,Recon,3,DoS,0.10269516170356408,0.034822656304455316,0.0998195894281689
3,7,0,False,5,Recon,4,Mirai,0.30854047529865186,0.10793756424849783,0.3057203541264973
3,7,0,False,5,Recon,5,Recon,0.16567684691304588,0.14015050588941202,0.20288978965026663
3,7,0,False,5,Recon,6,Spoofing,0.022944632324614498,0.11834888370717932,0.021513182207612613
3,7,0,False,5,Recon,7,Web-Based,0.031545965959837115,0.19095866680171195,0.025646897803315197
3,7,0,False,6,Spoofing,0,Benign,0.2605367784737111,0.17922709732593253,0.27290338038420653
3,7,0,False,6,Spoofing,1,BruteForce,0.09429958774246307,0.1595968125581959,0.06470870055203756
3,7,0,False,6,Spoofing,2,DDoS,0.009508689709360866,0.06675325082352677,0.012183481902706246
3,7,0,False,6,Spoofing,3,DoS,0.09299450122009156,0.03438496770286709,0.14846015901941642
3,7,0,False,6,Spoofing,4,Mirai,0.32914044898177625,0.11791080963434138,0.2955883962719409
3,7,0,False,6,Spoofing,5,Recon,0.15967443690050184,0.12400916309060861,0.16073231861293877
3,7,0,False,6,Spoofing,6,Spoofing,0.027497897578057217,0.14745975541681938,0.022702443629196753
3,7,0,False,6,Spoofing,7,Web-Based,0.026347659394038117,0.1706581434477083,0.02272111962755682
3,7,0,False,7,Web-Based,0,Benign,0.25726626252257273,0.17559513061022108,0.2828623583119801
3,7,0,False,7,Web-Based,1,BruteForce,0.07455009340073603,0.17295583819337107,0.06785994904824477
3,7,0,False,7,Web-Based,2,DDoS,0.010115553152271072,0.07165509352893233,0.014249287961015595
3,7,0,False,7,Web-Based,3,DoS,0.07633185535051205,0.03677631665664913,0.10621673236144319
3,7,0,False,7,Web-Based,4,Mirai,0.4212452318176363,0.11910035016551758,0.34482029681020887
3,7,0,False,7,Web-Based,5,Recon,0.11496303832274979,0.1051323687785291,0.13843233178161277
3,7,0,False,7,Web-Based,6,Spoofing,0.023704811047920275,0.1326335011788307,0.022295377231029485
3,7,0,False,7,Web-Based,7,Web-Based,0.021823154385601878,0.186151400887949,0.023263666494465214
3,7,1,True,0,Benign,0,Benign,0.06611904471761602,0.18711289151916577,0.013568399554844724
3,7,1,True,0,Benign,1,BruteForce,0.25942595531027973,0.14875958491776126,0.008605934639372665
3,7,1,True,0,Benign,2,DDoS,0.09092446658321458,0.08526200130134652,0.07444771125811747
3,7,1,True,0,Benign,3,DoS,0.07357202145343426,0.05525979822971715,0.018250106949369942
3,7,1,True,0,Benign,4,Mirai,0.07571869655227571,0.11492673428490542,0.10807574100270502
3,7,1,True,0,Benign,5,Recon,0.09808113671688114,0.11845607877954976,0.2907260211972004
3,7,1,True,0,Benign,6,Spoofing,0.10104705954902081,0.13379548035662517,0.47608512375763967
3,7,1,True,0,Benign,7,Web-Based,0.23511161911727776,0.15642743061092892,0.010240961640750088
3,7,1,True,1,BruteForce,0,Benign,0.0640189995422099,0.1414235399879599,0.012838263384921755
3,7,1,True,1,BruteForce,1,BruteForce,0.2594605282768138,0.2310036029064949,0.008322975190072216
3,7,1,True,1,BruteForce,2,DDoS,0.08525157131830595,0.07105117341048996,0.0486947483017159
3,7,1,True,1,BruteForce,3,DoS,0.07337813395345484,0.033724207686306365,0.011921294151150431
3,7,1,True,1,BruteForce,4,Mirai,0.076320840944138,0.11024791092152855,0.1105990736221884
3,7,1,True,1,BruteForce,5,Recon,0.10058331329203628,0.10012459429462305,0.29782863486713473
3,7,1,True,1,BruteForce,6,Spoofing,0.10312979773150503,0.11988305713207212,0.5004098369481974
3,7,1,True,1,BruteForce,7,Web-Based,0.23785681494153624,0.19254191366052506,0.00938517353461923
3,7,1,True,2,DDoS,0,Benign,0.06974747612662376,0.07964982022344352,0.010789170177697706
3,7,1,True,2,DDoS,1,BruteForce,0.26565860751641146,0.049528355900574174,0.008010163860307824
3,7,1,True,2,DDoS,2,DDoS,0.11327938336211053,0.5511239372762974,0.6681850151860528
3,7,1,True,2,DDoS,3,DoS,0.07680425130866278,0.05747868185981616,0.02380207038049753
3,7,1,True,2,DDoS,4,Mirai,0.07236169515886832,0.0812446724557252,0.04539266732934675
3,7,1,True,2,DDoS,5,Recon,0.09089568952556316,0.06759060418279997,0.10933311795857123
3,7,1,True,2,DDoS,6,Spoofing,0.08847270154530994,0.06354484612887534,0.12801525908105618
3,7,1,True,2,DDoS,7,Web-Based,0.22278019545645003,0.04983908197246833,0.006472536026470069
3,7,1,True,3,DoS,0,Benign,0.06414960593777198,0.07799860436324424,0.010252218338446022
3,7,1,True,3,DoS,1,BruteForce,0.25527886431218516,0.06329575471646938,0.015216404503898918
3,7,1,True,3,DoS,2,DDoS,0.10105671621080621,0.11216348876115907,0.17155529533872457
3,7,1,True,3,DoS,3,DoS,0.08353622674881782,0.47573642570742397,0.5166624340617575
3,7,1,True,3,DoS,4,Mirai,0.07776340281864123,0.10079098576889978,0.050020635236841596
3,7,1,True,3,DoS,5,Recon,0.09030293883629927,0.05603309810695792,0.05898538021733843
3,7,1,True,3,DoS,6,Spoofing,0.09304768669508205,0.08282127405271314,0.16568625965394038
3,7,1,True,3,DoS,7,Web-Based,0.2348645584403963,0.031160368523132594,0.011621372649052655
3,7,1,True,4,Mirai,0,Benign,0.06463025735520372,0.1446627147141926,0.014618137705013036
3,7,1,True,4,Mirai,1,BruteForce,0.2603862060888948,0.18602782834222636,0.009102412497405885
3,7,1,True,4,Mirai,2,DDoS,0.08971060958828564,0.09099333393503488,0.08760477884375821
3,7,1,True,4,Mirai,3,DoS,0.07394699319866677,0.055956366621729196,0.02267124101393727
3,7,1,True,4,Mirai,4,Mirai,0.07775477188069639,0.14217804315834176,0.15230992245626365
3,7,1,True,4,Mirai,5,Recon,0.09578544632629828,0.09149263503030451,0.21313913990613298
3,7,1,True,4,Mirai,6,Spoofing,0.10219068482394036,0.1280060893428564,0.4892664164272418
3,7,1,True,4,Mirai,7,Web-Based,0.23559503073801408,0.1606829888553143,0.011287951150247227
3,7,1,True,5,Recon,0,Benign,0.06321802695846736,0.13810215659886418,0.011824808752694154
3,7,1,True,5,Recon,1,BruteForce,0.25819098423764836,0.2008358951692794,0.007794146199475564
3,7,1,True,5,Recon,2,DDoS,0.08452761445274742,0.06884367128060007,0.043844228754022566
3,7,1,True,5,Recon,3,DoS,0.07372182786890268,0.034822656304455316,0.011222183207049409
3,7,1,True,5,Recon,4,Mirai,0.07671561098451724,0.10793756424849783,0.10642451725044536
3,7,1,True,5,Recon,5,Recon,0.10182755039327963,0.14015050588941202,0.38581164237960236
3,7,1,True,5,Recon,6,Spoofing,0.10186119964142468,0.11834888370717932,0.42455073847402264
3,7,1,True,5,Recon,7,Web-Based,0.2399371854630127,0.19095866680171195,0.00852773498268801
3,7,1,True,6,Spoofing,0,Benign,0.06560876186893082,0.17922709732593253,0.012756547625364765
3,7,1,True,6,Spoofing,1,BruteForce,0.25795781080036057,0.1595968125581959,0.00793767673279992
3,7,1,True,6,Spoofing,2,DDoS,0.08927957440134403,0.06675325082352677,0.04094354636442861
3,7,1,True,6,Spoofing,3,DoS,0.07371899692158676,0.03438496770286709,0.013276564153364187
3,7,1,True,6,Spoofing,4,Mirai,0.07668231015684189,0.11791080963434138,0.10214290260601923
3,7,1,True,6,Spoofing,5,Recon,0.09876124139890073,0.12400916309060861,0.30987281749361173
3,7,1,True,6,Spoofing,6,Spoofing,0.10266570039043403,0.14745975541681938,0.5035233321847596
3,7,1,True,6,Spoofing,7,Web-Based,0.23532560406160127,0.1706581434477083,0.009546612839651922
3,7,1,True,7,Web-Based,0,Benign,0.0651365406182335,0.17559513061022108,0.013734158361343934
3,7,1,True,7,Web-Based,1,BruteForce,0.25788306831126473,0.17295583819337107,0.008298821415736183
3,7,1,True,7,Web-Based,2,DDoS,0.08818655063392983,0.07165509352893233,0.05452670758696665
3,7,1,True,7,Web-Based,3,DoS,0.07328367602121426,0.03677631665664913,0.012572142659275492
3,7,1,True,7,Web-Based,4,Mirai,0.07627957708855192,0.11910035016551758,0.12680239855305564
3,7,1,True,7,Web-Based,5,Recon,0.09930339355883444,0.1051323687785291,0.29510931665947837
3,7,1,True,7,Web-Based,6,Spoofing,0.10187373994240612,0.1326335011788307,0.47882548768979566
3,7,1,True,7,Web-Based,7,Web-Based,0.23805345382556517,0.186151400887949,0.010130967074348123
3,7,2,False,0,Benign,0,Benign,0.17422090933040077,0.18711289151916577,0.15516749217397513
3,7,2,False,0,Benign,1,BruteForce,0.022730140562347217,0.14875958491776126,0.02020697169099876
3,7,2,False,0,Benign,2,DDoS,0.01664465125765326,0.08526200130134652,0.02483690992421998
3,7,2,False,0,Benign,3,DoS,0.008497111183366615,0.05525979822971715,0.021903132373728325
3,7,2,False,0,Benign,4,Mirai,0.2942745728556141,0.11492673428490542,0.3359140225651714
3,7,2,False,0,Benign,5,Recon,0.4238261498701023,0.11845607877954976,0.38273503638041545
3,7,2,False,0,Benign,6,Spoofing,0.03423088046322959,0.13379548035662517,0.03607525256740638
3,7,2,False,0,Benign,7,Web-Based,0.025575584477286008,0.15642743061092892,0.02316118232408474
3,7,2,False,1,BruteForce,0,Benign,0.1515337101370959,0.1414235399879599,0.1467095370191094
3,7,2,False,1,BruteForce,1,BruteForce,0.034248990775583806,0.2310036029064949,0.022985457984859892
3,7,2,False,1,BruteForce,2,DDoS,0.01311478660659141,0.07105117341048996,0.017791320728001596
3,7,2,False,1,BruteForce,3,DoS,0.007322488542343753,0.033724207686306365,0.01686477535592938
3,7,2,False,1,BruteForce,4,Mirai,0.31045565830645777,0.11024791092152855,0.34946964266103686
3,7,2,False,1,BruteForce,5,Recon,0.409326507870908,0.10012459429462305,0.38500319043422254
3,7,2,False,1,BruteForce,6,Spoofing,0.03594657699100155,0.11988305713207212,0.03336265034182514
3,7,2,False,1,BruteForce,7,Web-Based,0.03805128077001776,0.19254191366052506,0.027813425475015124
3,7,2,False,2,DDoS,0,Benign,0.04823585630869937,0.07964982022344352,0.09243642996206623
3,7,2,False,2,DDoS,1,BruteForce,0.012406871880932785,0.049528355900574174,0.024709175856203476
3,7,2,False,2,DDoS,2,DDoS,0.6220381612456298,0.5511239372762974,0.45204813066914906
3,7,2,False,2,DDoS,3,DoS,0.008614185304283739,0.05747868185981616,0.02210006079565015
3,7,2,False,2,DDoS,4,Mirai,0.1425874749916342,0.0812446724557252,0.18417335762347684
3,7,2,False,2,DDoS,5,Recon,0.14150743482986344,0.06759060418279997,0.17897191068459242
3,7,2,False,2,DDoS,6,Spoofing,0.01184878176444957,0.06354484612887534,0.02380177489314433
3,7,2,False,2,DDoS,7,Web-Based,0.012761233674507206,0.04983908197246833,0.021759159515717497
3,7,2,False,3,DoS,0,Benign,0.028882051932457662,0.07799860436324424,0.07423245721019542
3,7,2,False,3,DoS,1,BruteForce,0.016354731177617165,0.06329575471646938,0.030443967390512406
3,7,2,False,3,DoS,2,DDoS,0.19737520974778888,0.11216348876115907,0.12209621095118063
3,7,2,False,3,DoS,3,DoS,0.46221055587187837,0.47573642570742397,0.2235281468682234
3,7,2,False,3,DoS,4,Mirai,0.1664802390787479,0.10079098576889978,0.24700607328376994
3,7,2,False,3,DoS,5,Recon,0.10044940679081266,0.05603309810695792,0.24790555799165553
3,7,2,False,3,DoS,6,Spoofing,0.013979679046130553,0.08282127405271314,0.029631423152986853
3,7,2,False,3,DoS,7,Web-Based,0.014268126354566845,0.031160368523132594,0.025156163151475817
3,7,2,False,4,Mirai,0,Benign,0.12388134681086976,0.1446627147141926,0.1493377915779523
3,7,2,False,4,Mirai,1,BruteForce,0.022154516191264146,0.18602782834222636,0.01927501948970061
3,7,2,False,4,Mirai,2,DDoS,0.018989446303381934,0.09099333393503488,0.02255940543558527
3,7,2,False,4,Mirai,3,DoS,0.007233539849668826,0.055956366621729196,0.020264412532864148
3,7,2,False,4,Mirai,4,Mirai,0.4826316242765863,0.14217804315834176,0.41690692612713565
3,7,2,False,4,Mirai,5,Recon,0.2913491440885113,0.09149263503030451,0.3150578115032778
3,7,2,False,4,Mirai,6,Spoofing,0.029783427464883206,0.1280060893428564,0.03463700112605171
3,7,2,False,4,Mirai,7,Web-Based,0.02397695501483458,0.1606829888553143,0.021961632207432438
3,7,2,False,5,Recon,0,Benign,0.13667755898941883,0.13810215659886418,0.13991036853333705
3,7,2,False,5,Recon,1,BruteForce,0.03277824719922491,0.2008358951692794,0.022959709159566802
3,7,2,False,5,Recon,2,DDoS,0.011853689716445395,0.06884367128060007,0.01759819314837628
3,7,2,False,5,Recon,3,DoS,0.007438750872513239,0.034822656304455316,0.016998861128553096
3,7,2,False,5,Recon,4,Mirai,0.25903279918887206,0.10793756424849783,0.3418745355520832
3,7,2,False,5,Recon,5,Recon,0.480832782693832,0.14015050588941202,0.40087168660804506
3,7,2,False,5,Recon,6,Spoofing,0.03560786512766366,0.11834888370717932,0.032696458412240906
3,7,2,False,5,Recon,7,Web-Based,0.03577830621202985,0.19095866680171195,0.027090187457797683
3,7,2,False,6,Spoofing,0,Benign,0.1528440448603625,0.17922709732593253,0.14999845851380175
3,7,2,False,6,Spoofing,1,BruteForce,0.025483154619026244,0.1595968125581959,0.020894841280412003
3,7,2,False,6,Spoofing,2,DDoS,0.010828292113861158,0.06675325082352677,0.01908801949955038
3,7,2,False,6,Spoofing,3,DoS,0.0074919662348699465,0.03438496770286709,0.01990548896326303
3,7,2,False,6,Spoofing,4,Mirai,0.25932988598207024,0.11791080963434138,0.31733955553989673
3,7,2,False,6,Spoofing,5,Recon,0.47838491405419853,0.12400916309060861,0.4104761713150622
3,7,2,False,6,Spoofing,6,Spoofing,0.03639601834093317,0.14745975541681938,0.03817166657681523
3,7,2,False,6,Spoofing,7,Web-Based,0.029241723794678293,0.1706581434477083,0.024125798311198696
3,7,2,False,7,Web-Based,0,Benign,0.1483859507957234,0.17559513061022108,0.15534963756362322
3,7,2,False,7,Web-Based,1,BruteForce,0.0253707972368665,0.17295583819337107,0.01998890373401627
3,7,2,False,7,Web-Based,2,DDoS,0.012482473178431652,0.07165509352893233,0.019995455457424424
3,7,2,False,7,Web-Based,3,DoS,0.0072090735374623375,0.03677631665664913,0.017779293256949942
3,7,2,False,7,Web-Based,4,Mirai,0.33536131061029667,0.11910035016551758,0.3703569074777412
3,7,2,False,7,Web-Based,5,Recon,0.4075205069291931,0.1051323687785291,0.3576040454011711
3,7,2,False,7,Web-Based,6,Spoofing,0.0336447161167062,0.1326335011788307,0.03456511848490651
3,7,2,False,7,Web-Based,7,Web-Based,0.03002517159532024,0.186151400887949,0.024360638624167468
3,7,3,False,0,Benign,0,Benign,0.14724144666352093,0.18711289151916577,0.11885254276976849
3,7,3,False,0,Benign,1,BruteForce,0.3900860883910232,0.14875958491776126,0.34183347738017056
3,7,3,False,0,Benign,2,DDoS,0.08810355243164038,0.08526200130134652,0.12378352278465309
3,7,3,False,0,Benign,3,DoS,0.027304047149109986,0.05525979822971715,0.044653900704609784
3,7,3,False,0,Benign,4,Mirai,0.18205499662445748,0.11492673428490542,0.22325900240316113
3,7,3,False,0,Benign,5,Recon,0.10383194501257811,0.11845607877954976,0.09131375981835803
3,7,3,False,0,Benign,6,Spoofing,0.022848122382440553,0.13379548035662517,0.02743729080595953
3,7,3,False,0,Benign,7,Web-Based,0.038529801345229354,0.15642743061092892,0.02886650333331943
3,7,3,False,1,BruteForce,0,Benign,0.09566553338832026,0.1414235399879599,0.10422845740096678
3,7,3,False,1,BruteForce,1,BruteForce,0.5375184699247457,0.2310036029064949,0.4420364598311267
3,7,3,False,1,BruteForce,2,DDoS,0.060526275071367756,0.07105117341048996,0.06434640405943129
3,7,3,False,1,BruteForce,3,DoS,0.02863732756525014,0.033724207686306365,0.04339879802482092
3,7,3,False,1,BruteForce,4,Mirai,0.1423776024435828,0.11024791092152855,0.20464662397004163
3,7,3,False,1,BruteForce,5,Recon,0.06636627531412291,0.10012459429462305,0.08160172798012294
3,7,3,False,1,BruteForce,6,Spoofing,0.023245152414821963,0.11988305713207212,0.028321106426362385
3,7,3,False,1,BruteForce,7,Web-Based,0.04566336387778855,0.19254191366052506,0.03142042230712738
3,7,3,False,2,DDoS,0,Benign,0.039803677478073195,0.07964982022344352,0.05418656669811476
3,7,3,False,2,DDoS,1,BruteForce,0.12348260451353459,0.049528355900574174,0.13362710600047714
3,7,3,False,2,DDoS,2,DDoS,0.6593016846241971,0.5511239372762974,0.6084341304810735
3,7,3,False,2,DDoS,3,DoS,0.019999742902098792,0.05747868185981616,0.029694312183729966
3,7,3,False,2,DDoS,4,Mirai,0.07093000830859626,0.0812446724557252,0.0876212099996208
3,7,3,False,2,DDoS,5,Recon,0.062115937353226576,0.06759060418279997,0.05046877631761053
3,7,3,False,2,DDoS,6,Spoofing,0.009249384117758537,0.06354484612887534,0.016799953749613523
3,7,3,False,2,DDoS,7,Web-Based,0.015116960702514963,0.04983908197246833,0.01916794456975978
3,7,3,False,3,DoS,0,Benign,0.022262980603771344,0.07799860436324424,0.049824806740559134
3,7,3,False,3,DoS,1,BruteForce,0.09897441881684788,0.06329575471646938,0.15871638978004346
3,7,3,False,3,DoS,2,DDoS,0.24062403690825518,0.11216348876115907,0.2739374321325671
3,7,3,False,3,DoS,3,DoS,0.5168061071568643,0.47573642570742397,0.2839548812108047
3,7,3,False,3,DoS,4,Mirai,0.07056966559882422,0.10079098576889978,0.14274198998363813
3,7,3,False,3,DoS,5,Recon,0.0258366915599049,0.05603309810695792,0.046865274202214556
3,7,3,False,3,DoS,6,Spoofing,0.011553006176170876,0.08282127405271314,0.018854402550887935
3,7,3,False,3,DoS,7,Web-Based,0.013373093179361426,0.031160368523132594,0.02510482339928486
3,7,3,False,4,Mirai,0,Benign,0.09431072532507095,0.1446627147141926,0.10394801873029945
3,7,3,False,4,Mirai,1,BruteForce,0.40658336605051265,0.18602782834222636,0.3662581022185664
3,7,3,False,4,Mirai,2,DDoS,0.09158596779513672,0.09099333393503488,0.10740728079125414
3,7,3,False,4,Mirai,3,DoS,0.025991691283070967,0.055956366621729196,0.04208730839404158
3,7,3,False,4,Mirai,4,Mirai,0.25998628820904557,0.14217804315834176,0.25034116343665686
3,7,3,False,4,Mirai,5,Recon,0.06248437448831436,0.09149263503030451,0.07377720890383144
3,7,3,False,4,Mirai,6,Spoofing,0.022189178105338114,0.1280060893428564,0.027117561978776256
3,7,3,False,4,Mirai,7,Web-Based,0.03686840874351075,0.1606829888553143,0.029063355546573952
3,7,3,False,5,Recon,0,Benign,0.0908503265220148,0.13810215659886418,0.09756590563366478
3,7,3,False,5,Recon,1,BruteForce,0.5283895048991054,0.2008358951692794,0.4393565922828682
3,7,3,False,5,Recon,2,DDoS,0.05762720911932964,0.06884367128060007,0.06267543526401637
3,7,3,False,5,Recon,3,DoS,0.029214488977165252,0.034822656304455316,0.04463156907363983
3,7,3,False,5,Recon,4,Mirai,0.12998479664109386,0.10793756424849783,0.20565759171174258
3,7,3,False,5,Recon,5,Recon,0.09623245305866412,0.14015050588941202,0.0917340051966015
3,7,3,False,5,Recon,6,Spoofing,0.02200020743425613,0.11834888370717932,0.02682067240807345
3,7,3,False,5,Recon,7,Web-Based,0.045701013348370935,0.19095866680171195,0.03155822842939329
3,7,3,False,6,Spoofing,0,Benign,0.13875718399912795,0.17922709732593253,0.12262083379026725
3,7,3,False,6,Spoofing,1,BruteForce,0.4257314246117269,0.1595968125581959,0.3671513011785513
3,7,3,False,6,Spoofing,2,DDoS,0.052371804260620915,0.06675325082352677,0.07061394487219584
3,7,3,False,6,Spoofing,3,DoS,0.025020757175431948,0.03438496770286709,0.04085530223639366
3,7,3,False,6,Spoofing,4,Mirai,0.17615619588309386,0.11791080963434138,0.2393203767527391
3,7,3,False,6,Spoofing,5,Recon,0.11228730024312689,0.12400916309060861,0.09944266369448852
3,7,3,False,6,Spoofing,6,Spoofing,0.025131424659495707,0.14745975541681938,0.030191004562158057
3,7,3,False,6,Spoofing,7,Web-Based,0.044543909167375835,0.1706581434477083,0.029804572913206245
3,7,3,False,7,Web-Based,0,Benign,0.1271006154838432,0.17559513061022108,0.12166781308232819
3,7,3,False,7,Web-Based,1,BruteForce,0.4342829546429949,0.17295583819337107,0.381819740473302
3,7,3,False,7,Web-Based,2,DDoS,0.061398085663853325,0.07165509352893233,0.08681887661962281
3,7,3,False,7,Web-Based,3,DoS,0.025448822686501,0.03677631665664913,0.03828257697757771
3,7,3,False,7,Web-Based,4,Mirai,0.18231286536062308,0.11910035016551758,0.22489869579251326
3,7,3,False,7,Web-Based,5,Recon,0.10294353113038492,0.1051323687785291,0.08862106663524917
3,7,3,False,7,Web-Based,6,Spoofing,0.023020561469928508,0.1326335011788307,0.027871303862086062
3,7,3,False,7,Web-Based,7,Web-Based,0.043492563561871096,0.186151400887949,0.030019926557320668
3,7,4,False,0,Benign,0,Benign,0.5269842097385494,0.18711289151916577,0.5079957351917117
3,7,4,False,0,Benign,1,BruteForce,0.018031905663565023,0.14875958491776126,0.01748946183137613
3,7,4,False,0,Benign,2,DDoS,0.015074931652967125,0.08526200130134652,0.021068978105766273
3,7,4,False,0,Benign,3,DoS,0.04370173570610129,0.05525979822971715,0.11805400248392045
3,7,4,False,0,Benign,4,Mirai,0.058131194469956494,0.11492673428490542,0.051857750097300044
3,7,4,False,0,Benign,5,Recon,0.050539501728030414,0.11845607877954976,0.044870356461185056
3,7,4,False,0,Benign,6,Spoofing,0.1594537917410012,0.13379548035662517,0.12974401873056032
3,7,4,False,0,Benign,7,Web-Based,0.12808272929982917,0.15642743061092892,0.10891969709817997
3,7,4,False,1,BruteForce,0,Benign,0.4897342294068774,0.1414235399879599,0.5389955761261209
3,7,4,False,1,BruteForce,1,BruteForce,0.02352521647229838,0.2310036029064949,0.017308943523206857
3,7,4,False,1,BruteForce,2,DDoS,0.015309263646771211,0.07105117341048996,0.019094587480338956
3,7,4,False,1,BruteForce,3,DoS,0.025412814686394076,0.033724207686306365,0.046011712086405
3,7,4,False,1,BruteForce,4,Mirai,0.0631010038569134,0.11024791092152855,0.05660047445349295
3,7,4,False,1,BruteForce,5,Recon,0.05165172541081034,0.10012459429462305,0.04878325819914148
3,7,4,False,1,BruteForce,6,Spoofing,0.1613428363977645,0.11988305713207212,0.13701215473952064
3,7,4,False,1,BruteForce,7,Web-Based,0.16992291012217067,0.19254191366052506,0.13619329339177316
3,7,4,False,2,DDoS,0,Benign,0.15226691771199757,0.07964982022344352,0.24393959575792235
3,7,4,False,2,DDoS,1,BruteForce,0.014920696868073768,0.049528355900574174,0.022141041236417712
3,7,4,False,2,DDoS,2,DDoS,0.591984620753434,0.5511239372762974,0.4235565978710404
3,7,4,False,2,DDoS,3,DoS,0.07058071570888123,0.05747868185981616,0.10550288890410102
3,7,4,False,2,DDoS,4,Mirai,0.03340639997825853,0.0812446724557252,0.038561222616288644
3,7,4,False,2,DDoS,5,Recon,0.024622012096076406,0.06759060418279997,0.031050563041224537
3,7,4,False,2,DDoS,6,Spoofing,0.05380651358055792,0.06354484612887534,0.06882433656623298
3,7,4,False,2,DDoS,7,Web-Based,0.058412123302720505,0.04983908197246833,0.06642375400677236
3,7,4,False,3,DoS,0,Benign,0.05442476519165023,0.07799860436324424,0.07787514820812906
3,7,4,False,3,DoS,1,BruteForce,0.008874995437484143,0.06329575471646938,0.018979474854902208
3,7,4,False,3,DoS,2,DDoS,0.02653144728778956,0.11216348876115907,0.028906935572254794
3,7,4,False,3,DoS,3,DoS,0.830728605548693,0.47573642570742397,0.7484607123074821
3,7,4,False,3,DoS,4,Mirai,0.01496341505019603,0.10079098576889978,0.023447361734180414
3,7,4,False,3,DoS,5,Recon,0.009398126166890319,0.05603309810695792,0.01725485135104091
3,7,4,False,3,DoS,6,Spoofing,0.03437826792484484,0.08282127405271314,0.04805986709779222
3,7,4,False,3,DoS,7,Web-Based,0.0207003773924519,0.031160368523132594,0.03701564887421835
3,7,4,False,4,Mirai,0,Benign,0.4789900470435935,0.1446627147141926,0.4965879247066158
3,7,4,False,4,Mirai,1,BruteForce,0.019538751142820682,0.18602782834222636,0.01775053418160157
3,7,4,False,4,Mirai,2,DDoS,0.01601424358659848,0.09099333393503488,0.01977268644247351
3,7,4,False,4,Mirai,3,DoS,0.05136863206581536,0.055956366621729196,0.12263830614322681
3,7,4,False,4,Mirai,4,Mirai,0.10615889097562577,0.14217804315834176,0.05638430205370269
3,7,4,False,4,Mirai,5,Recon,0.041105675175439206,0.09149263503030451,0.04138758345937428
3,7,4,False,4,Mirai,6,Spoofing,0.15718246228683638,0.1280060893428564,0.1311358886537027
3,7,4,False,4,Mirai,7,Web-Based,0.12964129772327074,0.1606829888553143,0.11434277435930258
3,7,4,False,5,Recon,0,Benign,0.4825928288459867,0.13810215659886418,0.5312455447983859
3,7,4,False,5,Recon,1,BruteForce,0.02355977075417168,0.2008358951692794,0.0175746854967464
3,7,4,False,5,Recon,2,DDoS,0.015033416973366555,0.06884367128060007,0.019201740904951983
3,7,4,False,5,Recon,3,DoS,0.02702576541047429,0.034822656304455316,0.051801502990743445
3,7,4,False,5,Recon,4,Mirai,0.056928888891475876,0.10793756424849783,0.05578130400813185
3,7,4,False,5,Recon,5,Recon,0.0714698130986355,0.14015050588941202,0.0544097450669764
3,7,4,False,5,Recon,6,Spoofing,0.14725850793162634,0.11834888370717932,0.13279172107750647
3,7,4,False,5,Recon,7,Web-Based,0.1761310080942631,0.19095866680171195,0.13719375565655736
3,7,4,False,6,Spoofing,0,Benign,0.5069143499537286,0.17922709732593253,0.5367291950120796
3,7,4,False,6,Spoofing,1,BruteForce,0.019094207938916558,0.1595968125581959,0.017387891299526708
3,7,4,False,6,Spoofing,2,DDoS,0.014423637431211235,0.06675325082352677,0.019919672538647067
3,7,4,False,6,Spoofing,3,DoS,0.025896502108215123,0.03438496770286709,0.07140899313666473
3,7,4,False,6,Spoofing,4,Mirai,0.058594451331671266,0.11791080963434138,0.05230154226277583
3,7,4,False,6,Spoofing,5,Recon,0.05124002177702755,0.12400916309060861,0.04718666696582754
3,7,4,False,6,Spoofing,6,Spoofing,0.18406759761469918,0.14745975541681938,0.1407045503825967
3,7,4,False,6,Spoofing,7,Web-Based,0.13976923184453047,0.1706581434477083,0.11436148840188197
3,7,4,False,7,Web-Based,0,Benign,0.509354109648134,0.17559513061022108,0.5452923947553538
3,7,4,False,7,Web-Based,1,BruteForce,0.02011280007610732,0.17295583819337107,0.017324480126832013
3,7,4,False,7,Web-Based,2,DDoS,0.014907662954833032,0.07165509352893233,0.020624852395507213
3,7,4,False,7,Web-Based,3,DoS,0.027002086785652354,0.03677631665664913,0.051402003499636945
3,7,4,False,7,Web-Based,4,Mirai,0.07078589452536399,0.11910035016551758,0.05589367899116845
3,7,4,False,7,Web-Based,5,Recon,0.04956478966279594,0.1051323687785291,0.04665063687173556
3,7,4,False,7,Web-Based,6,Spoofing,0.15506887194593846,0.1326335011788307,0.134926452910806
3,7,4,False,7,Web-Based,7,Web-Based,0.15320378440117505,0.186151400887949,0.12788550044896002
3,7,5,False,0,Benign,0,Benign,0.34478026733332934,0.18711289151916577,0.3783280723088211
3,7,5,False,0,Benign,1,BruteForce,0.010099758028002602,0.14875958491776126,0.017547510079094965
3,7,5,False,0,Benign,2,DDoS,0.03255899511842057,0.08526200130134652,0.051107934128251306
3,7,5,False,0,Benign,3,DoS,0.01003496882842297,0.05525979822971715,0.01959878619832978
3,7,5,False,0,Benign,4,Mirai,0.019689848253760286,0.11492673428490542,0.02363074014508072
3,7,5,False,0,Benign,5,Recon,0.0732018914724933,0.11845607877954976,0.0744806952042887
3,7,5,False,0,Benign,6,Spoofing,0.4956069665547382,0.13379548035662517,0.41640980896830043
3,7,5,False,0,Benign,7,Web-Based,0.014027304410832659,0.15642743061092892,0.018896452967833058
3,7,5,False,1,BruteForce,0,Benign,0.33427357463614255,0.1414235399879599,0.4220793397155259
3,7,5,False,1,BruteForce,1,BruteForce,0.011782834277764168,0.2310036029064949,0.017452424571843622
3,7,5,False,1,BruteForce,2,DDoS,0.016250537690766908,0.07105117341048996,0.030756218001764053
3,7,5,False,1,BruteForce,3,DoS,0.009256846435759709,0.033724207686306365,0.019057952971509008
3,7,5,False,1,BruteForce,4,Mirai,0.020124840540402915,0.11024791092152855,0.02385929989556012
3,7,5,False,1,BruteForce,5,Recon,0.07338179146593862,0.10012459429462305,0.0768380145216068
3,7,5,False,1,BruteForce,6,Spoofing,0.5193338263033095,0.11988305713207212,0.3907260856561628
3,7,5,False,1,BruteForce,7,Web-Based,0.015595748649915647,0.19254191366052506,0.019230664666027766
3,7,5,False,2,DDoS,0,Benign,0.1052686886765722,0.07964982022344352,0.15728459891530153
3,7,5,False,2,DDoS,1,BruteForce,0.008967840166254829,0.049528355900574174,0.020081329595853403
3,7,5,False,2,DDoS,2,DDoS,0.6408544900211799,0.5511239372762974,0.5617724981376889
3,7,5,False,2,DDoS,3,DoS,0.006953117504823857,0.05747868185981616,0.012859254036653837
3,7,5,False,2,DDoS,4,Mirai,0.010939296273175664,0.0812446724557252,0.019400251437496654
3,7,5,False,2,DDoS,5,Recon,0.048774086368062436,0.06759060418279997,0.04233680995181692
3,7,5,False,2,DDoS,6,Spoofing,0.17050525456208807,0.06354484612887534,0.17072499753583964
3,7,5,False,2,DDoS,7,Web-Based,0.007737226427843067,0.04983908197246833,0.01554026038934899
3,7,5,False,3,DoS,0,Benign,0.06708483625966283,0.07799860436324424,0.1521870865087781
3,7,5,False,3,DoS,1,BruteForce,0.014101857591665828,0.06329575471646938,0.02707200618051485
3,7,5,False,3,DoS,2,DDoS,0.09891819617940192,0.11216348876115907,0.14666000047508393
3,7,5,False,3,DoS,3,DoS,0.4174242755137962,0.47573642570742397,0.18098746353411105
3,7,5,False,3,DoS,4,Mirai,0.010879966314354297,0.10079098576889978,0.0225941413864522
3,7,5,False,3,DoS,5,Recon,0.024432755394565814,0.05603309810695792,0.047561405360367064
3,7,5,False,3,DoS,6,Spoofing,0.35770085228459303,0.08282127405271314,0.40015524914078443
3,7,5,False,3,DoS,7,Web-Based,0.009457260461960198,0.031160368523132594,0.02278264741390845
3,7,5,False,4,Mirai,0,Benign,0.30963575390401377,0.1446627147141926,0.3881948853418603
3,7,5,False,4,Mirai,1,BruteForce,0.010895353733357224,0.18602782834222636,0.017591480932306197
3,7,5,False,4,Mirai,2,DDoS,0.03277700299959474,0.09099333393503488,0.04069487135055433
3,7,5,False,4,Mirai,3,DoS,0.009944329668230119,0.055956366621729196,0.019884109120460344
3,7,5,False,4,Mirai,4,Mirai,0.02361241967735,0.14217804315834176,0.024656434139932532
3,7,5,False,4,Mirai,5,Recon,0.058199051342901424,0.09149263503030451,0.0680386101742592
3,7,5,False,4,Mirai,6,Spoofing,0.5409431452090061,0.1280060893428564,0.422302547286838
3,7,5,False,4,Mirai,7,Web-Based,0.01399294346554664,0.1606829888553143,0.01863706165378906
3,7,5,False,5,Recon,0,Benign,0.34448465527788213,0.13810215659886418,0.4165851513257524
3,7,5,False,5,Recon,1,BruteForce,0.011949926498066275,0.2008358951692794,0.017232907660537707
3,7,5,False,5,Recon,2,DDoS,0.016148078123523462,0.06884367128060007,0.030855083847475456
3,7,5,False,5,Recon,3,DoS,0.009573902453961823,0.034822656304455316,0.01930504435685354
3,7,5,False,5,Recon,4,Mirai,0.01946535919472026,0.10793756424849783,0.023053352050397432
3,7,5,False,5,Recon,5,Recon,0.11325434994623412,0.14015050588941202,0.09082699923357593
3,7,5,False,5,Recon,6,Spoofing,0.4685473817939045,0.11834888370717932,0.3830407149459981
3,7,5,False,5,Recon,7,Web-Based,0.0165763467117075,0.19095866680171195,0.019100746579409494
3,7,5,False,6,Spoofing,0,Benign,0.321377380803416,0.17922709732593253,0.384339731543249
3,7,5,False,6,Spoofing,1,BruteForce,0.0100821804976693,0.1595968125581959,0.017071650158905514
3,7,5,False,6,Spoofing,2,DDoS,0.015821263847644814,0.06675325082352677,0.03154310353527155
3,7,5,False,6,Spoofing,3,DoS,0.009329202952146448,0.03438496770286709,0.01963870014916002
3,7,5,False,6,Spoofing,4,Mirai,0.01921448675786107,0.11791080963434138,0.02363134532308709
3,7,5,False,6,Spoofing,5,Recon,0.0716677712870042,0.12400916309060861,0.07216007608053722
3,7,5,False,6,Spoofing,6,Spoofing,0.5385084447080947,0.14745975541681938,0.4330544183475924
3,7,5,False,6,Spoofing,7,Web-Based,0.013999269146163505,0.1706581434477083,0.018560974862197207
3,7,5,False,7,Web-Based,0,Benign,0.35040275809957117,0.17559513061022108,0.4216269510220606
3,7,5,False,7,Web-Based,1,BruteForce,0.010740665858437443,0.17295583819337107,0.01734601397073613
3,7,5,False,7,Web-Based,2,DDoS,0.01725662475912891,0.07165509352893233,0.033328462487528146
3,7,5,False,7,Web-Based,3,DoS,0.00948284140567271,0.03677631665664913,0.019046315251843134
3,7,5,False,7,Web-Based,4,Mirai,0.021754090268940495,0.11910035016551758,0.02389689832549251
3,7,5,False,7,Web-Based,5,Recon,0.06978278190986213,0.1051323687785291,0.07154520334700588
3,7,5,False,7,Web-Based,6,Spoofing,0.5056616219484845,0.1326335011788307,0.3943679879536759
3,7,5,False,7,Web-Based,7,Web-Based,0.014918615749902593,0.186151400887949,0.018842167641657553
3,7,6,False,0,Benign,0,Benign,0.605339955736098,0.18711289151916577,0.5635906685768259
3,7,6,False,0,Benign,1,BruteForce,0.08358067040040126,0.14875958491776126,0.07299659075803594
3,7,6,False,0,Benign,2,DDoS,0.015592909112637943,0.08526200130134652,0.022728536544494627
3,7,6,False,0,Benign,3,DoS,0.02098801879621469,0.05525979822971715,0.031804090117990215
3,7,6,False,0,Benign,4,Mirai,0.2274438015190578,0.11492673428490542,0.2587297366439052
3,7,6,False,0,Benign,5,Recon,0.019025788708879287,0.11845607877954976,0.018895481360983485
3,7,6,False,0,Benign,6,Spoofing,0.014937898108043949,0.13379548035662517,0.0177701765605472
3,7,6,False,0,Benign,7,Web-Based,0.013090957618667135,0.15642743061092892,0.01348471943721746
3,7,6,False,1,BruteForce,0,Benign,0.557436826162865,0.1414235399879599,0.5549714020686299
3,7,6,False,1,BruteForce,1,BruteForce,0.11560865293615481,0.2310036029064949,0.08560280046420034
3,7,6,False,1,BruteForce,2,DDoS,0.017395023355550297,0.07105117341048996,0.021062767913920828
3,7,6,False,1,BruteForce,3,DoS,0.011823169161854385,0.033724207686306365,0.02567387307698594
3,7,6,False,1,BruteForce,4,Mirai,0.24851061208809935,0.11024791092152855,0.26100076552171436
3,7,6,False,1,BruteForce,5,Recon,0.018147905301743147,0.10012459429462305,0.019051100528756047
3,7,6,False,1,BruteForce,6,Spoofing,0.015571060712722636,0.11988305713207212,0.018381569423341976
3,7,6,False,1,BruteForce,7,Web-Based,0.015506750281010461,0.19254191366052506,0.014255721002450587
3,7,6,False,2,DDoS,0,Benign,0.2752721152171762,0.07964982022344352,0.4202436186435445
3,7,6,False,2,DDoS,1,BruteForce,0.04669616956546192,0.049528355900574174,0.05236872798432571
3,7,6,False,2,DDoS,2,DDoS,0.35700427651962857,0.5511239372762974,0.18140853702907217
3,7,6,False,2,DDoS,3,DoS,0.03946436441888561,0.05747868185981616,0.03450566219496077
3,7,6,False,2,DDoS,4,Mirai,0.2440614771633711,0.0812446724557252,0.2590831465024586
3,7,6,False,2,DDoS,5,Recon,0.014138684922364248,0.06759060418279997,0.018087462278336484
3,7,6,False,2,DDoS,6,Spoofing,0.011621466119418018,0.06354484612887534,0.017904361348387392
3,7,6,False,2,DDoS,7,Web-Based,0.011741446073694279,0.04983908197246833,0.016398484018914375
3,7,6,False,3,DoS,0,Benign,0.11586340322480518,0.07799860436324424,0.25688272991575484
3,7,6,False,3,DoS,1,BruteForce,0.03911766846455602,0.06329575471646938,0.06691429012445817
3,7,6,False,3,DoS,2,DDoS,0.02103708721533975,0.11216348876115907,0.040240292913036796
3,7,6,False,3,DoS,3,DoS,0.6737627107161736,0.47573642570742397,0.3115024818327052
3,7,6,False,3,DoS,4,Mirai,0.11905197043065387,0.10079098576889978,0.26550556668029934
3,7,6,False,3,DoS,5,Recon,0.009960879274748344,0.05603309810695792,0.02110137052285292
3,7,6,False,3,DoS,6,Spoofing,0.011007086935266808,0.08282127405271314,0.018396588269915543
3,7,6,False,3,DoS,7,Web-Based,0.010199193738456607,0.031160368523132594,0.019456679740977197
3,7,6,False,4,Mirai,0,Benign,0.4835413600646311,0.1446627147141926,0.5069725828697176
3,7,6,False,4,Mirai,1,BruteForce,0.09013644159292326,0.18602782834222636,0.07708283150685984
3,7,6,False,4,Mirai,2,DDoS,0.01813281510694187,0.09099333393503488,0.023175436673754362
3,7,6,False,4,Mirai,3,DoS,0.015528157181742991,0.055956366621729196,0.029480894384506
3,7,6,False,4,Mirai,4,Mirai,0.3483530196704591,0.14217804315834176,0.31307240406737114
3,7,6,False,4,Mirai,5,Recon,0.01613845847937109,0.09149263503030451,0.018484869990236578
3,7,6,False,4,Mirai,6,Spoofing,0.014782146118380825,0.1280060893428564,0.017907721722121184
3,7,6,False,4,Mirai,7,Web-Based,0.013387601785549662,0.1606829888553143,0.013823258785433315
3,7,6,False,5,Recon,0,Benign,0.5597652405750241,0.13810215659886418,0.5511247022879678
3,7,6,False,5,Recon,1,BruteForce,0.12051012687434745,0.2008358951692794,0.08735828671699891
3,7,6,False,5,Recon,2,DDoS,0.01769930538317266,0.06884367128060007,0.021377815255414247
3,7,6,False,5,Recon,3,DoS,0.013078728548377704,0.034822656304455316,0.026286416125428317
3,7,6,False,5,Recon,4,Mirai,0.23571061963502976,0.10793756424849783,0.2618948779018005
3,7,6,False,5,Recon,5,Recon,0.021904407259620746,0.14015050588941202,0.019279064524510857
3,7,6,False,5,Recon,6,Spoofing,0.015354474649801967,0.11834888370717932,0.018291903731509438
3,7,6,False,5,Recon,7,Web-Based,0.015977097074625746,0.19095866680171195,0.014386933456370042
3,7,6,False,6,Spoofing,0,Benign,0.6029763596802388,0.17922709732593253,0.574631586254015
3,7,6,False,6,Spoofing,1,BruteForce,0.08948574034714912,0.1595968125581959,0.07334502540275967
3,7,6,False,6,Spoofing,2,DDoS,0.015123527219011812,0.06675325082352677,0.02158222435786873
3,7,6,False,6,Spoofing,3,DoS,0.012371741966742664,0.03438496770286709,0.026679753006541466
3,7,6,False,6,Spoofing,4,Mirai,0.23301029710061663,0.11791080963434138,0.2542762647531606
3,7,6,False,6,Spoofing,5,Recon,0.018875728951924256,0.12400916309060861,0.01860513125670131
3,7,6,False,6,Spoofing,6,Spoofing,0.014588552354940248,0.14745975541681938,0.017691682519896265
3,7,6,False,6,Spoofing,7,Web-Based,0.01356805237937657,0.1706581434477083,0.013188332449056994
3,7,6,False,7,Web-Based,0,Benign,0.565441953560308,0.17559513061022108,0.5607980975870772
3,7,6,False,7,Web-Based,1,BruteForce,0.0922504989029053,0.17295583819337107,0.07829739978430017
3,7,6,False,7,Web-Based,2,DDoS,0.015586715202369804,0.07165509352893233,0.021601190255963076
3,7,6,False,7,Web-Based,3,DoS,0.011766746413519531,0.03677631665664913,0.024415889745459884
3,7,6,False,7,Web-Based,4,Mirai,0.2688132200597399,0.11910035016551758,0.26472536396730617
3,7,6,False,7,Web-Based,5,Recon,0.01787023699181473,0.1051323687785291,0.01866916262239674
3,7,6,False,7,Web-Based,6,Spoofing,0.014541091454785939,0.1326335011788307,0.01774326431444597
3,7,6,False,7,Web-Based,7,Web-Based,0.013729537414556752,0.186151400887949,0.013749631723050777
3,7,7,True,0,Benign,0,Benign,0.07849120511385148,0.18711289151916577,0.1612130099482367
3,7,7,True,0,Benign,1,BruteForce,0.3427485634218259,0.14875958491776126,0.021549698594711935
3,7,7,True,0,Benign,2,DDoS,0.07872872757263588,0.08526200130134652,0.21755281072488927
3,7,7,True,0,Benign,3,DoS,0.05072509203147921,0.05525979822971715,0.0507713524334422
3,7,7,True,0,Benign,4,Mirai,0.07238256969161838,0.11492673428490542,0.10149800229687622
3,7,7,True,0,Benign,5,Recon,0.057452832664238,0.11845607877954976,0.08915834590119735
3,7,7,True,0,Benign,6,Spoofing,0.06326067005955142,0.13379548035662517,0.2752811876886586
3,7,7,True,0,Benign,7,Web-Based,0.25621033944479976,0.15642743061092892,0.0829755924119876
3,7,7,True,1,BruteForce,0,Benign,0.07328226147869855,0.1414235399879599,0.17216505788819655
3,7,7,True,1,BruteForce,1,BruteForce,0.3590084907324222,0.2310036029064949,0.023489184260006412
3,7,7,True,1,BruteForce,2,DDoS,0.07681234460183851,0.07105117341048996,0.1782194383822207
3,7,7,True,1,BruteForce,3,DoS,0.05127342887492294,0.033724207686306365,0.02107490955539629
3,7,7,True,1,BruteForce,4,Mirai,0.07078176955698116,0.11024791092152855,0.11609453677926099
3,7,7,True,1,BruteForce,5,Recon,0.0544555071198903,0.10012459429462305,0.10624656030471129
3,7,7,True,1,BruteForce,6,Spoofing,0.059900240755774846,0.11988305713207212,0.27772178577655626
3,7,7,True,1,BruteForce,7,Web-Based,0.25448595687947145,0.19254191366052506,0.10498852705365155
3,7,7,True,2,DDoS,0,Benign,0.07791985233546049,0.07964982022344352,0.05957168728630258
3,7,7,True,2,DDoS,1,BruteForce,0.31873348556091846,0.049528355900574174,0.018248559763005344
3,7,7,True,2,DDoS,2,DDoS,0.0868910338656206,0.5511239372762974,0.6887717265507326
3,7,7,True,2,DDoS,3,DoS,0.06116973108757811,0.05747868185981616,0.027932282682672043
3,7,7,True,2,DDoS,4,Mirai,0.07295571418255299,0.0812446724557252,0.04457647051358587
3,7,7,True,2,DDoS,5,Recon,0.06415842288606202,0.06759060418279997,0.04837520167158278
3,7,7,True,2,DDoS,6,Spoofing,0.06364668453838267,0.06354484612887534,0.07689998253077296
3,7,7,True,2,DDoS,7,Web-Based,0.2545250755434247,0.04983908197246833,0.03562408900134586
3,7,7,True,3,DoS,0,Benign,0.062012880510963105,0.07799860436324424,0.042044694103497406
3,7,7,True,3,DoS,1,BruteForce,0.32405644418629603,0.06329575471646938,0.022903262186133883
3,7,7,True,3,DoS,2,DDoS,0.09106938356599846,0.11216348876115907,0.29928914497879966
3,7,7,True,3,DoS,3,DoS,0.08896106041614675,0.47573642570742397,0.39409129704328877
3,7,7,True,3,DoS,4,Mirai,0.0739759125758478,0.10079098576889978,0.046517135311820994
3,7,7,True,3,DoS,5,Recon,0.049286047484956075,0.05603309810695792,0.03586961341078116
3,7,7,True,3,DoS,6,Spoofing,0.0620311965124701,0.08282127405271314,0.11958088099153534
3,7,7,True,3,DoS,7,Web-Based,0.2486070747473217,0.031160368523132594,0.03970397197414285
3,7,7,True,4,Mirai,0,Benign,0.07374678960310925,0.1446627147141926,0.15803829928626134
3,7,7,True,4,Mirai,1,BruteForce,0.3499381827038816,0.18602782834222636,0.02324967474085569
3,7,7,True,4,Mirai,2,DDoS,0.07962483449681328,0.09099333393503488,0.21429951582599055
3,7,7,True,4,Mirai,3,DoS,0.051753303875750944,0.055956366621729196,0.04786313847895252
3,7,7,True,4,Mirai,4,Mirai,0.07635032146078091,0.14217804315834176,0.12158082011883178
3,7,7,True,4,Mirai,5,Recon,0.05393452375179151,0.09149263503030451,0.07913860738665386
3,7,7,True,4,Mirai,6,Spoofing,0.06228465287141612,0.1280060893428564,0.2673355405055664
3,7,7,True,4,Mirai,7,Web-Based,0.2523673912364563,0.1606829888553143,0.08849440365688792
3,7,7,True,5,Recon,0,Benign,0.0721628793434952,0.13810215659886418,0.16933151293432142
3,7,7,True,5,Recon,1,BruteForce,0.3602447778458152,0.2008358951692794,0.023268371573153347
3,7,7,True,5,Recon,2,DDoS,0.07623820888501137,0.06884367128060007,0.17770704044744995
3,7,7,True,5,Recon,3,DoS,0.05134648203009699,0.034822656304455316,0.021267034241298704
3,7,7,True,5,Recon,4,Mirai,0.07043157692909394,0.10793756424849783,0.11627460050720387
3,7,7,True,5,Recon,5,Recon,0.05525175251271443,0.14015050588941202,0.12369832313348705
3,7,7,True,5,Recon,6,Spoofing,0.058479624520570546,0.11834888370717932,0.26291838932884415
3,7,7,True,5,Recon,7,Web-Based,0.2558446979332024,0.19095866680171195,0.10553472783424149
3,7,7,True,6,Spoofing,0,Benign,0.0770639513453952,0.17922709732593253,0.17501644461271487
3,7,7,True,6,Spoofing,1,BruteForce,0.3418016218574654,0.1595968125581959,0.021484065384614778
3,7,7,True,6,Spoofing,2,DDoS,0.07701815217954265,0.06675325082352677,0.15969167991808367
3,7,7,True,6,Spoofing,3,DoS,0.050131448471513865,0.03438496770286709,0.040222036031223
3,7,7,True,6,Spoofing,4,Mirai,0.07400894899507093,0.11791080963434138,0.10437302873967663
3,7,7,True,6,Spoofing,5,Recon,0.05758895178559423,0.12400916309060861,0.09595536247509695
3,7,7,True,6,Spoofing,6,Spoofing,0.06494948152972249,0.14745975541681938,0.3146634533266313
3,7,7,True,6,Spoofing,7,Web-Based,0.2574374438356954,0.1706581434477083,0.0885939295119589
3,7,7,True,7,Web-Based,0,Benign,0.07619533559165792,0.17559513061022108,0.1783952917633801
3,7,7,True,7,Web-Based,1,BruteForce,0.34731012154550855,0.17295583819337107,0.02330923188089099
3,7,7,True,7,Web-Based,2,DDoS,0.0768980504217965,0.07165509352893233,0.1826001336201361
3,7,7,True,7,Web-Based,3,DoS,0.050478618934374275,0.03677631665664913,0.024411332109139233
3,7,7,True,7,Web-Based,4,Mirai,0.07246042429433867,0.11910035016551758,0.11430485638861031
3,7,7,True,7,Web-Based,5,Recon,0.05664049250147274,0.1051323687785291,0.09879631550710012
3,7,7,True,7,Web-Based,6,Spoofing,0.06153819414739917,0.1326335011788307,0.28042700437631257
3,7,7,True,7,Web-Based,7,Web-Based,0.2584787625634522,0.186151400887949,0.09775583435443067
3,7,8,True,0,Benign,0,Benign,0.07075664270316323,0.18711289151916577,0.019132850159553263
3,7,8,True,0,Benign,1,BruteForce,0.3070277246412327,0.14875958491776126,0.016068908819353574
3,7,8,True,0,Benign,2,DDoS,0.05959093689354265,0.08526200130134652,0.04439965505164727
3,7,8,True,0,Benign,3,DoS,0.053699930458170494,0.05525979822971715,0.056110536479231185
3,7,8,True,0,Benign,4,Mirai,0.07558730560334165,0.11492673428490542,0.02349910412323074
3,7,8,True,0,Benign,5,Recon,0.06590035312080676,0.11845607877954976,0.03706211308079212
3,7,8,True,0,Benign,6,Spoofing,0.09299783792406843,0.13379548035662517,0.7847352431503148
3,7,8,True,0,Benign,7,Web-Based,0.2744392686556741,0.15642743061092892,0.0189915891358769
3,7,8,True,1,BruteForce,0,Benign,0.06766428464511935,0.1414235399879599,0.017743662669092622
3,7,8,True,1,BruteForce,1,BruteForce,0.320195642504607,0.2310036029064949,0.012867881546379339
3,7,8,True,1,BruteForce,2,DDoS,0.0555331710790262,0.07105117341048996,0.021160047750757877
3,7,8,True,1,BruteForce,3,DoS,0.052746858606052466,0.033724207686306365,0.028157277884586593
3,7,8,True,1,BruteForce,4,Mirai,0.0747484658614388,0.11024791092152855,0.02336187849024363
3,7,8,True,1,BruteForce,5,Recon,0.064417781042731,0.10012459429462305,0.03457158621983451
3,7,8,True,1,BruteForce,6,Spoofing,0.08971320132992118,0.11988305713207212,0.8435205502423192
3,7,8,True,1,BruteForce,7,Web-Based,0.27498059493110394,0.19254191366052506,0.018617115196786365
3,7,8,True,2,DDoS,0,Benign,0.0615553588508544,0.07964982022344352,0.024591890673603345
3,7,8,True,2,DDoS,1,BruteForce,0.28623963822751186,0.049528355900574174,0.020488245038388166
3,7,8,True,2,DDoS,2,DDoS,0.13727178863506562,0.5511239372762974,0.5738390966700034
3,7,8,True,2,DDoS,3,DoS,0.06912683980030397,0.05747868185981616,0.03673158361827515
3,7,8,True,2,DDoS,4,Mirai,0.06907171789008001,0.0812446724557252,0.020919818015688825
3,7,8,True,2,DDoS,5,Recon,0.05983379557467253,0.06759060418279997,0.0387585856693685
3,7,8,True,2,DDoS,6,Spoofing,0.07251637050760817,0.06354484612887534,0.2685450562657869
3,7,8,True,2,DDoS,7,Web-Based,0.24438449051390354,0.04983908197246833,0.016125724048885598
3,7,8,True,3,DoS,0,Benign,0.051517118999938806,0.07799860436324424,0.016584975605900075
3,7,8,True,3,DoS,1,BruteForce,0.2726289256565179,0.06329575471646938,0.02787357350144254
3,7,8,True,3,DoS,2,DDoS,0.0742264018010487,0.11216348876115907,0.12449545436992798
3,7,8,True,3,DoS,3,DoS,0.08997211211260313,0.47573642570742397,0.412110294493304
3,7,8,True,3,DoS,4,Mirai,0.09287863093829656,0.10079098576889978,0.023082992246806874
3,7,8,True,3,DoS,5,Recon,0.052830948531962275,0.05603309810695792,0.026149152840062008
3,7,8,True,3,DoS,6,Spoofing,0.08007423929389197,0.08282127405271314,0.35010463360183147
3,7,8,True,3,DoS,7,Web-Based,0.2858716226657407,0.031160368523132594,0.019598923340725164
3,7,8,True,4,Mirai,0,Benign,0.06594326526627509,0.1446627147141926,0.017301721504134907
3,7,8,True,4,Mirai,1,BruteForce,0.3100175488952739,0.18602782834222636,0.014990765983382903
3,7,8,True,4,Mirai,2,DDoS,0.06069640210020857,0.09099333393503488,0.03027142230568031
3,7,8,True,4,Mirai,3,DoS,0.054138192562152854,0.055956366621729196,0.053350498446353464
3,7,8,True,4,Mirai,4,Mirai,0.08298369540838015,0.14217804315834176,0.02456751041949872
3,7,8,True,4,Mirai,5,Recon,0.06082716546154603,0.09149263503030451,0.029649843710601795
3,7,8,True,4,Mirai,6,Spoofing,0.09069710609106212,0.1280060893428564,0.8112694934879471
3,7,8,True,4,Mirai,7,Web-Based,0.2746966242151013,0.1606829888553143,0.018598744142400783
3,7,8,True,5,Recon,0,Benign,0.06628534913449688,0.13810215659886418,0.017602542741750285
3,7,8,True,5,Recon,1,BruteForce,0.3220702586206913,0.2008358951692794,0.01298889133185358
3,7,8,True,5,Recon,2,DDoS,0.05482970135589315,0.06884367128060007,0.021295275993342844
3,7,8,True,5,Recon,3,DoS,0.05289342077564855,0.034822656304455316,0.029473546456429113
3,7,8,True,5,Recon,4,Mirai,0.074158903977679,0.10793756424849783,0.02327832259421718
3,7,8,True,5,Recon,5,Recon,0.06591118169297666,0.14015050588941202,0.04548564476427263
3,7,8,True,5,Recon,6,Spoofing,0.08739875628751546,0.11834888370717932,0.8312604056001496
3,7,8,True,5,Recon,7,Web-Based,0.2764524281550991,0.19095866680171195,0.01861537051798485
3,7,8,True,6,Spoofing,0,Benign,0.0688860995624187,0.17922709732593253,0.017410521247189895
3,7,8,True,6,Spoofing,1,BruteForce,0.30438468563393123,0.1595968125581959,0.013890804576603797
3,7,8,True,6,Spoofing,2,DDoS,0.05757521471937388,0.06675325082352677,0.023166008602391583
3,7,8,True,6,Spoofing,3,DoS,0.05270684669017529,0.03438496770286709,0.04595798976193486
3,7,8,True,6,Spoofing,4,Mirai,0.07846886280997722,0.11791080963434138,0.02247485021861084
3,7,8,True,6,Spoofing,5,Recon,0.06621713571017167,0.12400916309060861,0.03455568325209396
3,7,8,True,6,Spoofing,6,Spoofing,0.09485527197920157,0.14745975541681938,0.8245215541322589
3,7,8,True,6,Spoofing,7,Web-Based,0.2769058828947504,0.1706581434477083,0.018022588208916227
3,7,8,True,7,Web-Based,0,Benign,0.06841902956002813,0.17559513061022108,0.018232554288658505
3,7,8,True,7,Web-Based,1,BruteForce,0.31003005941851147,0.17295583819337107,0.01344827549494716
3,7,8,True,7,Web-Based,2,DDoS,0.057119616738425576,0.07165509352893233,0.02607464544333082
3,7,8,True,7,Web-Based,3,DoS,0.05291462433984946,0.03677631665664913,0.03205878397403811
3,7,8,True,7,Web-Based,4,Mirai,0.07681011775297689,0.11910035016551758,0.02303780961405717
3,7,8,True,7,Web-Based,5,Recon,0.06488306760576085,0.1051323687785291,0.03465418902166594
3,7,8,True,7,Web-Based,6,Spoofing,0.09020757000080273,0.1326335011788307,0.8337732576626405
3,7,8,True,7,Web-Based,7,Web-Based,0.2796159145836448,0.186151400887949,0.01872048450066193
3,7,9,False,0,Benign,0,Benign,0.2578360814244414,0.18711289151916577,0.212708631315114
3,7,9,False,0,Benign,1,BruteForce,0.0034496506135789696,0.14875958491776126,0.0057487095059489636
3,7,9,False,0,Benign,2,DDoS,0.008337052461814409,0.08526200130134652,0.012474645677882902
3,7,9,False,0,Benign,3,DoS,0.0030927958796526955,0.05525979822971715,0.006082180136627195
3,7,9,False,0,Benign,4,Mirai,0.5193496882720828,0.11492673428490542,0.5442726249294527
3,7,9,False,0,Benign,5,Recon,0.116958380745875,0.11845607877954976,0.12353066180708568
3,7,9,False,0,Benign,6,Spoofing,0.08687407823488134,0.13379548035662517,0.08814688706657811
3,7,9,False,0,Benign,7,Web-Based,0.004102272367673357,0.15642743061092892,0.007035659561310454
3,7,9,False,1,BruteForce,0,Benign,0.23078772130802552,0.1414235399879599,0.19643140381446048
3,7,9,False,1,BruteForce,1,BruteForce,0.0035859223365356588,0.2310036029064949,0.005420658974589235
3,7,9,False,1,BruteForce,2,DDoS,0.004530642124200693,0.07105117341048996,0.006972007456531547
3,7,9,False,1,BruteForce,3,DoS,0.0026256510360671147,0.033724207686306365,0.005533962313056571
3,7,9,False,1,BruteForce,4,Mirai,0.5619037370094865,0.11024791092152855,0.5796708218206121
3,7,9,False,1,BruteForce,5,Recon,0.11476557628638935,0.10012459429462305,0.11622772955673638
3,7,9,False,1,BruteForce,6,Spoofing,0.07761257503819788,0.11988305713207212,0.0831422568850313
3,7,9,False,1,BruteForce,7,Web-Based,0.004188174861097483,0.19254191366052506,0.006601159178982361
3,7,9,False,2,DDoS,0,Benign,0.06049050252118398,0.07964982022344352,0.07378109127923523
3,7,9,False,2,DDoS,1,BruteForce,0.005002613289029561,0.049528355900574174,0.010804158511400564
3,7,9,False,2,DDoS,2,DDoS,0.5570358608796199,0.5511239372762974,0.5145861140339755
3,7,9,False,2,DDoS,3,DoS,0.004212868206301037,0.05747868185981616,0.007623311259983734
3,7,9,False,2,DDoS,4,Mirai,0.29234236218421694,0.0812446724557252,0.265180145327734
3,7,9,False,2,DDoS,5,Recon,0.04813781570823342,0.06759060418279997,0.06938093456303068
3,7,9,False,2,DDoS,6,Spoofing,0.02829278334223026,0.06354484612887534,0.04814830975089366
3,7,9,False,2,DDoS,7,Web-Based,0.004485193869185047,0.04983908197246833,0.010495935273746787
3,7,9,False,3,DoS,0,Benign,0.05488597898227283,0.07799860436324424,0.06597761485226326
3,7,9,False,3,DoS,1,BruteForce,0.007278092375663748,0.06329575471646938,0.007601240551088666
3,7,9,False,3,DoS,2,DDoS,0.11357057335399537,0.11216348876115907,0.0885159228871596
3,7,9,False,3,DoS,3,DoS,0.035271363471424,0.47573642570742397,0.010185430516659743
3,7,9,False,3,DoS,4,Mirai,0.6028027061475983,0.10079098576889978,0.6278306998648712
3,7,9,False,3,DoS,5,Recon,0.03469244566950184,0.05603309810695792,0.04921960120497947
3,7,9,False,3,DoS,6,Spoofing,0.14361406635953072,0.08282127405271314,0.1410816114877004
3,7,9,False,3,DoS,7,Web-Based,0.007884773640013283,0.031160368523132594,0.009587878635277698
3,7,9,False,4,Mirai,0,Benign,0.15552265662053444,0.1446627147141926,0.15665054209698429
3,7,9,False,4,Mirai,1,BruteForce,0.002522639666402822,0.18602782834222636,0.004262151925292362
3,7,9,False,4,Mirai,2,DDoS,0.005338436470500915,0.09099333393503488,0.007815598967478177
3,7,9,False,4,Mirai,3,DoS,0.0024581173303957777,0.055956366621729196,0.004755756169192422
3,7,9,False,4,Mirai,4,Mirai,0.7327470025964586,0.14217804315834176,0.7019238838520995
3,7,9,False,4,Mirai,5,Recon,0.04363977893028362,0.09149263503030451,0.054753709471234764
3,7,9,False,4,Mirai,6,Spoofing,0.05447666947164713,0.1280060893428564,0.06372590334822469
3,7,9,False,4,Mirai,7,Web-Based,0.0032946989137767166,0.1606829888553143,0.006112454169493804
3,7,9,False,5,Recon,0,Benign,0.2167342291433838,0.13810215659886418,0.18533707283203812
3,7,9,False,5,Recon,1,BruteForce,0.00398655822491283,0.2008358951692794,0.005850890664782675
3,7,9,False,5,Recon,2,DDoS,0.004123209991207022,0.06884367128060007,0.006644792733948009
3,7,9,False,5,Recon,3,DoS,0.0027084026540025825,0.034822656304455316,0.005533990742806916
3,7,9,False,5,Recon,4,Mirai,0.4598048093381096,0.10793756424849783,0.5104705615668697
3,7,9,False,5,Recon,5,Recon,0.2285600202121585,0.14015050588941202,0.20107210707856
3,7,9,False,5,Recon,6,Spoofing,0.07985130226078166,0.11834888370717932,0.07872758222176585
3,7,9,False,5,Recon,7,Web-Based,0.004231468175443999,0.19095866680171195,0.0063630021592289395
3,7,9,False,6,Spoofing,0,Benign,0.2256142336796974,0.17922709732593253,0.2129752411877739
3,7,9,False,6,Spoofing,1,BruteForce,0.003521058989933209,0.1595968125581959,0.005594561604115943
3,7,9,False,6,Spoofing,2,DDoS,0.004561403435995552,0.06675325082352677,0.007003732231253415
3,7,9,False,6,Spoofing,3,DoS,0.0029466021350491424,0.03438496770286709,0.005646586458114659
3,7,9,False,6,Spoofing,4,Mirai,0.5020009164631372,0.11791080963434138,0.5270247029692076
3,7,9,False,6,Spoofing,5,Recon,0.1395277971393793,0.12400916309060861,0.13388392227429521
3,7,9,False,6,Spoofing,6,Spoofing,0.11733843364383273,0.14745975541681938,0.10103837489641995
3,7,9,False,6,Spoofing,7,Web-Based,0.004489554512975557,0.1706581434477083,0.006832878378819363
3,7,9,False,7,Web-Based,0,Benign,0.18754764711195582,0.17559513061022108,0.20573941393174097
3,7,9,False,7,Web-Based,1,BruteForce,0.002842531119890563,0.17295583819337107,0.004988285031987422
3,7,9,False,7,Web-Based,2,DDoS,0.004673486233067496,0.07165509352893233,0.0078520559200081
3,7,9,False,7,Web-Based,3,DoS,0.00265876570224489,0.03677631665664913,0.0050920035248949455
3,7,9,False,7,Web-Based,4,Mirai,0.6236148834234522,0.11910035016551758,0.5967359652309505
3,7,9,False,7,Web-Based,5,Recon,0.08926115112178644,0.1051323687785291,0.09912271282795135
3,7,9,False,7,Web-Based,6,Spoofing,0.08566539059569289,0.1326335011788307,0.07408300743614007
3,7,9,False,7,Web-Based,7,Web-Based,0.0037361446919097776,0.186151400887949,0.006386556096326617
3,7,10,True,0,Benign,0,Benign,0.07031295207995288,0.18711289151916577,0.022270045567745377
3,7,10,True,0,Benign,1,BruteForce,0.3136032227655516,0.14875958491776126,0.019048116147505827
3,7,10,True,0,Benign,2,DDoS,0.05714068966088783,0.08526200130134652,0.058264932055389435
3,7,10,True,0,Benign,3,DoS,0.05526073136349887,0.05525979822971715,0.04369451153948292
3,7,10,True,0,Benign,4,Mirai,0.07719966051326667,0.11492673428490542,0.07935026555243353
3,7,10,True,0,Benign,5,Recon,0.06790009399645051,0.11845607877954976,0.13568543610090097
3,7,10,True,0,Benign,6,Spoofing,0.07727709207946493,0.13379548035662517,0.3294301928385613
3,7,10,True,0,Benign,7,Web-Based,0.28130555754092684,0.15642743061092892,0.3122565001979806
3,7,10,True,1,BruteForce,0,Benign,0.06696286233284925,0.1414235399879599,0.021395882591181345
3,7,10,True,1,BruteForce,1,BruteForce,0.3221955840531117,0.2310036029064949,0.01820485343619936
3,7,10,True,1,BruteForce,2,DDoS,0.05448654397628636,0.07105117341048996,0.027800501153444554
3,7,10,True,1,BruteForce,3,DoS,0.054736226687007054,0.033724207686306365,0.030508297120172185
3,7,10,True,1,BruteForce,4,Mirai,0.07665186418185228,0.11024791092152855,0.09075246456452916
3,7,10,True,1,BruteForce,5,Recon,0.06573073393602408,0.10012459429462305,0.1355921528596097
3,7,10,True,1,BruteForce,6,Spoofing,0.07405789475529596,0.11988305713207212,0.2919583863509789
3,7,10,True,1,BruteForce,7,Web-Based,0.2851782900775734,0.19254191366052506,0.38378746192388474
3,7,10,True,2,DDoS,0,Benign,0.06599033163752745,0.07964982022344352,0.02146354989899178
3,7,10,True,2,DDoS,1,BruteForce,0.30685852135179587,0.049528355900574174,0.021106456308982644
3,7,10,True,2,DDoS,2,DDoS,0.08679080242805093,0.5511239372762974,0.6022786062618589
3,7,10,True,2,DDoS,3,DoS,0.07137714403958077,0.05747868185981616,0.024344013283275748
3,7,10,True,2,DDoS,4,Mirai,0.07457082263992897,0.0812446724557252,0.040499910327815074
3,7,10,True,2,DDoS,5,Recon,0.06692380742856775,0.06759060418279997,0.05963832227706456
3,7,10,True,2,DDoS,6,Spoofing,0.06395785905706618,0.06354484612887534,0.10744966039347457
3,7,10,True,2,DDoS,7,Web-Based,0.263530711417482,0.04983908197246833,0.12321948124853671
3,7,10,True,3,DoS,0,Benign,0.04953646407230731,0.07799860436324424,0.016524256399403355
3,7,10,True,3,DoS,1,BruteForce,0.2911104179127373,0.06329575471646938,0.024251685421476613
3,7,10,True,3,DoS,2,DDoS,0.07095110441866824,0.11216348876115907,0.1921524231437968
3,7,10,True,3,DoS,3,DoS,0.14207548851099863,0.47573642570742397,0.3432196650431296
3,7,10,True,3,DoS,4,Mirai,0.07766585548247786,0.10079098576889978,0.04899223425140833
3,7,10,True,3,DoS,5,Recon,0.05163213206378728,0.05603309810695792,0.06773421950960029
3,7,10,True,3,DoS,6,Spoofing,0.07032590779788515,0.08282127405271314,0.18115959177665295
3,7,10,True,3,DoS,7,Web-Based,0.24670262974113835,0.031160368523132594,0.12596592445453203
3,7,10,True,4,Mirai,0,Benign,0.06560371274074996,0.1446627147141926,0.020906360869143853
3,7,10,True,4,Mirai,1,BruteForce,0.3155214655198611,0.18602782834222636,0.018484991654150906
3,7,10,True,4,Mirai,2,DDoS,0.05785362433668315,0.09099333393503488,0.04526853483889094
3,7,10,True,4,Mirai,3,DoS,0.05610125226239097,0.055956366621729196,0.04057060523043271
3,7,10,True,4,Mirai,4,Mirai,0.08426304866968948,0.14217804315834176,0.0930199027442174
3,7,10,True,4,Mirai,5,Recon,0.06278376838419972,0.09149263503030451,0.1230947051897784
3,7,10,True,4,Mirai,6,Spoofing,0.07583083943554503,0.1280060893428564,0.32823821797470715
3,7,10,True,4,Mirai,7,Web-Based,0.28204228865088055,0.1606829888553143,0.33041668149867864
3,7,10,True,5,Recon,0,Benign,0.06551416082583313,0.13810215659886418,0.021000630285856473
3,7,10,True,5,Recon,1,BruteForce,0.321604053334636,0.2008358951692794,0.01812983451842123
3,7,10,True,5,Recon,2,DDoS,0.05426616005109228,0.06884367128060007,0.027754586994734036
3,7,10,True,5,Recon,3,DoS,0.05494499029478079,0.034822656304455316,0.031053758674665574
3,7,10,True,5,Recon,4,Mirai,0.07620134083636076,0.10793756424849783,0.08863199214013308
3,7,10,True,5,Recon,5,Recon,0.06655819898311709,0.14015050588941202,0.1505426834996439
3,7,10,True,5,Recon,6,Spoofing,0.07245398232050328,0.11834888370717932,0.2842386896914777
3,7,10,True,5,Recon,7,Web-Based,0.28845711335367674,0.19095866680171195,0.37864782419506804
3,7,10,True,6,Spoofing,0,Benign,0.06846480752402942,0.17922709732593253,0.0219464716626074
3,7,10,True,6,Spoofing,1,BruteForce,0.31099181181845525,0.1595968125581959,0.017590292229546802
3,7,10,True,6,Spoofing,2,DDoS,0.05521694165441263,0.06675325082352677,0.02732242244704799
3,7,10,True,6,Spoofing,3,DoS,0.054388399061442785,0.03438496770286709,0.03497819372947385
3,7,10,True,6,Spoofing,4,Mirai,0.0791304699068232,0.11791080963434138,0.08108459950483436
3,7,10,True,6,Spoofing,5,Recon,0.06867382363357966,0.12400916309060861,0.13512999372248
3,7,10,True,6,Spoofing,6,Spoofing,0.07982044023102908,0.14745975541681938,0.34700179629198724
3,7,10,True,6,Spoofing,7,Web-Based,0.2833133061702281,0.1706581434477083,0.33494623041202237
3,7,10,True,7,Web-Based,0,Benign,0.06816999118447266,0.17559513061022108,0.02233567399325899
3,7,10,True,7,Web-Based,1,BruteForce,0.31286425726543443,0.17295583819337107,0.017738799278910797
3,7,10,True,7,Web-Based,2,DDoS,0.05495981217966215,0.07165509352893233,0.02980222971691401
3,7,10,True,7,Web-Based,3,DoS,0.05403892362226154,0.03677631665664913,0.031205773506683104
3,7,10,True,7,Web-Based,4,Mirai,0.07885861199617904,0.11910035016551758,0.08933694551850077
3,7,10,True,7,Web-Based,5,Recon,0.06746877736135272,0.1051323687785291,0.13496437980333795
3,7,10,True,7,Web-Based,6,Spoofing,0.07503542953219781,0.1326335011788307,0.30979530381561704
3,7,10,True,7,Web-Based,7,Web-Based,0.2886041968584397,0.186151400887949,0.3648208943667773
3,7,11,False,0,Benign,0,Benign,0.5788242966553905,0.18711289151916577,0.5054759344795156
3,7,11,False,0,Benign,1,BruteForce,0.004502318708829187,0.14875958491776126,0.007462605127298825
3,7,11,False,0,Benign,2,DDoS,0.005844872505337883,0.08526200130134652,0.010640381605379423
3,7,11,False,0,Benign,3,DoS,0.006327482889804367,0.05525979822971715,0.014780983180301552
3,7,11,False,0,Benign,4,Mirai,0.07742808907694389,0.11492673428490542,0.08417180931879836
3,7,11,False,0,Benign,5,Recon,0.08604804592420044,0.11845607877954976,0.1373969726142291
3,7,11,False,0,Benign,6,Spoofing,0.23583699064229982,0.13379548035662517,0.23190462746669555
3,7,11,False,0,Benign,7,Web-Based,0.005187903597194009,0.15642743061092892,0.008166686207781701
3,7,11,False,1,BruteForce,0,Benign,0.555602625043334,0.1414235399879599,0.5106147524192624
3,7,11,False,1,BruteForce,1,BruteForce,0.005064682364196704,0.2310036029064949,0.007222023432318588
3,7,11,False,1,BruteForce,2,DDoS,0.005100015691903141,0.07105117341048996,0.009715753075438184
3,7,11,False,1,BruteForce,3,DoS,0.004498807931386921,0.033724207686306365,0.00845695820506947
3,7,11,False,1,BruteForce,4,Mirai,0.0967387624221837,0.11024791092152855,0.08771126418285896
3,7,11,False,1,BruteForce,5,Recon,0.08042540261224594,0.10012459429462305,0.13823024944282974
3,7,11,False,1,BruteForce,6,Spoofing,0.2470028358997565,0.11988305713207212,0.23020952939325387
3,7,11,False,1,BruteForce,7,Web-Based,0.00556686803499313,0.19254191366052506,0.00783946984896885
3,7,11,False,2,DDoS,0,Benign,0.20764379605354807,0.07964982022344352,0.391693033549768
3,7,11,False,2,DDoS,1,BruteForce,0.007996166191374734,0.049528355900574174,0.012270970192291
3,7,11,False,2,DDoS,2,DDoS,0.5094228307873961,0.5511239372762974,0.14293445703506732
3,7,11,False,2,DDoS,3,DoS,0.020893956058050365,0.05747868185981616,0.0346928188460991
3,7,11,False,2,DDoS,4,Mirai,0.09704990010086599,0.0812446724557252,0.08264899631452405
3,7,11,False,2,DDoS,5,Recon,0.052742622277962205,0.06759060418279997,0.10654715777236783
3,7,11,False,2,DDoS,6,Spoofing,0.09710216155886219,0.06354484612887534,0.2163560792426348
3,7,11,False,2,DDoS,7,Web-Based,0.007148566971940184,0.04983908197246833,0.012856487047247967
3,7,11,False,3,DoS,0,Benign,0.07187087599667952,0.07799860436324424,0.10309353673587984
3,7,11,False,3,DoS,1,BruteForce,0.008700633442957623,0.06329575471646938,0.016412016849813423
3,7,11,False,3,DoS,2,DDoS,0.01415491295810626,0.11216348876115907,0.01715386702274042
3,7,11,False,3,DoS,3,DoS,0.659201409669974,0.47573642570742397,0.4905930896630506
3,7,11,False,3,DoS,4,Mirai,0.052163187427961895,0.10079098576889978,0.06735126521196996
3,7,11,False,3,DoS,5,Recon,0.02052285729271696,0.05603309810695792,0.03254476557324266
3,7,11,False,3,DoS,6,Spoofing,0.1677040249920562,0.08282127405271314,0.2576296574068613
3,7,11,False,3,DoS,7,Web-Based,0.005682098219547497,0.031160368523132594,0.015221801536441816
3,7,11,False,4,Mirai,0,Benign,0.51665889297918,0.1446627147141926,0.4930178028074896
3,7,11,False,4,Mirai,1,BruteForce,0.004744801117189349,0.18602782834222636,0.007418595071505128
3,7,11,False,4,Mirai,2,DDoS,0.0063533102276048135,0.09099333393503488,0.010673475310734544
3,7,11,False,4,Mirai,3,DoS,0.006857641436409242,0.055956366621729196,0.017015575176746667
3,7,11,False,4,Mirai,4,Mirai,0.17332343202797226,0.14217804315834176,0.12286600958710883
3,7,11,False,4,Mirai,5,Recon,0.049551557614624646,0.09149263503030451,0.08906886765228121
3,7,11,False,4,Mirai,6,Spoofing,0.2369483440228863,0.1280060893428564,0.2510653933064498
3,7,11,False,4,Mirai,7,Web-Based,0.005562020574133395,0.1606829888553143,0.008874281087684113
3,7,11,False,5,Recon,0,Benign,0.5272330634545522,0.13810215659886418,0.4927068831424751
3,7,11,False,5,Recon,1,BruteForce,0.004916795442333892,0.2008358951692794,0.00742554195106978
3,7,11,False,5,Recon,2,DDoS,0.004641030433755983,0.06884367128060007,0.009624595886530429
3,7,11,False,5,Recon,3,DoS,0.004379673548416135,0.034822656304455316,0.008328389430311143
3,7,11,False,5,Recon,4,Mirai,0.07420803462722957,0.10793756424849783,0.08341663457695307
3,7,11,False,5,Recon,5,Recon,0.16010050195157421,0.14015050588941202,0.18752957396487546
3,7,11,False,5,Recon,6,Spoofing,0.21904753982003977,0.11834888370717932,0.20326917878805226
3,7,11,False,5,Recon,7,Web-Based,0.005473360722098169,0.19095866680171195,0.0076992022597328095
3,7,11,False,6,Spoofing,0,Benign,0.508258063488157,0.17922709732593253,0.48286301836284756
3,7,11,False,6,Spoofing,1,BruteForce,0.0044965615819509185,0.1595968125581959,0.007235802502337834
3,7,11,False,6,Spoofing,2,DDoS,0.005268848821621976,0.06675325082352677,0.009895507549570342
3,7,11,False,6,Spoofing,3,DoS,0.004857789703789388,0.03438496770286709,0.009983399578093499
3,7,11,False,6,Spoofing,4,Mirai,0.07313099733626892,0.11791080963434138,0.0785594528290734
3,7,11,False,6,Spoofing,5,Recon,0.09336733711570082,0.12400916309060861,0.12942968868645746
3,7,11,False,6,Spoofing,6,Spoofing,0.3051010855106229,0.14745975541681938,0.2740407670468335
3,7,11,False,6,Spoofing,7,Web-Based,0.005519316441888065,0.1706581434477083,0.007992363444786446
3,7,11,False,7,Web-Based,0,Benign,0.5586189188198917,0.17559513061022108,0.5289669156973816
3,7,11,False,7,Web-Based,1,BruteForce,0.0044484413167654524,0.17295583819337107,0.006997340482420253
3,7,11,False,7,Web-Based,2,DDoS,0.005508939208422274,0.07165509352893233,0.009770151186618404
3,7,11,False,7,Web-Based,3,DoS,0.005143839649031814,0.03677631665664913,0.009807038889836544
3,7,11,False,7,Web-Based,4,Mirai,0.10627863713181461,0.11910035016551758,0.09178229978131258
3,7,11,False,7,Web-Based,5,Recon,0.06962348262561431,0.1051323687785291,0.12418983171646154
3,7,11,False,7,Web-Based,6,Spoofing,0.24481785507546686,0.1326335011788307,0.2204966630762761
3,7,11,False,7,Web-Based,7,Web-Based,0.0055598861729930045,0.186151400887949,0.007989759169692986
3,7,12,False,0,Benign,0,Benign,0.025825692765030495,0.18711289151916577,0.026462665550044947
3,7,12,False,0,Benign,1,BruteForce,0.008028026301255308,0.14875958491776126,0.012055694095309408
3,7,12,False,0,Benign,2,DDoS,0.008905008335313151,0.08526200130134652,0.014718325348589106
3,7,12,False,0,Benign,3,DoS,0.04133449518167582,0.05525979822971715,0.09649944847369452
3,7,12,False,0,Benign,4,Mirai,0.5139994328604643,0.11492673428490542,0.497085396462591
3,7,12,False,0,Benign,5,Recon,0.11318754253929637,0.11845607877954976,0.12355267580960916
3,7,12,False,0,Benign,6,Spoofing,0.22594674622662778,0.13379548035662517,0.18046671219629276
3,7,12,False,0,Benign,7,Web-Based,0.0627730557903367,0.15642743061092892,0.04915908206386924
3,7,12,False,1,BruteForce,0,Benign,0.02246614211956551,0.1414235399879599,0.025107642284793254
3,7,12,False,1,BruteForce,1,BruteForce,0.00995579736590445,0.2310036029064949,0.01200549613060556
3,7,12,False,1,BruteForce,2,DDoS,0.008543888319341183,0.07105117341048996,0.013128686943424587
3,7,12,False,1,BruteForce,3,DoS,0.01756609416358187,0.033724207686306365,0.029005819762036804
3,7,12,False,1,BruteForce,4,Mirai,0.5525102476359391,0.11024791092152855,0.5528058772746978
3,7,12,False,1,BruteForce,5,Recon,0.08211063497747684,0.10012459429462305,0.13472743978366244
3,7,12,False,1,BruteForce,6,Spoofing,0.2208893392514089,0.11988305713207212,0.17409356481768265
3,7,12,False,1,BruteForce,7,Web-Based,0.0859578561667821,0.19254191366052506,0.059125473003096875
3,7,12,False,2,DDoS,0,Benign,0.013855214341071556,0.07964982022344352,0.030003869943939145
3,7,12,False,2,DDoS,1,BruteForce,0.01123731992848928,0.049528355900574174,0.017771132103718997
3,7,12,False,2,DDoS,2,DDoS,0.5003192536543034,0.5511239372762974,0.3171184497345759
3,7,12,False,2,DDoS,3,DoS,0.10564845098900026,0.05747868185981616,0.10086297956612204
3,7,12,False,2,DDoS,4,Mirai,0.22594707040878226,0.0812446724557252,0.3132603556709456
3,7,12,False,2,DDoS,5,Recon,0.05786194167594428,0.06759060418279997,0.09257944457817051
3,7,12,False,2,DDoS,6,Spoofing,0.05803584940148457,0.06354484612887534,0.08977983377810282
3,7,12,False,2,DDoS,7,Web-Based,0.027094899600924382,0.04983908197246833,0.03862393462442499
3,7,12,False,3,DoS,0,Benign,0.005395810012277377,0.07799860436324424,0.010999057746118568
3,7,12,False,3,DoS,1,BruteForce,0.007461218355259927,0.06329575471646938,0.0175514269892811
3,7,12,False,3,DoS,2,DDoS,0.012255035443979172,0.11216348876115907,0.020152437677119866
3,7,12,False,3,DoS,3,DoS,0.8542348423492818,0.47573642570742397,0.7022069929548109
3,7,12,False,3,DoS,4,Mirai,0.05874160803368311,0.10079098576889978,0.11680458200945516
3,7,12,False,3,DoS,5,Recon,0.020814948181575813,0.05603309810695792,0.03703591624944796
3,7,12,False,3,DoS,6,Spoofing,0.02947895937800613,0.08282127405271314,0.07279207348035582
3,7,12,False,3,DoS,7,Web-Based,0.011617578245936675,0.031160368523132594,0.022457512893410584
3,7,12,False,4,Mirai,0,Benign,0.020290786433538443,0.1446627147141926,0.02594305074139693
3,7,12,False,4,Mirai,1,BruteForce,0.006685094965734968,0.18602782834222636,0.010684721840303734
3,7,12,False,4,Mirai,2,DDoS,0.009659774530586127,0.09099333393503488,0.015048815664166753
3,7,12,False,4,Mirai,3,DoS,0.02125988012466365,0.055956366621729196,0.0529732702800002
3,7,12,False,4,Mirai,4,Mirai,0.6766373659144725,0.14217804315834176,0.6064310047794048
3,7,12,False,4,Mirai,5,Recon,0.05644116916447669,0.09149263503030451,0.095220632058516
3,7,12,False,4,Mirai,6,Spoofing,0.1628865140970641,0.1280060893428564,0.14817769204580464
3,7,12,False,4,Mirai,7,Web-Based,0.04613941476946342,0.1606829888553143,0.045520812590406794
3,7,12,False,5,Recon,0,Benign,0.022084452749900882,0.13810215659886418,0.023632525474858623
3,7,12,False,5,Recon,1,BruteForce,0.010154516198106159,0.2008358951692794,0.012284384474508312
3,7,12,False,5,Recon,2,DDoS,0.008471704814150879,0.06884367128060007,0.01318532466708884
3,7,12,False,5,Recon,3,DoS,0.020229293147129204,0.034822656304455316,0.0314168214343716
3,7,12,False,5,Recon,4,Mirai,0.5016657675548006,0.10793756424849783,0.5370038599406017
3,7,12,False,5,Recon,5,Recon,0.12896479988345189,0.14015050588941202,0.16281062096259766
3,7,12,False,5,Recon,6,Spoofing,0.21182377968500918,0.11834888370717932,0.1625838537369057
3,7,12,False,5,Recon,7,Web-Based,0.09660568596745119,0.19095866680171195,0.05708260930906753
3,7,12,False,6,Spoofing,0,Benign,0.023976400087631414,0.17922709732593253,0.026469107199742777
3,7,12,False,6,Spoofing,1,BruteForce,0.008405302357172417,0.1595968125581959,0.011622460802595755
3,7,12,False,6,Spoofing,2,DDoS,0.007944544532950322,0.06675325082352677,0.013628173719736776
3,7,12,False,6,Spoofing,3,DoS,0.02005213869937376,0.03438496770286709,0.05960305714089781
3,7,12,False,6,Spoofing,4,Mirai,0.48221793211686775,0.11791080963434138,0.49415070750533713
3,7,12,False,6,Spoofing,5,Recon,0.1158270111539022,0.12400916309060861,0.1245803767133329
3,7,12,False,6,Spoofing,6,Spoofing,0.2668833693211344,0.14745975541681938,0.2142325937076371
3,7,12,False,6,Spoofing,7,Web-Based,0.0746933017309678,0.1706581434477083,0.05571352321071982
3,7,12,False,7,Web-Based,0,Benign,0.022361417941991615,0.17559513061022108,0.02641490311951378
3,7,12,False,7,Web-Based,1,BruteForce,0.00767863989689186,0.17295583819337107,0.011202996129719044
3,7,12,False,7,Web-Based,2,DDoS,0.008522328449112158,0.07165509352893233,0.013888644164304482
3,7,12,False,7,Web-Based,3,DoS,0.019320346330775333,0.03677631665664913,0.03456977866360679
3,7,12,False,7,Web-Based,4,Mirai,0.5757875018193436,0.11910035016551758,0.5575893799557168
3,7,12,False,7,Web-Based,5,Recon,0.09811459113647858,0.1051323687785291,0.13010916216150645
3,7,12,False,7,Web-Based,6,Spoofing,0.19891670986976337,0.1326335011788307,0.1695661573199577
3,7,12,False,7,Web-Based,7,Web-Based,0.06929846455564356,0.186151400887949,0.056658978485675054
3,7,13,False,0,Benign,0,Benign,0.05692654415080217,0.18711289151916577,0.06055386004083888
3,7,13,False,0,Benign,1,BruteForce,0.11640868286359905,0.14875958491776126,0.09363316921225759
3,7,13,False,0,Benign,2,DDoS,0.05760409838458631,0.08526200130134652,0.06796401271045555
3,7,13,False,0,Benign,3,DoS,0.011900138527065797,0.05525979822971715,0.01536906606727667
3,7,13,False,0,Benign,4,Mirai,0.0452144057945788,0.11492673428490542,0.05432285348042039
3,7,13,False,0,Benign,5,Recon,0.36343129449849737,0.11845607877954976,0.39795739412411263
3,7,13,False,0,Benign,6,Spoofing,0.14885014537089492,0.13379548035662517,0.1273448450201094
3,7,13,False,0,Benign,7,Web-Based,0.19966469040997556,0.15642743061092892,0.18285479934452892
3,7,13,False,1,BruteForce,0,Benign,0.060652369928450724,0.1414235399879599,0.06219007911701284
3,7,13,False,1,BruteForce,1,BruteForce,0.17222367572461963,0.2310036029064949,0.11360017528602807
3,7,13,False,1,BruteForce,2,DDoS,0.029356683392931498,0.07105117341048996,0.024879683051240126
3,7,13,False,1,BruteForce,3,DoS,0.014571645803451896,0.033724207686306365,0.01628907518567972
3,7,13,False,1,BruteForce,4,Mirai,0.05216621951646594,0.11024791092152855,0.05909321433342645
3,7,13,False,1,BruteForce,5,Recon,0.28886020931130035,0.10012459429462305,0.39380068182300615
3,7,13,False,1,BruteForce,6,Spoofing,0.12645501180938437,0.11988305713207212,0.1127826349398934
3,7,13,False,1,BruteForce,7,Web-Based,0.2557141845133956,0.19254191366052506,0.21736445626371323
3,7,13,False,2,DDoS,0,Benign,0.01974723615946377,0.07964982022344352,0.029645218230663097
3,7,13,False,2,DDoS,1,BruteForce,0.04404724029834146,0.049528355900574174,0.044390003608591314
3,7,13,False,2,DDoS,2,DDoS,0.676724521357676,0.5511239372762974,0.6352909363725004
3,7,13,False,2,DDoS,3,DoS,0.0061020983421342994,0.05747868185981616,0.010503117844130891
3,7,13,False,2,DDoS,4,Mirai,0.022216646413121856,0.0812446724557252,0.02860493938647318
3,7,13,False,2,DDoS,5,Recon,0.12835834652329114,0.06759060418279997,0.13708271084685927
3,7,13,False,2,DDoS,6,Spoofing,0.04120791722016988,0.06354484612887534,0.05030055513476766
3,7,13,False,2,DDoS,7,Web-Based,0.061595993685801584,0.04983908197246833,0.06418251857601417
3,7,13,False,3,DoS,0,Benign,0.016399163086572684,0.07799860436324424,0.03233971978002759
3,7,13,False,3,DoS,1,BruteForce,0.055745587070893644,0.06329575471646938,0.05300713177743538
3,7,13,False,3,DoS,2,DDoS,0.2994536273611083,0.11216348876115907,0.2691257299968779
3,7,13,False,3,DoS,3,DoS,0.2955762459518585,0.47573642570742397,0.05076355300514008
3,7,13,False,3,DoS,4,Mirai,0.05862141715713762,0.10079098576889978,0.061014517512999064
3,7,13,False,3,DoS,5,Recon,0.08904389788691368,0.05603309810695792,0.29218726986237215
3,7,13,False,3,DoS,6,Spoofing,0.12162887167454638,0.08282127405271314,0.11358387417877497
3,7,13,False,3,DoS,7,Web-Based,0.06353118981096921,0.031160368523132594,0.12797820388637293
3,7,13,False,4,Mirai,0,Benign,0.05646007195721764,0.1446627147141926,0.06505704215425251
3,7,13,False,4,Mirai,1,BruteForce,0.15187417074312282,0.18602782834222636,0.10857552825100836
3,7,13,False,4,Mirai,2,DDoS,0.07013513113058516,0.09099333393503488,0.054829259904598894
3,7,13,False,4,Mirai,3,DoS,0.013899419051412976,0.055956366621729196,0.01631967809243778
3,7,13,False,4,Mirai,4,Mirai,0.08718147887091623,0.14217804315834176,0.06634550226409335
3,7,13,False,4,Mirai,5,Recon,0.2738333849106993,0.09149263503030451,0.36094686593090997
3,7,13,False,4,Mirai,6,Spoofing,0.13815523451971445,0.1280060893428564,0.12982506029211566
3,7,13,False,4,Mirai,7,Web-Based,0.20846110881633154,0.1606829888553143,0.19810106311058343
3,7,13,False,5,Recon,0,Benign,0.056000440217135676,0.13810215659886418,0.058890944199925195
3,7,13,False,5,Recon,1,BruteForce,0.14915936113393413,0.2008358951692794,0.10996258594731881
3,7,13,False,5,Recon,2,DDoS,0.026124337044115608,0.06884367128060007,0.024575459907588162
3,7,13,False,5,Recon,3,DoS,0.013621124001021676,0.034822656304455316,0.016073495926865418
3,7,13,False,5,Recon,4,Mirai,0.04728614629860056,0.10793756424849783,0.05682780049595466
3,7,13,False,5,Recon,5,Recon,0.3491084182942041,0.14015050588941202,0.4166202590929207
3,7,13,False,5,Recon,6,Spoofing,0.1178422062142805,0.11834888370717932,0.10761596507282863
3,7,13,False,5,Recon,7,Web-Based,0.24085796679670776,0.19095866680171195,0.20943348935659842
3,7,13,False,6,Spoofing,0,Benign,0.0551973368384755,0.17922709732593253,0.05824697724820248
3,7,13,False,6,Spoofing,1,BruteForce,0.11947885990572629,0.1595968125581959,0.09347761890614228
3,7,13,False,6,Spoofing,2,DDoS,0.023554682722624877,0.06675325082352677,0.023553621414356338
3,7,13,False,6,Spoofing,3,DoS,0.012052952688080938,0.03438496770286709,0.015169114494199247
3,7,13,False,6,Spoofing,4,Mirai,0.04565613578653541,0.11791080963434138,0.05348185281645945
3,7,13,False,6,Spoofing,5,Recon,0.37934868511669007,0.12400916309060861,0.4310847366068133
3,7,13,False,6,Spoofing,6,Spoofing,0.1500940201985326,0.14745975541681938,0.12784485484416347
3,7,13,False,6,Spoofing,7,Web-Based,0.21461732674333445,0.1706581434477083,0.19714122366966352
3,7,13,False,7,Web-Based,0,Benign,0.058549028980372904,0.17559513061022108,0.06390660193207431
3,7,13,False,7,Web-Based,1,BruteForce,0.1370901657494097,0.17295583819337107,0.10607394555793523
3,7,13,False,7,Web-Based,2,DDoS,0.028956222502561715,0.07165509352893233,0.030251013981192044
3,7,13,False,7,Web-Based,3,DoS,0.012706706992979181,0.03677631665664913,0.015764724610940636
3,7,13,False,7,Web-Based,4,Mirai,0.0568641273893634,0.11910035016551758,0.05832549336769389
3,7,13,False,7,Web-Based,5,Recon,0.338943234932671,0.1051323687785291,0.40326458703784607
3,7,13,False,7,Web-Based,6,Spoofing,0.13429105494447305,0.1326335011788307,0.11685334765521006
3,7,13,False,7,Web-Based,7,Web-Based,0.23259945850816918,0.186151400887949,0.20556028585710787
3,7,14,True,0,Benign,0,Benign,0.10430931010258747,0.18711289151916577,0.1480594796370353
3,7,14,True,0,Benign,1,BruteForce,0.3479496450317445,0.14875958491776126,0.09103057403818236
3,7,14,True,0,Benign,2,DDoS,0.05748380668788335,0.08526200130134652,0.13501037934870694
3,7,14,True,0,Benign,3,DoS,0.04719705567916261,0.05525979822971715,0.08956857574426136
3,7,14,True,0,Benign,4,Mirai,0.07730549809609727,0.11492673428490542,0.15442565169066882
3,7,14,True,0,Benign,5,Recon,0.07171309082649412,0.11845607877954976,0.16030056009055077
3,7,14,True,0,Benign,6,Spoofing,0.05768412431908552,0.13379548035662517,0.031531698583245976
3,7,14,True,0,Benign,7,Web-Based,0.23635746925694512,0.15642743061092892,0.19007308086734842
3,7,14,True,1,BruteForce,0,Benign,0.09225743664325974,0.1414235399879599,0.15016749450818784
3,7,14,True,1,BruteForce,1,BruteForce,0.37936214755496095,0.2310036029064949,0.11283321346819068
3,7,14,True,1,BruteForce,2,DDoS,0.05732070960545427,0.07105117341048996,0.09277722713760264
3,7,14,True,1,BruteForce,3,DoS,0.046371088870503153,0.033724207686306365,0.04227046551479721
3,7,14,True,1,BruteForce,4,Mirai,0.07722573728425862,0.11024791092152855,0.1726806064477769
3,7,14,True,1,BruteForce,5,Recon,0.06358328382746874,0.10012459429462305,0.15484809839740113
3,7,14,True,1,BruteForce,6,Spoofing,0.05155162642486811,0.11988305713207212,0.03177492365119014
3,7,14,True,1,BruteForce,7,Web-Based,0.23232796978922635,0.19254191366052506,0.24264797087485346
3,7,14,True,2,DDoS,0,Benign,0.10517874206849069,0.07964982022344352,0.05504383470168419
3,7,14,True,2,DDoS,1,BruteForce,0.28874827482613835,0.049528355900574174,0.04343006115053119
3,7,14,True,2,DDoS,2,DDoS,0.07641377102814059,0.5511239372762974,0.6399708418223041
3,7,14,True,2,DDoS,3,DoS,0.06956593659466327,0.05747868185981616,0.049627131916077385
3,7,14,True,2,DDoS,4,Mirai,0.07580851067963397,0.0812446724557252,0.06286634217661555
3,7,14,True,2,DDoS,5,Recon,0.08292758426546341,0.06759060418279997,0.059088950315579924
3,7,14,True,2,DDoS,6,Spoofing,0.05541762609032922,0.06354484612887534,0.016241914274441712
3,7,14,True,2,DDoS,7,Web-Based,0.2459395544471404,0.04983908197246833,0.07373092364276607
3,7,14,True,3,DoS,0,Benign,0.06926931898179668,0.07799860436324424,0.036745108652393624
3,7,14,True,3,DoS,1,BruteForce,0.3057002410804872,0.06329575471646938,0.04923689543867314
3,7,14,True,3,DoS,2,DDoS,0.0758649994122737,0.11216348876115907,0.2189361691991132
3,7,14,True,3,DoS,3,DoS,0.11453624365217872,0.47573642570742397,0.4824966946835219
3,7,14,True,3,DoS,4,Mirai,0.0797321892503927,0.10079098576889978,0.06901901062078761
3,7,14,True,3,DoS,5,Recon,0.058807571238505114,0.05603309810695792,0.05468298899091042
3,7,14,True,3,DoS,6,Spoofing,0.05997522250016571,0.08282127405271314,0.018572282182331694
3,7,14,True,3,DoS,7,Web-Based,0.23611421388420006,0.031160368523132594,0.07031085023226843
3,7,14,True,4,Mirai,0,Benign,0.09388645185086456,0.1446627147141926,0.14558260732719783
3,7,14,True,4,Mirai,1,BruteForce,0.36123165365639764,0.18602782834222636,0.10089984082769843
3,7,14,True,4,Mirai,2,DDoS,0.06052303285680136,0.09099333393503488,0.132365923533683
3,7,14,True,4,Mirai,3,DoS,0.04769535262381692,0.055956366621729196,0.07981239993660168
3,7,14,True,4,Mirai,4,Mirai,0.08611685960316119,0.14217804315834176,0.1897777612426273
3,7,14,True,4,Mirai,5,Recon,0.06318052525608717,0.09149263503030451,0.12823493531298275
3,7,14,True,4,Mirai,6,Spoofing,0.05492384625587309,0.1280060893428564,0.03008714133987326
3,7,14,True,4,Mirai,7,Web-Based,0.2324422778969981,0.1606829888553143,0.1932393904793358
3,7,14,True,5,Recon,0,Benign,0.09036118864049007,0.13810215659886418,0.14467575747633607
3,7,14,True,5,Recon,1,BruteForce,0.38250645379314535,0.2008358951692794,0.1141463146584827
3,7,14,True,5,Recon,2,DDoS,0.05649948658504794,0.06884367128060007,0.09065836586990135
3,7,14,True,5,Recon,3,DoS,0.046470024723147714,0.034822656304455316,0.0434782976751668
3,7,14,True,5,Recon,4,Mirai,0.07585116305066615,0.10793756424849783,0.16795692760821904
3,7,14,True,5,Recon,5,Recon,0.06499926221166481,0.14015050588941202,0.16936905507596675
3,7,14,True,5,Recon,6,Spoofing,0.049921292998018015,0.11834888370717932,0.03200187725743563
3,7,14,True,5,Recon,7,Web-Based,0.2333911279978199,0.19095866680171195,0.2377134043784918
3,7,14,True,6,Spoofing,0,Benign,0.10131584771544676,0.17922709732593253,0.15515672168342898
3,7,14,True,6,Spoofing,1,BruteForce,0.347085509676521,0.1595968125581959,0.09402456146783492
3,7,14,True,6,Spoofing,2,DDoS,0.05519917722459133,0.06675325082352677,0.08721759719181094
3,7,14,True,6,Spoofing,3,DoS,0.04516040933021883,0.03438496770286709,0.07751984771762219
3,7,14,True,6,Spoofing,4,Mirai,0.07962999850282416,0.11791080963434138,0.15508192804945162
3,7,14,True,6,Spoofing,5,Recon,0.07274178470648203,0.12400916309060861,0.17753370357063722
3,7,14,True,6,Spoofing,6,Spoofing,0.060873199214746015,0.14745975541681938,0.03393015712444098
3,7,14,True,6,Spoofing,7,Web-Based,0.2379940736291698,0.1706581434477083,0.21953548319477323
3,7,14,True,7,Web-Based,0,Benign,0.09919861529183206,0.17559513061022108,0.16189355912712247
3,7,14,True,7,Web-Based,1,BruteForce,0.3582479607631383,0.17295583819337107,0.10210076203622208
3,7,14,True,7,Web-Based,2,DDoS,0.05592621423129105,0.07165509352893233,0.10510760822241653
3,7,14,True,7,Web-Based,3,DoS,0.045673132015329854,0.03677631665664913,0.046255614517100856
3,7,14,True,7,Web-Based,4,Mirai,0.07906929464519472,0.11910035016551758,0.17585135880458092
3,7,14,True,7,Web-Based,5,Recon,0.06937395211137624,0.1051323687785291,0.15516483640281217
3,7,14,True,7,Web-Based,6,Spoofing,0.054831311239895174,0.1326335011788307,0.032388845509535816
3,7,14,True,7,Web-Based,7,Web-Based,0.2376795197019427,0.186151400887949,0.22123741538020916
3,7,15,True,0,Benign,0,Benign,0.21939221247070284,0.18711289151916577,0.049839407048369984
3,7,15,True,0,Benign,1,BruteForce,0.17445291658849804,0.14875958491776126,0.031952746373506424
3,7,15,True,0,Benign,2,DDoS,0.04105167289360126,0.08526200130134652,0.5022519274526185
3,7,15,True,0,Benign,3,DoS,0.024720072818716576,0.05525979822971715,0.2867873313995385
3,7,15,True,0,Benign,4,Mirai,0.12682534561227227,0.11492673428490542,0.03710599221636177
3,7,15,True,0,Benign,5,Recon,0.12523857381481343,0.11845607877954976,0.023070707372011598
3,7,15,True,0,Benign,6,Spoofing,0.13686695642339422,0.13379548035662517,0.03884810561062139
3,7,15,True,0,Benign,7,Web-Based,0.15145224937800147,0.15642743061092892,0.03014378252697195
3,7,15,True,1,BruteForce,0,Benign,0.18885313713609994,0.1414235399879599,0.05207551206555742
3,7,15,True,1,BruteForce,1,BruteForce,0.22395280430239173,0.2310036029064949,0.033464480183938446
3,7,15,True,1,BruteForce,2,DDoS,0.044682538270912404,0.07105117341048996,0.5329504797880963
3,7,15,True,1,BruteForce,3,DoS,0.021657466707032762,0.033724207686306365,0.2504226473607079
3,7,15,True,1,BruteForce,4,Mirai,0.14095390196034693,0.11024791092152855,0.03849186840165198
3,7,15,True,1,BruteForce,5,Recon,0.10226424037346381,0.10012459429462305,0.02265328635101351
3,7,15,True,1,BruteForce,6,Spoofing,0.10999123248217287,0.11988305713207212,0.03799244616487405
3,7,15,True,1,BruteForce,7,Web-Based,0.16764467876757957,0.19254191366052506,0.0319492796841605
3,7,15,True,2,DDoS,0,Benign,0.11180872558762138,0.07964982022344352,0.037558931196428384
3,7,15,True,2,DDoS,1,BruteForce,0.11740520539502985,0.049528355900574174,0.02688383215724133
3,7,15,True,2,DDoS,2,DDoS,0.3533076350816207,0.5511239372762974,0.7419043758520436
3,7,15,True,2,DDoS,3,DoS,0.04413987371551595,0.05747868185981616,0.10634900120256495
3,7,15,True,2,DDoS,4,Mirai,0.09009833056158072,0.0812446724557252,0.027500291863635604
3,7,15,True,2,DDoS,5,Recon,0.09158662398675482,0.06759060418279997,0.016731122419306972
3,7,15,True,2,DDoS,6,Spoofing,0.06626575459984774,0.06354484612887534,0.021729241659544984
3,7,15,True,2,DDoS,7,Web-Based,0.12538785107202882,0.04983908197246833,0.0213432036492342
3,7,15,True,3,DoS,0,Benign,0.06638312359513728,0.07799860436324424,0.02093062169185039
3,7,15,True,3,DoS,1,BruteForce,0.12272693434418648,0.06329575471646938,0.03937447271880717
3,7,15,True,3,DoS,2,DDoS,0.08800115355879128,0.11216348876115907,0.230983461552189
3,7,15,True,3,DoS,3,DoS,0.15971953144491347,0.47573642570742397,0.6203742998024961
3,7,15,True,3,DoS,4,Mirai,0.2334710084264421,0.10079098576889978,0.02558702906097365
3,7,15,True,3,DoS,5,Recon,0.06885106713806337,0.05603309810695792,0.016732501945439
3,7,15,True,3,DoS,6,Spoofing,0.10860021227406048,0.08282127405271314,0.022870721632670718
3,7,15,True,3,DoS,7,Web-Based,0.15224696921840553,0.031160368523132594,0.02314689159557398
3,7,15,True,4,Mirai,0,Benign,0.17846541166411142,0.1446627147141926,0.04918618415140519
3,7,15,True,4,Mirai,1,BruteForce,0.18534638878511542,0.18602782834222636,0.03309853823094742
3,7,15,True,4,Mirai,2,DDoS,0.047350822938251054,0.09099333393503488,0.5135747760258506
3,7,15,True,4,Mirai,3,DoS,0.02448956452607444,0.055956366621729196,0.2778038421421814
3,7,15,True,4,Mirai,4,Mirai,0.1974829391374959,0.14217804315834176,0.039747188923165984
3,7,15,True,4,Mirai,5,Recon,0.08868920614085629,0.09149263503030451,0.018826301336706326
3,7,15,True,4,Mirai,6,Spoofing,0.12268291881555277,0.1280060893428564,0.03737634189122307
3,7,15,True,4,Mirai,7,Web-Based,0.15549274799254276,0.1606829888553143,0.030386827298520075
3,7,15,True,5,Recon,0,Benign,0.18315704926314805,0.13810215659886418,0.05231090400242893
3,7,15,True,5,Recon,1,BruteForce,0.22549635295923612,0.2008358951692794,0.03487046593706778
3,7,15,True,5,Recon,2,DDoS,0.043023376543511106,0.06884367128060007,0.5151354536604092
3,7,15,True,5,Recon,3,DoS,0.021790177432774064,0.034822656304455316,0.26560072345031455
3,7,15,True,5,Recon,4,Mirai,0.13047124368044685,0.10793756424849783,0.0376412932965182
3,7,15,True,5,Recon,5,Recon,0.12400370000988599,0.14015050588941202,0.022822761923066533
3,7,15,True,5,Recon,6,Spoofing,0.10508598808405055,0.11834888370717932,0.039236306790337246
3,7,15,True,5,Recon,7,Web-Based,0.16697211202694726,0.19095866680171195,0.03238209093985765
3,7,15,True,6,Spoofing,0,Benign,0.20124426458510994,0.17922709732593253,0.04989348536388863
3,7,15,True,6,Spoofing,1,BruteForce,0.1781406617842071,0.1595968125581959,0.03188649971154166
3,7,15,True,6,Spoofing,2,DDoS,0.03704355502996743,0.06675325082352677,0.48386588385254226
3,7,15,True,6,Spoofing,3,DoS,0.020721718536040292,0.03438496770286709,0.30516149358828903
3,7,15,True,6,Spoofing,4,Mirai,0.1313597153493901,0.11791080963434138,0.03665031104580393
3,7,15,True,6,Spoofing,5,Recon,0.12512564298362164,0.12400916309060861,0.021957736856461973
3,7,15,True,6,Spoofing,6,Spoofing,0.1513872534011223,0.14745975541681938,0.0405992718729204
3,7,15,True,6,Spoofing,7,Web-Based,0.1549771883305413,0.1706581434477083,0.029985317708552225
3,7,15,True,7,Web-Based,0,Benign,0.20439733702781393,0.17559513061022108,0.055652764274874436
3,7,15,True,7,Web-Based,1,BruteForce,0.19239654291670827,0.17295583819337107,0.030874757337916416
3,7,15,True,7,Web-Based,2,DDoS,0.04005534861112854,0.07165509352893233,0.5642708408093295
3,7,15,True,7,Web-Based,3,DoS,0.02124090668152552,0.03677631665664913,0.21004699373683333
3,7,15,True,7,Web-Based,4,Mirai,0.14606731680630014,0.11910035016551758,0.039571216454673305
3,7,15,True,7,Web-Based,5,Recon,0.115507594401478,0.1051323687785291,0.02516263858178125
3,7,15,True,7,Web-Based,6,Spoofing,0.120098860479409,0.1326335011788307,0.0418851396147757
3,7,15,True,7,Web-Based,7,Web-Based,0.16023609307563666,0.186151400887949,0.032535649189816065
3,7,16,False,0,Benign,0,Benign,0.5385204827294922,0.18711289151916577,0.5289869720531107
3,7,16,False,0,Benign,1,BruteForce,0.020364514759875465,0.14875958491776126,0.022867332490681114
3,7,16,False,0,Benign,2,DDoS,0.1563375204626485,0.08526200130134652,0.16887718426678153
3,7,16,False,0,Benign,3,DoS,0.026846165617814513,0.05525979822971715,0.051841357131975206
3,7,16,False,0,Benign,4,Mirai,0.016431991052679788,0.11492673428490542,0.01948582065520686
3,7,16,False,0,Benign,5,Recon,0.026158319687904618,0.11845607877954976,0.023208244931691616
3,7,16,False,0,Benign,6,Spoofing,0.13312588629668223,0.13379548035662517,0.1089540888176844
3,7,16,False,0,Benign,7,Web-Based,0.08221511939290274,0.15642743061092892,0.07577899965286862
3,7,16,False,1,BruteForce,0,Benign,0.5322951524774278,0.1414235399879599,0.5744545563340866
3,7,16,False,1,BruteForce,1,BruteForce,0.027271064143236455,0.2310036029064949,0.023981889028737272
3,7,16,False,1,BruteForce,2,DDoS,0.13915863425036368,0.07105117341048996,0.12414438639312116
3,7,16,False,1,BruteForce,3,DoS,0.0209965593923283,0.033724207686306365,0.031614801917984124
3,7,16,False,1,BruteForce,4,Mirai,0.017331831100981628,0.11024791092152855,0.0186004018028425
3,7,16,False,1,BruteForce,5,Recon,0.024530816469641246,0.10012459429462305,0.023643384612350504
3,7,16,False,1,BruteForce,6,Spoofing,0.13732185202518177,0.11988305713207212,0.11807850717401792
3,7,16,False,1,BruteForce,7,Web-Based,0.10109409014083927,0.19254191366052506,0.08548207273686008
3,7,16,False,2,DDoS,0,Benign,0.16251314199625022,0.07964982022344352,0.1741260159576502
3,7,16,False,2,DDoS,1,BruteForce,0.012435708255492487,0.049528355900574174,0.020852015820541595
3,7,16,False,2,DDoS,2,DDoS,0.712721040308958,0.5511239372762974,0.6737905432890671
3,7,16,False,2,DDoS,3,DoS,0.016804980167894137,0.05747868185981616,0.028548930532557998
3,7,16,False,2,DDoS,4,Mirai,0.009083764736398381,0.0812446724557252,0.014523519766539204
3,7,16,False,2,DDoS,5,Recon,0.01077630889068938,0.06759060418279997,0.012179546227798073
3,7,16,False,2,DDoS,6,Spoofing,0.04276447210608746,0.06354484612887534,0.04110077740829184
3,7,16,False,2,DDoS,7,Web-Based,0.03290058353822991,0.04983908197246833,0.03487865099755404
3,7,16,False,3,DoS,0,Benign,0.08299968612314286,0.07799860436324424,0.14296338459993616
3,7,16,False,3,DoS,1,BruteForce,0.013761312190983236,0.06329575471646938,0.028642659897336577
3,7,16,False,3,DoS,2,DDoS,0.26515377214234614,0.11216348876115907,0.3066166315495205
3,7,16,False,3,DoS,3,DoS,0.5497331108400809,0.47573642570742397,0.39191929596958774
3,7,16,False,3,DoS,4,Mirai,0.008359092371644897,0.10079098576889978,0.017658223094010092
3,7,16,False,3,DoS,5,Recon,0.009052842890580854,0.05603309810695792,0.013790035974995387
3,7,16,False,3,DoS,6,Spoofing,0.04493957725223261,0.08282127405271314,0.05532115693381596
3,7,16,False,3,DoS,7,Web-Based,0.026000606188988418,0.031160368523132594,0.0430886119807976
3,7,16,False,4,Mirai,0,Benign,0.47983946651914333,0.1446627147141926,0.5206070171457508
3,7,16,False,4,Mirai,1,BruteForce,0.023153733177107345,0.18602782834222636,0.023978315131557546
3,7,16,False,4,Mirai,2,DDoS,0.211139645067313,0.09099333393503488,0.1769630014019333
3,7,16,False,4,Mirai,3,DoS,0.04388224013005027,0.055956366621729196,0.05453570918791254
3,7,16,False,4,Mirai,4,Mirai,0.01710161743894449,0.14217804315834176,0.01941199305439611
3,7,16,False,4,Mirai,5,Recon,0.02149731913498896,0.09149263503030451,0.02135227064962333
3,7,16,False,4,Mirai,6,Spoofing,0.12398872072669688,0.1280060893428564,0.1063665389238147
3,7,16,False,4,Mirai,7,Web-Based,0.07939725780575568,0.1606829888553143,0.07678515450501171
3,7,16,False,5,Recon,0,Benign,0.5321457762974073,0.13810215659886418,0.5716181821311552
3,7,16,False,5,Recon,1,BruteForce,0.026624478683726353,0.2008358951692794,0.024593033053676886
3,7,16,False,5,Recon,2,DDoS,0.12994229248969197,0.06884367128060007,0.12484120043291991
3,7,16,False,5,Recon,3,DoS,0.022185440671852914,0.034822656304455316,0.03375637061389429
3,7,16,False,5,Recon,4,Mirai,0.016851878770289843,0.10793756424849783,0.01840659021605707
3,7,16,False,5,Recon,5,Recon,0.036068024970525504,0.14015050588941202,0.02445099893113418
3,7,16,False,5,Recon,6,Spoofing,0.13329237436624922,0.11834888370717932,0.1158587790935409
3,7,16,False,5,Recon,7,Web-Based,0.10288973375025674,0.19095866680171195,0.08647484552762154
3,7,16,False,6,Spoofing,0,Benign,0.5488201974839677,0.17922709732593253,0.5684098316127797
3,7,16,False,6,Spoofing,1,BruteForce,0.02162261601223049,0.1595968125581959,0.022899105575981814
3,7,16,False,6,Spoofing,2,DDoS,0.11615096852997436,0.06675325082352677,0.11984449504853653
3,7,16,False,6,Spoofing,3,DoS,0.02103758760054312,0.03438496770286709,0.04571222361566175
3,7,16,False,6,Spoofing,4,Mirai,0.01693016336662472,0.11791080963434138,0.019652787043212223
3,7,16,False,6,Spoofing,5,Recon,0.02726810108943405,0.12400916309060861,0.02456865175624679
3,7,16,False,6,Spoofing,6,Spoofing,0.1593446001550852,0.14745975541681938,0.11996086300199292
3,7,16,False,6,Spoofing,7,Web-Based,0.08882576576214042,0.1706581434477083,0.0789520423455883
3,7,16,False,7,Web-Based,0,Benign,0.549343470538685,0.17559513061022108,0.5714476609725303
3,7,16,False,7,Web-Based,1,BruteForce,0.023141807828538107,0.17295583819337107,0.023310026981546425
3,7,16,False,7,Web-Based,2,DDoS,0.13366253597457173,0.07165509352893233,0.1346747131750776
3,7,16,False,7,Web-Based,3,DoS,0.0233168332959819,0.03677631665664913,0.03355962287673245
3,7,16,False,7,Web-Based,4,Mirai,0.017711591506699726,0.11910035016551758,0.019237949411600824
3,7,16,False,7,Web-Based,5,Recon,0.025404268600451915,0.1051323687785291,0.02394913990804512
3,7,16,False,7,Web-Based,6,Spoofing,0.1337852025470025,0.1326335011788307,0.11199076947497222
3,7,16,False,7,Web-Based,7,Web-Based,0.09363428970806902,0.186151400887949,0.08183011719949508
3,7,17,True,0,Benign,0,Benign,0.07765007429801664,0.18711289151916577,0.286889015939312
3,7,17,True,0,Benign,1,BruteForce,0.2815197503310326,0.14875958491776126,0.014141176556226539
3,7,17,True,0,Benign,2,DDoS,0.06469639059066927,0.08526200130134652,0.03934222345283236
3,7,17,True,0,Benign,3,DoS,0.06766558017112644,0.05525979822971715,0.07510850393543397
3,7,17,True,0,Benign,4,Mirai,0.09321333697735655,0.11492673428490542,0.4623639116782699
3,7,17,True,0,Benign,5,Recon,0.059495239914219296,0.11845607877954976,0.012580999550135604
3,7,17,True,0,Benign,6,Spoofing,0.054346693012946486,0.13379548035662517,0.01989494697695438
3,7,17,True,0,Benign,7,Web-Based,0.30141293470463276,0.15642743061092892,0.08967922191083538
3,7,17,True,1,BruteForce,0,Benign,0.07334664299958256,0.1414235399879599,0.26788477225842416
3,7,17,True,1,BruteForce,1,BruteForce,0.28541275926444715,0.2310036029064949,0.01355950147760995
3,7,17,True,1,BruteForce,2,DDoS,0.06261417018714031,0.07105117341048996,0.023824451384301438
3,7,17,True,1,BruteForce,3,DoS,0.0686899201856835,0.033724207686306365,0.021147476688527626
3,7,17,True,1,BruteForce,4,Mirai,0.09426591199989963,0.11024791092152855,0.5076466959494363
3,7,17,True,1,BruteForce,5,Recon,0.057618132310875654,0.10012459429462305,0.01194216929091869
3,7,17,True,1,BruteForce,6,Spoofing,0.05157469398660277,0.11988305713207212,0.021224212398854504
3,7,17,True,1,BruteForce,7,Web-Based,0.30647776906576857,0.19254191366052506,0.1327707205519274
3,7,17,True,2,DDoS,0,Benign,0.07618299442288226,0.07964982022344352,0.09965223464425019
3,7,17,True,2,DDoS,1,BruteForce,0.28713831766641484,0.049528355900574174,0.016912555800301876
3,7,17,True,2,DDoS,2,DDoS,0.07348111391455067,0.5511239372762974,0.5916063038604549
3,7,17,True,2,DDoS,3,DoS,0.07357132829772674,0.05747868185981616,0.059647025808189195
3,7,17,True,2,DDoS,4,Mirai,0.08726851772360408,0.0812446724557252,0.16515504529755384
3,7,17,True,2,DDoS,5,Recon,0.061720232589794234,0.06759060418279997,0.010300366663951063
3,7,17,True,2,DDoS,6,Spoofing,0.05838788226003838,0.06354484612887534,0.011752445730340406
3,7,17,True,2,DDoS,7,Web-Based,0.28224961312498886,0.04983908197246833,0.04497402219495862
3,7,17,True,3,DoS,0,Benign,0.06626751955574174,0.07799860436324424,0.05992432340690582
3,7,17,True,3,DoS,1,BruteForce,0.2858313644755942,0.06329575471646938,0.02264921063857181
3,7,17,True,3,DoS,2,DDoS,0.07327226725443349,0.11216348876115907,0.09107857185936827
3,7,17,True,3,DoS,3,DoS,0.07962160217440355,0.47573642570742397,0.6004928338303238
3,7,17,True,3,DoS,4,Mirai,0.09622569959945754,0.10079098576889978,0.16149540713187366
3,7,17,True,3,DoS,5,Recon,0.05326427625357516,0.05603309810695792,0.011963184394358726
3,7,17,True,3,DoS,6,Spoofing,0.058556645209192716,0.08282127405271314,0.014793874814484666
3,7,17,True,3,DoS,7,Web-Based,0.2869606254776016,0.031160368523132594,0.037602593924113276
3,7,17,True,4,Mirai,0,Benign,0.07331270059312041,0.1446627147141926,0.24452659773493632
3,7,17,True,4,Mirai,1,BruteForce,0.28242001761330804,0.18602782834222636,0.012452768444411106
3,7,17,True,4,Mirai,2,DDoS,0.0653119590734506,0.09099333393503488,0.02989616356771772
3,7,17,True,4,Mirai,3,DoS,0.06873441596369644,0.055956366621729196,0.03160659118771453
3,7,17,True,4,Mirai,4,Mirai,0.09778329544333987,0.14217804315834176,0.5618601648015825
3,7,17,True,4,Mirai,5,Recon,0.05682886176948105,0.09149263503030451,0.011154268779432132
3,7,17,True,4,Mirai,6,Spoofing,0.05357199839642545,0.1280060893428564,0.01860752929236095
3,7,17,True,4,Mirai,7,Web-Based,0.3020367511471781,0.1606829888553143,0.0898959161918447
3,7,17,True,5,Recon,0,Benign,0.07245734473427139,0.13810215659886418,0.25952094279778837
3,7,17,True,5,Recon,1,BruteForce,0.2841904412275337,0.2008358951692794,0.013930722871897163
3,7,17,True,5,Recon,2,DDoS,0.06229177652761076,0.06884367128060007,0.02460110721417558
3,7,17,True,5,Recon,3,DoS,0.06864912265919028,0.034822656304455316,0.026782891227141448
3,7,17,True,5,Recon,4,Mirai,0.09485312046966389,0.10793756424849783,0.5082181784870103
3,7,17,True,5,Recon,5,Recon,0.058163630221642115,0.14015050588941202,0.011940778991640274
3,7,17,True,5,Recon,6,Spoofing,0.05046904333192173,0.11834888370717932,0.02098337634349378
3,7,17,True,5,Recon,7,Web-Based,0.3089255208281662,0.19095866680171195,0.1340220020668531
3,7,17,True,6,Spoofing,0,Benign,0.07711784514895643,0.17922709732593253,0.302606185767156
3,7,17,True,6,Spoofing,1,BruteForce,0.280059116147444,0.1595968125581959,0.013507241985149722
3,7,17,True,6,Spoofing,2,DDoS,0.06404971049111566,0.06675325082352677,0.025089976437142267
3,7,17,True,6,Spoofing,3,DoS,0.06694436877305782,0.03438496770286709,0.04117615354337931
3,7,17,True,6,Spoofing,4,Mirai,0.09444849842181925,0.11791080963434138,0.48033069048874455
3,7,17,True,6,Spoofing,5,Recon,0.059927780407691374,0.12400916309060861,0.013000229641819839
3,7,17,True,6,Spoofing,6,Spoofing,0.0560725013357492,0.14745975541681938,0.021249318788605573
3,7,17,True,6,Spoofing,7,Web-Based,0.3013801792741662,0.1706581434477083,0.10304020334800273
3,7,17,True,7,Web-Based,0,Benign,0.07584716045744769,0.17559513061022108,0.28968093350244056
3,7,17,True,7,Web-Based,1,BruteForce,0.2791761471535138,0.17295583819337107,0.013761211173983294
3,7,17,True,7,Web-Based,2,DDoS,0.0635960310551025,0.07165509352893233,0.027595103491214332
3,7,17,True,7,Web-Based,3,DoS,0.06755678914082126,0.03677631665664913,0.021580846561655005
3,7,17,True,7,Web-Based,4,Mirai,0.09496371780750557,0.11910035016551758,0.5045295700101171
3,7,17,True,7,Web-Based,5,Recon,0.05897464618395747,0.1051323687785291,0.012630118921325022
3,7,17,True,7,Web-Based,6,Spoofing,0.05293156368791208,0.1326335011788307,0.020622524472812886
3,7,17,True,7,Web-Based,7,Web-Based,0.3069539445137396,0.186151400887949,0.10959969186645173
3,7,18,True,0,Benign,0,Benign,0.08315223113908768,0.18711289151916577,0.06003669693124527
3,7,18,True,0,Benign,1,BruteForce,0.34492032531519445,0.14875958491776126,0.015925282420627428
3,7,18,True,0,Benign,2,DDoS,0.06880698418716862,0.08526200130134652,0.1752512081883567
3,7,18,True,0,Benign,3,DoS,0.052594588776793794,0.05525979822971715,0.05925209115095998
3,7,18,True,0,Benign,4,Mirai,0.07689411299282987,0.11492673428490542,0.2680656923199855
3,7,18,True,0,Benign,5,Recon,0.06087937141916482,0.11845607877954976,0.10830681306316478
3,7,18,True,0,Benign,6,Spoofing,0.061362815237890674,0.13379548035662517,0.1953149492678493
3,7,18,True,0,Benign,7,Web-Based,0.25138957093187025,0.15642743061092892,0.11784726665781116
3,7,18,True,1,BruteForce,0,Benign,0.07580734089070332,0.1414235399879599,0.05985143394031293
3,7,18,True,1,BruteForce,1,BruteForce,0.36358273755452336,0.2310036029064949,0.015592786599150038
3,7,18,True,1,BruteForce,2,DDoS,0.06741731710826439,0.07105117341048996,0.1289359280752761
3,7,18,True,1,BruteForce,3,DoS,0.05233457260412375,0.033724207686306365,0.02215712225230054
3,7,18,True,1,BruteForce,4,Mirai,0.07652215064964189,0.11024791092152855,0.317016468517998
3,7,18,True,1,BruteForce,5,Recon,0.05597810684606413,0.10012459429462305,0.11847456578080608
3,7,18,True,1,BruteForce,6,Spoofing,0.05769116324571402,0.11988305713207212,0.18611693944709506
3,7,18,True,1,BruteForce,7,Web-Based,0.2506666111009651,0.19254191366052506,0.15185475538706122
3,7,18,True,2,DDoS,0,Benign,0.08578999608695581,0.07964982022344352,0.029062631855855094
3,7,18,True,2,DDoS,1,BruteForce,0.31793481098414617,0.049528355900574174,0.016288194304989984
3,7,18,True,2,DDoS,2,DDoS,0.07885778197136263,0.5511239372762974,0.6648201106739219
3,7,18,True,2,DDoS,3,DoS,0.06692237665631846,0.05747868185981616,0.034976272066712825
3,7,18,True,2,DDoS,4,Mirai,0.07428165747671593,0.0812446724557252,0.096397978138924
3,7,18,True,2,DDoS,5,Recon,0.06787721641283598,0.06759060418279997,0.05429758367867338
3,7,18,True,2,DDoS,6,Spoofing,0.05986364295824681,0.06354484612887534,0.056696095005218945
3,7,18,True,2,DDoS,7,Web-Based,0.24847251745341822,0.04983908197246833,0.047461134275703955
3,7,18,True,3,DoS,0,Benign,0.06441792495045312,0.07799860436324424,0.02066310555668643
3,7,18,True,3,DoS,1,BruteForce,0.32563445324872525,0.06329575471646938,0.023275818268509742
3,7,18,True,3,DoS,2,DDoS,0.08010164802339481,0.11216348876115907,0.258822317646216
3,7,18,True,3,DoS,3,DoS,0.09094655976596766,0.47573642570742397,0.4234930144571863
3,7,18,True,3,DoS,4,Mirai,0.07708257596725779,0.10079098576889978,0.09426692062515364
3,7,18,True,3,DoS,5,Recon,0.053561594432997045,0.05603309810695792,0.039583359254818457
3,7,18,True,3,DoS,6,Spoofing,0.062095543415472396,0.08282127405271314,0.08592159588391285
3,7,18,True,3,DoS,7,Web-Based,0.24615970019573202,0.031160368523132594,0.05397386830751663
3,7,18,True,4,Mirai,0,Benign,0.07693872849586042,0.1446627147141926,0.05628407963491555
3,7,18,True,4,Mirai,1,BruteForce,0.35263025834674316,0.18602782834222636,0.01544059660104304
3,7,18,True,4,Mirai,2,DDoS,0.07048742033132926,0.09099333393503488,0.15448560210473708
3,7,18,True,4,Mirai,3,DoS,0.05372415585103164,0.055956366621729196,0.04912073475735243
3,7,18,True,4,Mirai,4,Mirai,0.08165845878830004,0.14217804315834176,0.3346982396821286
3,7,18,True,4,Mirai,5,Recon,0.055768824063061634,0.09149263503030451,0.09483282830803735
3,7,18,True,4,Mirai,6,Spoofing,0.059573255545067635,0.1280060893428564,0.17399327749416404
3,7,18,True,4,Mirai,7,Web-Based,0.24921889857860627,0.1606829888553143,0.12114464141762199
3,7,18,True,5,Recon,0,Benign,0.07451962420278947,0.13810215659886418,0.05812312447001411
3,7,18,True,5,Recon,1,BruteForce,0.36528058834462707,0.2008358951692794,0.015691333544148797
3,7,18,True,5,Recon,2,DDoS,0.06672237712454933,0.06884367128060007,0.122115431082052
3,7,18,True,5,Recon,3,DoS,0.052320601737268276,0.034822656304455316,0.022574914676715394
3,7,18,True,5,Recon,4,Mirai,0.07633549242002875,0.10793756424849783,0.3151549157088511
3,7,18,True,5,Recon,5,Recon,0.05676954447906679,0.14015050588941202,0.13887600447012433
3,7,18,True,5,Recon,6,Spoofing,0.05587796348191031,0.11834888370717932,0.17694869786890408
3,7,18,True,5,Recon,7,Web-Based,0.25217380820976,0.19095866680171195,0.15051557817919023
3,7,18,True,6,Spoofing,0,Benign,0.08158476505525794,0.17922709732593253,0.06170834865848539
3,7,18,True,6,Spoofing,1,BruteForce,0.3435505358245361,0.1595968125581959,0.015800834351637857
3,7,18,True,6,Spoofing,2,DDoS,0.06736368817808684,0.06675325082352677,0.1232908717829644
3,7,18,True,6,Spoofing,3,DoS,0.05152687970413592,0.03438496770286709,0.04271692378464614
3,7,18,True,6,Spoofing,4,Mirai,0.0788099641189452,0.11791080963434138,0.2729913861731602
3,7,18,True,6,Spoofing,5,Recon,0.06145013886496532,0.12400916309060861,0.11501973307918247
3,7,18,True,6,Spoofing,6,Spoofing,0.06292636845089548,0.14745975541681938,0.23591856384237125
3,7,18,True,6,Spoofing,7,Web-Based,0.2527876598031771,0.1706581434477083,0.13255333832755234
3,7,18,True,7,Web-Based,0,Benign,0.08027261716073653,0.17559513061022108,0.06290869206457517
3,7,18,True,7,Web-Based,1,BruteForce,0.3502285263426179,0.17295583819337107,0.015319260554912553
3,7,18,True,7,Web-Based,2,DDoS,0.06745391024907516,0.07165509352893233,0.14188922350994165
3,7,18,True,7,Web-Based,3,DoS,0.05200403631716697,0.03677631665664913,0.02459099334319162
3,7,18,True,7,Web-Based,4,Mirai,0.07771073076002405,0.11910035016551758,0.31275061179402036
3,7,18,True,7,Web-Based,5,Recon,0.05924018367350315,0.1051323687785291,0.11708161224186986
3,7,18,True,7,Web-Based,6,Spoofing,0.05935371968228565,0.1326335011788307,0.1881912653758733
3,7,18,True,7,Web-Based,7,Web-Based,0.25373627581459063,0.186151400887949,0.13726834111561545
3,7,19,False,0,Benign,0,Benign,0.09778857783267632,0.18711289151916577,0.08823387665806656
3,7,19,False,0,Benign,1,BruteForce,0.01209692894752302,0.14875958491776126,0.01888932090882132
3,7,19,False,0,Benign,2,DDoS,0.20911790925391846,0.08526200130134652,0.2429632693628746
3,7,19,False,0,Benign,3,DoS,0.03295565099996223,0.05525979822971715,0.08348141086570714
3,7,19,False,0,Benign,4,Mirai,0.015416539321926428,0.11492673428490542,0.019610591700312093
3,7,19,False,0,Benign,5,Recon,0.1590665553105667,0.11845607877954976,0.17813600008336025
3,7,19,False,0,Benign,6,Spoofing,0.45885182948636993,0.13379548035662517,0.3497237577388485
3,7,19,False,0,Benign,7,Web-Based,0.01470600884705687,0.15642743061092892,0.018961772682009412
3,7,19,False,1,BruteForce,0,Benign,0.10172519213466429,0.1414235399879599,0.09913790567731263
3,7,19,False,1,BruteForce,1,BruteForce,0.013689284005855937,0.2310036029064949,0.018064839186361405
3,7,19,False,1,BruteForce,2,DDoS,0.19818655045267775,0.07105117341048996,0.20349844104536582
3,7,19,False,1,BruteForce,3,DoS,0.01569684283046328,0.033724207686306365,0.02784390523462867
3,7,19,False,1,BruteForce,4,Mirai,0.016610895826343026,0.11024791092152855,0.01950739318485699
3,7,19,False,1,BruteForce,5,Recon,0.1521070906328377,0.10012459429462305,0.2187069857341637
3,7,19,False,1,BruteForce,6,Spoofing,0.4860932238458575,0.11988305713207212,0.3939871007678026
3,7,19,False,1,BruteForce,7,Web-Based,0.015890920271300513,0.19254191366052506,0.019253429169508115
3,7,19,False,2,DDoS,0,Benign,0.030589286018863005,0.07964982022344352,0.03767276258733159
3,7,19,False,2,DDoS,1,BruteForce,0.007967680580413515,0.049528355900574174,0.016056824115162807
3,7,19,False,2,DDoS,2,DDoS,0.7343092483751209,0.5511239372762974,0.6882905537192153
3,7,19,False,2,DDoS,3,DoS,0.03225850936742814,0.05747868185981616,0.048163516725315256
3,7,19,False,2,DDoS,4,Mirai,0.008592959810472102,0.0812446724557252,0.016534657503638764
3,7,19,False,2,DDoS,5,Recon,0.06391963293589076,0.06759060418279997,0.07958947246139361
3,7,19,False,2,DDoS,6,Spoofing,0.11587842021912381,0.06354484612887534,0.10282389900793108
3,7,19,False,2,DDoS,7,Web-Based,0.006484262692687766,0.04983908197246833,0.010868313880011578
3,7,19,False,3,DoS,0,Benign,0.013402709001651468,0.07799860436324424,0.020026217259025727
3,7,19,False,3,DoS,1,BruteForce,0.01150225360897201,0.06329575471646938,0.025034336214780212
3,7,19,False,3,DoS,2,DDoS,0.18397915039440102,0.11216348876115907,0.20879855364634697
3,7,19,False,3,DoS,3,DoS,0.6779794721251488,0.47573642570742397,0.5733914465592493
3,7,19,False,3,DoS,4,Mirai,0.006666814235635688,0.10079098576889978,0.015936369513321242
3,7,19,False,3,DoS,5,Recon,0.026651204612442764,0.05603309810695792,0.0464978550774566
3,7,19,False,3,DoS,6,Spoofing,0.07449390478388686,0.08282127405271314,0.09841889403122607
3,7,19,False,3,DoS,7,Web-Based,0.005324491237861523,0.031160368523132594,0.011896327698594002
3,7,19,False,4,Mirai,0,Benign,0.09030821423118741,0.1446627147141926,0.09167101573892925
3,7,19,False,4,Mirai,1,BruteForce,0.013039482964311323,0.18602782834222636,0.019798226119701657
3,7,19,False,4,Mirai,2,DDoS,0.3138548920552638,0.09099333393503488,0.2596567372868506
3,7,19,False,4,Mirai,3,DoS,0.0289135059199028,0.055956366621729196,0.07104045203391178
3,7,19,False,4,Mirai,4,Mirai,0.018928449918530377,0.14217804315834176,0.021280885764181936
3,7,19,False,4,Mirai,5,Recon,0.11528612657138922,0.09149263503030451,0.16300272388462222
3,7,19,False,4,Mirai,6,Spoofing,0.4058315907056362,0.1280060893428564,0.35435016413821613
3,7,19,False,4,Mirai,7,Web-Based,0.01383773763377899,0.1606829888553143,0.019199795033586476
3,7,19,False,5,Recon,0,Benign,0.10431495981861995,0.13810215659886418,0.09760074570728806
3,7,19,False,5,Recon,1,BruteForce,0.013289356518393336,0.2008358951692794,0.01785633303978797
3,7,19,False,5,Recon,2,DDoS,0.18625641331306164,0.06884367128060007,0.1952643830935358
3,7,19,False,5,Recon,3,DoS,0.017052438680706637,0.034822656304455316,0.02951280555912488
3,7,19,False,5,Recon,4,Mirai,0.015545940581670381,0.10793756424849783,0.019269203289343086
3,7,19,False,5,Recon,5,Recon,0.21756074484286023,0.14015050588941202,0.24910730652688962
3,7,19,False,5,Recon,6,Spoofing,0.4295333077560435,0.11834888370717932,0.37247809202891285
3,7,19,False,5,Recon,7,Web-Based,0.016446838488644467,0.19095866680171195,0.018911130755117668
3,7,19,False,6,Spoofing,0,Benign,0.09865256801766963,0.17922709732593253,0.09459257177217283
3,7,19,False,6,Spoofing,1,BruteForce,0.011512815191485799,0.1595968125581959,0.018608910498152272
3,7,19,False,6,Spoofing,2,DDoS,0.15956844773260148,0.06675325082352677,0.18479530680509787
3,7,19,False,6,Spoofing,3,DoS,0.01933771920924604,0.03438496770286709,0.06258030746707754
3,7,19,False,6,Spoofing,4,Mirai,0.01518593134564119,0.11791080963434138,0.01943747529338753
3,7,19,False,6,Spoofing,5,Recon,0.1705577208276714,0.12400916309060861,0.19519971533553404
3,7,19,False,6,Spoofing,6,Spoofing,0.5105488174256306,0.14745975541681938,0.405441605634872
3,7,19,False,6,Spoofing,7,Web-Based,0.014635980250053705,0.1706581434477083,0.01934410719370588
3,7,19,False,7,Web-Based,0,Benign,0.10573976957927078,0.17559513061022108,0.1007990821887821
3,7,19,False,7,Web-Based,1,BruteForce,0.012493595877241805,0.17295583819337107,0.018501421292924862
3,7,19,False,7,Web-Based,2,DDoS,0.20713606547247293,0.07165509352893233,0.2250672477616476
3,7,19,False,7,Web-Based,3,DoS,0.019059400132637145,0.03677631665664913,0.03364515979787337
3,7,19,False,7,Web-Based,4,Mirai,0.01701908383583011,0.11910035016551758,0.019942477727555873
3,7,19,False,7,Web-Based,5,Recon,0.16567535539884148,0.1051323687785291,0.2106561159097662
3,7,19,False,7,Web-Based,6,Spoofing,0.45700696820375014,0.1326335011788307,0.37142243101012146
3,7,19,False,7,Web-Based,7,Web-Based,0.01586976149995542,0.186151400887949,0.01996606431132858
4,8,0,False,0,Benign,0,Benign,0.3272313204348733,0.1788508302752595,0.26278178160925625
4,8,0,False,0,Benign,1,BruteForce,0.08057362265916827,0.13098992648266652,0.05988172549568824
4,8,0,False,0,Benign,2,DDoS,0.009340458609627175,0.0850010641445119,0.017071578120114936
4,8,0,False,0,Benign,3,DoS,0.14632470698853298,0.08024838274894289,0.1844970353632558
4,8,0,False,0,Benign,4,Mirai,0.2523608363853023,0.1112323801007998,0.2918442271356306
4,8,0,False,0,Benign,5,Recon,0.1381648244199476,0.11522219141094893,0.14228985307871034
4,8,0,False,0,Benign,6,Spoofing,0.023583676468402284,0.13586068289151756,0.020855983251581833
4,8,0,False,0,Benign,7,Web-Based,0.022420554034146032,0.16259454194535292,0.020777815945762
4,8,0,False,1,BruteForce,0,Benign,0.25066487475920185,0.1436263404451095,0.2656430290659468
4,8,0,False,1,BruteForce,1,BruteForce,0.1775142142565249,0.2309220356915584,0.08753372719811156
4,8,0,False,1,BruteForce,2,DDoS,0.010150979643472516,0.0682583818224684,0.012764178493417473
4,8,0,False,1,BruteForce,3,DoS,0.07487722281952171,0.034751346031784265,0.07678476689708104
4,8,0,False,1,BruteForce,4,Mirai,0.283317670736226,0.10961176165348141,0.3325634123379524
4,8,0,False,1,BruteForce,5,Recon,0.14127730426978738,0.08584535651961557,0.17508103946245743
4,8,0,False,1,BruteForce,6,Spoofing,0.025378731178069724,0.12248613975371549,0.022715882767572422
4,8,0,False,1,BruteForce,7,Web-Based,0.036819002337196,0.20449863808226698,0.026913963777460977
4,8,0,False,2,DDoS,0,Benign,0.0789058750155272,0.08510242886274541,0.10478185413533818
4,8,0,False,2,DDoS,1,BruteForce,0.0340450107147512,0.045033832664913544,0.03363773507810239
4,8,0,False,2,DDoS,2,DDoS,0.5750817953689155,0.5323434244375039,0.4555644832146435
4,8,0,False,2,DDoS,3,DoS,0.12245258060529826,0.05494233773825653,0.16267828503382503
4,8,0,False,2,DDoS,4,Mirai,0.11742472763137805,0.09789794243589761,0.13805545173557351
4,8,0,False,2,DDoS,5,Recon,0.051618977079775814,0.06904367770641226,0.07114814746332884
4,8,0,False,2,DDoS,6,Spoofing,0.010113974168619148,0.05918648281822237,0.014144695575032938
4,8,0,False,2,DDoS,7,Web-Based,0.010357059415734792,0.05644987333604832,0.019989347764155587
4,8,0,False,3,DoS,0,Benign,0.023602623871739763,0.07168806209876236,0.031183219318431078
4,8,0,False,3,DoS,1,BruteForce,0.014345057379223515,0.0702365614320318,0.016828722475000998
4,8,0,False,3,DoS,2,DDoS,0.015393529599378397,0.09927522899873185,0.02177625241987036
4,8,0,False,3,DoS,3,DoS,0.9062205133445933,0.5027849908784,0.8446218761534362
4,8,0,False,3,DoS,4,Mirai,0.016522250839561273,0.09558310699642943,0.0431461770917808
4,8,0,False,3,DoS,5,Recon,0.015482952298249142,0.05083550430577814,0.026358258254224377
4,8,0,False,3,DoS,6,Spoofing,0.004323603313282986,0.07993745386597619,0.00856158772017071
4,8,0,False,3,DoS,7,Web-Based,0.0041094693539717245,0.02965909142389024,0.007523906567085566
4,8,0,False,4,Mirai,0,Benign,0.255570998648478,0.14328471884533373,0.25716740971373475
4,8,0,False,4,Mirai,1,BruteForce,0.08764901568845695,0.1718775780658179,0.06214343396007815
4,8,0,False,4,Mirai,2,DDoS,0.01291273807321546,0.09068975196806366,0.01386823720359379
4,8,0,False,4,Mirai,3,DoS,0.07362414560354894,0.06581837773877497,0.149772069756984
4,8,0,False,4,Mirai,4,Mirai,0.45054777454617,0.15051987813299145,0.3716587945662579
4,8,0,False,4,Mirai,5,Recon,0.07399893671992723,0.08488829921066714,0.10328053476161966
4,8,0,False,4,Mirai,6,Spoofing,0.025722290473784066,0.1216417518533537,0.02136984537726492
4,8,0,False,4,Mirai,7,Web-Based,0.019974100246419373,0.1712796441849975,0.020739674660466896
4,8,0,False,5,Recon,0,Benign,0.23196315659489536,0.14277193636064017,0.24724985801781527
4,8,0,False,5,Recon,1,BruteForce,0.1503880495117137,0.1997865648905497,0.0851020256366411
4,8,0,False,5,Recon,2,DDoS,0.009129118997095474,0.06759311452692127,0.012058303129683059
4,8,0,False,5,Recon,3,DoS,0.09972022520722625,0.03682030754244367,0.0998195894281689
4,8,0,False,5,Recon,4,Mirai,0.22621049537904195,0.10768280937316818,0.3057203541264973
4,8,0,False,5,Recon,5,Recon,0.22241996608277886,0.11503619028288786,0.20288978965026663
4,8,0,False,5,Recon,6,Spoofing,0.022969186728530377,0.11955919529368698,0.021513182207612613
4,8,0,False,5,Recon,7,Web-Based,0.03719980149871807,0.21074988172970202,0.025646897803315197
4,8,0,False,6,Spoofing,0,Benign,0.3121745023626083,0.17916805093843793,0.27290338038420653
4,8,0,False,6,Spoofing,1,BruteForce,0.10812039562605118,0.15642718380852316,0.06470870055203756
4,8,0,False,6,Spoofing,2,DDoS,0.008085541572828843,0.06655673359315183,0.012183481902706246
4,8,0,False,6,Spoofing,3,DoS,0.08469322691323809,0.0395214920441251,0.14846015901941642
4,8,0,False,6,Spoofing,4,Mirai,0.257387731240928,0.11432724735970154,0.2955883962719409
4,8,0,False,6,Spoofing,5,Recon,0.16623242663930815,0.12143252707925299,0.16073231861293877
4,8,0,False,6,Spoofing,6,Spoofing,0.0325320165935615,0.14223862694107056,0.022702443629196753
4,8,0,False,6,Spoofing,7,Web-Based,0.03077415905147606,0.18032813823573698,0.02272111962755682
4,8,0,False,7,Web-Based,0,Benign,0.30607217458067126,0.17643379436154,0.2828623583119801
4,8,0,False,7,Web-Based,1,BruteForce,0.093565754542365,0.1575367294488549,0.06785994904824477
4,8,0,False,7,Web-Based,2,DDoS,0.008341638868518226,0.06910784869251504,0.014249287961015595
4,8,0,False,7,Web-Based,3,DoS,0.07452263046835023,0.03508227384620129,0.10621673236144319
4,8,0,False,7,Web-Based,4,Mirai,0.34119630922729455,0.11857283276740403,0.34482029681020887
4,8,0,False,7,Web-Based,5,Recon,0.11937749318376362,0.11124603538521043,0.13843233178161277
4,8,0,False,7,Web-Based,6,Spoofing,0.02961059025701228,0.1336168241633834,0.022295377231029485
4,8,0,False,7,Web-Based,7,Web-Based,0.027313408872024943,0.19840366133489098,0.023263666494465214
4,8,1,True,0,Benign,0,Benign,0.06985546578740455,0.1788508302752595,0.013568399554844724
4,8,1,True,0,Benign,1,BruteForce,0.2746783111917858,0.13098992648266652,0.008605934639372665
4,8,1,True,0,Benign,2,DDoS,0.09177556514300265,0.0850010641445119,0.07444771125811747
4,8,1,True,0,Benign,3,DoS,0.06641282582388337,0.08024838274894289,0.018250106949369942
4,8,1,True,0,Benign,4,Mirai,0.07250291184156196,0.1112323801007998,0.10807574100270502
4,8,1,True,0,Benign,5,Recon,0.096951769768558,0.11522219141094893,0.2907260211972004
4,8,1,True,0,Benign,6,Spoofing,0.09232869264508077,0.13586068289151756,0.47608512375763967
4,8,1,True,0,Benign,7,Web-Based,0.23549445779872283,0.16259454194535292,0.010240961640750088
4,8,1,True,1,BruteForce,0,Benign,0.0684902557823923,0.1436263404451095,0.012838263384921755
4,8,1,True,1,BruteForce,1,BruteForce,0.2741482751735475,0.2309220356915584,0.008322975190072216
4,8,1,True,1,BruteForce,2,DDoS,0.08599327144845563,0.0682583818224684,0.0486947483017159
4,8,1,True,1,BruteForce,3,DoS,0.06519812457587289,0.034751346031784265,0.011921294151150431
4,8,1,True,1,BruteForce,4,Mirai,0.07445176490532311,0.10961176165348141,0.1105990736221884
4,8,1,True,1,BruteForce,5,Recon,0.09953804578716392,0.08584535651961557,0.29782863486713473
4,8,1,True,1,BruteForce,6,Spoofing,0.09434108208140385,0.12248613975371549,0.5004098369481974
4,8,1,True,1,BruteForce,7,Web-Based,0.23783918024584075,0.20449863808226698,0.00938517353461923
4,8,1,True,2,DDoS,0,Benign,0.07311918043188284,0.08510242886274541,0.010789170177697706
4,8,1,True,2,DDoS,1,BruteForce,0.2856033475967464,0.045033832664913544,0.008010163860307824
4,8,1,True,2,DDoS,2,DDoS,0.11012268964781971,0.5323434244375039,0.6681850151860528
4,8,1,True,2,DDoS,3,DoS,0.07083145385837289,0.05494233773825653,0.02380207038049753
4,8,1,True,2,DDoS,4,Mirai,0.0680366002376451,0.09789794243589761,0.04539266732934675
4,8,1,True,2,DDoS,5,Recon,0.08852576695824199,0.06904367770641226,0.10933311795857123
4,8,1,True,2,DDoS,6,Spoofing,0.08096136325728388,0.05918648281822237,0.12801525908105618
4,8,1,True,2,DDoS,7,Web-Based,0.22279959801200708,0.05644987333604832,0.006472536026470069
4,8,1,True,3,DoS,0,Benign,0.06738339432928762,0.07168806209876236,0.010252218338446022
4,8,1,True,3,DoS,1,BruteForce,0.2793788811505159,0.0702365614320318,0.015216404503898918
4,8,1,True,3,DoS,2,DDoS,0.10119629350468073,0.09927522899873185,0.17155529533872457
4,8,1,True,3,DoS,3,DoS,0.07680418193881647,0.5027849908784,0.5166624340617575
4,8,1,True,3,DoS,4,Mirai,0.07340470027226219,0.09558310699642943,0.050020635236841596
4,8,1,True,3,DoS,5,Recon,0.08625531551892725,0.05083550430577814,0.05898538021733843
4,8,1,True,3,DoS,6,Spoofing,0.08742882049707656,0.07993745386597619,0.16568625965394038
4,8,1,True,3,DoS,7,Web-Based,0.22814841278843334,0.02965909142389024,0.011621372649052655
4,8,1,True,4,Mirai,0,Benign,0.06864255690228212,0.14328471884533373,0.014618137705013036
4,8,1,True,4,Mirai,1,BruteForce,0.2750970500823757,0.1718775780658179,0.009102412497405885
4,8,1,True,4,Mirai,2,DDoS,0.09083862448807087,0.09068975196806366,0.08760477884375821
4,8,1,True,4,Mirai,3,DoS,0.06621373968768182,0.06581837773877497,0.02267124101393727
4,8,1,True,4,Mirai,4,Mirai,0.0749922961887923,0.15051987813299145,0.15230992245626365
4,8,1,True,4,Mirai,5,Recon,0.09473340445273973,0.08488829921066714,0.21313913990613298
4,8,1,True,4,Mirai,6,Spoofing,0.09366368065720478,0.1216417518533537,0.4892664164272418
4,8,1,True,4,Mirai,7,Web-Based,0.23581864754085274,0.1712796441849975,0.011287951150247227
4,8,1,True,5,Recon,0,Benign,0.06776935793230816,0.14277193636064017,0.011824808752694154
4,8,1,True,5,Recon,1,BruteForce,0.27293620630133697,0.1997865648905497,0.007794146199475564
4,8,1,True,5,Recon,2,DDoS,0.08555483487593185,0.06759311452692127,0.043844228754022566
4,8,1,True,5,Recon,3,DoS,0.06525464354864248,0.03682030754244367,0.011222183207049409
4,8,1,True,5,Recon,4,Mirai,0.07494012286771046,0.10768280937316818,0.10642451725044536
4,8,1,True,5,Recon,5,Recon,0.10121821596810038,0.11503619028288786,0.38581164237960236
4,8,1,True,5,Recon,6,Spoofing,0.09310752282499206,0.11955919529368698,0.42455073847402264
4,8,1,True,5,Recon,7,Web-Based,0.23921909568097774,0.21074988172970202,0.00852773498268801
4,8,1,True,6,Spoofing,0,Benign,0.0693177600443069,0.17916805093843793,0.012756547625364765
4,8,1,True,6,Spoofing,1,BruteForce,0.2735125566842948,0.15642718380852316,0.00793767673279992
4,8,1,True,6,Spoofing,2,DDoS,0.09045761143027427,0.06655673359315183,0.04094354636442861
4,8,1,True,6,Spoofing,3,DoS,0.06658502769665725,0.0395214920441251,0.013276564153364187
4,8,1,True,6,Spoofing,4,Mirai,0.07349665822889648,0.11432724735970154,0.10214290260601923
4,8,1,True,6,Spoofing,5,Recon,0.09751259339659568,0.12143252707925299,0.30987281749361173
4,8,1,True,6,Spoofing,6,Spoofing,0.09410429386226317,0.14223862694107056,0.5035233321847596
4,8,1,True,6,Spoofing,7,Web-Based,0.2350134986567115,0.18032813823573698,0.009546612839651922
4,8,1,True,7,Web-Based,0,Benign,0.0689846159584412,0.17643379436154,0.013734158361343934
4,8,1,True,7,Web-Based,1,BruteForce,0.2717137683621787,0.1575367294488549,0.008298821415736183
4,8,1,True,7,Web-Based,2,DDoS,0.08904374135976412,0.06910784869251504,0.05452670758696665
4,8,1,True,7,Web-Based,3,DoS,0.06584090880474705,0.03508227384620129,0.012572142659275492
4,8,1,True,7,Web-Based,4,Mirai,0.07390152919545777,0.11857283276740403,0.12680239855305564
4,8,1,True,7,Web-Based,5,Recon,0.099165681667067,0.11124603538521043,0.29510931665947837
4,8,1,True,7,Web-Based,6,Spoofing,0.09323013374265021,0.1336168241633834,0.47882548768979566
4,8,1,True,7,Web-Based,7,Web-Based,0.23811962090969396,0.19840366133489098,0.010130967074348123
4,8,2,False,0,Benign,0,Benign,0.18003734258637566,0.1788508302752595,0.15516749217397513
4,8,2,False,0,Benign,1,BruteForce,0.017823015410828594,0.13098992648266652,0.02020697169099876
4,8,2,False,0,Benign,2,DDoS,0.015258478178033018,0.0850010641445119,0.02483690992421998
4,8,2,False,0,Benign,3,DoS,0.008541900975878678,0.08024838274894289,0.021903132373728325
4,8,2,False,0,Benign,4,Mirai,0.3484719040478078,0.1112323801007998,0.3359140225651714
4,8,2,False,0,Benign,5,Recon,0.38119619539923166,0.11522219141094893,0.38273503638041545
4,8,2,False,0,Benign,6,Spoofing,0.027889382591356607,0.13586068289151756,0.03607525256740638
4,8,2,False,0,Benign,7,Web-Based,0.020781780810488017,0.16259454194535292,0.02316118232408474
4,8,2,False,1,BruteForce,0,Benign,0.17120605052782226,0.1436263404451095,0.1467095370191094
4,8,2,False,1,BruteForce,1,BruteForce,0.03147274370413016,0.2309220356915584,0.022985457984859892
4,8,2,False,1,BruteForce,2,DDoS,0.011948372416348989,0.0682583818224684,0.017791320728001596
4,8,2,False,1,BruteForce,3,DoS,0.006943202415757567,0.034751346031784265,0.01686477535592938
4,8,2,False,1,BruteForce,4,Mirai,0.384924166913382,0.10961176165348141,0.34946964266103686
4,8,2,False,1,BruteForce,5,Recon,0.3285896484030854,0.08584535651961557,0.38500319043422254
4,8,2,False,1,BruteForce,6,Spoofing,0.030332300438104125,0.12248613975371549,0.03336265034182514
4,8,2,False,1,BruteForce,7,Web-Based,0.03458351518136951,0.20449863808226698,0.027813425475015124
4,8,2,False,2,DDoS,0,Benign,0.0473167569056951,0.08510242886274541,0.09243642996206623
4,8,2,False,2,DDoS,1,BruteForce,0.01039064318626848,0.045033832664913544,0.024709175856203476
4,8,2,False,2,DDoS,2,DDoS,0.6299679551609253,0.5323434244375039,0.45204813066914906
4,8,2,False,2,DDoS,3,DoS,0.01011030669564752,0.05494233773825653,0.02210006079565015
4,8,2,False,2,DDoS,4,Mirai,0.16357136354234977,0.09789794243589761,0.18417335762347684
4,8,2,False,2,DDoS,5,Recon,0.11829807467035211,0.06904367770641226,0.17897191068459242
4,8,2,False,2,DDoS,6,Spoofing,0.009768331031699901,0.05918648281822237,0.02380177489314433
4,8,2,False,2,DDoS,7,Web-Based,0.010576568807061874,0.05644987333604832,0.021759159515717497
4,8,2,False,3,DoS,0,Benign,0.02315890981596459,0.07168806209876236,0.07423245721019542
4,8,2,False,3,DoS,1,BruteForce,0.014842207909633576,0.0702365614320318,0.030443967390512406
4,8,2,False,3,DoS,2,DDoS,0.1611507654090763,0.09927522899873185,0.12209621095118063
4,8,2,False,3,DoS,3,DoS,0.5552053727532403,0.5027849908784,0.2235281468682234
4,8,2,False,3,DoS,4,Mirai,0.13408587960959947,0.09558310699642943,0.24700607328376994
4,8,2,False,3,DoS,5,Recon,0.0863033806574077,0.05083550430577814,0.24790555799165553
4,8,2,False,3,DoS,6,Spoofing,0.014296880819935614,0.07993745386597619,0.029631423152986853
4,8,2,False,3,DoS,7,Web-Based,0.010956603025142396,0.02965909142389024,0.025156163151475817
4,8,2,False,4,Mirai,0,Benign,0.13937691358940613,0.14328471884533373,0.1493377915779523
4,8,2,False,4,Mirai,1,BruteForce,0.017097697115664823,0.1718775780658179,0.01927501948970061
4,8,2,False,4,Mirai,2,DDoS,0.017458828838364415,0.09068975196806366,0.02255940543558527
4,8,2,False,4,Mirai,3,DoS,0.0068163291153697046,0.06581837773877497,0.020264412532864148
4,8,2,False,4,Mirai,4,Mirai,0.57693884476562,0.15051987813299145,0.41690692612713565
4,8,2,False,4,Mirai,5,Recon,0.20068553572391903,0.08488829921066714,0.3150578115032778
4,8,2,False,4,Mirai,6,Spoofing,0.02397632158227632,0.1216417518533537,0.03463700112605171
4,8,2,False,4,Mirai,7,Web-Based,0.017649529269379724,0.1712796441849975,0.021961632207432438
4,8,2,False,5,Recon,0,Benign,0.14436219576701978,0.14277193636064017,0.13991036853333705
4,8,2,False,5,Recon,1,BruteForce,0.027631394046488764,0.1997865648905497,0.022959709159566802
4,8,2,False,5,Recon,2,DDoS,0.010655349055840825,0.06759311452692127,0.01759819314837628
4,8,2,False,5,Recon,3,DoS,0.007121737337704425,0.03682030754244367,0.016998861128553096
4,8,2,False,5,Recon,4,Mirai,0.3273407481730442,0.10768280937316818,0.3418745355520832
4,8,2,False,5,Recon,5,Recon,0.42347690477941485,0.11503619028288786,0.40087168660804506
4,8,2,False,5,Recon,6,Spoofing,0.028443278278679186,0.11955919529368698,0.032696458412240906
4,8,2,False,5,Recon,7,Web-Based,0.030968392561807796,0.21074988172970202,0.027090187457797683
4,8,2,False,6,Spoofing,0,Benign,0.15176112349475637,0.17916805093843793,0.14999845851380175
4,8,2,False,6,Spoofing,1,BruteForce,0.02104365494068042,0.15642718380852316,0.020894841280412003
4,8,2,False,6,Spoofing,2,DDoS,0.009843866793548673,0.06655673359315183,0.01908801949955038
4,8,2,False,6,Spoofing,3,DoS,0.007185723135607878,0.0395214920441251,0.01990548896326303
4,8,2,False,6,Spoofing,4,Mirai,0.33857470159391195,0.11432724735970154,0.31733955553989673
4,8,2,False,6,Spoofing,5,Recon,0.4179716463843422,0.12143252707925299,0.4104761713150622
4,8,2,False,6,Spoofing,6,Spoofing,0.028645866034275328,0.14223862694107056,0.03817166657681523
4,8,2,False,6,Spoofing,7,Web-Based,0.024973417622877244,0.18032813823573698,0.024125798311198696
4,8,2,False,7,Web-Based,0,Benign,0.15657404959284993,0.17643379436154,0.15534963756362322
4,8,2,False,7,Web-Based,1,BruteForce,0.01926661904576167,0.1575367294488549,0.01998890373401627
4,8,2,False,7,Web-Based,2,DDoS,0.011370470464400848,0.06910784869251504,0.019995455457424424
4,8,2,False,7,Web-Based,3,DoS,0.006736299286345009,0.03508227384620129,0.017779293256949942
4,8,2,False,7,Web-Based,4,Mirai,0.44190234858750305,0.11857283276740403,0.3703569074777412
4,8,2,False,7,Web-Based,5,Recon,0.31368059721188596,0.11124603538521043,0.3576040454011711
4,8,2,False,7,Web-Based,6,Spoofing,0.02665316086435341,0.1336168241633834,0.03456511848490651
4,8,2,False,7,Web-Based,7,Web-Based,0.023816454946900274,0.19840366133489098,0.024360638624167468
4,8,3,False,0,Benign,0,Benign,0.1414256825767731,0.1788508302752595,0.11885254276976849
4,8,3,False,0,Benign,1,BruteForce,0.3899754141007974,0.13098992648266652,0.34183347738017056
4,8,3,False,0,Benign,2,DDoS,0.1063720567946778,0.0850010641445119,0.12378352278465309
4,8,3,False,0,Benign,3,DoS,0.025357128581499296,0.08024838274894289,0.044653900704609784
4,8,3,False,0,Benign,4,Mirai,0.18582873993812546,0.1112323801007998,0.22325900240316113
4,8,3,False,0,Benign,5,Recon,0.09184060337806281,0.11522219141094893,0.09131375981835803
4,8,3,False,0,Benign,6,Spoofing,0.023546103482718243,0.13586068289151756,0.02743729080595953
4,8,3,False,0,Benign,7,Web-Based,0.035654271147345866,0.16259454194535292,0.02886650333331943
4,8,3,False,1,BruteForce,0,Benign,0.09293072257506088,0.1436263404451095,0.10422845740096678
4,8,3,False,1,BruteForce,1,BruteForce,0.5474861052211445,0.2309220356915584,0.4420364598311267
4,8,3,False,1,BruteForce,2,DDoS,0.06286336969865472,0.0682583818224684,0.06434640405943129
4,8,3,False,1,BruteForce,3,DoS,0.026994049927999385,0.034751346031784265,0.04339879802482092
4,8,3,False,1,BruteForce,4,Mirai,0.15659689257232745,0.10961176165348141,0.20464662397004163
4,8,3,False,1,BruteForce,5,Recon,0.04985307250919362,0.08584535651961557,0.08160172798012294
4,8,3,False,1,BruteForce,6,Spoofing,0.023598922892168892,0.12248613975371549,0.028321106426362385
4,8,3,False,1,BruteForce,7,Web-Based,0.039676864603450594,0.20449863808226698,0.03142042230712738
4,8,3,False,2,DDoS,0,Benign,0.038632160914052645,0.08510242886274541,0.05418656669811476
4,8,3,False,2,DDoS,1,BruteForce,0.11919863922303053,0.045033832664913544,0.13362710600047714
4,8,3,False,2,DDoS,2,DDoS,0.6737044715872564,0.5323434244375039,0.6084341304810735
4,8,3,False,2,DDoS,3,DoS,0.018953729859846714,0.05494233773825653,0.029694312183729966
4,8,3,False,2,DDoS,4,Mirai,0.07336538734893551,0.09789794243589761,0.0876212099996208
4,8,3,False,2,DDoS,5,Recon,0.053410053370021957,0.06904367770641226,0.05046877631761053
4,8,3,False,2,DDoS,6,Spoofing,0.009064573804293017,0.05918648281822237,0.016799953749613523
4,8,3,False,2,DDoS,7,Web-Based,0.013670983892563333,0.05644987333604832,0.01916794456975978
4,8,3,False,3,DoS,0,Benign,0.020236620178294924,0.07168806209876236,0.049824806740559134
4,8,3,False,3,DoS,1,BruteForce,0.09546584047669833,0.0702365614320318,0.15871638978004346
4,8,3,False,3,DoS,2,DDoS,0.2733251024767441,0.09927522899873185,0.2739374321325671
4,8,3,False,3,DoS,3,DoS,0.5120280214977827,0.5027849908784,0.2839548812108047
4,8,3,False,3,DoS,4,Mirai,0.056917924011851695,0.09558310699642943,0.14274198998363813
4,8,3,False,3,DoS,5,Recon,0.019819424341660775,0.05083550430577814,0.046865274202214556
4,8,3,False,3,DoS,6,Spoofing,0.010622117866327156,0.07993745386597619,0.018854402550887935
4,8,3,False,3,DoS,7,Web-Based,0.011584949150640319,0.02965909142389024,0.02510482339928486
4,8,3,False,4,Mirai,0,Benign,0.09405842539072258,0.14328471884533373,0.10394801873029945
4,8,3,False,4,Mirai,1,BruteForce,0.39781056326093395,0.1718775780658179,0.3662581022185664
4,8,3,False,4,Mirai,2,DDoS,0.11097371195972926,0.09068975196806366,0.10740728079125414
4,8,3,False,4,Mirai,3,DoS,0.02270221475237981,0.06581837773877497,0.04208730839404158
4,8,3,False,4,Mirai,4,Mirai,0.269289444071523,0.15051987813299145,0.25034116343665686
4,8,3,False,4,Mirai,5,Recon,0.050153480510823585,0.08488829921066714,0.07377720890383144
4,8,3,False,4,Mirai,6,Spoofing,0.022670635290985133,0.1216417518533537,0.027117561978776256
4,8,3,False,4,Mirai,7,Web-Based,0.03234152476290268,0.1712796441849975,0.029063355546573952
4,8,3,False,5,Recon,0,Benign,0.08685578625471159,0.14277193636064017,0.09756590563366478
4,8,3,False,5,Recon,1,BruteForce,0.5470160912364066,0.1997865648905497,0.4393565922828682
4,8,3,False,5,Recon,2,DDoS,0.059946554122683904,0.06759311452692127,0.06267543526401637
4,8,3,False,5,Recon,3,DoS,0.027781730740474738,0.03682030754244367,0.04463156907363983
4,8,3,False,5,Recon,4,Mirai,0.14110554487764582,0.10768280937316818,0.20565759171174258
4,8,3,False,5,Recon,5,Recon,0.07563075356354419,0.11503619028288786,0.0917340051966015
4,8,3,False,5,Recon,6,Spoofing,0.021849150383797783,0.11955919529368698,0.02682067240807345
4,8,3,False,5,Recon,7,Web-Based,0.03981438882073551,0.21074988172970202,0.03155822842939329
4,8,3,False,6,Spoofing,0,Benign,0.13603222714059696,0.17916805093843793,0.12262083379026725
4,8,3,False,6,Spoofing,1,BruteForce,0.4351321898916658,0.15642718380852316,0.3671513011785513
4,8,3,False,6,Spoofing,2,DDoS,0.055068325524225796,0.06655673359315183,0.07061394487219584
4,8,3,False,6,Spoofing,3,DoS,0.023687889265584777,0.0395214920441251,0.04085530223639366
4,8,3,False,6,Spoofing,4,Mirai,0.18335057921279155,0.11432724735970154,0.2393203767527391
4,8,3,False,6,Spoofing,5,Recon,0.09796748385471322,0.12143252707925299,0.09944266369448852
4,8,3,False,6,Spoofing,6,Spoofing,0.026482956715942047,0.14223862694107056,0.030191004562158057
4,8,3,False,6,Spoofing,7,Web-Based,0.04227834839447988,0.18032813823573698,0.029804572913206245
4,8,3,False,7,Web-Based,0,Benign,0.12498277657265199,0.17643379436154,0.12166781308232819
4,8,3,False,7,Web-Based,1,BruteForce,0.43183622575723657,0.1575367294488549,0.381819740473302
4,8,3,False,7,Web-Based,2,DDoS,0.0685462724645697,0.06910784869251504,0.08681887661962281
4,8,3,False,7,Web-Based,3,DoS,0.025074801911590203,0.03508227384620129,0.03828257697757771
4,8,3,False,7,Web-Based,4,Mirai,0.2013146287147675,0.11857283276740403,0.22489869579251326
4,8,3,False,7,Web-Based,5,Recon,0.08391435190731412,0.11124603538521043,0.08862106663524917
4,8,3,False,7,Web-Based,6,Spoofing,0.024485450860893637,0.1336168241633834,0.027871303862086062
4,8,3,False,7,Web-Based,7,Web-Based,0.03984549181097643,0.19840366133489098,0.030019926557320668
4,8,4,False,0,Benign,0,Benign,0.5383115766266183,0.1788508302752595,0.5079957351917117
4,8,4,False,0,Benign,1,BruteForce,0.01806564391555049,0.13098992648266652,0.01748946183137613
4,8,4,False,0,Benign,2,DDoS,0.014923088139692035,0.0850010641445119,0.021068978105766273
4,8,4,False,0,Benign,3,DoS,0.05816238334854683,0.08024838274894289,0.11805400248392045
4,8,4,False,0,Benign,4,Mirai,0.06212643828940627,0.1112323801007998,0.051857750097300044
4,8,4,False,0,Benign,5,Recon,0.041344655194460664,0.11522219141094893,0.044870356461185056
4,8,4,False,0,Benign,6,Spoofing,0.13637550046826777,0.13586068289151756,0.12974401873056032
4,8,4,False,0,Benign,7,Web-Based,0.1306907140174577,0.16259454194535292,0.10891969709817997
4,8,4,False,1,BruteForce,0,Benign,0.49307576711489537,0.1436263404451095,0.5389955761261209
4,8,4,False,1,BruteForce,1,BruteForce,0.0244303440025446,0.2309220356915584,0.017308943523206857
4,8,4,False,1,BruteForce,2,DDoS,0.015165168437501248,0.0682583818224684,0.019094587480338956
4,8,4,False,1,BruteForce,3,DoS,0.026306716741065644,0.034751346031784265,0.046011712086405
4,8,4,False,1,BruteForce,4,Mirai,0.07846009259133005,0.10961176165348141,0.05660047445349295
4,8,4,False,1,BruteForce,5,Recon,0.037236804238225854,0.08584535651961557,0.04878325819914148
4,8,4,False,1,BruteForce,6,Spoofing,0.13949236783828725,0.12248613975371549,0.13701215473952064
4,8,4,False,1,BruteForce,7,Web-Based,0.18583273903615005,0.20449863808226698,0.13619329339177316
4,8,4,False,2,DDoS,0,Benign,0.1509648976112589,0.08510242886274541,0.24393959575792235
4,8,4,False,2,DDoS,1,BruteForce,0.014140967484565956,0.045033832664913544,0.022141041236417712
4,8,4,False,2,DDoS,2,DDoS,0.5937216964630723,0.5323434244375039,0.4235565978710404
4,8,4,False,2,DDoS,3,DoS,0.07064409391441864,0.05494233773825653,0.10550288890410102
4,8,4,False,2,DDoS,4,Mirai,0.038957863655112265,0.09789794243589761,0.038561222616288644
4,8,4,False,2,DDoS,5,Recon,0.023810081210232825,0.06904367770641226,0.031050563041224537
4,8,4,False,2,DDoS,6,Spoofing,0.04363992566509134,0.05918648281822237,0.06882433656623298
4,8,4,False,2,DDoS,7,Web-Based,0.06412047399624786,0.05644987333604832,0.06642375400677236
4,8,4,False,3,DoS,0,Benign,0.05771233854891858,0.07168806209876236,0.07787514820812906
4,8,4,False,3,DoS,1,BruteForce,0.007551707906915107,0.0702365614320318,0.018979474854902208
4,8,4,False,3,DoS,2,DDoS,0.02385072070210772,0.09927522899873185,0.028906935572254794
4,8,4,False,3,DoS,3,DoS,0.8432294576543641,0.5027849908784,0.7484607123074821
4,8,4,False,3,DoS,4,Mirai,0.012333728120461893,0.09558310699642943,0.023447361734180414
4,8,4,False,3,DoS,5,Recon,0.008347224613838777,0.05083550430577814,0.01725485135104091
4,8,4,False,3,DoS,6,Spoofing,0.02542790943012675,0.07993745386597619,0.04805986709779222
4,8,4,False,3,DoS,7,Web-Based,0.02154691302326707,0.02965909142389024,0.03701564887421835
4,8,4,False,4,Mirai,0,Benign,0.48204088856663646,0.14328471884533373,0.4965879247066158
4,8,4,False,4,Mirai,1,BruteForce,0.020134527130164125,0.1718775780658179,0.01775053418160157
4,8,4,False,4,Mirai,2,DDoS,0.015142419672169963,0.09068975196806366,0.01977268644247351
4,8,4,False,4,Mirai,3,DoS,0.059151271042465196,0.06581837773877497,0.12263830614322681
4,8,4,False,4,Mirai,4,Mirai,0.11483668228635814,0.15051987813299145,0.05638430205370269
4,8,4,False,4,Mirai,5,Recon,0.0307804537818569,0.08488829921066714,0.04138758345937428
4,8,4,False,4,Mirai,6,Spoofing,0.14050372994556792,0.1216417518533537,0.1311358886537027
4,8,4,False,4,Mirai,7,Web-Based,0.13741002757478132,0.1712796441849975,0.11434277435930258
4,8,4,False,5,Recon,0,Benign,0.49640285589326627,0.14277193636064017,0.5312455447983859
4,8,4,False,5,Recon,1,BruteForce,0.023720421786496828,0.1997865648905497,0.0175746854967464
4,8,4,False,5,Recon,2,DDoS,0.014635985842041769,0.06759311452692127,0.019201740904951983
4,8,4,False,5,Recon,3,DoS,0.028845666133636316,0.03682030754244367,0.051801502990743445
4,8,4,False,5,Recon,4,Mirai,0.06640876538918385,0.10768280937316818,0.05578130400813185
4,8,4,False,5,Recon,5,Recon,0.055377938628496166,0.11503619028288786,0.0544097450669764
4,8,4,False,5,Recon,6,Spoofing,0.12592514868690044,0.11955919529368698,0.13279172107750647
4,8,4,False,5,Recon,7,Web-Based,0.1886832176399785,0.21074988172970202,0.13719375565655736
4,8,4,False,6,Spoofing,0,Benign,0.5218522907526343,0.17916805093843793,0.5367291950120796
4,8,4,False,6,Spoofing,1,BruteForce,0.019110083510138744,0.15642718380852316,0.017387891299526708
4,8,4,False,6,Spoofing,2,DDoS,0.013484192445518559,0.06655673359315183,0.019919672538647067
4,8,4,False,6,Spoofing,3,DoS,0.02600623836349591,0.0395214920441251,0.07140899313666473
4,8,4,False,6,Spoofing,4,Mirai,0.06322225959032282,0.11432724735970154,0.05230154226277583
4,8,4,False,6,Spoofing,5,Recon,0.041226775153405754,0.12143252707925299,0.04718666696582754
4,8,4,False,6,Spoofing,6,Spoofing,0.1707303808094175,0.14223862694107056,0.1407045503825967
4,8,4,False,6,Spoofing,7,Web-Based,0.14436777937506637,0.18032813823573698,0.11436148840188197
4,8,4,False,7,Web-Based,0,Benign,0.5209919892925735,0.17643379436154,0.5452923947553538
4,8,4,False,7,Web-Based,1,BruteForce,0.020066852609010203,0.1575367294488549,0.017324480126832013
4,8,4,False,7,Web-Based,2,DDoS,0.014051513030306747,0.06910784869251504,0.020624852395507213
4,8,4,False,7,Web-Based,3,DoS,0.028300219900894204,0.03508227384620129,0.051402003499636945
4,8,4,False,7,Web-Based,4,Mirai,0.08093181952744215,0.11857283276740403,0.05589367899116845
4,8,4,False,7,Web-Based,5,Recon,0.03794236098305981,0.11124603538521043,0.04665063687173556
4,8,4,False,7,Web-Based,6,Spoofing,0.13855145262066085,0.1336168241633834,0.134926452910806
4,8,4,False,7,Web-Based,7,Web-Based,0.1591637920360524,0.19840366133489098,0.12788550044896002
4,8,5,False,0,Benign,0,Benign,0.4797769415414595,0.1788508302752595,0.3783280723088211
4,8,5,False,0,Benign,1,BruteForce,0.008666109607024231,0.13098992648266652,0.017547510079094965
4,8,5,False,0,Benign,2,DDoS,0.037263307340015595,0.0850010641445119,0.051107934128251306
4,8,5,False,0,Benign,3,DoS,0.009402176949150298,0.08024838274894289,0.01959878619832978
4,8,5,False,0,Benign,4,Mirai,0.02135801019710267,0.1112323801007998,0.02363074014508072
4,8,5,False,0,Benign,5,Recon,0.05826781787373659,0.11522219141094893,0.0744806952042887
4,8,5,False,0,Benign,6,Spoofing,0.3723064698709594,0.13586068289151756,0.41640980896830043
4,8,5,False,0,Benign,7,Web-Based,0.01295916662055176,0.16259454194535292,0.018896452967833058
4,8,5,False,1,BruteForce,0,Benign,0.4927859356064481,0.1436263404451095,0.4220793397155259
4,8,5,False,1,BruteForce,1,BruteForce,0.01054013016833496,0.2309220356915584,0.017452424571843622
4,8,5,False,1,BruteForce,2,DDoS,0.0168517321079168,0.0682583818224684,0.030756218001764053
4,8,5,False,1,BruteForce,3,DoS,0.007448516515757945,0.034751346031784265,0.019057952971509008
4,8,5,False,1,BruteForce,4,Mirai,0.02298882627533394,0.10961176165348141,0.02385929989556012
4,8,5,False,1,BruteForce,5,Recon,0.051138840021241416,0.08584535651961557,0.0768380145216068
4,8,5,False,1,BruteForce,6,Spoofing,0.38393347915742465,0.12248613975371549,0.3907260856561628
4,8,5,False,1,BruteForce,7,Web-Based,0.014312540147542073,0.20449863808226698,0.019230664666027766
4,8,5,False,2,DDoS,0,Benign,0.1483786514935734,0.08510242886274541,0.15728459891530153
4,8,5,False,2,DDoS,1,BruteForce,0.008062490371293281,0.045033832664913544,0.020081329595853403
4,8,5,False,2,DDoS,2,DDoS,0.6559437215969207,0.5323434244375039,0.5617724981376889
4,8,5,False,2,DDoS,3,DoS,0.0070474648440344975,0.05494233773825653,0.012859254036653837
4,8,5,False,2,DDoS,4,Mirai,0.011524572387467152,0.09789794243589761,0.019400251437496654
4,8,5,False,2,DDoS,5,Recon,0.04189610148179179,0.06904367770641226,0.04233680995181692
4,8,5,False,2,DDoS,6,Spoofing,0.11989430178413306,0.05918648281822237,0.17072499753583964
4,8,5,False,2,DDoS,7,Web-Based,0.007252696040786147,0.05644987333604832,0.01554026038934899
4,8,5,False,3,DoS,0,Benign,0.0817126188424777,0.07168806209876236,0.1521870865087781
4,8,5,False,3,DoS,1,BruteForce,0.012402288346424113,0.0702365614320318,0.02707200618051485
4,8,5,False,3,DoS,2,DDoS,0.16541848916951954,0.09927522899873185,0.14666000047508393
4,8,5,False,3,DoS,3,DoS,0.45397064419157895,0.5027849908784,0.18098746353411105
4,8,5,False,3,DoS,4,Mirai,0.010170521723962538,0.09558310699642943,0.0225941413864522
4,8,5,False,3,DoS,5,Recon,0.019949841405856258,0.05083550430577814,0.047561405360367064
4,8,5,False,3,DoS,6,Spoofing,0.2477538898841442,0.07993745386597619,0.40015524914078443
4,8,5,False,3,DoS,7,Web-Based,0.008621706436036733,0.02965909142389024,0.02278264741390845
4,8,5,False,4,Mirai,0,Benign,0.4517752944297528,0.14328471884533373,0.3881948853418603
4,8,5,False,4,Mirai,1,BruteForce,0.00999147109543015,0.1718775780658179,0.017591480932306197
4,8,5,False,4,Mirai,2,DDoS,0.03621837258706686,0.09068975196806366,0.04069487135055433
4,8,5,False,4,Mirai,3,DoS,0.008681636937375066,0.06581837773877497,0.019884109120460344
4,8,5,False,4,Mirai,4,Mirai,0.026710151723811925,0.15051987813299145,0.024656434139932532
4,8,5,False,4,Mirai,5,Recon,0.043164506139373914,0.08488829921066714,0.0680386101742592
4,8,5,False,4,Mirai,6,Spoofing,0.41062152969590154,0.1216417518533537,0.422302547286838
4,8,5,False,4,Mirai,7,Web-Based,0.012837037391287748,0.1712796441849975,0.01863706165378906
4,8,5,False,5,Recon,0,Benign,0.5045432063372294,0.14277193636064017,0.4165851513257524
4,8,5,False,5,Recon,1,BruteForce,0.010150641472492802,0.1997865648905497,0.017232907660537707
4,8,5,False,5,Recon,2,DDoS,0.01624802498285215,0.06759311452692127,0.030855083847475456
4,8,5,False,5,Recon,3,DoS,0.007613299260495906,0.03682030754244367,0.01930504435685354
4,8,5,False,5,Recon,4,Mirai,0.021758224563360903,0.10768280937316818,0.023053352050397432
4,8,5,False,5,Recon,5,Recon,0.08208513695359439,0.11503619028288786,0.09082699923357593
4,8,5,False,5,Recon,6,Spoofing,0.34277264052162,0.11955919529368698,0.3830407149459981
4,8,5,False,5,Recon,7,Web-Based,0.014828825908354595,0.21074988172970202,0.019100746579409494
4,8,5,False,6,Spoofing,0,Benign,0.45261994376504683,0.17916805093843793,0.384339731543249
4,8,5,False,6,Spoofing,1,BruteForce,0.008636279635483126,0.15642718380852316,0.017071650158905514
4,8,5,False,6,Spoofing,2,DDoS,0.015602422045153825,0.06655673359315183,0.03154310353527155
4,8,5,False,6,Spoofing,3,DoS,0.007488646562377234,0.0395214920441251,0.01963870014916002
4,8,5,False,6,Spoofing,4,Mirai,0.021140654019737855,0.11432724735970154,0.02363134532308709
4,8,5,False,6,Spoofing,5,Recon,0.05653269454482548,0.12143252707925299,0.07216007608053722
4,8,5,False,6,Spoofing,6,Spoofing,0.4250498625934363,0.14223862694107056,0.4330544183475924
4,8,5,False,6,Spoofing,7,Web-Based,0.01292949683393947,0.18032813823573698,0.018560974862197207
4,8,5,False,7,Web-Based,0,Benign,0.49491417631003537,0.17643379436154,0.4216269510220606
4,8,5,False,7,Web-Based,1,BruteForce,0.009268507666334018,0.1575367294488549,0.01734601397073613
4,8,5,False,7,Web-Based,2,DDoS,0.016625751398008523,0.06910784869251504,0.033328462487528146
4,8,5,False,7,Web-Based,3,DoS,0.007596130144287709,0.03508227384620129,0.019046315251843134
4,8,5,False,7,Web-Based,4,Mirai,0.02368323401094739,0.11857283276740403,0.02389689832549251
4,8,5,False,7,Web-Based,5,Recon,0.051591431717127524,0.11124603538521043,0.07154520334700588
4,8,5,False,7,Web-Based,6,Spoofing,0.38278713893674066,0.1336168241633834,0.3943679879536759
4,8,5,False,7,Web-Based,7,Web-Based,0.013533629816518985,0.19840366133489098,0.018842167641657553
4,8,6,False,0,Benign,0,Benign,0.5891734169899753,0.1788508302752595,0.5635906685768259
4,8,6,False,0,Benign,1,BruteForce,0.07409327783591961,0.13098992648266652,0.07299659075803594
4,8,6,False,0,Benign,2,DDoS,0.014232449052735017,0.0850010641445119,0.022728536544494627
4,8,6,False,0,Benign,3,DoS,0.010301858704829463,0.08024838274894289,0.031804090117990215
4,8,6,False,0,Benign,4,Mirai,0.2716934151455216,0.1112323801007998,0.2587297366439052
4,8,6,False,0,Benign,5,Recon,0.015321517559219724,0.11522219141094893,0.018895481360983485
4,8,6,False,0,Benign,6,Spoofing,0.01418376536197769,0.13586068289151756,0.0177701765605472
4,8,6,False,0,Benign,7,Web-Based,0.011000299349821645,0.16259454194535292,0.01348471943721746
4,8,6,False,1,BruteForce,0,Benign,0.5335113623768727,0.1436263404451095,0.5549714020686299
4,8,6,False,1,BruteForce,1,BruteForce,0.1078686459461493,0.2309220356915584,0.08560280046420034
4,8,6,False,1,BruteForce,2,DDoS,0.01647357345433288,0.0682583818224684,0.021062767913920828
4,8,6,False,1,BruteForce,3,DoS,0.009107913329461561,0.034751346031784265,0.02567387307698594
4,8,6,False,1,BruteForce,4,Mirai,0.2902141852808481,0.10961176165348141,0.26100076552171436
4,8,6,False,1,BruteForce,5,Recon,0.014017953111141913,0.08584535651961557,0.019051100528756047
4,8,6,False,1,BruteForce,6,Spoofing,0.015372993145184874,0.12248613975371549,0.018381569423341976
4,8,6,False,1,BruteForce,7,Web-Based,0.013433373356008735,0.20449863808226698,0.014255721002450587
4,8,6,False,2,DDoS,0,Benign,0.2568720425259597,0.08510242886274541,0.4202436186435445
4,8,6,False,2,DDoS,1,BruteForce,0.04209918894964438,0.045033832664913544,0.05236872798432571
4,8,6,False,2,DDoS,2,DDoS,0.32935231394432823,0.5323434244375039,0.18140853702907217
4,8,6,False,2,DDoS,3,DoS,0.023906512441487043,0.05494233773825653,0.03450566219496077
4,8,6,False,2,DDoS,4,Mirai,0.31450439163806837,0.09789794243589761,0.2590831465024586
4,8,6,False,2,DDoS,5,Recon,0.012211047367233585,0.06904367770641226,0.018087462278336484
4,8,6,False,2,DDoS,6,Spoofing,0.010885623648948517,0.05918648281822237,0.017904361348387392
4,8,6,False,2,DDoS,7,Web-Based,0.010168879484330163,0.05644987333604832,0.016398484018914375
4,8,6,False,3,DoS,0,Benign,0.11772269004898538,0.07168806209876236,0.25688272991575484
4,8,6,False,3,DoS,1,BruteForce,0.05406729637301498,0.0702365614320318,0.06691429012445817
4,8,6,False,3,DoS,2,DDoS,0.031089796676517394,0.09927522899873185,0.040240292913036796
4,8,6,False,3,DoS,3,DoS,0.6171676573630355,0.5027849908784,0.3115024818327052
4,8,6,False,3,DoS,4,Mirai,0.14793930466579558,0.09558310699642943,0.26550556668029934
4,8,6,False,3,DoS,5,Recon,0.009966693618956048,0.05083550430577814,0.02110137052285292
4,8,6,False,3,DoS,6,Spoofing,0.011828736923236443,0.07993745386597619,0.018396588269915543
4,8,6,False,3,DoS,7,Web-Based,0.01021782433045885,0.02965909142389024,0.019456679740977197
4,8,6,False,4,Mirai,0,Benign,0.44909504703618364,0.14328471884533373,0.5069725828697176
4,8,6,False,4,Mirai,1,BruteForce,0.07917249255487402,0.1718775780658179,0.07708283150685984
4,8,6,False,4,Mirai,2,DDoS,0.01664137389795475,0.09068975196806366,0.023175436673754362
4,8,6,False,4,Mirai,3,DoS,0.009697959954378764,0.06581837773877497,0.029480894384506
4,8,6,False,4,Mirai,4,Mirai,0.407364829270168,0.15051987813299145,0.31307240406737114
4,8,6,False,4,Mirai,5,Recon,0.012453440382539593,0.08488829921066714,0.018484869990236578
4,8,6,False,4,Mirai,6,Spoofing,0.014227834435509441,0.1216417518533537,0.017907721722121184
4,8,6,False,4,Mirai,7,Web-Based,0.011347022468391723,0.1712796441849975,0.013823258785433315
4,8,6,False,5,Recon,0,Benign,0.5437399628915316,0.14277193636064017,0.5511247022879678
4,8,6,False,5,Recon,1,BruteForce,0.11209801348699218,0.1997865648905497,0.08735828671699891
4,8,6,False,5,Recon,2,DDoS,0.01666316587575992,0.06759311452692127,0.021377815255414247
4,8,6,False,5,Recon,3,DoS,0.010131574736328237,0.03682030754244367,0.026286416125428317
4,8,6,False,5,Recon,4,Mirai,0.2710434399153154,0.10768280937316818,0.2618948779018005
4,8,6,False,5,Recon,5,Recon,0.017485129462579973,0.11503619028288786,0.019279064524510857
4,8,6,False,5,Recon,6,Spoofing,0.015135147912760348,0.11955919529368698,0.018291903731509438
4,8,6,False,5,Recon,7,Web-Based,0.013703565718732285,0.21074988172970202,0.014386933456370042
4,8,6,False,6,Spoofing,0,Benign,0.5675352466645324,0.17916805093843793,0.574631586254015
4,8,6,False,6,Spoofing,1,BruteForce,0.08090347792627899,0.15642718380852316,0.07334502540275967
4,8,6,False,6,Spoofing,2,DDoS,0.014161810074574515,0.06655673359315183,0.02158222435786873
4,8,6,False,6,Spoofing,3,DoS,0.008630213756622398,0.0395214920441251,0.026679753006541466
4,8,6,False,6,Spoofing,4,Mirai,0.28781431226740667,0.11432724735970154,0.2542762647531606
4,8,6,False,6,Spoofing,5,Recon,0.015064437358064535,0.12143252707925299,0.01860513125670131
4,8,6,False,6,Spoofing,6,Spoofing,0.01414116901206474,0.14223862694107056,0.017691682519896265
4,8,6,False,6,Spoofing,7,Web-Based,0.011749332940455945,0.18032813823573698,0.013188332449056994
4,8,6,False,7,Web-Based,0,Benign,0.5349302295405793,0.17643379436154,0.5607980975870772
4,8,6,False,7,Web-Based,1,BruteForce,0.07964855869801636,0.1575367294488549,0.07829739978430017
4,8,6,False,7,Web-Based,2,DDoS,0.014426023459296534,0.06910784869251504,0.021601190255963076
4,8,6,False,7,Web-Based,3,DoS,0.008405522107242203,0.03508227384620129,0.024415889745459884
4,8,6,False,7,Web-Based,4,Mirai,0.3225907822689088,0.11857283276740403,0.26472536396730617
4,8,6,False,7,Web-Based,5,Recon,0.01415417677001324,0.11124603538521043,0.01866916262239674
4,8,6,False,7,Web-Based,6,Spoofing,0.014152365478412799,0.1336168241633834,0.01774326431444597
4,8,6,False,7,Web-Based,7,Web-Based,0.011692341677530764,0.19840366133489098,0.013749631723050777
4,8,7,True,0,Benign,0,Benign,0.07250415270110522,0.1788508302752595,0.1612130099482367
4,8,7,True,0,Benign,1,BruteForce,0.3258449499300021,0.13098992648266652,0.021549698594711935
4,8,7,True,0,Benign,2,DDoS,0.08030883266654837,0.0850010641445119,0.21755281072488927
4,8,7,True,0,Benign,3,DoS,0.060740590195658646,0.08024838274894289,0.0507713524334422
4,8,7,True,0,Benign,4,Mirai,0.0661989211117567,0.1112323801007998,0.10149800229687622
4,8,7,True,0,Benign,5,Recon,0.054737432345149696,0.11522219141094893,0.08915834590119735
4,8,7,True,0,Benign,6,Spoofing,0.06597465474492509,0.13586068289151756,0.2752811876886586
4,8,7,True,0,Benign,7,Web-Based,0.2736904663048541,0.16259454194535292,0.0829755924119876
4,8,7,True,1,BruteForce,0,Benign,0.06752858655532114,0.1436263404451095,0.17216505788819655
4,8,7,True,1,BruteForce,1,BruteForce,0.3374693565253511,0.2309220356915584,0.023489184260006412
4,8,7,True,1,BruteForce,2,DDoS,0.07720253207741727,0.0682583818224684,0.1782194383822207
4,8,7,True,1,BruteForce,3,DoS,0.06254076528923257,0.034751346031784265,0.02107490955539629
4,8,7,True,1,BruteForce,4,Mirai,0.06544379678075546,0.10961176165348141,0.11609453677926099
4,8,7,True,1,BruteForce,5,Recon,0.051063591347480224,0.08584535651961557,0.10624656030471129
4,8,7,True,1,BruteForce,6,Spoofing,0.06385494658654102,0.12248613975371549,0.27772178577655626
4,8,7,True,1,BruteForce,7,Web-Based,0.27489642483790133,0.20449863808226698,0.10498852705365155
4,8,7,True,2,DDoS,0,Benign,0.07252134455004382,0.08510242886274541,0.05957168728630258
4,8,7,True,2,DDoS,1,BruteForce,0.3042380627053359,0.045033832664913544,0.018248559763005344
4,8,7,True,2,DDoS,2,DDoS,0.09254343375837383,0.5323434244375039,0.6887717265507326
4,8,7,True,2,DDoS,3,DoS,0.07219206465828522,0.05494233773825653,0.027932282682672043
4,8,7,True,2,DDoS,4,Mirai,0.06904886983518807,0.09789794243589761,0.04457647051358587
4,8,7,True,2,DDoS,5,Recon,0.061124144646216606,0.06904367770641226,0.04837520167158278
4,8,7,True,2,DDoS,6,Spoofing,0.062420386549550205,0.05918648281822237,0.07689998253077296
4,8,7,True,2,DDoS,7,Web-Based,0.2659116932970064,0.05644987333604832,0.03562408900134586
4,8,7,True,3,DoS,0,Benign,0.05476867062250021,0.07168806209876236,0.042044694103497406
4,8,7,True,3,DoS,1,BruteForce,0.2950070564498231,0.0702365614320318,0.022903262186133883
4,8,7,True,3,DoS,2,DDoS,0.09320206869449371,0.09927522899873185,0.29928914497879966
4,8,7,True,3,DoS,3,DoS,0.10403168258324802,0.5027849908784,0.39409129704328877
4,8,7,True,3,DoS,4,Mirai,0.07576727740769756,0.09558310699642943,0.046517135311820994
4,8,7,True,3,DoS,5,Recon,0.045212750375011934,0.05083550430577814,0.03586961341078116
4,8,7,True,3,DoS,6,Spoofing,0.06226382927503712,0.07993745386597619,0.11958088099153534
4,8,7,True,3,DoS,7,Web-Based,0.2697466645921884,0.02965909142389024,0.03970397197414285
4,8,7,True,4,Mirai,0,Benign,0.06806067776732402,0.14328471884533373,0.15803829928626134
4,8,7,True,4,Mirai,1,BruteForce,0.3281707108799533,0.1718775780658179,0.02324967474085569
4,8,7,True,4,Mirai,2,DDoS,0.08051712829547192,0.09068975196806366,0.21429951582599055
4,8,7,True,4,Mirai,3,DoS,0.06271255284007575,0.06581837773877497,0.04786313847895252
4,8,7,True,4,Mirai,4,Mirai,0.07116110232427571,0.15051987813299145,0.12158082011883178
4,8,7,True,4,Mirai,5,Recon,0.05035670452584982,0.08488829921066714,0.07913860738665386
4,8,7,True,4,Mirai,6,Spoofing,0.06582748733813597,0.1216417518533537,0.2673355405055664
4,8,7,True,4,Mirai,7,Web-Based,0.2731936360289135,0.1712796441849975,0.08849440365688792
4,8,7,True,5,Recon,0,Benign,0.06640113712997353,0.14277193636064017,0.16933151293432142
4,8,7,True,5,Recon,1,BruteForce,0.33974594335454883,0.1997865648905497,0.023268371573153347
4,8,7,True,5,Recon,2,DDoS,0.07688532312066856,0.06759311452692127,0.17770704044744995
4,8,7,True,5,Recon,3,DoS,0.06300666157337385,0.03682030754244367,0.021267034241298704
4,8,7,True,5,Recon,4,Mirai,0.06473039517341694,0.10768280937316818,0.11627460050720387
4,8,7,True,5,Recon,5,Recon,0.05162054027029796,0.11503619028288786,0.12369832313348705
4,8,7,True,5,Recon,6,Spoofing,0.061999621074899085,0.11955919529368698,0.26291838932884415
4,8,7,True,5,Recon,7,Web-Based,0.27561037830282115,0.21074988172970202,0.10553472783424149
4,8,7,True,6,Spoofing,0,Benign,0.07108852641072771,0.17916805093843793,0.17501644461271487
4,8,7,True,6,Spoofing,1,BruteForce,0.3244739101071202,0.15642718380852316,0.021484065384614778
4,8,7,True,6,Spoofing,2,DDoS,0.07785398427217412,0.06655673359315183,0.15969167991808367
4,8,7,True,6,Spoofing,3,DoS,0.05982255774851853,0.0395214920441251,0.040222036031223
4,8,7,True,6,Spoofing,4,Mirai,0.06748512032988409,0.11432724735970154,0.10437302873967663
4,8,7,True,6,Spoofing,5,Recon,0.05527394696296015,0.12143252707925299,0.09595536247509695
4,8,7,True,6,Spoofing,6,Spoofing,0.06779007329078017,0.14223862694107056,0.3146634533266313
4,8,7,True,6,Spoofing,7,Web-Based,0.27621188087783505,0.18032813823573698,0.0885939295119589
4,8,7,True,7,Web-Based,0,Benign,0.07002701424020888,0.17643379436154,0.1783952917633801
4,8,7,True,7,Web-Based,1,BruteForce,0.32835306272736015,0.1575367294488549,0.02330923188089099
4,8,7,True,7,Web-Based,2,DDoS,0.07716981486871106,0.06910784869251504,0.1826001336201361
4,8,7,True,7,Web-Based,3,DoS,0.06121879473307908,0.03508227384620129,0.024411332109139233
4,8,7,True,7,Web-Based,4,Mirai,0.06659514307941786,0.11857283276740403,0.11430485638861031
4,8,7,True,7,Web-Based,5,Recon,0.053763108183582105,0.11124603538521043,0.09879631550710012
4,8,7,True,7,Web-Based,6,Spoofing,0.0648585084779657,0.1336168241633834,0.28042700437631257
4,8,7,True,7,Web-Based,7,Web-Based,0.27801455368967526,0.19840366133489098,0.09775583435443067
4,8,8,True,0,Benign,0,Benign,0.0718247688455763,0.1788508302752595,0.019132850159553263
4,8,8,True,0,Benign,1,BruteForce,0.31124012354000435,0.13098992648266652,0.016068908819353574
4,8,8,True,0,Benign,2,DDoS,0.05909006278271853,0.0850010641445119,0.04439965505164727
4,8,8,True,0,Benign,3,DoS,0.06261237948214726,0.08024838274894289,0.056110536479231185
4,8,8,True,0,Benign,4,Mirai,0.07455539178020683,0.1112323801007998,0.02349910412323074
4,8,8,True,0,Benign,5,Recon,0.060837629138829195,0.11522219141094893,0.03706211308079212
4,8,8,True,0,Benign,6,Spoofing,0.09401814944116309,0.13586068289151756,0.7847352431503148
4,8,8,True,0,Benign,7,Web-Based,0.2658214949893544,0.16259454194535292,0.0189915891358769
4,8,8,True,1,BruteForce,0,Benign,0.068264618727467,0.1436263404451095,0.017743662669092622
4,8,8,True,1,BruteForce,1,BruteForce,0.32632686361946955,0.2309220356915584,0.012867881546379339
4,8,8,True,1,BruteForce,2,DDoS,0.05537991517348573,0.0682583818224684,0.021160047750757877
4,8,8,True,1,BruteForce,3,DoS,0.0638643345082558,0.034751346031784265,0.028157277884586593
4,8,8,True,1,BruteForce,4,Mirai,0.0726939957744451,0.10961176165348141,0.02336187849024363
4,8,8,True,1,BruteForce,5,Recon,0.05842029448280914,0.08584535651961557,0.03457158621983451
4,8,8,True,1,BruteForce,6,Spoofing,0.09082210100913142,0.12248613975371549,0.8435205502423192
4,8,8,True,1,BruteForce,7,Web-Based,0.26422787670493636,0.20449863808226698,0.018617115196786365
4,8,8,True,2,DDoS,0,Benign,0.07001811209965907,0.08510242886274541,0.024591890673603345
4,8,8,True,2,DDoS,1,BruteForce,0.2784348620729406,0.045033832664913544,0.020488245038388166
4,8,8,True,2,DDoS,2,DDoS,0.09596443722525551,0.5323434244375039,0.5738390966700034
4,8,8,True,2,DDoS,3,DoS,0.06462314227812234,0.05494233773825653,0.03673158361827515
4,8,8,True,2,DDoS,4,Mirai,0.09145702636016224,0.09789794243589761,0.020919818015688825
4,8,8,True,2,DDoS,5,Recon,0.06156633540080244,0.06904367770641226,0.0387585856693685
4,8,8,True,2,DDoS,6,Spoofing,0.07731654279482247,0.05918648281822237,0.2685450562657869
4,8,8,True,2,DDoS,7,Web-Based,0.26061954176823526,0.05644987333604832,0.016125724048885598
4,8,8,True,3,DoS,0,Benign,0.0564138911517039,0.07168806209876236,0.016584975605900075
4,8,8,True,3,DoS,1,BruteForce,0.27693128539659384,0.0702365614320318,0.02787357350144254
4,8,8,True,3,DoS,2,DDoS,0.0686157422306378,0.09927522899873185,0.12449545436992798
4,8,8,True,3,DoS,3,DoS,0.09015958625309646,0.5027849908784,0.412110294493304
4,8,8,True,3,DoS,4,Mirai,0.09811542726545636,0.09558310699642943,0.023082992246806874
4,8,8,True,3,DoS,5,Recon,0.05141828115826389,0.05083550430577814,0.026149152840062008
4,8,8,True,3,DoS,6,Spoofing,0.08490909872481335,0.07993745386597619,0.35010463360183147
4,8,8,True,3,DoS,7,Web-Based,0.2734366878194343,0.02965909142389024,0.019598923340725164
4,8,8,True,4,Mirai,0,Benign,0.0673929369681433,0.14328471884533373,0.017301721504134907
4,8,8,True,4,Mirai,1,BruteForce,0.31544990194865424,0.1718775780658179,0.014990765983382903
4,8,8,True,4,Mirai,2,DDoS,0.06005447423494049,0.09068975196806366,0.03027142230568031
4,8,8,True,4,Mirai,3,DoS,0.06347406369469953,0.06581837773877497,0.053350498446353464
4,8,8,True,4,Mirai,4,Mirai,0.08147178197754211,0.15051987813299145,0.02456751041949872
4,8,8,True,4,Mirai,5,Recon,0.056119510773955224,0.08488829921066714,0.029649843710601795
4,8,8,True,4,Mirai,6,Spoofing,0.09198685475839465,0.1216417518533537,0.8112694934879471
4,8,8,True,4,Mirai,7,Web-Based,0.26405047564367046,0.1712796441849975,0.018598744142400783
4,8,8,True,5,Recon,0,Benign,0.06672562257105748,0.14277193636064017,0.017602542741750285
4,8,8,True,5,Recon,1,BruteForce,0.3291146938021679,0.1997865648905497,0.01298889133185358
4,8,8,True,5,Recon,2,DDoS,0.0550085940793719,0.06759311452692127,0.021295275993342844
4,8,8,True,5,Recon,3,DoS,0.06412565216753432,0.03682030754244367,0.029473546456429113
4,8,8,True,5,Recon,4,Mirai,0.07224208112051946,0.10768280937316818,0.02327832259421718
4,8,8,True,5,Recon,5,Recon,0.059291045668503295,0.11503619028288786,0.04548564476427263
4,8,8,True,5,Recon,6,Spoofing,0.08749758227298654,0.11955919529368698,0.8312604056001496
4,8,8,True,5,Recon,7,Web-Based,0.26599472831785903,0.21074988172970202,0.01861537051798485
4,8,8,True,6,Spoofing,0,Benign,0.07000808619799571,0.17916805093843793,0.017410521247189895
4,8,8,True,6,Spoofing,1,BruteForce,0.30945910014111516,0.15642718380852316,0.013890804576603797
4,8,8,True,6,Spoofing,2,DDoS,0.05715390024149802,0.06655673359315183,0.023166008602391583
4,8,8,True,6,Spoofing,3,DoS,0.0619184206558206,0.0395214920441251,0.04595798976193486
4,8,8,True,6,Spoofing,4,Mirai,0.07644476506579205,0.11432724735970154,0.02247485021861084
4,8,8,True,6,Spoofing,5,Recon,0.06102129056951605,0.12143252707925299,0.03455568325209396
4,8,8,True,6,Spoofing,6,Spoofing,0.09623462160458857,0.14223862694107056,0.8245215541322589
4,8,8,True,6,Spoofing,7,Web-Based,0.26775981552367384,0.18032813823573698,0.018022588208916227
4,8,8,True,7,Web-Based,0,Benign,0.06903560726505234,0.17643379436154,0.018232554288658505
4,8,8,True,7,Web-Based,1,BruteForce,0.3142806938840029,0.1575367294488549,0.01344827549494716
4,8,8,True,7,Web-Based,2,DDoS,0.05635170478410805,0.06910784869251504,0.02607464544333082
4,8,8,True,7,Web-Based,3,DoS,0.06260116965533045,0.03508227384620129,0.03205878397403811
4,8,8,True,7,Web-Based,4,Mirai,0.07574633742765856,0.11857283276740403,0.02303780961405717
4,8,8,True,7,Web-Based,5,Recon,0.059907505911790844,0.11124603538521043,0.03465418902166594
4,8,8,True,7,Web-Based,6,Spoofing,0.09167630974865337,0.1336168241633834,0.8337732576626405
4,8,8,True,7,Web-Based,7,Web-Based,0.27040067132340345,0.19840366133489098,0.01872048450066193
4,8,9,False,0,Benign,0,Benign,0.25311772131594185,0.1788508302752595,0.212708631315114
4,8,9,False,0,Benign,1,BruteForce,0.0030228533269272104,0.13098992648266652,0.0057487095059489636
4,8,9,False,0,Benign,2,DDoS,0.011837357411941094,0.0850010641445119,0.012474645677882902
4,8,9,False,0,Benign,3,DoS,0.0029548478532762518,0.08024838274894289,0.006082180136627195
4,8,9,False,0,Benign,4,Mirai,0.5079847439525961,0.1112323801007998,0.5442726249294527
4,8,9,False,0,Benign,5,Recon,0.12572918973234812,0.11522219141094893,0.12353066180708568
4,8,9,False,0,Benign,6,Spoofing,0.09162963290097705,0.13586068289151756,0.08814688706657811
4,8,9,False,0,Benign,7,Web-Based,0.003723653505992301,0.16259454194535292,0.007035659561310454
4,8,9,False,1,BruteForce,0,Benign,0.21600424158631074,0.1436263404451095,0.19643140381446048
4,8,9,False,1,BruteForce,1,BruteForce,0.003162674518517586,0.2309220356915584,0.005420658974589235
4,8,9,False,1,BruteForce,2,DDoS,0.004352906656490337,0.0682583818224684,0.006972007456531547
4,8,9,False,1,BruteForce,3,DoS,0.0024937003324660687,0.034751346031784265,0.005533962313056571
4,8,9,False,1,BruteForce,4,Mirai,0.5586084704357236,0.10961176165348141,0.5796708218206121
4,8,9,False,1,BruteForce,5,Recon,0.1213906693417952,0.08584535651961557,0.11622772955673638
4,8,9,False,1,BruteForce,6,Spoofing,0.09012113629867387,0.12248613975371549,0.0831422568850313
4,8,9,False,1,BruteForce,7,Web-Based,0.0038662008300226597,0.20449863808226698,0.006601159178982361
4,8,9,False,2,DDoS,0,Benign,0.061085725617776636,0.08510242886274541,0.07378109127923523
4,8,9,False,2,DDoS,1,BruteForce,0.004396420965881771,0.045033832664913544,0.010804158511400564
4,8,9,False,2,DDoS,2,DDoS,0.6104853877630201,0.5323434244375039,0.5145861140339755
4,8,9,False,2,DDoS,3,DoS,0.0036740765222505176,0.05494233773825653,0.007623311259983734
4,8,9,False,2,DDoS,4,Mirai,0.23413610945040386,0.09789794243589761,0.265180145327734
4,8,9,False,2,DDoS,5,Recon,0.04606793551168356,0.06904367770641226,0.06938093456303068
4,8,9,False,2,DDoS,6,Spoofing,0.03644793250368624,0.05918648281822237,0.04814830975089366
4,8,9,False,2,DDoS,7,Web-Based,0.003706411665297373,0.05644987333604832,0.010495935273746787
4,8,9,False,3,DoS,0,Benign,0.04848956349236044,0.07168806209876236,0.06597761485226326
4,8,9,False,3,DoS,1,BruteForce,0.011775788503911916,0.0702365614320318,0.007601240551088666
4,8,9,False,3,DoS,2,DDoS,0.07725890443590505,0.09927522899873185,0.0885159228871596
4,8,9,False,3,DoS,3,DoS,0.2695189448185361,0.5027849908784,0.010185430516659743
4,8,9,False,3,DoS,4,Mirai,0.31044819167569215,0.09558310699642943,0.6278306998648712
4,8,9,False,3,DoS,5,Recon,0.029061088494091284,0.05083550430577814,0.04921960120497947
4,8,9,False,3,DoS,6,Spoofing,0.24372297456788078,0.07993745386597619,0.1410816114877004
4,8,9,False,3,DoS,7,Web-Based,0.00972454401162229,0.02965909142389024,0.009587878635277698
4,8,9,False,4,Mirai,0,Benign,0.1504047541285097,0.14328471884533373,0.15665054209698429
4,8,9,False,4,Mirai,1,BruteForce,0.0022267660671499248,0.1718775780658179,0.004262151925292362
4,8,9,False,4,Mirai,2,DDoS,0.00551388270411709,0.09068975196806366,0.007815598967478177
4,8,9,False,4,Mirai,3,DoS,0.0024386035749801335,0.06581837773877497,0.004755756169192422
4,8,9,False,4,Mirai,4,Mirai,0.7288778547533871,0.15051987813299145,0.7019238838520995
4,8,9,False,4,Mirai,5,Recon,0.04275417596393436,0.08488829921066714,0.054753709471234764
4,8,9,False,4,Mirai,6,Spoofing,0.06472651796653141,0.1216417518533537,0.06372590334822469
4,8,9,False,4,Mirai,7,Web-Based,0.003057444841390318,0.1712796441849975,0.006112454169493804
4,8,9,False,5,Recon,0,Benign,0.18924627094617663,0.14277193636064017,0.18533707283203812
4,8,9,False,5,Recon,1,BruteForce,0.003301259418519747,0.1997865648905497,0.005850890664782675
4,8,9,False,5,Recon,2,DDoS,0.004004017006568429,0.06759311452692127,0.006644792733948009
4,8,9,False,5,Recon,3,DoS,0.0025437769898974246,0.03682030754244367,0.005533990742806916
4,8,9,False,5,Recon,4,Mirai,0.4740078313006519,0.10768280937316818,0.5104705615668697
4,8,9,False,5,Recon,5,Recon,0.23561952092539773,0.11503619028288786,0.20107210707856
4,8,9,False,5,Recon,6,Spoofing,0.08751409083451306,0.11955919529368698,0.07872758222176585
4,8,9,False,5,Recon,7,Web-Based,0.0037632325782751015,0.21074988172970202,0.0063630021592289395
4,8,9,False,6,Spoofing,0,Benign,0.2130054238849418,0.17916805093843793,0.2129752411877739
4,8,9,False,6,Spoofing,1,BruteForce,0.0030340089524625246,0.15642718380852316,0.005594561604115943
4,8,9,False,6,Spoofing,2,DDoS,0.004265991506080978,0.06655673359315183,0.007003732231253415
4,8,9,False,6,Spoofing,3,DoS,0.0028872323373715426,0.0395214920441251,0.005646586458114659
4,8,9,False,6,Spoofing,4,Mirai,0.4960668420905796,0.11432724735970154,0.5270247029692076
4,8,9,False,6,Spoofing,5,Recon,0.13622404227137438,0.12143252707925299,0.13388392227429521
4,8,9,False,6,Spoofing,6,Spoofing,0.1403869019790277,0.14223862694107056,0.10103837489641995
4,8,9,False,6,Spoofing,7,Web-Based,0.004129556978161495,0.18032813823573698,0.006832878378819363
4,8,9,False,7,Web-Based,0,Benign,0.18737325092659393,0.17643379436154,0.20573941393174097
4,8,9,False,7,Web-Based,1,BruteForce,0.002481300252221437,0.1575367294488549,0.004988285031987422
4,8,9,False,7,Web-Based,2,DDoS,0.0044015515027647015,0.06910784869251504,0.0078520559200081
4,8,9,False,7,Web-Based,3,DoS,0.002635659654991077,0.03508227384620129,0.0050920035248949455
4,8,9,False,7,Web-Based,4,Mirai,0.6125961184598847,0.11857283276740403,0.5967359652309505
4,8,9,False,7,Web-Based,5,Recon,0.0874811103314244,0.11124603538521043,0.09912271282795135
4,8,9,False,7,Web-Based,6,Spoofing,0.09951456171864699,0.1336168241633834,0.07408300743614007
4,8,9,False,7,Web-Based,7,Web-Based,0.0035164471534726545,0.19840366133489098,0.006386556096326617
4,8,10,True,0,Benign,0,Benign,0.06933133749994283,0.1788508302752595,0.022270045567745377
4,8,10,True,0,Benign,1,BruteForce,0.3109808665591937,0.13098992648266652,0.019048116147505827
4,8,10,True,0,Benign,2,DDoS,0.05868700880642642,0.0850010641445119,0.058264932055389435
4,8,10,True,0,Benign,3,DoS,0.06103665694498616,0.08024838274894289,0.04369451153948292
4,8,10,True,0,Benign,4,Mirai,0.07575582111242625,0.1112323801007998,0.07935026555243353
4,8,10,True,0,Benign,5,Recon,0.06417275491360895,0.11522219141094893,0.13568543610090097
4,8,10,True,0,Benign,6,Spoofing,0.07502195235668653,0.13586068289151756,0.3294301928385613
4,8,10,True,0,Benign,7,Web-Based,0.2850136018067292,0.16259454194535292,0.3122565001979806
4,8,10,True,1,BruteForce,0,Benign,0.06520638271685818,0.1436263404451095,0.021395882591181345
4,8,10,True,1,BruteForce,1,BruteForce,0.31812418617512744,0.2309220356915584,0.01820485343619936
4,8,10,True,1,BruteForce,2,DDoS,0.05643830630447591,0.0682583818224684,0.027800501153444554
4,8,10,True,1,BruteForce,3,DoS,0.06302958020313612,0.034751346031784265,0.030508297120172185
4,8,10,True,1,BruteForce,4,Mirai,0.07354379738490686,0.10961176165348141,0.09075246456452916
4,8,10,True,1,BruteForce,5,Recon,0.06133667981320536,0.08584535651961557,0.1355921528596097
4,8,10,True,1,BruteForce,6,Spoofing,0.07383656762522078,0.12248613975371549,0.2919583863509789
4,8,10,True,1,BruteForce,7,Web-Based,0.2884844997770694,0.20449863808226698,0.38378746192388474
4,8,10,True,2,DDoS,0,Benign,0.06861496444298286,0.08510242886274541,0.02146354989899178
4,8,10,True,2,DDoS,1,BruteForce,0.2918302799913433,0.045033832664913544,0.021106456308982644
4,8,10,True,2,DDoS,2,DDoS,0.07756838708112251,0.5323434244375039,0.6022786062618589
4,8,10,True,2,DDoS,3,DoS,0.06962088252406794,0.05494233773825653,0.024344013283275748
4,8,10,True,2,DDoS,4,Mirai,0.09046762866568893,0.09789794243589761,0.040499910327815074
4,8,10,True,2,DDoS,5,Recon,0.06683614839943082,0.06904367770641226,0.05963832227706456
4,8,10,True,2,DDoS,6,Spoofing,0.060401511574227316,0.05918648281822237,0.10744966039347457
4,8,10,True,2,DDoS,7,Web-Based,0.2746601973211363,0.05644987333604832,0.12321948124853671
4,8,10,True,3,DoS,0,Benign,0.05159993619205887,0.07168806209876236,0.016524256399403355
4,8,10,True,3,DoS,1,BruteForce,0.2772309349352478,0.0702365614320318,0.024251685421476613
4,8,10,True,3,DoS,2,DDoS,0.06983016659013352,0.09927522899873185,0.1921524231437968
4,8,10,True,3,DoS,3,DoS,0.12636892052071325,0.5027849908784,0.3432196650431296
4,8,10,True,3,DoS,4,Mirai,0.09061218005198002,0.09558310699642943,0.04899223425140833
4,8,10,True,3,DoS,5,Recon,0.048904231617173326,0.05083550430577814,0.06773421950960029
4,8,10,True,3,DoS,6,Spoofing,0.06883098803548564,0.07993745386597619,0.18115959177665295
4,8,10,True,3,DoS,7,Web-Based,0.2666226420572077,0.02965909142389024,0.12596592445453203
4,8,10,True,4,Mirai,0,Benign,0.06518689900927514,0.14328471884533373,0.020906360869143853
4,8,10,True,4,Mirai,1,BruteForce,0.31240702935983095,0.1718775780658179,0.018484991654150906
4,8,10,True,4,Mirai,2,DDoS,0.05920473646284641,0.09068975196806366,0.04526853483889094
4,8,10,True,4,Mirai,3,DoS,0.06249115750691494,0.06581837773877497,0.04057060523043271
4,8,10,True,4,Mirai,4,Mirai,0.08297517336796713,0.15051987813299145,0.0930199027442174
4,8,10,True,4,Mirai,5,Recon,0.058997236188373735,0.08488829921066714,0.1230947051897784
4,8,10,True,4,Mirai,6,Spoofing,0.07488754605442885,0.1216417518533537,0.32823821797470715
4,8,10,True,4,Mirai,7,Web-Based,0.283850222050363,0.1712796441849975,0.33041668149867864
4,8,10,True,5,Recon,0,Benign,0.06356983989148882,0.14277193636064017,0.021000630285856473
4,8,10,True,5,Recon,1,BruteForce,0.31776579756342593,0.1997865648905497,0.01812983451842123
4,8,10,True,5,Recon,2,DDoS,0.056328527198624134,0.06759311452692127,0.027754586994734036
4,8,10,True,5,Recon,3,DoS,0.0638782141092111,0.03682030754244367,0.031053758674665574
4,8,10,True,5,Recon,4,Mirai,0.07269420100821536,0.10768280937316818,0.08863199214013308
4,8,10,True,5,Recon,5,Recon,0.062041932526395276,0.11503619028288786,0.1505426834996439
4,8,10,True,5,Recon,6,Spoofing,0.07207007906267247,0.11955919529368698,0.2842386896914777
4,8,10,True,5,Recon,7,Web-Based,0.2916514086399669,0.21074988172970202,0.37864782419506804
4,8,10,True,6,Spoofing,0,Benign,0.06753199880458513,0.17916805093843793,0.0219464716626074
4,8,10,True,6,Spoofing,1,BruteForce,0.3088744851246236,0.15642718380852316,0.017590292229546802
4,8,10,True,6,Spoofing,2,DDoS,0.056985804550951896,0.06655673359315183,0.02732242244704799
4,8,10,True,6,Spoofing,3,DoS,0.06071466992255004,0.0395214920441251,0.03497819372947385
4,8,10,True,6,Spoofing,4,Mirai,0.07654408710986647,0.11432724735970154,0.08108459950483436
4,8,10,True,6,Spoofing,5,Recon,0.06498430356965511,0.12143252707925299,0.13512999372248
4,8,10,True,6,Spoofing,6,Spoofing,0.0776085662820989,0.14223862694107056,0.34700179629198724
4,8,10,True,6,Spoofing,7,Web-Based,0.286756084635669,0.18032813823573698,0.33494623041202237
4,8,10,True,7,Web-Based,0,Benign,0.06630664350844942,0.17643379436154,0.02233567399325899
4,8,10,True,7,Web-Based,1,BruteForce,0.30982598640157416,0.1575367294488549,0.017738799278910797
4,8,10,True,7,Web-Based,2,DDoS,0.05634026724102976,0.06910784869251504,0.02980222971691401
4,8,10,True,7,Web-Based,3,DoS,0.06142323189713137,0.03508227384620129,0.031205773506683104
4,8,10,True,7,Web-Based,4,Mirai,0.07653237520069378,0.11857283276740403,0.08933694551850077
4,8,10,True,7,Web-Based,5,Recon,0.0638198884729614,0.11124603538521043,0.13496437980333795
4,8,10,True,7,Web-Based,6,Spoofing,0.07369444803044006,0.1336168241633834,0.30979530381561704
4,8,10,True,7,Web-Based,7,Web-Based,0.2920571592477202,0.19840366133489098,0.3648208943667773
4,8,11,False,0,Benign,0,Benign,0.5266164459206829,0.1788508302752595,0.5054759344795156
4,8,11,False,0,Benign,1,BruteForce,0.004740662760360985,0.13098992648266652,0.007462605127298825
4,8,11,False,0,Benign,2,DDoS,0.004975051299137634,0.0850010641445119,0.010640381605379423
4,8,11,False,0,Benign,3,DoS,0.007760460536920191,0.08024838274894289,0.014780983180301552
4,8,11,False,0,Benign,4,Mirai,0.07981937561090133,0.1112323801007998,0.08417180931879836
4,8,11,False,0,Benign,5,Recon,0.13325471085601492,0.11522219141094893,0.1373969726142291
4,8,11,False,0,Benign,6,Spoofing,0.23795027619371695,0.13586068289151756,0.23190462746669555
4,8,11,False,0,Benign,7,Web-Based,0.004883016822265095,0.16259454194535292,0.008166686207781701
4,8,11,False,1,BruteForce,0,Benign,0.4547204435982822,0.1436263404451095,0.5106147524192624
4,8,11,False,1,BruteForce,1,BruteForce,0.005569414829634897,0.2309220356915584,0.007222023432318588
4,8,11,False,1,BruteForce,2,DDoS,0.004574800713641464,0.0682583818224684,0.009715753075438184
4,8,11,False,1,BruteForce,3,DoS,0.003628353460616946,0.034751346031784265,0.00845695820506947
4,8,11,False,1,BruteForce,4,Mirai,0.10496819866933381,0.10961176165348141,0.08771126418285896
4,8,11,False,1,BruteForce,5,Recon,0.14210780945064574,0.08584535651961557,0.13823024944282974
4,8,11,False,1,BruteForce,6,Spoofing,0.2789104041845855,0.12248613975371549,0.23020952939325387
4,8,11,False,1,BruteForce,7,Web-Based,0.005520575093259314,0.20449863808226698,0.00783946984896885
4,8,11,False,2,DDoS,0,Benign,0.16913133843992278,0.08510242886274541,0.391693033549768
4,8,11,False,2,DDoS,1,BruteForce,0.006998278224932847,0.045033832664913544,0.012270970192291
4,8,11,False,2,DDoS,2,DDoS,0.4541768942914446,0.5323434244375039,0.14293445703506732
4,8,11,False,2,DDoS,3,DoS,0.014650592587991134,0.05494233773825653,0.0346928188460991
4,8,11,False,2,DDoS,4,Mirai,0.17299485256868008,0.09789794243589761,0.08264899631452405
4,8,11,False,2,DDoS,5,Recon,0.061211381240554745,0.06904367770641226,0.10654715777236783
4,8,11,False,2,DDoS,6,Spoofing,0.11410015022582361,0.05918648281822237,0.2163560792426348
4,8,11,False,2,DDoS,7,Web-Based,0.00673651242065031,0.05644987333604832,0.012856487047247967
4,8,11,False,3,DoS,0,Benign,0.05546623427376089,0.07168806209876236,0.10309353673587984
4,8,11,False,3,DoS,1,BruteForce,0.007198351668658579,0.0702365614320318,0.016412016849813423
4,8,11,False,3,DoS,2,DDoS,0.01188041899952869,0.09927522899873185,0.01715386702274042
4,8,11,False,3,DoS,3,DoS,0.6313051532055942,0.5027849908784,0.4905930896630506
4,8,11,False,3,DoS,4,Mirai,0.05990258436481547,0.09558310699642943,0.06735126521196996
4,8,11,False,3,DoS,5,Recon,0.023073634994285996,0.05083550430577814,0.03254476557324266
4,8,11,False,3,DoS,6,Spoofing,0.2063164415597745,0.07993745386597619,0.2576296574068613
4,8,11,False,3,DoS,7,Web-Based,0.004857180933581739,0.02965909142389024,0.015221801536441816
4,8,11,False,4,Mirai,0,Benign,0.4284023951833545,0.14328471884533373,0.4930178028074896
4,8,11,False,4,Mirai,1,BruteForce,0.005034850190649368,0.1718775780658179,0.007418595071505128
4,8,11,False,4,Mirai,2,DDoS,0.0058147374678030285,0.09068975196806366,0.010673475310734544
4,8,11,False,4,Mirai,3,DoS,0.008156433210489053,0.06581837773877497,0.017015575176746667
4,8,11,False,4,Mirai,4,Mirai,0.2127392036049062,0.15051987813299145,0.12286600958710883
4,8,11,False,4,Mirai,5,Recon,0.0759860409679245,0.08488829921066714,0.08906886765228121
4,8,11,False,4,Mirai,6,Spoofing,0.258687546037487,0.1216417518533537,0.2510653933064498
4,8,11,False,4,Mirai,7,Web-Based,0.005178793337386412,0.1712796441849975,0.008874281087684113
4,8,11,False,5,Recon,0,Benign,0.43282661964790053,0.14277193636064017,0.4927068831424751
4,8,11,False,5,Recon,1,BruteForce,0.00524013646405882,0.1997865648905497,0.00742554195106978
4,8,11,False,5,Recon,2,DDoS,0.004066162781608837,0.06759311452692127,0.009624595886530429
4,8,11,False,5,Recon,3,DoS,0.003634912772648246,0.03682030754244367,0.008328389430311143
4,8,11,False,5,Recon,4,Mirai,0.07617874183316536,0.10768280937316818,0.08341663457695307
4,8,11,False,5,Recon,5,Recon,0.2282221877233835,0.11503619028288786,0.18752957396487546
4,8,11,False,5,Recon,6,Spoofing,0.24434662174753288,0.11955919529368698,0.20326917878805226
4,8,11,False,5,Recon,7,Web-Based,0.0054846170297017036,0.21074988172970202,0.0076992022597328095
4,8,11,False,6,Spoofing,0,Benign,0.4479675086456789,0.17916805093843793,0.48286301836284756
4,8,11,False,6,Spoofing,1,BruteForce,0.0048002061923449494,0.15642718380852316,0.007235802502337834
4,8,11,False,6,Spoofing,2,DDoS,0.004568242525375936,0.06655673359315183,0.009895507549570342
4,8,11,False,6,Spoofing,3,DoS,0.003879553072759093,0.0395214920441251,0.009983399578093499
4,8,11,False,6,Spoofing,4,Mirai,0.08230688239339103,0.11432724735970154,0.0785594528290734
4,8,11,False,6,Spoofing,5,Recon,0.1403526702403508,0.12143252707925299,0.12942968868645746
4,8,11,False,6,Spoofing,6,Spoofing,0.31076287432360966,0.14223862694107056,0.2740407670468335
4,8,11,False,6,Spoofing,7,Web-Based,0.005362062606489673,0.18032813823573698,0.007992363444786446
4,8,11,False,7,Web-Based,0,Benign,0.48852200443956634,0.17643379436154,0.5289669156973816
4,8,11,False,7,Web-Based,1,BruteForce,0.004698172288523865,0.1575367294488549,0.006997340482420253
4,8,11,False,7,Web-Based,2,DDoS,0.00477885433372122,0.06910784869251504,0.009770151186618404
4,8,11,False,7,Web-Based,3,DoS,0.004089184692140526,0.03508227384620129,0.009807038889836544
4,8,11,False,7,Web-Based,4,Mirai,0.12264073358967705,0.11857283276740403,0.09178229978131258
4,8,11,False,7,Web-Based,5,Recon,0.10839054226115767,0.11124603538521043,0.12418983171646154
4,8,11,False,7,Web-Based,6,Spoofing,0.2615733103383454,0.1336168241633834,0.2204966630762761
4,8,11,False,7,Web-Based,7,Web-Based,0.005307198056868038,0.19840366133489098,0.007989759169692986
4,8,12,False,0,Benign,0,Benign,0.022828244858077176,0.1788508302752595,0.026462665550044947
4,8,12,False,0,Benign,1,BruteForce,0.008518603173307077,0.13098992648266652,0.012055694095309408
4,8,12,False,0,Benign,2,DDoS,0.009729212202628772,0.0850010641445119,0.014718325348589106
4,8,12,False,0,Benign,3,DoS,0.052625626060144544,0.08024838274894289,0.09649944847369452
4,8,12,False,0,Benign,4,Mirai,0.5557782036691574,0.1112323801007998,0.497085396462591
4,8,12,False,0,Benign,5,Recon,0.12443953786464641,0.11522219141094893,0.12355267580960916
4,8,12,False,0,Benign,6,Spoofing,0.1630832828248972,0.13586068289151756,0.18046671219629276
4,8,12,False,0,Benign,7,Web-Based,0.06299728934714148,0.16259454194535292,0.04915908206386924
4,8,12,False,1,BruteForce,0,Benign,0.022672242929693893,0.1436263404451095,0.025107642284793254
4,8,12,False,1,BruteForce,1,BruteForce,0.011085254918407105,0.2309220356915584,0.01200549613060556
4,8,12,False,1,BruteForce,2,DDoS,0.009040021922903927,0.0682583818224684,0.013128686943424587
4,8,12,False,1,BruteForce,3,DoS,0.015652075337455114,0.034751346031784265,0.029005819762036804
4,8,12,False,1,BruteForce,4,Mirai,0.6011130718007525,0.10961176165348141,0.5528058772746978
4,8,12,False,1,BruteForce,5,Recon,0.10409625577198965,0.08584535651961557,0.13472743978366244
4,8,12,False,1,BruteForce,6,Spoofing,0.15472394783270949,0.12248613975371549,0.17409356481768265
4,8,12,False,1,BruteForce,7,Web-Based,0.08161712948608832,0.20449863808226698,0.059125473003096875
4,8,12,False,2,DDoS,0,Benign,0.012362506340819965,0.08510242886274541,0.030003869943939145
4,8,12,False,2,DDoS,1,BruteForce,0.00902257860549981,0.045033832664913544,0.017771132103718997
4,8,12,False,2,DDoS,2,DDoS,0.49678936717331545,0.5323434244375039,0.3171184497345759
4,8,12,False,2,DDoS,3,DoS,0.08360946613717968,0.05494233773825653,0.10086297956612204
4,8,12,False,2,DDoS,4,Mirai,0.2577913857236454,0.09789794243589761,0.3132603556709456
4,8,12,False,2,DDoS,5,Recon,0.06301012182141212,0.06904367770641226,0.09257944457817051
4,8,12,False,2,DDoS,6,Spoofing,0.04398902460661638,0.05918648281822237,0.08977983377810282
4,8,12,False,2,DDoS,7,Web-Based,0.033425549591511214,0.05644987333604832,0.03862393462442499
4,8,12,False,3,DoS,0,Benign,0.005059434367841439,0.07168806209876236,0.010999057746118568
4,8,12,False,3,DoS,1,BruteForce,0.006554335637755435,0.0702365614320318,0.0175514269892811
4,8,12,False,3,DoS,2,DDoS,0.011101964659608426,0.09927522899873185,0.020152437677119866
4,8,12,False,3,DoS,3,DoS,0.8316906191461498,0.5027849908784,0.7022069929548109
4,8,12,False,3,DoS,4,Mirai,0.07240020689108533,0.09558310699642943,0.11680458200945516
4,8,12,False,3,DoS,5,Recon,0.026328442957338643,0.05083550430577814,0.03703591624944796
4,8,12,False,3,DoS,6,Spoofing,0.032589004532047675,0.07993745386597619,0.07279207348035582
4,8,12,False,3,DoS,7,Web-Based,0.01427599180817334,0.02965909142389024,0.022457512893410584
4,8,12,False,4,Mirai,0,Benign,0.01922213619389866,0.14328471884533373,0.02594305074139693
4,8,12,False,4,Mirai,1,BruteForce,0.007157832396893497,0.1718775780658179,0.010684721840303734
4,8,12,False,4,Mirai,2,DDoS,0.009606712854423919,0.09068975196806366,0.015048815664166753
4,8,12,False,4,Mirai,3,DoS,0.022012554860953493,0.06581837773877497,0.0529732702800002
4,8,12,False,4,Mirai,4,Mirai,0.710197718158351,0.15051987813299145,0.6064310047794048
4,8,12,False,4,Mirai,5,Recon,0.07479055198835875,0.08488829921066714,0.095220632058516
4,8,12,False,4,Mirai,6,Spoofing,0.10969956365974132,0.1216417518533537,0.14817769204580464
4,8,12,False,4,Mirai,7,Web-Based,0.04731292988737944,0.1712796441849975,0.045520812590406794
4,8,12,False,5,Recon,0,Benign,0.021582463111688457,0.14277193636064017,0.023632525474858623
4,8,12,False,5,Recon,1,BruteForce,0.011071965106058441,0.1997865648905497,0.012284384474508312
4,8,12,False,5,Recon,2,DDoS,0.009091697582448863,0.06759311452692127,0.01318532466708884
4,8,12,False,5,Recon,3,DoS,0.019015062429581186,0.03682030754244367,0.0314168214343716
4,8,12,False,5,Recon,4,Mirai,0.5537947933198685,0.10768280937316818,0.5370038599406017
4,8,12,False,5,Recon,5,Recon,0.1501810033400477,0.11503619028288786,0.16281062096259766
4,8,12,False,5,Recon,6,Spoofing,0.14675971282935144,0.11955919529368698,0.1625838537369057
4,8,12,False,5,Recon,7,Web-Based,0.08850330228095543,0.21074988172970202,0.05708260930906753
4,8,12,False,6,Spoofing,0,Benign,0.023311928270170108,0.17916805093843793,0.026469107199742777
4,8,12,False,6,Spoofing,1,BruteForce,0.009319396644248816,0.15642718380852316,0.011622460802595755
4,8,12,False,6,Spoofing,2,DDoS,0.008589011119893079,0.06655673359315183,0.013628173719736776
4,8,12,False,6,Spoofing,3,DoS,0.0278286671709456,0.0395214920441251,0.05960305714089781
4,8,12,False,6,Spoofing,4,Mirai,0.5268471668227493,0.11432724735970154,0.49415070750533713
4,8,12,False,6,Spoofing,5,Recon,0.13062249029866424,0.12143252707925299,0.1245803767133329
4,8,12,False,6,Spoofing,6,Spoofing,0.19839069759845132,0.14223862694107056,0.2142325937076371
4,8,12,False,6,Spoofing,7,Web-Based,0.07509064207487746,0.18032813823573698,0.05571352321071982
4,8,12,False,7,Web-Based,0,Benign,0.021869031713669163,0.17643379436154,0.02641490311951378
4,8,12,False,7,Web-Based,1,BruteForce,0.008557256913317934,0.1575367294488549,0.011202996129719044
4,8,12,False,7,Web-Based,2,DDoS,0.008861842305494513,0.06910784869251504,0.013888644164304482
4,8,12,False,7,Web-Based,3,DoS,0.021514301776777163,0.03508227384620129,0.03456977866360679
4,8,12,False,7,Web-Based,4,Mirai,0.6105612248569589,0.11857283276740403,0.5575893799557168
4,8,12,False,7,Web-Based,5,Recon,0.11631420717959774,0.11124603538521043,0.13010916216150645
4,8,12,False,7,Web-Based,6,Spoofing,0.1419624788101822,0.1336168241633834,0.1695661573199577
4,8,12,False,7,Web-Based,7,Web-Based,0.07035965644400244,0.19840366133489098,0.056658978485675054
4,8,13,False,0,Benign,0,Benign,0.06369441955922697,0.1788508302752595,0.06055386004083888
4,8,13,False,0,Benign,1,BruteForce,0.09678959255735867,0.13098992648266652,0.09363316921225759
4,8,13,False,0,Benign,2,DDoS,0.05640628453542338,0.0850010641445119,0.06796401271045555
4,8,13,False,0,Benign,3,DoS,0.008838110404041942,0.08024838274894289,0.01536906606727667
4,8,13,False,0,Benign,4,Mirai,0.05524549281239256,0.1112323801007998,0.05432285348042039
4,8,13,False,0,Benign,5,Recon,0.38122244656415766,0.11522219141094893,0.39795739412411263
4,8,13,False,0,Benign,6,Spoofing,0.1270902336282704,0.13586068289151756,0.1273448450201094
4,8,13,False,0,Benign,7,Web-Based,0.21071341993912845,0.16259454194535292,0.18285479934452892
4,8,13,False,1,BruteForce,0,Benign,0.06998046028000576,0.1436263404451095,0.06219007911701284
4,8,13,False,1,BruteForce,1,BruteForce,0.1446292937196843,0.2309220356915584,0.11360017528602807
4,8,13,False,1,BruteForce,2,DDoS,0.028263352944382595,0.0682583818224684,0.024879683051240126
4,8,13,False,1,BruteForce,3,DoS,0.010095479038024005,0.034751346031784265,0.01628907518567972
4,8,13,False,1,BruteForce,4,Mirai,0.0647514177833533,0.10961176165348141,0.05909321433342645
4,8,13,False,1,BruteForce,5,Recon,0.3093846065008755,0.08584535651961557,0.39380068182300615
4,8,13,False,1,BruteForce,6,Spoofing,0.10778108606359141,0.12248613975371549,0.1127826349398934
4,8,13,False,1,BruteForce,7,Web-Based,0.26511430367008326,0.20449863808226698,0.21736445626371323
4,8,13,False,2,DDoS,0,Benign,0.021943456492364562,0.08510242886274541,0.029645218230663097
4,8,13,False,2,DDoS,1,BruteForce,0.038348231874673636,0.045033832664913544,0.044390003608591314
4,8,13,False,2,DDoS,2,DDoS,0.6803108046424876,0.5323434244375039,0.6352909363725004
4,8,13,False,2,DDoS,3,DoS,0.004889046964363113,0.05494233773825653,0.010503117844130891
4,8,13,False,2,DDoS,4,Mirai,0.030224982525762747,0.09789794243589761,0.02860493938647318
4,8,13,False,2,DDoS,5,Recon,0.12576620103631334,0.06904367770641226,0.13708271084685927
4,8,13,False,2,DDoS,6,Spoofing,0.03410715957936428,0.05918648281822237,0.05030055513476766
4,8,13,False,2,DDoS,7,Web-Based,0.06441011688467077,0.05644987333604832,0.06418251857601417
4,8,13,False,3,DoS,0,Benign,0.0158865105596286,0.07168806209876236,0.03233971978002759
4,8,13,False,3,DoS,1,BruteForce,0.055547541473253775,0.0702365614320318,0.05300713177743538
4,8,13,False,3,DoS,2,DDoS,0.29791627139464083,0.09927522899873185,0.2691257299968779
4,8,13,False,3,DoS,3,DoS,0.3307018130443339,0.5027849908784,0.05076355300514008
4,8,13,False,3,DoS,4,Mirai,0.059627126780481536,0.09558310699642943,0.061014517512999064
4,8,13,False,3,DoS,5,Recon,0.07748377378082576,0.05083550430577814,0.29218726986237215
4,8,13,False,3,DoS,6,Spoofing,0.09764830397515611,0.07993745386597619,0.11358387417877497
4,8,13,False,3,DoS,7,Web-Based,0.06518865899167962,0.02965909142389024,0.12797820388637293
4,8,13,False,4,Mirai,0,Benign,0.06813300554417699,0.14328471884533373,0.06505704215425251
4,8,13,False,4,Mirai,1,BruteForce,0.13837414406166618,0.1718775780658179,0.10857552825100836
4,8,13,False,4,Mirai,2,DDoS,0.07203980202879866,0.09068975196806366,0.054829259904598894
4,8,13,False,4,Mirai,3,DoS,0.010032530128586618,0.06581837773877497,0.01631967809243778
4,8,13,False,4,Mirai,4,Mirai,0.10995387093891501,0.15051987813299145,0.06634550226409335
4,8,13,False,4,Mirai,5,Recon,0.262801486008001,0.08488829921066714,0.36094686593090997
4,8,13,False,4,Mirai,6,Spoofing,0.11784775535392482,0.1216417518533537,0.12982506029211566
4,8,13,False,4,Mirai,7,Web-Based,0.22081740593593083,0.1712796441849975,0.19810106311058343
4,8,13,False,5,Recon,0,Benign,0.06309581827937281,0.14277193636064017,0.058890944199925195
4,8,13,False,5,Recon,1,BruteForce,0.12352154291817678,0.1997865648905497,0.10996258594731881
4,8,13,False,5,Recon,2,DDoS,0.02483231059229377,0.06759311452692127,0.024575459907588162
4,8,13,False,5,Recon,3,DoS,0.009429143415495651,0.03682030754244367,0.016073495926865418
4,8,13,False,5,Recon,4,Mirai,0.05708472487473181,0.10768280937316818,0.05682780049595466
4,8,13,False,5,Recon,5,Recon,0.37852980624749744,0.11503619028288786,0.4166202590929207
4,8,13,False,5,Recon,6,Spoofing,0.09652305586821854,0.11955919529368698,0.10761596507282863
4,8,13,False,5,Recon,7,Web-Based,0.24698359780421328,0.21074988172970202,0.20943348935659842
4,8,13,False,6,Spoofing,0,Benign,0.06167310284465268,0.17916805093843793,0.05824697724820248
4,8,13,False,6,Spoofing,1,BruteForce,0.10120516632544041,0.15642718380852316,0.09347761890614228
4,8,13,False,6,Spoofing,2,DDoS,0.022687102053573886,0.06655673359315183,0.023553621414356338
4,8,13,False,6,Spoofing,3,DoS,0.009079179187604758,0.0395214920441251,0.015169114494199247
4,8,13,False,6,Spoofing,4,Mirai,0.05648922314170068,0.11432724735970154,0.05348185281645945
4,8,13,False,6,Spoofing,5,Recon,0.391793998969212,0.12143252707925299,0.4310847366068133
4,8,13,False,6,Spoofing,6,Spoofing,0.12860242243214068,0.14223862694107056,0.12784485484416347
4,8,13,False,6,Spoofing,7,Web-Based,0.2284698050456749,0.18032813823573698,0.19714122366966352
4,8,13,False,7,Web-Based,0,Benign,0.06877767544040803,0.17643379436154,0.06390660193207431
4,8,13,False,7,Web-Based,1,BruteForce,0.11564232174125649,0.1575367294488549,0.10607394555793523
4,8,13,False,7,Web-Based,2,DDoS,0.02819488136237872,0.06910784869251504,0.030251013981192044
4,8,13,False,7,Web-Based,3,DoS,0.009277622634199718,0.03508227384620129,0.015764724610940636
4,8,13,False,7,Web-Based,4,Mirai,0.07092521214284832,0.11857283276740403,0.05832549336769389
4,8,13,False,7,Web-Based,5,Recon,0.3448516316523824,0.11124603538521043,0.40326458703784607
4,8,13,False,7,Web-Based,6,Spoofing,0.117361130682116,0.1336168241633834,0.11685334765521006
4,8,13,False,7,Web-Based,7,Web-Based,0.2449695243444103,0.19840366133489098,0.20556028585710787
4,8,14,True,0,Benign,0,Benign,0.09982156271475778,0.1788508302752595,0.1480594796370353
4,8,14,True,0,Benign,1,BruteForce,0.36260508468288283,0.13098992648266652,0.09103057403818236
4,8,14,True,0,Benign,2,DDoS,0.06264409799148257,0.0850010641445119,0.13501037934870694
4,8,14,True,0,Benign,3,DoS,0.05603243309345311,0.08024838274894289,0.08956857574426136
4,8,14,True,0,Benign,4,Mirai,0.07485524571243604,0.1112323801007998,0.15442565169066882
4,8,14,True,0,Benign,5,Recon,0.06054693476345356,0.11522219141094893,0.16030056009055077
4,8,14,True,0,Benign,6,Spoofing,0.05720020124664668,0.13586068289151756,0.031531698583245976
4,8,14,True,0,Benign,7,Web-Based,0.22629443979488745,0.16259454194535292,0.19007308086734842
4,8,14,True,1,BruteForce,0,Benign,0.08695891223482055,0.1436263404451095,0.15016749450818784
4,8,14,True,1,BruteForce,1,BruteForce,0.3951544255915979,0.2309220356915584,0.11283321346819068
4,8,14,True,1,BruteForce,2,DDoS,0.06098468127809891,0.0682583818224684,0.09277722713760264
4,8,14,True,1,BruteForce,3,DoS,0.05822915163938271,0.034751346031784265,0.04227046551479721
4,8,14,True,1,BruteForce,4,Mirai,0.07165056253694754,0.10961176165348141,0.1726806064477769
4,8,14,True,1,BruteForce,5,Recon,0.05379526363586534,0.08584535651961557,0.15484809839740113
4,8,14,True,1,BruteForce,6,Spoofing,0.05073817909488784,0.12248613975371549,0.03177492365119014
4,8,14,True,1,BruteForce,7,Web-Based,0.2224888239883993,0.20449863808226698,0.24264797087485346
4,8,14,True,2,DDoS,0,Benign,0.11248636022848583,0.08510242886274541,0.05504383470168419
4,8,14,True,2,DDoS,1,BruteForce,0.2999102059505886,0.045033832664913544,0.04343006115053119
4,8,14,True,2,DDoS,2,DDoS,0.07347471847058562,0.5323434244375039,0.6399708418223041
4,8,14,True,2,DDoS,3,DoS,0.061817066539339056,0.05494233773825653,0.049627131916077385
4,8,14,True,2,DDoS,4,Mirai,0.09198140796505744,0.09789794243589761,0.06286634217661555
4,8,14,True,2,DDoS,5,Recon,0.07555266784033547,0.06904367770641226,0.059088950315579924
4,8,14,True,2,DDoS,6,Spoofing,0.05592041536468387,0.05918648281822237,0.016241914274441712
4,8,14,True,2,DDoS,7,Web-Based,0.2288571576409241,0.05644987333604832,0.07373092364276607
4,8,14,True,3,DoS,0,Benign,0.06624976803509332,0.07168806209876236,0.036745108652393624
4,8,14,True,3,DoS,1,BruteForce,0.28932513037093543,0.0702365614320318,0.04923689543867314
4,8,14,True,3,DoS,2,DDoS,0.07767519123986036,0.09927522899873185,0.2189361691991132
4,8,14,True,3,DoS,3,DoS,0.11304699958773845,0.5027849908784,0.4824966946835219
4,8,14,True,3,DoS,4,Mirai,0.12370847813357168,0.09558310699642943,0.06901901062078761
4,8,14,True,3,DoS,5,Recon,0.04635938422711386,0.05083550430577814,0.05468298899091042
4,8,14,True,3,DoS,6,Spoofing,0.057567937545597914,0.07993745386597619,0.018572282182331694
4,8,14,True,3,DoS,7,Web-Based,0.22606711086008913,0.02965909142389024,0.07031085023226843
4,8,14,True,4,Mirai,0,Benign,0.08934725765230217,0.14328471884533373,0.14558260732719783
4,8,14,True,4,Mirai,1,BruteForce,0.3714948767089033,0.1718775780658179,0.10089984082769843
4,8,14,True,4,Mirai,2,DDoS,0.06434317124044718,0.09068975196806366,0.132365923533683
4,8,14,True,4,Mirai,3,DoS,0.05779953958407358,0.06581837773877497,0.07981239993660168
4,8,14,True,4,Mirai,4,Mirai,0.08651941649067801,0.15051987813299145,0.1897777612426273
4,8,14,True,4,Mirai,5,Recon,0.05303772804488286,0.08488829921066714,0.12823493531298275
4,8,14,True,4,Mirai,6,Spoofing,0.054656813680364146,0.1216417518533537,0.03008714133987326
4,8,14,True,4,Mirai,7,Web-Based,0.2228011965983487,0.1712796441849975,0.1932393904793358
4,8,14,True,5,Recon,0,Benign,0.08425865337003254,0.14277193636064017,0.14467575747633607
4,8,14,True,5,Recon,1,BruteForce,0.39886511531548147,0.1997865648905497,0.1141463146584827
4,8,14,True,5,Recon,2,DDoS,0.06041950700395824,0.06759311452692127,0.09065836586990135
4,8,14,True,5,Recon,3,DoS,0.059486739720241745,0.03682030754244367,0.0434782976751668
4,8,14,True,5,Recon,4,Mirai,0.06947765472404453,0.10768280937316818,0.16795692760821904
4,8,14,True,5,Recon,5,Recon,0.05511157070498821,0.11503619028288786,0.16936905507596675
4,8,14,True,5,Recon,6,Spoofing,0.04858617048833384,0.11955919529368698,0.03200187725743563
4,8,14,True,5,Recon,7,Web-Based,0.22379458867291938,0.21074988172970202,0.2377134043784918
4,8,14,True,6,Spoofing,0,Benign,0.09652360833522237,0.17916805093843793,0.15515672168342898
4,8,14,True,6,Spoofing,1,BruteForce,0.3622260053976958,0.15642718380852316,0.09402456146783492
4,8,14,True,6,Spoofing,2,DDoS,0.060409942863069076,0.06655673359315183,0.08721759719181094
4,8,14,True,6,Spoofing,3,DoS,0.05414756355032824,0.0395214920441251,0.07751984771762219
4,8,14,True,6,Spoofing,4,Mirai,0.07611176967051791,0.11432724735970154,0.15508192804945162
4,8,14,True,6,Spoofing,5,Recon,0.06175826957236582,0.12143252707925299,0.17753370357063722
4,8,14,True,6,Spoofing,6,Spoofing,0.05929577629372212,0.14223862694107056,0.03393015712444098
4,8,14,True,6,Spoofing,7,Web-Based,0.2295270643170787,0.18032813823573698,0.21953548319477323
4,8,14,True,7,Web-Based,0,Benign,0.09315704581942828,0.17643379436154,0.16189355912712247
4,8,14,True,7,Web-Based,1,BruteForce,0.3749212407031505,0.1575367294488549,0.10210076203622208
4,8,14,True,7,Web-Based,2,DDoS,0.06000404540168503,0.06910784869251504,0.10510760822241653
4,8,14,True,7,Web-Based,3,DoS,0.055828368177696965,0.03508227384620129,0.046255614517100856
4,8,14,True,7,Web-Based,4,Mirai,0.07515702705977576,0.11857283276740403,0.17585135880458092
4,8,14,True,7,Web-Based,5,Recon,0.058864270597415475,0.11124603538521043,0.15516483640281217
4,8,14,True,7,Web-Based,6,Spoofing,0.053539332841049836,0.1336168241633834,0.032388845509535816
4,8,14,True,7,Web-Based,7,Web-Based,0.22852866939979818,0.19840366133489098,0.22123741538020916
4,8,15,True,0,Benign,0,Benign,0.2614507687789119,0.1788508302752595,0.049839407048369984
4,8,15,True,0,Benign,1,BruteForce,0.17773916947068236,0.13098992648266652,0.031952746373506424
4,8,15,True,0,Benign,2,DDoS,0.03602674939138698,0.0850010641445119,0.5022519274526185
4,8,15,True,0,Benign,3,DoS,0.023555094851397798,0.08024838274894289,0.2867873313995385
4,8,15,True,0,Benign,4,Mirai,0.114208187595158,0.1112323801007998,0.03710599221636177
4,8,15,True,0,Benign,5,Recon,0.13990886590967785,0.11522219141094893,0.023070707372011598
4,8,15,True,0,Benign,6,Spoofing,0.09346294008122341,0.13586068289151756,0.03884810561062139
4,8,15,True,0,Benign,7,Web-Based,0.15364822392156166,0.16259454194535292,0.03014378252697195
4,8,15,True,1,BruteForce,0,Benign,0.2118432654030878,0.1436263404451095,0.05207551206555742
4,8,15,True,1,BruteForce,1,BruteForce,0.23105916160087928,0.2309220356915584,0.033464480183938446
4,8,15,True,1,BruteForce,2,DDoS,0.0398426758764221,0.0682583818224684,0.5329504797880963
4,8,15,True,1,BruteForce,3,DoS,0.022172504759160126,0.034751346031784265,0.2504226473607079
4,8,15,True,1,BruteForce,4,Mirai,0.1223553754680441,0.10961176165348141,0.03849186840165198
4,8,15,True,1,BruteForce,5,Recon,0.12104223327237774,0.08584535651961557,0.02265328635101351
4,8,15,True,1,BruteForce,6,Spoofing,0.08075088386414056,0.12248613975371549,0.03799244616487405
4,8,15,True,1,BruteForce,7,Web-Based,0.17093389975588838,0.20449863808226698,0.0319492796841605
4,8,15,True,2,DDoS,0,Benign,0.15420338367331993,0.08510242886274541,0.037558931196428384
4,8,15,True,2,DDoS,1,BruteForce,0.10734758870696838,0.045033832664913544,0.02688383215724133
4,8,15,True,2,DDoS,2,DDoS,0.29818105644695636,0.5323434244375039,0.7419043758520436
4,8,15,True,2,DDoS,3,DoS,0.033677307494082466,0.05494233773825653,0.10634900120256495
4,8,15,True,2,DDoS,4,Mirai,0.13430021783333487,0.09789794243589761,0.027500291863635604
4,8,15,True,2,DDoS,5,Recon,0.09950997499993121,0.06904367770641226,0.016731122419306972
4,8,15,True,2,DDoS,6,Spoofing,0.04980897981731832,0.05918648281822237,0.021729241659544984
4,8,15,True,2,DDoS,7,Web-Based,0.12297149102808858,0.05644987333604832,0.0213432036492342
4,8,15,True,3,DoS,0,Benign,0.08681175638918277,0.07168806209876236,0.02093062169185039
4,8,15,True,3,DoS,1,BruteForce,0.11389769903897311,0.0702365614320318,0.03937447271880717
4,8,15,True,3,DoS,2,DDoS,0.0644168697360991,0.09927522899873185,0.230983461552189
4,8,15,True,3,DoS,3,DoS,0.09203441196212842,0.5027849908784,0.6203742998024961
4,8,15,True,3,DoS,4,Mirai,0.338398585682068,0.09558310699642943,0.02558702906097365
4,8,15,True,3,DoS,5,Recon,0.07701862374548397,0.05083550430577814,0.016732501945439
4,8,15,True,3,DoS,6,Spoofing,0.07528082344593416,0.07993745386597619,0.022870721632670718
4,8,15,True,3,DoS,7,Web-Based,0.15214123000013058,0.02965909142389024,0.02314689159557398
4,8,15,True,4,Mirai,0,Benign,0.21631546200885388,0.14328471884533373,0.04918618415140519
4,8,15,True,4,Mirai,1,BruteForce,0.19233521355794395,0.1718775780658179,0.03309853823094742
4,8,15,True,4,Mirai,2,DDoS,0.04128377722947117,0.09068975196806366,0.5135747760258506
4,8,15,True,4,Mirai,3,DoS,0.02255078479024234,0.06581837773877497,0.2778038421421814
4,8,15,True,4,Mirai,4,Mirai,0.19071901044474832,0.15051987813299145,0.039747188923165984
4,8,15,True,4,Mirai,5,Recon,0.10200524585367968,0.08488829921066714,0.018826301336706326
4,8,15,True,4,Mirai,6,Spoofing,0.08507429085781254,0.1216417518533537,0.03737634189122307
4,8,15,True,4,Mirai,7,Web-Based,0.14971621525724818,0.1712796441849975,0.030386827298520075
4,8,15,True,5,Recon,0,Benign,0.20016327480243754,0.14277193636064017,0.05231090400242893
4,8,15,True,5,Recon,1,BruteForce,0.2297256446588485,0.1997865648905497,0.03487046593706778
4,8,15,True,5,Recon,2,DDoS,0.03766231430367562,0.06759311452692127,0.5151354536604092
4,8,15,True,5,Recon,3,DoS,0.02269931856140966,0.03682030754244367,0.26560072345031455
4,8,15,True,5,Recon,4,Mirai,0.10728954794621165,0.10768280937316818,0.0376412932965182
4,8,15,True,5,Recon,5,Recon,0.15446711934057386,0.11503619028288786,0.022822761923066533
4,8,15,True,5,Recon,6,Spoofing,0.07641939819104135,0.11955919529368698,0.039236306790337246
4,8,15,True,5,Recon,7,Web-Based,0.17157338219580173,0.21074988172970202,0.03238209093985765
4,8,15,True,6,Spoofing,0,Benign,0.23190416212988604,0.17916805093843793,0.04989348536388863
4,8,15,True,6,Spoofing,1,BruteForce,0.18655178065610625,0.15642718380852316,0.03188649971154166
4,8,15,True,6,Spoofing,2,DDoS,0.03399564227114097,0.06655673359315183,0.48386588385254226
4,8,15,True,6,Spoofing,3,DoS,0.020467720839647114,0.0395214920441251,0.30516149358828903
4,8,15,True,6,Spoofing,4,Mirai,0.1171097838515448,0.11432724735970154,0.03665031104580393
4,8,15,True,6,Spoofing,5,Recon,0.14176327218326026,0.12143252707925299,0.021957736856461973
4,8,15,True,6,Spoofing,6,Spoofing,0.10697974561126622,0.14223862694107056,0.0405992718729204
4,8,15,True,6,Spoofing,7,Web-Based,0.1612278924571484,0.18032813823573698,0.029985317708552225
4,8,15,True,7,Web-Based,0,Benign,0.23574843821369332,0.17643379436154,0.055652764274874436
4,8,15,True,7,Web-Based,1,BruteForce,0.198530006040532,0.1575367294488549,0.030874757337916416
4,8,15,True,7,Web-Based,2,DDoS,0.03543464856204649,0.06910784869251504,0.5642708408093295
4,8,15,True,7,Web-Based,3,DoS,0.020779341288741145,0.03508227384620129,0.21004699373683333
4,8,15,True,7,Web-Based,4,Mirai,0.1307283356973341,0.11857283276740403,0.039571216454673305
4,8,15,True,7,Web-Based,5,Recon,0.13082445188939631,0.11124603538521043,0.02516263858178125
4,8,15,True,7,Web-Based,6,Spoofing,0.08576623866621436,0.1336168241633834,0.0418851396147757
4,8,15,True,7,Web-Based,7,Web-Based,0.1621885396420423,0.19840366133489098,0.032535649189816065
4,8,16,False,0,Benign,0,Benign,0.5534238702869202,0.1788508302752595,0.5289869720531107
4,8,16,False,0,Benign,1,BruteForce,0.021123526863768893,0.13098992648266652,0.022867332490681114
4,8,16,False,0,Benign,2,DDoS,0.14208787621546626,0.0850010641445119,0.16887718426678153
4,8,16,False,0,Benign,3,DoS,0.02653897174875222,0.08024838274894289,0.051841357131975206
4,8,16,False,0,Benign,4,Mirai,0.01732330996482445,0.1112323801007998,0.01948582065520686
4,8,16,False,0,Benign,5,Recon,0.024693468307971266,0.11522219141094893,0.023208244931691616
4,8,16,False,0,Benign,6,Spoofing,0.12534313729431656,0.13586068289151756,0.1089540888176844
4,8,16,False,0,Benign,7,Web-Based,0.08946583931798009,0.16259454194535292,0.07577899965286862
4,8,16,False,1,BruteForce,0,Benign,0.5445168871373883,0.1436263404451095,0.5744545563340866
4,8,16,False,1,BruteForce,1,BruteForce,0.02956566963678926,0.2309220356915584,0.023981889028737272
4,8,16,False,1,BruteForce,2,DDoS,0.12087065659967107,0.0682583818224684,0.12414438639312116
4,8,16,False,1,BruteForce,3,DoS,0.019215157268205628,0.034751346031784265,0.031614801917984124
4,8,16,False,1,BruteForce,4,Mirai,0.018935637798780564,0.10961176165348141,0.0186004018028425
4,8,16,False,1,BruteForce,5,Recon,0.021565053721381396,0.08584535651961557,0.023643384612350504
4,8,16,False,1,BruteForce,6,Spoofing,0.13098280094918507,0.12248613975371549,0.11807850717401792
4,8,16,False,1,BruteForce,7,Web-Based,0.11434813688859863,0.20449863808226698,0.08548207273686008
4,8,16,False,2,DDoS,0,Benign,0.1622315583334086,0.08510242886274541,0.1741260159576502
4,8,16,False,2,DDoS,1,BruteForce,0.012317305706789296,0.045033832664913544,0.020852015820541595
4,8,16,False,2,DDoS,2,DDoS,0.7139955254801309,0.5323434244375039,0.6737905432890671
4,8,16,False,2,DDoS,3,DoS,0.017051531218215697,0.05494233773825653,0.028548930532557998
4,8,16,False,2,DDoS,4,Mirai,0.008917231316386148,0.09789794243589761,0.014523519766539204
4,8,16,False,2,DDoS,5,Recon,0.010353159551688817,0.06904367770641226,0.012179546227798073
4,8,16,False,2,DDoS,6,Spoofing,0.03841338453412353,0.05918648281822237,0.04110077740829184
4,8,16,False,2,DDoS,7,Web-Based,0.03672030385925707,0.05644987333604832,0.03487865099755404
4,8,16,False,3,DoS,0,Benign,0.07587829703792798,0.07168806209876236,0.14296338459993616
4,8,16,False,3,DoS,1,BruteForce,0.012298161144027946,0.0702365614320318,0.028642659897336577
4,8,16,False,3,DoS,2,DDoS,0.2691665918570967,0.09927522899873185,0.3066166315495205
4,8,16,False,3,DoS,3,DoS,0.5638624116565161,0.5027849908784,0.39191929596958774
4,8,16,False,3,DoS,4,Mirai,0.0077597683701882076,0.09558310699642943,0.017658223094010092
4,8,16,False,3,DoS,5,Recon,0.00863603037346758,0.05083550430577814,0.013790035974995387
4,8,16,False,3,DoS,6,Spoofing,0.037658128952301737,0.07993745386597619,0.05532115693381596
4,8,16,False,3,DoS,7,Web-Based,0.024740610608473764,0.02965909142389024,0.0430886119807976
4,8,16,False,4,Mirai,0,Benign,0.5022678756632233,0.14328471884533373,0.5206070171457508
4,8,16,False,4,Mirai,1,BruteForce,0.024282491425350067,0.1718775780658179,0.023978315131557546
4,8,16,False,4,Mirai,2,DDoS,0.18946300892042045,0.09068975196806366,0.1769630014019333
4,8,16,False,4,Mirai,3,DoS,0.040376347181220504,0.06581837773877497,0.05453570918791254
4,8,16,False,4,Mirai,4,Mirai,0.018347590337521553,0.15051987813299145,0.01941199305439611
4,8,16,False,4,Mirai,5,Recon,0.019641581500707796,0.08488829921066714,0.02135227064962333
4,8,16,False,4,Mirai,6,Spoofing,0.11779427026785415,0.1216417518533537,0.1063665389238147
4,8,16,False,4,Mirai,7,Web-Based,0.08782683470370223,0.1712796441849975,0.07678515450501171
4,8,16,False,5,Recon,0,Benign,0.5460048070992549,0.14277193636064017,0.5716181821311552
4,8,16,False,5,Recon,1,BruteForce,0.028778563958321082,0.1997865648905497,0.024593033053676886
4,8,16,False,5,Recon,2,DDoS,0.11484688508706876,0.06759311452692127,0.12484120043291991
4,8,16,False,5,Recon,3,DoS,0.02152073960827778,0.03682030754244367,0.03375637061389429
4,8,16,False,5,Recon,4,Mirai,0.018176655375536817,0.10768280937316818,0.01840659021605707
4,8,16,False,5,Recon,5,Recon,0.031278605139974804,0.11503619028288786,0.02445099893113418
4,8,16,False,5,Recon,6,Spoofing,0.12202670472910077,0.11955919529368698,0.1158587790935409
4,8,16,False,5,Recon,7,Web-Based,0.11736703900246506,0.21074988172970202,0.08647484552762154
4,8,16,False,6,Spoofing,0,Benign,0.5550825880750203,0.17916805093843793,0.5684098316127797
4,8,16,False,6,Spoofing,1,BruteForce,0.022841644339097036,0.15642718380852316,0.022899105575981814
4,8,16,False,6,Spoofing,2,DDoS,0.10129781154632346,0.06655673359315183,0.11984449504853653
4,8,16,False,6,Spoofing,3,DoS,0.018628778766303273,0.0395214920441251,0.04571222361566175
4,8,16,False,6,Spoofing,4,Mirai,0.018220495361032037,0.11432724735970154,0.019652787043212223
4,8,16,False,6,Spoofing,5,Recon,0.025163345338441914,0.12143252707925299,0.02456865175624679
4,8,16,False,6,Spoofing,6,Spoofing,0.1618241058853098,0.14223862694107056,0.11996086300199292
4,8,16,False,6,Spoofing,7,Web-Based,0.09694123068847219,0.18032813823573698,0.0789520423455883
4,8,16,False,7,Web-Based,0,Benign,0.5663777334366158,0.17643379436154,0.5714476609725303
4,8,16,False,7,Web-Based,1,BruteForce,0.024062241463178757,0.1575367294488549,0.023310026981546425
4,8,16,False,7,Web-Based,2,DDoS,0.11447977362403151,0.06910784869251504,0.1346747131750776
4,8,16,False,7,Web-Based,3,DoS,0.018702030304231666,0.03508227384620129,0.03355962287673245
4,8,16,False,7,Web-Based,4,Mirai,0.01907294154669104,0.11857283276740403,0.019237949411600824
4,8,16,False,7,Web-Based,5,Recon,0.02316832591482833,0.11124603538521043,0.02394913990804512
4,8,16,False,7,Web-Based,6,Spoofing,0.12982156561676894,0.1336168241633834,0.11199076947497222
4,8,16,False,7,Web-Based,7,Web-Based,0.10431538809365402,0.19840366133489098,0.08183011719949508
4,8,17,True,0,Benign,0,Benign,0.07840886539145496,0.1788508302752595,0.286889015939312
4,8,17,True,0,Benign,1,BruteForce,0.2864204731721359,0.13098992648266652,0.014141176556226539
4,8,17,True,0,Benign,2,DDoS,0.06451170861409941,0.0850010641445119,0.03934222345283236
4,8,17,True,0,Benign,3,DoS,0.07559763916983807,0.08024838274894289,0.07510850393543397
4,8,17,True,0,Benign,4,Mirai,0.08421136717215341,0.1112323801007998,0.4623639116782699
4,8,17,True,0,Benign,5,Recon,0.05843067149588135,0.11522219141094893,0.012580999550135604
4,8,17,True,0,Benign,6,Spoofing,0.06017783439232981,0.13586068289151756,0.01989494697695438
4,8,17,True,0,Benign,7,Web-Based,0.2922414405921071,0.16259454194535292,0.08967922191083538
4,8,17,True,1,BruteForce,0,Benign,0.07393456224552991,0.1436263404451095,0.26788477225842416
4,8,17,True,1,BruteForce,1,BruteForce,0.28880193561219125,0.2309220356915584,0.01355950147760995
4,8,17,True,1,BruteForce,2,DDoS,0.06144478129692931,0.0682583818224684,0.023824451384301438
4,8,17,True,1,BruteForce,3,DoS,0.0763846856601487,0.034751346031784265,0.021147476688527626
4,8,17,True,1,BruteForce,4,Mirai,0.08611625227541385,0.10961176165348141,0.5076466959494363
4,8,17,True,1,BruteForce,5,Recon,0.05632881695231279,0.08584535651961557,0.01194216929091869
4,8,17,True,1,BruteForce,6,Spoofing,0.05880289862620957,0.12248613975371549,0.021224212398854504
4,8,17,True,1,BruteForce,7,Web-Based,0.2981860673312645,0.20449863808226698,0.1327707205519274
4,8,17,True,2,DDoS,0,Benign,0.08204861781222174,0.08510242886274541,0.09965223464425019
4,8,17,True,2,DDoS,1,BruteForce,0.28771597927298304,0.045033832664913544,0.016912555800301876
4,8,17,True,2,DDoS,2,DDoS,0.07234082678404027,0.5323434244375039,0.5916063038604549
4,8,17,True,2,DDoS,3,DoS,0.07681713900209698,0.05494233773825653,0.059647025808189195
4,8,17,True,2,DDoS,4,Mirai,0.08441504302642157,0.09789794243589761,0.16515504529755384
4,8,17,True,2,DDoS,5,Recon,0.06177172993854468,0.06904367770641226,0.010300366663951063
4,8,17,True,2,DDoS,6,Spoofing,0.058042617952424665,0.05918648281822237,0.011752445730340406
4,8,17,True,2,DDoS,7,Web-Based,0.27684804621126696,0.05644987333604832,0.04497402219495862
4,8,17,True,3,DoS,0,Benign,0.06953204870920508,0.07168806209876236,0.05992432340690582
4,8,17,True,3,DoS,1,BruteForce,0.29835223129570904,0.0702365614320318,0.02264921063857181
4,8,17,True,3,DoS,2,DDoS,0.0705935370108368,0.09927522899873185,0.09107857185936827
4,8,17,True,3,DoS,3,DoS,0.08947761182223796,0.5027849908784,0.6004928338303238
4,8,17,True,3,DoS,4,Mirai,0.08722360032335717,0.09558310699642943,0.16149540713187366
4,8,17,True,3,DoS,5,Recon,0.05123719449146985,0.05083550430577814,0.011963184394358726
4,8,17,True,3,DoS,6,Spoofing,0.06279605338908191,0.07993745386597619,0.014793874814484666
4,8,17,True,3,DoS,7,Web-Based,0.2707877229581022,0.02965909142389024,0.037602593924113276
4,8,17,True,4,Mirai,0,Benign,0.07435319271551112,0.14328471884533373,0.24452659773493632
4,8,17,True,4,Mirai,1,BruteForce,0.28808897409508905,0.1718775780658179,0.012452768444411106
4,8,17,True,4,Mirai,2,DDoS,0.06458625677735708,0.09068975196806366,0.02989616356771772
4,8,17,True,4,Mirai,3,DoS,0.07677127568742187,0.06581837773877497,0.03160659118771453
4,8,17,True,4,Mirai,4,Mirai,0.08798339838771219,0.15051987813299145,0.5618601648015825
4,8,17,True,4,Mirai,5,Recon,0.05551064965372782,0.08488829921066714,0.011154268779432132
4,8,17,True,4,Mirai,6,Spoofing,0.06049205378489715,0.1216417518533537,0.01860752929236095
4,8,17,True,4,Mirai,7,Web-Based,0.2922141988982838,0.1712796441849975,0.0898959161918447
4,8,17,True,5,Recon,0,Benign,0.07283246822642724,0.14277193636064017,0.25952094279778837
4,8,17,True,5,Recon,1,BruteForce,0.2886116356857689,0.1997865648905497,0.013930722871897163
4,8,17,True,5,Recon,2,DDoS,0.06146093857860949,0.06759311452692127,0.02460110721417558
4,8,17,True,5,Recon,3,DoS,0.07668624308796325,0.03682030754244367,0.026782891227141448
4,8,17,True,5,Recon,4,Mirai,0.0865588513701886,0.10768280937316818,0.5082181784870103
4,8,17,True,5,Recon,5,Recon,0.056778336459008476,0.11503619028288786,0.011940778991640274
4,8,17,True,5,Recon,6,Spoofing,0.0571935418424224,0.11955919529368698,0.02098337634349378
4,8,17,True,5,Recon,7,Web-Based,0.29987798474961147,0.21074988172970202,0.1340220020668531
4,8,17,True,6,Spoofing,0,Benign,0.0775714107044991,0.17916805093843793,0.302606185767156
4,8,17,True,6,Spoofing,1,BruteForce,0.28534491430995723,0.15642718380852316,0.013507241985149722
4,8,17,True,6,Spoofing,2,DDoS,0.06343953668667587,0.06655673359315183,0.025089976437142267
4,8,17,True,6,Spoofing,3,DoS,0.07478058703668294,0.0395214920441251,0.04117615354337931
4,8,17,True,6,Spoofing,4,Mirai,0.08531806773810613,0.11432724735970154,0.48033069048874455
4,8,17,True,6,Spoofing,5,Recon,0.058922165811968547,0.12143252707925299,0.013000229641819839
4,8,17,True,6,Spoofing,6,Spoofing,0.062135690024493886,0.14223862694107056,0.021249318788605573
4,8,17,True,6,Spoofing,7,Web-Based,0.2924876276876164,0.18032813823573698,0.10304020334800273
4,8,17,True,7,Web-Based,0,Benign,0.07630843080296593,0.17643379436154,0.28968093350244056
4,8,17,True,7,Web-Based,1,BruteForce,0.2828058860328196,0.1575367294488549,0.013761211173983294
4,8,17,True,7,Web-Based,2,DDoS,0.06252952438631255,0.06910784869251504,0.027595103491214332
4,8,17,True,7,Web-Based,3,DoS,0.07498502244985265,0.03508227384620129,0.021580846561655005
4,8,17,True,7,Web-Based,4,Mirai,0.08670310296521971,0.11857283276740403,0.5045295700101171
4,8,17,True,7,Web-Based,5,Recon,0.058378522558596574,0.11124603538521043,0.012630118921325022
4,8,17,True,7,Web-Based,6,Spoofing,0.0595987627558528,0.1336168241633834,0.020622524472812886
4,8,17,True,7,Web-Based,7,Web-Based,0.2986907480483802,0.19840366133489098,0.10959969186645173
4,8,18,True,0,Benign,0,Benign,0.07856982324779148,0.1788508302752595,0.06003669693124527
4,8,18,True,0,Benign,1,BruteForce,0.33603121289436705,0.13098992648266652,0.015925282420627428
4,8,18,True,0,Benign,2,DDoS,0.07594344890026118,0.0850010641445119,0.1752512081883567
4,8,18,True,0,Benign,3,DoS,0.06336958941440572,0.08024838274894289,0.05925209115095998
4,8,18,True,0,Benign,4,Mirai,0.07039643307078526,0.1112323801007998,0.2680656923199855
4,8,18,True,0,Benign,5,Recon,0.05846049035442145,0.11522219141094893,0.10830681306316478
4,8,18,True,0,Benign,6,Spoofing,0.06273304561631514,0.13586068289151756,0.1953149492678493
4,8,18,True,0,Benign,7,Web-Based,0.25449595650165274,0.16259454194535292,0.11784726665781116
4,8,18,True,1,BruteForce,0,Benign,0.07154728112375,0.1436263404451095,0.05985143394031293
4,8,18,True,1,BruteForce,1,BruteForce,0.3564508948734306,0.2309220356915584,0.015592786599150038
4,8,18,True,1,BruteForce,2,DDoS,0.07402989472963463,0.0682583818224684,0.1289359280752761
4,8,18,True,1,BruteForce,3,DoS,0.06515550864135036,0.034751346031784265,0.02215712225230054
4,8,18,True,1,BruteForce,4,Mirai,0.06836728246440585,0.10961176165348141,0.317016468517998
4,8,18,True,1,BruteForce,5,Recon,0.05361706025771666,0.08584535651961557,0.11847456578080608
4,8,18,True,1,BruteForce,6,Spoofing,0.05919608193304072,0.12248613975371549,0.18611693944709506
4,8,18,True,1,BruteForce,7,Web-Based,0.2516359959766712,0.20449863808226698,0.15185475538706122
4,8,18,True,2,DDoS,0,Benign,0.08256639364504946,0.08510242886274541,0.029062631855855094
4,8,18,True,2,DDoS,1,BruteForce,0.2983070951417726,0.045033832664913544,0.016288194304989984
4,8,18,True,2,DDoS,2,DDoS,0.07951440023347055,0.5323434244375039,0.6648201106739219
4,8,18,True,2,DDoS,3,DoS,0.07260980762392633,0.05494233773825653,0.034976272066712825
4,8,18,True,2,DDoS,4,Mirai,0.07658584983906813,0.09789794243589761,0.096397978138924
4,8,18,True,2,DDoS,5,Recon,0.06918171757790394,0.06904367770641226,0.05429758367867338
4,8,18,True,2,DDoS,6,Spoofing,0.06129999308611161,0.05918648281822237,0.056696095005218945
4,8,18,True,2,DDoS,7,Web-Based,0.25993474285269735,0.05644987333604832,0.047461134275703955
4,8,18,True,3,DoS,0,Benign,0.061000101227426544,0.07168806209876236,0.02066310555668643
4,8,18,True,3,DoS,1,BruteForce,0.3049703343433714,0.0702365614320318,0.023275818268509742
4,8,18,True,3,DoS,2,DDoS,0.08387018256312812,0.09927522899873185,0.258822317646216
4,8,18,True,3,DoS,3,DoS,0.10440001657430537,0.5027849908784,0.4234930144571863
4,8,18,True,3,DoS,4,Mirai,0.08340446953309316,0.09558310699642943,0.09426692062515364
4,8,18,True,3,DoS,5,Recon,0.04962728727201892,0.05083550430577814,0.039583359254818457
4,8,18,True,3,DoS,6,Spoofing,0.06249072682381051,0.07993745386597619,0.08592159588391285
4,8,18,True,3,DoS,7,Web-Based,0.2502368816628461,0.02965909142389024,0.05397386830751663
4,8,18,True,4,Mirai,0,Benign,0.0728688840215471,0.14328471884533373,0.05628407963491555
4,8,18,True,4,Mirai,1,BruteForce,0.3440217027449728,0.1718775780658179,0.01544059660104304
4,8,18,True,4,Mirai,2,DDoS,0.07698379375180324,0.09068975196806366,0.15448560210473708
4,8,18,True,4,Mirai,3,DoS,0.06560519164091995,0.06581837773877497,0.04912073475735243
4,8,18,True,4,Mirai,4,Mirai,0.07576995250313914,0.15051987813299145,0.3346982396821286
4,8,18,True,4,Mirai,5,Recon,0.05295718316441848,0.08488829921066714,0.09483282830803735
4,8,18,True,4,Mirai,6,Spoofing,0.061421717682057946,0.1216417518533537,0.17399327749416404
4,8,18,True,4,Mirai,7,Web-Based,0.2503715744911414,0.1712796441849975,0.12114464141762199
4,8,18,True,5,Recon,0,Benign,0.07012244934755235,0.14277193636064017,0.05812312447001411
4,8,18,True,5,Recon,1,BruteForce,0.3588239067392072,0.1997865648905497,0.015691333544148797
4,8,18,True,5,Recon,2,DDoS,0.07346804468791591,0.06759311452692127,0.122115431082052
4,8,18,True,5,Recon,3,DoS,0.06575088987442275,0.03682030754244367,0.022574914676715394
4,8,18,True,5,Recon,4,Mirai,0.06772519579173181,0.10768280937316818,0.3151549157088511
4,8,18,True,5,Recon,5,Recon,0.054532201147623395,0.11503619028288786,0.13887600447012433
4,8,18,True,5,Recon,6,Spoofing,0.056888831492962075,0.11955919529368698,0.17694869786890408
4,8,18,True,5,Recon,7,Web-Based,0.25268848091858453,0.21074988172970202,0.15051557817919023
4,8,18,True,6,Spoofing,0,Benign,0.076519325632147,0.17916805093843793,0.06170834865848539
4,8,18,True,6,Spoofing,1,BruteForce,0.3362158789317422,0.15642718380852316,0.015800834351637857
4,8,18,True,6,Spoofing,2,DDoS,0.07371334800480281,0.06655673359315183,0.1232908717829644
4,8,18,True,6,Spoofing,3,DoS,0.06222605035349093,0.0395214920441251,0.04271692378464614
4,8,18,True,6,Spoofing,4,Mirai,0.07150391487812556,0.11432724735970154,0.2729913861731602
4,8,18,True,6,Spoofing,5,Recon,0.05938207322061673,0.12143252707925299,0.11501973307918247
4,8,18,True,6,Spoofing,6,Spoofing,0.06452753541093631,0.14223862694107056,0.23591856384237125
4,8,18,True,6,Spoofing,7,Web-Based,0.2559118735681385,0.18032813823573698,0.13255333832755234
4,8,18,True,7,Web-Based,0,Benign,0.0746343435543201,0.17643379436154,0.06290869206457517
4,8,18,True,7,Web-Based,1,BruteForce,0.34318973571775535,0.1575367294488549,0.015319260554912553
4,8,18,True,7,Web-Based,2,DDoS,0.07365413393449684,0.06910784869251504,0.14188922350994165
4,8,18,True,7,Web-Based,3,DoS,0.06381062550974657,0.03508227384620129,0.02459099334319162
4,8,18,True,7,Web-Based,4,Mirai,0.0705206876148337,0.11857283276740403,0.31275061179402036
4,8,18,True,7,Web-Based,5,Recon,0.05700586450896719,0.11124603538521043,0.11708161224186986
4,8,18,True,7,Web-Based,6,Spoofing,0.06066552655923536,0.1336168241633834,0.1881912653758733
4,8,18,True,7,Web-Based,7,Web-Based,0.25651908260064493,0.19840366133489098,0.13726834111561545
4,8,19,False,0,Benign,0,Benign,0.10074223944250517,0.1788508302752595,0.08823387665806656
4,8,19,False,0,Benign,1,BruteForce,0.01119221199088658,0.13098992648266652,0.01888932090882132
4,8,19,False,0,Benign,2,DDoS,0.27231334994040823,0.0850010641445119,0.2429632693628746
4,8,19,False,0,Benign,3,DoS,0.05750782239937565,0.08024838274894289,0.08348141086570714
4,8,19,False,0,Benign,4,Mirai,0.01569763133038961,0.1112323801007998,0.019610591700312093
4,8,19,False,0,Benign,5,Recon,0.15930797173476244,0.11522219141094893,0.17813600008336025
4,8,19,False,0,Benign,6,Spoofing,0.3678967071860746,0.13586068289151756,0.3497237577388485
4,8,19,False,0,Benign,7,Web-Based,0.015342065975597763,0.16259454194535292,0.018961772682009412
4,8,19,False,1,BruteForce,0,Benign,0.10743254293232118,0.1436263404451095,0.09913790567731263
4,8,19,False,1,BruteForce,1,BruteForce,0.013188880388861094,0.2309220356915584,0.018064839186361405
4,8,19,False,1,BruteForce,2,DDoS,0.2818876541555083,0.0682583818224684,0.20349844104536582
4,8,19,False,1,BruteForce,3,DoS,0.017281744257382187,0.034751346031784265,0.02784390523462867
4,8,19,False,1,BruteForce,4,Mirai,0.017813104382143553,0.10961176165348141,0.01950739318485699
4,8,19,False,1,BruteForce,5,Recon,0.1359969003422458,0.08584535651961557,0.2187069857341637
4,8,19,False,1,BruteForce,6,Spoofing,0.4100134488896761,0.12248613975371549,0.3939871007678026
4,8,19,False,1,BruteForce,7,Web-Based,0.016385724651861767,0.20449863808226698,0.019253429169508115
4,8,19,False,2,DDoS,0,Benign,0.030095519976466267,0.08510242886274541,0.03767276258733159
4,8,19,False,2,DDoS,1,BruteForce,0.007450667139250934,0.045033832664913544,0.016056824115162807
4,8,19,False,2,DDoS,2,DDoS,0.7575056358858245,0.5323434244375039,0.6882905537192153
4,8,19,False,2,DDoS,3,DoS,0.03633068379737588,0.05494233773825653,0.048163516725315256
4,8,19,False,2,DDoS,4,Mirai,0.007711646366022369,0.09789794243589761,0.016534657503638764
4,8,19,False,2,DDoS,5,Recon,0.0662134427088605,0.06904367770641226,0.07958947246139361
4,8,19,False,2,DDoS,6,Spoofing,0.08826247079990061,0.05918648281822237,0.10282389900793108
4,8,19,False,2,DDoS,7,Web-Based,0.006429933326298847,0.05644987333604832,0.010868313880011578
4,8,19,False,3,DoS,0,Benign,0.01434535126292718,0.07168806209876236,0.020026217259025727
4,8,19,False,3,DoS,1,BruteForce,0.010045879036761593,0.0702365614320318,0.025034336214780212
4,8,19,False,3,DoS,2,DDoS,0.1839817492577538,0.09927522899873185,0.20879855364634697
4,8,19,False,3,DoS,3,DoS,0.6873209558056325,0.5027849908784,0.5733914465592493
4,8,19,False,3,DoS,4,Mirai,0.005648873921796328,0.09558310699642943,0.015936369513321242
4,8,19,False,3,DoS,5,Recon,0.03412378671761795,0.05083550430577814,0.0464978550774566
4,8,19,False,3,DoS,6,Spoofing,0.059110875730977654,0.07993745386597619,0.09841889403122607
4,8,19,False,3,DoS,7,Web-Based,0.005422528266532985,0.02965909142389024,0.011896327698594002
4,8,19,False,4,Mirai,0,Benign,0.09436443500662801,0.14328471884533373,0.09167101573892925
4,8,19,False,4,Mirai,1,BruteForce,0.012339105462098038,0.1718775780658179,0.019798226119701657
4,8,19,False,4,Mirai,2,DDoS,0.3744012731542665,0.09068975196806366,0.2596567372868506
4,8,19,False,4,Mirai,3,DoS,0.04617640666575517,0.06581837773877497,0.07104045203391178
4,8,19,False,4,Mirai,4,Mirai,0.01794623666711044,0.15051987813299145,0.021280885764181936
4,8,19,False,4,Mirai,5,Recon,0.11036830015365097,0.08488829921066714,0.16300272388462222
4,8,19,False,4,Mirai,6,Spoofing,0.3305451897431969,0.1216417518533537,0.35435016413821613
4,8,19,False,4,Mirai,7,Web-Based,0.013859053147293932,0.1712796441849975,0.019199795033586476
4,8,19,False,5,Recon,0,Benign,0.1088861192152244,0.14277193636064017,0.09760074570728806
4,8,19,False,5,Recon,1,BruteForce,0.01247284719507092,0.1997865648905497,0.01785633303978797
4,8,19,False,5,Recon,2,DDoS,0.2611628608423821,0.06759311452692127,0.1952643830935358
4,8,19,False,5,Recon,3,DoS,0.020178006927724566,0.03682030754244367,0.02951280555912488
4,8,19,False,5,Recon,4,Mirai,0.016270195238157727,0.10768280937316818,0.019269203289343086
4,8,19,False,5,Recon,5,Recon,0.20872168485589693,0.11503619028288786,0.24910730652688962
4,8,19,False,5,Recon,6,Spoofing,0.3550584371126686,0.11955919529368698,0.37247809202891285
4,8,19,False,5,Recon,7,Web-Based,0.017249848612874843,0.21074988172970202,0.018911130755117668
4,8,19,False,6,Spoofing,0,Benign,0.10372439337332752,0.17916805093843793,0.09459257177217283
4,8,19,False,6,Spoofing,1,BruteForce,0.010775111304143867,0.15642718380852316,0.018608910498152272
4,8,19,False,6,Spoofing,2,DDoS,0.22453505044636232,0.06655673359315183,0.18479530680509787
4,8,19,False,6,Spoofing,3,DoS,0.02688008439626429,0.0395214920441251,0.06258030746707754
4,8,19,False,6,Spoofing,4,Mirai,0.015666665923880732,0.11432724735970154,0.01943747529338753
4,8,19,False,6,Spoofing,5,Recon,0.1800945022682538,0.12143252707925299,0.19519971533553404
4,8,19,False,6,Spoofing,6,Spoofing,0.4225253213957773,0.14223862694107056,0.405441605634872
4,8,19,False,6,Spoofing,7,Web-Based,0.015798870891990186,0.18032813823573698,0.01934410719370588
4,8,19,False,7,Web-Based,0,Benign,0.10932051789672638,0.17643379436154,0.1007990821887821
4,8,19,False,7,Web-Based,1,BruteForce,0.011512565367259905,0.1575367294488549,0.018501421292924862
4,8,19,False,7,Web-Based,2,DDoS,0.29935125639274435,0.06910784869251504,0.2250672477616476
4,8,19,False,7,Web-Based,3,DoS,0.019607587980771,0.03508227384620129,0.03364515979787337
4,8,19,False,7,Web-Based,4,Mirai,0.01772383357788838,0.11857283276740403,0.019942477727555873
4,8,19,False,7,Web-Based,5,Recon,0.16090447010000122,0.11124603538521043,0.2106561159097662
4,8,19,False,7,Web-Based,6,Spoofing,0.36518593825535123,0.1336168241633834,0.37142243101012146
4,8,19,False,7,Web-Based,7,Web-Based,0.016393830429257576,0.19840366133489098,0.01996606431132858
