check_name,passed,detail
c2_tag_resolves,True,55b84ddfb22ac696639e154b096aa9ee2f96bc9b
c2_tag_is_ancestor,True,55b84ddfb22ac696639e154b096aa9ee2f96bc9b
exists_task45_coalition_manifest.csv,True,C:\Users\Amm\LFighter-research\results\cic_iot_diad_task45_c1_coalitions_v416\tables\task45_coalition_manifest.csv
exists_task45c2_run_metadata.json,True,C:\Users\Amm\LFighter-research\results\cic_iot_diad_task45_c2_seed7_v416\task45c2_run_metadata.json
exists_task45c3_run_metadata.json,True,C:\Users\Amm\LFighter-research\results\cic_iot_diad_task45_c3_multiseed_v416\task45c3_run_metadata.json
exists_task45c3_progress.csv,True,C:\Users\Amm\LFighter-research\results\cic_iot_diad_task45_c3_multiseed_v416\task45c3_progress.csv
manifest_rows,True,18
manifest_families,True,['A_development_anchor' 'B_hash_ranked' 'C_hash_ranked']
manifest_sizes,True,[ 1  2  4  6  8 10]
manifest_hashes_unique,True,18
c2_seed,True,7
c2_conditions,True,18
c2_pairs,True,36
c2_no_reserved,True,False
c3_seeds,True,"[99, 123, 2026]"
c3_conditions,True,54
c3_pairs,True,108
c3_not_dry,True,False
c3_no_reserved,True,False
c3_progress_rows,True,54
c3_progress_complete,True,{True: 54}
c3_progress_seeds,True,[  99  123 2026]
A_development_anchor_01_seed7_marker_exists,True,C:\Users\Amm\LFighter-research\results\cic_iot_diad_task45_c2_seed7_v416\A_development_anchor\size_01\seed_7\_task45_condition_complete.json
A_development_anchor_01_seed7_plain_meta_exists,True,C:\Users\Amm\LFighter-research\results\cic_iot_diad_task45_c2_seed7_v416\A_development_anchor\size_01\seed_7\plain_attack\post_warmup_capture_v310_metadata.json
A_development_anchor_01_seed7_defense_meta_exists,True,C:\Users\Amm\LFighter-research\results\cic_iot_diad_task45_c2_seed7_v416\A_development_anchor\size_01\seed_7\trusted_reconstruction\trusted_update_reconstruction_v312_metadata.json
A_development_anchor_01_seed7_plain_adapter_exists,True,C:\Users\Amm\LFighter-research\results\cic_iot_diad_task45_c2_seed7_v416\A_development_anchor\size_01\seed_7\plain_attack\task45_dev_only_adapter_manifest.json
A_development_anchor_01_seed7_defense_adapter_exists,True,C:\Users\Amm\LFighter-research\results\cic_iot_diad_task45_c2_seed7_v416\A_development_anchor\size_01\seed_7\trusted_reconstruction\task45_dev_only_adapter_manifest.json
A_development_anchor_01_seed7_plain_npz_exists,True,C:\Users\Amm\LFighter-research\results\cic_iot_diad_task45_c2_seed7_v416\A_development_anchor\size_01\seed_7\plain_attack\attack_manifest\poisoned_indices.npz
A_development_anchor_01_seed7_defense_npz_exists,True,C:\Users\Amm\LFighter-research\results\cic_iot_diad_task45_c2_seed7_v416\A_development_anchor\size_01\seed_7\trusted_reconstruction\attack_manifest\poisoned_indices.npz
A_development_anchor_01_seed7_plain_table_exists,True,C:\Users\Amm\LFighter-research\results\cic_iot_diad_task45_c2_seed7_v416\A_development_anchor\size_01\seed_7\plain_attack\tables\continuation_round_metrics.csv
A_development_anchor_01_seed7_defense_table_exists,True,C:\Users\Amm\LFighter-research\results\cic_iot_diad_task45_c2_seed7_v416\A_development_anchor\size_01\seed_7\trusted_reconstruction\tables\reconstruction_round_metrics.csv
A_development_anchor_01_seed7_marker_complete,True,True
A_development_anchor_01_seed7_marker_identity,True,"{'experiment_version': '4.16.C2', 'family_id': 'A_development_anchor', 'coalition_size': 1, 'selected_clients': '7', 'coalition_hash_sha256': '29e2e7d57a2211f44077d1017c6354cdd6378fdd5b035e65f96150053e8eb0f3', 'seed': 7, 'plain_poison_semantic_sha256': '6f09b421c32aa6e697f44a61121b7c43bbfaf047f6b2fa2b18bd710c735630ff', 'defense_poison_semantic_sha256': '6f09b421c32aa6e697f44a61121b7c43bbfaf047f6b2fa2b18bd710c735630ff', 'exact_poison_pair': True, 'reserved_test_arrays_materialized': False, 'complete': True}"
A_development_anchor_01_seed7_marker_hash,True,29e2e7d57a2211f44077d1017c6354cdd6378fdd5b035e65f96150053e8eb0f3
A_development_anchor_01_seed7_marker_clients,True,[7]
A_development_anchor_01_seed7_marker_no_reserved,True,False
A_development_anchor_01_seed7_poison_pair,True,6f09b421c32aa6e697f44a61121b7c43bbfaf047f6b2fa2b18bd710c735630ff
A_development_anchor_01_seed7_marker_poison_hashes,True,6f09b421c32aa6e697f44a61121b7c43bbfaf047f6b2fa2b18bd710c735630ff
A_development_anchor_01_seed7_pair_unique,True,"('A_development_anchor', 1, 7, '6f09b421c32aa6e697f44a61121b7c43bbfaf047f6b2fa2b18bd710c735630ff')"
A_development_anchor_01_seed7_plain_seed,True,7
A_development_anchor_01_seed7_plain_mode,True,strong_attack
A_development_anchor_01_seed7_plain_test_false,True,False
A_development_anchor_01_seed7_plain_adapter_return,True,0
A_development_anchor_01_seed7_plain_adapter_arrays,True,"['X_train', 'X_val', 'y_train', 'y_val']"
A_development_anchor_01_seed7_plain_adapter_no_reserved,True,False
A_development_anchor_01_seed7_defense_seed,True,7
A_development_anchor_01_seed7_defense_mode,True,strong_attack
A_development_anchor_01_seed7_defense_test_false,True,False
A_development_anchor_01_seed7_defense_adapter_return,True,0
A_development_anchor_01_seed7_defense_adapter_arrays,True,"['X_train', 'X_val', 'y_train', 'y_val']"
A_development_anchor_01_seed7_defense_adapter_no_reserved,True,False
A_development_anchor_01_seed7_plain_clients,True,[7]
A_development_anchor_01_seed7_defense_policy,True,trusted_reconstruction
A_development_anchor_01_seed7_recall_column,True,"['monitoring_round', 'global_round', 'mode', 'replacement_policy', 'participating_samples', 'flagged_clients', 'replaced_clients', 'malicious_recall', 'benign_false_positive_rate', 'detection_precision', 'malicious_replacement_recall', 'benign_replacement_rate', 'mean_reconstruction_relative_l2_to_clean_substitute', 'mean_reconstruction_cosine_to_clean_substitute', 'round_seconds', 'val_accuracy', 'val_balanced_accuracy', 'val_macro_f1', 'val_weighted_f1', 'val_mcc', 'val_log_loss', 'val_ece_15bin', 'val_source_support', 'val_target_support', 'val_source_recall', 'val_target_recall', 'val_source_to_target_count', 'val_source_to_target_rate', 'val_target_to_source_count', 'val_target_to_source_rate']"
A_development_anchor_02_seed7_marker_exists,True,C:\Users\Amm\LFighter-research\results\cic_iot_diad_task45_c2_seed7_v416\A_development_anchor\size_02\seed_7\_task45_condition_complete.json
A_development_anchor_02_seed7_plain_meta_exists,True,C:\Users\Amm\LFighter-research\results\cic_iot_diad_task45_c2_seed7_v416\A_development_anchor\size_02\seed_7\plain_attack\post_warmup_capture_v310_metadata.json
A_development_anchor_02_seed7_defense_meta_exists,True,C:\Users\Amm\LFighter-research\results\cic_iot_diad_task45_c2_seed7_v416\A_development_anchor\size_02\seed_7\trusted_reconstruction\trusted_update_reconstruction_v312_metadata.json
A_development_anchor_02_seed7_plain_adapter_exists,True,C:\Users\Amm\LFighter-research\results\cic_iot_diad_task45_c2_seed7_v416\A_development_anchor\size_02\seed_7\plain_attack\task45_dev_only_adapter_manifest.json
A_development_anchor_02_seed7_defense_adapter_exists,True,C:\Users\Amm\LFighter-research\results\cic_iot_diad_task45_c2_seed7_v416\A_development_anchor\size_02\seed_7\trusted_reconstruction\task45_dev_only_adapter_manifest.json
A_development_anchor_02_seed7_plain_npz_exists,True,C:\Users\Amm\LFighter-research\results\cic_iot_diad_task45_c2_seed7_v416\A_development_anchor\size_02\seed_7\plain_attack\attack_manifest\poisoned_indices.npz
A_development_anchor_02_seed7_defense_npz_exists,True,C:\Users\Amm\LFighter-research\results\cic_iot_diad_task45_c2_seed7_v416\A_development_anchor\size_02\seed_7\trusted_reconstruction\attack_manifest\poisoned_indices.npz
A_development_anchor_02_seed7_plain_table_exists,True,C:\Users\Amm\LFighter-research\results\cic_iot_diad_task45_c2_seed7_v416\A_development_anchor\size_02\seed_7\plain_attack\tables\continuation_round_metrics.csv
A_development_anchor_02_seed7_defense_table_exists,True,C:\Users\Amm\LFighter-research\results\cic_iot_diad_task45_c2_seed7_v416\A_development_anchor\size_02\seed_7\trusted_reconstruction\tables\reconstruction_round_metrics.csv
A_development_anchor_02_seed7_marker_complete,True,True
A_development_anchor_02_seed7_marker_identity,True,"{'experiment_version': '4.16.C2', 'family_id': 'A_development_anchor', 'coalition_size': 2, 'selected_clients': '7,15', 'coalition_hash_sha256': '35dc43aa14a38cd046650b1f25e772197fb9f25278538f83a9aaacca235c9555', 'seed': 7, 'plain_poison_semantic_sha256': 'cfa80177de1924138f924bb34edf2d8f7adfeb84e966eab676e4e91b42edb82f', 'defense_poison_semantic_sha256': 'cfa80177de1924138f924bb34edf2d8f7adfeb84e966eab676e4e91b42edb82f', 'exact_poison_pair': True, 'reserved_test_arrays_materialized': False, 'complete': True}"
A_development_anchor_02_seed7_marker_hash,True,35dc43aa14a38cd046650b1f25e772197fb9f25278538f83a9aaacca235c9555
A_development_anchor_02_seed7_marker_clients,True,"[7, 15]"
A_development_anchor_02_seed7_marker_no_reserved,True,False
A_development_anchor_02_seed7_poison_pair,True,cfa80177de1924138f924bb34edf2d8f7adfeb84e966eab676e4e91b42edb82f
A_development_anchor_02_seed7_marker_poison_hashes,True,cfa80177de1924138f924bb34edf2d8f7adfeb84e966eab676e4e91b42edb82f
A_development_anchor_02_seed7_pair_unique,True,"('A_development_anchor', 2, 7, 'cfa80177de1924138f924bb34edf2d8f7adfeb84e966eab676e4e91b42edb82f')"
A_development_anchor_02_seed7_plain_seed,True,7
A_development_anchor_02_seed7_plain_mode,True,strong_attack
A_development_anchor_02_seed7_plain_test_false,True,False
A_development_anchor_02_seed7_plain_adapter_return,True,0
A_development_anchor_02_seed7_plain_adapter_arrays,True,"['X_train', 'X_val', 'y_train', 'y_val']"
A_development_anchor_02_seed7_plain_adapter_no_reserved,True,False
A_development_anchor_02_seed7_defense_seed,True,7
A_development_anchor_02_seed7_defense_mode,True,strong_attack
A_development_anchor_02_seed7_defense_test_false,True,False
A_development_anchor_02_seed7_defense_adapter_return,True,0
A_development_anchor_02_seed7_defense_adapter_arrays,True,"['X_train', 'X_val', 'y_train', 'y_val']"
A_development_anchor_02_seed7_defense_adapter_no_reserved,True,False
A_development_anchor_02_seed7_plain_clients,True,"[7, 15]"
A_development_anchor_02_seed7_defense_policy,True,trusted_reconstruction
A_development_anchor_02_seed7_recall_column,True,"['monitoring_round', 'global_round', 'mode', 'replacement_policy', 'participating_samples', 'flagged_clients', 'replaced_clients', 'malicious_recall', 'benign_false_positive_rate', 'detection_precision', 'malicious_replacement_recall', 'benign_replacement_rate', 'mean_reconstruction_relative_l2_to_clean_substitute', 'mean_reconstruction_cosine_to_clean_substitute', 'round_seconds', 'val_accuracy', 'val_balanced_accuracy', 'val_macro_f1', 'val_weighted_f1', 'val_mcc', 'val_log_loss', 'val_ece_15bin', 'val_source_support', 'val_target_support', 'val_source_recall', 'val_target_recall', 'val_source_to_target_count', 'val_source_to_target_rate', 'val_target_to_source_count', 'val_target_to_source_rate']"
A_development_anchor_04_seed7_marker_exists,True,C:\Users\Amm\LFighter-research\results\cic_iot_diad_task45_c2_seed7_v416\A_development_anchor\size_04\seed_7\_task45_condition_complete.json
A_development_anchor_04_seed7_plain_meta_exists,True,C:\Users\Amm\LFighter-research\results\cic_iot_diad_task45_c2_seed7_v416\A_development_anchor\size_04\seed_7\plain_attack\post_warmup_capture_v310_metadata.json
A_development_anchor_04_seed7_defense_meta_exists,True,C:\Users\Amm\LFighter-research\results\cic_iot_diad_task45_c2_seed7_v416\A_development_anchor\size_04\seed_7\trusted_reconstruction\trusted_update_reconstruction_v312_metadata.json
A_development_anchor_04_seed7_plain_adapter_exists,True,C:\Users\Amm\LFighter-research\results\cic_iot_diad_task45_c2_seed7_v416\A_development_anchor\size_04\seed_7\plain_attack\task45_dev_only_adapter_manifest.json
A_development_anchor_04_seed7_defense_adapter_exists,True,C:\Users\Amm\LFighter-research\results\cic_iot_diad_task45_c2_seed7_v416\A_development_anchor\size_04\seed_7\trusted_reconstruction\task45_dev_only_adapter_manifest.json
A_development_anchor_04_seed7_plain_npz_exists,True,C:\Users\Amm\LFighter-research\results\cic_iot_diad_task45_c2_seed7_v416\A_development_anchor\size_04\seed_7\plain_attack\attack_manifest\poisoned_indices.npz
A_development_anchor_04_seed7_defense_npz_exists,True,C:\Users\Amm\LFighter-research\results\cic_iot_diad_task45_c2_seed7_v416\A_development_anchor\size_04\seed_7\trusted_reconstruction\attack_manifest\poisoned_indices.npz
A_development_anchor_04_seed7_plain_table_exists,True,C:\Users\Amm\LFighter-research\results\cic_iot_diad_task45_c2_seed7_v416\A_development_anchor\size_04\seed_7\plain_attack\tables\continuation_round_metrics.csv
A_development_anchor_04_seed7_defense_table_exists,True,C:\Users\Amm\LFighter-research\results\cic_iot_diad_task45_c2_seed7_v416\A_development_anchor\size_04\seed_7\trusted_reconstruction\tables\reconstruction_round_metrics.csv
A_development_anchor_04_seed7_marker_complete,True,True
A_development_anchor_04_seed7_marker_identity,True,"{'experiment_version': '4.16.C2', 'family_id': 'A_development_anchor', 'coalition_size': 4, 'selected_clients': '1,7,14,15', 'coalition_hash_sha256': 'dcab69ee1d7e9b3132168f1c08ba950a84411263472846e7554751322aba732a', 'seed': 7, 'plain_poison_semantic_sha256': 'f7094d7afaf21433c9d5579678610ef6451b3aa9e767de412a7c3f659fdfc011', 'defense_poison_semantic_sha256': 'f7094d7afaf21433c9d5579678610ef6451b3aa9e767de412a7c3f659fdfc011', 'exact_poison_pair': True, 'reserved_test_arrays_materialized': False, 'complete': True}"
A_development_anchor_04_seed7_marker_hash,True,dcab69ee1d7e9b3132168f1c08ba950a84411263472846e7554751322aba732a
A_development_anchor_04_seed7_marker_clients,True,"[1, 7, 14, 15]"
A_development_anchor_04_seed7_marker_no_reserved,True,False
A_development_anchor_04_seed7_poison_pair,True,f7094d7afaf21433c9d5579678610ef6451b3aa9e767de412a7c3f659fdfc011
A_development_anchor_04_seed7_marker_poison_hashes,True,f7094d7afaf21433c9d5579678610ef6451b3aa9e767de412a7c3f659fdfc011
A_development_anchor_04_seed7_pair_unique,True,"('A_development_anchor', 4, 7, 'f7094d7afaf21433c9d5579678610ef6451b3aa9e767de412a7c3f659fdfc011')"
A_development_anchor_04_seed7_plain_seed,True,7
A_development_anchor_04_seed7_plain_mode,True,strong_attack
A_development_anchor_04_seed7_plain_test_false,True,False
A_development_anchor_04_seed7_plain_adapter_return,True,0
A_development_anchor_04_seed7_plain_adapter_arrays,True,"['X_train', 'X_val', 'y_train', 'y_val']"
A_development_anchor_04_seed7_plain_adapter_no_reserved,True,False
A_development_anchor_04_seed7_defense_seed,True,7
A_development_anchor_04_seed7_defense_mode,True,strong_attack
A_development_anchor_04_seed7_defense_test_false,True,False
A_development_anchor_04_seed7_defense_adapter_return,True,0
A_development_anchor_04_seed7_defense_adapter_arrays,True,"['X_train', 'X_val', 'y_train', 'y_val']"
A_development_anchor_04_seed7_defense_adapter_no_reserved,True,False
A_development_anchor_04_seed7_plain_clients,True,"[1, 7, 14, 15]"
A_development_anchor_04_seed7_defense_policy,True,trusted_reconstruction
A_development_anchor_04_seed7_recall_column,True,"['monitoring_round', 'global_round', 'mode', 'replacement_policy', 'participating_samples', 'flagged_clients', 'replaced_clients', 'malicious_recall', 'benign_false_positive_rate', 'detection_precision', 'malicious_replacement_recall', 'benign_replacement_rate', 'mean_reconstruction_relative_l2_to_clean_substitute', 'mean_reconstruction_cosine_to_clean_substitute', 'round_seconds', 'val_accuracy', 'val_balanced_accuracy', 'val_macro_f1', 'val_weighted_f1', 'val_mcc', 'val_log_loss', 'val_ece_15bin', 'val_source_support', 'val_target_support', 'val_source_recall', 'val_target_recall', 'val_source_to_target_count', 'val_source_to_target_rate', 'val_target_to_source_count', 'val_target_to_source_rate']"
A_development_anchor_06_seed7_marker_exists,True,C:\Users\Amm\LFighter-research\results\cic_iot_diad_task45_c2_seed7_v416\A_development_anchor\size_06\seed_7\_task45_condition_complete.json
A_development_anchor_06_seed7_plain_meta_exists,True,C:\Users\Amm\LFighter-research\results\cic_iot_diad_task45_c2_seed7_v416\A_development_anchor\size_06\seed_7\plain_attack\post_warmup_capture_v310_metadata.json
A_development_anchor_06_seed7_defense_meta_exists,True,C:\Users\Amm\LFighter-research\results\cic_iot_diad_task45_c2_seed7_v416\A_development_anchor\size_06\seed_7\trusted_reconstruction\trusted_update_reconstruction_v312_metadata.json
A_development_anchor_06_seed7_plain_adapter_exists,True,C:\Users\Amm\LFighter-research\results\cic_iot_diad_task45_c2_seed7_v416\A_development_anchor\size_06\seed_7\plain_attack\task45_dev_only_adapter_manifest.json
A_development_anchor_06_seed7_defense_adapter_exists,True,C:\Users\Amm\LFighter-research\results\cic_iot_diad_task45_c2_seed7_v416\A_development_anchor\size_06\seed_7\trusted_reconstruction\task45_dev_only_adapter_manifest.json
A_development_anchor_06_seed7_plain_npz_exists,True,C:\Users\Amm\LFighter-research\results\cic_iot_diad_task45_c2_seed7_v416\A_development_anchor\size_06\seed_7\plain_attack\attack_manifest\poisoned_indices.npz
A_development_anchor_06_seed7_defense_npz_exists,True,C:\Users\Amm\LFighter-research\results\cic_iot_diad_task45_c2_seed7_v416\A_development_anchor\size_06\seed_7\trusted_reconstruction\attack_manifest\poisoned_indices.npz
A_development_anchor_06_seed7_plain_table_exists,True,C:\Users\Amm\LFighter-research\results\cic_iot_diad_task45_c2_seed7_v416\A_development_anchor\size_06\seed_7\plain_attack\tables\continuation_round_metrics.csv
A_development_anchor_06_seed7_defense_table_exists,True,C:\Users\Amm\LFighter-research\results\cic_iot_diad_task45_c2_seed7_v416\A_development_anchor\size_06\seed_7\trusted_reconstruction\tables\reconstruction_round_metrics.csv
A_development_anchor_06_seed7_marker_complete,True,True
A_development_anchor_06_seed7_marker_identity,True,"{'experiment_version': '4.16.C2', 'family_id': 'A_development_anchor', 'coalition_size': 6, 'selected_clients': '1,7,10,14,15,18', 'coalition_hash_sha256': '693fa3fcf63b548fb89a003b00b7cbcb43f6b1aeaddfcc649026150b2a562aa7', 'seed': 7, 'plain_poison_semantic_sha256': '84a4cf3be0102e61839aa709ab5433dd35957123103f1ea7c032a2041146a160', 'defense_poison_semantic_sha256': '84a4cf3be0102e61839aa709ab5433dd35957123103f1ea7c032a2041146a160', 'exact_poison_pair': True, 'reserved_test_arrays_materialized': False, 'complete': True}"
A_development_anchor_06_seed7_marker_hash,True,693fa3fcf63b548fb89a003b00b7cbcb43f6b1aeaddfcc649026150b2a562aa7
A_development_anchor_06_seed7_marker_clients,True,"[1, 7, 10, 14, 15, 18]"
A_development_anchor_06_seed7_marker_no_reserved,True,False
A_development_anchor_06_seed7_poison_pair,True,84a4cf3be0102e61839aa709ab5433dd35957123103f1ea7c032a2041146a160
A_development_anchor_06_seed7_marker_poison_hashes,True,84a4cf3be0102e61839aa709ab5433dd35957123103f1ea7c032a2041146a160
A_development_anchor_06_seed7_pair_unique,True,"('A_development_anchor', 6, 7, '84a4cf3be0102e61839aa709ab5433dd35957123103f1ea7c032a2041146a160')"
A_development_anchor_06_seed7_plain_seed,True,7
A_development_anchor_06_seed7_plain_mode,True,strong_attack
A_development_anchor_06_seed7_plain_test_false,True,False
A_development_anchor_06_seed7_plain_adapter_return,True,0
A_development_anchor_06_seed7_plain_adapter_arrays,True,"['X_train', 'X_val', 'y_train', 'y_val']"
A_development_anchor_06_seed7_plain_adapter_no_reserved,True,False
A_development_anchor_06_seed7_defense_seed,True,7
A_development_anchor_06_seed7_defense_mode,True,strong_attack
A_development_anchor_06_seed7_defense_test_false,True,False
A_development_anchor_06_seed7_defense_adapter_return,True,0
A_development_anchor_06_seed7_defense_adapter_arrays,True,"['X_train', 'X_val', 'y_train', 'y_val']"
A_development_anchor_06_seed7_defense_adapter_no_reserved,True,False
A_development_anchor_06_seed7_plain_clients,True,"[1, 7, 10, 14, 15, 18]"
A_development_anchor_06_seed7_defense_policy,True,trusted_reconstruction
A_development_anchor_06_seed7_recall_column,True,"['monitoring_round', 'global_round', 'mode', 'replacement_policy', 'participating_samples', 'flagged_clients', 'replaced_clients', 'malicious_recall', 'benign_false_positive_rate', 'detection_precision', 'malicious_replacement_recall', 'benign_replacement_rate', 'mean_reconstruction_relative_l2_to_clean_substitute', 'mean_reconstruction_cosine_to_clean_substitute', 'round_seconds', 'val_accuracy', 'val_balanced_accuracy', 'val_macro_f1', 'val_weighted_f1', 'val_mcc', 'val_log_loss', 'val_ece_15bin', 'val_source_support', 'val_target_support', 'val_source_recall', 'val_target_recall', 'val_source_to_target_count', 'val_source_to_target_rate', 'val_target_to_source_count', 'val_target_to_source_rate']"
A_development_anchor_08_seed7_marker_exists,True,C:\Users\Amm\LFighter-research\results\cic_iot_diad_task45_c2_seed7_v416\A_development_anchor\size_08\seed_7\_task45_condition_complete.json
A_development_anchor_08_seed7_plain_meta_exists,True,C:\Users\Amm\LFighter-research\results\cic_iot_diad_task45_c2_seed7_v416\A_development_anchor\size_08\seed_7\plain_attack\post_warmup_capture_v310_metadata.json
A_development_anchor_08_seed7_defense_meta_exists,True,C:\Users\Amm\LFighter-research\results\cic_iot_diad_task45_c2_seed7_v416\A_development_anchor\size_08\seed_7\trusted_reconstruction\trusted_update_reconstruction_v312_metadata.json
A_development_anchor_08_seed7_plain_adapter_exists,True,C:\Users\Amm\LFighter-research\results\cic_iot_diad_task45_c2_seed7_v416\A_development_anchor\size_08\seed_7\plain_attack\task45_dev_only_adapter_manifest.json
A_development_anchor_08_seed7_defense_adapter_exists,True,C:\Users\Amm\LFighter-research\results\cic_iot_diad_task45_c2_seed7_v416\A_development_anchor\size_08\seed_7\trusted_reconstruction\task45_dev_only_adapter_manifest.json
A_development_anchor_08_seed7_plain_npz_exists,True,C:\Users\Amm\LFighter-research\results\cic_iot_diad_task45_c2_seed7_v416\A_development_anchor\size_08\seed_7\plain_attack\attack_manifest\poisoned_indices.npz
A_development_anchor_08_seed7_defense_npz_exists,True,C:\Users\Amm\LFighter-research\results\cic_iot_diad_task45_c2_seed7_v416\A_development_anchor\size_08\seed_7\trusted_reconstruction\attack_manifest\poisoned_indices.npz
A_development_anchor_08_seed7_plain_table_exists,True,C:\Users\Amm\LFighter-research\results\cic_iot_diad_task45_c2_seed7_v416\A_development_anchor\size_08\seed_7\plain_attack\tables\continuation_round_metrics.csv
A_development_anchor_08_seed7_defense_table_exists,True,C:\Users\Amm\LFighter-research\results\cic_iot_diad_task45_c2_seed7_v416\A_development_anchor\size_08\seed_7\trusted_reconstruction\tables\reconstruction_round_metrics.csv
A_development_anchor_08_seed7_marker_complete,True,True
A_development_anchor_08_seed7_marker_identity,True,"{'experiment_version': '4.16.C2', 'family_id': 'A_development_anchor', 'coalition_size': 8, 'selected_clients': '1,7,8,10,14,15,17,18', 'coalition_hash_sha256': '742494843cc211e0d11c86aa05931ea09514c8aa229a426f0c848de581c72245', 'seed': 7, 'plain_poison_semantic_sha256': 'a54f31fbc3e748850b5f9707026c22fdd6616a05c32f62bfb38388dfd4b05102', 'defense_poison_semantic_sha256': 'a54f31fbc3e748850b5f9707026c22fdd6616a05c32f62bfb38388dfd4b05102', 'exact_poison_pair': True, 'reserved_test_arrays_materialized': False, 'complete': True}"
A_development_anchor_08_seed7_marker_hash,True,742494843cc211e0d11c86aa05931ea09514c8aa229a426f0c848de581c72245
A_development_anchor_08_seed7_marker_clients,True,"[1, 7, 8, 10, 14, 15, 17, 18]"
A_development_anchor_08_seed7_marker_no_reserved,True,False
A_development_anchor_08_seed7_poison_pair,True,a54f31fbc3e748850b5f9707026c22fdd6616a05c32f62bfb38388dfd4b05102
A_development_anchor_08_seed7_marker_poison_hashes,True,a54f31fbc3e748850b5f9707026c22fdd6616a05c32f62bfb38388dfd4b05102
A_development_anchor_08_seed7_pair_unique,True,"('A_development_anchor', 8, 7, 'a54f31fbc3e748850b5f9707026c22fdd6616a05c32f62bfb38388dfd4b05102')"
A_development_anchor_08_seed7_plain_seed,True,7
A_development_anchor_08_seed7_plain_mode,True,strong_attack
A_development_anchor_08_seed7_plain_test_false,True,False
A_development_anchor_08_seed7_plain_adapter_return,True,0
A_development_anchor_08_seed7_plain_adapter_arrays,True,"['X_train', 'X_val', 'y_train', 'y_val']"
A_development_anchor_08_seed7_plain_adapter_no_reserved,True,False
A_development_anchor_08_seed7_defense_seed,True,7
A_development_anchor_08_seed7_defense_mode,True,strong_attack
A_development_anchor_08_seed7_defense_test_false,True,False
A_development_anchor_08_seed7_defense_adapter_return,True,0
A_development_anchor_08_seed7_defense_adapter_arrays,True,"['X_train', 'X_val', 'y_train', 'y_val']"
A_development_anchor_08_seed7_defense_adapter_no_reserved,True,False
A_development_anchor_08_seed7_plain_clients,True,"[1, 7, 8, 10, 14, 15, 17, 18]"
A_development_anchor_08_seed7_defense_policy,True,trusted_reconstruction
A_development_anchor_08_seed7_recall_column,True,"['monitoring_round', 'global_round', 'mode', 'replacement_policy', 'participating_samples', 'flagged_clients', 'replaced_clients', 'malicious_recall', 'benign_false_positive_rate', 'detection_precision', 'malicious_replacement_recall', 'benign_replacement_rate', 'mean_reconstruction_relative_l2_to_clean_substitute', 'mean_reconstruction_cosine_to_clean_substitute', 'round_seconds', 'val_accuracy', 'val_balanced_accuracy', 'val_macro_f1', 'val_weighted_f1', 'val_mcc', 'val_log_loss', 'val_ece_15bin', 'val_source_support', 'val_target_support', 'val_source_recall', 'val_target_recall', 'val_source_to_target_count', 'val_source_to_target_rate', 'val_target_to_source_count', 'val_target_to_source_rate']"
A_development_anchor_10_seed7_marker_exists,True,C:\Users\Amm\LFighter-research\results\cic_iot_diad_task45_c2_seed7_v416\A_development_anchor\size_10\seed_7\_task45_condition_complete.json
A_development_anchor_10_seed7_plain_meta_exists,True,C:\Users\Amm\LFighter-research\results\cic_iot_diad_task45_c2_seed7_v416\A_development_anchor\size_10\seed_7\plain_attack\post_warmup_capture_v310_metadata.json
A_development_anchor_10_seed7_defense_meta_exists,True,C:\Users\Amm\LFighter-research\results\cic_iot_diad_task45_c2_seed7_v416\A_development_anchor\size_10\seed_7\trusted_reconstruction\trusted_update_reconstruction_v312_metadata.json
A_development_anchor_10_seed7_plain_adapter_exists,True,C:\Users\Amm\LFighter-research\results\cic_iot_diad_task45_c2_seed7_v416\A_development_anchor\size_10\seed_7\plain_attack\task45_dev_only_adapter_manifest.json
A_development_anchor_10_seed7_defense_adapter_exists,True,C:\Users\Amm\LFighter-research\results\cic_iot_diad_task45_c2_seed7_v416\A_development_anchor\size_10\seed_7\trusted_reconstruction\task45_dev_only_adapter_manifest.json
A_development_anchor_10_seed7_plain_npz_exists,True,C:\Users\Amm\LFighter-research\results\cic_iot_diad_task45_c2_seed7_v416\A_development_anchor\size_10\seed_7\plain_attack\attack_manifest\poisoned_indices.npz
A_development_anchor_10_seed7_defense_npz_exists,True,C:\Users\Amm\LFighter-research\results\cic_iot_diad_task45_c2_seed7_v416\A_development_anchor\size_10\seed_7\trusted_reconstruction\attack_manifest\poisoned_indices.npz
A_development_anchor_10_seed7_plain_table_exists,True,C:\Users\Amm\LFighter-research\results\cic_iot_diad_task45_c2_seed7_v416\A_development_anchor\size_10\seed_7\plain_attack\tables\continuation_round_metrics.csv
A_development_anchor_10_seed7_defense_table_exists,True,C:\Users\Amm\LFighter-research\results\cic_iot_diad_task45_c2_seed7_v416\A_development_anchor\size_10\seed_7\trusted_reconstruction\tables\reconstruction_round_metrics.csv
A_development_anchor_10_seed7_marker_complete,True,True
A_development_anchor_10_seed7_marker_identity,True,"{'experiment_version': '4.16.C2', 'family_id': 'A_development_anchor', 'coalition_size': 10, 'selected_clients': '1,7,8,10,13,14,15,17,18,19', 'coalition_hash_sha256': 'de1a7887075add38ec60f878fc601f43e4f2147de2aba557f33a63cac4f50bb0', 'seed': 7, 'plain_poison_semantic_sha256': 'bff96a60712f778882e747ece303807ec0762b1496a62034b44bffd4e10b9f3f', 'defense_poison_semantic_sha256': 'bff96a60712f778882e747ece303807ec0762b1496a62034b44bffd4e10b9f3f', 'exact_poison_pair': True, 'reserved_test_arrays_materialized': False, 'complete': True}"
A_development_anchor_10_seed7_marker_hash,True,de1a7887075add38ec60f878fc601f43e4f2147de2aba557f33a63cac4f50bb0
A_development_anchor_10_seed7_marker_clients,True,"[1, 7, 8, 10, 13, 14, 15, 17, 18, 19]"
A_development_anchor_10_seed7_marker_no_reserved,True,False
A_development_anchor_10_seed7_poison_pair,True,bff96a60712f778882e747ece303807ec0762b1496a62034b44bffd4e10b9f3f
A_development_anchor_10_seed7_marker_poison_hashes,True,bff96a60712f778882e747ece303807ec0762b1496a62034b44bffd4e10b9f3f
A_development_anchor_10_seed7_pair_unique,True,"('A_development_anchor', 10, 7, 'bff96a60712f778882e747ece303807ec0762b1496a62034b44bffd4e10b9f3f')"
A_development_anchor_10_seed7_plain_seed,True,7
A_development_anchor_10_seed7_plain_mode,True,strong_attack
A_development_anchor_10_seed7_plain_test_false,True,False
A_development_anchor_10_seed7_plain_adapter_return,True,0
A_development_anchor_10_seed7_plain_adapter_arrays,True,"['X_train', 'X_val', 'y_train', 'y_val']"
A_development_anchor_10_seed7_plain_adapter_no_reserved,True,False
A_development_anchor_10_seed7_defense_seed,True,7
A_development_anchor_10_seed7_defense_mode,True,strong_attack
A_development_anchor_10_seed7_defense_test_false,True,False
A_development_anchor_10_seed7_defense_adapter_return,True,0
A_development_anchor_10_seed7_defense_adapter_arrays,True,"['X_train', 'X_val', 'y_train', 'y_val']"
A_development_anchor_10_seed7_defense_adapter_no_reserved,True,False
A_development_anchor_10_seed7_plain_clients,True,"[1, 7, 8, 10, 13, 14, 15, 17, 18, 19]"
A_development_anchor_10_seed7_defense_policy,True,trusted_reconstruction
A_development_anchor_10_seed7_recall_column,True,"['monitoring_round', 'global_round', 'mode', 'replacement_policy', 'participating_samples', 'flagged_clients', 'replaced_clients', 'malicious_recall', 'benign_false_positive_rate', 'detection_precision', 'malicious_replacement_recall', 'benign_replacement_rate', 'mean_reconstruction_relative_l2_to_clean_substitute', 'mean_reconstruction_cosine_to_clean_substitute', 'round_seconds', 'val_accuracy', 'val_balanced_accuracy', 'val_macro_f1', 'val_weighted_f1', 'val_mcc', 'val_log_loss', 'val_ece_15bin', 'val_source_support', 'val_target_support', 'val_source_recall', 'val_target_recall', 'val_source_to_target_count', 'val_source_to_target_rate', 'val_target_to_source_count', 'val_target_to_source_rate']"
B_hash_ranked_01_seed7_marker_exists,True,C:\Users\Amm\LFighter-research\results\cic_iot_diad_task45_c2_seed7_v416\B_hash_ranked\size_01\seed_7\_task45_condition_complete.json
B_hash_ranked_01_seed7_plain_meta_exists,True,C:\Users\Amm\LFighter-research\results\cic_iot_diad_task45_c2_seed7_v416\B_hash_ranked\size_01\seed_7\plain_attack\post_warmup_capture_v310_metadata.json
B_hash_ranked_01_seed7_defense_meta_exists,True,C:\Users\Amm\LFighter-research\results\cic_iot_diad_task45_c2_seed7_v416\B_hash_ranked\size_01\seed_7\trusted_reconstruction\trusted_update_reconstruction_v312_metadata.json
B_hash_ranked_01_seed7_plain_adapter_exists,True,C:\Users\Amm\LFighter-research\results\cic_iot_diad_task45_c2_seed7_v416\B_hash_ranked\size_01\seed_7\plain_attack\task45_dev_only_adapter_manifest.json
B_hash_ranked_01_seed7_defense_adapter_exists,True,C:\Users\Amm\LFighter-research\results\cic_iot_diad_task45_c2_seed7_v416\B_hash_ranked\size_01\seed_7\trusted_reconstruction\task45_dev_only_adapter_manifest.json
B_hash_ranked_01_seed7_plain_npz_exists,True,C:\Users\Amm\LFighter-research\results\cic_iot_diad_task45_c2_seed7_v416\B_hash_ranked\size_01\seed_7\plain_attack\attack_manifest\poisoned_indices.npz
B_hash_ranked_01_seed7_defense_npz_exists,True,C:\Users\Amm\LFighter-research\results\cic_iot_diad_task45_c2_seed7_v416\B_hash_ranked\size_01\seed_7\trusted_reconstruction\attack_manifest\poisoned_indices.npz
B_hash_ranked_01_seed7_plain_table_exists,True,C:\Users\Amm\LFighter-research\results\cic_iot_diad_task45_c2_seed7_v416\B_hash_ranked\size_01\seed_7\plain_attack\tables\continuation_round_metrics.csv
B_hash_ranked_01_seed7_defense_table_exists,True,C:\Users\Amm\LFighter-research\results\cic_iot_diad_task45_c2_seed7_v416\B_hash_ranked\size_01\seed_7\trusted_reconstruction\tables\reconstruction_round_metrics.csv
B_hash_ranked_01_seed7_marker_complete,True,True
B_hash_ranked_01_seed7_marker_identity,True,"{'experiment_version': '4.16.C2', 'family_id': 'B_hash_ranked', 'coalition_size': 1, 'selected_clients': '19', 'coalition_hash_sha256': '69e393023098d1a929b8910c800408438fc1a6ba5ba0bf03c25a1d4098f85be2', 'seed': 7, 'plain_poison_semantic_sha256': 'f31d1263fd5a8fc980cdeb9dba5f4d80f2ddda9a1a95409165d43984fc98a4e9', 'defense_poison_semantic_sha256': 'f31d1263fd5a8fc980cdeb9dba5f4d80f2ddda9a1a95409165d43984fc98a4e9', 'exact_poison_pair': True, 'reserved_test_arrays_materialized': False, 'complete': True}"
B_hash_ranked_01_seed7_marker_hash,True,69e393023098d1a929b8910c800408438fc1a6ba5ba0bf03c25a1d4098f85be2
B_hash_ranked_01_seed7_marker_clients,True,[19]
B_hash_ranked_01_seed7_marker_no_reserved,True,False
B_hash_ranked_01_seed7_poison_pair,True,f31d1263fd5a8fc980cdeb9dba5f4d80f2ddda9a1a95409165d43984fc98a4e9
B_hash_ranked_01_seed7_marker_poison_hashes,True,f31d1263fd5a8fc980cdeb9dba5f4d80f2ddda9a1a95409165d43984fc98a4e9
B_hash_ranked_01_seed7_pair_unique,True,"('B_hash_ranked', 1, 7, 'f31d1263fd5a8fc980cdeb9dba5f4d80f2ddda9a1a95409165d43984fc98a4e9')"
B_hash_ranked_01_seed7_plain_seed,True,7
B_hash_ranked_01_seed7_plain_mode,True,strong_attack
B_hash_ranked_01_seed7_plain_test_false,True,False
B_hash_ranked_01_seed7_plain_adapter_return,True,0
B_hash_ranked_01_seed7_plain_adapter_arrays,True,"['X_train', 'X_val', 'y_train', 'y_val']"
B_hash_ranked_01_seed7_plain_adapter_no_reserved,True,False
B_hash_ranked_01_seed7_defense_seed,True,7
B_hash_ranked_01_seed7_defense_mode,True,strong_attack
B_hash_ranked_01_seed7_defense_test_false,True,False
B_hash_ranked_01_seed7_defense_adapter_return,True,0
B_hash_ranked_01_seed7_defense_adapter_arrays,True,"['X_train', 'X_val', 'y_train', 'y_val']"
B_hash_ranked_01_seed7_defense_adapter_no_reserved,True,False
B_hash_ranked_01_seed7_plain_clients,True,[19]
B_hash_ranked_01_seed7_defense_policy,True,trusted_reconstruction
B_hash_ranked_01_seed7_recall_column,True,"['monitoring_round', 'global_round', 'mode', 'replacement_policy', 'participating_samples', 'flagged_clients', 'replaced_clients', 'malicious_recall', 'benign_false_positive_rate', 'detection_precision', 'malicious_replacement_recall', 'benign_replacement_rate', 'mean_reconstruction_relative_l2_to_clean_substitute', 'mean_reconstruction_cosine_to_clean_substitute', 'round_seconds', 'val_accuracy', 'val_balanced_accuracy', 'val_macro_f1', 'val_weighted_f1', 'val_mcc', 'val_log_loss', 'val_ece_15bin', 'val_source_support', 'val_target_support', 'val_source_recall', 'val_target_recall', 'val_source_to_target_count', 'val_source_to_target_rate', 'val_target_to_source_count', 'val_target_to_source_rate']"
B_hash_ranked_02_seed7_marker_exists,True,C:\Users\Amm\LFighter-research\results\cic_iot_diad_task45_c2_seed7_v416\B_hash_ranked\size_02\seed_7\_task45_condition_complete.json
B_hash_ranked_02_seed7_plain_meta_exists,True,C:\Users\Amm\LFighter-research\results\cic_iot_diad_task45_c2_seed7_v416\B_hash_ranked\size_02\seed_7\plain_attack\post_warmup_capture_v310_metadata.json
B_hash_ranked_02_seed7_defense_meta_exists,True,C:\Users\Amm\LFighter-research\results\cic_iot_diad_task45_c2_seed7_v416\B_hash_ranked\size_02\seed_7\trusted_reconstruction\trusted_update_reconstruction_v312_metadata.json
B_hash_ranked_02_seed7_plain_adapter_exists,True,C:\Users\Amm\LFighter-research\results\cic_iot_diad_task45_c2_seed7_v416\B_hash_ranked\size_02\seed_7\plain_attack\task45_dev_only_adapter_manifest.json
B_hash_ranked_02_seed7_defense_adapter_exists,True,C:\Users\Amm\LFighter-research\results\cic_iot_diad_task45_c2_seed7_v416\B_hash_ranked\size_02\seed_7\trusted_reconstruction\task45_dev_only_adapter_manifest.json
B_hash_ranked_02_seed7_plain_npz_exists,True,C:\Users\Amm\LFighter-research\results\cic_iot_diad_task45_c2_seed7_v416\B_hash_ranked\size_02\seed_7\plain_attack\attack_manifest\poisoned_indices.npz
B_hash_ranked_02_seed7_defense_npz_exists,True,C:\Users\Amm\LFighter-research\results\cic_iot_diad_task45_c2_seed7_v416\B_hash_ranked\size_02\seed_7\trusted_reconstruction\attack_manifest\poisoned_indices.npz
B_hash_ranked_02_seed7_plain_table_exists,True,C:\Users\Amm\LFighter-research\results\cic_iot_diad_task45_c2_seed7_v416\B_hash_ranked\size_02\seed_7\plain_attack\tables\continuation_round_metrics.csv
B_hash_ranked_02_seed7_defense_table_exists,True,C:\Users\Amm\LFighter-research\results\cic_iot_diad_task45_c2_seed7_v416\B_hash_ranked\size_02\seed_7\trusted_reconstruction\tables\reconstruction_round_metrics.csv
B_hash_ranked_02_seed7_marker_complete,True,True
B_hash_ranked_02_seed7_marker_identity,True,"{'experiment_version': '4.16.C2', 'family_id': 'B_hash_ranked', 'coalition_size': 2, 'selected_clients': '16,19', 'coalition_hash_sha256': '899ec3808749bb578dad3cd5b96a3cd9dd85c79555e73f96b83d8d9ce8f4dca3', 'seed': 7, 'plain_poison_semantic_sha256': 'a691bc843b1865fa44daab89f221264dd0b272ad46c3074f2872595b670908f0', 'defense_poison_semantic_sha256': 'a691bc843b1865fa44daab89f221264dd0b272ad46c3074f2872595b670908f0', 'exact_poison_pair': True, 'reserved_test_arrays_materialized': False, 'complete': True}"
B_hash_ranked_02_seed7_marker_hash,True,899ec3808749bb578dad3cd5b96a3cd9dd85c79555e73f96b83d8d9ce8f4dca3
B_hash_ranked_02_seed7_marker_clients,True,"[16, 19]"
B_hash_ranked_02_seed7_marker_no_reserved,True,False
B_hash_ranked_02_seed7_poison_pair,True,a691bc843b1865fa44daab89f221264dd0b272ad46c3074f2872595b670908f0
B_hash_ranked_02_seed7_marker_poison_hashes,True,a691bc843b1865fa44daab89f221264dd0b272ad46c3074f2872595b670908f0
B_hash_ranked_02_seed7_pair_unique,True,"('B_hash_ranked', 2, 7, 'a691bc843b1865fa44daab89f221264dd0b272ad46c3074f2872595b670908f0')"
B_hash_ranked_02_seed7_plain_seed,True,7
B_hash_ranked_02_seed7_plain_mode,True,strong_attack
B_hash_ranked_02_seed7_plain_test_false,True,False
B_hash_ranked_02_seed7_plain_adapter_return,True,0
B_hash_ranked_02_seed7_plain_adapter_arrays,True,"['X_train', 'X_val', 'y_train', 'y_val']"
B_hash_ranked_02_seed7_plain_adapter_no_reserved,True,False
B_hash_ranked_02_seed7_defense_seed,True,7
B_hash_ranked_02_seed7_defense_mode,True,strong_attack
B_hash_ranked_02_seed7_defense_test_false,True,False
B_hash_ranked_02_seed7_defense_adapter_return,True,0
B_hash_ranked_02_seed7_defense_adapter_arrays,True,"['X_train', 'X_val', 'y_train', 'y_val']"
B_hash_ranked_02_seed7_defense_adapter_no_reserved,True,False
B_hash_ranked_02_seed7_plain_clients,True,"[16, 19]"
B_hash_ranked_02_seed7_defense_policy,True,trusted_reconstruction
B_hash_ranked_02_seed7_recall_column,True,"['monitoring_round', 'global_round', 'mode', 'replacement_policy', 'participating_samples', 'flagged_clients', 'replaced_clients', 'malicious_recall', 'benign_false_positive_rate', 'detection_precision', 'malicious_replacement_recall', 'benign_replacement_rate', 'mean_reconstruction_relative_l2_to_clean_substitute', 'mean_reconstruction_cosine_to_clean_substitute', 'round_seconds', 'val_accuracy', 'val_balanced_accuracy', 'val_macro_f1', 'val_weighted_f1', 'val_mcc', 'val_log_loss', 'val_ece_15bin', 'val_source_support', 'val_target_support', 'val_source_recall', 'val_target_recall', 'val_source_to_target_count', 'val_source_to_target_rate', 'val_target_to_source_count', 'val_target_to_source_rate']"
B_hash_ranked_04_seed7_marker_exists,True,C:\Users\Amm\LFighter-research\results\cic_iot_diad_task45_c2_seed7_v416\B_hash_ranked\size_04\seed_7\_task45_condition_complete.json
B_hash_ranked_04_seed7_plain_meta_exists,True,C:\Users\Amm\LFighter-research\results\cic_iot_diad_task45_c2_seed7_v416\B_hash_ranked\size_04\seed_7\plain_attack\post_warmup_capture_v310_metadata.json
B_hash_ranked_04_seed7_defense_meta_exists,True,C:\Users\Amm\LFighter-research\results\cic_iot_diad_task45_c2_seed7_v416\B_hash_ranked\size_04\seed_7\trusted_reconstruction\trusted_update_reconstruction_v312_metadata.json
B_hash_ranked_04_seed7_plain_adapter_exists,True,C:\Users\Amm\LFighter-research\results\cic_iot_diad_task45_c2_seed7_v416\B_hash_ranked\size_04\seed_7\plain_attack\task45_dev_only_adapter_manifest.json
B_hash_ranked_04_seed7_defense_adapter_exists,True,C:\Users\Amm\LFighter-research\results\cic_iot_diad_task45_c2_seed7_v416\B_hash_ranked\size_04\seed_7\trusted_reconstruction\task45_dev_only_adapter_manifest.json
B_hash_ranked_04_seed7_plain_npz_exists,True,C:\Users\Amm\LFighter-research\results\cic_iot_diad_task45_c2_seed7_v416\B_hash_ranked\size_04\seed_7\plain_attack\attack_manifest\poisoned_indices.npz
B_hash_ranked_04_seed7_defense_npz_exists,True,C:\Users\Amm\LFighter-research\results\cic_iot_diad_task45_c2_seed7_v416\B_hash_ranked\size_04\seed_7\trusted_reconstruction\attack_manifest\poisoned_indices.npz
B_hash_ranked_04_seed7_plain_table_exists,True,C:\Users\Amm\LFighter-research\results\cic_iot_diad_task45_c2_seed7_v416\B_hash_ranked\size_04\seed_7\plain_attack\tables\continuation_round_metrics.csv
B_hash_ranked_04_seed7_defense_table_exists,True,C:\Users\Amm\LFighter-research\results\cic_iot_diad_task45_c2_seed7_v416\B_hash_ranked\size_04\seed_7\trusted_reconstruction\tables\reconstruction_round_metrics.csv
B_hash_ranked_04_seed7_marker_complete,True,True
B_hash_ranked_04_seed7_marker_identity,True,"{'experiment_version': '4.16.C2', 'family_id': 'B_hash_ranked', 'coalition_size': 4, 'selected_clients': '13,15,16,19', 'coalition_hash_sha256': '7be69fa068da37c9f52f41351bedd5a65b7da17f4a4f77361578bb4d71e9690a', 'seed': 7, 'plain_poison_semantic_sha256': 'b19c1cfbb17f50e0c8da912816b2c09d23d812bb5dcbc5bc0062e6e018ef066c', 'defense_poison_semantic_sha256': 'b19c1cfbb17f50e0c8da912816b2c09d23d812bb5dcbc5bc0062e6e018ef066c', 'exact_poison_pair': True, 'reserved_test_arrays_materialized': False, 'complete': True}"
B_hash_ranked_04_seed7_marker_hash,True,7be69fa068da37c9f52f41351bedd5a65b7da17f4a4f77361578bb4d71e9690a
B_hash_ranked_04_seed7_marker_clients,True,"[13, 15, 16, 19]"
B_hash_ranked_04_seed7_marker_no_reserved,True,False
B_hash_ranked_04_seed7_poison_pair,True,b19c1cfbb17f50e0c8da912816b2c09d23d812bb5dcbc5bc0062e6e018ef066c
B_hash_ranked_04_seed7_marker_poison_hashes,True,b19c1cfbb17f50e0c8da912816b2c09d23d812bb5dcbc5bc0062e6e018ef066c
B_hash_ranked_04_seed7_pair_unique,True,"('B_hash_ranked', 4, 7, 'b19c1cfbb17f50e0c8da912816b2c09d23d812bb5dcbc5bc0062e6e018ef066c')"
B_hash_ranked_04_seed7_plain_seed,True,7
B_hash_ranked_04_seed7_plain_mode,True,strong_attack
B_hash_ranked_04_seed7_plain_test_false,True,False
B_hash_ranked_04_seed7_plain_adapter_return,True,0
B_hash_ranked_04_seed7_plain_adapter_arrays,True,"['X_train', 'X_val', 'y_train', 'y_val']"
B_hash_ranked_04_seed7_plain_adapter_no_reserved,True,False
B_hash_ranked_04_seed7_defense_seed,True,7
B_hash_ranked_04_seed7_defense_mode,True,strong_attack
B_hash_ranked_04_seed7_defense_test_false,True,False
B_hash_ranked_04_seed7_defense_adapter_return,True,0
B_hash_ranked_04_seed7_defense_adapter_arrays,True,"['X_train', 'X_val', 'y_train', 'y_val']"
B_hash_ranked_04_seed7_defense_adapter_no_reserved,True,False
B_hash_ranked_04_seed7_plain_clients,True,"[13, 15, 16, 19]"
B_hash_ranked_04_seed7_defense_policy,True,trusted_reconstruction
B_hash_ranked_04_seed7_recall_column,True,"['monitoring_round', 'global_round', 'mode', 'replacement_policy', 'participating_samples', 'flagged_clients', 'replaced_clients', 'malicious_recall', 'benign_false_positive_rate', 'detection_precision', 'malicious_replacement_recall', 'benign_replacement_rate', 'mean_reconstruction_relative_l2_to_clean_substitute', 'mean_reconstruction_cosine_to_clean_substitute', 'round_seconds', 'val_accuracy', 'val_balanced_accuracy', 'val_macro_f1', 'val_weighted_f1', 'val_mcc', 'val_log_loss', 'val_ece_15bin', 'val_source_support', 'val_target_support', 'val_source_recall', 'val_target_recall', 'val_source_to_target_count', 'val_source_to_target_rate', 'val_target_to_source_count', 'val_target_to_source_rate']"
B_hash_ranked_06_seed7_marker_exists,True,C:\Users\Amm\LFighter-research\results\cic_iot_diad_task45_c2_seed7_v416\B_hash_ranked\size_06\seed_7\_task45_condition_complete.json
B_hash_ranked_06_seed7_plain_meta_exists,True,C:\Users\Amm\LFighter-research\results\cic_iot_diad_task45_c2_seed7_v416\B_hash_ranked\size_06\seed_7\plain_attack\post_warmup_capture_v310_metadata.json
B_hash_ranked_06_seed7_defense_meta_exists,True,C:\Users\Amm\LFighter-research\results\cic_iot_diad_task45_c2_seed7_v416\B_hash_ranked\size_06\seed_7\trusted_reconstruction\trusted_update_reconstruction_v312_metadata.json
B_hash_ranked_06_seed7_plain_adapter_exists,True,C:\Users\Amm\LFighter-research\results\cic_iot_diad_task45_c2_seed7_v416\B_hash_ranked\size_06\seed_7\plain_attack\task45_dev_only_adapter_manifest.json
B_hash_ranked_06_seed7_defense_adapter_exists,True,C:\Users\Amm\LFighter-research\results\cic_iot_diad_task45_c2_seed7_v416\B_hash_ranked\size_06\seed_7\trusted_reconstruction\task45_dev_only_adapter_manifest.json
B_hash_ranked_06_seed7_plain_npz_exists,True,C:\Users\Amm\LFighter-research\results\cic_iot_diad_task45_c2_seed7_v416\B_hash_ranked\size_06\seed_7\plain_attack\attack_manifest\poisoned_indices.npz
B_hash_ranked_06_seed7_defense_npz_exists,True,C:\Users\Amm\LFighter-research\results\cic_iot_diad_task45_c2_seed7_v416\B_hash_ranked\size_06\seed_7\trusted_reconstruction\attack_manifest\poisoned_indices.npz
B_hash_ranked_06_seed7_plain_table_exists,True,C:\Users\Amm\LFighter-research\results\cic_iot_diad_task45_c2_seed7_v416\B_hash_ranked\size_06\seed_7\plain_attack\tables\continuation_round_metrics.csv
B_hash_ranked_06_seed7_defense_table_exists,True,C:\Users\Amm\LFighter-research\results\cic_iot_diad_task45_c2_seed7_v416\B_hash_ranked\size_06\seed_7\trusted_reconstruction\tables\reconstruction_round_metrics.csv
B_hash_ranked_06_seed7_marker_complete,True,True
B_hash_ranked_06_seed7_marker_identity,True,"{'experiment_version': '4.16.C2', 'family_id': 'B_hash_ranked', 'coalition_size': 6, 'selected_clients': '5,7,13,15,16,19', 'coalition_hash_sha256': '903bec25550246430499ad4bff1e71c8fedaf74d8520aa911850919f5f86baeb', 'seed': 7, 'plain_poison_semantic_sha256': '60d4eeab52f62feb0ddb9bd45a93f3fa5595709751e1e0c5cbb965b3ad981773', 'defense_poison_semantic_sha256': '60d4eeab52f62feb0ddb9bd45a93f3fa5595709751e1e0c5cbb965b3ad981773', 'exact_poison_pair': True, 'reserved_test_arrays_materialized': False, 'complete': True}"
B_hash_ranked_06_seed7_marker_hash,True,903bec25550246430499ad4bff1e71c8fedaf74d8520aa911850919f5f86baeb
B_hash_ranked_06_seed7_marker_clients,True,"[5, 7, 13, 15, 16, 19]"
B_hash_ranked_06_seed7_marker_no_reserved,True,False
B_hash_ranked_06_seed7_poison_pair,True,60d4eeab52f62feb0ddb9bd45a93f3fa5595709751e1e0c5cbb965b3ad981773
B_hash_ranked_06_seed7_marker_poison_hashes,True,60d4eeab52f62feb0ddb9bd45a93f3fa5595709751e1e0c5cbb965b3ad981773
B_hash_ranked_06_seed7_pair_unique,True,"('B_hash_ranked', 6, 7, '60d4eeab52f62feb0ddb9bd45a93f3fa5595709751e1e0c5cbb965b3ad981773')"
B_hash_ranked_06_seed7_plain_seed,True,7
B_hash_ranked_06_seed7_plain_mode,True,strong_attack
B_hash_ranked_06_seed7_plain_test_false,True,False
B_hash_ranked_06_seed7_plain_adapter_return,True,0
B_hash_ranked_06_seed7_plain_adapter_arrays,True,"['X_train', 'X_val', 'y_train', 'y_val']"
B_hash_ranked_06_seed7_plain_adapter_no_reserved,True,False
B_hash_ranked_06_seed7_defense_seed,True,7
B_hash_ranked_06_seed7_defense_mode,True,strong_attack
B_hash_ranked_06_seed7_defense_test_false,True,False
B_hash_ranked_06_seed7_defense_adapter_return,True,0
B_hash_ranked_06_seed7_defense_adapter_arrays,True,"['X_train', 'X_val', 'y_train', 'y_val']"
B_hash_ranked_06_seed7_defense_adapter_no_reserved,True,False
B_hash_ranked_06_seed7_plain_clients,True,"[5, 7, 13, 15, 16, 19]"
B_hash_ranked_06_seed7_defense_policy,True,trusted_reconstruction
B_hash_ranked_06_seed7_recall_column,True,"['monitoring_round', 'global_round', 'mode', 'replacement_policy', 'participating_samples', 'flagged_clients', 'replaced_clients', 'malicious_recall', 'benign_false_positive_rate', 'detection_precision', 'malicious_replacement_recall', 'benign_replacement_rate', 'mean_reconstruction_relative_l2_to_clean_substitute', 'mean_reconstruction_cosine_to_clean_substitute', 'round_seconds', 'val_accuracy', 'val_balanced_accuracy', 'val_macro_f1', 'val_weighted_f1', 'val_mcc', 'val_log_loss', 'val_ece_15bin', 'val_source_support', 'val_target_support', 'val_source_recall', 'val_target_recall', 'val_source_to_target_count', 'val_source_to_target_rate', 'val_target_to_source_count', 'val_target_to_source_rate']"
B_hash_ranked_08_seed7_marker_exists,True,C:\Users\Amm\LFighter-research\results\cic_iot_diad_task45_c2_seed7_v416\B_hash_ranked\size_08\seed_7\_task45_condition_complete.json
B_hash_ranked_08_seed7_plain_meta_exists,True,C:\Users\Amm\LFighter-research\results\cic_iot_diad_task45_c2_seed7_v416\B_hash_ranked\size_08\seed_7\plain_attack\post_warmup_capture_v310_metadata.json
B_hash_ranked_08_seed7_defense_meta_exists,True,C:\Users\Amm\LFighter-research\results\cic_iot_diad_task45_c2_seed7_v416\B_hash_ranked\size_08\seed_7\trusted_reconstruction\trusted_update_reconstruction_v312_metadata.json
B_hash_ranked_08_seed7_plain_adapter_exists,True,C:\Users\Amm\LFighter-research\results\cic_iot_diad_task45_c2_seed7_v416\B_hash_ranked\size_08\seed_7\plain_attack\task45_dev_only_adapter_manifest.json
B_hash_ranked_08_seed7_defense_adapter_exists,True,C:\Users\Amm\LFighter-research\results\cic_iot_diad_task45_c2_seed7_v416\B_hash_ranked\size_08\seed_7\trusted_reconstruction\task45_dev_only_adapter_manifest.json
B_hash_ranked_08_seed7_plain_npz_exists,True,C:\Users\Amm\LFighter-research\results\cic_iot_diad_task45_c2_seed7_v416\B_hash_ranked\size_08\seed_7\plain_attack\attack_manifest\poisoned_indices.npz
B_hash_ranked_08_seed7_defense_npz_exists,True,C:\Users\Amm\LFighter-research\results\cic_iot_diad_task45_c2_seed7_v416\B_hash_ranked\size_08\seed_7\trusted_reconstruction\attack_manifest\poisoned_indices.npz
B_hash_ranked_08_seed7_plain_table_exists,True,C:\Users\Amm\LFighter-research\results\cic_iot_diad_task45_c2_seed7_v416\B_hash_ranked\size_08\seed_7\plain_attack\tables\continuation_round_metrics.csv
B_hash_ranked_08_seed7_defense_table_exists,True,C:\Users\Amm\LFighter-research\results\cic_iot_diad_task45_c2_seed7_v416\B_hash_ranked\size_08\seed_7\trusted_reconstruction\tables\reconstruction_round_metrics.csv
B_hash_ranked_08_seed7_marker_complete,True,True
B_hash_ranked_08_seed7_marker_identity,True,"{'experiment_version': '4.16.C2', 'family_id': 'B_hash_ranked', 'coalition_size': 8, 'selected_clients': '5,7,8,10,13,15,16,19', 'coalition_hash_sha256': 'c8b0bd8177d4575768b29a318dd16b314bd353b12fd72ec555865c54614d99a0', 'seed': 7, 'plain_poison_semantic_sha256': '1ed622dbeb0627f21d8b76cc765f986f099779f10437720f3278d36c5f26fc90', 'defense_poison_semantic_sha256': '1ed622dbeb0627f21d8b76cc765f986f099779f10437720f3278d36c5f26fc90', 'exact_poison_pair': True, 'reserved_test_arrays_materialized': False, 'complete': True}"
B_hash_ranked_08_seed7_marker_hash,True,c8b0bd8177d4575768b29a318dd16b314bd353b12fd72ec555865c54614d99a0
B_hash_ranked_08_seed7_marker_clients,True,"[5, 7, 8, 10, 13, 15, 16, 19]"
B_hash_ranked_08_seed7_marker_no_reserved,True,False
B_hash_ranked_08_seed7_poison_pair,True,1ed622dbeb0627f21d8b76cc765f986f099779f10437720f3278d36c5f26fc90
B_hash_ranked_08_seed7_marker_poison_hashes,True,1ed622dbeb0627f21d8b76cc765f986f099779f10437720f3278d36c5f26fc90
B_hash_ranked_08_seed7_pair_unique,True,"('B_hash_ranked', 8, 7, '1ed622dbeb0627f21d8b76cc765f986f099779f10437720f3278d36c5f26fc90')"
B_hash_ranked_08_seed7_plain_seed,True,7
B_hash_ranked_08_seed7_plain_mode,True,strong_attack
B_hash_ranked_08_seed7_plain_test_false,True,False
B_hash_ranked_08_seed7_plain_adapter_return,True,0
B_hash_ranked_08_seed7_plain_adapter_arrays,True,"['X_train', 'X_val', 'y_train', 'y_val']"
B_hash_ranked_08_seed7_plain_adapter_no_reserved,True,False
B_hash_ranked_08_seed7_defense_seed,True,7
B_hash_ranked_08_seed7_defense_mode,True,strong_attack
B_hash_ranked_08_seed7_defense_test_false,True,False
B_hash_ranked_08_seed7_defense_adapter_return,True,0
B_hash_ranked_08_seed7_defense_adapter_arrays,True,"['X_train', 'X_val', 'y_train', 'y_val']"
B_hash_ranked_08_seed7_defense_adapter_no_reserved,True,False
B_hash_ranked_08_seed7_plain_clients,True,"[5, 7, 8, 10, 13, 15, 16, 19]"
B_hash_ranked_08_seed7_defense_policy,True,trusted_reconstruction
B_hash_ranked_08_seed7_recall_column,True,"['monitoring_round', 'global_round', 'mode', 'replacement_policy', 'participating_samples', 'flagged_clients', 'replaced_clients', 'malicious_recall', 'benign_false_positive_rate', 'detection_precision', 'malicious_replacement_recall', 'benign_replacement_rate', 'mean_reconstruction_relative_l2_to_clean_substitute', 'mean_reconstruction_cosine_to_clean_substitute', 'round_seconds', 'val_accuracy', 'val_balanced_accuracy', 'val_macro_f1', 'val_weighted_f1', 'val_mcc', 'val_log_loss', 'val_ece_15bin', 'val_source_support', 'val_target_support', 'val_source_recall', 'val_target_recall', 'val_source_to_target_count', 'val_source_to_target_rate', 'val_target_to_source_count', 'val_target_to_source_rate']"
B_hash_ranked_10_seed7_marker_exists,True,C:\Users\Amm\LFighter-research\results\cic_iot_diad_task45_c2_seed7_v416\B_hash_ranked\size_10\seed_7\_task45_condition_complete.json
B_hash_ranked_10_seed7_plain_meta_exists,True,C:\Users\Amm\LFighter-research\results\cic_iot_diad_task45_c2_seed7_v416\B_hash_ranked\size_10\seed_7\plain_attack\post_warmup_capture_v310_metadata.json
B_hash_ranked_10_seed7_defense_meta_exists,True,C:\Users\Amm\LFighter-research\results\cic_iot_diad_task45_c2_seed7_v416\B_hash_ranked\size_10\seed_7\trusted_reconstruction\trusted_update_reconstruction_v312_metadata.json
B_hash_ranked_10_seed7_plain_adapter_exists,True,C:\Users\Amm\LFighter-research\results\cic_iot_diad_task45_c2_seed7_v416\B_hash_ranked\size_10\seed_7\plain_attack\task45_dev_only_adapter_manifest.json
B_hash_ranked_10_seed7_defense_adapter_exists,True,C:\Users\Amm\LFighter-research\results\cic_iot_diad_task45_c2_seed7_v416\B_hash_ranked\size_10\seed_7\trusted_reconstruction\task45_dev_only_adapter_manifest.json
B_hash_ranked_10_seed7_plain_npz_exists,True,C:\Users\Amm\LFighter-research\results\cic_iot_diad_task45_c2_seed7_v416\B_hash_ranked\size_10\seed_7\plain_attack\attack_manifest\poisoned_indices.npz
B_hash_ranked_10_seed7_defense_npz_exists,True,C:\Users\Amm\LFighter-research\results\cic_iot_diad_task45_c2_seed7_v416\B_hash_ranked\size_10\seed_7\trusted_reconstruction\attack_manifest\poisoned_indices.npz
B_hash_ranked_10_seed7_plain_table_exists,True,C:\Users\Amm\LFighter-research\results\cic_iot_diad_task45_c2_seed7_v416\B_hash_ranked\size_10\seed_7\plain_attack\tables\continuation_round_metrics.csv
B_hash_ranked_10_seed7_defense_table_exists,True,C:\Users\Amm\LFighter-research\results\cic_iot_diad_task45_c2_seed7_v416\B_hash_ranked\size_10\seed_7\trusted_reconstruction\tables\reconstruction_round_metrics.csv
B_hash_ranked_10_seed7_marker_complete,True,True
B_hash_ranked_10_seed7_marker_identity,True,"{'experiment_version': '4.16.C2', 'family_id': 'B_hash_ranked', 'coalition_size': 10, 'selected_clients': '5,7,8,10,13,14,15,16,18,19', 'coalition_hash_sha256': '3552fa14a4f9917ffe20a09bf2a61c11d0e089205ea0106be665c3865cadc179', 'seed': 7, 'plain_poison_semantic_sha256': '5fcde7d75a5d74e59364dd311a3fae88299fa49ea0b734c27aabca588e43f27b', 'defense_poison_semantic_sha256': '5fcde7d75a5d74e59364dd311a3fae88299fa49ea0b734c27aabca588e43f27b', 'exact_poison_pair': True, 'reserved_test_arrays_materialized': False, 'complete': True}"
B_hash_ranked_10_seed7_marker_hash,True,3552fa14a4f9917ffe20a09bf2a61c11d0e089205ea0106be665c3865cadc179
B_hash_ranked_10_seed7_marker_clients,True,"[5, 7, 8, 10, 13, 14, 15, 16, 18, 19]"
B_hash_ranked_10_seed7_marker_no_reserved,True,False
B_hash_ranked_10_seed7_poison_pair,True,5fcde7d75a5d74e59364dd311a3fae88299fa49ea0b734c27aabca588e43f27b
B_hash_ranked_10_seed7_marker_poison_hashes,True,5fcde7d75a5d74e59364dd311a3fae88299fa49ea0b734c27aabca588e43f27b
B_hash_ranked_10_seed7_pair_unique,True,"('B_hash_ranked', 10, 7, '5fcde7d75a5d74e59364dd311a3fae88299fa49ea0b734c27aabca588e43f27b')"
B_hash_ranked_10_seed7_plain_seed,True,7
B_hash_ranked_10_seed7_plain_mode,True,strong_attack
B_hash_ranked_10_seed7_plain_test_false,True,False
B_hash_ranked_10_seed7_plain_adapter_return,True,0
B_hash_ranked_10_seed7_plain_adapter_arrays,True,"['X_train', 'X_val', 'y_train', 'y_val']"
B_hash_ranked_10_seed7_plain_adapter_no_reserved,True,False
B_hash_ranked_10_seed7_defense_seed,True,7
B_hash_ranked_10_seed7_defense_mode,True,strong_attack
B_hash_ranked_10_seed7_defense_test_false,True,False
B_hash_ranked_10_seed7_defense_adapter_return,True,0
B_hash_ranked_10_seed7_defense_adapter_arrays,True,"['X_train', 'X_val', 'y_train', 'y_val']"
B_hash_ranked_10_seed7_defense_adapter_no_reserved,True,False
B_hash_ranked_10_seed7_plain_clients,True,"[5, 7, 8, 10, 13, 14, 15, 16, 18, 19]"
B_hash_ranked_10_seed7_defense_policy,True,trusted_reconstruction
B_hash_ranked_10_seed7_recall_column,True,"['monitoring_round', 'global_round', 'mode', 'replacement_policy', 'participating_samples', 'flagged_clients', 'replaced_clients', 'malicious_recall', 'benign_false_positive_rate', 'detection_precision', 'malicious_replacement_recall', 'benign_replacement_rate', 'mean_reconstruction_relative_l2_to_clean_substitute', 'mean_reconstruction_cosine_to_clean_substitute', 'round_seconds', 'val_accuracy', 'val_balanced_accuracy', 'val_macro_f1', 'val_weighted_f1', 'val_mcc', 'val_log_loss', 'val_ece_15bin', 'val_source_support', 'val_target_support', 'val_source_recall', 'val_target_recall', 'val_source_to_target_count', 'val_source_to_target_rate', 'val_target_to_source_count', 'val_target_to_source_rate']"
C_hash_ranked_01_seed7_marker_exists,True,C:\Users\Amm\LFighter-research\results\cic_iot_diad_task45_c2_seed7_v416\C_hash_ranked\size_01\seed_7\_task45_condition_complete.json
C_hash_ranked_01_seed7_plain_meta_exists,True,C:\Users\Amm\LFighter-research\results\cic_iot_diad_task45_c2_seed7_v416\C_hash_ranked\size_01\seed_7\plain_attack\post_warmup_capture_v310_metadata.json
C_hash_ranked_01_seed7_defense_meta_exists,True,C:\Users\Amm\LFighter-research\results\cic_iot_diad_task45_c2_seed7_v416\C_hash_ranked\size_01\seed_7\trusted_reconstruction\trusted_update_reconstruction_v312_metadata.json
C_hash_ranked_01_seed7_plain_adapter_exists,True,C:\Users\Amm\LFighter-research\results\cic_iot_diad_task45_c2_seed7_v416\C_hash_ranked\size_01\seed_7\plain_attack\task45_dev_only_adapter_manifest.json
C_hash_ranked_01_seed7_defense_adapter_exists,True,C:\Users\Amm\LFighter-research\results\cic_iot_diad_task45_c2_seed7_v416\C_hash_ranked\size_01\seed_7\trusted_reconstruction\task45_dev_only_adapter_manifest.json
C_hash_ranked_01_seed7_plain_npz_exists,True,C:\Users\Amm\LFighter-research\results\cic_iot_diad_task45_c2_seed7_v416\C_hash_ranked\size_01\seed_7\plain_attack\attack_manifest\poisoned_indices.npz
C_hash_ranked_01_seed7_defense_npz_exists,True,C:\Users\Amm\LFighter-research\results\cic_iot_diad_task45_c2_seed7_v416\C_hash_ranked\size_01\seed_7\trusted_reconstruction\attack_manifest\poisoned_indices.npz
C_hash_ranked_01_seed7_plain_table_exists,True,C:\Users\Amm\LFighter-research\results\cic_iot_diad_task45_c2_seed7_v416\C_hash_ranked\size_01\seed_7\plain_attack\tables\continuation_round_metrics.csv
C_hash_ranked_01_seed7_defense_table_exists,True,C:\Users\Amm\LFighter-research\results\cic_iot_diad_task45_c2_seed7_v416\C_hash_ranked\size_01\seed_7\trusted_reconstruction\tables\reconstruction_round_metrics.csv
C_hash_ranked_01_seed7_marker_complete,True,True
C_hash_ranked_01_seed7_marker_identity,True,"{'experiment_version': '4.16.C2', 'family_id': 'C_hash_ranked', 'coalition_size': 1, 'selected_clients': '8', 'coalition_hash_sha256': '1adf49df5786391b4820bf1bde0607aac27fde34632bbf01fd2f6918ee3e1c88', 'seed': 7, 'plain_poison_semantic_sha256': '4fea8f6e41b7bef5f7fa3aec4ef395a90a6affef736262295a58b01401a83467', 'defense_poison_semantic_sha256': '4fea8f6e41b7bef5f7fa3aec4ef395a90a6affef736262295a58b01401a83467', 'exact_poison_pair': True, 'reserved_test_arrays_materialized': False, 'complete': True}"
C_hash_ranked_01_seed7_marker_hash,True,1adf49df5786391b4820bf1bde0607aac27fde34632bbf01fd2f6918ee3e1c88
C_hash_ranked_01_seed7_marker_clients,True,[8]
C_hash_ranked_01_seed7_marker_no_reserved,True,False
C_hash_ranked_01_seed7_poison_pair,True,4fea8f6e41b7bef5f7fa3aec4ef395a90a6affef736262295a58b01401a83467
C_hash_ranked_01_seed7_marker_poison_hashes,True,4fea8f6e41b7bef5f7fa3aec4ef395a90a6affef736262295a58b01401a83467
C_hash_ranked_01_seed7_pair_unique,True,"('C_hash_ranked', 1, 7, '4fea8f6e41b7bef5f7fa3aec4ef395a90a6affef736262295a58b01401a83467')"
C_hash_ranked_01_seed7_plain_seed,True,7
C_hash_ranked_01_seed7_plain_mode,True,strong_attack
C_hash_ranked_01_seed7_plain_test_false,True,False
C_hash_ranked_01_seed7_plain_adapter_return,True,0
C_hash_ranked_01_seed7_plain_adapter_arrays,True,"['X_train', 'X_val', 'y_train', 'y_val']"
C_hash_ranked_01_seed7_plain_adapter_no_reserved,True,False
C_hash_ranked_01_seed7_defense_seed,True,7
C_hash_ranked_01_seed7_defense_mode,True,strong_attack
C_hash_ranked_01_seed7_defense_test_false,True,False
C_hash_ranked_01_seed7_defense_adapter_return,True,0
C_hash_ranked_01_seed7_defense_adapter_arrays,True,"['X_train', 'X_val', 'y_train', 'y_val']"
C_hash_ranked_01_seed7_defense_adapter_no_reserved,True,False
C_hash_ranked_01_seed7_plain_clients,True,[8]
C_hash_ranked_01_seed7_defense_policy,True,trusted_reconstruction
C_hash_ranked_01_seed7_recall_column,True,"['monitoring_round', 'global_round', 'mode', 'replacement_policy', 'participating_samples', 'flagged_clients', 'replaced_clients', 'malicious_recall', 'benign_false_positive_rate', 'detection_precision', 'malicious_replacement_recall', 'benign_replacement_rate', 'mean_reconstruction_relative_l2_to_clean_substitute', 'mean_reconstruction_cosine_to_clean_substitute', 'round_seconds', 'val_accuracy', 'val_balanced_accuracy', 'val_macro_f1', 'val_weighted_f1', 'val_mcc', 'val_log_loss', 'val_ece_15bin', 'val_source_support', 'val_target_support', 'val_source_recall', 'val_target_recall', 'val_source_to_target_count', 'val_source_to_target_rate', 'val_target_to_source_count', 'val_target_to_source_rate']"
C_hash_ranked_02_seed7_marker_exists,True,C:\Users\Amm\LFighter-research\results\cic_iot_diad_task45_c2_seed7_v416\C_hash_ranked\size_02\seed_7\_task45_condition_complete.json
C_hash_ranked_02_seed7_plain_meta_exists,True,C:\Users\Amm\LFighter-research\results\cic_iot_diad_task45_c2_seed7_v416\C_hash_ranked\size_02\seed_7\plain_attack\post_warmup_capture_v310_metadata.json
C_hash_ranked_02_seed7_defense_meta_exists,True,C:\Users\Amm\LFighter-research\results\cic_iot_diad_task45_c2_seed7_v416\C_hash_ranked\size_02\seed_7\trusted_reconstruction\trusted_update_reconstruction_v312_metadata.json
C_hash_ranked_02_seed7_plain_adapter_exists,True,C:\Users\Amm\LFighter-research\results\cic_iot_diad_task45_c2_seed7_v416\C_hash_ranked\size_02\seed_7\plain_attack\task45_dev_only_adapter_manifest.json
C_hash_ranked_02_seed7_defense_adapter_exists,True,C:\Users\Amm\LFighter-research\results\cic_iot_diad_task45_c2_seed7_v416\C_hash_ranked\size_02\seed_7\trusted_reconstruction\task45_dev_only_adapter_manifest.json
C_hash_ranked_02_seed7_plain_npz_exists,True,C:\Users\Amm\LFighter-research\results\cic_iot_diad_task45_c2_seed7_v416\C_hash_ranked\size_02\seed_7\plain_attack\attack_manifest\poisoned_indices.npz
C_hash_ranked_02_seed7_defense_npz_exists,True,C:\Users\Amm\LFighter-research\results\cic_iot_diad_task45_c2_seed7_v416\C_hash_ranked\size_02\seed_7\trusted_reconstruction\attack_manifest\poisoned_indices.npz
C_hash_ranked_02_seed7_plain_table_exists,True,C:\Users\Amm\LFighter-research\results\cic_iot_diad_task45_c2_seed7_v416\C_hash_ranked\size_02\seed_7\plain_attack\tables\continuation_round_metrics.csv
C_hash_ranked_02_seed7_defense_table_exists,True,C:\Users\Amm\LFighter-research\results\cic_iot_diad_task45_c2_seed7_v416\C_hash_ranked\size_02\seed_7\trusted_reconstruction\tables\reconstruction_round_metrics.csv
C_hash_ranked_02_seed7_marker_complete,True,True
C_hash_ranked_02_seed7_marker_identity,True,"{'experiment_version': '4.16.C2', 'family_id': 'C_hash_ranked', 'coalition_size': 2, 'selected_clients': '8,16', 'coalition_hash_sha256': '9347f66a68b372225528417ebdc9a16d4b34667ef23220877b67ad56dfc4e452', 'seed': 7, 'plain_poison_semantic_sha256': 'd8f6afb60f340ab8fec67bf1726b2d215e93f21c63b8fed6ba7ec329c78b5d3c', 'defense_poison_semantic_sha256': 'd8f6afb60f340ab8fec67bf1726b2d215e93f21c63b8fed6ba7ec329c78b5d3c', 'exact_poison_pair': True, 'reserved_test_arrays_materialized': False, 'complete': True}"
C_hash_ranked_02_seed7_marker_hash,True,9347f66a68b372225528417ebdc9a16d4b34667ef23220877b67ad56dfc4e452
C_hash_ranked_02_seed7_marker_clients,True,"[8, 16]"
C_hash_ranked_02_seed7_marker_no_reserved,True,False
C_hash_ranked_02_seed7_poison_pair,True,d8f6afb60f340ab8fec67bf1726b2d215e93f21c63b8fed6ba7ec329c78b5d3c
C_hash_ranked_02_seed7_marker_poison_hashes,True,d8f6afb60f340ab8fec67bf1726b2d215e93f21c63b8fed6ba7ec329c78b5d3c
C_hash_ranked_02_seed7_pair_unique,True,"('C_hash_ranked', 2, 7, 'd8f6afb60f340ab8fec67bf1726b2d215e93f21c63b8fed6ba7ec329c78b5d3c')"
C_hash_ranked_02_seed7_plain_seed,True,7
C_hash_ranked_02_seed7_plain_mode,True,strong_attack
C_hash_ranked_02_seed7_plain_test_false,True,False
C_hash_ranked_02_seed7_plain_adapter_return,True,0
C_hash_ranked_02_seed7_plain_adapter_arrays,True,"['X_train', 'X_val', 'y_train', 'y_val']"
C_hash_ranked_02_seed7_plain_adapter_no_reserved,True,False
C_hash_ranked_02_seed7_defense_seed,True,7
C_hash_ranked_02_seed7_defense_mode,True,strong_attack
C_hash_ranked_02_seed7_defense_test_false,True,False
C_hash_ranked_02_seed7_defense_adapter_return,True,0
C_hash_ranked_02_seed7_defense_adapter_arrays,True,"['X_train', 'X_val', 'y_train', 'y_val']"
C_hash_ranked_02_seed7_defense_adapter_no_reserved,True,False
C_hash_ranked_02_seed7_plain_clients,True,"[8, 16]"
C_hash_ranked_02_seed7_defense_policy,True,trusted_reconstruction
C_hash_ranked_02_seed7_recall_column,True,"['monitoring_round', 'global_round', 'mode', 'replacement_policy', 'participating_samples', 'flagged_clients', 'replaced_clients', 'malicious_recall', 'benign_false_positive_rate', 'detection_precision', 'malicious_replacement_recall', 'benign_replacement_rate', 'mean_reconstruction_relative_l2_to_clean_substitute', 'mean_reconstruction_cosine_to_clean_substitute', 'round_seconds', 'val_accuracy', 'val_balanced_accuracy', 'val_macro_f1', 'val_weighted_f1', 'val_mcc', 'val_log_loss', 'val_ece_15bin', 'val_source_support', 'val_target_support', 'val_source_recall', 'val_target_recall', 'val_source_to_target_count', 'val_source_to_target_rate', 'val_target_to_source_count', 'val_target_to_source_rate']"
C_hash_ranked_04_seed7_marker_exists,True,C:\Users\Amm\LFighter-research\results\cic_iot_diad_task45_c2_seed7_v416\C_hash_ranked\size_04\seed_7\_task45_condition_complete.json
C_hash_ranked_04_seed7_plain_meta_exists,True,C:\Users\Amm\LFighter-research\results\cic_iot_diad_task45_c2_seed7_v416\C_hash_ranked\size_04\seed_7\plain_attack\post_warmup_capture_v310_metadata.json
C_hash_ranked_04_seed7_defense_meta_exists,True,C:\Users\Amm\LFighter-research\results\cic_iot_diad_task45_c2_seed7_v416\C_hash_ranked\size_04\seed_7\trusted_reconstruction\trusted_update_reconstruction_v312_metadata.json
C_hash_ranked_04_seed7_plain_adapter_exists,True,C:\Users\Amm\LFighter-research\results\cic_iot_diad_task45_c2_seed7_v416\C_hash_ranked\size_04\seed_7\plain_attack\task45_dev_only_adapter_manifest.json
C_hash_ranked_04_seed7_defense_adapter_exists,True,C:\Users\Amm\LFighter-research\results\cic_iot_diad_task45_c2_seed7_v416\C_hash_ranked\size_04\seed_7\trusted_reconstruction\task45_dev_only_adapter_manifest.json
C_hash_ranked_04_seed7_plain_npz_exists,True,C:\Users\Amm\LFighter-research\results\cic_iot_diad_task45_c2_seed7_v416\C_hash_ranked\size_04\seed_7\plain_attack\attack_manifest\poisoned_indices.npz
C_hash_ranked_04_seed7_defense_npz_exists,True,C:\Users\Amm\LFighter-research\results\cic_iot_diad_task45_c2_seed7_v416\C_hash_ranked\size_04\seed_7\trusted_reconstruction\attack_manifest\poisoned_indices.npz
C_hash_ranked_04_seed7_plain_table_exists,True,C:\Users\Amm\LFighter-research\results\cic_iot_diad_task45_c2_seed7_v416\C_hash_ranked\size_04\seed_7\plain_attack\tables\continuation_round_metrics.csv
C_hash_ranked_04_seed7_defense_table_exists,True,C:\Users\Amm\LFighter-research\results\cic_iot_diad_task45_c2_seed7_v416\C_hash_ranked\size_04\seed_7\trusted_reconstruction\tables\reconstruction_round_metrics.csv
C_hash_ranked_04_seed7_marker_complete,True,True
C_hash_ranked_04_seed7_marker_identity,True,"{'experiment_version': '4.16.C2', 'family_id': 'C_hash_ranked', 'coalition_size': 4, 'selected_clients': '3,5,8,16', 'coalition_hash_sha256': '941febe4fcc2eb538be9e595aa1706b452b5e76b809864f1607c49b1070d9e89', 'seed': 7, 'plain_poison_semantic_sha256': '297a3ed256329cae36358ee2aaf2436d5eded2866582a36d7fd73f6c84391e83', 'defense_poison_semantic_sha256': '297a3ed256329cae36358ee2aaf2436d5eded2866582a36d7fd73f6c84391e83', 'exact_poison_pair': True, 'reserved_test_arrays_materialized': False, 'complete': True}"
C_hash_ranked_04_seed7_marker_hash,True,941febe4fcc2eb538be9e595aa1706b452b5e76b809864f1607c49b1070d9e89
C_hash_ranked_04_seed7_marker_clients,True,"[3, 5, 8, 16]"
C_hash_ranked_04_seed7_marker_no_reserved,True,False
C_hash_ranked_04_seed7_poison_pair,True,297a3ed256329cae36358ee2aaf2436d5eded2866582a36d7fd73f6c84391e83
C_hash_ranked_04_seed7_marker_poison_hashes,True,297a3ed256329cae36358ee2aaf2436d5eded2866582a36d7fd73f6c84391e83
C_hash_ranked_04_seed7_pair_unique,True,"('C_hash_ranked', 4, 7, '297a3ed256329cae36358ee2aaf2436d5eded2866582a36d7fd73f6c84391e83')"
C_hash_ranked_04_seed7_plain_seed,True,7
C_hash_ranked_04_seed7_plain_mode,True,strong_attack
C_hash_ranked_04_seed7_plain_test_false,True,False
C_hash_ranked_04_seed7_plain_adapter_return,True,0
C_hash_ranked_04_seed7_plain_adapter_arrays,True,"['X_train', 'X_val', 'y_train', 'y_val']"
C_hash_ranked_04_seed7_plain_adapter_no_reserved,True,False
C_hash_ranked_04_seed7_defense_seed,True,7
C_hash_ranked_04_seed7_defense_mode,True,strong_attack
C_hash_ranked_04_seed7_defense_test_false,True,False
C_hash_ranked_04_seed7_defense_adapter_return,True,0
C_hash_ranked_04_seed7_defense_adapter_arrays,True,"['X_train', 'X_val', 'y_train', 'y_val']"
C_hash_ranked_04_seed7_defense_adapter_no_reserved,True,False
C_hash_ranked_04_seed7_plain_clients,True,"[3, 5, 8, 16]"
C_hash_ranked_04_seed7_defense_policy,True,trusted_reconstruction
C_hash_ranked_04_seed7_recall_column,True,"['monitoring_round', 'global_round', 'mode', 'replacement_policy', 'participating_samples', 'flagged_clients', 'replaced_clients', 'malicious_recall', 'benign_false_positive_rate', 'detection_precision', 'malicious_replacement_recall', 'benign_replacement_rate', 'mean_reconstruction_relative_l2_to_clean_substitute', 'mean_reconstruction_cosine_to_clean_substitute', 'round_seconds', 'val_accuracy', 'val_balanced_accuracy', 'val_macro_f1', 'val_weighted_f1', 'val_mcc', 'val_log_loss', 'val_ece_15bin', 'val_source_support', 'val_target_support', 'val_source_recall', 'val_target_recall', 'val_source_to_target_count', 'val_source_to_target_rate', 'val_target_to_source_count', 'val_target_to_source_rate']"
C_hash_ranked_06_seed7_marker_exists,True,C:\Users\Amm\LFighter-research\results\cic_iot_diad_task45_c2_seed7_v416\C_hash_ranked\size_06\seed_7\_task45_condition_complete.json
C_hash_ranked_06_seed7_plain_meta_exists,True,C:\Users\Amm\LFighter-research\results\cic_iot_diad_task45_c2_seed7_v416\C_hash_ranked\size_06\seed_7\plain_attack\post_warmup_capture_v310_metadata.json
C_hash_ranked_06_seed7_defense_meta_exists,True,C:\Users\Amm\LFighter-research\results\cic_iot_diad_task45_c2_seed7_v416\C_hash_ranked\size_06\seed_7\trusted_reconstruction\trusted_update_reconstruction_v312_metadata.json
C_hash_ranked_06_seed7_plain_adapter_exists,True,C:\Users\Amm\LFighter-research\results\cic_iot_diad_task45_c2_seed7_v416\C_hash_ranked\size_06\seed_7\plain_attack\task45_dev_only_adapter_manifest.json
C_hash_ranked_06_seed7_defense_adapter_exists,True,C:\Users\Amm\LFighter-research\results\cic_iot_diad_task45_c2_seed7_v416\C_hash_ranked\size_06\seed_7\trusted_reconstruction\task45_dev_only_adapter_manifest.json
C_hash_ranked_06_seed7_plain_npz_exists,True,C:\Users\Amm\LFighter-research\results\cic_iot_diad_task45_c2_seed7_v416\C_hash_ranked\size_06\seed_7\plain_attack\attack_manifest\poisoned_indices.npz
C_hash_ranked_06_seed7_defense_npz_exists,True,C:\Users\Amm\LFighter-research\results\cic_iot_diad_task45_c2_seed7_v416\C_hash_ranked\size_06\seed_7\trusted_reconstruction\attack_manifest\poisoned_indices.npz
C_hash_ranked_06_seed7_plain_table_exists,True,C:\Users\Amm\LFighter-research\results\cic_iot_diad_task45_c2_seed7_v416\C_hash_ranked\size_06\seed_7\plain_attack\tables\continuation_round_metrics.csv
C_hash_ranked_06_seed7_defense_table_exists,True,C:\Users\Amm\LFighter-research\results\cic_iot_diad_task45_c2_seed7_v416\C_hash_ranked\size_06\seed_7\trusted_reconstruction\tables\reconstruction_round_metrics.csv
C_hash_ranked_06_seed7_marker_complete,True,True
C_hash_ranked_06_seed7_marker_identity,True,"{'experiment_version': '4.16.C2', 'family_id': 'C_hash_ranked', 'coalition_size': 6, 'selected_clients': '1,3,5,8,16,18', 'coalition_hash_sha256': 'e536b58a40b26950543ab4eda1f8d5651c35d33dea739db0d27e9879e9400a4e', 'seed': 7, 'plain_poison_semantic_sha256': '5015e9179ae48f6a55d20c5b92bcc212d246f4ea005dd67f8f50db51ef354fd6', 'defense_poison_semantic_sha256': '5015e9179ae48f6a55d20c5b92bcc212d246f4ea005dd67f8f50db51ef354fd6', 'exact_poison_pair': True, 'reserved_test_arrays_materialized': False, 'complete': True}"
C_hash_ranked_06_seed7_marker_hash,True,e536b58a40b26950543ab4eda1f8d5651c35d33dea739db0d27e9879e9400a4e
C_hash_ranked_06_seed7_marker_clients,True,"[1, 3, 5, 8, 16, 18]"
C_hash_ranked_06_seed7_marker_no_reserved,True,False
C_hash_ranked_06_seed7_poison_pair,True,5015e9179ae48f6a55d20c5b92bcc212d246f4ea005dd67f8f50db51ef354fd6
C_hash_ranked_06_seed7_marker_poison_hashes,True,5015e9179ae48f6a55d20c5b92bcc212d246f4ea005dd67f8f50db51ef354fd6
C_hash_ranked_06_seed7_pair_unique,True,"('C_hash_ranked', 6, 7, '5015e9179ae48f6a55d20c5b92bcc212d246f4ea005dd67f8f50db51ef354fd6')"
C_hash_ranked_06_seed7_plain_seed,True,7
C_hash_ranked_06_seed7_plain_mode,True,strong_attack
C_hash_ranked_06_seed7_plain_test_false,True,False
C_hash_ranked_06_seed7_plain_adapter_return,True,0
C_hash_ranked_06_seed7_plain_adapter_arrays,True,"['X_train', 'X_val', 'y_train', 'y_val']"
C_hash_ranked_06_seed7_plain_adapter_no_reserved,True,False
C_hash_ranked_06_seed7_defense_seed,True,7
C_hash_ranked_06_seed7_defense_mode,True,strong_attack
C_hash_ranked_06_seed7_defense_test_false,True,False
C_hash_ranked_06_seed7_defense_adapter_return,True,0
C_hash_ranked_06_seed7_defense_adapter_arrays,True,"['X_train', 'X_val', 'y_train', 'y_val']"
C_hash_ranked_06_seed7_defense_adapter_no_reserved,True,False
C_hash_ranked_06_seed7_plain_clients,True,"[1, 3, 5, 8, 16, 18]"
C_hash_ranked_06_seed7_defense_policy,True,trusted_reconstruction
C_hash_ranked_06_seed7_recall_column,True,"['monitoring_round', 'global_round', 'mode', 'replacement_policy', 'participating_samples', 'flagged_clients', 'replaced_clients', 'malicious_recall', 'benign_false_positive_rate', 'detection_precision', 'malicious_replacement_recall', 'benign_replacement_rate', 'mean_reconstruction_relative_l2_to_clean_substitute', 'mean_reconstruction_cosine_to_clean_substitute', 'round_seconds', 'val_accuracy', 'val_balanced_accuracy', 'val_macro_f1', 'val_weighted_f1', 'val_mcc', 'val_log_loss', 'val_ece_15bin', 'val_source_support', 'val_target_support', 'val_source_recall', 'val_target_recall', 'val_source_to_target_count', 'val_source_to_target_rate', 'val_target_to_source_count', 'val_target_to_source_rate']"
C_hash_ranked_08_seed7_marker_exists,True,C:\Users\Amm\LFighter-research\results\cic_iot_diad_task45_c2_seed7_v416\C_hash_ranked\size_08\seed_7\_task45_condition_complete.json
C_hash_ranked_08_seed7_plain_meta_exists,True,C:\Users\Amm\LFighter-research\results\cic_iot_diad_task45_c2_seed7_v416\C_hash_ranked\size_08\seed_7\plain_attack\post_warmup_capture_v310_metadata.json
C_hash_ranked_08_seed7_defense_meta_exists,True,C:\Users\Amm\LFighter-research\results\cic_iot_diad_task45_c2_seed7_v416\C_hash_ranked\size_08\seed_7\trusted_reconstruction\trusted_update_reconstruction_v312_metadata.json
C_hash_ranked_08_seed7_plain_adapter_exists,True,C:\Users\Amm\LFighter-research\results\cic_iot_diad_task45_c2_seed7_v416\C_hash_ranked\size_08\seed_7\plain_attack\task45_dev_only_adapter_manifest.json
C_hash_ranked_08_seed7_defense_adapter_exists,True,C:\Users\Amm\LFighter-research\results\cic_iot_diad_task45_c2_seed7_v416\C_hash_ranked\size_08\seed_7\trusted_reconstruction\task45_dev_only_adapter_manifest.json
C_hash_ranked_08_seed7_plain_npz_exists,True,C:\Users\Amm\LFighter-research\results\cic_iot_diad_task45_c2_seed7_v416\C_hash_ranked\size_08\seed_7\plain_attack\attack_manifest\poisoned_indices.npz
C_hash_ranked_08_seed7_defense_npz_exists,True,C:\Users\Amm\LFighter-research\results\cic_iot_diad_task45_c2_seed7_v416\C_hash_ranked\size_08\seed_7\trusted_reconstruction\attack_manifest\poisoned_indices.npz
C_hash_ranked_08_seed7_plain_table_exists,True,C:\Users\Amm\LFighter-research\results\cic_iot_diad_task45_c2_seed7_v416\C_hash_ranked\size_08\seed_7\plain_attack\tables\continuation_round_metrics.csv
C_hash_ranked_08_seed7_defense_table_exists,True,C:\Users\Amm\LFighter-research\results\cic_iot_diad_task45_c2_seed7_v416\C_hash_ranked\size_08\seed_7\trusted_reconstruction\tables\reconstruction_round_metrics.csv
C_hash_ranked_08_seed7_marker_complete,True,True
C_hash_ranked_08_seed7_marker_identity,True,"{'experiment_version': '4.16.C2', 'family_id': 'C_hash_ranked', 'coalition_size': 8, 'selected_clients': '1,3,5,7,8,15,16,18', 'coalition_hash_sha256': '676ea42612b0f31419bb5e78b2110cf9ec45a1a348b774d2f55c94fdc6d98d2e', 'seed': 7, 'plain_poison_semantic_sha256': 'b80d560b24d5548cb6dc6db15c9a824fa35565dbcb7dc2ffc5692f86d313e486', 'defense_poison_semantic_sha256': 'b80d560b24d5548cb6dc6db15c9a824fa35565dbcb7dc2ffc5692f86d313e486', 'exact_poison_pair': True, 'reserved_test_arrays_materialized': False, 'complete': True}"
C_hash_ranked_08_seed7_marker_hash,True,676ea42612b0f31419bb5e78b2110cf9ec45a1a348b774d2f55c94fdc6d98d2e
C_hash_ranked_08_seed7_marker_clients,True,"[1, 3, 5, 7, 8, 15, 16, 18]"
C_hash_ranked_08_seed7_marker_no_reserved,True,False
C_hash_ranked_08_seed7_poison_pair,True,b80d560b24d5548cb6dc6db15c9a824fa35565dbcb7dc2ffc5692f86d313e486
C_hash_ranked_08_seed7_marker_poison_hashes,True,b80d560b24d5548cb6dc6db15c9a824fa35565dbcb7dc2ffc5692f86d313e486
C_hash_ranked_08_seed7_pair_unique,True,"('C_hash_ranked', 8, 7, 'b80d560b24d5548cb6dc6db15c9a824fa35565dbcb7dc2ffc5692f86d313e486')"
C_hash_ranked_08_seed7_plain_seed,True,7
C_hash_ranked_08_seed7_plain_mode,True,strong_attack
C_hash_ranked_08_seed7_plain_test_false,True,False
C_hash_ranked_08_seed7_plain_adapter_return,True,0
C_hash_ranked_08_seed7_plain_adapter_arrays,True,"['X_train', 'X_val', 'y_train', 'y_val']"
C_hash_ranked_08_seed7_plain_adapter_no_reserved,True,False
C_hash_ranked_08_seed7_defense_seed,True,7
C_hash_ranked_08_seed7_defense_mode,True,strong_attack
C_hash_ranked_08_seed7_defense_test_false,True,False
C_hash_ranked_08_seed7_defense_adapter_return,True,0
C_hash_ranked_08_seed7_defense_adapter_arrays,True,"['X_train', 'X_val', 'y_train', 'y_val']"
C_hash_ranked_08_seed7_defense_adapter_no_reserved,True,False
C_hash_ranked_08_seed7_plain_clients,True,"[1, 3, 5, 7, 8, 15, 16, 18]"
C_hash_ranked_08_seed7_defense_policy,True,trusted_reconstruction
C_hash_ranked_08_seed7_recall_column,True,"['monitoring_round', 'global_round', 'mode', 'replacement_policy', 'participating_samples', 'flagged_clients', 'replaced_clients', 'malicious_recall', 'benign_false_positive_rate', 'detection_precision', 'malicious_replacement_recall', 'benign_replacement_rate', 'mean_reconstruction_relative_l2_to_clean_substitute', 'mean_reconstruction_cosine_to_clean_substitute', 'round_seconds', 'val_accuracy', 'val_balanced_accuracy', 'val_macro_f1', 'val_weighted_f1', 'val_mcc', 'val_log_loss', 'val_ece_15bin', 'val_source_support', 'val_target_support', 'val_source_recall', 'val_target_recall', 'val_source_to_target_count', 'val_source_to_target_rate', 'val_target_to_source_count', 'val_target_to_source_rate']"
C_hash_ranked_10_seed7_marker_exists,True,C:\Users\Amm\LFighter-research\results\cic_iot_diad_task45_c2_seed7_v416\C_hash_ranked\size_10\seed_7\_task45_condition_complete.json
C_hash_ranked_10_seed7_plain_meta_exists,True,C:\Users\Amm\LFighter-research\results\cic_iot_diad_task45_c2_seed7_v416\C_hash_ranked\size_10\seed_7\plain_attack\post_warmup_capture_v310_metadata.json
C_hash_ranked_10_seed7_defense_meta_exists,True,C:\Users\Amm\LFighter-research\results\cic_iot_diad_task45_c2_seed7_v416\C_hash_ranked\size_10\seed_7\trusted_reconstruction\trusted_update_reconstruction_v312_metadata.json
C_hash_ranked_10_seed7_plain_adapter_exists,True,C:\Users\Amm\LFighter-research\results\cic_iot_diad_task45_c2_seed7_v416\C_hash_ranked\size_10\seed_7\plain_attack\task45_dev_only_adapter_manifest.json
C_hash_ranked_10_seed7_defense_adapter_exists,True,C:\Users\Amm\LFighter-research\results\cic_iot_diad_task45_c2_seed7_v416\C_hash_ranked\size_10\seed_7\trusted_reconstruction\task45_dev_only_adapter_manifest.json
C_hash_ranked_10_seed7_plain_npz_exists,True,C:\Users\Amm\LFighter-research\results\cic_iot_diad_task45_c2_seed7_v416\C_hash_ranked\size_10\seed_7\plain_attack\attack_manifest\poisoned_indices.npz
C_hash_ranked_10_seed7_defense_npz_exists,True,C:\Users\Amm\LFighter-research\results\cic_iot_diad_task45_c2_seed7_v416\C_hash_ranked\size_10\seed_7\trusted_reconstruction\attack_manifest\poisoned_indices.npz
C_hash_ranked_10_seed7_plain_table_exists,True,C:\Users\Amm\LFighter-research\results\cic_iot_diad_task45_c2_seed7_v416\C_hash_ranked\size_10\seed_7\plain_attack\tables\continuation_round_metrics.csv
C_hash_ranked_10_seed7_defense_table_exists,True,C:\Users\Amm\LFighter-research\results\cic_iot_diad_task45_c2_seed7_v416\C_hash_ranked\size_10\seed_7\trusted_reconstruction\tables\reconstruction_round_metrics.csv
C_hash_ranked_10_seed7_marker_complete,True,True
C_hash_ranked_10_seed7_marker_identity,True,"{'experiment_version': '4.16.C2', 'family_id': 'C_hash_ranked', 'coalition_size': 10, 'selected_clients': '1,3,5,7,8,14,15,16,18,19', 'coalition_hash_sha256': '3f6725a44f14853874791b25c93070116028e290e056132697919c585856ced8', 'seed': 7, 'plain_poison_semantic_sha256': '86041e9cbaeed6199999b1a2242a147d5e0835c355adef4770bae49472418bab', 'defense_poison_semantic_sha256': '86041e9cbaeed6199999b1a2242a147d5e0835c355adef4770bae49472418bab', 'exact_poison_pair': True, 'reserved_test_arrays_materialized': False, 'complete': True}"
C_hash_ranked_10_seed7_marker_hash,True,3f6725a44f14853874791b25c93070116028e290e056132697919c585856ced8
C_hash_ranked_10_seed7_marker_clients,True,"[1, 3, 5, 7, 8, 14, 15, 16, 18, 19]"
C_hash_ranked_10_seed7_marker_no_reserved,True,False
C_hash_ranked_10_seed7_poison_pair,True,86041e9cbaeed6199999b1a2242a147d5e0835c355adef4770bae49472418bab
C_hash_ranked_10_seed7_marker_poison_hashes,True,86041e9cbaeed6199999b1a2242a147d5e0835c355adef4770bae49472418bab
C_hash_ranked_10_seed7_pair_unique,True,"('C_hash_ranked', 10, 7, '86041e9cbaeed6199999b1a2242a147d5e0835c355adef4770bae49472418bab')"
C_hash_ranked_10_seed7_plain_seed,True,7
C_hash_ranked_10_seed7_plain_mode,True,strong_attack
C_hash_ranked_10_seed7_plain_test_false,True,False
C_hash_ranked_10_seed7_plain_adapter_return,True,0
C_hash_ranked_10_seed7_plain_adapter_arrays,True,"['X_train', 'X_val', 'y_train', 'y_val']"
C_hash_ranked_10_seed7_plain_adapter_no_reserved,True,False
C_hash_ranked_10_seed7_defense_seed,True,7
C_hash_ranked_10_seed7_defense_mode,True,strong_attack
C_hash_ranked_10_seed7_defense_test_false,True,False
C_hash_ranked_10_seed7_defense_adapter_return,True,0
C_hash_ranked_10_seed7_defense_adapter_arrays,True,"['X_train', 'X_val', 'y_train', 'y_val']"
C_hash_ranked_10_seed7_defense_adapter_no_reserved,True,False
C_hash_ranked_10_seed7_plain_clients,True,"[1, 3, 5, 7, 8, 14, 15, 16, 18, 19]"
C_hash_ranked_10_seed7_defense_policy,True,trusted_reconstruction
C_hash_ranked_10_seed7_recall_column,True,"['monitoring_round', 'global_round', 'mode', 'replacement_policy', 'participating_samples', 'flagged_clients', 'replaced_clients', 'malicious_recall', 'benign_false_positive_rate', 'detection_precision', 'malicious_replacement_recall', 'benign_replacement_rate', 'mean_reconstruction_relative_l2_to_clean_substitute', 'mean_reconstruction_cosine_to_clean_substitute', 'round_seconds', 'val_accuracy', 'val_balanced_accuracy', 'val_macro_f1', 'val_weighted_f1', 'val_mcc', 'val_log_loss', 'val_ece_15bin', 'val_source_support', 'val_target_support', 'val_source_recall', 'val_target_recall', 'val_source_to_target_count', 'val_source_to_target_rate', 'val_target_to_source_count', 'val_target_to_source_rate']"
A_development_anchor_01_seed99_marker_exists,True,C:\Users\Amm\LFighter-research\results\cic_iot_diad_task45_c3_multiseed_v416\A_development_anchor\size_01\seed_99\_task45_condition_complete.json
A_development_anchor_01_seed99_plain_meta_exists,True,C:\Users\Amm\LFighter-research\results\cic_iot_diad_task45_c3_multiseed_v416\A_development_anchor\size_01\seed_99\plain_attack\post_warmup_capture_v310_metadata.json
A_development_anchor_01_seed99_defense_meta_exists,True,C:\Users\Amm\LFighter-research\results\cic_iot_diad_task45_c3_multiseed_v416\A_development_anchor\size_01\seed_99\trusted_reconstruction\trusted_update_reconstruction_v312_metadata.json
A_development_anchor_01_seed99_plain_adapter_exists,True,C:\Users\Amm\LFighter-research\results\cic_iot_diad_task45_c3_multiseed_v416\A_development_anchor\size_01\seed_99\plain_attack\task45_dev_only_adapter_manifest.json
A_development_anchor_01_seed99_defense_adapter_exists,True,C:\Users\Amm\LFighter-research\results\cic_iot_diad_task45_c3_multiseed_v416\A_development_anchor\size_01\seed_99\trusted_reconstruction\task45_dev_only_adapter_manifest.json
A_development_anchor_01_seed99_plain_npz_exists,True,C:\Users\Amm\LFighter-research\results\cic_iot_diad_task45_c3_multiseed_v416\A_development_anchor\size_01\seed_99\plain_attack\attack_manifest\poisoned_indices.npz
A_development_anchor_01_seed99_defense_npz_exists,True,C:\Users\Amm\LFighter-research\results\cic_iot_diad_task45_c3_multiseed_v416\A_development_anchor\size_01\seed_99\trusted_reconstruction\attack_manifest\poisoned_indices.npz
A_development_anchor_01_seed99_plain_table_exists,True,C:\Users\Amm\LFighter-research\results\cic_iot_diad_task45_c3_multiseed_v416\A_development_anchor\size_01\seed_99\plain_attack\tables\continuation_round_metrics.csv
A_development_anchor_01_seed99_defense_table_exists,True,C:\Users\Amm\LFighter-research\results\cic_iot_diad_task45_c3_multiseed_v416\A_development_anchor\size_01\seed_99\trusted_reconstruction\tables\reconstruction_round_metrics.csv
A_development_anchor_01_seed99_marker_complete,True,True
A_development_anchor_01_seed99_marker_identity,True,"{'experiment_version': '4.16.C3', 'family_id': 'A_development_anchor', 'coalition_size': 1, 'selected_clients': '7', 'coalition_hash_sha256': '29e2e7d57a2211f44077d1017c6354cdd6378fdd5b035e65f96150053e8eb0f3', 'seed': 99, 'plain_poison_semantic_sha256': '6f09b421c32aa6e697f44a61121b7c43bbfaf047f6b2fa2b18bd710c735630ff', 'defense_poison_semantic_sha256': '6f09b421c32aa6e697f44a61121b7c43bbfaf047f6b2fa2b18bd710c735630ff', 'exact_poison_pair': True, 'reserved_test_arrays_materialized': False, 'complete': True}"
A_development_anchor_01_seed99_marker_hash,True,29e2e7d57a2211f44077d1017c6354cdd6378fdd5b035e65f96150053e8eb0f3
A_development_anchor_01_seed99_marker_clients,True,[7]
A_development_anchor_01_seed99_marker_no_reserved,True,False
A_development_anchor_01_seed99_poison_pair,True,6f09b421c32aa6e697f44a61121b7c43bbfaf047f6b2fa2b18bd710c735630ff
A_development_anchor_01_seed99_marker_poison_hashes,True,6f09b421c32aa6e697f44a61121b7c43bbfaf047f6b2fa2b18bd710c735630ff
A_development_anchor_01_seed99_pair_unique,True,"('A_development_anchor', 1, 99, '6f09b421c32aa6e697f44a61121b7c43bbfaf047f6b2fa2b18bd710c735630ff')"
A_development_anchor_01_seed99_plain_seed,True,99
A_development_anchor_01_seed99_plain_mode,True,strong_attack
A_development_anchor_01_seed99_plain_test_false,True,False
A_development_anchor_01_seed99_plain_adapter_return,True,0
A_development_anchor_01_seed99_plain_adapter_arrays,True,"['X_train', 'X_val', 'y_train', 'y_val']"
A_development_anchor_01_seed99_plain_adapter_no_reserved,True,False
A_development_anchor_01_seed99_defense_seed,True,99
A_development_anchor_01_seed99_defense_mode,True,strong_attack
A_development_anchor_01_seed99_defense_test_false,True,False
A_development_anchor_01_seed99_defense_adapter_return,True,0
A_development_anchor_01_seed99_defense_adapter_arrays,True,"['X_train', 'X_val', 'y_train', 'y_val']"
A_development_anchor_01_seed99_defense_adapter_no_reserved,True,False
A_development_anchor_01_seed99_plain_clients,True,[7]
A_development_anchor_01_seed99_defense_policy,True,trusted_reconstruction
A_development_anchor_01_seed99_recall_column,True,"['monitoring_round', 'global_round', 'mode', 'replacement_policy', 'participating_samples', 'flagged_clients', 'replaced_clients', 'malicious_recall', 'benign_false_positive_rate', 'detection_precision', 'malicious_replacement_recall', 'benign_replacement_rate', 'mean_reconstruction_relative_l2_to_clean_substitute', 'mean_reconstruction_cosine_to_clean_substitute', 'round_seconds', 'val_accuracy', 'val_balanced_accuracy', 'val_macro_f1', 'val_weighted_f1', 'val_mcc', 'val_log_loss', 'val_ece_15bin', 'val_source_support', 'val_target_support', 'val_source_recall', 'val_target_recall', 'val_source_to_target_count', 'val_source_to_target_rate', 'val_target_to_source_count', 'val_target_to_source_rate']"
A_development_anchor_02_seed99_marker_exists,True,C:\Users\Amm\LFighter-research\results\cic_iot_diad_task45_c3_multiseed_v416\A_development_anchor\size_02\seed_99\_task45_condition_complete.json
A_development_anchor_02_seed99_plain_meta_exists,True,C:\Users\Amm\LFighter-research\results\cic_iot_diad_task45_c3_multiseed_v416\A_development_anchor\size_02\seed_99\plain_attack\post_warmup_capture_v310_metadata.json
A_development_anchor_02_seed99_defense_meta_exists,True,C:\Users\Amm\LFighter-research\results\cic_iot_diad_task45_c3_multiseed_v416\A_development_anchor\size_02\seed_99\trusted_reconstruction\trusted_update_reconstruction_v312_metadata.json
A_development_anchor_02_seed99_plain_adapter_exists,True,C:\Users\Amm\LFighter-research\results\cic_iot_diad_task45_c3_multiseed_v416\A_development_anchor\size_02\seed_99\plain_attack\task45_dev_only_adapter_manifest.json
A_development_anchor_02_seed99_defense_adapter_exists,True,C:\Users\Amm\LFighter-research\results\cic_iot_diad_task45_c3_multiseed_v416\A_development_anchor\size_02\seed_99\trusted_reconstruction\task45_dev_only_adapter_manifest.json
A_development_anchor_02_seed99_plain_npz_exists,True,C:\Users\Amm\LFighter-research\results\cic_iot_diad_task45_c3_multiseed_v416\A_development_anchor\size_02\seed_99\plain_attack\attack_manifest\poisoned_indices.npz
A_development_anchor_02_seed99_defense_npz_exists,True,C:\Users\Amm\LFighter-research\results\cic_iot_diad_task45_c3_multiseed_v416\A_development_anchor\size_02\seed_99\trusted_reconstruction\attack_manifest\poisoned_indices.npz
A_development_anchor_02_seed99_plain_table_exists,True,C:\Users\Amm\LFighter-research\results\cic_iot_diad_task45_c3_multiseed_v416\A_development_anchor\size_02\seed_99\plain_attack\tables\continuation_round_metrics.csv
A_development_anchor_02_seed99_defense_table_exists,True,C:\Users\Amm\LFighter-research\results\cic_iot_diad_task45_c3_multiseed_v416\A_development_anchor\size_02\seed_99\trusted_reconstruction\tables\reconstruction_round_metrics.csv
A_development_anchor_02_seed99_marker_complete,True,True
A_development_anchor_02_seed99_marker_identity,True,"{'experiment_version': '4.16.C3', 'family_id': 'A_development_anchor', 'coalition_size': 2, 'selected_clients': '7,15', 'coalition_hash_sha256': '35dc43aa14a38cd046650b1f25e772197fb9f25278538f83a9aaacca235c9555', 'seed': 99, 'plain_poison_semantic_sha256': 'cfa80177de1924138f924bb34edf2d8f7adfeb84e966eab676e4e91b42edb82f', 'defense_poison_semantic_sha256': 'cfa80177de1924138f924bb34edf2d8f7adfeb84e966eab676e4e91b42edb82f', 'exact_poison_pair': True, 'reserved_test_arrays_materialized': False, 'complete': True}"
A_development_anchor_02_seed99_marker_hash,True,35dc43aa14a38cd046650b1f25e772197fb9f25278538f83a9aaacca235c9555
A_development_anchor_02_seed99_marker_clients,True,"[7, 15]"
A_development_anchor_02_seed99_marker_no_reserved,True,False
A_development_anchor_02_seed99_poison_pair,True,cfa80177de1924138f924bb34edf2d8f7adfeb84e966eab676e4e91b42edb82f
A_development_anchor_02_seed99_marker_poison_hashes,True,cfa80177de1924138f924bb34edf2d8f7adfeb84e966eab676e4e91b42edb82f
A_development_anchor_02_seed99_pair_unique,True,"('A_development_anchor', 2, 99, 'cfa80177de1924138f924bb34edf2d8f7adfeb84e966eab676e4e91b42edb82f')"
A_development_anchor_02_seed99_plain_seed,True,99
A_development_anchor_02_seed99_plain_mode,True,strong_attack
A_development_anchor_02_seed99_plain_test_false,True,False
A_development_anchor_02_seed99_plain_adapter_return,True,0
A_development_anchor_02_seed99_plain_adapter_arrays,True,"['X_train', 'X_val', 'y_train', 'y_val']"
A_development_anchor_02_seed99_plain_adapter_no_reserved,True,False
A_development_anchor_02_seed99_defense_seed,True,99
A_development_anchor_02_seed99_defense_mode,True,strong_attack
A_development_anchor_02_seed99_defense_test_false,True,False
A_development_anchor_02_seed99_defense_adapter_return,True,0
A_development_anchor_02_seed99_defense_adapter_arrays,True,"['X_train', 'X_val', 'y_train', 'y_val']"
A_development_anchor_02_seed99_defense_adapter_no_reserved,True,False
A_development_anchor_02_seed99_plain_clients,True,"[7, 15]"
A_development_anchor_02_seed99_defense_policy,True,trusted_reconstruction
A_development_anchor_02_seed99_recall_column,True,"['monitoring_round', 'global_round', 'mode', 'replacement_policy', 'participating_samples', 'flagged_clients', 'replaced_clients', 'malicious_recall', 'benign_false_positive_rate', 'detection_precision', 'malicious_replacement_recall', 'benign_replacement_rate', 'mean_reconstruction_relative_l2_to_clean_substitute', 'mean_reconstruction_cosine_to_clean_substitute', 'round_seconds', 'val_accuracy', 'val_balanced_accuracy', 'val_macro_f1', 'val_weighted_f1', 'val_mcc', 'val_log_loss', 'val_ece_15bin', 'val_source_support', 'val_target_support', 'val_source_recall', 'val_target_recall', 'val_source_to_target_count', 'val_source_to_target_rate', 'val_target_to_source_count', 'val_target_to_source_rate']"
A_development_anchor_04_seed99_marker_exists,True,C:\Users\Amm\LFighter-research\results\cic_iot_diad_task45_c3_multiseed_v416\A_development_anchor\size_04\seed_99\_task45_condition_complete.json
A_development_anchor_04_seed99_plain_meta_exists,True,C:\Users\Amm\LFighter-research\results\cic_iot_diad_task45_c3_multiseed_v416\A_development_anchor\size_04\seed_99\plain_attack\post_warmup_capture_v310_metadata.json
A_development_anchor_04_seed99_defense_meta_exists,True,C:\Users\Amm\LFighter-research\results\cic_iot_diad_task45_c3_multiseed_v416\A_development_anchor\size_04\seed_99\trusted_reconstruction\trusted_update_reconstruction_v312_metadata.json
A_development_anchor_04_seed99_plain_adapter_exists,True,C:\Users\Amm\LFighter-research\results\cic_iot_diad_task45_c3_multiseed_v416\A_development_anchor\size_04\seed_99\plain_attack\task45_dev_only_adapter_manifest.json
A_development_anchor_04_seed99_defense_adapter_exists,True,C:\Users\Amm\LFighter-research\results\cic_iot_diad_task45_c3_multiseed_v416\A_development_anchor\size_04\seed_99\trusted_reconstruction\task45_dev_only_adapter_manifest.json
A_development_anchor_04_seed99_plain_npz_exists,True,C:\Users\Amm\LFighter-research\results\cic_iot_diad_task45_c3_multiseed_v416\A_development_anchor\size_04\seed_99\plain_attack\attack_manifest\poisoned_indices.npz
A_development_anchor_04_seed99_defense_npz_exists,True,C:\Users\Amm\LFighter-research\results\cic_iot_diad_task45_c3_multiseed_v416\A_development_anchor\size_04\seed_99\trusted_reconstruction\attack_manifest\poisoned_indices.npz
A_development_anchor_04_seed99_plain_table_exists,True,C:\Users\Amm\LFighter-research\results\cic_iot_diad_task45_c3_multiseed_v416\A_development_anchor\size_04\seed_99\plain_attack\tables\continuation_round_metrics.csv
A_development_anchor_04_seed99_defense_table_exists,True,C:\Users\Amm\LFighter-research\results\cic_iot_diad_task45_c3_multiseed_v416\A_development_anchor\size_04\seed_99\trusted_reconstruction\tables\reconstruction_round_metrics.csv
A_development_anchor_04_seed99_marker_complete,True,True
A_development_anchor_04_seed99_marker_identity,True,"{'experiment_version': '4.16.C3', 'family_id': 'A_development_anchor', 'coalition_size': 4, 'selected_clients': '1,7,14,15', 'coalition_hash_sha256': 'dcab69ee1d7e9b3132168f1c08ba950a84411263472846e7554751322aba732a', 'seed': 99, 'plain_poison_semantic_sha256': 'f7094d7afaf21433c9d5579678610ef6451b3aa9e767de412a7c3f659fdfc011', 'defense_poison_semantic_sha256': 'f7094d7afaf21433c9d5579678610ef6451b3aa9e767de412a7c3f659fdfc011', 'exact_poison_pair': True, 'reserved_test_arrays_materialized': False, 'complete': True}"
A_development_anchor_04_seed99_marker_hash,True,dcab69ee1d7e9b3132168f1c08ba950a84411263472846e7554751322aba732a
A_development_anchor_04_seed99_marker_clients,True,"[1, 7, 14, 15]"
A_development_anchor_04_seed99_marker_no_reserved,True,False
A_development_anchor_04_seed99_poison_pair,True,f7094d7afaf21433c9d5579678610ef6451b3aa9e767de412a7c3f659fdfc011
A_development_anchor_04_seed99_marker_poison_hashes,True,f7094d7afaf21433c9d5579678610ef6451b3aa9e767de412a7c3f659fdfc011
A_development_anchor_04_seed99_pair_unique,True,"('A_development_anchor', 4, 99, 'f7094d7afaf21433c9d5579678610ef6451b3aa9e767de412a7c3f659fdfc011')"
A_development_anchor_04_seed99_plain_seed,True,99
A_development_anchor_04_seed99_plain_mode,True,strong_attack
A_development_anchor_04_seed99_plain_test_false,True,False
A_development_anchor_04_seed99_plain_adapter_return,True,0
A_development_anchor_04_seed99_plain_adapter_arrays,True,"['X_train', 'X_val', 'y_train', 'y_val']"
A_development_anchor_04_seed99_plain_adapter_no_reserved,True,False
A_development_anchor_04_seed99_defense_seed,True,99
A_development_anchor_04_seed99_defense_mode,True,strong_attack
A_development_anchor_04_seed99_defense_test_false,True,False
A_development_anchor_04_seed99_defense_adapter_return,True,0
A_development_anchor_04_seed99_defense_adapter_arrays,True,"['X_train', 'X_val', 'y_train', 'y_val']"
A_development_anchor_04_seed99_defense_adapter_no_reserved,True,False
A_development_anchor_04_seed99_plain_clients,True,"[1, 7, 14, 15]"
A_development_anchor_04_seed99_defense_policy,True,trusted_reconstruction
A_development_anchor_04_seed99_recall_column,True,"['monitoring_round', 'global_round', 'mode', 'replacement_policy', 'participating_samples', 'flagged_clients', 'replaced_clients', 'malicious_recall', 'benign_false_positive_rate', 'detection_precision', 'malicious_replacement_recall', 'benign_replacement_rate', 'mean_reconstruction_relative_l2_to_clean_substitute', 'mean_reconstruction_cosine_to_clean_substitute', 'round_seconds', 'val_accuracy', 'val_balanced_accuracy', 'val_macro_f1', 'val_weighted_f1', 'val_mcc', 'val_log_loss', 'val_ece_15bin', 'val_source_support', 'val_target_support', 'val_source_recall', 'val_target_recall', 'val_source_to_target_count', 'val_source_to_target_rate', 'val_target_to_source_count', 'val_target_to_source_rate']"
A_development_anchor_06_seed99_marker_exists,True,C:\Users\Amm\LFighter-research\results\cic_iot_diad_task45_c3_multiseed_v416\A_development_anchor\size_06\seed_99\_task45_condition_complete.json
A_development_anchor_06_seed99_plain_meta_exists,True,C:\Users\Amm\LFighter-research\results\cic_iot_diad_task45_c3_multiseed_v416\A_development_anchor\size_06\seed_99\plain_attack\post_warmup_capture_v310_metadata.json
A_development_anchor_06_seed99_defense_meta_exists,True,C:\Users\Amm\LFighter-research\results\cic_iot_diad_task45_c3_multiseed_v416\A_development_anchor\size_06\seed_99\trusted_reconstruction\trusted_update_reconstruction_v312_metadata.json
A_development_anchor_06_seed99_plain_adapter_exists,True,C:\Users\Amm\LFighter-research\results\cic_iot_diad_task45_c3_multiseed_v416\A_development_anchor\size_06\seed_99\plain_attack\task45_dev_only_adapter_manifest.json
A_development_anchor_06_seed99_defense_adapter_exists,True,C:\Users\Amm\LFighter-research\results\cic_iot_diad_task45_c3_multiseed_v416\A_development_anchor\size_06\seed_99\trusted_reconstruction\task45_dev_only_adapter_manifest.json
A_development_anchor_06_seed99_plain_npz_exists,True,C:\Users\Amm\LFighter-research\results\cic_iot_diad_task45_c3_multiseed_v416\A_development_anchor\size_06\seed_99\plain_attack\attack_manifest\poisoned_indices.npz
A_development_anchor_06_seed99_defense_npz_exists,True,C:\Users\Amm\LFighter-research\results\cic_iot_diad_task45_c3_multiseed_v416\A_development_anchor\size_06\seed_99\trusted_reconstruction\attack_manifest\poisoned_indices.npz
A_development_anchor_06_seed99_plain_table_exists,True,C:\Users\Amm\LFighter-research\results\cic_iot_diad_task45_c3_multiseed_v416\A_development_anchor\size_06\seed_99\plain_attack\tables\continuation_round_metrics.csv
A_development_anchor_06_seed99_defense_table_exists,True,C:\Users\Amm\LFighter-research\results\cic_iot_diad_task45_c3_multiseed_v416\A_development_anchor\size_06\seed_99\trusted_reconstruction\tables\reconstruction_round_metrics.csv
A_development_anchor_06_seed99_marker_complete,True,True
A_development_anchor_06_seed99_marker_identity,True,"{'experiment_version': '4.16.C3', 'family_id': 'A_development_anchor', 'coalition_size': 6, 'selected_clients': '1,7,10,14,15,18', 'coalition_hash_sha256': '693fa3fcf63b548fb89a003b00b7cbcb43f6b1aeaddfcc649026150b2a562aa7', 'seed': 99, 'plain_poison_semantic_sha256': '84a4cf3be0102e61839aa709ab5433dd35957123103f1ea7c032a2041146a160', 'defense_poison_semantic_sha256': '84a4cf3be0102e61839aa709ab5433dd35957123103f1ea7c032a2041146a160', 'exact_poison_pair': True, 'reserved_test_arrays_materialized': False, 'complete': True}"
A_development_anchor_06_seed99_marker_hash,True,693fa3fcf63b548fb89a003b00b7cbcb43f6b1aeaddfcc649026150b2a562aa7
A_development_anchor_06_seed99_marker_clients,True,"[1, 7, 10, 14, 15, 18]"
A_development_anchor_06_seed99_marker_no_reserved,True,False
A_development_anchor_06_seed99_poison_pair,True,84a4cf3be0102e61839aa709ab5433dd35957123103f1ea7c032a2041146a160
A_development_anchor_06_seed99_marker_poison_hashes,True,84a4cf3be0102e61839aa709ab5433dd35957123103f1ea7c032a2041146a160
A_development_anchor_06_seed99_pair_unique,True,"('A_development_anchor', 6, 99, '84a4cf3be0102e61839aa709ab5433dd35957123103f1ea7c032a2041146a160')"
A_development_anchor_06_seed99_plain_seed,True,99
A_development_anchor_06_seed99_plain_mode,True,strong_attack
A_development_anchor_06_seed99_plain_test_false,True,False
A_development_anchor_06_seed99_plain_adapter_return,True,0
A_development_anchor_06_seed99_plain_adapter_arrays,True,"['X_train', 'X_val', 'y_train', 'y_val']"
A_development_anchor_06_seed99_plain_adapter_no_reserved,True,False
A_development_anchor_06_seed99_defense_seed,True,99
A_development_anchor_06_seed99_defense_mode,True,strong_attack
A_development_anchor_06_seed99_defense_test_false,True,False
A_development_anchor_06_seed99_defense_adapter_return,True,0
A_development_anchor_06_seed99_defense_adapter_arrays,True,"['X_train', 'X_val', 'y_train', 'y_val']"
A_development_anchor_06_seed99_defense_adapter_no_reserved,True,False
A_development_anchor_06_seed99_plain_clients,True,"[1, 7, 10, 14, 15, 18]"
A_development_anchor_06_seed99_defense_policy,True,trusted_reconstruction
A_development_anchor_06_seed99_recall_column,True,"['monitoring_round', 'global_round', 'mode', 'replacement_policy', 'participating_samples', 'flagged_clients', 'replaced_clients', 'malicious_recall', 'benign_false_positive_rate', 'detection_precision', 'malicious_replacement_recall', 'benign_replacement_rate', 'mean_reconstruction_relative_l2_to_clean_substitute', 'mean_reconstruction_cosine_to_clean_substitute', 'round_seconds', 'val_accuracy', 'val_balanced_accuracy', 'val_macro_f1', 'val_weighted_f1', 'val_mcc', 'val_log_loss', 'val_ece_15bin', 'val_source_support', 'val_target_support', 'val_source_recall', 'val_target_recall', 'val_source_to_target_count', 'val_source_to_target_rate', 'val_target_to_source_count', 'val_target_to_source_rate']"
A_development_anchor_08_seed99_marker_exists,True,C:\Users\Amm\LFighter-research\results\cic_iot_diad_task45_c3_multiseed_v416\A_development_anchor\size_08\seed_99\_task45_condition_complete.json
A_development_anchor_08_seed99_plain_meta_exists,True,C:\Users\Amm\LFighter-research\results\cic_iot_diad_task45_c3_multiseed_v416\A_development_anchor\size_08\seed_99\plain_attack\post_warmup_capture_v310_metadata.json
A_development_anchor_08_seed99_defense_meta_exists,True,C:\Users\Amm\LFighter-research\results\cic_iot_diad_task45_c3_multiseed_v416\A_development_anchor\size_08\seed_99\trusted_reconstruction\trusted_update_reconstruction_v312_metadata.json
A_development_anchor_08_seed99_plain_adapter_exists,True,C:\Users\Amm\LFighter-research\results\cic_iot_diad_task45_c3_multiseed_v416\A_development_anchor\size_08\seed_99\plain_attack\task45_dev_only_adapter_manifest.json
A_development_anchor_08_seed99_defense_adapter_exists,True,C:\Users\Amm\LFighter-research\results\cic_iot_diad_task45_c3_multiseed_v416\A_development_anchor\size_08\seed_99\trusted_reconstruction\task45_dev_only_adapter_manifest.json
A_development_anchor_08_seed99_plain_npz_exists,True,C:\Users\Amm\LFighter-research\results\cic_iot_diad_task45_c3_multiseed_v416\A_development_anchor\size_08\seed_99\plain_attack\attack_manifest\poisoned_indices.npz
A_development_anchor_08_seed99_defense_npz_exists,True,C:\Users\Amm\LFighter-research\results\cic_iot_diad_task45_c3_multiseed_v416\A_development_anchor\size_08\seed_99\trusted_reconstruction\attack_manifest\poisoned_indices.npz
A_development_anchor_08_seed99_plain_table_exists,True,C:\Users\Amm\LFighter-research\results\cic_iot_diad_task45_c3_multiseed_v416\A_development_anchor\size_08\seed_99\plain_attack\tables\continuation_round_metrics.csv
A_development_anchor_08_seed99_defense_table_exists,True,C:\Users\Amm\LFighter-research\results\cic_iot_diad_task45_c3_multiseed_v416\A_development_anchor\size_08\seed_99\trusted_reconstruction\tables\reconstruction_round_metrics.csv
A_development_anchor_08_seed99_marker_complete,True,True
A_development_anchor_08_seed99_marker_identity,True,"{'experiment_version': '4.16.C3', 'family_id': 'A_development_anchor', 'coalition_size': 8, 'selected_clients': '1,7,8,10,14,15,17,18', 'coalition_hash_sha256': '742494843cc211e0d11c86aa05931ea09514c8aa229a426f0c848de581c72245', 'seed': 99, 'plain_poison_semantic_sha256': 'a54f31fbc3e748850b5f9707026c22fdd6616a05c32f62bfb38388dfd4b05102', 'defense_poison_semantic_sha256': 'a54f31fbc3e748850b5f9707026c22fdd6616a05c32f62bfb38388dfd4b05102', 'exact_poison_pair': True, 'reserved_test_arrays_materialized': False, 'complete': True}"
A_development_anchor_08_seed99_marker_hash,True,742494843cc211e0d11c86aa05931ea09514c8aa229a426f0c848de581c72245
A_development_anchor_08_seed99_marker_clients,True,"[1, 7, 8, 10, 14, 15, 17, 18]"
A_development_anchor_08_seed99_marker_no_reserved,True,False
A_development_anchor_08_seed99_poison_pair,True,a54f31fbc3e748850b5f9707026c22fdd6616a05c32f62bfb38388dfd4b05102
A_development_anchor_08_seed99_marker_poison_hashes,True,a54f31fbc3e748850b5f9707026c22fdd6616a05c32f62bfb38388dfd4b05102
A_development_anchor_08_seed99_pair_unique,True,"('A_development_anchor', 8, 99, 'a54f31fbc3e748850b5f9707026c22fdd6616a05c32f62bfb38388dfd4b05102')"
A_development_anchor_08_seed99_plain_seed,True,99
A_development_anchor_08_seed99_plain_mode,True,strong_attack
A_development_anchor_08_seed99_plain_test_false,True,False
A_development_anchor_08_seed99_plain_adapter_return,True,0
A_development_anchor_08_seed99_plain_adapter_arrays,True,"['X_train', 'X_val', 'y_train', 'y_val']"
A_development_anchor_08_seed99_plain_adapter_no_reserved,True,False
A_development_anchor_08_seed99_defense_seed,True,99
A_development_anchor_08_seed99_defense_mode,True,strong_attack
A_development_anchor_08_seed99_defense_test_false,True,False
A_development_anchor_08_seed99_defense_adapter_return,True,0
A_development_anchor_08_seed99_defense_adapter_arrays,True,"['X_train', 'X_val', 'y_train', 'y_val']"
A_development_anchor_08_seed99_defense_adapter_no_reserved,True,False
A_development_anchor_08_seed99_plain_clients,True,"[1, 7, 8, 10, 14, 15, 17, 18]"
A_development_anchor_08_seed99_defense_policy,True,trusted_reconstruction
A_development_anchor_08_seed99_recall_column,True,"['monitoring_round', 'global_round', 'mode', 'replacement_policy', 'participating_samples', 'flagged_clients', 'replaced_clients', 'malicious_recall', 'benign_false_positive_rate', 'detection_precision', 'malicious_replacement_recall', 'benign_replacement_rate', 'mean_reconstruction_relative_l2_to_clean_substitute', 'mean_reconstruction_cosine_to_clean_substitute', 'round_seconds', 'val_accuracy', 'val_balanced_accuracy', 'val_macro_f1', 'val_weighted_f1', 'val_mcc', 'val_log_loss', 'val_ece_15bin', 'val_source_support', 'val_target_support', 'val_source_recall', 'val_target_recall', 'val_source_to_target_count', 'val_source_to_target_rate', 'val_target_to_source_count', 'val_target_to_source_rate']"
A_development_anchor_10_seed99_marker_exists,True,C:\Users\Amm\LFighter-research\results\cic_iot_diad_task45_c3_multiseed_v416\A_development_anchor\size_10\seed_99\_task45_condition_complete.json
A_development_anchor_10_seed99_plain_meta_exists,True,C:\Users\Amm\LFighter-research\results\cic_iot_diad_task45_c3_multiseed_v416\A_development_anchor\size_10\seed_99\plain_attack\post_warmup_capture_v310_metadata.json
A_development_anchor_10_seed99_defense_meta_exists,True,C:\Users\Amm\LFighter-research\results\cic_iot_diad_task45_c3_multiseed_v416\A_development_anchor\size_10\seed_99\trusted_reconstruction\trusted_update_reconstruction_v312_metadata.json
A_development_anchor_10_seed99_plain_adapter_exists,True,C:\Users\Amm\LFighter-research\results\cic_iot_diad_task45_c3_multiseed_v416\A_development_anchor\size_10\seed_99\plain_attack\task45_dev_only_adapter_manifest.json
A_development_anchor_10_seed99_defense_adapter_exists,True,C:\Users\Amm\LFighter-research\results\cic_iot_diad_task45_c3_multiseed_v416\A_development_anchor\size_10\seed_99\trusted_reconstruction\task45_dev_only_adapter_manifest.json
A_development_anchor_10_seed99_plain_npz_exists,True,C:\Users\Amm\LFighter-research\results\cic_iot_diad_task45_c3_multiseed_v416\A_development_anchor\size_10\seed_99\plain_attack\attack_manifest\poisoned_indices.npz
A_development_anchor_10_seed99_defense_npz_exists,True,C:\Users\Amm\LFighter-research\results\cic_iot_diad_task45_c3_multiseed_v416\A_development_anchor\size_10\seed_99\trusted_reconstruction\attack_manifest\poisoned_indices.npz
A_development_anchor_10_seed99_plain_table_exists,True,C:\Users\Amm\LFighter-research\results\cic_iot_diad_task45_c3_multiseed_v416\A_development_anchor\size_10\seed_99\plain_attack\tables\continuation_round_metrics.csv
A_development_anchor_10_seed99_defense_table_exists,True,C:\Users\Amm\LFighter-research\results\cic_iot_diad_task45_c3_multiseed_v416\A_development_anchor\size_10\seed_99\trusted_reconstruction\tables\reconstruction_round_metrics.csv
A_development_anchor_10_seed99_marker_complete,True,True
A_development_anchor_10_seed99_marker_identity,True,"{'experiment_version': '4.16.C3', 'family_id': 'A_development_anchor', 'coalition_size': 10, 'selected_clients': '1,7,8,10,13,14,15,17,18,19', 'coalition_hash_sha256': 'de1a7887075add38ec60f878fc601f43e4f2147de2aba557f33a63cac4f50bb0', 'seed': 99, 'plain_poison_semantic_sha256': 'bff96a60712f778882e747ece303807ec0762b1496a62034b44bffd4e10b9f3f', 'defense_poison_semantic_sha256': 'bff96a60712f778882e747ece303807ec0762b1496a62034b44bffd4e10b9f3f', 'exact_poison_pair': True, 'reserved_test_arrays_materialized': False, 'complete': True}"
A_development_anchor_10_seed99_marker_hash,True,de1a7887075add38ec60f878fc601f43e4f2147de2aba557f33a63cac4f50bb0
A_development_anchor_10_seed99_marker_clients,True,"[1, 7, 8, 10, 13, 14, 15, 17, 18, 19]"
A_development_anchor_10_seed99_marker_no_reserved,True,False
A_development_anchor_10_seed99_poison_pair,True,bff96a60712f778882e747ece303807ec0762b1496a62034b44bffd4e10b9f3f
A_development_anchor_10_seed99_marker_poison_hashes,True,bff96a60712f778882e747ece303807ec0762b1496a62034b44bffd4e10b9f3f
A_development_anchor_10_seed99_pair_unique,True,"('A_development_anchor', 10, 99, 'bff96a60712f778882e747ece303807ec0762b1496a62034b44bffd4e10b9f3f')"
A_development_anchor_10_seed99_plain_seed,True,99
A_development_anchor_10_seed99_plain_mode,True,strong_attack
A_development_anchor_10_seed99_plain_test_false,True,False
A_development_anchor_10_seed99_plain_adapter_return,True,0
A_development_anchor_10_seed99_plain_adapter_arrays,True,"['X_train', 'X_val', 'y_train', 'y_val']"
A_development_anchor_10_seed99_plain_adapter_no_reserved,True,False
A_development_anchor_10_seed99_defense_seed,True,99
A_development_anchor_10_seed99_defense_mode,True,strong_attack
A_development_anchor_10_seed99_defense_test_false,True,False
A_development_anchor_10_seed99_defense_adapter_return,True,0
A_development_anchor_10_seed99_defense_adapter_arrays,True,"['X_train', 'X_val', 'y_train', 'y_val']"
A_development_anchor_10_seed99_defense_adapter_no_reserved,True,False
A_development_anchor_10_seed99_plain_clients,True,"[1, 7, 8, 10, 13, 14, 15, 17, 18, 19]"
A_development_anchor_10_seed99_defense_policy,True,trusted_reconstruction
A_development_anchor_10_seed99_recall_column,True,"['monitoring_round', 'global_round', 'mode', 'replacement_policy', 'participating_samples', 'flagged_clients', 'replaced_clients', 'malicious_recall', 'benign_false_positive_rate', 'detection_precision', 'malicious_replacement_recall', 'benign_replacement_rate', 'mean_reconstruction_relative_l2_to_clean_substitute', 'mean_reconstruction_cosine_to_clean_substitute', 'round_seconds', 'val_accuracy', 'val_balanced_accuracy', 'val_macro_f1', 'val_weighted_f1', 'val_mcc', 'val_log_loss', 'val_ece_15bin', 'val_source_support', 'val_target_support', 'val_source_recall', 'val_target_recall', 'val_source_to_target_count', 'val_source_to_target_rate', 'val_target_to_source_count', 'val_target_to_source_rate']"
B_hash_ranked_01_seed99_marker_exists,True,C:\Users\Amm\LFighter-research\results\cic_iot_diad_task45_c3_multiseed_v416\B_hash_ranked\size_01\seed_99\_task45_condition_complete.json
B_hash_ranked_01_seed99_plain_meta_exists,True,C:\Users\Amm\LFighter-research\results\cic_iot_diad_task45_c3_multiseed_v416\B_hash_ranked\size_01\seed_99\plain_attack\post_warmup_capture_v310_metadata.json
B_hash_ranked_01_seed99_defense_meta_exists,True,C:\Users\Amm\LFighter-research\results\cic_iot_diad_task45_c3_multiseed_v416\B_hash_ranked\size_01\seed_99\trusted_reconstruction\trusted_update_reconstruction_v312_metadata.json
B_hash_ranked_01_seed99_plain_adapter_exists,True,C:\Users\Amm\LFighter-research\results\cic_iot_diad_task45_c3_multiseed_v416\B_hash_ranked\size_01\seed_99\plain_attack\task45_dev_only_adapter_manifest.json
B_hash_ranked_01_seed99_defense_adapter_exists,True,C:\Users\Amm\LFighter-research\results\cic_iot_diad_task45_c3_multiseed_v416\B_hash_ranked\size_01\seed_99\trusted_reconstruction\task45_dev_only_adapter_manifest.json
B_hash_ranked_01_seed99_plain_npz_exists,True,C:\Users\Amm\LFighter-research\results\cic_iot_diad_task45_c3_multiseed_v416\B_hash_ranked\size_01\seed_99\plain_attack\attack_manifest\poisoned_indices.npz
B_hash_ranked_01_seed99_defense_npz_exists,True,C:\Users\Amm\LFighter-research\results\cic_iot_diad_task45_c3_multiseed_v416\B_hash_ranked\size_01\seed_99\trusted_reconstruction\attack_manifest\poisoned_indices.npz
B_hash_ranked_01_seed99_plain_table_exists,True,C:\Users\Amm\LFighter-research\results\cic_iot_diad_task45_c3_multiseed_v416\B_hash_ranked\size_01\seed_99\plain_attack\tables\continuation_round_metrics.csv
B_hash_ranked_01_seed99_defense_table_exists,True,C:\Users\Amm\LFighter-research\results\cic_iot_diad_task45_c3_multiseed_v416\B_hash_ranked\size_01\seed_99\trusted_reconstruction\tables\reconstruction_round_metrics.csv
B_hash_ranked_01_seed99_marker_complete,True,True
B_hash_ranked_01_seed99_marker_identity,True,"{'experiment_version': '4.16.C3', 'family_id': 'B_hash_ranked', 'coalition_size': 1, 'selected_clients': '19', 'coalition_hash_sha256': '69e393023098d1a929b8910c800408438fc1a6ba5ba0bf03c25a1d4098f85be2', 'seed': 99, 'plain_poison_semantic_sha256': 'f31d1263fd5a8fc980cdeb9dba5f4d80f2ddda9a1a95409165d43984fc98a4e9', 'defense_poison_semantic_sha256': 'f31d1263fd5a8fc980cdeb9dba5f4d80f2ddda9a1a95409165d43984fc98a4e9', 'exact_poison_pair': True, 'reserved_test_arrays_materialized': False, 'complete': True}"
B_hash_ranked_01_seed99_marker_hash,True,69e393023098d1a929b8910c800408438fc1a6ba5ba0bf03c25a1d4098f85be2
B_hash_ranked_01_seed99_marker_clients,True,[19]
B_hash_ranked_01_seed99_marker_no_reserved,True,False
B_hash_ranked_01_seed99_poison_pair,True,f31d1263fd5a8fc980cdeb9dba5f4d80f2ddda9a1a95409165d43984fc98a4e9
B_hash_ranked_01_seed99_marker_poison_hashes,True,f31d1263fd5a8fc980cdeb9dba5f4d80f2ddda9a1a95409165d43984fc98a4e9
B_hash_ranked_01_seed99_pair_unique,True,"('B_hash_ranked', 1, 99, 'f31d1263fd5a8fc980cdeb9dba5f4d80f2ddda9a1a95409165d43984fc98a4e9')"
B_hash_ranked_01_seed99_plain_seed,True,99
B_hash_ranked_01_seed99_plain_mode,True,strong_attack
B_hash_ranked_01_seed99_plain_test_false,True,False
B_hash_ranked_01_seed99_plain_adapter_return,True,0
B_hash_ranked_01_seed99_plain_adapter_arrays,True,"['X_train', 'X_val', 'y_train', 'y_val']"
B_hash_ranked_01_seed99_plain_adapter_no_reserved,True,False
B_hash_ranked_01_seed99_defense_seed,True,99
B_hash_ranked_01_seed99_defense_mode,True,strong_attack
B_hash_ranked_01_seed99_defense_test_false,True,False
B_hash_ranked_01_seed99_defense_adapter_return,True,0
B_hash_ranked_01_seed99_defense_adapter_arrays,True,"['X_train', 'X_val', 'y_train', 'y_val']"
B_hash_ranked_01_seed99_defense_adapter_no_reserved,True,False
B_hash_ranked_01_seed99_plain_clients,True,[19]
B_hash_ranked_01_seed99_defense_policy,True,trusted_reconstruction
B_hash_ranked_01_seed99_recall_column,True,"['monitoring_round', 'global_round', 'mode', 'replacement_policy', 'participating_samples', 'flagged_clients', 'replaced_clients', 'malicious_recall', 'benign_false_positive_rate', 'detection_precision', 'malicious_replacement_recall', 'benign_replacement_rate', 'mean_reconstruction_relative_l2_to_clean_substitute', 'mean_reconstruction_cosine_to_clean_substitute', 'round_seconds', 'val_accuracy', 'val_balanced_accuracy', 'val_macro_f1', 'val_weighted_f1', 'val_mcc', 'val_log_loss', 'val_ece_15bin', 'val_source_support', 'val_target_support', 'val_source_recall', 'val_target_recall', 'val_source_to_target_count', 'val_source_to_target_rate', 'val_target_to_source_count', 'val_target_to_source_rate']"
B_hash_ranked_02_seed99_marker_exists,True,C:\Users\Amm\LFighter-research\results\cic_iot_diad_task45_c3_multiseed_v416\B_hash_ranked\size_02\seed_99\_task45_condition_complete.json
B_hash_ranked_02_seed99_plain_meta_exists,True,C:\Users\Amm\LFighter-research\results\cic_iot_diad_task45_c3_multiseed_v416\B_hash_ranked\size_02\seed_99\plain_attack\post_warmup_capture_v310_metadata.json
B_hash_ranked_02_seed99_defense_meta_exists,True,C:\Users\Amm\LFighter-research\results\cic_iot_diad_task45_c3_multiseed_v416\B_hash_ranked\size_02\seed_99\trusted_reconstruction\trusted_update_reconstruction_v312_metadata.json
B_hash_ranked_02_seed99_plain_adapter_exists,True,C:\Users\Amm\LFighter-research\results\cic_iot_diad_task45_c3_multiseed_v416\B_hash_ranked\size_02\seed_99\plain_attack\task45_dev_only_adapter_manifest.json
B_hash_ranked_02_seed99_defense_adapter_exists,True,C:\Users\Amm\LFighter-research\results\cic_iot_diad_task45_c3_multiseed_v416\B_hash_ranked\size_02\seed_99\trusted_reconstruction\task45_dev_only_adapter_manifest.json
B_hash_ranked_02_seed99_plain_npz_exists,True,C:\Users\Amm\LFighter-research\results\cic_iot_diad_task45_c3_multiseed_v416\B_hash_ranked\size_02\seed_99\plain_attack\attack_manifest\poisoned_indices.npz
B_hash_ranked_02_seed99_defense_npz_exists,True,C:\Users\Amm\LFighter-research\results\cic_iot_diad_task45_c3_multiseed_v416\B_hash_ranked\size_02\seed_99\trusted_reconstruction\attack_manifest\poisoned_indices.npz
B_hash_ranked_02_seed99_plain_table_exists,True,C:\Users\Amm\LFighter-research\results\cic_iot_diad_task45_c3_multiseed_v416\B_hash_ranked\size_02\seed_99\plain_attack\tables\continuation_round_metrics.csv
B_hash_ranked_02_seed99_defense_table_exists,True,C:\Users\Amm\LFighter-research\results\cic_iot_diad_task45_c3_multiseed_v416\B_hash_ranked\size_02\seed_99\trusted_reconstruction\tables\reconstruction_round_metrics.csv
B_hash_ranked_02_seed99_marker_complete,True,True
B_hash_ranked_02_seed99_marker_identity,True,"{'experiment_version': '4.16.C3', 'family_id': 'B_hash_ranked', 'coalition_size': 2, 'selected_clients': '16,19', 'coalition_hash_sha256': '899ec3808749bb578dad3cd5b96a3cd9dd85c79555e73f96b83d8d9ce8f4dca3', 'seed': 99, 'plain_poison_semantic_sha256': 'a691bc843b1865fa44daab89f221264dd0b272ad46c3074f2872595b670908f0', 'defense_poison_semantic_sha256': 'a691bc843b1865fa44daab89f221264dd0b272ad46c3074f2872595b670908f0', 'exact_poison_pair': True, 'reserved_test_arrays_materialized': False, 'complete': True}"
B_hash_ranked_02_seed99_marker_hash,True,899ec3808749bb578dad3cd5b96a3cd9dd85c79555e73f96b83d8d9ce8f4dca3
B_hash_ranked_02_seed99_marker_clients,True,"[16, 19]"
B_hash_ranked_02_seed99_marker_no_reserved,True,False
B_hash_ranked_02_seed99_poison_pair,True,a691bc843b1865fa44daab89f221264dd0b272ad46c3074f2872595b670908f0
B_hash_ranked_02_seed99_marker_poison_hashes,True,a691bc843b1865fa44daab89f221264dd0b272ad46c3074f2872595b670908f0
B_hash_ranked_02_seed99_pair_unique,True,"('B_hash_ranked', 2, 99, 'a691bc843b1865fa44daab89f221264dd0b272ad46c3074f2872595b670908f0')"
B_hash_ranked_02_seed99_plain_seed,True,99
B_hash_ranked_02_seed99_plain_mode,True,strong_attack
B_hash_ranked_02_seed99_plain_test_false,True,False
B_hash_ranked_02_seed99_plain_adapter_return,True,0
B_hash_ranked_02_seed99_plain_adapter_arrays,True,"['X_train', 'X_val', 'y_train', 'y_val']"
B_hash_ranked_02_seed99_plain_adapter_no_reserved,True,False
B_hash_ranked_02_seed99_defense_seed,True,99
B_hash_ranked_02_seed99_defense_mode,True,strong_attack
B_hash_ranked_02_seed99_defense_test_false,True,False
B_hash_ranked_02_seed99_defense_adapter_return,True,0
B_hash_ranked_02_seed99_defense_adapter_arrays,True,"['X_train', 'X_val', 'y_train', 'y_val']"
B_hash_ranked_02_seed99_defense_adapter_no_reserved,True,False
B_hash_ranked_02_seed99_plain_clients,True,"[16, 19]"
B_hash_ranked_02_seed99_defense_policy,True,trusted_reconstruction
B_hash_ranked_02_seed99_recall_column,True,"['monitoring_round', 'global_round', 'mode', 'replacement_policy', 'participating_samples', 'flagged_clients', 'replaced_clients', 'malicious_recall', 'benign_false_positive_rate', 'detection_precision', 'malicious_replacement_recall', 'benign_replacement_rate', 'mean_reconstruction_relative_l2_to_clean_substitute', 'mean_reconstruction_cosine_to_clean_substitute', 'round_seconds', 'val_accuracy', 'val_balanced_accuracy', 'val_macro_f1', 'val_weighted_f1', 'val_mcc', 'val_log_loss', 'val_ece_15bin', 'val_source_support', 'val_target_support', 'val_source_recall', 'val_target_recall', 'val_source_to_target_count', 'val_source_to_target_rate', 'val_target_to_source_count', 'val_target_to_source_rate']"
B_hash_ranked_04_seed99_marker_exists,True,C:\Users\Amm\LFighter-research\results\cic_iot_diad_task45_c3_multiseed_v416\B_hash_ranked\size_04\seed_99\_task45_condition_complete.json
B_hash_ranked_04_seed99_plain_meta_exists,True,C:\Users\Amm\LFighter-research\results\cic_iot_diad_task45_c3_multiseed_v416\B_hash_ranked\size_04\seed_99\plain_attack\post_warmup_capture_v310_metadata.json
B_hash_ranked_04_seed99_defense_meta_exists,True,C:\Users\Amm\LFighter-research\results\cic_iot_diad_task45_c3_multiseed_v416\B_hash_ranked\size_04\seed_99\trusted_reconstruction\trusted_update_reconstruction_v312_metadata.json
B_hash_ranked_04_seed99_plain_adapter_exists,True,C:\Users\Amm\LFighter-research\results\cic_iot_diad_task45_c3_multiseed_v416\B_hash_ranked\size_04\seed_99\plain_attack\task45_dev_only_adapter_manifest.json
B_hash_ranked_04_seed99_defense_adapter_exists,True,C:\Users\Amm\LFighter-research\results\cic_iot_diad_task45_c3_multiseed_v416\B_hash_ranked\size_04\seed_99\trusted_reconstruction\task45_dev_only_adapter_manifest.json
B_hash_ranked_04_seed99_plain_npz_exists,True,C:\Users\Amm\LFighter-research\results\cic_iot_diad_task45_c3_multiseed_v416\B_hash_ranked\size_04\seed_99\plain_attack\attack_manifest\poisoned_indices.npz
B_hash_ranked_04_seed99_defense_npz_exists,True,C:\Users\Amm\LFighter-research\results\cic_iot_diad_task45_c3_multiseed_v416\B_hash_ranked\size_04\seed_99\trusted_reconstruction\attack_manifest\poisoned_indices.npz
B_hash_ranked_04_seed99_plain_table_exists,True,C:\Users\Amm\LFighter-research\results\cic_iot_diad_task45_c3_multiseed_v416\B_hash_ranked\size_04\seed_99\plain_attack\tables\continuation_round_metrics.csv
B_hash_ranked_04_seed99_defense_table_exists,True,C:\Users\Amm\LFighter-research\results\cic_iot_diad_task45_c3_multiseed_v416\B_hash_ranked\size_04\seed_99\trusted_reconstruction\tables\reconstruction_round_metrics.csv
B_hash_ranked_04_seed99_marker_complete,True,True
B_hash_ranked_04_seed99_marker_identity,True,"{'experiment_version': '4.16.C3', 'family_id': 'B_hash_ranked', 'coalition_size': 4, 'selected_clients': '13,15,16,19', 'coalition_hash_sha256': '7be69fa068da37c9f52f41351bedd5a65b7da17f4a4f77361578bb4d71e9690a', 'seed': 99, 'plain_poison_semantic_sha256': 'b19c1cfbb17f50e0c8da912816b2c09d23d812bb5dcbc5bc0062e6e018ef066c', 'defense_poison_semantic_sha256': 'b19c1cfbb17f50e0c8da912816b2c09d23d812bb5dcbc5bc0062e6e018ef066c', 'exact_poison_pair': True, 'reserved_test_arrays_materialized': False, 'complete': True}"
B_hash_ranked_04_seed99_marker_hash,True,7be69fa068da37c9f52f41351bedd5a65b7da17f4a4f77361578bb4d71e9690a
B_hash_ranked_04_seed99_marker_clients,True,"[13, 15, 16, 19]"
B_hash_ranked_04_seed99_marker_no_reserved,True,False
B_hash_ranked_04_seed99_poison_pair,True,b19c1cfbb17f50e0c8da912816b2c09d23d812bb5dcbc5bc0062e6e018ef066c
B_hash_ranked_04_seed99_marker_poison_hashes,True,b19c1cfbb17f50e0c8da912816b2c09d23d812bb5dcbc5bc0062e6e018ef066c
B_hash_ranked_04_seed99_pair_unique,True,"('B_hash_ranked', 4, 99, 'b19c1cfbb17f50e0c8da912816b2c09d23d812bb5dcbc5bc0062e6e018ef066c')"
B_hash_ranked_04_seed99_plain_seed,True,99
B_hash_ranked_04_seed99_plain_mode,True,strong_attack
B_hash_ranked_04_seed99_plain_test_false,True,False
B_hash_ranked_04_seed99_plain_adapter_return,True,0
B_hash_ranked_04_seed99_plain_adapter_arrays,True,"['X_train', 'X_val', 'y_train', 'y_val']"
B_hash_ranked_04_seed99_plain_adapter_no_reserved,True,False
B_hash_ranked_04_seed99_defense_seed,True,99
B_hash_ranked_04_seed99_defense_mode,True,strong_attack
B_hash_ranked_04_seed99_defense_test_false,True,False
B_hash_ranked_04_seed99_defense_adapter_return,True,0
B_hash_ranked_04_seed99_defense_adapter_arrays,True,"['X_train', 'X_val', 'y_train', 'y_val']"
B_hash_ranked_04_seed99_defense_adapter_no_reserved,True,False
B_hash_ranked_04_seed99_plain_clients,True,"[13, 15, 16, 19]"
B_hash_ranked_04_seed99_defense_policy,True,trusted_reconstruction
B_hash_ranked_04_seed99_recall_column,True,"['monitoring_round', 'global_round', 'mode', 'replacement_policy', 'participating_samples', 'flagged_clients', 'replaced_clients', 'malicious_recall', 'benign_false_positive_rate', 'detection_precision', 'malicious_replacement_recall', 'benign_replacement_rate', 'mean_reconstruction_relative_l2_to_clean_substitute', 'mean_reconstruction_cosine_to_clean_substitute', 'round_seconds', 'val_accuracy', 'val_balanced_accuracy', 'val_macro_f1', 'val_weighted_f1', 'val_mcc', 'val_log_loss', 'val_ece_15bin', 'val_source_support', 'val_target_support', 'val_source_recall', 'val_target_recall', 'val_source_to_target_count', 'val_source_to_target_rate', 'val_target_to_source_count', 'val_target_to_source_rate']"
B_hash_ranked_06_seed99_marker_exists,True,C:\Users\Amm\LFighter-research\results\cic_iot_diad_task45_c3_multiseed_v416\B_hash_ranked\size_06\seed_99\_task45_condition_complete.json
B_hash_ranked_06_seed99_plain_meta_exists,True,C:\Users\Amm\LFighter-research\results\cic_iot_diad_task45_c3_multiseed_v416\B_hash_ranked\size_06\seed_99\plain_attack\post_warmup_capture_v310_metadata.json
B_hash_ranked_06_seed99_defense_meta_exists,True,C:\Users\Amm\LFighter-research\results\cic_iot_diad_task45_c3_multiseed_v416\B_hash_ranked\size_06\seed_99\trusted_reconstruction\trusted_update_reconstruction_v312_metadata.json
B_hash_ranked_06_seed99_plain_adapter_exists,True,C:\Users\Amm\LFighter-research\results\cic_iot_diad_task45_c3_multiseed_v416\B_hash_ranked\size_06\seed_99\plain_attack\task45_dev_only_adapter_manifest.json
B_hash_ranked_06_seed99_defense_adapter_exists,True,C:\Users\Amm\LFighter-research\results\cic_iot_diad_task45_c3_multiseed_v416\B_hash_ranked\size_06\seed_99\trusted_reconstruction\task45_dev_only_adapter_manifest.json
B_hash_ranked_06_seed99_plain_npz_exists,True,C:\Users\Amm\LFighter-research\results\cic_iot_diad_task45_c3_multiseed_v416\B_hash_ranked\size_06\seed_99\plain_attack\attack_manifest\poisoned_indices.npz
B_hash_ranked_06_seed99_defense_npz_exists,True,C:\Users\Amm\LFighter-research\results\cic_iot_diad_task45_c3_multiseed_v416\B_hash_ranked\size_06\seed_99\trusted_reconstruction\attack_manifest\poisoned_indices.npz
B_hash_ranked_06_seed99_plain_table_exists,True,C:\Users\Amm\LFighter-research\results\cic_iot_diad_task45_c3_multiseed_v416\B_hash_ranked\size_06\seed_99\plain_attack\tables\continuation_round_metrics.csv
B_hash_ranked_06_seed99_defense_table_exists,True,C:\Users\Amm\LFighter-research\results\cic_iot_diad_task45_c3_multiseed_v416\B_hash_ranked\size_06\seed_99\trusted_reconstruction\tables\reconstruction_round_metrics.csv
B_hash_ranked_06_seed99_marker_complete,True,True
B_hash_ranked_06_seed99_marker_identity,True,"{'experiment_version': '4.16.C3', 'family_id': 'B_hash_ranked', 'coalition_size': 6, 'selected_clients': '5,7,13,15,16,19', 'coalition_hash_sha256': '903bec25550246430499ad4bff1e71c8fedaf74d8520aa911850919f5f86baeb', 'seed': 99, 'plain_poison_semantic_sha256': '60d4eeab52f62feb0ddb9bd45a93f3fa5595709751e1e0c5cbb965b3ad981773', 'defense_poison_semantic_sha256': '60d4eeab52f62feb0ddb9bd45a93f3fa5595709751e1e0c5cbb965b3ad981773', 'exact_poison_pair': True, 'reserved_test_arrays_materialized': False, 'complete': True}"
B_hash_ranked_06_seed99_marker_hash,True,903bec25550246430499ad4bff1e71c8fedaf74d8520aa911850919f5f86baeb
B_hash_ranked_06_seed99_marker_clients,True,"[5, 7, 13, 15, 16, 19]"
B_hash_ranked_06_seed99_marker_no_reserved,True,False
B_hash_ranked_06_seed99_poison_pair,True,60d4eeab52f62feb0ddb9bd45a93f3fa5595709751e1e0c5cbb965b3ad981773
B_hash_ranked_06_seed99_marker_poison_hashes,True,60d4eeab52f62feb0ddb9bd45a93f3fa5595709751e1e0c5cbb965b3ad981773
B_hash_ranked_06_seed99_pair_unique,True,"('B_hash_ranked', 6, 99, '60d4eeab52f62feb0ddb9bd45a93f3fa5595709751e1e0c5cbb965b3ad981773')"
B_hash_ranked_06_seed99_plain_seed,True,99
B_hash_ranked_06_seed99_plain_mode,True,strong_attack
B_hash_ranked_06_seed99_plain_test_false,True,False
B_hash_ranked_06_seed99_plain_adapter_return,True,0
B_hash_ranked_06_seed99_plain_adapter_arrays,True,"['X_train', 'X_val', 'y_train', 'y_val']"
B_hash_ranked_06_seed99_plain_adapter_no_reserved,True,False
B_hash_ranked_06_seed99_defense_seed,True,99
B_hash_ranked_06_seed99_defense_mode,True,strong_attack
B_hash_ranked_06_seed99_defense_test_false,True,False
B_hash_ranked_06_seed99_defense_adapter_return,True,0
B_hash_ranked_06_seed99_defense_adapter_arrays,True,"['X_train', 'X_val', 'y_train', 'y_val']"
B_hash_ranked_06_seed99_defense_adapter_no_reserved,True,False
B_hash_ranked_06_seed99_plain_clients,True,"[5, 7, 13, 15, 16, 19]"
B_hash_ranked_06_seed99_defense_policy,True,trusted_reconstruction
B_hash_ranked_06_seed99_recall_column,True,"['monitoring_round', 'global_round', 'mode', 'replacement_policy', 'participating_samples', 'flagged_clients', 'replaced_clients', 'malicious_recall', 'benign_false_positive_rate', 'detection_precision', 'malicious_replacement_recall', 'benign_replacement_rate', 'mean_reconstruction_relative_l2_to_clean_substitute', 'mean_reconstruction_cosine_to_clean_substitute', 'round_seconds', 'val_accuracy', 'val_balanced_accuracy', 'val_macro_f1', 'val_weighted_f1', 'val_mcc', 'val_log_loss', 'val_ece_15bin', 'val_source_support', 'val_target_support', 'val_source_recall', 'val_target_recall', 'val_source_to_target_count', 'val_source_to_target_rate', 'val_target_to_source_count', 'val_target_to_source_rate']"
B_hash_ranked_08_seed99_marker_exists,True,C:\Users\Amm\LFighter-research\results\cic_iot_diad_task45_c3_multiseed_v416\B_hash_ranked\size_08\seed_99\_task45_condition_complete.json
B_hash_ranked_08_seed99_plain_meta_exists,True,C:\Users\Amm\LFighter-research\results\cic_iot_diad_task45_c3_multiseed_v416\B_hash_ranked\size_08\seed_99\plain_attack\post_warmup_capture_v310_metadata.json
B_hash_ranked_08_seed99_defense_meta_exists,True,C:\Users\Amm\LFighter-research\results\cic_iot_diad_task45_c3_multiseed_v416\B_hash_ranked\size_08\seed_99\trusted_reconstruction\trusted_update_reconstruction_v312_metadata.json
B_hash_ranked_08_seed99_plain_adapter_exists,True,C:\Users\Amm\LFighter-research\results\cic_iot_diad_task45_c3_multiseed_v416\B_hash_ranked\size_08\seed_99\plain_attack\task45_dev_only_adapter_manifest.json
B_hash_ranked_08_seed99_defense_adapter_exists,True,C:\Users\Amm\LFighter-research\results\cic_iot_diad_task45_c3_multiseed_v416\B_hash_ranked\size_08\seed_99\trusted_reconstruction\task45_dev_only_adapter_manifest.json
B_hash_ranked_08_seed99_plain_npz_exists,True,C:\Users\Amm\LFighter-research\results\cic_iot_diad_task45_c3_multiseed_v416\B_hash_ranked\size_08\seed_99\plain_attack\attack_manifest\poisoned_indices.npz
B_hash_ranked_08_seed99_defense_npz_exists,True,C:\Users\Amm\LFighter-research\results\cic_iot_diad_task45_c3_multiseed_v416\B_hash_ranked\size_08\seed_99\trusted_reconstruction\attack_manifest\poisoned_indices.npz
B_hash_ranked_08_seed99_plain_table_exists,True,C:\Users\Amm\LFighter-research\results\cic_iot_diad_task45_c3_multiseed_v416\B_hash_ranked\size_08\seed_99\plain_attack\tables\continuation_round_metrics.csv
B_hash_ranked_08_seed99_defense_table_exists,True,C:\Users\Amm\LFighter-research\results\cic_iot_diad_task45_c3_multiseed_v416\B_hash_ranked\size_08\seed_99\trusted_reconstruction\tables\reconstruction_round_metrics.csv
B_hash_ranked_08_seed99_marker_complete,True,True
B_hash_ranked_08_seed99_marker_identity,True,"{'experiment_version': '4.16.C3', 'family_id': 'B_hash_ranked', 'coalition_size': 8, 'selected_clients': '5,7,8,10,13,15,16,19', 'coalition_hash_sha256': 'c8b0bd8177d4575768b29a318dd16b314bd353b12fd72ec555865c54614d99a0', 'seed': 99, 'plain_poison_semantic_sha256': '1ed622dbeb0627f21d8b76cc765f986f099779f10437720f3278d36c5f26fc90', 'defense_poison_semantic_sha256': '1ed622dbeb0627f21d8b76cc765f986f099779f10437720f3278d36c5f26fc90', 'exact_poison_pair': True, 'reserved_test_arrays_materialized': False, 'complete': True}"
B_hash_ranked_08_seed99_marker_hash,True,c8b0bd8177d4575768b29a318dd16b314bd353b12fd72ec555865c54614d99a0
B_hash_ranked_08_seed99_marker_clients,True,"[5, 7, 8, 10, 13, 15, 16, 19]"
B_hash_ranked_08_seed99_marker_no_reserved,True,False
B_hash_ranked_08_seed99_poison_pair,True,1ed622dbeb0627f21d8b76cc765f986f099779f10437720f3278d36c5f26fc90
B_hash_ranked_08_seed99_marker_poison_hashes,True,1ed622dbeb0627f21d8b76cc765f986f099779f10437720f3278d36c5f26fc90
B_hash_ranked_08_seed99_pair_unique,True,"('B_hash_ranked', 8, 99, '1ed622dbeb0627f21d8b76cc765f986f099779f10437720f3278d36c5f26fc90')"
B_hash_ranked_08_seed99_plain_seed,True,99
B_hash_ranked_08_seed99_plain_mode,True,strong_attack
B_hash_ranked_08_seed99_plain_test_false,True,False
B_hash_ranked_08_seed99_plain_adapter_return,True,0
B_hash_ranked_08_seed99_plain_adapter_arrays,True,"['X_train', 'X_val', 'y_train', 'y_val']"
B_hash_ranked_08_seed99_plain_adapter_no_reserved,True,False
B_hash_ranked_08_seed99_defense_seed,True,99
B_hash_ranked_08_seed99_defense_mode,True,strong_attack
B_hash_ranked_08_seed99_defense_test_false,True,False
B_hash_ranked_08_seed99_defense_adapter_return,True,0
B_hash_ranked_08_seed99_defense_adapter_arrays,True,"['X_train', 'X_val', 'y_train', 'y_val']"
B_hash_ranked_08_seed99_defense_adapter_no_reserved,True,False
B_hash_ranked_08_seed99_plain_clients,True,"[5, 7, 8, 10, 13, 15, 16, 19]"
B_hash_ranked_08_seed99_defense_policy,True,trusted_reconstruction
B_hash_ranked_08_seed99_recall_column,True,"['monitoring_round', 'global_round', 'mode', 'replacement_policy', 'participating_samples', 'flagged_clients', 'replaced_clients', 'malicious_recall', 'benign_false_positive_rate', 'detection_precision', 'malicious_replacement_recall', 'benign_replacement_rate', 'mean_reconstruction_relative_l2_to_clean_substitute', 'mean_reconstruction_cosine_to_clean_substitute', 'round_seconds', 'val_accuracy', 'val_balanced_accuracy', 'val_macro_f1', 'val_weighted_f1', 'val_mcc', 'val_log_loss', 'val_ece_15bin', 'val_source_support', 'val_target_support', 'val_source_recall', 'val_target_recall', 'val_source_to_target_count', 'val_source_to_target_rate', 'val_target_to_source_count', 'val_target_to_source_rate']"
B_hash_ranked_10_seed99_marker_exists,True,C:\Users\Amm\LFighter-research\results\cic_iot_diad_task45_c3_multiseed_v416\B_hash_ranked\size_10\seed_99\_task45_condition_complete.json
B_hash_ranked_10_seed99_plain_meta_exists,True,C:\Users\Amm\LFighter-research\results\cic_iot_diad_task45_c3_multiseed_v416\B_hash_ranked\size_10\seed_99\plain_attack\post_warmup_capture_v310_metadata.json
B_hash_ranked_10_seed99_defense_meta_exists,True,C:\Users\Amm\LFighter-research\results\cic_iot_diad_task45_c3_multiseed_v416\B_hash_ranked\size_10\seed_99\trusted_reconstruction\trusted_update_reconstruction_v312_metadata.json
B_hash_ranked_10_seed99_plain_adapter_exists,True,C:\Users\Amm\LFighter-research\results\cic_iot_diad_task45_c3_multiseed_v416\B_hash_ranked\size_10\seed_99\plain_attack\task45_dev_only_adapter_manifest.json
B_hash_ranked_10_seed99_defense_adapter_exists,True,C:\Users\Amm\LFighter-research\results\cic_iot_diad_task45_c3_multiseed_v416\B_hash_ranked\size_10\seed_99\trusted_reconstruction\task45_dev_only_adapter_manifest.json
B_hash_ranked_10_seed99_plain_npz_exists,True,C:\Users\Amm\LFighter-research\results\cic_iot_diad_task45_c3_multiseed_v416\B_hash_ranked\size_10\seed_99\plain_attack\attack_manifest\poisoned_indices.npz
B_hash_ranked_10_seed99_defense_npz_exists,True,C:\Users\Amm\LFighter-research\results\cic_iot_diad_task45_c3_multiseed_v416\B_hash_ranked\size_10\seed_99\trusted_reconstruction\attack_manifest\poisoned_indices.npz
B_hash_ranked_10_seed99_plain_table_exists,True,C:\Users\Amm\LFighter-research\results\cic_iot_diad_task45_c3_multiseed_v416\B_hash_ranked\size_10\seed_99\plain_attack\tables\continuation_round_metrics.csv
B_hash_ranked_10_seed99_defense_table_exists,True,C:\Users\Amm\LFighter-research\results\cic_iot_diad_task45_c3_multiseed_v416\B_hash_ranked\size_10\seed_99\trusted_reconstruction\tables\reconstruction_round_metrics.csv
B_hash_ranked_10_seed99_marker_complete,True,True
B_hash_ranked_10_seed99_marker_identity,True,"{'experiment_version': '4.16.C3', 'family_id': 'B_hash_ranked', 'coalition_size': 10, 'selected_clients': '5,7,8,10,13,14,15,16,18,19', 'coalition_hash_sha256': '3552fa14a4f9917ffe20a09bf2a61c11d0e089205ea0106be665c3865cadc179', 'seed': 99, 'plain_poison_semantic_sha256': '5fcde7d75a5d74e59364dd311a3fae88299fa49ea0b734c27aabca588e43f27b', 'defense_poison_semantic_sha256': '5fcde7d75a5d74e59364dd311a3fae88299fa49ea0b734c27aabca588e43f27b', 'exact_poison_pair': True, 'reserved_test_arrays_materialized': False, 'complete': True}"
B_hash_ranked_10_seed99_marker_hash,True,3552fa14a4f9917ffe20a09bf2a61c11d0e089205ea0106be665c3865cadc179
B_hash_ranked_10_seed99_marker_clients,True,"[5, 7, 8, 10, 13, 14, 15, 16, 18, 19]"
B_hash_ranked_10_seed99_marker_no_reserved,True,False
B_hash_ranked_10_seed99_poison_pair,True,5fcde7d75a5d74e59364dd311a3fae88299fa49ea0b734c27aabca588e43f27b
B_hash_ranked_10_seed99_marker_poison_hashes,True,5fcde7d75a5d74e59364dd311a3fae88299fa49ea0b734c27aabca588e43f27b
B_hash_ranked_10_seed99_pair_unique,True,"('B_hash_ranked', 10, 99, '5fcde7d75a5d74e59364dd311a3fae88299fa49ea0b734c27aabca588e43f27b')"
B_hash_ranked_10_seed99_plain_seed,True,99
B_hash_ranked_10_seed99_plain_mode,True,strong_attack
B_hash_ranked_10_seed99_plain_test_false,True,False
B_hash_ranked_10_seed99_plain_adapter_return,True,0
B_hash_ranked_10_seed99_plain_adapter_arrays,True,"['X_train', 'X_val', 'y_train', 'y_val']"
B_hash_ranked_10_seed99_plain_adapter_no_reserved,True,False
B_hash_ranked_10_seed99_defense_seed,True,99
B_hash_ranked_10_seed99_defense_mode,True,strong_attack
B_hash_ranked_10_seed99_defense_test_false,True,False
B_hash_ranked_10_seed99_defense_adapter_return,True,0
B_hash_ranked_10_seed99_defense_adapter_arrays,True,"['X_train', 'X_val', 'y_train', 'y_val']"
B_hash_ranked_10_seed99_defense_adapter_no_reserved,True,False
B_hash_ranked_10_seed99_plain_clients,True,"[5, 7, 8, 10, 13, 14, 15, 16, 18, 19]"
B_hash_ranked_10_seed99_defense_policy,True,trusted_reconstruction
B_hash_ranked_10_seed99_recall_column,True,"['monitoring_round', 'global_round', 'mode', 'replacement_policy', 'participating_samples', 'flagged_clients', 'replaced_clients', 'malicious_recall', 'benign_false_positive_rate', 'detection_precision', 'malicious_replacement_recall', 'benign_replacement_rate', 'mean_reconstruction_relative_l2_to_clean_substitute', 'mean_reconstruction_cosine_to_clean_substitute', 'round_seconds', 'val_accuracy', 'val_balanced_accuracy', 'val_macro_f1', 'val_weighted_f1', 'val_mcc', 'val_log_loss', 'val_ece_15bin', 'val_source_support', 'val_target_support', 'val_source_recall', 'val_target_recall', 'val_source_to_target_count', 'val_source_to_target_rate', 'val_target_to_source_count', 'val_target_to_source_rate']"
C_hash_ranked_01_seed99_marker_exists,True,C:\Users\Amm\LFighter-research\results\cic_iot_diad_task45_c3_multiseed_v416\C_hash_ranked\size_01\seed_99\_task45_condition_complete.json
C_hash_ranked_01_seed99_plain_meta_exists,True,C:\Users\Amm\LFighter-research\results\cic_iot_diad_task45_c3_multiseed_v416\C_hash_ranked\size_01\seed_99\plain_attack\post_warmup_capture_v310_metadata.json
C_hash_ranked_01_seed99_defense_meta_exists,True,C:\Users\Amm\LFighter-research\results\cic_iot_diad_task45_c3_multiseed_v416\C_hash_ranked\size_01\seed_99\trusted_reconstruction\trusted_update_reconstruction_v312_metadata.json
C_hash_ranked_01_seed99_plain_adapter_exists,True,C:\Users\Amm\LFighter-research\results\cic_iot_diad_task45_c3_multiseed_v416\C_hash_ranked\size_01\seed_99\plain_attack\task45_dev_only_adapter_manifest.json
C_hash_ranked_01_seed99_defense_adapter_exists,True,C:\Users\Amm\LFighter-research\results\cic_iot_diad_task45_c3_multiseed_v416\C_hash_ranked\size_01\seed_99\trusted_reconstruction\task45_dev_only_adapter_manifest.json
C_hash_ranked_01_seed99_plain_npz_exists,True,C:\Users\Amm\LFighter-research\results\cic_iot_diad_task45_c3_multiseed_v416\C_hash_ranked\size_01\seed_99\plain_attack\attack_manifest\poisoned_indices.npz
C_hash_ranked_01_seed99_defense_npz_exists,True,C:\Users\Amm\LFighter-research\results\cic_iot_diad_task45_c3_multiseed_v416\C_hash_ranked\size_01\seed_99\trusted_reconstruction\attack_manifest\poisoned_indices.npz
C_hash_ranked_01_seed99_plain_table_exists,True,C:\Users\Amm\LFighter-research\results\cic_iot_diad_task45_c3_multiseed_v416\C_hash_ranked\size_01\seed_99\plain_attack\tables\continuation_round_metrics.csv
C_hash_ranked_01_seed99_defense_table_exists,True,C:\Users\Amm\LFighter-research\results\cic_iot_diad_task45_c3_multiseed_v416\C_hash_ranked\size_01\seed_99\trusted_reconstruction\tables\reconstruction_round_metrics.csv
C_hash_ranked_01_seed99_marker_complete,True,True
C_hash_ranked_01_seed99_marker_identity,True,"{'experiment_version': '4.16.C3', 'family_id': 'C_hash_ranked', 'coalition_size': 1, 'selected_clients': '8', 'coalition_hash_sha256': '1adf49df5786391b4820bf1bde0607aac27fde34632bbf01fd2f6918ee3e1c88', 'seed': 99, 'plain_poison_semantic_sha256': '4fea8f6e41b7bef5f7fa3aec4ef395a90a6affef736262295a58b01401a83467', 'defense_poison_semantic_sha256': '4fea8f6e41b7bef5f7fa3aec4ef395a90a6affef736262295a58b01401a83467', 'exact_poison_pair': True, 'reserved_test_arrays_materialized': False, 'complete': True}"
C_hash_ranked_01_seed99_marker_hash,True,1adf49df5786391b4820bf1bde0607aac27fde34632bbf01fd2f6918ee3e1c88
C_hash_ranked_01_seed99_marker_clients,True,[8]
C_hash_ranked_01_seed99_marker_no_reserved,True,False
C_hash_ranked_01_seed99_poison_pair,True,4fea8f6e41b7bef5f7fa3aec4ef395a90a6affef736262295a58b01401a83467
C_hash_ranked_01_seed99_marker_poison_hashes,True,4fea8f6e41b7bef5f7fa3aec4ef395a90a6affef736262295a58b01401a83467
C_hash_ranked_01_seed99_pair_unique,True,"('C_hash_ranked', 1, 99, '4fea8f6e41b7bef5f7fa3aec4ef395a90a6affef736262295a58b01401a83467')"
C_hash_ranked_01_seed99_plain_seed,True,99
C_hash_ranked_01_seed99_plain_mode,True,strong_attack
C_hash_ranked_01_seed99_plain_test_false,True,False
C_hash_ranked_01_seed99_plain_adapter_return,True,0
C_hash_ranked_01_seed99_plain_adapter_arrays,True,"['X_train', 'X_val', 'y_train', 'y_val']"
C_hash_ranked_01_seed99_plain_adapter_no_reserved,True,False
C_hash_ranked_01_seed99_defense_seed,True,99
C_hash_ranked_01_seed99_defense_mode,True,strong_attack
C_hash_ranked_01_seed99_defense_test_false,True,False
C_hash_ranked_01_seed99_defense_adapter_return,True,0
C_hash_ranked_01_seed99_defense_adapter_arrays,True,"['X_train', 'X_val', 'y_train', 'y_val']"
C_hash_ranked_01_seed99_defense_adapter_no_reserved,True,False
C_hash_ranked_01_seed99_plain_clients,True,[8]
C_hash_ranked_01_seed99_defense_policy,True,trusted_reconstruction
C_hash_ranked_01_seed99_recall_column,True,"['monitoring_round', 'global_round', 'mode', 'replacement_policy', 'participating_samples', 'flagged_clients', 'replaced_clients', 'malicious_recall', 'benign_false_positive_rate', 'detection_precision', 'malicious_replacement_recall', 'benign_replacement_rate', 'mean_reconstruction_relative_l2_to_clean_substitute', 'mean_reconstruction_cosine_to_clean_substitute', 'round_seconds', 'val_accuracy', 'val_balanced_accuracy', 'val_macro_f1', 'val_weighted_f1', 'val_mcc', 'val_log_loss', 'val_ece_15bin', 'val_source_support', 'val_target_support', 'val_source_recall', 'val_target_recall', 'val_source_to_target_count', 'val_source_to_target_rate', 'val_target_to_source_count', 'val_target_to_source_rate']"
C_hash_ranked_02_seed99_marker_exists,True,C:\Users\Amm\LFighter-research\results\cic_iot_diad_task45_c3_multiseed_v416\C_hash_ranked\size_02\seed_99\_task45_condition_complete.json
C_hash_ranked_02_seed99_plain_meta_exists,True,C:\Users\Amm\LFighter-research\results\cic_iot_diad_task45_c3_multiseed_v416\C_hash_ranked\size_02\seed_99\plain_attack\post_warmup_capture_v310_metadata.json
C_hash_ranked_02_seed99_defense_meta_exists,True,C:\Users\Amm\LFighter-research\results\cic_iot_diad_task45_c3_multiseed_v416\C_hash_ranked\size_02\seed_99\trusted_reconstruction\trusted_update_reconstruction_v312_metadata.json
C_hash_ranked_02_seed99_plain_adapter_exists,True,C:\Users\Amm\LFighter-research\results\cic_iot_diad_task45_c3_multiseed_v416\C_hash_ranked\size_02\seed_99\plain_attack\task45_dev_only_adapter_manifest.json
C_hash_ranked_02_seed99_defense_adapter_exists,True,C:\Users\Amm\LFighter-research\results\cic_iot_diad_task45_c3_multiseed_v416\C_hash_ranked\size_02\seed_99\trusted_reconstruction\task45_dev_only_adapter_manifest.json
C_hash_ranked_02_seed99_plain_npz_exists,True,C:\Users\Amm\LFighter-research\results\cic_iot_diad_task45_c3_multiseed_v416\C_hash_ranked\size_02\seed_99\plain_attack\attack_manifest\poisoned_indices.npz
C_hash_ranked_02_seed99_defense_npz_exists,True,C:\Users\Amm\LFighter-research\results\cic_iot_diad_task45_c3_multiseed_v416\C_hash_ranked\size_02\seed_99\trusted_reconstruction\attack_manifest\poisoned_indices.npz
C_hash_ranked_02_seed99_plain_table_exists,True,C:\Users\Amm\LFighter-research\results\cic_iot_diad_task45_c3_multiseed_v416\C_hash_ranked\size_02\seed_99\plain_attack\tables\continuation_round_metrics.csv
C_hash_ranked_02_seed99_defense_table_exists,True,C:\Users\Amm\LFighter-research\results\cic_iot_diad_task45_c3_multiseed_v416\C_hash_ranked\size_02\seed_99\trusted_reconstruction\tables\reconstruction_round_metrics.csv
C_hash_ranked_02_seed99_marker_complete,True,True
C_hash_ranked_02_seed99_marker_identity,True,"{'experiment_version': '4.16.C3', 'family_id': 'C_hash_ranked', 'coalition_size': 2, 'selected_clients': '8,16', 'coalition_hash_sha256': '9347f66a68b372225528417ebdc9a16d4b34667ef23220877b67ad56dfc4e452', 'seed': 99, 'plain_poison_semantic_sha256': 'd8f6afb60f340ab8fec67bf1726b2d215e93f21c63b8fed6ba7ec329c78b5d3c', 'defense_poison_semantic_sha256': 'd8f6afb60f340ab8fec67bf1726b2d215e93f21c63b8fed6ba7ec329c78b5d3c', 'exact_poison_pair': True, 'reserved_test_arrays_materialized': False, 'complete': True}"
C_hash_ranked_02_seed99_marker_hash,True,9347f66a68b372225528417ebdc9a16d4b34667ef23220877b67ad56dfc4e452
C_hash_ranked_02_seed99_marker_clients,True,"[8, 16]"
C_hash_ranked_02_seed99_marker_no_reserved,True,False
C_hash_ranked_02_seed99_poison_pair,True,d8f6afb60f340ab8fec67bf1726b2d215e93f21c63b8fed6ba7ec329c78b5d3c
C_hash_ranked_02_seed99_marker_poison_hashes,True,d8f6afb60f340ab8fec67bf1726b2d215e93f21c63b8fed6ba7ec329c78b5d3c
C_hash_ranked_02_seed99_pair_unique,True,"('C_hash_ranked', 2, 99, 'd8f6afb60f340ab8fec67bf1726b2d215e93f21c63b8fed6ba7ec329c78b5d3c')"
C_hash_ranked_02_seed99_plain_seed,True,99
C_hash_ranked_02_seed99_plain_mode,True,strong_attack
C_hash_ranked_02_seed99_plain_test_false,True,False
C_hash_ranked_02_seed99_plain_adapter_return,True,0
C_hash_ranked_02_seed99_plain_adapter_arrays,True,"['X_train', 'X_val', 'y_train', 'y_val']"
C_hash_ranked_02_seed99_plain_adapter_no_reserved,True,False
C_hash_ranked_02_seed99_defense_seed,True,99
C_hash_ranked_02_seed99_defense_mode,True,strong_attack
C_hash_ranked_02_seed99_defense_test_false,True,False
C_hash_ranked_02_seed99_defense_adapter_return,True,0
C_hash_ranked_02_seed99_defense_adapter_arrays,True,"['X_train', 'X_val', 'y_train', 'y_val']"
C_hash_ranked_02_seed99_defense_adapter_no_reserved,True,False
C_hash_ranked_02_seed99_plain_clients,True,"[8, 16]"
C_hash_ranked_02_seed99_defense_policy,True,trusted_reconstruction
C_hash_ranked_02_seed99_recall_column,True,"['monitoring_round', 'global_round', 'mode', 'replacement_policy', 'participating_samples', 'flagged_clients', 'replaced_clients', 'malicious_recall', 'benign_false_positive_rate', 'detection_precision', 'malicious_replacement_recall', 'benign_replacement_rate', 'mean_reconstruction_relative_l2_to_clean_substitute', 'mean_reconstruction_cosine_to_clean_substitute', 'round_seconds', 'val_accuracy', 'val_balanced_accuracy', 'val_macro_f1', 'val_weighted_f1', 'val_mcc', 'val_log_loss', 'val_ece_15bin', 'val_source_support', 'val_target_support', 'val_source_recall', 'val_target_recall', 'val_source_to_target_count', 'val_source_to_target_rate', 'val_target_to_source_count', 'val_target_to_source_rate']"
C_hash_ranked_04_seed99_marker_exists,True,C:\Users\Amm\LFighter-research\results\cic_iot_diad_task45_c3_multiseed_v416\C_hash_ranked\size_04\seed_99\_task45_condition_complete.json
C_hash_ranked_04_seed99_plain_meta_exists,True,C:\Users\Amm\LFighter-research\results\cic_iot_diad_task45_c3_multiseed_v416\C_hash_ranked\size_04\seed_99\plain_attack\post_warmup_capture_v310_metadata.json
C_hash_ranked_04_seed99_defense_meta_exists,True,C:\Users\Amm\LFighter-research\results\cic_iot_diad_task45_c3_multiseed_v416\C_hash_ranked\size_04\seed_99\trusted_reconstruction\trusted_update_reconstruction_v312_metadata.json
C_hash_ranked_04_seed99_plain_adapter_exists,True,C:\Users\Amm\LFighter-research\results\cic_iot_diad_task45_c3_multiseed_v416\C_hash_ranked\size_04\seed_99\plain_attack\task45_dev_only_adapter_manifest.json
C_hash_ranked_04_seed99_defense_adapter_exists,True,C:\Users\Amm\LFighter-research\results\cic_iot_diad_task45_c3_multiseed_v416\C_hash_ranked\size_04\seed_99\trusted_reconstruction\task45_dev_only_adapter_manifest.json
C_hash_ranked_04_seed99_plain_npz_exists,True,C:\Users\Amm\LFighter-research\results\cic_iot_diad_task45_c3_multiseed_v416\C_hash_ranked\size_04\seed_99\plain_attack\attack_manifest\poisoned_indices.npz
C_hash_ranked_04_seed99_defense_npz_exists,True,C:\Users\Amm\LFighter-research\results\cic_iot_diad_task45_c3_multiseed_v416\C_hash_ranked\size_04\seed_99\trusted_reconstruction\attack_manifest\poisoned_indices.npz
C_hash_ranked_04_seed99_plain_table_exists,True,C:\Users\Amm\LFighter-research\results\cic_iot_diad_task45_c3_multiseed_v416\C_hash_ranked\size_04\seed_99\plain_attack\tables\continuation_round_metrics.csv
C_hash_ranked_04_seed99_defense_table_exists,True,C:\Users\Amm\LFighter-research\results\cic_iot_diad_task45_c3_multiseed_v416\C_hash_ranked\size_04\seed_99\trusted_reconstruction\tables\reconstruction_round_metrics.csv
C_hash_ranked_04_seed99_marker_complete,True,True
C_hash_ranked_04_seed99_marker_identity,True,"{'experiment_version': '4.16.C3', 'family_id': 'C_hash_ranked', 'coalition_size': 4, 'selected_clients': '3,5,8,16', 'coalition_hash_sha256': '941febe4fcc2eb538be9e595aa1706b452b5e76b809864f1607c49b1070d9e89', 'seed': 99, 'plain_poison_semantic_sha256': '297a3ed256329cae36358ee2aaf2436d5eded2866582a36d7fd73f6c84391e83', 'defense_poison_semantic_sha256': '297a3ed256329cae36358ee2aaf2436d5eded2866582a36d7fd73f6c84391e83', 'exact_poison_pair': True, 'reserved_test_arrays_materialized': False, 'complete': True}"
C_hash_ranked_04_seed99_marker_hash,True,941febe4fcc2eb538be9e595aa1706b452b5e76b809864f1607c49b1070d9e89
C_hash_ranked_04_seed99_marker_clients,True,"[3, 5, 8, 16]"
C_hash_ranked_04_seed99_marker_no_reserved,True,False
C_hash_ranked_04_seed99_poison_pair,True,297a3ed256329cae36358ee2aaf2436d5eded2866582a36d7fd73f6c84391e83
C_hash_ranked_04_seed99_marker_poison_hashes,True,297a3ed256329cae36358ee2aaf2436d5eded2866582a36d7fd73f6c84391e83
C_hash_ranked_04_seed99_pair_unique,True,"('C_hash_ranked', 4, 99, '297a3ed256329cae36358ee2aaf2436d5eded2866582a36d7fd73f6c84391e83')"
C_hash_ranked_04_seed99_plain_seed,True,99
C_hash_ranked_04_seed99_plain_mode,True,strong_attack
C_hash_ranked_04_seed99_plain_test_false,True,False
C_hash_ranked_04_seed99_plain_adapter_return,True,0
C_hash_ranked_04_seed99_plain_adapter_arrays,True,"['X_train', 'X_val', 'y_train', 'y_val']"
C_hash_ranked_04_seed99_plain_adapter_no_reserved,True,False
C_hash_ranked_04_seed99_defense_seed,True,99
C_hash_ranked_04_seed99_defense_mode,True,strong_attack
C_hash_ranked_04_seed99_defense_test_false,True,False
C_hash_ranked_04_seed99_defense_adapter_return,True,0
C_hash_ranked_04_seed99_defense_adapter_arrays,True,"['X_train', 'X_val', 'y_train', 'y_val']"
C_hash_ranked_04_seed99_defense_adapter_no_reserved,True,False
C_hash_ranked_04_seed99_plain_clients,True,"[3, 5, 8, 16]"
C_hash_ranked_04_seed99_defense_policy,True,trusted_reconstruction
C_hash_ranked_04_seed99_recall_column,True,"['monitoring_round', 'global_round', 'mode', 'replacement_policy', 'participating_samples', 'flagged_clients', 'replaced_clients', 'malicious_recall', 'benign_false_positive_rate', 'detection_precision', 'malicious_replacement_recall', 'benign_replacement_rate', 'mean_reconstruction_relative_l2_to_clean_substitute', 'mean_reconstruction_cosine_to_clean_substitute', 'round_seconds', 'val_accuracy', 'val_balanced_accuracy', 'val_macro_f1', 'val_weighted_f1', 'val_mcc', 'val_log_loss', 'val_ece_15bin', 'val_source_support', 'val_target_support', 'val_source_recall', 'val_target_recall', 'val_source_to_target_count', 'val_source_to_target_rate', 'val_target_to_source_count', 'val_target_to_source_rate']"
C_hash_ranked_06_seed99_marker_exists,True,C:\Users\Amm\LFighter-research\results\cic_iot_diad_task45_c3_multiseed_v416\C_hash_ranked\size_06\seed_99\_task45_condition_complete.json
C_hash_ranked_06_seed99_plain_meta_exists,True,C:\Users\Amm\LFighter-research\results\cic_iot_diad_task45_c3_multiseed_v416\C_hash_ranked\size_06\seed_99\plain_attack\post_warmup_capture_v310_metadata.json
C_hash_ranked_06_seed99_defense_meta_exists,True,C:\Users\Amm\LFighter-research\results\cic_iot_diad_task45_c3_multiseed_v416\C_hash_ranked\size_06\seed_99\trusted_reconstruction\trusted_update_reconstruction_v312_metadata.json
C_hash_ranked_06_seed99_plain_adapter_exists,True,C:\Users\Amm\LFighter-research\results\cic_iot_diad_task45_c3_multiseed_v416\C_hash_ranked\size_06\seed_99\plain_attack\task45_dev_only_adapter_manifest.json
C_hash_ranked_06_seed99_defense_adapter_exists,True,C:\Users\Amm\LFighter-research\results\cic_iot_diad_task45_c3_multiseed_v416\C_hash_ranked\size_06\seed_99\trusted_reconstruction\task45_dev_only_adapter_manifest.json
C_hash_ranked_06_seed99_plain_npz_exists,True,C:\Users\Amm\LFighter-research\results\cic_iot_diad_task45_c3_multiseed_v416\C_hash_ranked\size_06\seed_99\plain_attack\attack_manifest\poisoned_indices.npz
C_hash_ranked_06_seed99_defense_npz_exists,True,C:\Users\Amm\LFighter-research\results\cic_iot_diad_task45_c3_multiseed_v416\C_hash_ranked\size_06\seed_99\trusted_reconstruction\attack_manifest\poisoned_indices.npz
C_hash_ranked_06_seed99_plain_table_exists,True,C:\Users\Amm\LFighter-research\results\cic_iot_diad_task45_c3_multiseed_v416\C_hash_ranked\size_06\seed_99\plain_attack\tables\continuation_round_metrics.csv
C_hash_ranked_06_seed99_defense_table_exists,True,C:\Users\Amm\LFighter-research\results\cic_iot_diad_task45_c3_multiseed_v416\C_hash_ranked\size_06\seed_99\trusted_reconstruction\tables\reconstruction_round_metrics.csv
C_hash_ranked_06_seed99_marker_complete,True,True
C_hash_ranked_06_seed99_marker_identity,True,"{'experiment_version': '4.16.C3', 'family_id': 'C_hash_ranked', 'coalition_size': 6, 'selected_clients': '1,3,5,8,16,18', 'coalition_hash_sha256': 'e536b58a40b26950543ab4eda1f8d5651c35d33dea739db0d27e9879e9400a4e', 'seed': 99, 'plain_poison_semantic_sha256': '5015e9179ae48f6a55d20c5b92bcc212d246f4ea005dd67f8f50db51ef354fd6', 'defense_poison_semantic_sha256': '5015e9179ae48f6a55d20c5b92bcc212d246f4ea005dd67f8f50db51ef354fd6', 'exact_poison_pair': True, 'reserved_test_arrays_materialized': False, 'complete': True}"
C_hash_ranked_06_seed99_marker_hash,True,e536b58a40b26950543ab4eda1f8d5651c35d33dea739db0d27e9879e9400a4e
C_hash_ranked_06_seed99_marker_clients,True,"[1, 3, 5, 8, 16, 18]"
C_hash_ranked_06_seed99_marker_no_reserved,True,False
C_hash_ranked_06_seed99_poison_pair,True,5015e9179ae48f6a55d20c5b92bcc212d246f4ea005dd67f8f50db51ef354fd6
C_hash_ranked_06_seed99_marker_poison_hashes,True,5015e9179ae48f6a55d20c5b92bcc212d246f4ea005dd67f8f50db51ef354fd6
C_hash_ranked_06_seed99_pair_unique,True,"('C_hash_ranked', 6, 99, '5015e9179ae48f6a55d20c5b92bcc212d246f4ea005dd67f8f50db51ef354fd6')"
C_hash_ranked_06_seed99_plain_seed,True,99
C_hash_ranked_06_seed99_plain_mode,True,strong_attack
C_hash_ranked_06_seed99_plain_test_false,True,False
C_hash_ranked_06_seed99_plain_adapter_return,True,0
C_hash_ranked_06_seed99_plain_adapter_arrays,True,"['X_train', 'X_val', 'y_train', 'y_val']"
C_hash_ranked_06_seed99_plain_adapter_no_reserved,True,False
C_hash_ranked_06_seed99_defense_seed,True,99
C_hash_ranked_06_seed99_defense_mode,True,strong_attack
C_hash_ranked_06_seed99_defense_test_false,True,False
C_hash_ranked_06_seed99_defense_adapter_return,True,0
C_hash_ranked_06_seed99_defense_adapter_arrays,True,"['X_train', 'X_val', 'y_train', 'y_val']"
C_hash_ranked_06_seed99_defense_adapter_no_reserved,True,False
C_hash_ranked_06_seed99_plain_clients,True,"[1, 3, 5, 8, 16, 18]"
C_hash_ranked_06_seed99_defense_policy,True,trusted_reconstruction
C_hash_ranked_06_seed99_recall_column,True,"['monitoring_round', 'global_round', 'mode', 'replacement_policy', 'participating_samples', 'flagged_clients', 'replaced_clients', 'malicious_recall', 'benign_false_positive_rate', 'detection_precision', 'malicious_replacement_recall', 'benign_replacement_rate', 'mean_reconstruction_relative_l2_to_clean_substitute', 'mean_reconstruction_cosine_to_clean_substitute', 'round_seconds', 'val_accuracy', 'val_balanced_accuracy', 'val_macro_f1', 'val_weighted_f1', 'val_mcc', 'val_log_loss', 'val_ece_15bin', 'val_source_support', 'val_target_support', 'val_source_recall', 'val_target_recall', 'val_source_to_target_count', 'val_source_to_target_rate', 'val_target_to_source_count', 'val_target_to_source_rate']"
C_hash_ranked_08_seed99_marker_exists,True,C:\Users\Amm\LFighter-research\results\cic_iot_diad_task45_c3_multiseed_v416\C_hash_ranked\size_08\seed_99\_task45_condition_complete.json
C_hash_ranked_08_seed99_plain_meta_exists,True,C:\Users\Amm\LFighter-research\results\cic_iot_diad_task45_c3_multiseed_v416\C_hash_ranked\size_08\seed_99\plain_attack\post_warmup_capture_v310_metadata.json
C_hash_ranked_08_seed99_defense_meta_exists,True,C:\Users\Amm\LFighter-research\results\cic_iot_diad_task45_c3_multiseed_v416\C_hash_ranked\size_08\seed_99\trusted_reconstruction\trusted_update_reconstruction_v312_metadata.json
C_hash_ranked_08_seed99_plain_adapter_exists,True,C:\Users\Amm\LFighter-research\results\cic_iot_diad_task45_c3_multiseed_v416\C_hash_ranked\size_08\seed_99\plain_attack\task45_dev_only_adapter_manifest.json
C_hash_ranked_08_seed99_defense_adapter_exists,True,C:\Users\Amm\LFighter-research\results\cic_iot_diad_task45_c3_multiseed_v416\C_hash_ranked\size_08\seed_99\trusted_reconstruction\task45_dev_only_adapter_manifest.json
C_hash_ranked_08_seed99_plain_npz_exists,True,C:\Users\Amm\LFighter-research\results\cic_iot_diad_task45_c3_multiseed_v416\C_hash_ranked\size_08\seed_99\plain_attack\attack_manifest\poisoned_indices.npz
C_hash_ranked_08_seed99_defense_npz_exists,True,C:\Users\Amm\LFighter-research\results\cic_iot_diad_task45_c3_multiseed_v416\C_hash_ranked\size_08\seed_99\trusted_reconstruction\attack_manifest\poisoned_indices.npz
C_hash_ranked_08_seed99_plain_table_exists,True,C:\Users\Amm\LFighter-research\results\cic_iot_diad_task45_c3_multiseed_v416\C_hash_ranked\size_08\seed_99\plain_attack\tables\continuation_round_metrics.csv
C_hash_ranked_08_seed99_defense_table_exists,True,C:\Users\Amm\LFighter-research\results\cic_iot_diad_task45_c3_multiseed_v416\C_hash_ranked\size_08\seed_99\trusted_reconstruction\tables\reconstruction_round_metrics.csv
C_hash_ranked_08_seed99_marker_complete,True,True
C_hash_ranked_08_seed99_marker_identity,True,"{'experiment_version': '4.16.C3', 'family_id': 'C_hash_ranked', 'coalition_size': 8, 'selected_clients': '1,3,5,7,8,15,16,18', 'coalition_hash_sha256': '676ea42612b0f31419bb5e78b2110cf9ec45a1a348b774d2f55c94fdc6d98d2e', 'seed': 99, 'plain_poison_semantic_sha256': 'b80d560b24d5548cb6dc6db15c9a824fa35565dbcb7dc2ffc5692f86d313e486', 'defense_poison_semantic_sha256': 'b80d560b24d5548cb6dc6db15c9a824fa35565dbcb7dc2ffc5692f86d313e486', 'exact_poison_pair': True, 'reserved_test_arrays_materialized': False, 'complete': True}"
C_hash_ranked_08_seed99_marker_hash,True,676ea42612b0f31419bb5e78b2110cf9ec45a1a348b774d2f55c94fdc6d98d2e
C_hash_ranked_08_seed99_marker_clients,True,"[1, 3, 5, 7, 8, 15, 16, 18]"
C_hash_ranked_08_seed99_marker_no_reserved,True,False
C_hash_ranked_08_seed99_poison_pair,True,b80d560b24d5548cb6dc6db15c9a824fa35565dbcb7dc2ffc5692f86d313e486
C_hash_ranked_08_seed99_marker_poison_hashes,True,b80d560b24d5548cb6dc6db15c9a824fa35565dbcb7dc2ffc5692f86d313e486
C_hash_ranked_08_seed99_pair_unique,True,"('C_hash_ranked', 8, 99, 'b80d560b24d5548cb6dc6db15c9a824fa35565dbcb7dc2ffc5692f86d313e486')"
C_hash_ranked_08_seed99_plain_seed,True,99
C_hash_ranked_08_seed99_plain_mode,True,strong_attack
C_hash_ranked_08_seed99_plain_test_false,True,False
C_hash_ranked_08_seed99_plain_adapter_return,True,0
C_hash_ranked_08_seed99_plain_adapter_arrays,True,"['X_train', 'X_val', 'y_train', 'y_val']"
C_hash_ranked_08_seed99_plain_adapter_no_reserved,True,False
C_hash_ranked_08_seed99_defense_seed,True,99
C_hash_ranked_08_seed99_defense_mode,True,strong_attack
C_hash_ranked_08_seed99_defense_test_false,True,False
C_hash_ranked_08_seed99_defense_adapter_return,True,0
C_hash_ranked_08_seed99_defense_adapter_arrays,True,"['X_train', 'X_val', 'y_train', 'y_val']"
C_hash_ranked_08_seed99_defense_adapter_no_reserved,True,False
C_hash_ranked_08_seed99_plain_clients,True,"[1, 3, 5, 7, 8, 15, 16, 18]"
C_hash_ranked_08_seed99_defense_policy,True,trusted_reconstruction
C_hash_ranked_08_seed99_recall_column,True,"['monitoring_round', 'global_round', 'mode', 'replacement_policy', 'participating_samples', 'flagged_clients', 'replaced_clients', 'malicious_recall', 'benign_false_positive_rate', 'detection_precision', 'malicious_replacement_recall', 'benign_replacement_rate', 'mean_reconstruction_relative_l2_to_clean_substitute', 'mean_reconstruction_cosine_to_clean_substitute', 'round_seconds', 'val_accuracy', 'val_balanced_accuracy', 'val_macro_f1', 'val_weighted_f1', 'val_mcc', 'val_log_loss', 'val_ece_15bin', 'val_source_support', 'val_target_support', 'val_source_recall', 'val_target_recall', 'val_source_to_target_count', 'val_source_to_target_rate', 'val_target_to_source_count', 'val_target_to_source_rate']"
C_hash_ranked_10_seed99_marker_exists,True,C:\Users\Amm\LFighter-research\results\cic_iot_diad_task45_c3_multiseed_v416\C_hash_ranked\size_10\seed_99\_task45_condition_complete.json
C_hash_ranked_10_seed99_plain_meta_exists,True,C:\Users\Amm\LFighter-research\results\cic_iot_diad_task45_c3_multiseed_v416\C_hash_ranked\size_10\seed_99\plain_attack\post_warmup_capture_v310_metadata.json
C_hash_ranked_10_seed99_defense_meta_exists,True,C:\Users\Amm\LFighter-research\results\cic_iot_diad_task45_c3_multiseed_v416\C_hash_ranked\size_10\seed_99\trusted_reconstruction\trusted_update_reconstruction_v312_metadata.json
C_hash_ranked_10_seed99_plain_adapter_exists,True,C:\Users\Amm\LFighter-research\results\cic_iot_diad_task45_c3_multiseed_v416\C_hash_ranked\size_10\seed_99\plain_attack\task45_dev_only_adapter_manifest.json
C_hash_ranked_10_seed99_defense_adapter_exists,True,C:\Users\Amm\LFighter-research\results\cic_iot_diad_task45_c3_multiseed_v416\C_hash_ranked\size_10\seed_99\trusted_reconstruction\task45_dev_only_adapter_manifest.json
C_hash_ranked_10_seed99_plain_npz_exists,True,C:\Users\Amm\LFighter-research\results\cic_iot_diad_task45_c3_multiseed_v416\C_hash_ranked\size_10\seed_99\plain_attack\attack_manifest\poisoned_indices.npz
C_hash_ranked_10_seed99_defense_npz_exists,True,C:\Users\Amm\LFighter-research\results\cic_iot_diad_task45_c3_multiseed_v416\C_hash_ranked\size_10\seed_99\trusted_reconstruction\attack_manifest\poisoned_indices.npz
C_hash_ranked_10_seed99_plain_table_exists,True,C:\Users\Amm\LFighter-research\results\cic_iot_diad_task45_c3_multiseed_v416\C_hash_ranked\size_10\seed_99\plain_attack\tables\continuation_round_metrics.csv
C_hash_ranked_10_seed99_defense_table_exists,True,C:\Users\Amm\LFighter-research\results\cic_iot_diad_task45_c3_multiseed_v416\C_hash_ranked\size_10\seed_99\trusted_reconstruction\tables\reconstruction_round_metrics.csv
C_hash_ranked_10_seed99_marker_complete,True,True
C_hash_ranked_10_seed99_marker_identity,True,"{'experiment_version': '4.16.C3', 'family_id': 'C_hash_ranked', 'coalition_size': 10, 'selected_clients': '1,3,5,7,8,14,15,16,18,19', 'coalition_hash_sha256': '3f6725a44f14853874791b25c93070116028e290e056132697919c585856ced8', 'seed': 99, 'plain_poison_semantic_sha256': '86041e9cbaeed6199999b1a2242a147d5e0835c355adef4770bae49472418bab', 'defense_poison_semantic_sha256': '86041e9cbaeed6199999b1a2242a147d5e0835c355adef4770bae49472418bab', 'exact_poison_pair': True, 'reserved_test_arrays_materialized': False, 'complete': True}"
C_hash_ranked_10_seed99_marker_hash,True,3f6725a44f14853874791b25c93070116028e290e056132697919c585856ced8
C_hash_ranked_10_seed99_marker_clients,True,"[1, 3, 5, 7, 8, 14, 15, 16, 18, 19]"
C_hash_ranked_10_seed99_marker_no_reserved,True,False
C_hash_ranked_10_seed99_poison_pair,True,86041e9cbaeed6199999b1a2242a147d5e0835c355adef4770bae49472418bab
C_hash_ranked_10_seed99_marker_poison_hashes,True,86041e9cbaeed6199999b1a2242a147d5e0835c355adef4770bae49472418bab
C_hash_ranked_10_seed99_pair_unique,True,"('C_hash_ranked', 10, 99, '86041e9cbaeed6199999b1a2242a147d5e0835c355adef4770bae49472418bab')"
C_hash_ranked_10_seed99_plain_seed,True,99
C_hash_ranked_10_seed99_plain_mode,True,strong_attack
C_hash_ranked_10_seed99_plain_test_false,True,False
C_hash_ranked_10_seed99_plain_adapter_return,True,0
C_hash_ranked_10_seed99_plain_adapter_arrays,True,"['X_train', 'X_val', 'y_train', 'y_val']"
C_hash_ranked_10_seed99_plain_adapter_no_reserved,True,False
C_hash_ranked_10_seed99_defense_seed,True,99
C_hash_ranked_10_seed99_defense_mode,True,strong_attack
C_hash_ranked_10_seed99_defense_test_false,True,False
C_hash_ranked_10_seed99_defense_adapter_return,True,0
C_hash_ranked_10_seed99_defense_adapter_arrays,True,"['X_train', 'X_val', 'y_train', 'y_val']"
C_hash_ranked_10_seed99_defense_adapter_no_reserved,True,False
C_hash_ranked_10_seed99_plain_clients,True,"[1, 3, 5, 7, 8, 14, 15, 16, 18, 19]"
C_hash_ranked_10_seed99_defense_policy,True,trusted_reconstruction
C_hash_ranked_10_seed99_recall_column,True,"['monitoring_round', 'global_round', 'mode', 'replacement_policy', 'participating_samples', 'flagged_clients', 'replaced_clients', 'malicious_recall', 'benign_false_positive_rate', 'detection_precision', 'malicious_replacement_recall', 'benign_replacement_rate', 'mean_reconstruction_relative_l2_to_clean_substitute', 'mean_reconstruction_cosine_to_clean_substitute', 'round_seconds', 'val_accuracy', 'val_balanced_accuracy', 'val_macro_f1', 'val_weighted_f1', 'val_mcc', 'val_log_loss', 'val_ece_15bin', 'val_source_support', 'val_target_support', 'val_source_recall', 'val_target_recall', 'val_source_to_target_count', 'val_source_to_target_rate', 'val_target_to_source_count', 'val_target_to_source_rate']"
A_development_anchor_01_seed123_marker_exists,True,C:\Users\Amm\LFighter-research\results\cic_iot_diad_task45_c3_multiseed_v416\A_development_anchor\size_01\seed_123\_task45_condition_complete.json
A_development_anchor_01_seed123_plain_meta_exists,True,C:\Users\Amm\LFighter-research\results\cic_iot_diad_task45_c3_multiseed_v416\A_development_anchor\size_01\seed_123\plain_attack\post_warmup_capture_v310_metadata.json
A_development_anchor_01_seed123_defense_meta_exists,True,C:\Users\Amm\LFighter-research\results\cic_iot_diad_task45_c3_multiseed_v416\A_development_anchor\size_01\seed_123\trusted_reconstruction\trusted_update_reconstruction_v312_metadata.json
A_development_anchor_01_seed123_plain_adapter_exists,True,C:\Users\Amm\LFighter-research\results\cic_iot_diad_task45_c3_multiseed_v416\A_development_anchor\size_01\seed_123\plain_attack\task45_dev_only_adapter_manifest.json
A_development_anchor_01_seed123_defense_adapter_exists,True,C:\Users\Amm\LFighter-research\results\cic_iot_diad_task45_c3_multiseed_v416\A_development_anchor\size_01\seed_123\trusted_reconstruction\task45_dev_only_adapter_manifest.json
A_development_anchor_01_seed123_plain_npz_exists,True,C:\Users\Amm\LFighter-research\results\cic_iot_diad_task45_c3_multiseed_v416\A_development_anchor\size_01\seed_123\plain_attack\attack_manifest\poisoned_indices.npz
A_development_anchor_01_seed123_defense_npz_exists,True,C:\Users\Amm\LFighter-research\results\cic_iot_diad_task45_c3_multiseed_v416\A_development_anchor\size_01\seed_123\trusted_reconstruction\attack_manifest\poisoned_indices.npz
A_development_anchor_01_seed123_plain_table_exists,True,C:\Users\Amm\LFighter-research\results\cic_iot_diad_task45_c3_multiseed_v416\A_development_anchor\size_01\seed_123\plain_attack\tables\continuation_round_metrics.csv
A_development_anchor_01_seed123_defense_table_exists,True,C:\Users\Amm\LFighter-research\results\cic_iot_diad_task45_c3_multiseed_v416\A_development_anchor\size_01\seed_123\trusted_reconstruction\tables\reconstruction_round_metrics.csv
A_development_anchor_01_seed123_marker_complete,True,True
A_development_anchor_01_seed123_marker_identity,True,"{'experiment_version': '4.16.C3', 'family_id': 'A_development_anchor', 'coalition_size': 1, 'selected_clients': '7', 'coalition_hash_sha256': '29e2e7d57a2211f44077d1017c6354cdd6378fdd5b035e65f96150053e8eb0f3', 'seed': 123, 'plain_poison_semantic_sha256': '6f09b421c32aa6e697f44a61121b7c43bbfaf047f6b2fa2b18bd710c735630ff', 'defense_poison_semantic_sha256': '6f09b421c32aa6e697f44a61121b7c43bbfaf047f6b2fa2b18bd710c735630ff', 'exact_poison_pair': True, 'reserved_test_arrays_materialized': False, 'complete': True}"
A_development_anchor_01_seed123_marker_hash,True,29e2e7d57a2211f44077d1017c6354cdd6378fdd5b035e65f96150053e8eb0f3
A_development_anchor_01_seed123_marker_clients,True,[7]
A_development_anchor_01_seed123_marker_no_reserved,True,False
A_development_anchor_01_seed123_poison_pair,True,6f09b421c32aa6e697f44a61121b7c43bbfaf047f6b2fa2b18bd710c735630ff
A_development_anchor_01_seed123_marker_poison_hashes,True,6f09b421c32aa6e697f44a61121b7c43bbfaf047f6b2fa2b18bd710c735630ff
A_development_anchor_01_seed123_pair_unique,True,"('A_development_anchor', 1, 123, '6f09b421c32aa6e697f44a61121b7c43bbfaf047f6b2fa2b18bd710c735630ff')"
A_development_anchor_01_seed123_plain_seed,True,123
A_development_anchor_01_seed123_plain_mode,True,strong_attack
A_development_anchor_01_seed123_plain_test_false,True,False
A_development_anchor_01_seed123_plain_adapter_return,True,0
A_development_anchor_01_seed123_plain_adapter_arrays,True,"['X_train', 'X_val', 'y_train', 'y_val']"
A_development_anchor_01_seed123_plain_adapter_no_reserved,True,False
A_development_anchor_01_seed123_defense_seed,True,123
A_development_anchor_01_seed123_defense_mode,True,strong_attack
A_development_anchor_01_seed123_defense_test_false,True,False
A_development_anchor_01_seed123_defense_adapter_return,True,0
A_development_anchor_01_seed123_defense_adapter_arrays,True,"['X_train', 'X_val', 'y_train', 'y_val']"
A_development_anchor_01_seed123_defense_adapter_no_reserved,True,False
A_development_anchor_01_seed123_plain_clients,True,[7]
A_development_anchor_01_seed123_defense_policy,True,trusted_reconstruction
A_development_anchor_01_seed123_recall_column,True,"['monitoring_round', 'global_round', 'mode', 'replacement_policy', 'participating_samples', 'flagged_clients', 'replaced_clients', 'malicious_recall', 'benign_false_positive_rate', 'detection_precision', 'malicious_replacement_recall', 'benign_replacement_rate', 'mean_reconstruction_relative_l2_to_clean_substitute', 'mean_reconstruction_cosine_to_clean_substitute', 'round_seconds', 'val_accuracy', 'val_balanced_accuracy', 'val_macro_f1', 'val_weighted_f1', 'val_mcc', 'val_log_loss', 'val_ece_15bin', 'val_source_support', 'val_target_support', 'val_source_recall', 'val_target_recall', 'val_source_to_target_count', 'val_source_to_target_rate', 'val_target_to_source_count', 'val_target_to_source_rate']"
A_development_anchor_02_seed123_marker_exists,True,C:\Users\Amm\LFighter-research\results\cic_iot_diad_task45_c3_multiseed_v416\A_development_anchor\size_02\seed_123\_task45_condition_complete.json
A_development_anchor_02_seed123_plain_meta_exists,True,C:\Users\Amm\LFighter-research\results\cic_iot_diad_task45_c3_multiseed_v416\A_development_anchor\size_02\seed_123\plain_attack\post_warmup_capture_v310_metadata.json
A_development_anchor_02_seed123_defense_meta_exists,True,C:\Users\Amm\LFighter-research\results\cic_iot_diad_task45_c3_multiseed_v416\A_development_anchor\size_02\seed_123\trusted_reconstruction\trusted_update_reconstruction_v312_metadata.json
A_development_anchor_02_seed123_plain_adapter_exists,True,C:\Users\Amm\LFighter-research\results\cic_iot_diad_task45_c3_multiseed_v416\A_development_anchor\size_02\seed_123\plain_attack\task45_dev_only_adapter_manifest.json
A_development_anchor_02_seed123_defense_adapter_exists,True,C:\Users\Amm\LFighter-research\results\cic_iot_diad_task45_c3_multiseed_v416\A_development_anchor\size_02\seed_123\trusted_reconstruction\task45_dev_only_adapter_manifest.json
A_development_anchor_02_seed123_plain_npz_exists,True,C:\Users\Amm\LFighter-research\results\cic_iot_diad_task45_c3_multiseed_v416\A_development_anchor\size_02\seed_123\plain_attack\attack_manifest\poisoned_indices.npz
A_development_anchor_02_seed123_defense_npz_exists,True,C:\Users\Amm\LFighter-research\results\cic_iot_diad_task45_c3_multiseed_v416\A_development_anchor\size_02\seed_123\trusted_reconstruction\attack_manifest\poisoned_indices.npz
A_development_anchor_02_seed123_plain_table_exists,True,C:\Users\Amm\LFighter-research\results\cic_iot_diad_task45_c3_multiseed_v416\A_development_anchor\size_02\seed_123\plain_attack\tables\continuation_round_metrics.csv
A_development_anchor_02_seed123_defense_table_exists,True,C:\Users\Amm\LFighter-research\results\cic_iot_diad_task45_c3_multiseed_v416\A_development_anchor\size_02\seed_123\trusted_reconstruction\tables\reconstruction_round_metrics.csv
A_development_anchor_02_seed123_marker_complete,True,True
A_development_anchor_02_seed123_marker_identity,True,"{'experiment_version': '4.16.C3', 'family_id': 'A_development_anchor', 'coalition_size': 2, 'selected_clients': '7,15', 'coalition_hash_sha256': '35dc43aa14a38cd046650b1f25e772197fb9f25278538f83a9aaacca235c9555', 'seed': 123, 'plain_poison_semantic_sha256': 'cfa80177de1924138f924bb34edf2d8f7adfeb84e966eab676e4e91b42edb82f', 'defense_poison_semantic_sha256': 'cfa80177de1924138f924bb34edf2d8f7adfeb84e966eab676e4e91b42edb82f', 'exact_poison_pair': True, 'reserved_test_arrays_materialized': False, 'complete': True}"
A_development_anchor_02_seed123_marker_hash,True,35dc43aa14a38cd046650b1f25e772197fb9f25278538f83a9aaacca235c9555
A_development_anchor_02_seed123_marker_clients,True,"[7, 15]"
A_development_anchor_02_seed123_marker_no_reserved,True,False
A_development_anchor_02_seed123_poison_pair,True,cfa80177de1924138f924bb34edf2d8f7adfeb84e966eab676e4e91b42edb82f
A_development_anchor_02_seed123_marker_poison_hashes,True,cfa80177de1924138f924bb34edf2d8f7adfeb84e966eab676e4e91b42edb82f
A_development_anchor_02_seed123_pair_unique,True,"('A_development_anchor', 2, 123, 'cfa80177de1924138f924bb34edf2d8f7adfeb84e966eab676e4e91b42edb82f')"
A_development_anchor_02_seed123_plain_seed,True,123
A_development_anchor_02_seed123_plain_mode,True,strong_attack
A_development_anchor_02_seed123_plain_test_false,True,False
A_development_anchor_02_seed123_plain_adapter_return,True,0
A_development_anchor_02_seed123_plain_adapter_arrays,True,"['X_train', 'X_val', 'y_train', 'y_val']"
A_development_anchor_02_seed123_plain_adapter_no_reserved,True,False
A_development_anchor_02_seed123_defense_seed,True,123
A_development_anchor_02_seed123_defense_mode,True,strong_attack
A_development_anchor_02_seed123_defense_test_false,True,False
A_development_anchor_02_seed123_defense_adapter_return,True,0
A_development_anchor_02_seed123_defense_adapter_arrays,True,"['X_train', 'X_val', 'y_train', 'y_val']"
A_development_anchor_02_seed123_defense_adapter_no_reserved,True,False
A_development_anchor_02_seed123_plain_clients,True,"[7, 15]"
A_development_anchor_02_seed123_defense_policy,True,trusted_reconstruction
A_development_anchor_02_seed123_recall_column,True,"['monitoring_round', 'global_round', 'mode', 'replacement_policy', 'participating_samples', 'flagged_clients', 'replaced_clients', 'malicious_recall', 'benign_false_positive_rate', 'detection_precision', 'malicious_replacement_recall', 'benign_replacement_rate', 'mean_reconstruction_relative_l2_to_clean_substitute', 'mean_reconstruction_cosine_to_clean_substitute', 'round_seconds', 'val_accuracy', 'val_balanced_accuracy', 'val_macro_f1', 'val_weighted_f1', 'val_mcc', 'val_log_loss', 'val_ece_15bin', 'val_source_support', 'val_target_support', 'val_source_recall', 'val_target_recall', 'val_source_to_target_count', 'val_source_to_target_rate', 'val_target_to_source_count', 'val_target_to_source_rate']"
A_development_anchor_04_seed123_marker_exists,True,C:\Users\Amm\LFighter-research\results\cic_iot_diad_task45_c3_multiseed_v416\A_development_anchor\size_04\seed_123\_task45_condition_complete.json
A_development_anchor_04_seed123_plain_meta_exists,True,C:\Users\Amm\LFighter-research\results\cic_iot_diad_task45_c3_multiseed_v416\A_development_anchor\size_04\seed_123\plain_attack\post_warmup_capture_v310_metadata.json
A_development_anchor_04_seed123_defense_meta_exists,True,C:\Users\Amm\LFighter-research\results\cic_iot_diad_task45_c3_multiseed_v416\A_development_anchor\size_04\seed_123\trusted_reconstruction\trusted_update_reconstruction_v312_metadata.json
A_development_anchor_04_seed123_plain_adapter_exists,True,C:\Users\Amm\LFighter-research\results\cic_iot_diad_task45_c3_multiseed_v416\A_development_anchor\size_04\seed_123\plain_attack\task45_dev_only_adapter_manifest.json
A_development_anchor_04_seed123_defense_adapter_exists,True,C:\Users\Amm\LFighter-research\results\cic_iot_diad_task45_c3_multiseed_v416\A_development_anchor\size_04\seed_123\trusted_reconstruction\task45_dev_only_adapter_manifest.json
A_development_anchor_04_seed123_plain_npz_exists,True,C:\Users\Amm\LFighter-research\results\cic_iot_diad_task45_c3_multiseed_v416\A_development_anchor\size_04\seed_123\plain_attack\attack_manifest\poisoned_indices.npz
A_development_anchor_04_seed123_defense_npz_exists,True,C:\Users\Amm\LFighter-research\results\cic_iot_diad_task45_c3_multiseed_v416\A_development_anchor\size_04\seed_123\trusted_reconstruction\attack_manifest\poisoned_indices.npz
A_development_anchor_04_seed123_plain_table_exists,True,C:\Users\Amm\LFighter-research\results\cic_iot_diad_task45_c3_multiseed_v416\A_development_anchor\size_04\seed_123\plain_attack\tables\continuation_round_metrics.csv
A_development_anchor_04_seed123_defense_table_exists,True,C:\Users\Amm\LFighter-research\results\cic_iot_diad_task45_c3_multiseed_v416\A_development_anchor\size_04\seed_123\trusted_reconstruction\tables\reconstruction_round_metrics.csv
A_development_anchor_04_seed123_marker_complete,True,True
A_development_anchor_04_seed123_marker_identity,True,"{'experiment_version': '4.16.C3', 'family_id': 'A_development_anchor', 'coalition_size': 4, 'selected_clients': '1,7,14,15', 'coalition_hash_sha256': 'dcab69ee1d7e9b3132168f1c08ba950a84411263472846e7554751322aba732a', 'seed': 123, 'plain_poison_semantic_sha256': 'f7094d7afaf21433c9d5579678610ef6451b3aa9e767de412a7c3f659fdfc011', 'defense_poison_semantic_sha256': 'f7094d7afaf21433c9d5579678610ef6451b3aa9e767de412a7c3f659fdfc011', 'exact_poison_pair': True, 'reserved_test_arrays_materialized': False, 'complete': True}"
A_development_anchor_04_seed123_marker_hash,True,dcab69ee1d7e9b3132168f1c08ba950a84411263472846e7554751322aba732a
A_development_anchor_04_seed123_marker_clients,True,"[1, 7, 14, 15]"
A_development_anchor_04_seed123_marker_no_reserved,True,False
A_development_anchor_04_seed123_poison_pair,True,f7094d7afaf21433c9d5579678610ef6451b3aa9e767de412a7c3f659fdfc011
A_development_anchor_04_seed123_marker_poison_hashes,True,f7094d7afaf21433c9d5579678610ef6451b3aa9e767de412a7c3f659fdfc011
A_development_anchor_04_seed123_pair_unique,True,"('A_development_anchor', 4, 123, 'f7094d7afaf21433c9d5579678610ef6451b3aa9e767de412a7c3f659fdfc011')"
A_development_anchor_04_seed123_plain_seed,True,123
A_development_anchor_04_seed123_plain_mode,True,strong_attack
A_development_anchor_04_seed123_plain_test_false,True,False
A_development_anchor_04_seed123_plain_adapter_return,True,0
A_development_anchor_04_seed123_plain_adapter_arrays,True,"['X_train', 'X_val', 'y_train', 'y_val']"
A_development_anchor_04_seed123_plain_adapter_no_reserved,True,False
A_development_anchor_04_seed123_defense_seed,True,123
A_development_anchor_04_seed123_defense_mode,True,strong_attack
A_development_anchor_04_seed123_defense_test_false,True,False
A_development_anchor_04_seed123_defense_adapter_return,True,0
A_development_anchor_04_seed123_defense_adapter_arrays,True,"['X_train', 'X_val', 'y_train', 'y_val']"
A_development_anchor_04_seed123_defense_adapter_no_reserved,True,False
A_development_anchor_04_seed123_plain_clients,True,"[1, 7, 14, 15]"
A_development_anchor_04_seed123_defense_policy,True,trusted_reconstruction
A_development_anchor_04_seed123_recall_column,True,"['monitoring_round', 'global_round', 'mode', 'replacement_policy', 'participating_samples', 'flagged_clients', 'replaced_clients', 'malicious_recall', 'benign_false_positive_rate', 'detection_precision', 'malicious_replacement_recall', 'benign_replacement_rate', 'mean_reconstruction_relative_l2_to_clean_substitute', 'mean_reconstruction_cosine_to_clean_substitute', 'round_seconds', 'val_accuracy', 'val_balanced_accuracy', 'val_macro_f1', 'val_weighted_f1', 'val_mcc', 'val_log_loss', 'val_ece_15bin', 'val_source_support', 'val_target_support', 'val_source_recall', 'val_target_recall', 'val_source_to_target_count', 'val_source_to_target_rate', 'val_target_to_source_count', 'val_target_to_source_rate']"
A_development_anchor_06_seed123_marker_exists,True,C:\Users\Amm\LFighter-research\results\cic_iot_diad_task45_c3_multiseed_v416\A_development_anchor\size_06\seed_123\_task45_condition_complete.json
A_development_anchor_06_seed123_plain_meta_exists,True,C:\Users\Amm\LFighter-research\results\cic_iot_diad_task45_c3_multiseed_v416\A_development_anchor\size_06\seed_123\plain_attack\post_warmup_capture_v310_metadata.json
A_development_anchor_06_seed123_defense_meta_exists,True,C:\Users\Amm\LFighter-research\results\cic_iot_diad_task45_c3_multiseed_v416\A_development_anchor\size_06\seed_123\trusted_reconstruction\trusted_update_reconstruction_v312_metadata.json
A_development_anchor_06_seed123_plain_adapter_exists,True,C:\Users\Amm\LFighter-research\results\cic_iot_diad_task45_c3_multiseed_v416\A_development_anchor\size_06\seed_123\plain_attack\task45_dev_only_adapter_manifest.json
A_development_anchor_06_seed123_defense_adapter_exists,True,C:\Users\Amm\LFighter-research\results\cic_iot_diad_task45_c3_multiseed_v416\A_development_anchor\size_06\seed_123\trusted_reconstruction\task45_dev_only_adapter_manifest.json
A_development_anchor_06_seed123_plain_npz_exists,True,C:\Users\Amm\LFighter-research\results\cic_iot_diad_task45_c3_multiseed_v416\A_development_anchor\size_06\seed_123\plain_attack\attack_manifest\poisoned_indices.npz
A_development_anchor_06_seed123_defense_npz_exists,True,C:\Users\Amm\LFighter-research\results\cic_iot_diad_task45_c3_multiseed_v416\A_development_anchor\size_06\seed_123\trusted_reconstruction\attack_manifest\poisoned_indices.npz
A_development_anchor_06_seed123_plain_table_exists,True,C:\Users\Amm\LFighter-research\results\cic_iot_diad_task45_c3_multiseed_v416\A_development_anchor\size_06\seed_123\plain_attack\tables\continuation_round_metrics.csv
A_development_anchor_06_seed123_defense_table_exists,True,C:\Users\Amm\LFighter-research\results\cic_iot_diad_task45_c3_multiseed_v416\A_development_anchor\size_06\seed_123\trusted_reconstruction\tables\reconstruction_round_metrics.csv
A_development_anchor_06_seed123_marker_complete,True,True
A_development_anchor_06_seed123_marker_identity,True,"{'experiment_version': '4.16.C3', 'family_id': 'A_development_anchor', 'coalition_size': 6, 'selected_clients': '1,7,10,14,15,18', 'coalition_hash_sha256': '693fa3fcf63b548fb89a003b00b7cbcb43f6b1aeaddfcc649026150b2a562aa7', 'seed': 123, 'plain_poison_semantic_sha256': '84a4cf3be0102e61839aa709ab5433dd35957123103f1ea7c032a2041146a160', 'defense_poison_semantic_sha256': '84a4cf3be0102e61839aa709ab5433dd35957123103f1ea7c032a2041146a160', 'exact_poison_pair': True, 'reserved_test_arrays_materialized': False, 'complete': True}"
A_development_anchor_06_seed123_marker_hash,True,693fa3fcf63b548fb89a003b00b7cbcb43f6b1aeaddfcc649026150b2a562aa7
A_development_anchor_06_seed123_marker_clients,True,"[1, 7, 10, 14, 15, 18]"
A_development_anchor_06_seed123_marker_no_reserved,True,False
A_development_anchor_06_seed123_poison_pair,True,84a4cf3be0102e61839aa709ab5433dd35957123103f1ea7c032a2041146a160
A_development_anchor_06_seed123_marker_poison_hashes,True,84a4cf3be0102e61839aa709ab5433dd35957123103f1ea7c032a2041146a160
A_development_anchor_06_seed123_pair_unique,True,"('A_development_anchor', 6, 123, '84a4cf3be0102e61839aa709ab5433dd35957123103f1ea7c032a2041146a160')"
A_development_anchor_06_seed123_plain_seed,True,123
A_development_anchor_06_seed123_plain_mode,True,strong_attack
A_development_anchor_06_seed123_plain_test_false,True,False
A_development_anchor_06_seed123_plain_adapter_return,True,0
A_development_anchor_06_seed123_plain_adapter_arrays,True,"['X_train', 'X_val', 'y_train', 'y_val']"
A_development_anchor_06_seed123_plain_adapter_no_reserved,True,False
A_development_anchor_06_seed123_defense_seed,True,123
A_development_anchor_06_seed123_defense_mode,True,strong_attack
A_development_anchor_06_seed123_defense_test_false,True,False
A_development_anchor_06_seed123_defense_adapter_return,True,0
A_development_anchor_06_seed123_defense_adapter_arrays,True,"['X_train', 'X_val', 'y_train', 'y_val']"
A_development_anchor_06_seed123_defense_adapter_no_reserved,True,False
A_development_anchor_06_seed123_plain_clients,True,"[1, 7, 10, 14, 15, 18]"
A_development_anchor_06_seed123_defense_policy,True,trusted_reconstruction
A_development_anchor_06_seed123_recall_column,True,"['monitoring_round', 'global_round', 'mode', 'replacement_policy', 'participating_samples', 'flagged_clients', 'replaced_clients', 'malicious_recall', 'benign_false_positive_rate', 'detection_precision', 'malicious_replacement_recall', 'benign_replacement_rate', 'mean_reconstruction_relative_l2_to_clean_substitute', 'mean_reconstruction_cosine_to_clean_substitute', 'round_seconds', 'val_accuracy', 'val_balanced_accuracy', 'val_macro_f1', 'val_weighted_f1', 'val_mcc', 'val_log_loss', 'val_ece_15bin', 'val_source_support', 'val_target_support', 'val_source_recall', 'val_target_recall', 'val_source_to_target_count', 'val_source_to_target_rate', 'val_target_to_source_count', 'val_target_to_source_rate']"
A_development_anchor_08_seed123_marker_exists,True,C:\Users\Amm\LFighter-research\results\cic_iot_diad_task45_c3_multiseed_v416\A_development_anchor\size_08\seed_123\_task45_condition_complete.json
A_development_anchor_08_seed123_plain_meta_exists,True,C:\Users\Amm\LFighter-research\results\cic_iot_diad_task45_c3_multiseed_v416\A_development_anchor\size_08\seed_123\plain_attack\post_warmup_capture_v310_metadata.json
A_development_anchor_08_seed123_defense_meta_exists,True,C:\Users\Amm\LFighter-research\results\cic_iot_diad_task45_c3_multiseed_v416\A_development_anchor\size_08\seed_123\trusted_reconstruction\trusted_update_reconstruction_v312_metadata.json
A_development_anchor_08_seed123_plain_adapter_exists,True,C:\Users\Amm\LFighter-research\results\cic_iot_diad_task45_c3_multiseed_v416\A_development_anchor\size_08\seed_123\plain_attack\task45_dev_only_adapter_manifest.json
A_development_anchor_08_seed123_defense_adapter_exists,True,C:\Users\Amm\LFighter-research\results\cic_iot_diad_task45_c3_multiseed_v416\A_development_anchor\size_08\seed_123\trusted_reconstruction\task45_dev_only_adapter_manifest.json
A_development_anchor_08_seed123_plain_npz_exists,True,C:\Users\Amm\LFighter-research\results\cic_iot_diad_task45_c3_multiseed_v416\A_development_anchor\size_08\seed_123\plain_attack\attack_manifest\poisoned_indices.npz
A_development_anchor_08_seed123_defense_npz_exists,True,C:\Users\Amm\LFighter-research\results\cic_iot_diad_task45_c3_multiseed_v416\A_development_anchor\size_08\seed_123\trusted_reconstruction\attack_manifest\poisoned_indices.npz
A_development_anchor_08_seed123_plain_table_exists,True,C:\Users\Amm\LFighter-research\results\cic_iot_diad_task45_c3_multiseed_v416\A_development_anchor\size_08\seed_123\plain_attack\tables\continuation_round_metrics.csv
A_development_anchor_08_seed123_defense_table_exists,True,C:\Users\Amm\LFighter-research\results\cic_iot_diad_task45_c3_multiseed_v416\A_development_anchor\size_08\seed_123\trusted_reconstruction\tables\reconstruction_round_metrics.csv
A_development_anchor_08_seed123_marker_complete,True,True
A_development_anchor_08_seed123_marker_identity,True,"{'experiment_version': '4.16.C3', 'family_id': 'A_development_anchor', 'coalition_size': 8, 'selected_clients': '1,7,8,10,14,15,17,18', 'coalition_hash_sha256': '742494843cc211e0d11c86aa05931ea09514c8aa229a426f0c848de581c72245', 'seed': 123, 'plain_poison_semantic_sha256': 'a54f31fbc3e748850b5f9707026c22fdd6616a05c32f62bfb38388dfd4b05102', 'defense_poison_semantic_sha256': 'a54f31fbc3e748850b5f9707026c22fdd6616a05c32f62bfb38388dfd4b05102', 'exact_poison_pair': True, 'reserved_test_arrays_materialized': False, 'complete': True}"
A_development_anchor_08_seed123_marker_hash,True,742494843cc211e0d11c86aa05931ea09514c8aa229a426f0c848de581c72245
A_development_anchor_08_seed123_marker_clients,True,"[1, 7, 8, 10, 14, 15, 17, 18]"
A_development_anchor_08_seed123_marker_no_reserved,True,False
A_development_anchor_08_seed123_poison_pair,True,a54f31fbc3e748850b5f9707026c22fdd6616a05c32f62bfb38388dfd4b05102
A_development_anchor_08_seed123_marker_poison_hashes,True,a54f31fbc3e748850b5f9707026c22fdd6616a05c32f62bfb38388dfd4b05102
A_development_anchor_08_seed123_pair_unique,True,"('A_development_anchor', 8, 123, 'a54f31fbc3e748850b5f9707026c22fdd6616a05c32f62bfb38388dfd4b05102')"
A_development_anchor_08_seed123_plain_seed,True,123
A_development_anchor_08_seed123_plain_mode,True,strong_attack
A_development_anchor_08_seed123_plain_test_false,True,False
A_development_anchor_08_seed123_plain_adapter_return,True,0
A_development_anchor_08_seed123_plain_adapter_arrays,True,"['X_train', 'X_val', 'y_train', 'y_val']"
A_development_anchor_08_seed123_plain_adapter_no_reserved,True,False
A_development_anchor_08_seed123_defense_seed,True,123
A_development_anchor_08_seed123_defense_mode,True,strong_attack
A_development_anchor_08_seed123_defense_test_false,True,False
A_development_anchor_08_seed123_defense_adapter_return,True,0
A_development_anchor_08_seed123_defense_adapter_arrays,True,"['X_train', 'X_val', 'y_train', 'y_val']"
A_development_anchor_08_seed123_defense_adapter_no_reserved,True,False
A_development_anchor_08_seed123_plain_clients,True,"[1, 7, 8, 10, 14, 15, 17, 18]"
A_development_anchor_08_seed123_defense_policy,True,trusted_reconstruction
A_development_anchor_08_seed123_recall_column,True,"['monitoring_round', 'global_round', 'mode', 'replacement_policy', 'participating_samples', 'flagged_clients', 'replaced_clients', 'malicious_recall', 'benign_false_positive_rate', 'detection_precision', 'malicious_replacement_recall', 'benign_replacement_rate', 'mean_reconstruction_relative_l2_to_clean_substitute', 'mean_reconstruction_cosine_to_clean_substitute', 'round_seconds', 'val_accuracy', 'val_balanced_accuracy', 'val_macro_f1', 'val_weighted_f1', 'val_mcc', 'val_log_loss', 'val_ece_15bin', 'val_source_support', 'val_target_support', 'val_source_recall', 'val_target_recall', 'val_source_to_target_count', 'val_source_to_target_rate', 'val_target_to_source_count', 'val_target_to_source_rate']"
A_development_anchor_10_seed123_marker_exists,True,C:\Users\Amm\LFighter-research\results\cic_iot_diad_task45_c3_multiseed_v416\A_development_anchor\size_10\seed_123\_task45_condition_complete.json
A_development_anchor_10_seed123_plain_meta_exists,True,C:\Users\Amm\LFighter-research\results\cic_iot_diad_task45_c3_multiseed_v416\A_development_anchor\size_10\seed_123\plain_attack\post_warmup_capture_v310_metadata.json
A_development_anchor_10_seed123_defense_meta_exists,True,C:\Users\Amm\LFighter-research\results\cic_iot_diad_task45_c3_multiseed_v416\A_development_anchor\size_10\seed_123\trusted_reconstruction\trusted_update_reconstruction_v312_metadata.json
A_development_anchor_10_seed123_plain_adapter_exists,True,C:\Users\Amm\LFighter-research\results\cic_iot_diad_task45_c3_multiseed_v416\A_development_anchor\size_10\seed_123\plain_attack\task45_dev_only_adapter_manifest.json
A_development_anchor_10_seed123_defense_adapter_exists,True,C:\Users\Amm\LFighter-research\results\cic_iot_diad_task45_c3_multiseed_v416\A_development_anchor\size_10\seed_123\trusted_reconstruction\task45_dev_only_adapter_manifest.json
A_development_anchor_10_seed123_plain_npz_exists,True,C:\Users\Amm\LFighter-research\results\cic_iot_diad_task45_c3_multiseed_v416\A_development_anchor\size_10\seed_123\plain_attack\attack_manifest\poisoned_indices.npz
A_development_anchor_10_seed123_defense_npz_exists,True,C:\Users\Amm\LFighter-research\results\cic_iot_diad_task45_c3_multiseed_v416\A_development_anchor\size_10\seed_123\trusted_reconstruction\attack_manifest\poisoned_indices.npz
A_development_anchor_10_seed123_plain_table_exists,True,C:\Users\Amm\LFighter-research\results\cic_iot_diad_task45_c3_multiseed_v416\A_development_anchor\size_10\seed_123\plain_attack\tables\continuation_round_metrics.csv
A_development_anchor_10_seed123_defense_table_exists,True,C:\Users\Amm\LFighter-research\results\cic_iot_diad_task45_c3_multiseed_v416\A_development_anchor\size_10\seed_123\trusted_reconstruction\tables\reconstruction_round_metrics.csv
A_development_anchor_10_seed123_marker_complete,True,True
A_development_anchor_10_seed123_marker_identity,True,"{'experiment_version': '4.16.C3', 'family_id': 'A_development_anchor', 'coalition_size': 10, 'selected_clients': '1,7,8,10,13,14,15,17,18,19', 'coalition_hash_sha256': 'de1a7887075add38ec60f878fc601f43e4f2147de2aba557f33a63cac4f50bb0', 'seed': 123, 'plain_poison_semantic_sha256': 'bff96a60712f778882e747ece303807ec0762b1496a62034b44bffd4e10b9f3f', 'defense_poison_semantic_sha256': 'bff96a60712f778882e747ece303807ec0762b1496a62034b44bffd4e10b9f3f', 'exact_poison_pair': True, 'reserved_test_arrays_materialized': False, 'complete': True}"
A_development_anchor_10_seed123_marker_hash,True,de1a7887075add38ec60f878fc601f43e4f2147de2aba557f33a63cac4f50bb0
A_development_anchor_10_seed123_marker_clients,True,"[1, 7, 8, 10, 13, 14, 15, 17, 18, 19]"
A_development_anchor_10_seed123_marker_no_reserved,True,False
A_development_anchor_10_seed123_poison_pair,True,bff96a60712f778882e747ece303807ec0762b1496a62034b44bffd4e10b9f3f
A_development_anchor_10_seed123_marker_poison_hashes,True,bff96a60712f778882e747ece303807ec0762b1496a62034b44bffd4e10b9f3f
A_development_anchor_10_seed123_pair_unique,True,"('A_development_anchor', 10, 123, 'bff96a60712f778882e747ece303807ec0762b1496a62034b44bffd4e10b9f3f')"
A_development_anchor_10_seed123_plain_seed,True,123
A_development_anchor_10_seed123_plain_mode,True,strong_attack
A_development_anchor_10_seed123_plain_test_false,True,False
A_development_anchor_10_seed123_plain_adapter_return,True,0
A_development_anchor_10_seed123_plain_adapter_arrays,True,"['X_train', 'X_val', 'y_train', 'y_val']"
A_development_anchor_10_seed123_plain_adapter_no_reserved,True,False
A_development_anchor_10_seed123_defense_seed,True,123
A_development_anchor_10_seed123_defense_mode,True,strong_attack
A_development_anchor_10_seed123_defense_test_false,True,False
A_development_anchor_10_seed123_defense_adapter_return,True,0
A_development_anchor_10_seed123_defense_adapter_arrays,True,"['X_train', 'X_val', 'y_train', 'y_val']"
A_development_anchor_10_seed123_defense_adapter_no_reserved,True,False
A_development_anchor_10_seed123_plain_clients,True,"[1, 7, 8, 10, 13, 14, 15, 17, 18, 19]"
A_development_anchor_10_seed123_defense_policy,True,trusted_reconstruction
A_development_anchor_10_seed123_recall_column,True,"['monitoring_round', 'global_round', 'mode', 'replacement_policy', 'participating_samples', 'flagged_clients', 'replaced_clients', 'malicious_recall', 'benign_false_positive_rate', 'detection_precision', 'malicious_replacement_recall', 'benign_replacement_rate', 'mean_reconstruction_relative_l2_to_clean_substitute', 'mean_reconstruction_cosine_to_clean_substitute', 'round_seconds', 'val_accuracy', 'val_balanced_accuracy', 'val_macro_f1', 'val_weighted_f1', 'val_mcc', 'val_log_loss', 'val_ece_15bin', 'val_source_support', 'val_target_support', 'val_source_recall', 'val_target_recall', 'val_source_to_target_count', 'val_source_to_target_rate', 'val_target_to_source_count', 'val_target_to_source_rate']"
B_hash_ranked_01_seed123_marker_exists,True,C:\Users\Amm\LFighter-research\results\cic_iot_diad_task45_c3_multiseed_v416\B_hash_ranked\size_01\seed_123\_task45_condition_complete.json
B_hash_ranked_01_seed123_plain_meta_exists,True,C:\Users\Amm\LFighter-research\results\cic_iot_diad_task45_c3_multiseed_v416\B_hash_ranked\size_01\seed_123\plain_attack\post_warmup_capture_v310_metadata.json
B_hash_ranked_01_seed123_defense_meta_exists,True,C:\Users\Amm\LFighter-research\results\cic_iot_diad_task45_c3_multiseed_v416\B_hash_ranked\size_01\seed_123\trusted_reconstruction\trusted_update_reconstruction_v312_metadata.json
B_hash_ranked_01_seed123_plain_adapter_exists,True,C:\Users\Amm\LFighter-research\results\cic_iot_diad_task45_c3_multiseed_v416\B_hash_ranked\size_01\seed_123\plain_attack\task45_dev_only_adapter_manifest.json
B_hash_ranked_01_seed123_defense_adapter_exists,True,C:\Users\Amm\LFighter-research\results\cic_iot_diad_task45_c3_multiseed_v416\B_hash_ranked\size_01\seed_123\trusted_reconstruction\task45_dev_only_adapter_manifest.json
B_hash_ranked_01_seed123_plain_npz_exists,True,C:\Users\Amm\LFighter-research\results\cic_iot_diad_task45_c3_multiseed_v416\B_hash_ranked\size_01\seed_123\plain_attack\attack_manifest\poisoned_indices.npz
B_hash_ranked_01_seed123_defense_npz_exists,True,C:\Users\Amm\LFighter-research\results\cic_iot_diad_task45_c3_multiseed_v416\B_hash_ranked\size_01\seed_123\trusted_reconstruction\attack_manifest\poisoned_indices.npz
B_hash_ranked_01_seed123_plain_table_exists,True,C:\Users\Amm\LFighter-research\results\cic_iot_diad_task45_c3_multiseed_v416\B_hash_ranked\size_01\seed_123\plain_attack\tables\continuation_round_metrics.csv
B_hash_ranked_01_seed123_defense_table_exists,True,C:\Users\Amm\LFighter-research\results\cic_iot_diad_task45_c3_multiseed_v416\B_hash_ranked\size_01\seed_123\trusted_reconstruction\tables\reconstruction_round_metrics.csv
B_hash_ranked_01_seed123_marker_complete,True,True
B_hash_ranked_01_seed123_marker_identity,True,"{'experiment_version': '4.16.C3', 'family_id': 'B_hash_ranked', 'coalition_size': 1, 'selected_clients': '19', 'coalition_hash_sha256': '69e393023098d1a929b8910c800408438fc1a6ba5ba0bf03c25a1d4098f85be2', 'seed': 123, 'plain_poison_semantic_sha256': 'f31d1263fd5a8fc980cdeb9dba5f4d80f2ddda9a1a95409165d43984fc98a4e9', 'defense_poison_semantic_sha256': 'f31d1263fd5a8fc980cdeb9dba5f4d80f2ddda9a1a95409165d43984fc98a4e9', 'exact_poison_pair': True, 'reserved_test_arrays_materialized': False, 'complete': True}"
B_hash_ranked_01_seed123_marker_hash,True,69e393023098d1a929b8910c800408438fc1a6ba5ba0bf03c25a1d4098f85be2
B_hash_ranked_01_seed123_marker_clients,True,[19]
B_hash_ranked_01_seed123_marker_no_reserved,True,False
B_hash_ranked_01_seed123_poison_pair,True,f31d1263fd5a8fc980cdeb9dba5f4d80f2ddda9a1a95409165d43984fc98a4e9
B_hash_ranked_01_seed123_marker_poison_hashes,True,f31d1263fd5a8fc980cdeb9dba5f4d80f2ddda9a1a95409165d43984fc98a4e9
B_hash_ranked_01_seed123_pair_unique,True,"('B_hash_ranked', 1, 123, 'f31d1263fd5a8fc980cdeb9dba5f4d80f2ddda9a1a95409165d43984fc98a4e9')"
B_hash_ranked_01_seed123_plain_seed,True,123
B_hash_ranked_01_seed123_plain_mode,True,strong_attack
B_hash_ranked_01_seed123_plain_test_false,True,False
B_hash_ranked_01_seed123_plain_adapter_return,True,0
B_hash_ranked_01_seed123_plain_adapter_arrays,True,"['X_train', 'X_val', 'y_train', 'y_val']"
B_hash_ranked_01_seed123_plain_adapter_no_reserved,True,False
B_hash_ranked_01_seed123_defense_seed,True,123
B_hash_ranked_01_seed123_defense_mode,True,strong_attack
B_hash_ranked_01_seed123_defense_test_false,True,False
B_hash_ranked_01_seed123_defense_adapter_return,True,0
B_hash_ranked_01_seed123_defense_adapter_arrays,True,"['X_train', 'X_val', 'y_train', 'y_val']"
B_hash_ranked_01_seed123_defense_adapter_no_reserved,True,False
B_hash_ranked_01_seed123_plain_clients,True,[19]
B_hash_ranked_01_seed123_defense_policy,True,trusted_reconstruction
B_hash_ranked_01_seed123_recall_column,True,"['monitoring_round', 'global_round', 'mode', 'replacement_policy', 'participating_samples', 'flagged_clients', 'replaced_clients', 'malicious_recall', 'benign_false_positive_rate', 'detection_precision', 'malicious_replacement_recall', 'benign_replacement_rate', 'mean_reconstruction_relative_l2_to_clean_substitute', 'mean_reconstruction_cosine_to_clean_substitute', 'round_seconds', 'val_accuracy', 'val_balanced_accuracy', 'val_macro_f1', 'val_weighted_f1', 'val_mcc', 'val_log_loss', 'val_ece_15bin', 'val_source_support', 'val_target_support', 'val_source_recall', 'val_target_recall', 'val_source_to_target_count', 'val_source_to_target_rate', 'val_target_to_source_count', 'val_target_to_source_rate']"
B_hash_ranked_02_seed123_marker_exists,True,C:\Users\Amm\LFighter-research\results\cic_iot_diad_task45_c3_multiseed_v416\B_hash_ranked\size_02\seed_123\_task45_condition_complete.json
B_hash_ranked_02_seed123_plain_meta_exists,True,C:\Users\Amm\LFighter-research\results\cic_iot_diad_task45_c3_multiseed_v416\B_hash_ranked\size_02\seed_123\plain_attack\post_warmup_capture_v310_metadata.json
B_hash_ranked_02_seed123_defense_meta_exists,True,C:\Users\Amm\LFighter-research\results\cic_iot_diad_task45_c3_multiseed_v416\B_hash_ranked\size_02\seed_123\trusted_reconstruction\trusted_update_reconstruction_v312_metadata.json
B_hash_ranked_02_seed123_plain_adapter_exists,True,C:\Users\Amm\LFighter-research\results\cic_iot_diad_task45_c3_multiseed_v416\B_hash_ranked\size_02\seed_123\plain_attack\task45_dev_only_adapter_manifest.json
B_hash_ranked_02_seed123_defense_adapter_exists,True,C:\Users\Amm\LFighter-research\results\cic_iot_diad_task45_c3_multiseed_v416\B_hash_ranked\size_02\seed_123\trusted_reconstruction\task45_dev_only_adapter_manifest.json
B_hash_ranked_02_seed123_plain_npz_exists,True,C:\Users\Amm\LFighter-research\results\cic_iot_diad_task45_c3_multiseed_v416\B_hash_ranked\size_02\seed_123\plain_attack\attack_manifest\poisoned_indices.npz
B_hash_ranked_02_seed123_defense_npz_exists,True,C:\Users\Amm\LFighter-research\results\cic_iot_diad_task45_c3_multiseed_v416\B_hash_ranked\size_02\seed_123\trusted_reconstruction\attack_manifest\poisoned_indices.npz
B_hash_ranked_02_seed123_plain_table_exists,True,C:\Users\Amm\LFighter-research\results\cic_iot_diad_task45_c3_multiseed_v416\B_hash_ranked\size_02\seed_123\plain_attack\tables\continuation_round_metrics.csv
B_hash_ranked_02_seed123_defense_table_exists,True,C:\Users\Amm\LFighter-research\results\cic_iot_diad_task45_c3_multiseed_v416\B_hash_ranked\size_02\seed_123\trusted_reconstruction\tables\reconstruction_round_metrics.csv
B_hash_ranked_02_seed123_marker_complete,True,True
B_hash_ranked_02_seed123_marker_identity,True,"{'experiment_version': '4.16.C3', 'family_id': 'B_hash_ranked', 'coalition_size': 2, 'selected_clients': '16,19', 'coalition_hash_sha256': '899ec3808749bb578dad3cd5b96a3cd9dd85c79555e73f96b83d8d9ce8f4dca3', 'seed': 123, 'plain_poison_semantic_sha256': 'a691bc843b1865fa44daab89f221264dd0b272ad46c3074f2872595b670908f0', 'defense_poison_semantic_sha256': 'a691bc843b1865fa44daab89f221264dd0b272ad46c3074f2872595b670908f0', 'exact_poison_pair': True, 'reserved_test_arrays_materialized': False, 'complete': True}"
B_hash_ranked_02_seed123_marker_hash,True,899ec3808749bb578dad3cd5b96a3cd9dd85c79555e73f96b83d8d9ce8f4dca3
B_hash_ranked_02_seed123_marker_clients,True,"[16, 19]"
B_hash_ranked_02_seed123_marker_no_reserved,True,False
B_hash_ranked_02_seed123_poison_pair,True,a691bc843b1865fa44daab89f221264dd0b272ad46c3074f2872595b670908f0
B_hash_ranked_02_seed123_marker_poison_hashes,True,a691bc843b1865fa44daab89f221264dd0b272ad46c3074f2872595b670908f0
B_hash_ranked_02_seed123_pair_unique,True,"('B_hash_ranked', 2, 123, 'a691bc843b1865fa44daab89f221264dd0b272ad46c3074f2872595b670908f0')"
B_hash_ranked_02_seed123_plain_seed,True,123
B_hash_ranked_02_seed123_plain_mode,True,strong_attack
B_hash_ranked_02_seed123_plain_test_false,True,False
B_hash_ranked_02_seed123_plain_adapter_return,True,0
B_hash_ranked_02_seed123_plain_adapter_arrays,True,"['X_train', 'X_val', 'y_train', 'y_val']"
B_hash_ranked_02_seed123_plain_adapter_no_reserved,True,False
B_hash_ranked_02_seed123_defense_seed,True,123
B_hash_ranked_02_seed123_defense_mode,True,strong_attack
B_hash_ranked_02_seed123_defense_test_false,True,False
B_hash_ranked_02_seed123_defense_adapter_return,True,0
B_hash_ranked_02_seed123_defense_adapter_arrays,True,"['X_train', 'X_val', 'y_train', 'y_val']"
B_hash_ranked_02_seed123_defense_adapter_no_reserved,True,False
B_hash_ranked_02_seed123_plain_clients,True,"[16, 19]"
B_hash_ranked_02_seed123_defense_policy,True,trusted_reconstruction
B_hash_ranked_02_seed123_recall_column,True,"['monitoring_round', 'global_round', 'mode', 'replacement_policy', 'participating_samples', 'flagged_clients', 'replaced_clients', 'malicious_recall', 'benign_false_positive_rate', 'detection_precision', 'malicious_replacement_recall', 'benign_replacement_rate', 'mean_reconstruction_relative_l2_to_clean_substitute', 'mean_reconstruction_cosine_to_clean_substitute', 'round_seconds', 'val_accuracy', 'val_balanced_accuracy', 'val_macro_f1', 'val_weighted_f1', 'val_mcc', 'val_log_loss', 'val_ece_15bin', 'val_source_support', 'val_target_support', 'val_source_recall', 'val_target_recall', 'val_source_to_target_count', 'val_source_to_target_rate', 'val_target_to_source_count', 'val_target_to_source_rate']"
B_hash_ranked_04_seed123_marker_exists,True,C:\Users\Amm\LFighter-research\results\cic_iot_diad_task45_c3_multiseed_v416\B_hash_ranked\size_04\seed_123\_task45_condition_complete.json
B_hash_ranked_04_seed123_plain_meta_exists,True,C:\Users\Amm\LFighter-research\results\cic_iot_diad_task45_c3_multiseed_v416\B_hash_ranked\size_04\seed_123\plain_attack\post_warmup_capture_v310_metadata.json
B_hash_ranked_04_seed123_defense_meta_exists,True,C:\Users\Amm\LFighter-research\results\cic_iot_diad_task45_c3_multiseed_v416\B_hash_ranked\size_04\seed_123\trusted_reconstruction\trusted_update_reconstruction_v312_metadata.json
B_hash_ranked_04_seed123_plain_adapter_exists,True,C:\Users\Amm\LFighter-research\results\cic_iot_diad_task45_c3_multiseed_v416\B_hash_ranked\size_04\seed_123\plain_attack\task45_dev_only_adapter_manifest.json
B_hash_ranked_04_seed123_defense_adapter_exists,True,C:\Users\Amm\LFighter-research\results\cic_iot_diad_task45_c3_multiseed_v416\B_hash_ranked\size_04\seed_123\trusted_reconstruction\task45_dev_only_adapter_manifest.json
B_hash_ranked_04_seed123_plain_npz_exists,True,C:\Users\Amm\LFighter-research\results\cic_iot_diad_task45_c3_multiseed_v416\B_hash_ranked\size_04\seed_123\plain_attack\attack_manifest\poisoned_indices.npz
B_hash_ranked_04_seed123_defense_npz_exists,True,C:\Users\Amm\LFighter-research\results\cic_iot_diad_task45_c3_multiseed_v416\B_hash_ranked\size_04\seed_123\trusted_reconstruction\attack_manifest\poisoned_indices.npz
B_hash_ranked_04_seed123_plain_table_exists,True,C:\Users\Amm\LFighter-research\results\cic_iot_diad_task45_c3_multiseed_v416\B_hash_ranked\size_04\seed_123\plain_attack\tables\continuation_round_metrics.csv
B_hash_ranked_04_seed123_defense_table_exists,True,C:\Users\Amm\LFighter-research\results\cic_iot_diad_task45_c3_multiseed_v416\B_hash_ranked\size_04\seed_123\trusted_reconstruction\tables\reconstruction_round_metrics.csv
B_hash_ranked_04_seed123_marker_complete,True,True
B_hash_ranked_04_seed123_marker_identity,True,"{'experiment_version': '4.16.C3', 'family_id': 'B_hash_ranked', 'coalition_size': 4, 'selected_clients': '13,15,16,19', 'coalition_hash_sha256': '7be69fa068da37c9f52f41351bedd5a65b7da17f4a4f77361578bb4d71e9690a', 'seed': 123, 'plain_poison_semantic_sha256': 'b19c1cfbb17f50e0c8da912816b2c09d23d812bb5dcbc5bc0062e6e018ef066c', 'defense_poison_semantic_sha256': 'b19c1cfbb17f50e0c8da912816b2c09d23d812bb5dcbc5bc0062e6e018ef066c', 'exact_poison_pair': True, 'reserved_test_arrays_materialized': False, 'complete': True}"
B_hash_ranked_04_seed123_marker_hash,True,7be69fa068da37c9f52f41351bedd5a65b7da17f4a4f77361578bb4d71e9690a
B_hash_ranked_04_seed123_marker_clients,True,"[13, 15, 16, 19]"
B_hash_ranked_04_seed123_marker_no_reserved,True,False
B_hash_ranked_04_seed123_poison_pair,True,b19c1cfbb17f50e0c8da912816b2c09d23d812bb5dcbc5bc0062e6e018ef066c
B_hash_ranked_04_seed123_marker_poison_hashes,True,b19c1cfbb17f50e0c8da912816b2c09d23d812bb5dcbc5bc0062e6e018ef066c
B_hash_ranked_04_seed123_pair_unique,True,"('B_hash_ranked', 4, 123, 'b19c1cfbb17f50e0c8da912816b2c09d23d812bb5dcbc5bc0062e6e018ef066c')"
B_hash_ranked_04_seed123_plain_seed,True,123
B_hash_ranked_04_seed123_plain_mode,True,strong_attack
B_hash_ranked_04_seed123_plain_test_false,True,False
B_hash_ranked_04_seed123_plain_adapter_return,True,0
B_hash_ranked_04_seed123_plain_adapter_arrays,True,"['X_train', 'X_val', 'y_train', 'y_val']"
B_hash_ranked_04_seed123_plain_adapter_no_reserved,True,False
B_hash_ranked_04_seed123_defense_seed,True,123
B_hash_ranked_04_seed123_defense_mode,True,strong_attack
B_hash_ranked_04_seed123_defense_test_false,True,False
B_hash_ranked_04_seed123_defense_adapter_return,True,0
B_hash_ranked_04_seed123_defense_adapter_arrays,True,"['X_train', 'X_val', 'y_train', 'y_val']"
B_hash_ranked_04_seed123_defense_adapter_no_reserved,True,False
B_hash_ranked_04_seed123_plain_clients,True,"[13, 15, 16, 19]"
B_hash_ranked_04_seed123_defense_policy,True,trusted_reconstruction
B_hash_ranked_04_seed123_recall_column,True,"['monitoring_round', 'global_round', 'mode', 'replacement_policy', 'participating_samples', 'flagged_clients', 'replaced_clients', 'malicious_recall', 'benign_false_positive_rate', 'detection_precision', 'malicious_replacement_recall', 'benign_replacement_rate', 'mean_reconstruction_relative_l2_to_clean_substitute', 'mean_reconstruction_cosine_to_clean_substitute', 'round_seconds', 'val_accuracy', 'val_balanced_accuracy', 'val_macro_f1', 'val_weighted_f1', 'val_mcc', 'val_log_loss', 'val_ece_15bin', 'val_source_support', 'val_target_support', 'val_source_recall', 'val_target_recall', 'val_source_to_target_count', 'val_source_to_target_rate', 'val_target_to_source_count', 'val_target_to_source_rate']"
B_hash_ranked_06_seed123_marker_exists,True,C:\Users\Amm\LFighter-research\results\cic_iot_diad_task45_c3_multiseed_v416\B_hash_ranked\size_06\seed_123\_task45_condition_complete.json
B_hash_ranked_06_seed123_plain_meta_exists,True,C:\Users\Amm\LFighter-research\results\cic_iot_diad_task45_c3_multiseed_v416\B_hash_ranked\size_06\seed_123\plain_attack\post_warmup_capture_v310_metadata.json
B_hash_ranked_06_seed123_defense_meta_exists,True,C:\Users\Amm\LFighter-research\results\cic_iot_diad_task45_c3_multiseed_v416\B_hash_ranked\size_06\seed_123\trusted_reconstruction\trusted_update_reconstruction_v312_metadata.json
B_hash_ranked_06_seed123_plain_adapter_exists,True,C:\Users\Amm\LFighter-research\results\cic_iot_diad_task45_c3_multiseed_v416\B_hash_ranked\size_06\seed_123\plain_attack\task45_dev_only_adapter_manifest.json
B_hash_ranked_06_seed123_defense_adapter_exists,True,C:\Users\Amm\LFighter-research\results\cic_iot_diad_task45_c3_multiseed_v416\B_hash_ranked\size_06\seed_123\trusted_reconstruction\task45_dev_only_adapter_manifest.json
B_hash_ranked_06_seed123_plain_npz_exists,True,C:\Users\Amm\LFighter-research\results\cic_iot_diad_task45_c3_multiseed_v416\B_hash_ranked\size_06\seed_123\plain_attack\attack_manifest\poisoned_indices.npz
B_hash_ranked_06_seed123_defense_npz_exists,True,C:\Users\Amm\LFighter-research\results\cic_iot_diad_task45_c3_multiseed_v416\B_hash_ranked\size_06\seed_123\trusted_reconstruction\attack_manifest\poisoned_indices.npz
B_hash_ranked_06_seed123_plain_table_exists,True,C:\Users\Amm\LFighter-research\results\cic_iot_diad_task45_c3_multiseed_v416\B_hash_ranked\size_06\seed_123\plain_attack\tables\continuation_round_metrics.csv
B_hash_ranked_06_seed123_defense_table_exists,True,C:\Users\Amm\LFighter-research\results\cic_iot_diad_task45_c3_multiseed_v416\B_hash_ranked\size_06\seed_123\trusted_reconstruction\tables\reconstruction_round_metrics.csv
B_hash_ranked_06_seed123_marker_complete,True,True
B_hash_ranked_06_seed123_marker_identity,True,"{'experiment_version': '4.16.C3', 'family_id': 'B_hash_ranked', 'coalition_size': 6, 'selected_clients': '5,7,13,15,16,19', 'coalition_hash_sha256': '903bec25550246430499ad4bff1e71c8fedaf74d8520aa911850919f5f86baeb', 'seed': 123, 'plain_poison_semantic_sha256': '60d4eeab52f62feb0ddb9bd45a93f3fa5595709751e1e0c5cbb965b3ad981773', 'defense_poison_semantic_sha256': '60d4eeab52f62feb0ddb9bd45a93f3fa5595709751e1e0c5cbb965b3ad981773', 'exact_poison_pair': True, 'reserved_test_arrays_materialized': False, 'complete': True}"
B_hash_ranked_06_seed123_marker_hash,True,903bec25550246430499ad4bff1e71c8fedaf74d8520aa911850919f5f86baeb
B_hash_ranked_06_seed123_marker_clients,True,"[5, 7, 13, 15, 16, 19]"
B_hash_ranked_06_seed123_marker_no_reserved,True,False
B_hash_ranked_06_seed123_poison_pair,True,60d4eeab52f62feb0ddb9bd45a93f3fa5595709751e1e0c5cbb965b3ad981773
B_hash_ranked_06_seed123_marker_poison_hashes,True,60d4eeab52f62feb0ddb9bd45a93f3fa5595709751e1e0c5cbb965b3ad981773
B_hash_ranked_06_seed123_pair_unique,True,"('B_hash_ranked', 6, 123, '60d4eeab52f62feb0ddb9bd45a93f3fa5595709751e1e0c5cbb965b3ad981773')"
B_hash_ranked_06_seed123_plain_seed,True,123
B_hash_ranked_06_seed123_plain_mode,True,strong_attack
B_hash_ranked_06_seed123_plain_test_false,True,False
B_hash_ranked_06_seed123_plain_adapter_return,True,0
B_hash_ranked_06_seed123_plain_adapter_arrays,True,"['X_train', 'X_val', 'y_train', 'y_val']"
B_hash_ranked_06_seed123_plain_adapter_no_reserved,True,False
B_hash_ranked_06_seed123_defense_seed,True,123
B_hash_ranked_06_seed123_defense_mode,True,strong_attack
B_hash_ranked_06_seed123_defense_test_false,True,False
B_hash_ranked_06_seed123_defense_adapter_return,True,0
B_hash_ranked_06_seed123_defense_adapter_arrays,True,"['X_train', 'X_val', 'y_train', 'y_val']"
B_hash_ranked_06_seed123_defense_adapter_no_reserved,True,False
B_hash_ranked_06_seed123_plain_clients,True,"[5, 7, 13, 15, 16, 19]"
B_hash_ranked_06_seed123_defense_policy,True,trusted_reconstruction
B_hash_ranked_06_seed123_recall_column,True,"['monitoring_round', 'global_round', 'mode', 'replacement_policy', 'participating_samples', 'flagged_clients', 'replaced_clients', 'malicious_recall', 'benign_false_positive_rate', 'detection_precision', 'malicious_replacement_recall', 'benign_replacement_rate', 'mean_reconstruction_relative_l2_to_clean_substitute', 'mean_reconstruction_cosine_to_clean_substitute', 'round_seconds', 'val_accuracy', 'val_balanced_accuracy', 'val_macro_f1', 'val_weighted_f1', 'val_mcc', 'val_log_loss', 'val_ece_15bin', 'val_source_support', 'val_target_support', 'val_source_recall', 'val_target_recall', 'val_source_to_target_count', 'val_source_to_target_rate', 'val_target_to_source_count', 'val_target_to_source_rate']"
B_hash_ranked_08_seed123_marker_exists,True,C:\Users\Amm\LFighter-research\results\cic_iot_diad_task45_c3_multiseed_v416\B_hash_ranked\size_08\seed_123\_task45_condition_complete.json
B_hash_ranked_08_seed123_plain_meta_exists,True,C:\Users\Amm\LFighter-research\results\cic_iot_diad_task45_c3_multiseed_v416\B_hash_ranked\size_08\seed_123\plain_attack\post_warmup_capture_v310_metadata.json
B_hash_ranked_08_seed123_defense_meta_exists,True,C:\Users\Amm\LFighter-research\results\cic_iot_diad_task45_c3_multiseed_v416\B_hash_ranked\size_08\seed_123\trusted_reconstruction\trusted_update_reconstruction_v312_metadata.json
B_hash_ranked_08_seed123_plain_adapter_exists,True,C:\Users\Amm\LFighter-research\results\cic_iot_diad_task45_c3_multiseed_v416\B_hash_ranked\size_08\seed_123\plain_attack\task45_dev_only_adapter_manifest.json
B_hash_ranked_08_seed123_defense_adapter_exists,True,C:\Users\Amm\LFighter-research\results\cic_iot_diad_task45_c3_multiseed_v416\B_hash_ranked\size_08\seed_123\trusted_reconstruction\task45_dev_only_adapter_manifest.json
B_hash_ranked_08_seed123_plain_npz_exists,True,C:\Users\Amm\LFighter-research\results\cic_iot_diad_task45_c3_multiseed_v416\B_hash_ranked\size_08\seed_123\plain_attack\attack_manifest\poisoned_indices.npz
B_hash_ranked_08_seed123_defense_npz_exists,True,C:\Users\Amm\LFighter-research\results\cic_iot_diad_task45_c3_multiseed_v416\B_hash_ranked\size_08\seed_123\trusted_reconstruction\attack_manifest\poisoned_indices.npz
B_hash_ranked_08_seed123_plain_table_exists,True,C:\Users\Amm\LFighter-research\results\cic_iot_diad_task45_c3_multiseed_v416\B_hash_ranked\size_08\seed_123\plain_attack\tables\continuation_round_metrics.csv
B_hash_ranked_08_seed123_defense_table_exists,True,C:\Users\Amm\LFighter-research\results\cic_iot_diad_task45_c3_multiseed_v416\B_hash_ranked\size_08\seed_123\trusted_reconstruction\tables\reconstruction_round_metrics.csv
B_hash_ranked_08_seed123_marker_complete,True,True
B_hash_ranked_08_seed123_marker_identity,True,"{'experiment_version': '4.16.C3', 'family_id': 'B_hash_ranked', 'coalition_size': 8, 'selected_clients': '5,7,8,10,13,15,16,19', 'coalition_hash_sha256': 'c8b0bd8177d4575768b29a318dd16b314bd353b12fd72ec555865c54614d99a0', 'seed': 123, 'plain_poison_semantic_sha256': '1ed622dbeb0627f21d8b76cc765f986f099779f10437720f3278d36c5f26fc90', 'defense_poison_semantic_sha256': '1ed622dbeb0627f21d8b76cc765f986f099779f10437720f3278d36c5f26fc90', 'exact_poison_pair': True, 'reserved_test_arrays_materialized': False, 'complete': True}"
B_hash_ranked_08_seed123_marker_hash,True,c8b0bd8177d4575768b29a318dd16b314bd353b12fd72ec555865c54614d99a0
B_hash_ranked_08_seed123_marker_clients,True,"[5, 7, 8, 10, 13, 15, 16, 19]"
B_hash_ranked_08_seed123_marker_no_reserved,True,False
B_hash_ranked_08_seed123_poison_pair,True,1ed622dbeb0627f21d8b76cc765f986f099779f10437720f3278d36c5f26fc90
B_hash_ranked_08_seed123_marker_poison_hashes,True,1ed622dbeb0627f21d8b76cc765f986f099779f10437720f3278d36c5f26fc90
B_hash_ranked_08_seed123_pair_unique,True,"('B_hash_ranked', 8, 123, '1ed622dbeb0627f21d8b76cc765f986f099779f10437720f3278d36c5f26fc90')"
B_hash_ranked_08_seed123_plain_seed,True,123
B_hash_ranked_08_seed123_plain_mode,True,strong_attack
B_hash_ranked_08_seed123_plain_test_false,True,False
B_hash_ranked_08_seed123_plain_adapter_return,True,0
B_hash_ranked_08_seed123_plain_adapter_arrays,True,"['X_train', 'X_val', 'y_train', 'y_val']"
B_hash_ranked_08_seed123_plain_adapter_no_reserved,True,False
B_hash_ranked_08_seed123_defense_seed,True,123
B_hash_ranked_08_seed123_defense_mode,True,strong_attack
B_hash_ranked_08_seed123_defense_test_false,True,False
B_hash_ranked_08_seed123_defense_adapter_return,True,0
B_hash_ranked_08_seed123_defense_adapter_arrays,True,"['X_train', 'X_val', 'y_train', 'y_val']"
B_hash_ranked_08_seed123_defense_adapter_no_reserved,True,False
B_hash_ranked_08_seed123_plain_clients,True,"[5, 7, 8, 10, 13, 15, 16, 19]"
B_hash_ranked_08_seed123_defense_policy,True,trusted_reconstruction
B_hash_ranked_08_seed123_recall_column,True,"['monitoring_round', 'global_round', 'mode', 'replacement_policy', 'participating_samples', 'flagged_clients', 'replaced_clients', 'malicious_recall', 'benign_false_positive_rate', 'detection_precision', 'malicious_replacement_recall', 'benign_replacement_rate', 'mean_reconstruction_relative_l2_to_clean_substitute', 'mean_reconstruction_cosine_to_clean_substitute', 'round_seconds', 'val_accuracy', 'val_balanced_accuracy', 'val_macro_f1', 'val_weighted_f1', 'val_mcc', 'val_log_loss', 'val_ece_15bin', 'val_source_support', 'val_target_support', 'val_source_recall', 'val_target_recall', 'val_source_to_target_count', 'val_source_to_target_rate', 'val_target_to_source_count', 'val_target_to_source_rate']"
B_hash_ranked_10_seed123_marker_exists,True,C:\Users\Amm\LFighter-research\results\cic_iot_diad_task45_c3_multiseed_v416\B_hash_ranked\size_10\seed_123\_task45_condition_complete.json
B_hash_ranked_10_seed123_plain_meta_exists,True,C:\Users\Amm\LFighter-research\results\cic_iot_diad_task45_c3_multiseed_v416\B_hash_ranked\size_10\seed_123\plain_attack\post_warmup_capture_v310_metadata.json
B_hash_ranked_10_seed123_defense_meta_exists,True,C:\Users\Amm\LFighter-research\results\cic_iot_diad_task45_c3_multiseed_v416\B_hash_ranked\size_10\seed_123\trusted_reconstruction\trusted_update_reconstruction_v312_metadata.json
B_hash_ranked_10_seed123_plain_adapter_exists,True,C:\Users\Amm\LFighter-research\results\cic_iot_diad_task45_c3_multiseed_v416\B_hash_ranked\size_10\seed_123\plain_attack\task45_dev_only_adapter_manifest.json
B_hash_ranked_10_seed123_defense_adapter_exists,True,C:\Users\Amm\LFighter-research\results\cic_iot_diad_task45_c3_multiseed_v416\B_hash_ranked\size_10\seed_123\trusted_reconstruction\task45_dev_only_adapter_manifest.json
B_hash_ranked_10_seed123_plain_npz_exists,True,C:\Users\Amm\LFighter-research\results\cic_iot_diad_task45_c3_multiseed_v416\B_hash_ranked\size_10\seed_123\plain_attack\attack_manifest\poisoned_indices.npz
B_hash_ranked_10_seed123_defense_npz_exists,True,C:\Users\Amm\LFighter-research\results\cic_iot_diad_task45_c3_multiseed_v416\B_hash_ranked\size_10\seed_123\trusted_reconstruction\attack_manifest\poisoned_indices.npz
B_hash_ranked_10_seed123_plain_table_exists,True,C:\Users\Amm\LFighter-research\results\cic_iot_diad_task45_c3_multiseed_v416\B_hash_ranked\size_10\seed_123\plain_attack\tables\continuation_round_metrics.csv
B_hash_ranked_10_seed123_defense_table_exists,True,C:\Users\Amm\LFighter-research\results\cic_iot_diad_task45_c3_multiseed_v416\B_hash_ranked\size_10\seed_123\trusted_reconstruction\tables\reconstruction_round_metrics.csv
B_hash_ranked_10_seed123_marker_complete,True,True
B_hash_ranked_10_seed123_marker_identity,True,"{'experiment_version': '4.16.C3', 'family_id': 'B_hash_ranked', 'coalition_size': 10, 'selected_clients': '5,7,8,10,13,14,15,16,18,19', 'coalition_hash_sha256': '3552fa14a4f9917ffe20a09bf2a61c11d0e089205ea0106be665c3865cadc179', 'seed': 123, 'plain_poison_semantic_sha256': '5fcde7d75a5d74e59364dd311a3fae88299fa49ea0b734c27aabca588e43f27b', 'defense_poison_semantic_sha256': '5fcde7d75a5d74e59364dd311a3fae88299fa49ea0b734c27aabca588e43f27b', 'exact_poison_pair': True, 'reserved_test_arrays_materialized': False, 'complete': True}"
B_hash_ranked_10_seed123_marker_hash,True,3552fa14a4f9917ffe20a09bf2a61c11d0e089205ea0106be665c3865cadc179
B_hash_ranked_10_seed123_marker_clients,True,"[5, 7, 8, 10, 13, 14, 15, 16, 18, 19]"
B_hash_ranked_10_seed123_marker_no_reserved,True,False
B_hash_ranked_10_seed123_poison_pair,True,5fcde7d75a5d74e59364dd311a3fae88299fa49ea0b734c27aabca588e43f27b
B_hash_ranked_10_seed123_marker_poison_hashes,True,5fcde7d75a5d74e59364dd311a3fae88299fa49ea0b734c27aabca588e43f27b
B_hash_ranked_10_seed123_pair_unique,True,"('B_hash_ranked', 10, 123, '5fcde7d75a5d74e59364dd311a3fae88299fa49ea0b734c27aabca588e43f27b')"
B_hash_ranked_10_seed123_plain_seed,True,123
B_hash_ranked_10_seed123_plain_mode,True,strong_attack
B_hash_ranked_10_seed123_plain_test_false,True,False
B_hash_ranked_10_seed123_plain_adapter_return,True,0
B_hash_ranked_10_seed123_plain_adapter_arrays,True,"['X_train', 'X_val', 'y_train', 'y_val']"
B_hash_ranked_10_seed123_plain_adapter_no_reserved,True,False
B_hash_ranked_10_seed123_defense_seed,True,123
B_hash_ranked_10_seed123_defense_mode,True,strong_attack
B_hash_ranked_10_seed123_defense_test_false,True,False
B_hash_ranked_10_seed123_defense_adapter_return,True,0
B_hash_ranked_10_seed123_defense_adapter_arrays,True,"['X_train', 'X_val', 'y_train', 'y_val']"
B_hash_ranked_10_seed123_defense_adapter_no_reserved,True,False
B_hash_ranked_10_seed123_plain_clients,True,"[5, 7, 8, 10, 13, 14, 15, 16, 18, 19]"
B_hash_ranked_10_seed123_defense_policy,True,trusted_reconstruction
B_hash_ranked_10_seed123_recall_column,True,"['monitoring_round', 'global_round', 'mode', 'replacement_policy', 'participating_samples', 'flagged_clients', 'replaced_clients', 'malicious_recall', 'benign_false_positive_rate', 'detection_precision', 'malicious_replacement_recall', 'benign_replacement_rate', 'mean_reconstruction_relative_l2_to_clean_substitute', 'mean_reconstruction_cosine_to_clean_substitute', 'round_seconds', 'val_accuracy', 'val_balanced_accuracy', 'val_macro_f1', 'val_weighted_f1', 'val_mcc', 'val_log_loss', 'val_ece_15bin', 'val_source_support', 'val_target_support', 'val_source_recall', 'val_target_recall', 'val_source_to_target_count', 'val_source_to_target_rate', 'val_target_to_source_count', 'val_target_to_source_rate']"
C_hash_ranked_01_seed123_marker_exists,True,C:\Users\Amm\LFighter-research\results\cic_iot_diad_task45_c3_multiseed_v416\C_hash_ranked\size_01\seed_123\_task45_condition_complete.json
C_hash_ranked_01_seed123_plain_meta_exists,True,C:\Users\Amm\LFighter-research\results\cic_iot_diad_task45_c3_multiseed_v416\C_hash_ranked\size_01\seed_123\plain_attack\post_warmup_capture_v310_metadata.json
C_hash_ranked_01_seed123_defense_meta_exists,True,C:\Users\Amm\LFighter-research\results\cic_iot_diad_task45_c3_multiseed_v416\C_hash_ranked\size_01\seed_123\trusted_reconstruction\trusted_update_reconstruction_v312_metadata.json
C_hash_ranked_01_seed123_plain_adapter_exists,True,C:\Users\Amm\LFighter-research\results\cic_iot_diad_task45_c3_multiseed_v416\C_hash_ranked\size_01\seed_123\plain_attack\task45_dev_only_adapter_manifest.json
C_hash_ranked_01_seed123_defense_adapter_exists,True,C:\Users\Amm\LFighter-research\results\cic_iot_diad_task45_c3_multiseed_v416\C_hash_ranked\size_01\seed_123\trusted_reconstruction\task45_dev_only_adapter_manifest.json
C_hash_ranked_01_seed123_plain_npz_exists,True,C:\Users\Amm\LFighter-research\results\cic_iot_diad_task45_c3_multiseed_v416\C_hash_ranked\size_01\seed_123\plain_attack\attack_manifest\poisoned_indices.npz
C_hash_ranked_01_seed123_defense_npz_exists,True,C:\Users\Amm\LFighter-research\results\cic_iot_diad_task45_c3_multiseed_v416\C_hash_ranked\size_01\seed_123\trusted_reconstruction\attack_manifest\poisoned_indices.npz
C_hash_ranked_01_seed123_plain_table_exists,True,C:\Users\Amm\LFighter-research\results\cic_iot_diad_task45_c3_multiseed_v416\C_hash_ranked\size_01\seed_123\plain_attack\tables\continuation_round_metrics.csv
C_hash_ranked_01_seed123_defense_table_exists,True,C:\Users\Amm\LFighter-research\results\cic_iot_diad_task45_c3_multiseed_v416\C_hash_ranked\size_01\seed_123\trusted_reconstruction\tables\reconstruction_round_metrics.csv
C_hash_ranked_01_seed123_marker_complete,True,True
C_hash_ranked_01_seed123_marker_identity,True,"{'experiment_version': '4.16.C3', 'family_id': 'C_hash_ranked', 'coalition_size': 1, 'selected_clients': '8', 'coalition_hash_sha256': '1adf49df5786391b4820bf1bde0607aac27fde34632bbf01fd2f6918ee3e1c88', 'seed': 123, 'plain_poison_semantic_sha256': '4fea8f6e41b7bef5f7fa3aec4ef395a90a6affef736262295a58b01401a83467', 'defense_poison_semantic_sha256': '4fea8f6e41b7bef5f7fa3aec4ef395a90a6affef736262295a58b01401a83467', 'exact_poison_pair': True, 'reserved_test_arrays_materialized': False, 'complete': True}"
C_hash_ranked_01_seed123_marker_hash,True,1adf49df5786391b4820bf1bde0607aac27fde34632bbf01fd2f6918ee3e1c88
C_hash_ranked_01_seed123_marker_clients,True,[8]
C_hash_ranked_01_seed123_marker_no_reserved,True,False
C_hash_ranked_01_seed123_poison_pair,True,4fea8f6e41b7bef5f7fa3aec4ef395a90a6affef736262295a58b01401a83467
C_hash_ranked_01_seed123_marker_poison_hashes,True,4fea8f6e41b7bef5f7fa3aec4ef395a90a6affef736262295a58b01401a83467
C_hash_ranked_01_seed123_pair_unique,True,"('C_hash_ranked', 1, 123, '4fea8f6e41b7bef5f7fa3aec4ef395a90a6affef736262295a58b01401a83467')"
C_hash_ranked_01_seed123_plain_seed,True,123
C_hash_ranked_01_seed123_plain_mode,True,strong_attack
C_hash_ranked_01_seed123_plain_test_false,True,False
C_hash_ranked_01_seed123_plain_adapter_return,True,0
C_hash_ranked_01_seed123_plain_adapter_arrays,True,"['X_train', 'X_val', 'y_train', 'y_val']"
C_hash_ranked_01_seed123_plain_adapter_no_reserved,True,False
C_hash_ranked_01_seed123_defense_seed,True,123
C_hash_ranked_01_seed123_defense_mode,True,strong_attack
C_hash_ranked_01_seed123_defense_test_false,True,False
C_hash_ranked_01_seed123_defense_adapter_return,True,0
C_hash_ranked_01_seed123_defense_adapter_arrays,True,"['X_train', 'X_val', 'y_train', 'y_val']"
C_hash_ranked_01_seed123_defense_adapter_no_reserved,True,False
C_hash_ranked_01_seed123_plain_clients,True,[8]
C_hash_ranked_01_seed123_defense_policy,True,trusted_reconstruction
C_hash_ranked_01_seed123_recall_column,True,"['monitoring_round', 'global_round', 'mode', 'replacement_policy', 'participating_samples', 'flagged_clients', 'replaced_clients', 'malicious_recall', 'benign_false_positive_rate', 'detection_precision', 'malicious_replacement_recall', 'benign_replacement_rate', 'mean_reconstruction_relative_l2_to_clean_substitute', 'mean_reconstruction_cosine_to_clean_substitute', 'round_seconds', 'val_accuracy', 'val_balanced_accuracy', 'val_macro_f1', 'val_weighted_f1', 'val_mcc', 'val_log_loss', 'val_ece_15bin', 'val_source_support', 'val_target_support', 'val_source_recall', 'val_target_recall', 'val_source_to_target_count', 'val_source_to_target_rate', 'val_target_to_source_count', 'val_target_to_source_rate']"
C_hash_ranked_02_seed123_marker_exists,True,C:\Users\Amm\LFighter-research\results\cic_iot_diad_task45_c3_multiseed_v416\C_hash_ranked\size_02\seed_123\_task45_condition_complete.json
C_hash_ranked_02_seed123_plain_meta_exists,True,C:\Users\Amm\LFighter-research\results\cic_iot_diad_task45_c3_multiseed_v416\C_hash_ranked\size_02\seed_123\plain_attack\post_warmup_capture_v310_metadata.json
C_hash_ranked_02_seed123_defense_meta_exists,True,C:\Users\Amm\LFighter-research\results\cic_iot_diad_task45_c3_multiseed_v416\C_hash_ranked\size_02\seed_123\trusted_reconstruction\trusted_update_reconstruction_v312_metadata.json
C_hash_ranked_02_seed123_plain_adapter_exists,True,C:\Users\Amm\LFighter-research\results\cic_iot_diad_task45_c3_multiseed_v416\C_hash_ranked\size_02\seed_123\plain_attack\task45_dev_only_adapter_manifest.json
C_hash_ranked_02_seed123_defense_adapter_exists,True,C:\Users\Amm\LFighter-research\results\cic_iot_diad_task45_c3_multiseed_v416\C_hash_ranked\size_02\seed_123\trusted_reconstruction\task45_dev_only_adapter_manifest.json
C_hash_ranked_02_seed123_plain_npz_exists,True,C:\Users\Amm\LFighter-research\results\cic_iot_diad_task45_c3_multiseed_v416\C_hash_ranked\size_02\seed_123\plain_attack\attack_manifest\poisoned_indices.npz
C_hash_ranked_02_seed123_defense_npz_exists,True,C:\Users\Amm\LFighter-research\results\cic_iot_diad_task45_c3_multiseed_v416\C_hash_ranked\size_02\seed_123\trusted_reconstruction\attack_manifest\poisoned_indices.npz
C_hash_ranked_02_seed123_plain_table_exists,True,C:\Users\Amm\LFighter-research\results\cic_iot_diad_task45_c3_multiseed_v416\C_hash_ranked\size_02\seed_123\plain_attack\tables\continuation_round_metrics.csv
C_hash_ranked_02_seed123_defense_table_exists,True,C:\Users\Amm\LFighter-research\results\cic_iot_diad_task45_c3_multiseed_v416\C_hash_ranked\size_02\seed_123\trusted_reconstruction\tables\reconstruction_round_metrics.csv
C_hash_ranked_02_seed123_marker_complete,True,True
C_hash_ranked_02_seed123_marker_identity,True,"{'experiment_version': '4.16.C3', 'family_id': 'C_hash_ranked', 'coalition_size': 2, 'selected_clients': '8,16', 'coalition_hash_sha256': '9347f66a68b372225528417ebdc9a16d4b34667ef23220877b67ad56dfc4e452', 'seed': 123, 'plain_poison_semantic_sha256': 'd8f6afb60f340ab8fec67bf1726b2d215e93f21c63b8fed6ba7ec329c78b5d3c', 'defense_poison_semantic_sha256': 'd8f6afb60f340ab8fec67bf1726b2d215e93f21c63b8fed6ba7ec329c78b5d3c', 'exact_poison_pair': True, 'reserved_test_arrays_materialized': False, 'complete': True}"
C_hash_ranked_02_seed123_marker_hash,True,9347f66a68b372225528417ebdc9a16d4b34667ef23220877b67ad56dfc4e452
C_hash_ranked_02_seed123_marker_clients,True,"[8, 16]"
C_hash_ranked_02_seed123_marker_no_reserved,True,False
C_hash_ranked_02_seed123_poison_pair,True,d8f6afb60f340ab8fec67bf1726b2d215e93f21c63b8fed6ba7ec329c78b5d3c
C_hash_ranked_02_seed123_marker_poison_hashes,True,d8f6afb60f340ab8fec67bf1726b2d215e93f21c63b8fed6ba7ec329c78b5d3c
C_hash_ranked_02_seed123_pair_unique,True,"('C_hash_ranked', 2, 123, 'd8f6afb60f340ab8fec67bf1726b2d215e93f21c63b8fed6ba7ec329c78b5d3c')"
C_hash_ranked_02_seed123_plain_seed,True,123
C_hash_ranked_02_seed123_plain_mode,True,strong_attack
C_hash_ranked_02_seed123_plain_test_false,True,False
C_hash_ranked_02_seed123_plain_adapter_return,True,0
C_hash_ranked_02_seed123_plain_adapter_arrays,True,"['X_train', 'X_val', 'y_train', 'y_val']"
C_hash_ranked_02_seed123_plain_adapter_no_reserved,True,False
C_hash_ranked_02_seed123_defense_seed,True,123
C_hash_ranked_02_seed123_defense_mode,True,strong_attack
C_hash_ranked_02_seed123_defense_test_false,True,False
C_hash_ranked_02_seed123_defense_adapter_return,True,0
C_hash_ranked_02_seed123_defense_adapter_arrays,True,"['X_train', 'X_val', 'y_train', 'y_val']"
C_hash_ranked_02_seed123_defense_adapter_no_reserved,True,False
C_hash_ranked_02_seed123_plain_clients,True,"[8, 16]"
C_hash_ranked_02_seed123_defense_policy,True,trusted_reconstruction
C_hash_ranked_02_seed123_recall_column,True,"['monitoring_round', 'global_round', 'mode', 'replacement_policy', 'participating_samples', 'flagged_clients', 'replaced_clients', 'malicious_recall', 'benign_false_positive_rate', 'detection_precision', 'malicious_replacement_recall', 'benign_replacement_rate', 'mean_reconstruction_relative_l2_to_clean_substitute', 'mean_reconstruction_cosine_to_clean_substitute', 'round_seconds', 'val_accuracy', 'val_balanced_accuracy', 'val_macro_f1', 'val_weighted_f1', 'val_mcc', 'val_log_loss', 'val_ece_15bin', 'val_source_support', 'val_target_support', 'val_source_recall', 'val_target_recall', 'val_source_to_target_count', 'val_source_to_target_rate', 'val_target_to_source_count', 'val_target_to_source_rate']"
C_hash_ranked_04_seed123_marker_exists,True,C:\Users\Amm\LFighter-research\results\cic_iot_diad_task45_c3_multiseed_v416\C_hash_ranked\size_04\seed_123\_task45_condition_complete.json
C_hash_ranked_04_seed123_plain_meta_exists,True,C:\Users\Amm\LFighter-research\results\cic_iot_diad_task45_c3_multiseed_v416\C_hash_ranked\size_04\seed_123\plain_attack\post_warmup_capture_v310_metadata.json
C_hash_ranked_04_seed123_defense_meta_exists,True,C:\Users\Amm\LFighter-research\results\cic_iot_diad_task45_c3_multiseed_v416\C_hash_ranked\size_04\seed_123\trusted_reconstruction\trusted_update_reconstruction_v312_metadata.json
C_hash_ranked_04_seed123_plain_adapter_exists,True,C:\Users\Amm\LFighter-research\results\cic_iot_diad_task45_c3_multiseed_v416\C_hash_ranked\size_04\seed_123\plain_attack\task45_dev_only_adapter_manifest.json
C_hash_ranked_04_seed123_defense_adapter_exists,True,C:\Users\Amm\LFighter-research\results\cic_iot_diad_task45_c3_multiseed_v416\C_hash_ranked\size_04\seed_123\trusted_reconstruction\task45_dev_only_adapter_manifest.json
C_hash_ranked_04_seed123_plain_npz_exists,True,C:\Users\Amm\LFighter-research\results\cic_iot_diad_task45_c3_multiseed_v416\C_hash_ranked\size_04\seed_123\plain_attack\attack_manifest\poisoned_indices.npz
C_hash_ranked_04_seed123_defense_npz_exists,True,C:\Users\Amm\LFighter-research\results\cic_iot_diad_task45_c3_multiseed_v416\C_hash_ranked\size_04\seed_123\trusted_reconstruction\attack_manifest\poisoned_indices.npz
C_hash_ranked_04_seed123_plain_table_exists,True,C:\Users\Amm\LFighter-research\results\cic_iot_diad_task45_c3_multiseed_v416\C_hash_ranked\size_04\seed_123\plain_attack\tables\continuation_round_metrics.csv
C_hash_ranked_04_seed123_defense_table_exists,True,C:\Users\Amm\LFighter-research\results\cic_iot_diad_task45_c3_multiseed_v416\C_hash_ranked\size_04\seed_123\trusted_reconstruction\tables\reconstruction_round_metrics.csv
C_hash_ranked_04_seed123_marker_complete,True,True
C_hash_ranked_04_seed123_marker_identity,True,"{'experiment_version': '4.16.C3', 'family_id': 'C_hash_ranked', 'coalition_size': 4, 'selected_clients': '3,5,8,16', 'coalition_hash_sha256': '941febe4fcc2eb538be9e595aa1706b452b5e76b809864f1607c49b1070d9e89', 'seed': 123, 'plain_poison_semantic_sha256': '297a3ed256329cae36358ee2aaf2436d5eded2866582a36d7fd73f6c84391e83', 'defense_poison_semantic_sha256': '297a3ed256329cae36358ee2aaf2436d5eded2866582a36d7fd73f6c84391e83', 'exact_poison_pair': True, 'reserved_test_arrays_materialized': False, 'complete': True}"
C_hash_ranked_04_seed123_marker_hash,True,941febe4fcc2eb538be9e595aa1706b452b5e76b809864f1607c49b1070d9e89
C_hash_ranked_04_seed123_marker_clients,True,"[3, 5, 8, 16]"
C_hash_ranked_04_seed123_marker_no_reserved,True,False
C_hash_ranked_04_seed123_poison_pair,True,297a3ed256329cae36358ee2aaf2436d5eded2866582a36d7fd73f6c84391e83
C_hash_ranked_04_seed123_marker_poison_hashes,True,297a3ed256329cae36358ee2aaf2436d5eded2866582a36d7fd73f6c84391e83
C_hash_ranked_04_seed123_pair_unique,True,"('C_hash_ranked', 4, 123, '297a3ed256329cae36358ee2aaf2436d5eded2866582a36d7fd73f6c84391e83')"
C_hash_ranked_04_seed123_plain_seed,True,123
C_hash_ranked_04_seed123_plain_mode,True,strong_attack
C_hash_ranked_04_seed123_plain_test_false,True,False
C_hash_ranked_04_seed123_plain_adapter_return,True,0
C_hash_ranked_04_seed123_plain_adapter_arrays,True,"['X_train', 'X_val', 'y_train', 'y_val']"
C_hash_ranked_04_seed123_plain_adapter_no_reserved,True,False
C_hash_ranked_04_seed123_defense_seed,True,123
C_hash_ranked_04_seed123_defense_mode,True,strong_attack
C_hash_ranked_04_seed123_defense_test_false,True,False
C_hash_ranked_04_seed123_defense_adapter_return,True,0
C_hash_ranked_04_seed123_defense_adapter_arrays,True,"['X_train', 'X_val', 'y_train', 'y_val']"
C_hash_ranked_04_seed123_defense_adapter_no_reserved,True,False
C_hash_ranked_04_seed123_plain_clients,True,"[3, 5, 8, 16]"
C_hash_ranked_04_seed123_defense_policy,True,trusted_reconstruction
C_hash_ranked_04_seed123_recall_column,True,"['monitoring_round', 'global_round', 'mode', 'replacement_policy', 'participating_samples', 'flagged_clients', 'replaced_clients', 'malicious_recall', 'benign_false_positive_rate', 'detection_precision', 'malicious_replacement_recall', 'benign_replacement_rate', 'mean_reconstruction_relative_l2_to_clean_substitute', 'mean_reconstruction_cosine_to_clean_substitute', 'round_seconds', 'val_accuracy', 'val_balanced_accuracy', 'val_macro_f1', 'val_weighted_f1', 'val_mcc', 'val_log_loss', 'val_ece_15bin', 'val_source_support', 'val_target_support', 'val_source_recall', 'val_target_recall', 'val_source_to_target_count', 'val_source_to_target_rate', 'val_target_to_source_count', 'val_target_to_source_rate']"
C_hash_ranked_06_seed123_marker_exists,True,C:\Users\Amm\LFighter-research\results\cic_iot_diad_task45_c3_multiseed_v416\C_hash_ranked\size_06\seed_123\_task45_condition_complete.json
C_hash_ranked_06_seed123_plain_meta_exists,True,C:\Users\Amm\LFighter-research\results\cic_iot_diad_task45_c3_multiseed_v416\C_hash_ranked\size_06\seed_123\plain_attack\post_warmup_capture_v310_metadata.json
C_hash_ranked_06_seed123_defense_meta_exists,True,C:\Users\Amm\LFighter-research\results\cic_iot_diad_task45_c3_multiseed_v416\C_hash_ranked\size_06\seed_123\trusted_reconstruction\trusted_update_reconstruction_v312_metadata.json
C_hash_ranked_06_seed123_plain_adapter_exists,True,C:\Users\Amm\LFighter-research\results\cic_iot_diad_task45_c3_multiseed_v416\C_hash_ranked\size_06\seed_123\plain_attack\task45_dev_only_adapter_manifest.json
C_hash_ranked_06_seed123_defense_adapter_exists,True,C:\Users\Amm\LFighter-research\results\cic_iot_diad_task45_c3_multiseed_v416\C_hash_ranked\size_06\seed_123\trusted_reconstruction\task45_dev_only_adapter_manifest.json
C_hash_ranked_06_seed123_plain_npz_exists,True,C:\Users\Amm\LFighter-research\results\cic_iot_diad_task45_c3_multiseed_v416\C_hash_ranked\size_06\seed_123\plain_attack\attack_manifest\poisoned_indices.npz
C_hash_ranked_06_seed123_defense_npz_exists,True,C:\Users\Amm\LFighter-research\results\cic_iot_diad_task45_c3_multiseed_v416\C_hash_ranked\size_06\seed_123\trusted_reconstruction\attack_manifest\poisoned_indices.npz
C_hash_ranked_06_seed123_plain_table_exists,True,C:\Users\Amm\LFighter-research\results\cic_iot_diad_task45_c3_multiseed_v416\C_hash_ranked\size_06\seed_123\plain_attack\tables\continuation_round_metrics.csv
C_hash_ranked_06_seed123_defense_table_exists,True,C:\Users\Amm\LFighter-research\results\cic_iot_diad_task45_c3_multiseed_v416\C_hash_ranked\size_06\seed_123\trusted_reconstruction\tables\reconstruction_round_metrics.csv
C_hash_ranked_06_seed123_marker_complete,True,True
C_hash_ranked_06_seed123_marker_identity,True,"{'experiment_version': '4.16.C3', 'family_id': 'C_hash_ranked', 'coalition_size': 6, 'selected_clients': '1,3,5,8,16,18', 'coalition_hash_sha256': 'e536b58a40b26950543ab4eda1f8d5651c35d33dea739db0d27e9879e9400a4e', 'seed': 123, 'plain_poison_semantic_sha256': '5015e9179ae48f6a55d20c5b92bcc212d246f4ea005dd67f8f50db51ef354fd6', 'defense_poison_semantic_sha256': '5015e9179ae48f6a55d20c5b92bcc212d246f4ea005dd67f8f50db51ef354fd6', 'exact_poison_pair': True, 'reserved_test_arrays_materialized': False, 'complete': True}"
C_hash_ranked_06_seed123_marker_hash,True,e536b58a40b26950543ab4eda1f8d5651c35d33dea739db0d27e9879e9400a4e
C_hash_ranked_06_seed123_marker_clients,True,"[1, 3, 5, 8, 16, 18]"
C_hash_ranked_06_seed123_marker_no_reserved,True,False
C_hash_ranked_06_seed123_poison_pair,True,5015e9179ae48f6a55d20c5b92bcc212d246f4ea005dd67f8f50db51ef354fd6
C_hash_ranked_06_seed123_marker_poison_hashes,True,5015e9179ae48f6a55d20c5b92bcc212d246f4ea005dd67f8f50db51ef354fd6
C_hash_ranked_06_seed123_pair_unique,True,"('C_hash_ranked', 6, 123, '5015e9179ae48f6a55d20c5b92bcc212d246f4ea005dd67f8f50db51ef354fd6')"
C_hash_ranked_06_seed123_plain_seed,True,123
C_hash_ranked_06_seed123_plain_mode,True,strong_attack
C_hash_ranked_06_seed123_plain_test_false,True,False
C_hash_ranked_06_seed123_plain_adapter_return,True,0
C_hash_ranked_06_seed123_plain_adapter_arrays,True,"['X_train', 'X_val', 'y_train', 'y_val']"
C_hash_ranked_06_seed123_plain_adapter_no_reserved,True,False
C_hash_ranked_06_seed123_defense_seed,True,123
C_hash_ranked_06_seed123_defense_mode,True,strong_attack
C_hash_ranked_06_seed123_defense_test_false,True,False
C_hash_ranked_06_seed123_defense_adapter_return,True,0
C_hash_ranked_06_seed123_defense_adapter_arrays,True,"['X_train', 'X_val', 'y_train', 'y_val']"
C_hash_ranked_06_seed123_defense_adapter_no_reserved,True,False
C_hash_ranked_06_seed123_plain_clients,True,"[1, 3, 5, 8, 16, 18]"
C_hash_ranked_06_seed123_defense_policy,True,trusted_reconstruction
C_hash_ranked_06_seed123_recall_column,True,"['monitoring_round', 'global_round', 'mode', 'replacement_policy', 'participating_samples', 'flagged_clients', 'replaced_clients', 'malicious_recall', 'benign_false_positive_rate', 'detection_precision', 'malicious_replacement_recall', 'benign_replacement_rate', 'mean_reconstruction_relative_l2_to_clean_substitute', 'mean_reconstruction_cosine_to_clean_substitute', 'round_seconds', 'val_accuracy', 'val_balanced_accuracy', 'val_macro_f1', 'val_weighted_f1', 'val_mcc', 'val_log_loss', 'val_ece_15bin', 'val_source_support', 'val_target_support', 'val_source_recall', 'val_target_recall', 'val_source_to_target_count', 'val_source_to_target_rate', 'val_target_to_source_count', 'val_target_to_source_rate']"
C_hash_ranked_08_seed123_marker_exists,True,C:\Users\Amm\LFighter-research\results\cic_iot_diad_task45_c3_multiseed_v416\C_hash_ranked\size_08\seed_123\_task45_condition_complete.json
C_hash_ranked_08_seed123_plain_meta_exists,True,C:\Users\Amm\LFighter-research\results\cic_iot_diad_task45_c3_multiseed_v416\C_hash_ranked\size_08\seed_123\plain_attack\post_warmup_capture_v310_metadata.json
C_hash_ranked_08_seed123_defense_meta_exists,True,C:\Users\Amm\LFighter-research\results\cic_iot_diad_task45_c3_multiseed_v416\C_hash_ranked\size_08\seed_123\trusted_reconstruction\trusted_update_reconstruction_v312_metadata.json
C_hash_ranked_08_seed123_plain_adapter_exists,True,C:\Users\Amm\LFighter-research\results\cic_iot_diad_task45_c3_multiseed_v416\C_hash_ranked\size_08\seed_123\plain_attack\task45_dev_only_adapter_manifest.json
C_hash_ranked_08_seed123_defense_adapter_exists,True,C:\Users\Amm\LFighter-research\results\cic_iot_diad_task45_c3_multiseed_v416\C_hash_ranked\size_08\seed_123\trusted_reconstruction\task45_dev_only_adapter_manifest.json
C_hash_ranked_08_seed123_plain_npz_exists,True,C:\Users\Amm\LFighter-research\results\cic_iot_diad_task45_c3_multiseed_v416\C_hash_ranked\size_08\seed_123\plain_attack\attack_manifest\poisoned_indices.npz
C_hash_ranked_08_seed123_defense_npz_exists,True,C:\Users\Amm\LFighter-research\results\cic_iot_diad_task45_c3_multiseed_v416\C_hash_ranked\size_08\seed_123\trusted_reconstruction\attack_manifest\poisoned_indices.npz
C_hash_ranked_08_seed123_plain_table_exists,True,C:\Users\Amm\LFighter-research\results\cic_iot_diad_task45_c3_multiseed_v416\C_hash_ranked\size_08\seed_123\plain_attack\tables\continuation_round_metrics.csv
C_hash_ranked_08_seed123_defense_table_exists,True,C:\Users\Amm\LFighter-research\results\cic_iot_diad_task45_c3_multiseed_v416\C_hash_ranked\size_08\seed_123\trusted_reconstruction\tables\reconstruction_round_metrics.csv
C_hash_ranked_08_seed123_marker_complete,True,True
C_hash_ranked_08_seed123_marker_identity,True,"{'experiment_version': '4.16.C3', 'family_id': 'C_hash_ranked', 'coalition_size': 8, 'selected_clients': '1,3,5,7,8,15,16,18', 'coalition_hash_sha256': '676ea42612b0f31419bb5e78b2110cf9ec45a1a348b774d2f55c94fdc6d98d2e', 'seed': 123, 'plain_poison_semantic_sha256': 'b80d560b24d5548cb6dc6db15c9a824fa35565dbcb7dc2ffc5692f86d313e486', 'defense_poison_semantic_sha256': 'b80d560b24d5548cb6dc6db15c9a824fa35565dbcb7dc2ffc5692f86d313e486', 'exact_poison_pair': True, 'reserved_test_arrays_materialized': False, 'complete': True}"
C_hash_ranked_08_seed123_marker_hash,True,676ea42612b0f31419bb5e78b2110cf9ec45a1a348b774d2f55c94fdc6d98d2e
C_hash_ranked_08_seed123_marker_clients,True,"[1, 3, 5, 7, 8, 15, 16, 18]"
C_hash_ranked_08_seed123_marker_no_reserved,True,False
C_hash_ranked_08_seed123_poison_pair,True,b80d560b24d5548cb6dc6db15c9a824fa35565dbcb7dc2ffc5692f86d313e486
C_hash_ranked_08_seed123_marker_poison_hashes,True,b80d560b24d5548cb6dc6db15c9a824fa35565dbcb7dc2ffc5692f86d313e486
C_hash_ranked_08_seed123_pair_unique,True,"('C_hash_ranked', 8, 123, 'b80d560b24d5548cb6dc6db15c9a824fa35565dbcb7dc2ffc5692f86d313e486')"
C_hash_ranked_08_seed123_plain_seed,True,123
C_hash_ranked_08_seed123_plain_mode,True,strong_attack
C_hash_ranked_08_seed123_plain_test_false,True,False
C_hash_ranked_08_seed123_plain_adapter_return,True,0
C_hash_ranked_08_seed123_plain_adapter_arrays,True,"['X_train', 'X_val', 'y_train', 'y_val']"
C_hash_ranked_08_seed123_plain_adapter_no_reserved,True,False
C_hash_ranked_08_seed123_defense_seed,True,123
C_hash_ranked_08_seed123_defense_mode,True,strong_attack
C_hash_ranked_08_seed123_defense_test_false,True,False
C_hash_ranked_08_seed123_defense_adapter_return,True,0
C_hash_ranked_08_seed123_defense_adapter_arrays,True,"['X_train', 'X_val', 'y_train', 'y_val']"
C_hash_ranked_08_seed123_defense_adapter_no_reserved,True,False
C_hash_ranked_08_seed123_plain_clients,True,"[1, 3, 5, 7, 8, 15, 16, 18]"
C_hash_ranked_08_seed123_defense_policy,True,trusted_reconstruction
C_hash_ranked_08_seed123_recall_column,True,"['monitoring_round', 'global_round', 'mode', 'replacement_policy', 'participating_samples', 'flagged_clients', 'replaced_clients', 'malicious_recall', 'benign_false_positive_rate', 'detection_precision', 'malicious_replacement_recall', 'benign_replacement_rate', 'mean_reconstruction_relative_l2_to_clean_substitute', 'mean_reconstruction_cosine_to_clean_substitute', 'round_seconds', 'val_accuracy', 'val_balanced_accuracy', 'val_macro_f1', 'val_weighted_f1', 'val_mcc', 'val_log_loss', 'val_ece_15bin', 'val_source_support', 'val_target_support', 'val_source_recall', 'val_target_recall', 'val_source_to_target_count', 'val_source_to_target_rate', 'val_target_to_source_count', 'val_target_to_source_rate']"
C_hash_ranked_10_seed123_marker_exists,True,C:\Users\Amm\LFighter-research\results\cic_iot_diad_task45_c3_multiseed_v416\C_hash_ranked\size_10\seed_123\_task45_condition_complete.json
C_hash_ranked_10_seed123_plain_meta_exists,True,C:\Users\Amm\LFighter-research\results\cic_iot_diad_task45_c3_multiseed_v416\C_hash_ranked\size_10\seed_123\plain_attack\post_warmup_capture_v310_metadata.json
C_hash_ranked_10_seed123_defense_meta_exists,True,C:\Users\Amm\LFighter-research\results\cic_iot_diad_task45_c3_multiseed_v416\C_hash_ranked\size_10\seed_123\trusted_reconstruction\trusted_update_reconstruction_v312_metadata.json
C_hash_ranked_10_seed123_plain_adapter_exists,True,C:\Users\Amm\LFighter-research\results\cic_iot_diad_task45_c3_multiseed_v416\C_hash_ranked\size_10\seed_123\plain_attack\task45_dev_only_adapter_manifest.json
C_hash_ranked_10_seed123_defense_adapter_exists,True,C:\Users\Amm\LFighter-research\results\cic_iot_diad_task45_c3_multiseed_v416\C_hash_ranked\size_10\seed_123\trusted_reconstruction\task45_dev_only_adapter_manifest.json
C_hash_ranked_10_seed123_plain_npz_exists,True,C:\Users\Amm\LFighter-research\results\cic_iot_diad_task45_c3_multiseed_v416\C_hash_ranked\size_10\seed_123\plain_attack\attack_manifest\poisoned_indices.npz
C_hash_ranked_10_seed123_defense_npz_exists,True,C:\Users\Amm\LFighter-research\results\cic_iot_diad_task45_c3_multiseed_v416\C_hash_ranked\size_10\seed_123\trusted_reconstruction\attack_manifest\poisoned_indices.npz
C_hash_ranked_10_seed123_plain_table_exists,True,C:\Users\Amm\LFighter-research\results\cic_iot_diad_task45_c3_multiseed_v416\C_hash_ranked\size_10\seed_123\plain_attack\tables\continuation_round_metrics.csv
C_hash_ranked_10_seed123_defense_table_exists,True,C:\Users\Amm\LFighter-research\results\cic_iot_diad_task45_c3_multiseed_v416\C_hash_ranked\size_10\seed_123\trusted_reconstruction\tables\reconstruction_round_metrics.csv
C_hash_ranked_10_seed123_marker_complete,True,True
C_hash_ranked_10_seed123_marker_identity,True,"{'experiment_version': '4.16.C3', 'family_id': 'C_hash_ranked', 'coalition_size': 10, 'selected_clients': '1,3,5,7,8,14,15,16,18,19', 'coalition_hash_sha256': '3f6725a44f14853874791b25c93070116028e290e056132697919c585856ced8', 'seed': 123, 'plain_poison_semantic_sha256': '86041e9cbaeed6199999b1a2242a147d5e0835c355adef4770bae49472418bab', 'defense_poison_semantic_sha256': '86041e9cbaeed6199999b1a2242a147d5e0835c355adef4770bae49472418bab', 'exact_poison_pair': True, 'reserved_test_arrays_materialized': False, 'complete': True}"
C_hash_ranked_10_seed123_marker_hash,True,3f6725a44f14853874791b25c93070116028e290e056132697919c585856ced8
C_hash_ranked_10_seed123_marker_clients,True,"[1, 3, 5, 7, 8, 14, 15, 16, 18, 19]"
C_hash_ranked_10_seed123_marker_no_reserved,True,False
C_hash_ranked_10_seed123_poison_pair,True,86041e9cbaeed6199999b1a2242a147d5e0835c355adef4770bae49472418bab
C_hash_ranked_10_seed123_marker_poison_hashes,True,86041e9cbaeed6199999b1a2242a147d5e0835c355adef4770bae49472418bab
C_hash_ranked_10_seed123_pair_unique,True,"('C_hash_ranked', 10, 123, '86041e9cbaeed6199999b1a2242a147d5e0835c355adef4770bae49472418bab')"
C_hash_ranked_10_seed123_plain_seed,True,123
C_hash_ranked_10_seed123_plain_mode,True,strong_attack
C_hash_ranked_10_seed123_plain_test_false,True,False
C_hash_ranked_10_seed123_plain_adapter_return,True,0
C_hash_ranked_10_seed123_plain_adapter_arrays,True,"['X_train', 'X_val', 'y_train', 'y_val']"
C_hash_ranked_10_seed123_plain_adapter_no_reserved,True,False
C_hash_ranked_10_seed123_defense_seed,True,123
C_hash_ranked_10_seed123_defense_mode,True,strong_attack
C_hash_ranked_10_seed123_defense_test_false,True,False
C_hash_ranked_10_seed123_defense_adapter_return,True,0
C_hash_ranked_10_seed123_defense_adapter_arrays,True,"['X_train', 'X_val', 'y_train', 'y_val']"
C_hash_ranked_10_seed123_defense_adapter_no_reserved,True,False
C_hash_ranked_10_seed123_plain_clients,True,"[1, 3, 5, 7, 8, 14, 15, 16, 18, 19]"
C_hash_ranked_10_seed123_defense_policy,True,trusted_reconstruction
C_hash_ranked_10_seed123_recall_column,True,"['monitoring_round', 'global_round', 'mode', 'replacement_policy', 'participating_samples', 'flagged_clients', 'replaced_clients', 'malicious_recall', 'benign_false_positive_rate', 'detection_precision', 'malicious_replacement_recall', 'benign_replacement_rate', 'mean_reconstruction_relative_l2_to_clean_substitute', 'mean_reconstruction_cosine_to_clean_substitute', 'round_seconds', 'val_accuracy', 'val_balanced_accuracy', 'val_macro_f1', 'val_weighted_f1', 'val_mcc', 'val_log_loss', 'val_ece_15bin', 'val_source_support', 'val_target_support', 'val_source_recall', 'val_target_recall', 'val_source_to_target_count', 'val_source_to_target_rate', 'val_target_to_source_count', 'val_target_to_source_rate']"
A_development_anchor_01_seed2026_marker_exists,True,C:\Users\Amm\LFighter-research\results\cic_iot_diad_task45_c3_multiseed_v416\A_development_anchor\size_01\seed_2026\_task45_condition_complete.json
A_development_anchor_01_seed2026_plain_meta_exists,True,C:\Users\Amm\LFighter-research\results\cic_iot_diad_task45_c3_multiseed_v416\A_development_anchor\size_01\seed_2026\plain_attack\post_warmup_capture_v310_metadata.json
A_development_anchor_01_seed2026_defense_meta_exists,True,C:\Users\Amm\LFighter-research\results\cic_iot_diad_task45_c3_multiseed_v416\A_development_anchor\size_01\seed_2026\trusted_reconstruction\trusted_update_reconstruction_v312_metadata.json
A_development_anchor_01_seed2026_plain_adapter_exists,True,C:\Users\Amm\LFighter-research\results\cic_iot_diad_task45_c3_multiseed_v416\A_development_anchor\size_01\seed_2026\plain_attack\task45_dev_only_adapter_manifest.json
A_development_anchor_01_seed2026_defense_adapter_exists,True,C:\Users\Amm\LFighter-research\results\cic_iot_diad_task45_c3_multiseed_v416\A_development_anchor\size_01\seed_2026\trusted_reconstruction\task45_dev_only_adapter_manifest.json
A_development_anchor_01_seed2026_plain_npz_exists,True,C:\Users\Amm\LFighter-research\results\cic_iot_diad_task45_c3_multiseed_v416\A_development_anchor\size_01\seed_2026\plain_attack\attack_manifest\poisoned_indices.npz
A_development_anchor_01_seed2026_defense_npz_exists,True,C:\Users\Amm\LFighter-research\results\cic_iot_diad_task45_c3_multiseed_v416\A_development_anchor\size_01\seed_2026\trusted_reconstruction\attack_manifest\poisoned_indices.npz
A_development_anchor_01_seed2026_plain_table_exists,True,C:\Users\Amm\LFighter-research\results\cic_iot_diad_task45_c3_multiseed_v416\A_development_anchor\size_01\seed_2026\plain_attack\tables\continuation_round_metrics.csv
A_development_anchor_01_seed2026_defense_table_exists,True,C:\Users\Amm\LFighter-research\results\cic_iot_diad_task45_c3_multiseed_v416\A_development_anchor\size_01\seed_2026\trusted_reconstruction\tables\reconstruction_round_metrics.csv
A_development_anchor_01_seed2026_marker_complete,True,True
A_development_anchor_01_seed2026_marker_identity,True,"{'experiment_version': '4.16.C3', 'family_id': 'A_development_anchor', 'coalition_size': 1, 'selected_clients': '7', 'coalition_hash_sha256': '29e2e7d57a2211f44077d1017c6354cdd6378fdd5b035e65f96150053e8eb0f3', 'seed': 2026, 'plain_poison_semantic_sha256': '6f09b421c32aa6e697f44a61121b7c43bbfaf047f6b2fa2b18bd710c735630ff', 'defense_poison_semantic_sha256': '6f09b421c32aa6e697f44a61121b7c43bbfaf047f6b2fa2b18bd710c735630ff', 'exact_poison_pair': True, 'reserved_test_arrays_materialized': False, 'complete': True}"
A_development_anchor_01_seed2026_marker_hash,True,29e2e7d57a2211f44077d1017c6354cdd6378fdd5b035e65f96150053e8eb0f3
A_development_anchor_01_seed2026_marker_clients,True,[7]
A_development_anchor_01_seed2026_marker_no_reserved,True,False
A_development_anchor_01_seed2026_poison_pair,True,6f09b421c32aa6e697f44a61121b7c43bbfaf047f6b2fa2b18bd710c735630ff
A_development_anchor_01_seed2026_marker_poison_hashes,True,6f09b421c32aa6e697f44a61121b7c43bbfaf047f6b2fa2b18bd710c735630ff
A_development_anchor_01_seed2026_pair_unique,True,"('A_development_anchor', 1, 2026, '6f09b421c32aa6e697f44a61121b7c43bbfaf047f6b2fa2b18bd710c735630ff')"
A_development_anchor_01_seed2026_plain_seed,True,2026
A_development_anchor_01_seed2026_plain_mode,True,strong_attack
A_development_anchor_01_seed2026_plain_test_false,True,False
A_development_anchor_01_seed2026_plain_adapter_return,True,0
A_development_anchor_01_seed2026_plain_adapter_arrays,True,"['X_train', 'X_val', 'y_train', 'y_val']"
A_development_anchor_01_seed2026_plain_adapter_no_reserved,True,False
A_development_anchor_01_seed2026_defense_seed,True,2026
A_development_anchor_01_seed2026_defense_mode,True,strong_attack
A_development_anchor_01_seed2026_defense_test_false,True,False
A_development_anchor_01_seed2026_defense_adapter_return,True,0
A_development_anchor_01_seed2026_defense_adapter_arrays,True,"['X_train', 'X_val', 'y_train', 'y_val']"
A_development_anchor_01_seed2026_defense_adapter_no_reserved,True,False
A_development_anchor_01_seed2026_plain_clients,True,[7]
A_development_anchor_01_seed2026_defense_policy,True,trusted_reconstruction
A_development_anchor_01_seed2026_recall_column,True,"['monitoring_round', 'global_round', 'mode', 'replacement_policy', 'participating_samples', 'flagged_clients', 'replaced_clients', 'malicious_recall', 'benign_false_positive_rate', 'detection_precision', 'malicious_replacement_recall', 'benign_replacement_rate', 'mean_reconstruction_relative_l2_to_clean_substitute', 'mean_reconstruction_cosine_to_clean_substitute', 'round_seconds', 'val_accuracy', 'val_balanced_accuracy', 'val_macro_f1', 'val_weighted_f1', 'val_mcc', 'val_log_loss', 'val_ece_15bin', 'val_source_support', 'val_target_support', 'val_source_recall', 'val_target_recall', 'val_source_to_target_count', 'val_source_to_target_rate', 'val_target_to_source_count', 'val_target_to_source_rate']"
A_development_anchor_02_seed2026_marker_exists,True,C:\Users\Amm\LFighter-research\results\cic_iot_diad_task45_c3_multiseed_v416\A_development_anchor\size_02\seed_2026\_task45_condition_complete.json
A_development_anchor_02_seed2026_plain_meta_exists,True,C:\Users\Amm\LFighter-research\results\cic_iot_diad_task45_c3_multiseed_v416\A_development_anchor\size_02\seed_2026\plain_attack\post_warmup_capture_v310_metadata.json
A_development_anchor_02_seed2026_defense_meta_exists,True,C:\Users\Amm\LFighter-research\results\cic_iot_diad_task45_c3_multiseed_v416\A_development_anchor\size_02\seed_2026\trusted_reconstruction\trusted_update_reconstruction_v312_metadata.json
A_development_anchor_02_seed2026_plain_adapter_exists,True,C:\Users\Amm\LFighter-research\results\cic_iot_diad_task45_c3_multiseed_v416\A_development_anchor\size_02\seed_2026\plain_attack\task45_dev_only_adapter_manifest.json
A_development_anchor_02_seed2026_defense_adapter_exists,True,C:\Users\Amm\LFighter-research\results\cic_iot_diad_task45_c3_multiseed_v416\A_development_anchor\size_02\seed_2026\trusted_reconstruction\task45_dev_only_adapter_manifest.json
A_development_anchor_02_seed2026_plain_npz_exists,True,C:\Users\Amm\LFighter-research\results\cic_iot_diad_task45_c3_multiseed_v416\A_development_anchor\size_02\seed_2026\plain_attack\attack_manifest\poisoned_indices.npz
A_development_anchor_02_seed2026_defense_npz_exists,True,C:\Users\Amm\LFighter-research\results\cic_iot_diad_task45_c3_multiseed_v416\A_development_anchor\size_02\seed_2026\trusted_reconstruction\attack_manifest\poisoned_indices.npz
A_development_anchor_02_seed2026_plain_table_exists,True,C:\Users\Amm\LFighter-research\results\cic_iot_diad_task45_c3_multiseed_v416\A_development_anchor\size_02\seed_2026\plain_attack\tables\continuation_round_metrics.csv
A_development_anchor_02_seed2026_defense_table_exists,True,C:\Users\Amm\LFighter-research\results\cic_iot_diad_task45_c3_multiseed_v416\A_development_anchor\size_02\seed_2026\trusted_reconstruction\tables\reconstruction_round_metrics.csv
A_development_anchor_02_seed2026_marker_complete,True,True
A_development_anchor_02_seed2026_marker_identity,True,"{'experiment_version': '4.16.C3', 'family_id': 'A_development_anchor', 'coalition_size': 2, 'selected_clients': '7,15', 'coalition_hash_sha256': '35dc43aa14a38cd046650b1f25e772197fb9f25278538f83a9aaacca235c9555', 'seed': 2026, 'plain_poison_semantic_sha256': 'cfa80177de1924138f924bb34edf2d8f7adfeb84e966eab676e4e91b42edb82f', 'defense_poison_semantic_sha256': 'cfa80177de1924138f924bb34edf2d8f7adfeb84e966eab676e4e91b42edb82f', 'exact_poison_pair': True, 'reserved_test_arrays_materialized': False, 'complete': True}"
A_development_anchor_02_seed2026_marker_hash,True,35dc43aa14a38cd046650b1f25e772197fb9f25278538f83a9aaacca235c9555
A_development_anchor_02_seed2026_marker_clients,True,"[7, 15]"
A_development_anchor_02_seed2026_marker_no_reserved,True,False
A_development_anchor_02_seed2026_poison_pair,True,cfa80177de1924138f924bb34edf2d8f7adfeb84e966eab676e4e91b42edb82f
A_development_anchor_02_seed2026_marker_poison_hashes,True,cfa80177de1924138f924bb34edf2d8f7adfeb84e966eab676e4e91b42edb82f
A_development_anchor_02_seed2026_pair_unique,True,"('A_development_anchor', 2, 2026, 'cfa80177de1924138f924bb34edf2d8f7adfeb84e966eab676e4e91b42edb82f')"
A_development_anchor_02_seed2026_plain_seed,True,2026
A_development_anchor_02_seed2026_plain_mode,True,strong_attack
A_development_anchor_02_seed2026_plain_test_false,True,False
A_development_anchor_02_seed2026_plain_adapter_return,True,0
A_development_anchor_02_seed2026_plain_adapter_arrays,True,"['X_train', 'X_val', 'y_train', 'y_val']"
A_development_anchor_02_seed2026_plain_adapter_no_reserved,True,False
A_development_anchor_02_seed2026_defense_seed,True,2026
A_development_anchor_02_seed2026_defense_mode,True,strong_attack
A_development_anchor_02_seed2026_defense_test_false,True,False
A_development_anchor_02_seed2026_defense_adapter_return,True,0
A_development_anchor_02_seed2026_defense_adapter_arrays,True,"['X_train', 'X_val', 'y_train', 'y_val']"
A_development_anchor_02_seed2026_defense_adapter_no_reserved,True,False
A_development_anchor_02_seed2026_plain_clients,True,"[7, 15]"
A_development_anchor_02_seed2026_defense_policy,True,trusted_reconstruction
A_development_anchor_02_seed2026_recall_column,True,"['monitoring_round', 'global_round', 'mode', 'replacement_policy', 'participating_samples', 'flagged_clients', 'replaced_clients', 'malicious_recall', 'benign_false_positive_rate', 'detection_precision', 'malicious_replacement_recall', 'benign_replacement_rate', 'mean_reconstruction_relative_l2_to_clean_substitute', 'mean_reconstruction_cosine_to_clean_substitute', 'round_seconds', 'val_accuracy', 'val_balanced_accuracy', 'val_macro_f1', 'val_weighted_f1', 'val_mcc', 'val_log_loss', 'val_ece_15bin', 'val_source_support', 'val_target_support', 'val_source_recall', 'val_target_recall', 'val_source_to_target_count', 'val_source_to_target_rate', 'val_target_to_source_count', 'val_target_to_source_rate']"
A_development_anchor_04_seed2026_marker_exists,True,C:\Users\Amm\LFighter-research\results\cic_iot_diad_task45_c3_multiseed_v416\A_development_anchor\size_04\seed_2026\_task45_condition_complete.json
A_development_anchor_04_seed2026_plain_meta_exists,True,C:\Users\Amm\LFighter-research\results\cic_iot_diad_task45_c3_multiseed_v416\A_development_anchor\size_04\seed_2026\plain_attack\post_warmup_capture_v310_metadata.json
A_development_anchor_04_seed2026_defense_meta_exists,True,C:\Users\Amm\LFighter-research\results\cic_iot_diad_task45_c3_multiseed_v416\A_development_anchor\size_04\seed_2026\trusted_reconstruction\trusted_update_reconstruction_v312_metadata.json
A_development_anchor_04_seed2026_plain_adapter_exists,True,C:\Users\Amm\LFighter-research\results\cic_iot_diad_task45_c3_multiseed_v416\A_development_anchor\size_04\seed_2026\plain_attack\task45_dev_only_adapter_manifest.json
A_development_anchor_04_seed2026_defense_adapter_exists,True,C:\Users\Amm\LFighter-research\results\cic_iot_diad_task45_c3_multiseed_v416\A_development_anchor\size_04\seed_2026\trusted_reconstruction\task45_dev_only_adapter_manifest.json
A_development_anchor_04_seed2026_plain_npz_exists,True,C:\Users\Amm\LFighter-research\results\cic_iot_diad_task45_c3_multiseed_v416\A_development_anchor\size_04\seed_2026\plain_attack\attack_manifest\poisoned_indices.npz
A_development_anchor_04_seed2026_defense_npz_exists,True,C:\Users\Amm\LFighter-research\results\cic_iot_diad_task45_c3_multiseed_v416\A_development_anchor\size_04\seed_2026\trusted_reconstruction\attack_manifest\poisoned_indices.npz
A_development_anchor_04_seed2026_plain_table_exists,True,C:\Users\Amm\LFighter-research\results\cic_iot_diad_task45_c3_multiseed_v416\A_development_anchor\size_04\seed_2026\plain_attack\tables\continuation_round_metrics.csv
A_development_anchor_04_seed2026_defense_table_exists,True,C:\Users\Amm\LFighter-research\results\cic_iot_diad_task45_c3_multiseed_v416\A_development_anchor\size_04\seed_2026\trusted_reconstruction\tables\reconstruction_round_metrics.csv
A_development_anchor_04_seed2026_marker_complete,True,True
A_development_anchor_04_seed2026_marker_identity,True,"{'experiment_version': '4.16.C3', 'family_id': 'A_development_anchor', 'coalition_size': 4, 'selected_clients': '1,7,14,15', 'coalition_hash_sha256': 'dcab69ee1d7e9b3132168f1c08ba950a84411263472846e7554751322aba732a', 'seed': 2026, 'plain_poison_semantic_sha256': 'f7094d7afaf21433c9d5579678610ef6451b3aa9e767de412a7c3f659fdfc011', 'defense_poison_semantic_sha256': 'f7094d7afaf21433c9d5579678610ef6451b3aa9e767de412a7c3f659fdfc011', 'exact_poison_pair': True, 'reserved_test_arrays_materialized': False, 'complete': True}"
A_development_anchor_04_seed2026_marker_hash,True,dcab69ee1d7e9b3132168f1c08ba950a84411263472846e7554751322aba732a
A_development_anchor_04_seed2026_marker_clients,True,"[1, 7, 14, 15]"
A_development_anchor_04_seed2026_marker_no_reserved,True,False
A_development_anchor_04_seed2026_poison_pair,True,f7094d7afaf21433c9d5579678610ef6451b3aa9e767de412a7c3f659fdfc011
A_development_anchor_04_seed2026_marker_poison_hashes,True,f7094d7afaf21433c9d5579678610ef6451b3aa9e767de412a7c3f659fdfc011
A_development_anchor_04_seed2026_pair_unique,True,"('A_development_anchor', 4, 2026, 'f7094d7afaf21433c9d5579678610ef6451b3aa9e767de412a7c3f659fdfc011')"
A_development_anchor_04_seed2026_plain_seed,True,2026
A_development_anchor_04_seed2026_plain_mode,True,strong_attack
A_development_anchor_04_seed2026_plain_test_false,True,False
A_development_anchor_04_seed2026_plain_adapter_return,True,0
A_development_anchor_04_seed2026_plain_adapter_arrays,True,"['X_train', 'X_val', 'y_train', 'y_val']"
A_development_anchor_04_seed2026_plain_adapter_no_reserved,True,False
A_development_anchor_04_seed2026_defense_seed,True,2026
A_development_anchor_04_seed2026_defense_mode,True,strong_attack
A_development_anchor_04_seed2026_defense_test_false,True,False
A_development_anchor_04_seed2026_defense_adapter_return,True,0
A_development_anchor_04_seed2026_defense_adapter_arrays,True,"['X_train', 'X_val', 'y_train', 'y_val']"
A_development_anchor_04_seed2026_defense_adapter_no_reserved,True,False
A_development_anchor_04_seed2026_plain_clients,True,"[1, 7, 14, 15]"
A_development_anchor_04_seed2026_defense_policy,True,trusted_reconstruction
A_development_anchor_04_seed2026_recall_column,True,"['monitoring_round', 'global_round', 'mode', 'replacement_policy', 'participating_samples', 'flagged_clients', 'replaced_clients', 'malicious_recall', 'benign_false_positive_rate', 'detection_precision', 'malicious_replacement_recall', 'benign_replacement_rate', 'mean_reconstruction_relative_l2_to_clean_substitute', 'mean_reconstruction_cosine_to_clean_substitute', 'round_seconds', 'val_accuracy', 'val_balanced_accuracy', 'val_macro_f1', 'val_weighted_f1', 'val_mcc', 'val_log_loss', 'val_ece_15bin', 'val_source_support', 'val_target_support', 'val_source_recall', 'val_target_recall', 'val_source_to_target_count', 'val_source_to_target_rate', 'val_target_to_source_count', 'val_target_to_source_rate']"
A_development_anchor_06_seed2026_marker_exists,True,C:\Users\Amm\LFighter-research\results\cic_iot_diad_task45_c3_multiseed_v416\A_development_anchor\size_06\seed_2026\_task45_condition_complete.json
A_development_anchor_06_seed2026_plain_meta_exists,True,C:\Users\Amm\LFighter-research\results\cic_iot_diad_task45_c3_multiseed_v416\A_development_anchor\size_06\seed_2026\plain_attack\post_warmup_capture_v310_metadata.json
A_development_anchor_06_seed2026_defense_meta_exists,True,C:\Users\Amm\LFighter-research\results\cic_iot_diad_task45_c3_multiseed_v416\A_development_anchor\size_06\seed_2026\trusted_reconstruction\trusted_update_reconstruction_v312_metadata.json
A_development_anchor_06_seed2026_plain_adapter_exists,True,C:\Users\Amm\LFighter-research\results\cic_iot_diad_task45_c3_multiseed_v416\A_development_anchor\size_06\seed_2026\plain_attack\task45_dev_only_adapter_manifest.json
A_development_anchor_06_seed2026_defense_adapter_exists,True,C:\Users\Amm\LFighter-research\results\cic_iot_diad_task45_c3_multiseed_v416\A_development_anchor\size_06\seed_2026\trusted_reconstruction\task45_dev_only_adapter_manifest.json
A_development_anchor_06_seed2026_plain_npz_exists,True,C:\Users\Amm\LFighter-research\results\cic_iot_diad_task45_c3_multiseed_v416\A_development_anchor\size_06\seed_2026\plain_attack\attack_manifest\poisoned_indices.npz
A_development_anchor_06_seed2026_defense_npz_exists,True,C:\Users\Amm\LFighter-research\results\cic_iot_diad_task45_c3_multiseed_v416\A_development_anchor\size_06\seed_2026\trusted_reconstruction\attack_manifest\poisoned_indices.npz
A_development_anchor_06_seed2026_plain_table_exists,True,C:\Users\Amm\LFighter-research\results\cic_iot_diad_task45_c3_multiseed_v416\A_development_anchor\size_06\seed_2026\plain_attack\tables\continuation_round_metrics.csv
A_development_anchor_06_seed2026_defense_table_exists,True,C:\Users\Amm\LFighter-research\results\cic_iot_diad_task45_c3_multiseed_v416\A_development_anchor\size_06\seed_2026\trusted_reconstruction\tables\reconstruction_round_metrics.csv
A_development_anchor_06_seed2026_marker_complete,True,True
A_development_anchor_06_seed2026_marker_identity,True,"{'experiment_version': '4.16.C3', 'family_id': 'A_development_anchor', 'coalition_size': 6, 'selected_clients': '1,7,10,14,15,18', 'coalition_hash_sha256': '693fa3fcf63b548fb89a003b00b7cbcb43f6b1aeaddfcc649026150b2a562aa7', 'seed': 2026, 'plain_poison_semantic_sha256': '84a4cf3be0102e61839aa709ab5433dd35957123103f1ea7c032a2041146a160', 'defense_poison_semantic_sha256': '84a4cf3be0102e61839aa709ab5433dd35957123103f1ea7c032a2041146a160', 'exact_poison_pair': True, 'reserved_test_arrays_materialized': False, 'complete': True}"
A_development_anchor_06_seed2026_marker_hash,True,693fa3fcf63b548fb89a003b00b7cbcb43f6b1aeaddfcc649026150b2a562aa7
A_development_anchor_06_seed2026_marker_clients,True,"[1, 7, 10, 14, 15, 18]"
A_development_anchor_06_seed2026_marker_no_reserved,True,False
A_development_anchor_06_seed2026_poison_pair,True,84a4cf3be0102e61839aa709ab5433dd35957123103f1ea7c032a2041146a160
A_development_anchor_06_seed2026_marker_poison_hashes,True,84a4cf3be0102e61839aa709ab5433dd35957123103f1ea7c032a2041146a160
A_development_anchor_06_seed2026_pair_unique,True,"('A_development_anchor', 6, 2026, '84a4cf3be0102e61839aa709ab5433dd35957123103f1ea7c032a2041146a160')"
A_development_anchor_06_seed2026_plain_seed,True,2026
A_development_anchor_06_seed2026_plain_mode,True,strong_attack
A_development_anchor_06_seed2026_plain_test_false,True,False
A_development_anchor_06_seed2026_plain_adapter_return,True,0
A_development_anchor_06_seed2026_plain_adapter_arrays,True,"['X_train', 'X_val', 'y_train', 'y_val']"
A_development_anchor_06_seed2026_plain_adapter_no_reserved,True,False
A_development_anchor_06_seed2026_defense_seed,True,2026
A_development_anchor_06_seed2026_defense_mode,True,strong_attack
A_development_anchor_06_seed2026_defense_test_false,True,False
A_development_anchor_06_seed2026_defense_adapter_return,True,0
A_development_anchor_06_seed2026_defense_adapter_arrays,True,"['X_train', 'X_val', 'y_train', 'y_val']"
A_development_anchor_06_seed2026_defense_adapter_no_reserved,True,False
A_development_anchor_06_seed2026_plain_clients,True,"[1, 7, 10, 14, 15, 18]"
A_development_anchor_06_seed2026_defense_policy,True,trusted_reconstruction
A_development_anchor_06_seed2026_recall_column,True,"['monitoring_round', 'global_round', 'mode', 'replacement_policy', 'participating_samples', 'flagged_clients', 'replaced_clients', 'malicious_recall', 'benign_false_positive_rate', 'detection_precision', 'malicious_replacement_recall', 'benign_replacement_rate', 'mean_reconstruction_relative_l2_to_clean_substitute', 'mean_reconstruction_cosine_to_clean_substitute', 'round_seconds', 'val_accuracy', 'val_balanced_accuracy', 'val_macro_f1', 'val_weighted_f1', 'val_mcc', 'val_log_loss', 'val_ece_15bin', 'val_source_support', 'val_target_support', 'val_source_recall', 'val_target_recall', 'val_source_to_target_count', 'val_source_to_target_rate', 'val_target_to_source_count', 'val_target_to_source_rate']"
A_development_anchor_08_seed2026_marker_exists,True,C:\Users\Amm\LFighter-research\results\cic_iot_diad_task45_c3_multiseed_v416\A_development_anchor\size_08\seed_2026\_task45_condition_complete.json
A_development_anchor_08_seed2026_plain_meta_exists,True,C:\Users\Amm\LFighter-research\results\cic_iot_diad_task45_c3_multiseed_v416\A_development_anchor\size_08\seed_2026\plain_attack\post_warmup_capture_v310_metadata.json
A_development_anchor_08_seed2026_defense_meta_exists,True,C:\Users\Amm\LFighter-research\results\cic_iot_diad_task45_c3_multiseed_v416\A_development_anchor\size_08\seed_2026\trusted_reconstruction\trusted_update_reconstruction_v312_metadata.json
A_development_anchor_08_seed2026_plain_adapter_exists,True,C:\Users\Amm\LFighter-research\results\cic_iot_diad_task45_c3_multiseed_v416\A_development_anchor\size_08\seed_2026\plain_attack\task45_dev_only_adapter_manifest.json
A_development_anchor_08_seed2026_defense_adapter_exists,True,C:\Users\Amm\LFighter-research\results\cic_iot_diad_task45_c3_multiseed_v416\A_development_anchor\size_08\seed_2026\trusted_reconstruction\task45_dev_only_adapter_manifest.json
A_development_anchor_08_seed2026_plain_npz_exists,True,C:\Users\Amm\LFighter-research\results\cic_iot_diad_task45_c3_multiseed_v416\A_development_anchor\size_08\seed_2026\plain_attack\attack_manifest\poisoned_indices.npz
A_development_anchor_08_seed2026_defense_npz_exists,True,C:\Users\Amm\LFighter-research\results\cic_iot_diad_task45_c3_multiseed_v416\A_development_anchor\size_08\seed_2026\trusted_reconstruction\attack_manifest\poisoned_indices.npz
A_development_anchor_08_seed2026_plain_table_exists,True,C:\Users\Amm\LFighter-research\results\cic_iot_diad_task45_c3_multiseed_v416\A_development_anchor\size_08\seed_2026\plain_attack\tables\continuation_round_metrics.csv
A_development_anchor_08_seed2026_defense_table_exists,True,C:\Users\Amm\LFighter-research\results\cic_iot_diad_task45_c3_multiseed_v416\A_development_anchor\size_08\seed_2026\trusted_reconstruction\tables\reconstruction_round_metrics.csv
A_development_anchor_08_seed2026_marker_complete,True,True
A_development_anchor_08_seed2026_marker_identity,True,"{'experiment_version': '4.16.C3', 'family_id': 'A_development_anchor', 'coalition_size': 8, 'selected_clients': '1,7,8,10,14,15,17,18', 'coalition_hash_sha256': '742494843cc211e0d11c86aa05931ea09514c8aa229a426f0c848de581c72245', 'seed': 2026, 'plain_poison_semantic_sha256': 'a54f31fbc3e748850b5f9707026c22fdd6616a05c32f62bfb38388dfd4b05102', 'defense_poison_semantic_sha256': 'a54f31fbc3e748850b5f9707026c22fdd6616a05c32f62bfb38388dfd4b05102', 'exact_poison_pair': True, 'reserved_test_arrays_materialized': False, 'complete': True}"
A_development_anchor_08_seed2026_marker_hash,True,742494843cc211e0d11c86aa05931ea09514c8aa229a426f0c848de581c72245
A_development_anchor_08_seed2026_marker_clients,True,"[1, 7, 8, 10, 14, 15, 17, 18]"
A_development_anchor_08_seed2026_marker_no_reserved,True,False
A_development_anchor_08_seed2026_poison_pair,True,a54f31fbc3e748850b5f9707026c22fdd6616a05c32f62bfb38388dfd4b05102
A_development_anchor_08_seed2026_marker_poison_hashes,True,a54f31fbc3e748850b5f9707026c22fdd6616a05c32f62bfb38388dfd4b05102
A_development_anchor_08_seed2026_pair_unique,True,"('A_development_anchor', 8, 2026, 'a54f31fbc3e748850b5f9707026c22fdd6616a05c32f62bfb38388dfd4b05102')"
A_development_anchor_08_seed2026_plain_seed,True,2026
A_development_anchor_08_seed2026_plain_mode,True,strong_attack
A_development_anchor_08_seed2026_plain_test_false,True,False
A_development_anchor_08_seed2026_plain_adapter_return,True,0
A_development_anchor_08_seed2026_plain_adapter_arrays,True,"['X_train', 'X_val', 'y_train', 'y_val']"
A_development_anchor_08_seed2026_plain_adapter_no_reserved,True,False
A_development_anchor_08_seed2026_defense_seed,True,2026
A_development_anchor_08_seed2026_defense_mode,True,strong_attack
A_development_anchor_08_seed2026_defense_test_false,True,False
A_development_anchor_08_seed2026_defense_adapter_return,True,0
A_development_anchor_08_seed2026_defense_adapter_arrays,True,"['X_train', 'X_val', 'y_train', 'y_val']"
A_development_anchor_08_seed2026_defense_adapter_no_reserved,True,False
A_development_anchor_08_seed2026_plain_clients,True,"[1, 7, 8, 10, 14, 15, 17, 18]"
A_development_anchor_08_seed2026_defense_policy,True,trusted_reconstruction
A_development_anchor_08_seed2026_recall_column,True,"['monitoring_round', 'global_round', 'mode', 'replacement_policy', 'participating_samples', 'flagged_clients', 'replaced_clients', 'malicious_recall', 'benign_false_positive_rate', 'detection_precision', 'malicious_replacement_recall', 'benign_replacement_rate', 'mean_reconstruction_relative_l2_to_clean_substitute', 'mean_reconstruction_cosine_to_clean_substitute', 'round_seconds', 'val_accuracy', 'val_balanced_accuracy', 'val_macro_f1', 'val_weighted_f1', 'val_mcc', 'val_log_loss', 'val_ece_15bin', 'val_source_support', 'val_target_support', 'val_source_recall', 'val_target_recall', 'val_source_to_target_count', 'val_source_to_target_rate', 'val_target_to_source_count', 'val_target_to_source_rate']"
A_development_anchor_10_seed2026_marker_exists,True,C:\Users\Amm\LFighter-research\results\cic_iot_diad_task45_c3_multiseed_v416\A_development_anchor\size_10\seed_2026\_task45_condition_complete.json
A_development_anchor_10_seed2026_plain_meta_exists,True,C:\Users\Amm\LFighter-research\results\cic_iot_diad_task45_c3_multiseed_v416\A_development_anchor\size_10\seed_2026\plain_attack\post_warmup_capture_v310_metadata.json
A_development_anchor_10_seed2026_defense_meta_exists,True,C:\Users\Amm\LFighter-research\results\cic_iot_diad_task45_c3_multiseed_v416\A_development_anchor\size_10\seed_2026\trusted_reconstruction\trusted_update_reconstruction_v312_metadata.json
A_development_anchor_10_seed2026_plain_adapter_exists,True,C:\Users\Amm\LFighter-research\results\cic_iot_diad_task45_c3_multiseed_v416\A_development_anchor\size_10\seed_2026\plain_attack\task45_dev_only_adapter_manifest.json
A_development_anchor_10_seed2026_defense_adapter_exists,True,C:\Users\Amm\LFighter-research\results\cic_iot_diad_task45_c3_multiseed_v416\A_development_anchor\size_10\seed_2026\trusted_reconstruction\task45_dev_only_adapter_manifest.json
A_development_anchor_10_seed2026_plain_npz_exists,True,C:\Users\Amm\LFighter-research\results\cic_iot_diad_task45_c3_multiseed_v416\A_development_anchor\size_10\seed_2026\plain_attack\attack_manifest\poisoned_indices.npz
A_development_anchor_10_seed2026_defense_npz_exists,True,C:\Users\Amm\LFighter-research\results\cic_iot_diad_task45_c3_multiseed_v416\A_development_anchor\size_10\seed_2026\trusted_reconstruction\attack_manifest\poisoned_indices.npz
A_development_anchor_10_seed2026_plain_table_exists,True,C:\Users\Amm\LFighter-research\results\cic_iot_diad_task45_c3_multiseed_v416\A_development_anchor\size_10\seed_2026\plain_attack\tables\continuation_round_metrics.csv
A_development_anchor_10_seed2026_defense_table_exists,True,C:\Users\Amm\LFighter-research\results\cic_iot_diad_task45_c3_multiseed_v416\A_development_anchor\size_10\seed_2026\trusted_reconstruction\tables\reconstruction_round_metrics.csv
A_development_anchor_10_seed2026_marker_complete,True,True
A_development_anchor_10_seed2026_marker_identity,True,"{'experiment_version': '4.16.C3', 'family_id': 'A_development_anchor', 'coalition_size': 10, 'selected_clients': '1,7,8,10,13,14,15,17,18,19', 'coalition_hash_sha256': 'de1a7887075add38ec60f878fc601f43e4f2147de2aba557f33a63cac4f50bb0', 'seed': 2026, 'plain_poison_semantic_sha256': 'bff96a60712f778882e747ece303807ec0762b1496a62034b44bffd4e10b9f3f', 'defense_poison_semantic_sha256': 'bff96a60712f778882e747ece303807ec0762b1496a62034b44bffd4e10b9f3f', 'exact_poison_pair': True, 'reserved_test_arrays_materialized': False, 'complete': True}"
A_development_anchor_10_seed2026_marker_hash,True,de1a7887075add38ec60f878fc601f43e4f2147de2aba557f33a63cac4f50bb0
A_development_anchor_10_seed2026_marker_clients,True,"[1, 7, 8, 10, 13, 14, 15, 17, 18, 19]"
A_development_anchor_10_seed2026_marker_no_reserved,True,False
A_development_anchor_10_seed2026_poison_pair,True,bff96a60712f778882e747ece303807ec0762b1496a62034b44bffd4e10b9f3f
A_development_anchor_10_seed2026_marker_poison_hashes,True,bff96a60712f778882e747ece303807ec0762b1496a62034b44bffd4e10b9f3f
A_development_anchor_10_seed2026_pair_unique,True,"('A_development_anchor', 10, 2026, 'bff96a60712f778882e747ece303807ec0762b1496a62034b44bffd4e10b9f3f')"
A_development_anchor_10_seed2026_plain_seed,True,2026
A_development_anchor_10_seed2026_plain_mode,True,strong_attack
A_development_anchor_10_seed2026_plain_test_false,True,False
A_development_anchor_10_seed2026_plain_adapter_return,True,0
A_development_anchor_10_seed2026_plain_adapter_arrays,True,"['X_train', 'X_val', 'y_train', 'y_val']"
A_development_anchor_10_seed2026_plain_adapter_no_reserved,True,False
A_development_anchor_10_seed2026_defense_seed,True,2026
A_development_anchor_10_seed2026_defense_mode,True,strong_attack
A_development_anchor_10_seed2026_defense_test_false,True,False
A_development_anchor_10_seed2026_defense_adapter_return,True,0
A_development_anchor_10_seed2026_defense_adapter_arrays,True,"['X_train', 'X_val', 'y_train', 'y_val']"
A_development_anchor_10_seed2026_defense_adapter_no_reserved,True,False
A_development_anchor_10_seed2026_plain_clients,True,"[1, 7, 8, 10, 13, 14, 15, 17, 18, 19]"
A_development_anchor_10_seed2026_defense_policy,True,trusted_reconstruction
A_development_anchor_10_seed2026_recall_column,True,"['monitoring_round', 'global_round', 'mode', 'replacement_policy', 'participating_samples', 'flagged_clients', 'replaced_clients', 'malicious_recall', 'benign_false_positive_rate', 'detection_precision', 'malicious_replacement_recall', 'benign_replacement_rate', 'mean_reconstruction_relative_l2_to_clean_substitute', 'mean_reconstruction_cosine_to_clean_substitute', 'round_seconds', 'val_accuracy', 'val_balanced_accuracy', 'val_macro_f1', 'val_weighted_f1', 'val_mcc', 'val_log_loss', 'val_ece_15bin', 'val_source_support', 'val_target_support', 'val_source_recall', 'val_target_recall', 'val_source_to_target_count', 'val_source_to_target_rate', 'val_target_to_source_count', 'val_target_to_source_rate']"
B_hash_ranked_01_seed2026_marker_exists,True,C:\Users\Amm\LFighter-research\results\cic_iot_diad_task45_c3_multiseed_v416\B_hash_ranked\size_01\seed_2026\_task45_condition_complete.json
B_hash_ranked_01_seed2026_plain_meta_exists,True,C:\Users\Amm\LFighter-research\results\cic_iot_diad_task45_c3_multiseed_v416\B_hash_ranked\size_01\seed_2026\plain_attack\post_warmup_capture_v310_metadata.json
B_hash_ranked_01_seed2026_defense_meta_exists,True,C:\Users\Amm\LFighter-research\results\cic_iot_diad_task45_c3_multiseed_v416\B_hash_ranked\size_01\seed_2026\trusted_reconstruction\trusted_update_reconstruction_v312_metadata.json
B_hash_ranked_01_seed2026_plain_adapter_exists,True,C:\Users\Amm\LFighter-research\results\cic_iot_diad_task45_c3_multiseed_v416\B_hash_ranked\size_01\seed_2026\plain_attack\task45_dev_only_adapter_manifest.json
B_hash_ranked_01_seed2026_defense_adapter_exists,True,C:\Users\Amm\LFighter-research\results\cic_iot_diad_task45_c3_multiseed_v416\B_hash_ranked\size_01\seed_2026\trusted_reconstruction\task45_dev_only_adapter_manifest.json
B_hash_ranked_01_seed2026_plain_npz_exists,True,C:\Users\Amm\LFighter-research\results\cic_iot_diad_task45_c3_multiseed_v416\B_hash_ranked\size_01\seed_2026\plain_attack\attack_manifest\poisoned_indices.npz
B_hash_ranked_01_seed2026_defense_npz_exists,True,C:\Users\Amm\LFighter-research\results\cic_iot_diad_task45_c3_multiseed_v416\B_hash_ranked\size_01\seed_2026\trusted_reconstruction\attack_manifest\poisoned_indices.npz
B_hash_ranked_01_seed2026_plain_table_exists,True,C:\Users\Amm\LFighter-research\results\cic_iot_diad_task45_c3_multiseed_v416\B_hash_ranked\size_01\seed_2026\plain_attack\tables\continuation_round_metrics.csv
B_hash_ranked_01_seed2026_defense_table_exists,True,C:\Users\Amm\LFighter-research\results\cic_iot_diad_task45_c3_multiseed_v416\B_hash_ranked\size_01\seed_2026\trusted_reconstruction\tables\reconstruction_round_metrics.csv
B_hash_ranked_01_seed2026_marker_complete,True,True
B_hash_ranked_01_seed2026_marker_identity,True,"{'experiment_version': '4.16.C3', 'family_id': 'B_hash_ranked', 'coalition_size': 1, 'selected_clients': '19', 'coalition_hash_sha256': '69e393023098d1a929b8910c800408438fc1a6ba5ba0bf03c25a1d4098f85be2', 'seed': 2026, 'plain_poison_semantic_sha256': 'f31d1263fd5a8fc980cdeb9dba5f4d80f2ddda9a1a95409165d43984fc98a4e9', 'defense_poison_semantic_sha256': 'f31d1263fd5a8fc980cdeb9dba5f4d80f2ddda9a1a95409165d43984fc98a4e9', 'exact_poison_pair': True, 'reserved_test_arrays_materialized': False, 'complete': True}"
B_hash_ranked_01_seed2026_marker_hash,True,69e393023098d1a929b8910c800408438fc1a6ba5ba0bf03c25a1d4098f85be2
B_hash_ranked_01_seed2026_marker_clients,True,[19]
B_hash_ranked_01_seed2026_marker_no_reserved,True,False
B_hash_ranked_01_seed2026_poison_pair,True,f31d1263fd5a8fc980cdeb9dba5f4d80f2ddda9a1a95409165d43984fc98a4e9
B_hash_ranked_01_seed2026_marker_poison_hashes,True,f31d1263fd5a8fc980cdeb9dba5f4d80f2ddda9a1a95409165d43984fc98a4e9
B_hash_ranked_01_seed2026_pair_unique,True,"('B_hash_ranked', 1, 2026, 'f31d1263fd5a8fc980cdeb9dba5f4d80f2ddda9a1a95409165d43984fc98a4e9')"
B_hash_ranked_01_seed2026_plain_seed,True,2026
B_hash_ranked_01_seed2026_plain_mode,True,strong_attack
B_hash_ranked_01_seed2026_plain_test_false,True,False
B_hash_ranked_01_seed2026_plain_adapter_return,True,0
B_hash_ranked_01_seed2026_plain_adapter_arrays,True,"['X_train', 'X_val', 'y_train', 'y_val']"
B_hash_ranked_01_seed2026_plain_adapter_no_reserved,True,False
B_hash_ranked_01_seed2026_defense_seed,True,2026
B_hash_ranked_01_seed2026_defense_mode,True,strong_attack
B_hash_ranked_01_seed2026_defense_test_false,True,False
B_hash_ranked_01_seed2026_defense_adapter_return,True,0
B_hash_ranked_01_seed2026_defense_adapter_arrays,True,"['X_train', 'X_val', 'y_train', 'y_val']"
B_hash_ranked_01_seed2026_defense_adapter_no_reserved,True,False
B_hash_ranked_01_seed2026_plain_clients,True,[19]
B_hash_ranked_01_seed2026_defense_policy,True,trusted_reconstruction
B_hash_ranked_01_seed2026_recall_column,True,"['monitoring_round', 'global_round', 'mode', 'replacement_policy', 'participating_samples', 'flagged_clients', 'replaced_clients', 'malicious_recall', 'benign_false_positive_rate', 'detection_precision', 'malicious_replacement_recall', 'benign_replacement_rate', 'mean_reconstruction_relative_l2_to_clean_substitute', 'mean_reconstruction_cosine_to_clean_substitute', 'round_seconds', 'val_accuracy', 'val_balanced_accuracy', 'val_macro_f1', 'val_weighted_f1', 'val_mcc', 'val_log_loss', 'val_ece_15bin', 'val_source_support', 'val_target_support', 'val_source_recall', 'val_target_recall', 'val_source_to_target_count', 'val_source_to_target_rate', 'val_target_to_source_count', 'val_target_to_source_rate']"
B_hash_ranked_02_seed2026_marker_exists,True,C:\Users\Amm\LFighter-research\results\cic_iot_diad_task45_c3_multiseed_v416\B_hash_ranked\size_02\seed_2026\_task45_condition_complete.json
B_hash_ranked_02_seed2026_plain_meta_exists,True,C:\Users\Amm\LFighter-research\results\cic_iot_diad_task45_c3_multiseed_v416\B_hash_ranked\size_02\seed_2026\plain_attack\post_warmup_capture_v310_metadata.json
B_hash_ranked_02_seed2026_defense_meta_exists,True,C:\Users\Amm\LFighter-research\results\cic_iot_diad_task45_c3_multiseed_v416\B_hash_ranked\size_02\seed_2026\trusted_reconstruction\trusted_update_reconstruction_v312_metadata.json
B_hash_ranked_02_seed2026_plain_adapter_exists,True,C:\Users\Amm\LFighter-research\results\cic_iot_diad_task45_c3_multiseed_v416\B_hash_ranked\size_02\seed_2026\plain_attack\task45_dev_only_adapter_manifest.json
B_hash_ranked_02_seed2026_defense_adapter_exists,True,C:\Users\Amm\LFighter-research\results\cic_iot_diad_task45_c3_multiseed_v416\B_hash_ranked\size_02\seed_2026\trusted_reconstruction\task45_dev_only_adapter_manifest.json
B_hash_ranked_02_seed2026_plain_npz_exists,True,C:\Users\Amm\LFighter-research\results\cic_iot_diad_task45_c3_multiseed_v416\B_hash_ranked\size_02\seed_2026\plain_attack\attack_manifest\poisoned_indices.npz
B_hash_ranked_02_seed2026_defense_npz_exists,True,C:\Users\Amm\LFighter-research\results\cic_iot_diad_task45_c3_multiseed_v416\B_hash_ranked\size_02\seed_2026\trusted_reconstruction\attack_manifest\poisoned_indices.npz
B_hash_ranked_02_seed2026_plain_table_exists,True,C:\Users\Amm\LFighter-research\results\cic_iot_diad_task45_c3_multiseed_v416\B_hash_ranked\size_02\seed_2026\plain_attack\tables\continuation_round_metrics.csv
B_hash_ranked_02_seed2026_defense_table_exists,True,C:\Users\Amm\LFighter-research\results\cic_iot_diad_task45_c3_multiseed_v416\B_hash_ranked\size_02\seed_2026\trusted_reconstruction\tables\reconstruction_round_metrics.csv
B_hash_ranked_02_seed2026_marker_complete,True,True
B_hash_ranked_02_seed2026_marker_identity,True,"{'experiment_version': '4.16.C3', 'family_id': 'B_hash_ranked', 'coalition_size': 2, 'selected_clients': '16,19', 'coalition_hash_sha256': '899ec3808749bb578dad3cd5b96a3cd9dd85c79555e73f96b83d8d9ce8f4dca3', 'seed': 2026, 'plain_poison_semantic_sha256': 'a691bc843b1865fa44daab89f221264dd0b272ad46c3074f2872595b670908f0', 'defense_poison_semantic_sha256': 'a691bc843b1865fa44daab89f221264dd0b272ad46c3074f2872595b670908f0', 'exact_poison_pair': True, 'reserved_test_arrays_materialized': False, 'complete': True}"
B_hash_ranked_02_seed2026_marker_hash,True,899ec3808749bb578dad3cd5b96a3cd9dd85c79555e73f96b83d8d9ce8f4dca3
B_hash_ranked_02_seed2026_marker_clients,True,"[16, 19]"
B_hash_ranked_02_seed2026_marker_no_reserved,True,False
B_hash_ranked_02_seed2026_poison_pair,True,a691bc843b1865fa44daab89f221264dd0b272ad46c3074f2872595b670908f0
B_hash_ranked_02_seed2026_marker_poison_hashes,True,a691bc843b1865fa44daab89f221264dd0b272ad46c3074f2872595b670908f0
B_hash_ranked_02_seed2026_pair_unique,True,"('B_hash_ranked', 2, 2026, 'a691bc843b1865fa44daab89f221264dd0b272ad46c3074f2872595b670908f0')"
B_hash_ranked_02_seed2026_plain_seed,True,2026
B_hash_ranked_02_seed2026_plain_mode,True,strong_attack
B_hash_ranked_02_seed2026_plain_test_false,True,False
B_hash_ranked_02_seed2026_plain_adapter_return,True,0
B_hash_ranked_02_seed2026_plain_adapter_arrays,True,"['X_train', 'X_val', 'y_train', 'y_val']"
B_hash_ranked_02_seed2026_plain_adapter_no_reserved,True,False
B_hash_ranked_02_seed2026_defense_seed,True,2026
B_hash_ranked_02_seed2026_defense_mode,True,strong_attack
B_hash_ranked_02_seed2026_defense_test_false,True,False
B_hash_ranked_02_seed2026_defense_adapter_return,True,0
B_hash_ranked_02_seed2026_defense_adapter_arrays,True,"['X_train', 'X_val', 'y_train', 'y_val']"
B_hash_ranked_02_seed2026_defense_adapter_no_reserved,True,False
B_hash_ranked_02_seed2026_plain_clients,True,"[16, 19]"
B_hash_ranked_02_seed2026_defense_policy,True,trusted_reconstruction
B_hash_ranked_02_seed2026_recall_column,True,"['monitoring_round', 'global_round', 'mode', 'replacement_policy', 'participating_samples', 'flagged_clients', 'replaced_clients', 'malicious_recall', 'benign_false_positive_rate', 'detection_precision', 'malicious_replacement_recall', 'benign_replacement_rate', 'mean_reconstruction_relative_l2_to_clean_substitute', 'mean_reconstruction_cosine_to_clean_substitute', 'round_seconds', 'val_accuracy', 'val_balanced_accuracy', 'val_macro_f1', 'val_weighted_f1', 'val_mcc', 'val_log_loss', 'val_ece_15bin', 'val_source_support', 'val_target_support', 'val_source_recall', 'val_target_recall', 'val_source_to_target_count', 'val_source_to_target_rate', 'val_target_to_source_count', 'val_target_to_source_rate']"
B_hash_ranked_04_seed2026_marker_exists,True,C:\Users\Amm\LFighter-research\results\cic_iot_diad_task45_c3_multiseed_v416\B_hash_ranked\size_04\seed_2026\_task45_condition_complete.json
B_hash_ranked_04_seed2026_plain_meta_exists,True,C:\Users\Amm\LFighter-research\results\cic_iot_diad_task45_c3_multiseed_v416\B_hash_ranked\size_04\seed_2026\plain_attack\post_warmup_capture_v310_metadata.json
B_hash_ranked_04_seed2026_defense_meta_exists,True,C:\Users\Amm\LFighter-research\results\cic_iot_diad_task45_c3_multiseed_v416\B_hash_ranked\size_04\seed_2026\trusted_reconstruction\trusted_update_reconstruction_v312_metadata.json
B_hash_ranked_04_seed2026_plain_adapter_exists,True,C:\Users\Amm\LFighter-research\results\cic_iot_diad_task45_c3_multiseed_v416\B_hash_ranked\size_04\seed_2026\plain_attack\task45_dev_only_adapter_manifest.json
B_hash_ranked_04_seed2026_defense_adapter_exists,True,C:\Users\Amm\LFighter-research\results\cic_iot_diad_task45_c3_multiseed_v416\B_hash_ranked\size_04\seed_2026\trusted_reconstruction\task45_dev_only_adapter_manifest.json
B_hash_ranked_04_seed2026_plain_npz_exists,True,C:\Users\Amm\LFighter-research\results\cic_iot_diad_task45_c3_multiseed_v416\B_hash_ranked\size_04\seed_2026\plain_attack\attack_manifest\poisoned_indices.npz
B_hash_ranked_04_seed2026_defense_npz_exists,True,C:\Users\Amm\LFighter-research\results\cic_iot_diad_task45_c3_multiseed_v416\B_hash_ranked\size_04\seed_2026\trusted_reconstruction\attack_manifest\poisoned_indices.npz
B_hash_ranked_04_seed2026_plain_table_exists,True,C:\Users\Amm\LFighter-research\results\cic_iot_diad_task45_c3_multiseed_v416\B_hash_ranked\size_04\seed_2026\plain_attack\tables\continuation_round_metrics.csv
B_hash_ranked_04_seed2026_defense_table_exists,True,C:\Users\Amm\LFighter-research\results\cic_iot_diad_task45_c3_multiseed_v416\B_hash_ranked\size_04\seed_2026\trusted_reconstruction\tables\reconstruction_round_metrics.csv
B_hash_ranked_04_seed2026_marker_complete,True,True
B_hash_ranked_04_seed2026_marker_identity,True,"{'experiment_version': '4.16.C3', 'family_id': 'B_hash_ranked', 'coalition_size': 4, 'selected_clients': '13,15,16,19', 'coalition_hash_sha256': '7be69fa068da37c9f52f41351bedd5a65b7da17f4a4f77361578bb4d71e9690a', 'seed': 2026, 'plain_poison_semantic_sha256': 'b19c1cfbb17f50e0c8da912816b2c09d23d812bb5dcbc5bc0062e6e018ef066c', 'defense_poison_semantic_sha256': 'b19c1cfbb17f50e0c8da912816b2c09d23d812bb5dcbc5bc0062e6e018ef066c', 'exact_poison_pair': True, 'reserved_test_arrays_materialized': False, 'complete': True}"
B_hash_ranked_04_seed2026_marker_hash,True,7be69fa068da37c9f52f41351bedd5a65b7da17f4a4f77361578bb4d71e9690a
B_hash_ranked_04_seed2026_marker_clients,True,"[13, 15, 16, 19]"
B_hash_ranked_04_seed2026_marker_no_reserved,True,False
B_hash_ranked_04_seed2026_poison_pair,True,b19c1cfbb17f50e0c8da912816b2c09d23d812bb5dcbc5bc0062e6e018ef066c
B_hash_ranked_04_seed2026_marker_poison_hashes,True,b19c1cfbb17f50e0c8da912816b2c09d23d812bb5dcbc5bc0062e6e018ef066c
B_hash_ranked_04_seed2026_pair_unique,True,"('B_hash_ranked', 4, 2026, 'b19c1cfbb17f50e0c8da912816b2c09d23d812bb5dcbc5bc0062e6e018ef066c')"
B_hash_ranked_04_seed2026_plain_seed,True,2026
B_hash_ranked_04_seed2026_plain_mode,True,strong_attack
B_hash_ranked_04_seed2026_plain_test_false,True,False
B_hash_ranked_04_seed2026_plain_adapter_return,True,0
B_hash_ranked_04_seed2026_plain_adapter_arrays,True,"['X_train', 'X_val', 'y_train', 'y_val']"
B_hash_ranked_04_seed2026_plain_adapter_no_reserved,True,False
B_hash_ranked_04_seed2026_defense_seed,True,2026
B_hash_ranked_04_seed2026_defense_mode,True,strong_attack
B_hash_ranked_04_seed2026_defense_test_false,True,False
B_hash_ranked_04_seed2026_defense_adapter_return,True,0
B_hash_ranked_04_seed2026_defense_adapter_arrays,True,"['X_train', 'X_val', 'y_train', 'y_val']"
B_hash_ranked_04_seed2026_defense_adapter_no_reserved,True,False
B_hash_ranked_04_seed2026_plain_clients,True,"[13, 15, 16, 19]"
B_hash_ranked_04_seed2026_defense_policy,True,trusted_reconstruction
B_hash_ranked_04_seed2026_recall_column,True,"['monitoring_round', 'global_round', 'mode', 'replacement_policy', 'participating_samples', 'flagged_clients', 'replaced_clients', 'malicious_recall', 'benign_false_positive_rate', 'detection_precision', 'malicious_replacement_recall', 'benign_replacement_rate', 'mean_reconstruction_relative_l2_to_clean_substitute', 'mean_reconstruction_cosine_to_clean_substitute', 'round_seconds', 'val_accuracy', 'val_balanced_accuracy', 'val_macro_f1', 'val_weighted_f1', 'val_mcc', 'val_log_loss', 'val_ece_15bin', 'val_source_support', 'val_target_support', 'val_source_recall', 'val_target_recall', 'val_source_to_target_count', 'val_source_to_target_rate', 'val_target_to_source_count', 'val_target_to_source_rate']"
B_hash_ranked_06_seed2026_marker_exists,True,C:\Users\Amm\LFighter-research\results\cic_iot_diad_task45_c3_multiseed_v416\B_hash_ranked\size_06\seed_2026\_task45_condition_complete.json
B_hash_ranked_06_seed2026_plain_meta_exists,True,C:\Users\Amm\LFighter-research\results\cic_iot_diad_task45_c3_multiseed_v416\B_hash_ranked\size_06\seed_2026\plain_attack\post_warmup_capture_v310_metadata.json
B_hash_ranked_06_seed2026_defense_meta_exists,True,C:\Users\Amm\LFighter-research\results\cic_iot_diad_task45_c3_multiseed_v416\B_hash_ranked\size_06\seed_2026\trusted_reconstruction\trusted_update_reconstruction_v312_metadata.json
B_hash_ranked_06_seed2026_plain_adapter_exists,True,C:\Users\Amm\LFighter-research\results\cic_iot_diad_task45_c3_multiseed_v416\B_hash_ranked\size_06\seed_2026\plain_attack\task45_dev_only_adapter_manifest.json
B_hash_ranked_06_seed2026_defense_adapter_exists,True,C:\Users\Amm\LFighter-research\results\cic_iot_diad_task45_c3_multiseed_v416\B_hash_ranked\size_06\seed_2026\trusted_reconstruction\task45_dev_only_adapter_manifest.json
B_hash_ranked_06_seed2026_plain_npz_exists,True,C:\Users\Amm\LFighter-research\results\cic_iot_diad_task45_c3_multiseed_v416\B_hash_ranked\size_06\seed_2026\plain_attack\attack_manifest\poisoned_indices.npz
B_hash_ranked_06_seed2026_defense_npz_exists,True,C:\Users\Amm\LFighter-research\results\cic_iot_diad_task45_c3_multiseed_v416\B_hash_ranked\size_06\seed_2026\trusted_reconstruction\attack_manifest\poisoned_indices.npz
B_hash_ranked_06_seed2026_plain_table_exists,True,C:\Users\Amm\LFighter-research\results\cic_iot_diad_task45_c3_multiseed_v416\B_hash_ranked\size_06\seed_2026\plain_attack\tables\continuation_round_metrics.csv
B_hash_ranked_06_seed2026_defense_table_exists,True,C:\Users\Amm\LFighter-research\results\cic_iot_diad_task45_c3_multiseed_v416\B_hash_ranked\size_06\seed_2026\trusted_reconstruction\tables\reconstruction_round_metrics.csv
B_hash_ranked_06_seed2026_marker_complete,True,True
B_hash_ranked_06_seed2026_marker_identity,True,"{'experiment_version': '4.16.C3', 'family_id': 'B_hash_ranked', 'coalition_size': 6, 'selected_clients': '5,7,13,15,16,19', 'coalition_hash_sha256': '903bec25550246430499ad4bff1e71c8fedaf74d8520aa911850919f5f86baeb', 'seed': 2026, 'plain_poison_semantic_sha256': '60d4eeab52f62feb0ddb9bd45a93f3fa5595709751e1e0c5cbb965b3ad981773', 'defense_poison_semantic_sha256': '60d4eeab52f62feb0ddb9bd45a93f3fa5595709751e1e0c5cbb965b3ad981773', 'exact_poison_pair': True, 'reserved_test_arrays_materialized': False, 'complete': True}"
B_hash_ranked_06_seed2026_marker_hash,True,903bec25550246430499ad4bff1e71c8fedaf74d8520aa911850919f5f86baeb
B_hash_ranked_06_seed2026_marker_clients,True,"[5, 7, 13, 15, 16, 19]"
B_hash_ranked_06_seed2026_marker_no_reserved,True,False
B_hash_ranked_06_seed2026_poison_pair,True,60d4eeab52f62feb0ddb9bd45a93f3fa5595709751e1e0c5cbb965b3ad981773
B_hash_ranked_06_seed2026_marker_poison_hashes,True,60d4eeab52f62feb0ddb9bd45a93f3fa5595709751e1e0c5cbb965b3ad981773
B_hash_ranked_06_seed2026_pair_unique,True,"('B_hash_ranked', 6, 2026, '60d4eeab52f62feb0ddb9bd45a93f3fa5595709751e1e0c5cbb965b3ad981773')"
B_hash_ranked_06_seed2026_plain_seed,True,2026
B_hash_ranked_06_seed2026_plain_mode,True,strong_attack
B_hash_ranked_06_seed2026_plain_test_false,True,False
B_hash_ranked_06_seed2026_plain_adapter_return,True,0
B_hash_ranked_06_seed2026_plain_adapter_arrays,True,"['X_train', 'X_val', 'y_train', 'y_val']"
B_hash_ranked_06_seed2026_plain_adapter_no_reserved,True,False
B_hash_ranked_06_seed2026_defense_seed,True,2026
B_hash_ranked_06_seed2026_defense_mode,True,strong_attack
B_hash_ranked_06_seed2026_defense_test_false,True,False
B_hash_ranked_06_seed2026_defense_adapter_return,True,0
B_hash_ranked_06_seed2026_defense_adapter_arrays,True,"['X_train', 'X_val', 'y_train', 'y_val']"
B_hash_ranked_06_seed2026_defense_adapter_no_reserved,True,False
B_hash_ranked_06_seed2026_plain_clients,True,"[5, 7, 13, 15, 16, 19]"
B_hash_ranked_06_seed2026_defense_policy,True,trusted_reconstruction
B_hash_ranked_06_seed2026_recall_column,True,"['monitoring_round', 'global_round', 'mode', 'replacement_policy', 'participating_samples', 'flagged_clients', 'replaced_clients', 'malicious_recall', 'benign_false_positive_rate', 'detection_precision', 'malicious_replacement_recall', 'benign_replacement_rate', 'mean_reconstruction_relative_l2_to_clean_substitute', 'mean_reconstruction_cosine_to_clean_substitute', 'round_seconds', 'val_accuracy', 'val_balanced_accuracy', 'val_macro_f1', 'val_weighted_f1', 'val_mcc', 'val_log_loss', 'val_ece_15bin', 'val_source_support', 'val_target_support', 'val_source_recall', 'val_target_recall', 'val_source_to_target_count', 'val_source_to_target_rate', 'val_target_to_source_count', 'val_target_to_source_rate']"
B_hash_ranked_08_seed2026_marker_exists,True,C:\Users\Amm\LFighter-research\results\cic_iot_diad_task45_c3_multiseed_v416\B_hash_ranked\size_08\seed_2026\_task45_condition_complete.json
B_hash_ranked_08_seed2026_plain_meta_exists,True,C:\Users\Amm\LFighter-research\results\cic_iot_diad_task45_c3_multiseed_v416\B_hash_ranked\size_08\seed_2026\plain_attack\post_warmup_capture_v310_metadata.json
B_hash_ranked_08_seed2026_defense_meta_exists,True,C:\Users\Amm\LFighter-research\results\cic_iot_diad_task45_c3_multiseed_v416\B_hash_ranked\size_08\seed_2026\trusted_reconstruction\trusted_update_reconstruction_v312_metadata.json
B_hash_ranked_08_seed2026_plain_adapter_exists,True,C:\Users\Amm\LFighter-research\results\cic_iot_diad_task45_c3_multiseed_v416\B_hash_ranked\size_08\seed_2026\plain_attack\task45_dev_only_adapter_manifest.json
B_hash_ranked_08_seed2026_defense_adapter_exists,True,C:\Users\Amm\LFighter-research\results\cic_iot_diad_task45_c3_multiseed_v416\B_hash_ranked\size_08\seed_2026\trusted_reconstruction\task45_dev_only_adapter_manifest.json
B_hash_ranked_08_seed2026_plain_npz_exists,True,C:\Users\Amm\LFighter-research\results\cic_iot_diad_task45_c3_multiseed_v416\B_hash_ranked\size_08\seed_2026\plain_attack\attack_manifest\poisoned_indices.npz
B_hash_ranked_08_seed2026_defense_npz_exists,True,C:\Users\Amm\LFighter-research\results\cic_iot_diad_task45_c3_multiseed_v416\B_hash_ranked\size_08\seed_2026\trusted_reconstruction\attack_manifest\poisoned_indices.npz
B_hash_ranked_08_seed2026_plain_table_exists,True,C:\Users\Amm\LFighter-research\results\cic_iot_diad_task45_c3_multiseed_v416\B_hash_ranked\size_08\seed_2026\plain_attack\tables\continuation_round_metrics.csv
B_hash_ranked_08_seed2026_defense_table_exists,True,C:\Users\Amm\LFighter-research\results\cic_iot_diad_task45_c3_multiseed_v416\B_hash_ranked\size_08\seed_2026\trusted_reconstruction\tables\reconstruction_round_metrics.csv
B_hash_ranked_08_seed2026_marker_complete,True,True
B_hash_ranked_08_seed2026_marker_identity,True,"{'experiment_version': '4.16.C3', 'family_id': 'B_hash_ranked', 'coalition_size': 8, 'selected_clients': '5,7,8,10,13,15,16,19', 'coalition_hash_sha256': 'c8b0bd8177d4575768b29a318dd16b314bd353b12fd72ec555865c54614d99a0', 'seed': 2026, 'plain_poison_semantic_sha256': '1ed622dbeb0627f21d8b76cc765f986f099779f10437720f3278d36c5f26fc90', 'defense_poison_semantic_sha256': '1ed622dbeb0627f21d8b76cc765f986f099779f10437720f3278d36c5f26fc90', 'exact_poison_pair': True, 'reserved_test_arrays_materialized': False, 'complete': True}"
B_hash_ranked_08_seed2026_marker_hash,True,c8b0bd8177d4575768b29a318dd16b314bd353b12fd72ec555865c54614d99a0
B_hash_ranked_08_seed2026_marker_clients,True,"[5, 7, 8, 10, 13, 15, 16, 19]"
B_hash_ranked_08_seed2026_marker_no_reserved,True,False
B_hash_ranked_08_seed2026_poison_pair,True,1ed622dbeb0627f21d8b76cc765f986f099779f10437720f3278d36c5f26fc90
B_hash_ranked_08_seed2026_marker_poison_hashes,True,1ed622dbeb0627f21d8b76cc765f986f099779f10437720f3278d36c5f26fc90
B_hash_ranked_08_seed2026_pair_unique,True,"('B_hash_ranked', 8, 2026, '1ed622dbeb0627f21d8b76cc765f986f099779f10437720f3278d36c5f26fc90')"
B_hash_ranked_08_seed2026_plain_seed,True,2026
B_hash_ranked_08_seed2026_plain_mode,True,strong_attack
B_hash_ranked_08_seed2026_plain_test_false,True,False
B_hash_ranked_08_seed2026_plain_adapter_return,True,0
B_hash_ranked_08_seed2026_plain_adapter_arrays,True,"['X_train', 'X_val', 'y_train', 'y_val']"
B_hash_ranked_08_seed2026_plain_adapter_no_reserved,True,False
B_hash_ranked_08_seed2026_defense_seed,True,2026
B_hash_ranked_08_seed2026_defense_mode,True,strong_attack
B_hash_ranked_08_seed2026_defense_test_false,True,False
B_hash_ranked_08_seed2026_defense_adapter_return,True,0
B_hash_ranked_08_seed2026_defense_adapter_arrays,True,"['X_train', 'X_val', 'y_train', 'y_val']"
B_hash_ranked_08_seed2026_defense_adapter_no_reserved,True,False
B_hash_ranked_08_seed2026_plain_clients,True,"[5, 7, 8, 10, 13, 15, 16, 19]"
B_hash_ranked_08_seed2026_defense_policy,True,trusted_reconstruction
B_hash_ranked_08_seed2026_recall_column,True,"['monitoring_round', 'global_round', 'mode', 'replacement_policy', 'participating_samples', 'flagged_clients', 'replaced_clients', 'malicious_recall', 'benign_false_positive_rate', 'detection_precision', 'malicious_replacement_recall', 'benign_replacement_rate', 'mean_reconstruction_relative_l2_to_clean_substitute', 'mean_reconstruction_cosine_to_clean_substitute', 'round_seconds', 'val_accuracy', 'val_balanced_accuracy', 'val_macro_f1', 'val_weighted_f1', 'val_mcc', 'val_log_loss', 'val_ece_15bin', 'val_source_support', 'val_target_support', 'val_source_recall', 'val_target_recall', 'val_source_to_target_count', 'val_source_to_target_rate', 'val_target_to_source_count', 'val_target_to_source_rate']"
B_hash_ranked_10_seed2026_marker_exists,True,C:\Users\Amm\LFighter-research\results\cic_iot_diad_task45_c3_multiseed_v416\B_hash_ranked\size_10\seed_2026\_task45_condition_complete.json
B_hash_ranked_10_seed2026_plain_meta_exists,True,C:\Users\Amm\LFighter-research\results\cic_iot_diad_task45_c3_multiseed_v416\B_hash_ranked\size_10\seed_2026\plain_attack\post_warmup_capture_v310_metadata.json
B_hash_ranked_10_seed2026_defense_meta_exists,True,C:\Users\Amm\LFighter-research\results\cic_iot_diad_task45_c3_multiseed_v416\B_hash_ranked\size_10\seed_2026\trusted_reconstruction\trusted_update_reconstruction_v312_metadata.json
B_hash_ranked_10_seed2026_plain_adapter_exists,True,C:\Users\Amm\LFighter-research\results\cic_iot_diad_task45_c3_multiseed_v416\B_hash_ranked\size_10\seed_2026\plain_attack\task45_dev_only_adapter_manifest.json
B_hash_ranked_10_seed2026_defense_adapter_exists,True,C:\Users\Amm\LFighter-research\results\cic_iot_diad_task45_c3_multiseed_v416\B_hash_ranked\size_10\seed_2026\trusted_reconstruction\task45_dev_only_adapter_manifest.json
B_hash_ranked_10_seed2026_plain_npz_exists,True,C:\Users\Amm\LFighter-research\results\cic_iot_diad_task45_c3_multiseed_v416\B_hash_ranked\size_10\seed_2026\plain_attack\attack_manifest\poisoned_indices.npz
B_hash_ranked_10_seed2026_defense_npz_exists,True,C:\Users\Amm\LFighter-research\results\cic_iot_diad_task45_c3_multiseed_v416\B_hash_ranked\size_10\seed_2026\trusted_reconstruction\attack_manifest\poisoned_indices.npz
B_hash_ranked_10_seed2026_plain_table_exists,True,C:\Users\Amm\LFighter-research\results\cic_iot_diad_task45_c3_multiseed_v416\B_hash_ranked\size_10\seed_2026\plain_attack\tables\continuation_round_metrics.csv
B_hash_ranked_10_seed2026_defense_table_exists,True,C:\Users\Amm\LFighter-research\results\cic_iot_diad_task45_c3_multiseed_v416\B_hash_ranked\size_10\seed_2026\trusted_reconstruction\tables\reconstruction_round_metrics.csv
B_hash_ranked_10_seed2026_marker_complete,True,True
B_hash_ranked_10_seed2026_marker_identity,True,"{'experiment_version': '4.16.C3', 'family_id': 'B_hash_ranked', 'coalition_size': 10, 'selected_clients': '5,7,8,10,13,14,15,16,18,19', 'coalition_hash_sha256': '3552fa14a4f9917ffe20a09bf2a61c11d0e089205ea0106be665c3865cadc179', 'seed': 2026, 'plain_poison_semantic_sha256': '5fcde7d75a5d74e59364dd311a3fae88299fa49ea0b734c27aabca588e43f27b', 'defense_poison_semantic_sha256': '5fcde7d75a5d74e59364dd311a3fae88299fa49ea0b734c27aabca588e43f27b', 'exact_poison_pair': True, 'reserved_test_arrays_materialized': False, 'complete': True}"
B_hash_ranked_10_seed2026_marker_hash,True,3552fa14a4f9917ffe20a09bf2a61c11d0e089205ea0106be665c3865cadc179
B_hash_ranked_10_seed2026_marker_clients,True,"[5, 7, 8, 10, 13, 14, 15, 16, 18, 19]"
B_hash_ranked_10_seed2026_marker_no_reserved,True,False
B_hash_ranked_10_seed2026_poison_pair,True,5fcde7d75a5d74e59364dd311a3fae88299fa49ea0b734c27aabca588e43f27b
B_hash_ranked_10_seed2026_marker_poison_hashes,True,5fcde7d75a5d74e59364dd311a3fae88299fa49ea0b734c27aabca588e43f27b
B_hash_ranked_10_seed2026_pair_unique,True,"('B_hash_ranked', 10, 2026, '5fcde7d75a5d74e59364dd311a3fae88299fa49ea0b734c27aabca588e43f27b')"
B_hash_ranked_10_seed2026_plain_seed,True,2026
B_hash_ranked_10_seed2026_plain_mode,True,strong_attack
B_hash_ranked_10_seed2026_plain_test_false,True,False
B_hash_ranked_10_seed2026_plain_adapter_return,True,0
B_hash_ranked_10_seed2026_plain_adapter_arrays,True,"['X_train', 'X_val', 'y_train', 'y_val']"
B_hash_ranked_10_seed2026_plain_adapter_no_reserved,True,False
B_hash_ranked_10_seed2026_defense_seed,True,2026
B_hash_ranked_10_seed2026_defense_mode,True,strong_attack
B_hash_ranked_10_seed2026_defense_test_false,True,False
B_hash_ranked_10_seed2026_defense_adapter_return,True,0
B_hash_ranked_10_seed2026_defense_adapter_arrays,True,"['X_train', 'X_val', 'y_train', 'y_val']"
B_hash_ranked_10_seed2026_defense_adapter_no_reserved,True,False
B_hash_ranked_10_seed2026_plain_clients,True,"[5, 7, 8, 10, 13, 14, 15, 16, 18, 19]"
B_hash_ranked_10_seed2026_defense_policy,True,trusted_reconstruction
B_hash_ranked_10_seed2026_recall_column,True,"['monitoring_round', 'global_round', 'mode', 'replacement_policy', 'participating_samples', 'flagged_clients', 'replaced_clients', 'malicious_recall', 'benign_false_positive_rate', 'detection_precision', 'malicious_replacement_recall', 'benign_replacement_rate', 'mean_reconstruction_relative_l2_to_clean_substitute', 'mean_reconstruction_cosine_to_clean_substitute', 'round_seconds', 'val_accuracy', 'val_balanced_accuracy', 'val_macro_f1', 'val_weighted_f1', 'val_mcc', 'val_log_loss', 'val_ece_15bin', 'val_source_support', 'val_target_support', 'val_source_recall', 'val_target_recall', 'val_source_to_target_count', 'val_source_to_target_rate', 'val_target_to_source_count', 'val_target_to_source_rate']"
C_hash_ranked_01_seed2026_marker_exists,True,C:\Users\Amm\LFighter-research\results\cic_iot_diad_task45_c3_multiseed_v416\C_hash_ranked\size_01\seed_2026\_task45_condition_complete.json
C_hash_ranked_01_seed2026_plain_meta_exists,True,C:\Users\Amm\LFighter-research\results\cic_iot_diad_task45_c3_multiseed_v416\C_hash_ranked\size_01\seed_2026\plain_attack\post_warmup_capture_v310_metadata.json
C_hash_ranked_01_seed2026_defense_meta_exists,True,C:\Users\Amm\LFighter-research\results\cic_iot_diad_task45_c3_multiseed_v416\C_hash_ranked\size_01\seed_2026\trusted_reconstruction\trusted_update_reconstruction_v312_metadata.json
C_hash_ranked_01_seed2026_plain_adapter_exists,True,C:\Users\Amm\LFighter-research\results\cic_iot_diad_task45_c3_multiseed_v416\C_hash_ranked\size_01\seed_2026\plain_attack\task45_dev_only_adapter_manifest.json
C_hash_ranked_01_seed2026_defense_adapter_exists,True,C:\Users\Amm\LFighter-research\results\cic_iot_diad_task45_c3_multiseed_v416\C_hash_ranked\size_01\seed_2026\trusted_reconstruction\task45_dev_only_adapter_manifest.json
C_hash_ranked_01_seed2026_plain_npz_exists,True,C:\Users\Amm\LFighter-research\results\cic_iot_diad_task45_c3_multiseed_v416\C_hash_ranked\size_01\seed_2026\plain_attack\attack_manifest\poisoned_indices.npz
C_hash_ranked_01_seed2026_defense_npz_exists,True,C:\Users\Amm\LFighter-research\results\cic_iot_diad_task45_c3_multiseed_v416\C_hash_ranked\size_01\seed_2026\trusted_reconstruction\attack_manifest\poisoned_indices.npz
C_hash_ranked_01_seed2026_plain_table_exists,True,C:\Users\Amm\LFighter-research\results\cic_iot_diad_task45_c3_multiseed_v416\C_hash_ranked\size_01\seed_2026\plain_attack\tables\continuation_round_metrics.csv
C_hash_ranked_01_seed2026_defense_table_exists,True,C:\Users\Amm\LFighter-research\results\cic_iot_diad_task45_c3_multiseed_v416\C_hash_ranked\size_01\seed_2026\trusted_reconstruction\tables\reconstruction_round_metrics.csv
C_hash_ranked_01_seed2026_marker_complete,True,True
C_hash_ranked_01_seed2026_marker_identity,True,"{'experiment_version': '4.16.C3', 'family_id': 'C_hash_ranked', 'coalition_size': 1, 'selected_clients': '8', 'coalition_hash_sha256': '1adf49df5786391b4820bf1bde0607aac27fde34632bbf01fd2f6918ee3e1c88', 'seed': 2026, 'plain_poison_semantic_sha256': '4fea8f6e41b7bef5f7fa3aec4ef395a90a6affef736262295a58b01401a83467', 'defense_poison_semantic_sha256': '4fea8f6e41b7bef5f7fa3aec4ef395a90a6affef736262295a58b01401a83467', 'exact_poison_pair': True, 'reserved_test_arrays_materialized': False, 'complete': True}"
C_hash_ranked_01_seed2026_marker_hash,True,1adf49df5786391b4820bf1bde0607aac27fde34632bbf01fd2f6918ee3e1c88
C_hash_ranked_01_seed2026_marker_clients,True,[8]
C_hash_ranked_01_seed2026_marker_no_reserved,True,False
C_hash_ranked_01_seed2026_poison_pair,True,4fea8f6e41b7bef5f7fa3aec4ef395a90a6affef736262295a58b01401a83467
C_hash_ranked_01_seed2026_marker_poison_hashes,True,4fea8f6e41b7bef5f7fa3aec4ef395a90a6affef736262295a58b01401a83467
C_hash_ranked_01_seed2026_pair_unique,True,"('C_hash_ranked', 1, 2026, '4fea8f6e41b7bef5f7fa3aec4ef395a90a6affef736262295a58b01401a83467')"
C_hash_ranked_01_seed2026_plain_seed,True,2026
C_hash_ranked_01_seed2026_plain_mode,True,strong_attack
C_hash_ranked_01_seed2026_plain_test_false,True,False
C_hash_ranked_01_seed2026_plain_adapter_return,True,0
C_hash_ranked_01_seed2026_plain_adapter_arrays,True,"['X_train', 'X_val', 'y_train', 'y_val']"
C_hash_ranked_01_seed2026_plain_adapter_no_reserved,True,False
C_hash_ranked_01_seed2026_defense_seed,True,2026
C_hash_ranked_01_seed2026_defense_mode,True,strong_attack
C_hash_ranked_01_seed2026_defense_test_false,True,False
C_hash_ranked_01_seed2026_defense_adapter_return,True,0
C_hash_ranked_01_seed2026_defense_adapter_arrays,True,"['X_train', 'X_val', 'y_train', 'y_val']"
C_hash_ranked_01_seed2026_defense_adapter_no_reserved,True,False
C_hash_ranked_01_seed2026_plain_clients,True,[8]
C_hash_ranked_01_seed2026_defense_policy,True,trusted_reconstruction
C_hash_ranked_01_seed2026_recall_column,True,"['monitoring_round', 'global_round', 'mode', 'replacement_policy', 'participating_samples', 'flagged_clients', 'replaced_clients', 'malicious_recall', 'benign_false_positive_rate', 'detection_precision', 'malicious_replacement_recall', 'benign_replacement_rate', 'mean_reconstruction_relative_l2_to_clean_substitute', 'mean_reconstruction_cosine_to_clean_substitute', 'round_seconds', 'val_accuracy', 'val_balanced_accuracy', 'val_macro_f1', 'val_weighted_f1', 'val_mcc', 'val_log_loss', 'val_ece_15bin', 'val_source_support', 'val_target_support', 'val_source_recall', 'val_target_recall', 'val_source_to_target_count', 'val_source_to_target_rate', 'val_target_to_source_count', 'val_target_to_source_rate']"
C_hash_ranked_02_seed2026_marker_exists,True,C:\Users\Amm\LFighter-research\results\cic_iot_diad_task45_c3_multiseed_v416\C_hash_ranked\size_02\seed_2026\_task45_condition_complete.json
C_hash_ranked_02_seed2026_plain_meta_exists,True,C:\Users\Amm\LFighter-research\results\cic_iot_diad_task45_c3_multiseed_v416\C_hash_ranked\size_02\seed_2026\plain_attack\post_warmup_capture_v310_metadata.json
C_hash_ranked_02_seed2026_defense_meta_exists,True,C:\Users\Amm\LFighter-research\results\cic_iot_diad_task45_c3_multiseed_v416\C_hash_ranked\size_02\seed_2026\trusted_reconstruction\trusted_update_reconstruction_v312_metadata.json
C_hash_ranked_02_seed2026_plain_adapter_exists,True,C:\Users\Amm\LFighter-research\results\cic_iot_diad_task45_c3_multiseed_v416\C_hash_ranked\size_02\seed_2026\plain_attack\task45_dev_only_adapter_manifest.json
C_hash_ranked_02_seed2026_defense_adapter_exists,True,C:\Users\Amm\LFighter-research\results\cic_iot_diad_task45_c3_multiseed_v416\C_hash_ranked\size_02\seed_2026\trusted_reconstruction\task45_dev_only_adapter_manifest.json
C_hash_ranked_02_seed2026_plain_npz_exists,True,C:\Users\Amm\LFighter-research\results\cic_iot_diad_task45_c3_multiseed_v416\C_hash_ranked\size_02\seed_2026\plain_attack\attack_manifest\poisoned_indices.npz
C_hash_ranked_02_seed2026_defense_npz_exists,True,C:\Users\Amm\LFighter-research\results\cic_iot_diad_task45_c3_multiseed_v416\C_hash_ranked\size_02\seed_2026\trusted_reconstruction\attack_manifest\poisoned_indices.npz
C_hash_ranked_02_seed2026_plain_table_exists,True,C:\Users\Amm\LFighter-research\results\cic_iot_diad_task45_c3_multiseed_v416\C_hash_ranked\size_02\seed_2026\plain_attack\tables\continuation_round_metrics.csv
C_hash_ranked_02_seed2026_defense_table_exists,True,C:\Users\Amm\LFighter-research\results\cic_iot_diad_task45_c3_multiseed_v416\C_hash_ranked\size_02\seed_2026\trusted_reconstruction\tables\reconstruction_round_metrics.csv
C_hash_ranked_02_seed2026_marker_complete,True,True
C_hash_ranked_02_seed2026_marker_identity,True,"{'experiment_version': '4.16.C3', 'family_id': 'C_hash_ranked', 'coalition_size': 2, 'selected_clients': '8,16', 'coalition_hash_sha256': '9347f66a68b372225528417ebdc9a16d4b34667ef23220877b67ad56dfc4e452', 'seed': 2026, 'plain_poison_semantic_sha256': 'd8f6afb60f340ab8fec67bf1726b2d215e93f21c63b8fed6ba7ec329c78b5d3c', 'defense_poison_semantic_sha256': 'd8f6afb60f340ab8fec67bf1726b2d215e93f21c63b8fed6ba7ec329c78b5d3c', 'exact_poison_pair': True, 'reserved_test_arrays_materialized': False, 'complete': True}"
C_hash_ranked_02_seed2026_marker_hash,True,9347f66a68b372225528417ebdc9a16d4b34667ef23220877b67ad56dfc4e452
C_hash_ranked_02_seed2026_marker_clients,True,"[8, 16]"
C_hash_ranked_02_seed2026_marker_no_reserved,True,False
C_hash_ranked_02_seed2026_poison_pair,True,d8f6afb60f340ab8fec67bf1726b2d215e93f21c63b8fed6ba7ec329c78b5d3c
C_hash_ranked_02_seed2026_marker_poison_hashes,True,d8f6afb60f340ab8fec67bf1726b2d215e93f21c63b8fed6ba7ec329c78b5d3c
C_hash_ranked_02_seed2026_pair_unique,True,"('C_hash_ranked', 2, 2026, 'd8f6afb60f340ab8fec67bf1726b2d215e93f21c63b8fed6ba7ec329c78b5d3c')"
C_hash_ranked_02_seed2026_plain_seed,True,2026
C_hash_ranked_02_seed2026_plain_mode,True,strong_attack
C_hash_ranked_02_seed2026_plain_test_false,True,False
C_hash_ranked_02_seed2026_plain_adapter_return,True,0
C_hash_ranked_02_seed2026_plain_adapter_arrays,True,"['X_train', 'X_val', 'y_train', 'y_val']"
C_hash_ranked_02_seed2026_plain_adapter_no_reserved,True,False
C_hash_ranked_02_seed2026_defense_seed,True,2026
C_hash_ranked_02_seed2026_defense_mode,True,strong_attack
C_hash_ranked_02_seed2026_defense_test_false,True,False
C_hash_ranked_02_seed2026_defense_adapter_return,True,0
C_hash_ranked_02_seed2026_defense_adapter_arrays,True,"['X_train', 'X_val', 'y_train', 'y_val']"
C_hash_ranked_02_seed2026_defense_adapter_no_reserved,True,False
C_hash_ranked_02_seed2026_plain_clients,True,"[8, 16]"
C_hash_ranked_02_seed2026_defense_policy,True,trusted_reconstruction
C_hash_ranked_02_seed2026_recall_column,True,"['monitoring_round', 'global_round', 'mode', 'replacement_policy', 'participating_samples', 'flagged_clients', 'replaced_clients', 'malicious_recall', 'benign_false_positive_rate', 'detection_precision', 'malicious_replacement_recall', 'benign_replacement_rate', 'mean_reconstruction_relative_l2_to_clean_substitute', 'mean_reconstruction_cosine_to_clean_substitute', 'round_seconds', 'val_accuracy', 'val_balanced_accuracy', 'val_macro_f1', 'val_weighted_f1', 'val_mcc', 'val_log_loss', 'val_ece_15bin', 'val_source_support', 'val_target_support', 'val_source_recall', 'val_target_recall', 'val_source_to_target_count', 'val_source_to_target_rate', 'val_target_to_source_count', 'val_target_to_source_rate']"
C_hash_ranked_04_seed2026_marker_exists,True,C:\Users\Amm\LFighter-research\results\cic_iot_diad_task45_c3_multiseed_v416\C_hash_ranked\size_04\seed_2026\_task45_condition_complete.json
C_hash_ranked_04_seed2026_plain_meta_exists,True,C:\Users\Amm\LFighter-research\results\cic_iot_diad_task45_c3_multiseed_v416\C_hash_ranked\size_04\seed_2026\plain_attack\post_warmup_capture_v310_metadata.json
C_hash_ranked_04_seed2026_defense_meta_exists,True,C:\Users\Amm\LFighter-research\results\cic_iot_diad_task45_c3_multiseed_v416\C_hash_ranked\size_04\seed_2026\trusted_reconstruction\trusted_update_reconstruction_v312_metadata.json
C_hash_ranked_04_seed2026_plain_adapter_exists,True,C:\Users\Amm\LFighter-research\results\cic_iot_diad_task45_c3_multiseed_v416\C_hash_ranked\size_04\seed_2026\plain_attack\task45_dev_only_adapter_manifest.json
C_hash_ranked_04_seed2026_defense_adapter_exists,True,C:\Users\Amm\LFighter-research\results\cic_iot_diad_task45_c3_multiseed_v416\C_hash_ranked\size_04\seed_2026\trusted_reconstruction\task45_dev_only_adapter_manifest.json
C_hash_ranked_04_seed2026_plain_npz_exists,True,C:\Users\Amm\LFighter-research\results\cic_iot_diad_task45_c3_multiseed_v416\C_hash_ranked\size_04\seed_2026\plain_attack\attack_manifest\poisoned_indices.npz
C_hash_ranked_04_seed2026_defense_npz_exists,True,C:\Users\Amm\LFighter-research\results\cic_iot_diad_task45_c3_multiseed_v416\C_hash_ranked\size_04\seed_2026\trusted_reconstruction\attack_manifest\poisoned_indices.npz
C_hash_ranked_04_seed2026_plain_table_exists,True,C:\Users\Amm\LFighter-research\results\cic_iot_diad_task45_c3_multiseed_v416\C_hash_ranked\size_04\seed_2026\plain_attack\tables\continuation_round_metrics.csv
C_hash_ranked_04_seed2026_defense_table_exists,True,C:\Users\Amm\LFighter-research\results\cic_iot_diad_task45_c3_multiseed_v416\C_hash_ranked\size_04\seed_2026\trusted_reconstruction\tables\reconstruction_round_metrics.csv
C_hash_ranked_04_seed2026_marker_complete,True,True
C_hash_ranked_04_seed2026_marker_identity,True,"{'experiment_version': '4.16.C3', 'family_id': 'C_hash_ranked', 'coalition_size': 4, 'selected_clients': '3,5,8,16', 'coalition_hash_sha256': '941febe4fcc2eb538be9e595aa1706b452b5e76b809864f1607c49b1070d9e89', 'seed': 2026, 'plain_poison_semantic_sha256': '297a3ed256329cae36358ee2aaf2436d5eded2866582a36d7fd73f6c84391e83', 'defense_poison_semantic_sha256': '297a3ed256329cae36358ee2aaf2436d5eded2866582a36d7fd73f6c84391e83', 'exact_poison_pair': True, 'reserved_test_arrays_materialized': False, 'complete': True}"
C_hash_ranked_04_seed2026_marker_hash,True,941febe4fcc2eb538be9e595aa1706b452b5e76b809864f1607c49b1070d9e89
C_hash_ranked_04_seed2026_marker_clients,True,"[3, 5, 8, 16]"
C_hash_ranked_04_seed2026_marker_no_reserved,True,False
C_hash_ranked_04_seed2026_poison_pair,True,297a3ed256329cae36358ee2aaf2436d5eded2866582a36d7fd73f6c84391e83
C_hash_ranked_04_seed2026_marker_poison_hashes,True,297a3ed256329cae36358ee2aaf2436d5eded2866582a36d7fd73f6c84391e83
C_hash_ranked_04_seed2026_pair_unique,True,"('C_hash_ranked', 4, 2026, '297a3ed256329cae36358ee2aaf2436d5eded2866582a36d7fd73f6c84391e83')"
C_hash_ranked_04_seed2026_plain_seed,True,2026
C_hash_ranked_04_seed2026_plain_mode,True,strong_attack
C_hash_ranked_04_seed2026_plain_test_false,True,False
C_hash_ranked_04_seed2026_plain_adapter_return,True,0
C_hash_ranked_04_seed2026_plain_adapter_arrays,True,"['X_train', 'X_val', 'y_train', 'y_val']"
C_hash_ranked_04_seed2026_plain_adapter_no_reserved,True,False
C_hash_ranked_04_seed2026_defense_seed,True,2026
C_hash_ranked_04_seed2026_defense_mode,True,strong_attack
C_hash_ranked_04_seed2026_defense_test_false,True,False
C_hash_ranked_04_seed2026_defense_adapter_return,True,0
C_hash_ranked_04_seed2026_defense_adapter_arrays,True,"['X_train', 'X_val', 'y_train', 'y_val']"
C_hash_ranked_04_seed2026_defense_adapter_no_reserved,True,False
C_hash_ranked_04_seed2026_plain_clients,True,"[3, 5, 8, 16]"
C_hash_ranked_04_seed2026_defense_policy,True,trusted_reconstruction
C_hash_ranked_04_seed2026_recall_column,True,"['monitoring_round', 'global_round', 'mode', 'replacement_policy', 'participating_samples', 'flagged_clients', 'replaced_clients', 'malicious_recall', 'benign_false_positive_rate', 'detection_precision', 'malicious_replacement_recall', 'benign_replacement_rate', 'mean_reconstruction_relative_l2_to_clean_substitute', 'mean_reconstruction_cosine_to_clean_substitute', 'round_seconds', 'val_accuracy', 'val_balanced_accuracy', 'val_macro_f1', 'val_weighted_f1', 'val_mcc', 'val_log_loss', 'val_ece_15bin', 'val_source_support', 'val_target_support', 'val_source_recall', 'val_target_recall', 'val_source_to_target_count', 'val_source_to_target_rate', 'val_target_to_source_count', 'val_target_to_source_rate']"
C_hash_ranked_06_seed2026_marker_exists,True,C:\Users\Amm\LFighter-research\results\cic_iot_diad_task45_c3_multiseed_v416\C_hash_ranked\size_06\seed_2026\_task45_condition_complete.json
C_hash_ranked_06_seed2026_plain_meta_exists,True,C:\Users\Amm\LFighter-research\results\cic_iot_diad_task45_c3_multiseed_v416\C_hash_ranked\size_06\seed_2026\plain_attack\post_warmup_capture_v310_metadata.json
C_hash_ranked_06_seed2026_defense_meta_exists,True,C:\Users\Amm\LFighter-research\results\cic_iot_diad_task45_c3_multiseed_v416\C_hash_ranked\size_06\seed_2026\trusted_reconstruction\trusted_update_reconstruction_v312_metadata.json
C_hash_ranked_06_seed2026_plain_adapter_exists,True,C:\Users\Amm\LFighter-research\results\cic_iot_diad_task45_c3_multiseed_v416\C_hash_ranked\size_06\seed_2026\plain_attack\task45_dev_only_adapter_manifest.json
C_hash_ranked_06_seed2026_defense_adapter_exists,True,C:\Users\Amm\LFighter-research\results\cic_iot_diad_task45_c3_multiseed_v416\C_hash_ranked\size_06\seed_2026\trusted_reconstruction\task45_dev_only_adapter_manifest.json
C_hash_ranked_06_seed2026_plain_npz_exists,True,C:\Users\Amm\LFighter-research\results\cic_iot_diad_task45_c3_multiseed_v416\C_hash_ranked\size_06\seed_2026\plain_attack\attack_manifest\poisoned_indices.npz
C_hash_ranked_06_seed2026_defense_npz_exists,True,C:\Users\Amm\LFighter-research\results\cic_iot_diad_task45_c3_multiseed_v416\C_hash_ranked\size_06\seed_2026\trusted_reconstruction\attack_manifest\poisoned_indices.npz
C_hash_ranked_06_seed2026_plain_table_exists,True,C:\Users\Amm\LFighter-research\results\cic_iot_diad_task45_c3_multiseed_v416\C_hash_ranked\size_06\seed_2026\plain_attack\tables\continuation_round_metrics.csv
C_hash_ranked_06_seed2026_defense_table_exists,True,C:\Users\Amm\LFighter-research\results\cic_iot_diad_task45_c3_multiseed_v416\C_hash_ranked\size_06\seed_2026\trusted_reconstruction\tables\reconstruction_round_metrics.csv
C_hash_ranked_06_seed2026_marker_complete,True,True
C_hash_ranked_06_seed2026_marker_identity,True,"{'experiment_version': '4.16.C3', 'family_id': 'C_hash_ranked', 'coalition_size': 6, 'selected_clients': '1,3,5,8,16,18', 'coalition_hash_sha256': 'e536b58a40b26950543ab4eda1f8d5651c35d33dea739db0d27e9879e9400a4e', 'seed': 2026, 'plain_poison_semantic_sha256': '5015e9179ae48f6a55d20c5b92bcc212d246f4ea005dd67f8f50db51ef354fd6', 'defense_poison_semantic_sha256': '5015e9179ae48f6a55d20c5b92bcc212d246f4ea005dd67f8f50db51ef354fd6', 'exact_poison_pair': True, 'reserved_test_arrays_materialized': False, 'complete': True}"
C_hash_ranked_06_seed2026_marker_hash,True,e536b58a40b26950543ab4eda1f8d5651c35d33dea739db0d27e9879e9400a4e
C_hash_ranked_06_seed2026_marker_clients,True,"[1, 3, 5, 8, 16, 18]"
C_hash_ranked_06_seed2026_marker_no_reserved,True,False
C_hash_ranked_06_seed2026_poison_pair,True,5015e9179ae48f6a55d20c5b92bcc212d246f4ea005dd67f8f50db51ef354fd6
C_hash_ranked_06_seed2026_marker_poison_hashes,True,5015e9179ae48f6a55d20c5b92bcc212d246f4ea005dd67f8f50db51ef354fd6
C_hash_ranked_06_seed2026_pair_unique,True,"('C_hash_ranked', 6, 2026, '5015e9179ae48f6a55d20c5b92bcc212d246f4ea005dd67f8f50db51ef354fd6')"
C_hash_ranked_06_seed2026_plain_seed,True,2026
C_hash_ranked_06_seed2026_plain_mode,True,strong_attack
C_hash_ranked_06_seed2026_plain_test_false,True,False
C_hash_ranked_06_seed2026_plain_adapter_return,True,0
C_hash_ranked_06_seed2026_plain_adapter_arrays,True,"['X_train', 'X_val', 'y_train', 'y_val']"
C_hash_ranked_06_seed2026_plain_adapter_no_reserved,True,False
C_hash_ranked_06_seed2026_defense_seed,True,2026
C_hash_ranked_06_seed2026_defense_mode,True,strong_attack
C_hash_ranked_06_seed2026_defense_test_false,True,False
C_hash_ranked_06_seed2026_defense_adapter_return,True,0
C_hash_ranked_06_seed2026_defense_adapter_arrays,True,"['X_train', 'X_val', 'y_train', 'y_val']"
C_hash_ranked_06_seed2026_defense_adapter_no_reserved,True,False
C_hash_ranked_06_seed2026_plain_clients,True,"[1, 3, 5, 8, 16, 18]"
C_hash_ranked_06_seed2026_defense_policy,True,trusted_reconstruction
C_hash_ranked_06_seed2026_recall_column,True,"['monitoring_round', 'global_round', 'mode', 'replacement_policy', 'participating_samples', 'flagged_clients', 'replaced_clients', 'malicious_recall', 'benign_false_positive_rate', 'detection_precision', 'malicious_replacement_recall', 'benign_replacement_rate', 'mean_reconstruction_relative_l2_to_clean_substitute', 'mean_reconstruction_cosine_to_clean_substitute', 'round_seconds', 'val_accuracy', 'val_balanced_accuracy', 'val_macro_f1', 'val_weighted_f1', 'val_mcc', 'val_log_loss', 'val_ece_15bin', 'val_source_support', 'val_target_support', 'val_source_recall', 'val_target_recall', 'val_source_to_target_count', 'val_source_to_target_rate', 'val_target_to_source_count', 'val_target_to_source_rate']"
C_hash_ranked_08_seed2026_marker_exists,True,C:\Users\Amm\LFighter-research\results\cic_iot_diad_task45_c3_multiseed_v416\C_hash_ranked\size_08\seed_2026\_task45_condition_complete.json
C_hash_ranked_08_seed2026_plain_meta_exists,True,C:\Users\Amm\LFighter-research\results\cic_iot_diad_task45_c3_multiseed_v416\C_hash_ranked\size_08\seed_2026\plain_attack\post_warmup_capture_v310_metadata.json
C_hash_ranked_08_seed2026_defense_meta_exists,True,C:\Users\Amm\LFighter-research\results\cic_iot_diad_task45_c3_multiseed_v416\C_hash_ranked\size_08\seed_2026\trusted_reconstruction\trusted_update_reconstruction_v312_metadata.json
C_hash_ranked_08_seed2026_plain_adapter_exists,True,C:\Users\Amm\LFighter-research\results\cic_iot_diad_task45_c3_multiseed_v416\C_hash_ranked\size_08\seed_2026\plain_attack\task45_dev_only_adapter_manifest.json
C_hash_ranked_08_seed2026_defense_adapter_exists,True,C:\Users\Amm\LFighter-research\results\cic_iot_diad_task45_c3_multiseed_v416\C_hash_ranked\size_08\seed_2026\trusted_reconstruction\task45_dev_only_adapter_manifest.json
C_hash_ranked_08_seed2026_plain_npz_exists,True,C:\Users\Amm\LFighter-research\results\cic_iot_diad_task45_c3_multiseed_v416\C_hash_ranked\size_08\seed_2026\plain_attack\attack_manifest\poisoned_indices.npz
C_hash_ranked_08_seed2026_defense_npz_exists,True,C:\Users\Amm\LFighter-research\results\cic_iot_diad_task45_c3_multiseed_v416\C_hash_ranked\size_08\seed_2026\trusted_reconstruction\attack_manifest\poisoned_indices.npz
C_hash_ranked_08_seed2026_plain_table_exists,True,C:\Users\Amm\LFighter-research\results\cic_iot_diad_task45_c3_multiseed_v416\C_hash_ranked\size_08\seed_2026\plain_attack\tables\continuation_round_metrics.csv
C_hash_ranked_08_seed2026_defense_table_exists,True,C:\Users\Amm\LFighter-research\results\cic_iot_diad_task45_c3_multiseed_v416\C_hash_ranked\size_08\seed_2026\trusted_reconstruction\tables\reconstruction_round_metrics.csv
C_hash_ranked_08_seed2026_marker_complete,True,True
C_hash_ranked_08_seed2026_marker_identity,True,"{'experiment_version': '4.16.C3', 'family_id': 'C_hash_ranked', 'coalition_size': 8, 'selected_clients': '1,3,5,7,8,15,16,18', 'coalition_hash_sha256': '676ea42612b0f31419bb5e78b2110cf9ec45a1a348b774d2f55c94fdc6d98d2e', 'seed': 2026, 'plain_poison_semantic_sha256': 'b80d560b24d5548cb6dc6db15c9a824fa35565dbcb7dc2ffc5692f86d313e486', 'defense_poison_semantic_sha256': 'b80d560b24d5548cb6dc6db15c9a824fa35565dbcb7dc2ffc5692f86d313e486', 'exact_poison_pair': True, 'reserved_test_arrays_materialized': False, 'complete': True}"
C_hash_ranked_08_seed2026_marker_hash,True,676ea42612b0f31419bb5e78b2110cf9ec45a1a348b774d2f55c94fdc6d98d2e
C_hash_ranked_08_seed2026_marker_clients,True,"[1, 3, 5, 7, 8, 15, 16, 18]"
C_hash_ranked_08_seed2026_marker_no_reserved,True,False
C_hash_ranked_08_seed2026_poison_pair,True,b80d560b24d5548cb6dc6db15c9a824fa35565dbcb7dc2ffc5692f86d313e486
C_hash_ranked_08_seed2026_marker_poison_hashes,True,b80d560b24d5548cb6dc6db15c9a824fa35565dbcb7dc2ffc5692f86d313e486
C_hash_ranked_08_seed2026_pair_unique,True,"('C_hash_ranked', 8, 2026, 'b80d560b24d5548cb6dc6db15c9a824fa35565dbcb7dc2ffc5692f86d313e486')"
C_hash_ranked_08_seed2026_plain_seed,True,2026
C_hash_ranked_08_seed2026_plain_mode,True,strong_attack
C_hash_ranked_08_seed2026_plain_test_false,True,False
C_hash_ranked_08_seed2026_plain_adapter_return,True,0
C_hash_ranked_08_seed2026_plain_adapter_arrays,True,"['X_train', 'X_val', 'y_train', 'y_val']"
C_hash_ranked_08_seed2026_plain_adapter_no_reserved,True,False
C_hash_ranked_08_seed2026_defense_seed,True,2026
C_hash_ranked_08_seed2026_defense_mode,True,strong_attack
C_hash_ranked_08_seed2026_defense_test_false,True,False
C_hash_ranked_08_seed2026_defense_adapter_return,True,0
C_hash_ranked_08_seed2026_defense_adapter_arrays,True,"['X_train', 'X_val', 'y_train', 'y_val']"
C_hash_ranked_08_seed2026_defense_adapter_no_reserved,True,False
C_hash_ranked_08_seed2026_plain_clients,True,"[1, 3, 5, 7, 8, 15, 16, 18]"
C_hash_ranked_08_seed2026_defense_policy,True,trusted_reconstruction
C_hash_ranked_08_seed2026_recall_column,True,"['monitoring_round', 'global_round', 'mode', 'replacement_policy', 'participating_samples', 'flagged_clients', 'replaced_clients', 'malicious_recall', 'benign_false_positive_rate', 'detection_precision', 'malicious_replacement_recall', 'benign_replacement_rate', 'mean_reconstruction_relative_l2_to_clean_substitute', 'mean_reconstruction_cosine_to_clean_substitute', 'round_seconds', 'val_accuracy', 'val_balanced_accuracy', 'val_macro_f1', 'val_weighted_f1', 'val_mcc', 'val_log_loss', 'val_ece_15bin', 'val_source_support', 'val_target_support', 'val_source_recall', 'val_target_recall', 'val_source_to_target_count', 'val_source_to_target_rate', 'val_target_to_source_count', 'val_target_to_source_rate']"
C_hash_ranked_10_seed2026_marker_exists,True,C:\Users\Amm\LFighter-research\results\cic_iot_diad_task45_c3_multiseed_v416\C_hash_ranked\size_10\seed_2026\_task45_condition_complete.json
C_hash_ranked_10_seed2026_plain_meta_exists,True,C:\Users\Amm\LFighter-research\results\cic_iot_diad_task45_c3_multiseed_v416\C_hash_ranked\size_10\seed_2026\plain_attack\post_warmup_capture_v310_metadata.json
C_hash_ranked_10_seed2026_defense_meta_exists,True,C:\Users\Amm\LFighter-research\results\cic_iot_diad_task45_c3_multiseed_v416\C_hash_ranked\size_10\seed_2026\trusted_reconstruction\trusted_update_reconstruction_v312_metadata.json
C_hash_ranked_10_seed2026_plain_adapter_exists,True,C:\Users\Amm\LFighter-research\results\cic_iot_diad_task45_c3_multiseed_v416\C_hash_ranked\size_10\seed_2026\plain_attack\task45_dev_only_adapter_manifest.json
C_hash_ranked_10_seed2026_defense_adapter_exists,True,C:\Users\Amm\LFighter-research\results\cic_iot_diad_task45_c3_multiseed_v416\C_hash_ranked\size_10\seed_2026\trusted_reconstruction\task45_dev_only_adapter_manifest.json
C_hash_ranked_10_seed2026_plain_npz_exists,True,C:\Users\Amm\LFighter-research\results\cic_iot_diad_task45_c3_multiseed_v416\C_hash_ranked\size_10\seed_2026\plain_attack\attack_manifest\poisoned_indices.npz
C_hash_ranked_10_seed2026_defense_npz_exists,True,C:\Users\Amm\LFighter-research\results\cic_iot_diad_task45_c3_multiseed_v416\C_hash_ranked\size_10\seed_2026\trusted_reconstruction\attack_manifest\poisoned_indices.npz
C_hash_ranked_10_seed2026_plain_table_exists,True,C:\Users\Amm\LFighter-research\results\cic_iot_diad_task45_c3_multiseed_v416\C_hash_ranked\size_10\seed_2026\plain_attack\tables\continuation_round_metrics.csv
C_hash_ranked_10_seed2026_defense_table_exists,True,C:\Users\Amm\LFighter-research\results\cic_iot_diad_task45_c3_multiseed_v416\C_hash_ranked\size_10\seed_2026\trusted_reconstruction\tables\reconstruction_round_metrics.csv
C_hash_ranked_10_seed2026_marker_complete,True,True
C_hash_ranked_10_seed2026_marker_identity,True,"{'experiment_version': '4.16.C3', 'family_id': 'C_hash_ranked', 'coalition_size': 10, 'selected_clients': '1,3,5,7,8,14,15,16,18,19', 'coalition_hash_sha256': '3f6725a44f14853874791b25c93070116028e290e056132697919c585856ced8', 'seed': 2026, 'plain_poison_semantic_sha256': '86041e9cbaeed6199999b1a2242a147d5e0835c355adef4770bae49472418bab', 'defense_poison_semantic_sha256': '86041e9cbaeed6199999b1a2242a147d5e0835c355adef4770bae49472418bab', 'exact_poison_pair': True, 'reserved_test_arrays_materialized': False, 'complete': True}"
C_hash_ranked_10_seed2026_marker_hash,True,3f6725a44f14853874791b25c93070116028e290e056132697919c585856ced8
C_hash_ranked_10_seed2026_marker_clients,True,"[1, 3, 5, 7, 8, 14, 15, 16, 18, 19]"
C_hash_ranked_10_seed2026_marker_no_reserved,True,False
C_hash_ranked_10_seed2026_poison_pair,True,86041e9cbaeed6199999b1a2242a147d5e0835c355adef4770bae49472418bab
C_hash_ranked_10_seed2026_marker_poison_hashes,True,86041e9cbaeed6199999b1a2242a147d5e0835c355adef4770bae49472418bab
C_hash_ranked_10_seed2026_pair_unique,True,"('C_hash_ranked', 10, 2026, '86041e9cbaeed6199999b1a2242a147d5e0835c355adef4770bae49472418bab')"
C_hash_ranked_10_seed2026_plain_seed,True,2026
C_hash_ranked_10_seed2026_plain_mode,True,strong_attack
C_hash_ranked_10_seed2026_plain_test_false,True,False
C_hash_ranked_10_seed2026_plain_adapter_return,True,0
C_hash_ranked_10_seed2026_plain_adapter_arrays,True,"['X_train', 'X_val', 'y_train', 'y_val']"
C_hash_ranked_10_seed2026_plain_adapter_no_reserved,True,False
C_hash_ranked_10_seed2026_defense_seed,True,2026
C_hash_ranked_10_seed2026_defense_mode,True,strong_attack
C_hash_ranked_10_seed2026_defense_test_false,True,False
C_hash_ranked_10_seed2026_defense_adapter_return,True,0
C_hash_ranked_10_seed2026_defense_adapter_arrays,True,"['X_train', 'X_val', 'y_train', 'y_val']"
C_hash_ranked_10_seed2026_defense_adapter_no_reserved,True,False
C_hash_ranked_10_seed2026_plain_clients,True,"[1, 3, 5, 7, 8, 14, 15, 16, 18, 19]"
C_hash_ranked_10_seed2026_defense_policy,True,trusted_reconstruction
C_hash_ranked_10_seed2026_recall_column,True,"['monitoring_round', 'global_round', 'mode', 'replacement_policy', 'participating_samples', 'flagged_clients', 'replaced_clients', 'malicious_recall', 'benign_false_positive_rate', 'detection_precision', 'malicious_replacement_recall', 'benign_replacement_rate', 'mean_reconstruction_relative_l2_to_clean_substitute', 'mean_reconstruction_cosine_to_clean_substitute', 'round_seconds', 'val_accuracy', 'val_balanced_accuracy', 'val_macro_f1', 'val_weighted_f1', 'val_mcc', 'val_log_loss', 'val_ece_15bin', 'val_source_support', 'val_target_support', 'val_source_recall', 'val_target_recall', 'val_source_to_target_count', 'val_source_to_target_rate', 'val_target_to_source_count', 'val_target_to_source_rate']"
full_conditions,True,72
full_paired_branches,True,144
all_family_size_seed_unique,True,72
